month,day,hour,y_true,y_pred,error
9,21,19,17978,16969.298542492437,1008.7014575075627
6,16,0,12151,14203.349147159006,2052.349147159006
10,27,8,14495,16216.003575615836,1721.0035756158359
12,20,11,18192,16883.863992531664,1308.1360074683362
8,9,14,18502,17616.865960594787,885.1340394052131
11,3,0,13397,14153.06341344211,756.0634134421107
7,6,17,23191,16442.78599997599,6748.214000024011
1,21,21,17149,16972.62235220291,176.3776477970896
1,8,13,17395,17786.329845109412,391.3298451094124
7,18,12,19180,16465.652700710092,2714.347299289908
1,17,11,18544,18107.69243753465,436.3075624653502
2,3,1,16703,16389.82331566667,313.17668433333165
2,19,3,14771,16109.824517073414,1338.8245170734135
12,6,17,17922,16818.63954856982,1103.3604514301805
6,23,13,18763,16744.430396218577,2018.5696037814232
7,21,0,14820,14781.101863604337,38.89813639566273
3,2,0,14586,15203.107840331257,617.1078403312567
12,3,8,17199,16748.65623988284,450.34376011716085
1,6,11,17923,17318.63303381587,604.3669661841304
3,22,5,15980,16526.16035257318,546.1603525731807
10,14,21,14960,16130.81957161213,1170.81957161213
9,25,17,14415,16305.614246797111,1890.6142467971113
3,17,12,14307,16527.95235572334,2220.9523557233406
6,22,18,15534,16332.956798826775,798.9567988267754
3,22,18,16409,16697.801655028565,288.8016550285647
8,12,9,14732,14140.622440501747,591.3775594982526
8,22,14,17529,16626.8015441199,902.1984558801014
10,16,15,15616,15667.211762534162,51.21176253416161
4,15,17,15093,16137.241442170929,1044.241442170929
12,4,0,15246,14717.630279434328,528.3697205656717
7,30,19,20681,17576.30124353872,3104.698756461279
4,13,0,13235,13683.839238006072,448.83923800607226
9,3,22,12998,15308.977639921048,2310.9776399210477
10,24,4,11487,14967.232943885389,3480.2329438853885
1,6,6,16591,16969.04744963224,378.04744963223857
11,6,9,14629,15341.679292775729,712.6792927757288
8,24,23,13265,15148.370578176755,1883.3705781767549
4,24,2,11737,15641.01005637773,3904.0100563777305
2,17,19,17684,16757.446379144687,926.553620855313
6,8,18,14982,15478.805244508447,496.8052445084468
6,27,16,19882,17531.75579127729,2350.24420872271
1,20,1,16159,16495.956127024096,336.9561270240956
11,19,20,17234,16935.629845198986,298.370154801014
12,2,6,15555,15551.897858424454,3.1021415755458293
12,13,21,19220,17527.828678266058,1692.171321733942
9,12,22,13631,15862.851540065058,2231.8515400650576
10,18,1,11848,14005.419596532247,2157.419596532247
7,31,21,14508,16091.87581040111,1583.8758104011104
2,25,5,14107,15951.25718040227,1844.25718040227
1,8,9,18192,16589.368838078874,1602.6311619211265
3,12,7,13478,15425.618129938135,1947.618129938135
4,20,1,11526,14114.904365781535,2588.9043657815346
6,19,20,16061,15866.065458386478,194.93454161352201
1,16,4,14045,15635.703533026277,1590.703533026277
5,17,18,16468,17470.478482465776,1002.4784824657763
7,17,11,15249,15788.228353632292,539.228353632292
2,12,20,18639,17202.364083008542,1436.6359169914576
5,12,17,16714,17025.66341513012,311.66341513011866
8,19,19,20117,16811.66237920858,3305.337620791419
3,19,17,16111,16535.06457498474,424.064574984739
4,21,9,13283,14810.582345021934,1527.582345021934
7,18,20,18389,17331.10293309127,1057.8970669087284
9,19,16,18986,17716.521146358864,1269.478853641136
8,3,13,16197,16765.322221332794,568.3222213327936
3,1,4,15410,16082.830418830828,672.8304188308284
4,18,21,16606,16910.28160556649,304.28160556649163
10,22,15,14961,14930.096413517074,30.903586482925675
9,3,5,10718,14012.771756412769,3294.771756412769
11,24,22,16406,16553.72626869524,147.72626869524174
9,3,5,12515,13621.90942466661,1106.90942466661
6,12,18,14570,15718.708156976438,1148.7081569764377
4,8,13,14356,16396.61274109573,2040.6127410957306
12,2,7,14923,14955.080194704342,32.08019470434192
11,27,15,17737,16501.784861023374,1235.215138976626
6,24,20,17900,17082.942627307624,817.0573726923758
7,8,7,14069,14415.230390181312,346.23039018131203
12,6,7,16317,15216.134652543922,1100.8653474560779
11,12,9,16413,15702.8441206731,710.1558793268996
4,7,23,14476,17189.133964117857,2713.1339641178565
11,18,9,15572,15436.920949440651,135.07905055934862
5,1,11,13865,15866.732624858338,2001.7326248583377
5,11,22,14295,16306.697374517515,2011.6973745175146
4,22,17,13030,16135.49745512449,3105.4974551244904
12,28,0,13930,14491.34863564495,561.3486356449503
1,4,13,16990,16628.514853787332,361.48514621266804
12,25,14,14946,16665.520950656548,1719.520950656548
5,30,14,17157,16607.650758497966,549.3492415020337
11,20,9,15830,16394.59669027671,564.5966902767104
5,31,2,11849,15417.263509724244,3568.2635097242437
2,19,23,17043,17667.097486876748,624.097486876748
5,6,9,14234,15153.525078343922,919.5250783439224
8,9,1,15375,14759.834682713074,615.1653172869264
4,22,5,12295,15858.54410999292,3563.5441099929194
2,10,0,14753,14504.031439944543,248.9685600554567
2,24,17,19738,16736.145142541052,3001.8548574589477
3,18,3,13554,15053.699903811863,1499.699903811863
12,13,10,19337,17484.90323766701,1852.0967623329889
3,6,4,13020,15596.479300952822,2576.479300952822
8,23,6,14968,15130.806070448807,162.80607044880708
4,26,15,14805,16327.164702758731,1522.1647027587314
10,9,17,15058,16245.048657510977,1187.0486575109771
1,29,21,18228,17386.726046745036,841.273953254964
7,19,3,13158,12828.003182810631,329.9968171893688
3,3,23,17005,17629.185505619567,624.1855056195673
6,4,5,12275,14356.524286756845,2081.524286756845
5,11,0,12507,15773.9416091446,3266.9416091446
7,11,12,16828,16233.115145326174,594.8848546738263
8,16,3,14295,14119.34837808176,175.65162191823947
3,6,22,16064,16555.78211754691,491.78211754691074
6,8,1,12057,15934.367819943836,3877.3678199438364
3,20,10,15683,16644.23710097685,961.2371009768503
10,9,19,15626,16293.716111670064,667.7161116700645
11,23,1,14249,15219.908822410609,970.908822410609
4,14,0,12022,15294.99181695034,3272.99181695034
8,19,15,15307,16702.904030442318,1395.904030442318
2,18,15,16345,16740.401894140814,395.40189414081397
4,14,13,14784,16312.0124079444,1528.0124079443995
12,10,10,17531,17411.782622660172,119.21737733982809
1,31,17,18803,17343.421481500816,1459.5785184991837
12,17,19,19159,16829.568110622844,2329.431889377156
7,3,4,13655,15909.158367792508,2254.158367792508
2,1,14,17875,17073.470849050107,801.5291509498929
7,11,20,19178,16942.9080292783,2235.0919707217
3,7,5,13821,14580.88895287509,759.8889528750897
8,31,11,14837,15081.769611696784,244.7696116967836
10,19,20,16536,15020.459603134206,1515.5403968657938
1,9,0,15675,15879.134409649383,204.1344096493831
2,21,13,18890,16992.61282072607,1897.38717927393
9,11,20,18578,17121.199556840304,1456.8004431596964
12,28,17,15813,16161.913584220792,348.9135842207925
9,8,15,21528,17914.680254588853,3613.319745411147
3,8,17,16296,16531.210518919503,235.21051891950265
5,31,22,14490,15897.056055776227,1407.0560557762274
6,27,17,15336,16026.692092589788,690.6920925897884
6,1,8,12889,14672.895391762506,1783.8953917625058
10,3,14,13965,15572.913502733514,1607.9135027335142
6,27,3,12610,16241.468239268017,3631.468239268017
1,18,12,17394,17048.562848730155,345.43715126984534
7,19,13,17543,16721.33114612793,821.66885387207
1,13,14,17049,18071.645999544955,1022.645999544955
3,13,18,18081,17550.82965690477,530.1703430952293
10,11,15,14318,15925.494831937269,1607.4948319372688
1,31,4,15371,16322.020985754905,951.0209857549053
7,12,22,16130,16490.16174306435,360.16174306434914
6,21,13,15959,17017.104591483803,1058.1045914838032
10,6,23,12445,15008.625387149737,2563.6253871497374
6,7,11,14893,16208.798957142026,1315.7989571420258
8,21,13,15626,16160.782269106407,534.7822691064066
8,11,3,11460,12644.952240229424,1184.9522402294242
8,16,8,15401,14407.446573268604,993.553426731396
9,7,11,16591,16095.255817415864,495.74418258413607
5,5,11,14743,15067.961046127622,324.96104612762247
10,4,2,12081,14941.52455613505,2860.5245561350494
11,4,8,15487,15594.861862341975,107.86186234197521
10,6,21,16026,15546.485527089928,479.5144729100721
5,13,8,14846,15589.40901700575,743.4090170057498
10,23,21,15274,15270.219880811828,3.7801191881717386
6,7,20,15549,15443.115758231392,105.88424176860826
6,24,7,13579,14481.708436164696,902.7084361646957
11,20,4,11734,15392.56852159707,3658.56852159707
6,25,16,16407,16707.044609635086,300.0446096350861
2,16,20,19344,17293.7450123888,2050.254987611199
10,4,3,11629,15549.112518093352,3920.1125180933523
6,3,21,15932,15808.286127698957,123.71387230104301
2,21,6,15638,16857.549590308987,1219.5495903089868
11,2,15,15485,16188.286898190896,703.286898190896
12,17,23,16279,16688.208658594118,409.2086585941179
1,12,16,17135,16789.582296263427,345.41770373657346
6,15,22,15614,16237.762367667956,623.7623676679559
7,8,11,16194,15325.611930629762,868.3880693702376
2,20,3,13135,14411.415797810165,1276.4157978101648
9,14,12,16166,16451.046001609957,285.0460016099569
2,6,0,14998,14890.901836632807,107.09816336719268
12,29,3,13284,15441.855312234902,2157.855312234902
3,5,4,13894,15031.301521009305,1137.3015210093054
10,23,5,11442,15504.789088114332,4062.789088114332
8,11,0,18128,16154.466319830512,1973.5336801694884
2,18,8,14384,16324.51655149052,1940.5165514905202
8,20,2,11590,13013.312806368223,1423.3128063682234
2,3,6,15055,16463.429065152097,1408.4290651520969
6,23,5,13119,15021.423169587168,1902.4231695871676
4,7,5,13119,16338.765525883826,3219.765525883826
12,18,0,15407,15662.13526069246,255.13526069245927
11,18,19,16428,16417.89976563855,10.100234361449111
8,28,8,14868,14545.887473253899,322.11252674610114
1,16,20,19866,18343.518501303908,1522.4814986960919
10,11,17,15745,15625.44921197989,119.5507880201094
10,24,16,15115,16327.222942974728,1212.2229429747276
8,15,22,17324,17451.54679707244,127.5467970724385
2,26,9,17217,17068.664975764787,148.3350242352135
9,28,13,14156,14939.910904229706,783.9109042297059
1,19,4,14448,15246.558665038236,798.5586650382356
9,9,9,18583,15977.054924779193,2605.9450752208068
3,29,17,15110,15957.570971715624,847.5709717156242
8,2,23,14728,16530.534043466443,1802.534043466443
11,17,19,16880,16195.404667378796,684.5953326212039
9,25,4,11965,14055.22845503216,2090.22845503216
1,28,2,16096,16729.429830059744,633.4298300597438
6,24,19,19090,16609.504472583707,2480.495527416293
1,17,11,17874,16991.72375488405,882.2762451159506
11,19,18,16640,16615.40451747082,24.595482529181027
11,2,17,16010,15885.57942833047,124.42057166953055
12,9,18,20975,16956.126396410502,4018.873603589498
2,23,15,16400,16316.294793913392,83.70520608660809
2,26,18,17840,17354.50989669613,485.49010330386955
12,31,5,15400,16320.038256984642,920.0382569846424
1,26,13,17461,16236.826853049735,1224.1731469502647
12,16,8,17917,16500.278473520182,1416.7215264798178
8,21,21,19526,17555.139667476014,1970.8603325239856
3,8,21,17978,16687.098419770373,1290.9015802296271
6,7,8,11304,13585.152038607997,2281.1520386079974
6,26,1,12883,15532.91646821324,2649.9164682132396
9,8,9,15828,15705.684492672495,122.31550732750475
12,25,16,13382,16182.76533810483,2800.7653381048294
3,31,10,13255,15797.143880589929,2542.143880589929
1,14,8,18813,17129.335576512094,1683.6644234879059
1,18,1,15737,16107.407245400222,370.40724540022165
11,4,1,12163,14837.862111494283,2674.8621114942835
12,4,20,17184,16909.92314217146,274.0768578285388
5,1,1,11017,14637.868522388915,3620.868522388915
3,4,18,18792,17316.432225089662,1475.567774910338
11,26,5,14018,14070.644471721476,52.64447172147629
2,22,2,14102,15465.61639390525,1363.6163939052494
12,14,16,17507,17108.021651879033,398.978348120967
8,12,10,17467,16167.784399646618,1299.215600353382
3,11,4,13405,15779.903801155137,2374.9038011551365
11,25,6,12504,14697.953238190346,2193.9532381903464
1,27,2,14820,15774.946489215426,954.9464892154265
9,27,8,14767,15268.515391257644,501.5153912576443
6,20,2,11659,15423.72771458472,3764.72771458472
12,29,12,16046,16885.55843952726,839.5584395272599
6,10,3,11778,13858.994490447601,2080.9944904476015
1,2,4,12473,15768.289637799442,3295.289637799442
6,10,20,16017,17198.232722476227,1181.2327224762266
2,5,7,16568,15692.384958814495,875.6150411855051
11,3,14,14592,16266.456545120738,1674.4565451207382
6,21,22,16982,16417.915426144053,564.0845738559474
12,25,3,12552,15778.02771366563,3226.0277136656296
11,18,17,18991,17300.634884314106,1690.3651156858941
12,15,20,18994,17254.275051740155,1739.7249482598454
6,5,10,15447,15745.48075460573,298.4807546057309
2,24,11,15332,16161.318176722092,829.3181767220922
4,24,2,11782,16056.354207575487,4274.354207575487
11,8,13,16765,15732.221243817674,1032.778756182326
4,27,0,12660,14374.292881018253,1714.292881018253
5,21,19,14256,16185.188755748672,1929.1887557486716
3,28,12,15995,16583.05011894605,588.0501189460483
6,10,16,17657,17113.68848982502,543.311510174979
8,3,5,13982,13691.135399967858,290.86460003214233
5,27,11,18294,17006.97215337073,1287.0278466292693
2,9,4,15627,16309.083703234423,682.0837032344225
8,23,16,20857,18115.850087076098,2741.149912923902
8,10,21,15268,16644.892439553903,1376.8924395539034
9,2,13,12113,15692.384281034963,3579.3842810349634
8,2,11,18152,16368.465875025673,1783.534124974327
7,3,9,18509,16246.254703627072,2262.7452963729284
1,9,14,17600,16849.575422847105,750.4245771528949
8,1,19,14485,16163.327902181678,1678.327902181678
8,31,0,13553,13629.004597882158,76.00459788215812
9,9,12,18699,16822.084801691042,1876.9151983089578
4,16,18,14559,16265.542091055897,1706.542091055897
4,16,12,13251,15652.380497533599,2401.380497533599
10,4,13,13763,15755.536946529779,1992.536946529779
12,16,23,15322,16994.487443267288,1672.4874432672877
6,26,6,13688,14328.572855265205,640.5728552652054
6,22,16,15890,16606.495276926806,716.4952769268057
12,19,22,19260,16727.062480766082,2532.9375192339176
9,29,10,15399,14881.689886419488,517.3101135805118
7,1,12,19862,16299.570692795383,3562.4293072046166
4,23,9,14426,15874.996932568729,1448.9969325687289
12,27,3,13952,14824.205171030662,872.2051710306623
10,2,2,12305,14689.12906454791,2384.1290645479094
1,21,11,19403,17675.504457678704,1727.495542321296
5,2,22,13585,15484.658236880688,1899.6582368806885
1,13,20,19145,16402.38811150325,2742.611888496751
10,31,21,15198,15914.41621301236,716.4162130123605
9,24,14,16698,16408.02706816243,289.97293183756847
7,2,11,20058,17438.3298629445,2619.6701370554983
1,22,12,17549,16707.679365755102,841.3206342448975
11,26,10,17292,15981.931124960262,1310.0688750397385
11,9,15,14660,15794.771360131843,1134.7713601318428
4,2,2,12269,15499.167648898123,3230.167648898123
1,2,6,13140,15799.673879679427,2659.673879679427
11,1,23,13547,15685.873611460265,2138.8736114602652
10,7,19,16850,15732.635081576822,1117.364918423178
6,19,19,16286,15670.844349585996,615.1556504140044
2,16,16,18491,16873.871383137066,1617.128616862934
1,30,13,18786,16859.475957716502,1926.5240422834977
12,31,17,18590,17029.046543068023,1560.9534569319767
2,25,22,16709,16478.8896819107,230.11031808930056
10,7,14,14695,15558.495275996784,863.4952759967837
4,24,20,16409,16263.306670504608,145.6933294953924
8,29,8,15323,14549.260903961094,773.7390960389057
11,12,7,14108,16086.753853365004,1978.753853365004
11,29,16,18016,17075.501277078638,940.4987229213621
5,2,23,11374,16111.998908596608,4737.998908596608
2,21,17,17943,16740.32146523219,1202.6785347678087
10,1,17,14907,16352.904862853533,1445.904862853533
9,5,14,15796,16331.106124900407,535.1061249004069
8,30,19,20790,17629.61585414855,3160.3841458514507
5,19,14,14610,15631.543832220803,1021.5438322208029
11,9,17,16771,16339.237587073545,431.762412926455
12,18,16,17263,17512.86919716202,249.869197162021
12,16,12,18553,16665.762189706078,1887.237810293922
12,27,16,16682,17471.463697260227,789.4636972602275
9,1,8,14843,14635.199270609139,207.8007293908613
10,21,7,15369,15518.370581461155,149.37058146115487
4,18,6,11997,14787.54261528524,2790.5426152852397
1,29,23,16571,16816.66996493143,245.6699649314287
7,25,13,17827,17955.913758434297,128.91375843429705
4,4,2,12035,16105.221990380429,4070.221990380429
9,17,4,11724,13335.745169966147,1611.745169966147
11,17,7,14952,14173.866863751038,778.1331362489618
11,28,13,15603,16625.232789929574,1022.2327899295742
6,11,19,15510,16424.51653607385,914.5165360738501
8,5,7,16066,15254.916491670574,811.083508329426
1,13,8,17592,16232.718876693601,1359.2811233063985
3,6,16,16294,16742.502763803233,448.5027638032334
5,17,13,11351,15849.139140004,4498.139140003999
8,17,14,17589,16642.43098360532,946.5690163946783
1,11,6,15397,16040.94329146957,643.9432914695699
6,23,13,14058,16182.84077871689,2124.840778716891
1,22,7,18410,16412.35018144534,1997.6498185546589
1,10,18,18297,16158.678048770225,2138.3219512297746
12,9,14,18688,17774.244811830948,913.7551881690524
1,29,9,16112,16514.458824038273,402.4588240382727
2,5,22,18078,17881.702494588586,196.29750541141402
8,21,3,14329,16240.411408796741,1911.411408796741
6,17,16,15671,16071.389320288205,400.38932028820454
2,23,4,13744,14912.98166067125,1168.9816606712502
2,4,20,17987,16833.08792671681,1153.9120732831907
10,19,23,12845,15476.759868559404,2631.759868559404
1,9,11,18543,17599.27408617823,943.7259138217705
3,15,11,15852,16066.897371860425,214.89737186042476
5,27,4,11156,13972.805988158152,2816.805988158152
9,20,6,14903,14267.888715812203,635.1112841877966
2,27,18,16227,16059.799665685301,167.20033431469892
10,9,13,15593,14870.603219565322,722.3967804346776
1,3,0,16921,16601.274159488075,319.7258405119246
6,29,3,14716,15327.083021088729,611.0830210887289
11,28,19,20438,16694.751533347055,3743.2484666529454
9,19,10,17116,15571.274990599033,1544.7250094009669
6,26,14,18778,16911.747895056345,1866.2521049436546
1,1,11,16672,16459.11234683092,212.8876531690803
12,30,23,15646,16706.183336198992,1060.183336198992
10,11,1,11742,13480.021546397591,1738.021546397591
3,27,17,18485,16278.839976011292,2206.1600239887084
9,4,3,14323,14624.886874405394,301.88687440539434
1,26,7,16617,15928.46336614747,688.5366338525291
10,10,10,15581,15042.798836647815,538.2011633521852
8,30,14,16682,16901.60775930671,219.60775930670934
1,25,4,13958,16705.364992838375,2747.3649928383747
1,29,8,18137,16694.13272721784,1442.8672727821613
2,23,0,15426,15253.799783472668,172.20021652733158
7,12,4,13355,14191.034355598857,836.0343555988566
2,7,10,18100,17197.377478085185,902.6225219148146
3,1,10,18260,16815.935807501417,1444.064192498583
7,30,5,12280,13726.95354762894,1446.9535476289402
2,13,11,17699,17071.033867919847,627.9661320801533
3,24,2,11924,15910.757397933612,3986.757397933612
5,16,12,14285,15537.908816643503,1252.908816643503
5,8,19,15231,16115.760420892677,884.7604208926768
3,1,10,16773,16998.359924930908,225.35992493090816
10,24,2,12409,14917.880700773912,2508.8807007739124
10,30,17,16502,16564.838689602784,62.83868960278414
7,21,5,13476,16048.658644788096,2572.6586447880964
11,19,19,17754,16861.406484222913,892.5935157770873
5,7,3,11680,14032.10438177339,2352.10438177339
8,31,10,15844,15230.690056015294,613.3099439847065
3,14,11,17987,16943.635167377313,1043.3648326226867
8,5,12,18553,18573.602515861166,20.602515861166466
5,17,12,14243,15952.033110566772,1709.033110566772
12,30,14,16383,16192.665450460003,190.33454953999717
1,6,16,17742,17257.308487067272,484.6915129327281
11,4,16,15604,15249.144974622901,354.8550253770991
9,24,11,15131,15313.532891117015,182.53289111701451
3,11,14,14680,15970.974947548451,1290.9749475484514
7,20,7,15701,13575.218360167917,2125.781639832083
7,31,15,14030,15907.047662511644,1877.0476625116444
7,18,5,12808,14621.901572474271,1813.9015724742712
11,9,6,11844,14294.525230438738,2450.5252304387377
6,27,14,19312,17018.52509940297,2293.47490059703
6,4,2,12018,15893.005846765103,3875.0058467651033
9,25,17,16809,16725.240362002653,83.75963799734745
12,4,8,17413,16211.278667697923,1201.721332302077
9,23,4,13198,15049.55705872135,1851.5570587213497
3,17,12,15414,16271.295725229471,857.2957252294709
2,13,22,17968,17117.42358950876,850.5764104912414
8,14,4,13581,13718.767000560872,137.76700056087248
1,25,3,14014,16743.157721373438,2729.157721373438
1,1,10,13973,16964.519865408143,2991.5198654081432
8,30,14,16342,17833.975503021506,1491.9755030215056
7,3,9,16856,14846.400493485222,2009.599506514778
4,26,10,15206,15515.41525691564,309.4152569156395
5,12,22,14292,15889.185107929787,1597.1851079297867
12,8,6,13823,14809.640360172585,986.6403601725851
8,17,15,19131,17066.64938983859,2064.350610161411
3,1,11,17346,16814.89956118189,531.10043881811
3,16,20,16785,16119.66593713321,665.3340628667902
6,29,15,17759,17213.179415795326,545.8205842046737
8,23,9,16033,14616.514454463913,1416.4855455360866
7,18,16,19256,17742.34841200135,1513.651587998651
11,5,13,15179,16116.194858609631,937.1948586096314
3,28,4,12977,15972.905824625774,2995.9058246257737
4,22,18,13625,16152.801019346074,2527.801019346074
1,19,22,19218,17783.91079377893,1434.0892062210696
8,5,21,20107,16893.249396915005,3213.7506030849945
6,21,23,14587,16176.64504397318,1589.6450439731798
5,6,19,15818,16047.942928341321,229.94292834132102
12,28,4,12357,14894.74170072822,2537.74170072822
11,16,8,15805,16673.390537594252,868.3905375942522
7,8,1,12733,15584.315668852798,2851.315668852798
5,2,5,13148,14747.56022071551,1599.5602207155098
5,18,13,14424,16808.962758357844,2384.962758357844
1,1,0,14153,16311.144636798896,2158.1446367988956
8,12,9,21318,16876.93100955638,4441.0689904436185
9,11,2,12628,14391.776100506242,1763.776100506242
7,31,20,18592,17580.4832953234,1011.5167046766
11,4,6,13180,14431.716276410812,1251.7162764108125
10,8,0,13006,15560.230351960294,2554.230351960294
4,14,20,14998,15406.284595319594,408.2845953195938
3,12,15,18461,17035.080115759978,1425.919884240022
3,24,5,15769,16465.03666341412,696.036663414121
7,6,16,16432,17818.04116356046,1386.0411635604614
12,29,11,14676,16100.702896962077,1424.702896962077
10,15,20,14629,15272.164833671943,643.1648336719427
9,1,18,17154,16487.551771529652,666.4482284703481
4,5,22,14529,16094.101048988552,1565.101048988552
10,19,1,11878,15973.731099061717,4095.731099061717
12,22,15,17815,16998.87991962221,816.1200803777901
2,28,6,15687,15299.135222478595,387.8647775214049
6,20,14,16189,16183.594401641189,5.405598358811403
12,25,12,15261,16085.425487185827,824.4254871858266
6,7,6,14381,15135.77038437479,754.7703843747895
11,18,3,12535,14784.62081292146,2249.620812921459
1,14,9,17214,16319.309331888822,894.6906681111777
2,20,13,16649,16196.340494955672,452.6595050443284
8,17,13,19263,17392.89573352553,1870.104266474471
11,13,23,16193,17362.93875773358,1169.9387577335801
3,3,22,16844,16887.223371733482,43.223371733482054
2,28,18,15925,16151.978249448177,226.97824944817694
6,11,15,14164,16400.03416526135,2236.0341652613497
12,5,9,16972,15959.331246400985,1012.668753599015
9,2,7,14020,15491.756684551152,1471.756684551152
8,15,15,18467,17976.77160446712,490.2283955328785
8,10,19,17664,16417.104478763362,1246.8955212366382
1,11,14,18532,17632.221467213203,899.7785327867969
10,30,19,17784,15801.429338036878,1982.570661963122
9,27,9,14570,14895.74106826686,325.74106826685966
2,28,22,17618,17223.96895782608,394.03104217391956
11,19,18,19378,17030.269081323637,2347.730918676363
5,10,0,13380,15909.662860326318,2529.662860326318
3,3,21,17462,16454.655719742455,1007.3442802575446
3,2,19,17628,16521.899132201637,1106.1008677983627
10,29,20,16555,16058.271499618246,496.7285003817542
3,13,22,15967,16477.999387495365,510.9993874953652
2,4,12,16802,15940.869345144107,861.1306548558932
6,11,23,13799,16008.450080951308,2209.4500809513083
7,31,18,19946,17230.64635094777,2715.353649052231
10,11,9,13034,15455.985015168164,2421.985015168164
11,8,12,15957,16082.839931717546,125.83993171754628
7,31,9,17114,15561.096696989116,1552.903303010884
6,6,0,12898,14274.7817640242,1376.7817640241992
12,14,16,17281,16591.904536708345,689.0954632916546
8,21,12,20469,17768.85600663039,2700.1439933696092
3,19,10,15485,16094.608693552385,609.6086935523854
6,9,9,13769,14823.867609604344,1054.8676096043437
4,30,4,12039,16029.376585366565,3990.3765853665645
10,31,13,13740,15909.173576678688,2169.173576678688
11,17,20,16404,16334.476384376912,69.52361562308761
4,15,12,16544,16917.411672531136,373.411672531136
6,24,19,20715,17080.7914927427,3634.208507257299
12,19,0,16206,14839.918569318292,1366.0814306817083
4,21,16,14105,16219.88472413172,2114.88472413172
8,2,20,20789,17070.86160703507,3718.138392964931
6,13,18,15537,15457.437901694204,79.5620983057961
12,30,2,13018,14565.397538372417,1547.3975383724173
8,13,1,14655,14786.944251571405,131.9442515714054
11,23,19,19127,17245.359828428143,1881.6401715718566
2,27,1,17392,16924.20403418379,467.7959658162108
10,18,2,11757,15575.418079215742,3818.418079215742
7,30,7,12356,13601.89847410006,1245.8984741000604
7,19,7,17760,15181.806690483076,2578.1933095169243
10,25,23,13103,16260.3949849383,3157.3949849383007
5,27,22,16605,16491.181551066846,113.81844893315429
12,16,9,15123,16208.313034302537,1085.3130343025368
2,9,3,15190,16420.669246270245,1230.669246270245
7,3,0,15293,15174.137859571782,118.86214042821848
5,15,12,14296,15705.826827485658,1409.8268274856582
6,27,22,14982,15946.38339605295,964.38339605295
5,23,23,13364,15659.672086877568,2295.6720868775683
3,9,0,14055,14587.299456952474,532.2994569524744
10,14,16,14833,15042.444293832143,209.44429383214265
2,10,4,15808,16041.604809606604,233.60480960660425
10,30,23,14199,16487.911527472377,2288.911527472377
3,7,3,12756,14128.58568526916,1372.5856852691595
2,2,20,19126,16919.19170344511,2206.8082965548892
2,26,8,20289,16262.046887796392,4026.953112203608
8,10,7,15607,13331.179600420342,2275.8203995796575
7,18,2,14164,15103.88340727858,939.8834072785794
1,21,3,13103,15134.418051246823,2031.4180512468229
2,24,5,15671,16398.90994206035,727.9099420603488
10,28,7,15309,14430.517448639135,878.4825513608648
2,7,15,16418,16934.227304533717,516.227304533717
12,12,14,17574,16133.337661423038,1440.6623385769617
1,30,1,15498,16500.888727118883,1002.8887271188833
10,27,20,16041,16047.50931747702,6.509317477020886
4,27,18,14324,15811.221426874848,1487.2214268748485
9,1,22,17546,16168.134923270558,1377.865076729442
3,12,8,15485,16702.693744335993,1217.693744335993
12,12,12,17962,16595.098480442615,1366.9015195573847
4,17,2,11910,14173.932728760317,2263.9327287603173
11,28,0,14184,14053.561458975655,130.4385410243449
5,31,23,13454,15540.53179873895,2086.53179873895
1,12,10,16179,16898.323357593115,719.3233575931154
8,8,13,21220,16701.854568622533,4518.145431377467
9,22,13,14528,15454.525960262346,926.5259602623464
3,20,12,15413,15941.029988762628,528.0299887626279
3,10,6,14564,15554.273807012481,990.2738070124815
5,18,23,14013,16213.610890101514,2200.610890101514
11,30,1,14603,14888.435751307159,285.4357513071591
3,2,16,16114,16691.18257850526,577.1825785052606
12,28,9,14668,16761.581251519307,2093.5812515193065
8,10,12,20779,16979.75682017723,3799.24317982277
7,11,13,18486,16744.400883602484,1741.599116397516
9,28,1,12327,12908.13629682442,581.1362968244193
9,29,1,12239,15196.635673291343,2957.6356732913428
11,30,15,16204,16235.002336472713,31.00233647271307
10,15,18,15786,15445.92705910305,340.07294089694915
2,29,2,14829,16548.207554464378,1719.2075544643776
11,3,15,14612,16079.435932831577,1467.4359328315768
9,16,2,12263,13195.30222983485,932.3022298348496
6,11,7,13896,14633.70151700866,737.7015170086597
3,11,5,12030,15570.628277052374,3540.628277052374
7,15,20,17016,16800.884169868747,215.11583013125346
11,25,18,20457,16561.282414917852,3895.7175850821477
10,2,21,17606,16365.717059622264,1240.282940377736
2,25,22,18579,17574.397023127905,1004.6029768720946
4,29,19,13390,15960.632018549974,2570.6320185499735
6,19,23,16884,16920.017537993048,36.01753799304788
12,10,21,19136,17976.991490123186,1159.008509876814
4,23,6,14334,15026.897342864111,692.8973428641111
3,1,7,14885,14640.673640766126,244.32635923387352
3,9,13,15762,16918.959558391016,1156.959558391016
7,17,6,14234,14611.438780812623,377.438780812623
6,22,8,12606,13860.861372203999,1254.861372203999
4,19,10,15921,16561.41555139881,640.4155513988117
9,19,14,14883,15883.122589752631,1000.122589752631
1,28,17,20090,16559.652089429226,3530.347910570774
10,29,16,15526,16133.188239941994,607.1882399419937
2,19,22,16020,16366.566162132327,346.566162132327
3,27,22,13688,16034.35866902772,2346.3586690277207
4,13,4,11917,14571.28081479056,2654.28081479056
10,5,2,11907,14130.86490797354,2223.8649079735405
10,23,16,15805,15185.71670968135,619.28329031865
2,28,20,16848,16579.977321148606,268.0226788513937
2,23,17,17020,16648.806484427238,371.1935155727624
7,22,6,12895,12988.34416104362,93.34416104362026
7,19,0,15445,15362.695917362145,82.30408263785466
11,20,5,12783,16074.84732304321,3291.84732304321
4,10,11,15615,15639.302059377766,24.302059377765545
7,30,17,18209,17472.528452245635,736.471547754365
8,22,18,16564,17259.21320651991,695.2132065199112
3,7,12,14558,15896.479701706714,1338.479701706714
5,19,13,14869,15749.671393488408,880.6713934884083
6,30,23,14919,16386.600196622934,1467.6001966229342
2,28,23,16487,16970.944437082115,483.94443708211475
7,22,20,18088,18009.50497845817,78.49502154182846
7,8,19,15873,16948.319922312112,1075.3199223121119
12,9,2,14456,14905.222222875387,449.22222287538716
8,29,18,16380,16455.156363684335,75.15636368433479
10,28,1,12816,14268.73648799726,1452.7364879972592
11,7,15,13911,15584.149467207222,1673.1494672072222
8,16,6,13934,13511.103617349392,422.89638265060785
12,10,22,16593,17082.29388322628,489.29388322628074
10,30,10,15801,15509.319493985156,291.68050601484356
1,8,9,16954,16939.76517267217,14.234827327829407
8,11,15,17935,17101.026327633088,833.9736723669121
10,9,14,15740,15524.458864594617,215.5411354053831
10,10,9,15767,15279.945264834849,487.0547351651512
6,12,23,14589,15872.196523176222,1283.1965231762224
2,9,22,17915,17671.670586443815,243.3294135561846
12,20,23,16752,17773.57958808261,1021.5795880826117
12,29,15,15612,17024.367896256314,1412.3678962563135
2,8,5,15475,16333.731561269895,858.7315612698949
12,16,7,18376,16172.553626643885,2203.446373356115
8,17,11,18158,16804.84628014086,1353.1537198591395
9,4,11,19480,16926.03339786155,2553.966602138451
8,22,0,14755,14422.529707706513,332.47029229348664
4,25,17,16108,16164.634078909465,56.63407890946473
4,25,1,13036,15010.414400607704,1974.414400607704
8,25,20,19534,17968.334774530147,1565.6652254698529
10,2,14,14605,15871.421539138484,1266.4215391384841
8,18,15,20114,17073.28675434861,3040.71324565139
2,27,0,15074,15509.76464221157,435.7646422115704
11,8,3,11971,14213.975228821277,2242.9752288212767
8,14,12,19752,17633.089689878965,2118.910310121035
11,6,16,15921,15463.592264749475,457.40773525052464
1,5,1,16002,15739.32498452846,262.67501547153915
8,21,16,15855,16191.570780915054,336.57078091505355
6,28,17,18723,17955.514735898418,767.4852641015823
2,3,6,17014,16612.940598342062,401.059401657938
7,16,0,16796,15880.077109552501,915.9228904474985
8,18,1,13485,14811.763427720012,1326.7634277200123
1,29,23,17339,17181.189196550393,157.8108034496072
7,1,11,19120,16253.638765515674,2866.361234484326
6,2,23,12593,15837.87443605716,3244.87443605716
12,23,23,15665,17063.21541594694,1398.2154159469392
12,31,5,12433,14275.38016455388,1842.3801645538806
6,9,10,12767,15596.375469559945,2829.3754695599455
4,16,7,15834,15924.604649717478,90.60464971747751
10,12,3,11757,15200.03376824208,3443.0337682420795
2,20,9,16729,16594.535876110887,134.46412388911267
9,12,23,14627,15596.339087735387,969.3390877353868
8,18,1,14595,14761.811321907324,166.81132190732387
7,18,1,13559,15870.496953135063,2311.4969531350634
10,20,1,11631,14023.936881126998,2392.936881126998
1,5,0,16736,15723.483939736945,1012.5160602630549
10,9,4,12025,13673.219163580605,1648.2191635806048
9,28,19,18048,16575.734129740973,1472.265870259027
3,14,16,14150,15975.724817670442,1825.7248176704416
8,8,4,13262,14023.026386376396,761.0263863763957
6,27,16,20937,16725.53851593607,4211.46148406393
10,10,21,16354,14444.453985077871,1909.546014922129
1,9,13,17423,16796.355845528466,626.6441544715344
3,17,0,14297,14801.450753019304,504.4507530193041
4,30,19,15738,16164.399870407286,426.39987040728556
7,21,0,15020,15042.811551565579,22.811551565579066
6,29,19,20826,17606.72418889798,3219.2758111020194
3,10,16,16703,16423.502962053546,279.49703794645393
11,11,2,12652,14166.340791851202,1514.340791851202
5,15,18,14736,15647.450013642334,911.4500136423339
3,3,10,18785,17012.118040291334,1772.8819597086658
12,14,1,16834,15758.724475167413,1075.2755248325866
7,23,11,16716,17506.64111197308,790.6411119730801
7,24,16,16359,16641.13070715445,282.13070715445065
1,7,22,17003,18218.145928294784,1215.1459282947835
9,25,11,15443,15895.131762928613,452.13176292861317
12,9,1,14567,15947.115341128188,1380.1153411281884
4,12,19,15018,15498.85550561704,480.85550561704076
5,14,18,16210,16367.955976087464,157.95597608746357
5,21,8,13695,15663.251143469779,1968.251143469779
3,3,16,16121,16302.401205866998,181.40120586699777
7,3,9,13217,15057.46939947982,1840.46939947982
10,14,23,12553,15473.415378022906,2920.415378022906
8,19,16,19940,16936.69918103585,3003.3008189641514
6,19,4,12294,13449.078950851053,1155.0789508510534
9,5,11,14911,14892.464933921328,18.53506607867166
6,3,20,17784,16692.99635207621,1091.0036479237897
1,7,10,20283,17069.870220242476,3213.1297797575244
1,31,2,16248,16513.718286222596,265.71828622259636
1,14,0,15986,15899.307273575161,86.69272642483884
3,16,2,14622,16140.037204673525,1518.0372046735247
11,7,6,12598,14277.112572724662,1679.1125727246617
12,5,23,15721,16301.720570366535,580.720570366535
4,22,11,15526,15871.148708722936,345.14870872293614
4,7,1,11702,15596.531013296984,3894.5310132969844
7,10,17,21014,18044.812154605537,2969.187845394463
9,20,20,14430,15484.622242029116,1054.622242029116
2,10,7,17225,16640.11516280492,584.8848371950808
7,13,7,17498,16187.092876179046,1310.9071238209544
3,22,16,16701,16284.37610961591,416.62389038408946
11,2,1,12310,14748.634647764778,2438.6346477647785
1,25,8,17526,17029.40336153149,496.5966384685089
9,6,15,19398,17497.70089435167,1900.2991056483297
3,29,1,13382,14467.787400304276,1085.7874003042762
4,6,2,12210,13872.218120736086,1662.2181207360863
1,24,16,17069,16720.411550773577,348.5884492264231
9,7,13,14096,15667.328201829092,1571.328201829092
5,23,2,12186,15074.225889134681,2888.225889134681
3,20,4,14043,15933.170087527373,1890.1700875273727
10,7,6,12698,14490.116770972576,1792.116770972576
9,21,5,12914,14704.86155919078,1790.86155919078
9,12,10,14737,15789.917501771051,1052.9175017710513
7,10,8,13303,13696.215325682977,393.215325682977
12,22,21,18800,18160.73652664952,639.2634733504783
2,26,6,13849,15264.84512754944,1415.8451275494408
10,7,4,11349,14132.2040862539,2783.2040862538997
4,29,21,13642,16099.39292033479,2457.3929203347907
8,25,22,19063,16715.399835466105,2347.6001645338947
12,21,22,16315,17083.133309177087,768.1333091770866
6,16,22,14015,15786.628360984976,1771.628360984976
8,30,8,15583,15000.872826588957,582.1271734110433
11,9,5,13110,14150.865923628036,1040.8659236280364
8,1,14,19355,17694.138671869176,1660.8613281308244
12,31,19,16583,16256.937641896831,326.06235810316866
3,14,22,16196,16810.438221352288,614.4382213522877
12,7,23,16219,17828.930278414613,1609.930278414613
7,14,15,16524,17798.560076901555,1274.5600769015546
2,8,7,15853,15363.88081632308,489.1191836769194
7,25,13,17342,16449.440867167516,892.5591328324845
5,30,13,16146,16398.81817480204,252.81817480203972
7,19,17,15784,16423.22589374214,639.2258937421393
9,28,18,14632,16096.965177596368,1464.9651775963684
1,28,13,19582,17046.907837565534,2535.0921624344664
9,22,9,15304,14572.184307778136,731.8156922218641
11,9,1,12482,13964.2948185846,1482.2948185845999
9,16,23,13974,14993.92433992921,1019.92433992921
11,22,6,12262,15755.629081080262,3493.629081080262
12,24,13,16823,16251.126535718482,571.873464281518
3,18,22,14960,15859.592952424668,899.5929524246676
11,4,10,16293,16628.14903995776,335.14903995775967
5,14,5,11603,15576.544336789153,3973.544336789153
11,9,0,13897,14802.16559854578,905.1655985457801
10,29,3,11586,14058.614270622671,2472.614270622671
11,16,18,16917,15625.338296409162,1291.6617035908384
3,27,18,15994,16023.893795419699,29.893795419699018
4,25,1,11760,14980.056607116345,3220.056607116345
1,21,4,15040,15853.113032504822,813.1130325048216
12,8,9,16123,16460.903683766017,337.9036837660169
6,28,4,11910,14405.131177681887,2495.1311776818875
11,6,15,15043,15425.791200810645,382.791200810645
2,13,5,14683,15426.091422152362,743.0914221523617
9,10,19,16096,15505.670230228023,590.3297697719772
6,1,21,15415,16195.06443743363,780.0644374336298
12,14,9,18634,16446.678963525002,2187.3210364749975
10,27,9,16905,16491.159057760604,413.8409422393961
12,8,7,15284,16156.52852958066,872.5285295806607
9,9,7,13965,13364.069360157275,600.9306398427252
9,28,12,15257,15732.023051439839,475.02305143983904
5,5,16,12673,16096.722802906967,3423.7228029069665
8,4,8,16601,15098.384766003064,1502.6152339969358
10,26,4,10957,15136.344068196186,4179.344068196186
9,28,20,15869,15508.97523958787,360.0247604121305
9,17,13,14848,16181.343988819306,1333.343988819306
3,30,9,17758,16291.906881244373,1466.093118755627
2,13,11,18512,16947.152125063578,1564.8478749364222
6,23,21,18918,16846.934678539666,2071.0653214603335
10,21,6,13321,13929.658639505265,608.6586395052655
7,18,11,17613,16333.167025829862,1279.8329741701382
1,24,10,18807,16654.95138505412,2152.048614945881
2,9,18,19202,16889.224747551987,2312.775252448013
2,5,0,15735,16032.456717369585,297.456717369585
3,5,0,14487,15854.341652816589,1367.341652816589
7,14,17,20290,17966.65317286429,2323.3468271357087
2,10,13,14758,15514.8099030347,756.8099030347003
11,6,5,12603,15579.71327119957,2976.713271199569
11,21,21,15884,16240.43707752326,356.4370775232601
12,27,21,17129,16436.09696354819,692.9030364518112
3,2,7,16092,16926.783471243038,834.7834712430376
12,10,15,17421,17073.584264451383,347.4157355486168
1,5,17,18612,17294.464620107276,1317.5353798927244
3,23,12,15459,16245.986990833335,786.9869908333349
2,6,13,15900,16150.549185796239,250.54918579623882
10,27,0,12640,14924.484137359035,2284.4841373590352
4,12,4,12621,15444.814923744481,2823.8149237444813
11,25,23,15529,16229.371192361807,700.3711923618066
1,20,22,18500,17328.184723807663,1171.8152761923375
1,7,0,15126,14616.610043363202,509.38995663679816
6,2,4,11775,14648.965509620068,2873.9655096200677
10,12,11,14610,15365.0647301629,755.0647301628997
4,24,12,13038,15838.143737617087,2800.143737617087
4,10,11,15548,16365.777630299308,817.7776302993079
7,28,20,15217,16645.973151949675,1428.9731519496745
10,26,13,15445,16212.251248829672,767.2512488296725
3,1,12,16584,16616.335284353478,32.33528435347762
5,13,8,12949,13661.469401796987,712.4694017969869
1,3,8,18148,16812.703351155946,1335.2966488440543
7,19,16,19114,17376.512223211837,1737.4877767881626
4,12,3,11359,15746.526025688681,4387.526025688681
10,12,0,12425,13305.062160070207,880.062160070207
7,23,5,12789,13585.438967096614,796.4389670966139
7,14,12,18992,16837.765357798933,2154.234642201067
8,26,18,19818,18346.89820815364,1471.1017918463585
11,7,11,14688,15938.348381839947,1250.3483818399473
4,4,1,13517,15788.392702262629,2271.3927022626285
7,20,2,16384,15912.739182837458,471.26081716254157
3,17,13,17244,16538.737619593976,705.262380406024
8,2,18,21396,16781.187211949025,4614.812788050975
1,13,10,18480,16667.590881815795,1812.409118184205
4,30,0,12494,16074.52317065566,3580.5231706556606
2,1,7,15966,14920.332501201192,1045.667498798808
3,2,19,17193,16672.52599360621,520.4740063937898
7,20,21,17858,17856.97200154785,1.0279984521512233
5,22,17,15587,15919.319793499324,332.3197934993241
11,27,3,13570,13835.52163835856,265.52163835855936
3,15,15,16117,16805.31469879134,688.3146987913387
11,30,16,16850,16147.210898846779,702.789101153221
3,16,12,16136,16538.996339228608,402.9963392286081
11,18,23,14683,15661.864407526567,978.8644075265674
1,12,3,13930,15032.394330777897,1102.3943307778973
12,2,16,16781,16039.80380757233,741.1961924276693
5,1,20,15888,16143.344847279404,255.34484727940435
5,8,12,13650,15945.029607631512,2295.0296076315117
5,27,14,13025,16083.971331261637,3058.971331261637
6,25,0,14093,14486.130371501973,393.13037150197306
3,8,5,14586,15389.8565331392,803.8565331392001
11,28,11,17476,16917.386213704332,558.6137862956675
12,23,18,20492,16899.05585230306,3592.9441476969405
4,20,17,14690,16203.660254846547,1513.660254846547
7,26,21,18766,17574.78013082006,1191.2198691799385
8,13,18,16957,16041.256199524765,915.7438004752348
8,1,16,18545,18035.749198477595,509.2508015224048
1,21,13,19973,18222.37349168195,1750.6265083180515
6,18,10,16134,17027.21276647062,893.2127664706204
2,9,11,16690,17378.530986337148,688.5309863371476
11,7,18,17683,16527.053958580836,1155.9460414191635
1,13,6,14254,14722.373507228134,468.37350722813426
6,20,2,12993,14556.232738462131,1563.2327384621312
8,14,14,18134,17927.31853256868,206.68146743132093
12,6,12,18279,17200.066015285127,1078.933984714873
10,15,21,14891,15396.609395655976,505.6093956559762
7,4,20,19381,16819.130286243904,2561.8697137560957
8,22,3,13400,15078.56868688824,1678.5686868882403
3,15,17,17366,16412.734672444338,953.2653275556622
9,6,8,12616,15182.031877085243,2566.0318770852427
4,12,2,11721,14459.423735194721,2738.4237351947213
12,22,21,17819,17162.14715397763,656.8528460223715
8,7,0,12473,14513.949937176172,2040.9499371761722
4,30,6,11025,15528.736009311513,4503.736009311513
4,1,3,12634,14853.648905418555,2219.648905418555
1,17,5,15742,16174.898671734973,432.8986717349726
7,6,1,13506,14290.586104455902,784.5861044559024
2,17,13,15782,17023.715012766806,1241.7150127668065
7,21,14,20699,17461.76177232744,3237.2382276725584
3,12,17,17323,16826.31284779047,496.68715220953163
9,14,3,12124,13211.06864631837,1087.0686463183702
10,19,10,14725,14805.2867989072,80.28679890720014
4,21,4,12056,13659.40029709277,1603.4002970927704
10,28,10,14435,15624.501923489961,1189.501923489961
11,6,7,14850,14803.317063944236,46.682936055764
8,24,22,18634,16929.54067924108,1704.4593207589205
12,1,16,17435,16628.465667890945,806.534332109055
6,30,3,12351,13900.255814782919,1549.2558147829186
11,11,8,14974,15498.749929344054,524.7499293440542
3,30,19,16213,15935.28083963862,277.7191603613792
6,16,17,21500,16837.65134977563,4662.348650224369
3,15,8,18273,16896.996604437583,1376.0033955624167
11,25,3,13248,14575.576913999172,1327.5769139991717
10,21,4,11802,13649.531360163506,1847.5313601635062
9,24,10,13314,13867.15921775026,553.1592177502607
9,23,17,19753,18394.275459304277,1358.7245406957227
4,20,16,13222,16023.139894414244,2801.139894414244
8,1,2,13452,14509.60504356974,1057.6050435697398
3,12,17,16218,16227.802725814541,9.80272581454119
3,28,3,13893,15462.770989353163,1569.7709893531628
11,6,4,12576,13926.259515066487,1350.2595150664874
4,18,18,17124,16267.488491239159,856.511508760841
4,11,8,12099,15537.969691311258,3438.9696913112584
11,6,19,15950,15504.079252769832,445.92074723016776
12,18,1,15410,16027.230965929895,617.2309659298953
11,12,10,16722,15947.27627633926,774.7237236607398
9,16,1,12411,12686.572144261494,275.57214426149403
3,22,22,14790,16669.002150614175,1879.0021506141748
5,15,8,15016,15899.60168240497,883.6016824049693
11,21,5,13571,14098.752805396532,527.7528053965325
5,10,1,12027,14301.54311670228,2274.54311670228
6,14,10,16886,15515.039874830609,1370.9601251693912
5,5,12,11933,16118.260309618805,4185.260309618805
1,20,17,19631,17758.9394111619,1872.0605888380996
11,27,22,16328,16686.276517483435,358.2765174834349
8,5,17,18808,17277.596246950892,1530.4037530491078
1,5,15,19430,17909.595848616686,1520.4041513833145
7,23,12,16912,17012.466284239865,100.46628423986476
12,3,3,13221,13684.0507753138,463.05077531380084
1,19,21,18387,16715.905587037454,1671.094412962546
3,19,16,15418,16239.192773715578,821.1927737155784
1,14,7,16716,16634.158929119232,81.8410708807678
4,23,0,13227,14581.161864205085,1354.1618642050853
3,16,17,15793,16785.500039755912,992.5000397559124
5,2,6,13726,15177.112784359157,1451.1127843591566
5,30,6,13316,14465.989809015944,1149.989809015944
9,15,4,12761,13572.81748689724,811.8174868972401
12,5,8,17950,16587.300676143816,1362.6993238561845
12,11,9,19524,16986.200537963443,2537.799462036557
11,26,15,13797,15873.973331421754,2076.9733314217538
5,3,15,14982,16218.495679877657,1236.4956798776566
4,19,20,16953,16525.043369072228,427.9566309277725
2,21,17,17380,16661.98266349058,718.0173365094197
9,6,6,12992,12688.163555173725,303.8364448262746
11,4,21,16638,15993.041893945454,644.9581060545461
3,11,13,14476,16321.033996802846,1845.0339968028456
2,28,17,18817,16326.550374485538,2490.4496255144622
4,25,14,14892,16150.642305968482,1258.642305968482
4,12,14,13334,15561.879942838072,2227.8799428380717
10,9,4,11761,14526.169869398656,2765.1698693986564
7,15,5,13920,15118.07518465961,1198.0751846596104
1,20,2,15938,16963.803534419378,1025.8035344193777
10,12,8,14160,14867.093943627871,707.0939436278713
12,24,20,16118,16758.008323172657,640.0083231726567
11,9,12,15752,16399.79806725567,647.7980672556696
7,26,20,19264,18069.217877437295,1194.782122562705
4,5,17,16051,16382.612727589232,331.61272758923224
6,9,16,15283,16293.626260532223,1010.6262605322227
5,22,2,11789,15178.735462435683,3389.735462435683
8,21,0,16569,15591.500773493954,977.4992265060464
4,5,20,15557,16216.472662263699,659.472662263699
11,28,12,15926,16479.392502135495,553.3925021354953
7,4,16,19158,16744.792769919473,2413.2072300805266
10,29,16,16473,15931.138961514403,541.8610384855965
6,17,20,19373,16666.09091783934,2706.9090821606587
11,26,22,16312,16349.611794951159,37.61179495115903
11,4,6,15118,15228.345706545288,110.34570654528761
1,9,17,18887,16922.45451732698,1964.5454826730202
5,8,2,11493,15937.854048095161,4444.8540480951615
11,19,19,16906,15641.084988328343,1264.9150116716573
9,8,5,15851,15334.518712145147,516.4812878548528
11,19,13,15507,15080.530277300551,426.46972269944854
11,27,19,18757,16870.258778642215,1886.7412213577845
11,20,23,14175,15859.89108048531,1684.8910804853094
12,1,10,16427,16262.046831289339,164.95316871066098
6,29,20,17289,16679.726489722525,609.273510277475
12,14,8,16660,16480.06319774024,179.93680225975913
1,8,15,17045,16534.984079926777,510.01592007322324
4,1,21,16125,16206.879075329687,81.87907532968711
4,24,4,11509,14922.18284192207,3413.182841922069
1,19,6,15397,15682.86460135971,285.8646013597099
11,7,4,12500,14499.271018753256,1999.2710187532557
1,20,14,17280,16612.89196647299,667.108033527009
3,19,18,15750,16501.39847051849,751.3984705184885
2,16,1,17465,16284.901101005746,1180.0988989942543
11,17,6,13718,16092.90537025627,2374.9053702562705
10,14,11,14025,15719.909100593604,1694.9091005936043
1,21,7,13554,15327.170223694582,1773.170223694582
2,2,20,18530,16657.231828296102,1872.7681717038977
3,4,8,16251,16245.022271873515,5.97772812648509
2,11,1,15405,15589.420759885603,184.42075988560282
11,2,14,15094,16302.173450836111,1208.1734508361114
11,6,0,13183,14706.61954260756,1523.6195426075592
2,26,13,15965,16334.148215805586,369.148215805586
6,2,0,11988,15650.209174376196,3662.2091743761957
8,16,18,21111,16886.406009209248,4224.593990790752
10,16,7,12540,15501.686419764825,2961.6864197648247
8,8,10,14831,14579.871168889727,251.12883111027259
11,3,3,12046,13420.920133739592,1374.9201337395916
7,20,15,21780,18306.906294825494,3473.093705174506
10,28,18,16807,16458.543349263226,348.45665073677446
7,8,16,20468,17793.472598989367,2674.527401010633
12,19,3,15193,16171.599729519628,978.5997295196285
4,29,5,11753,15298.25125438087,3545.25125438087
7,21,20,19294,18574.54880512992,719.4511948700783
11,4,4,12785,15283.35895407377,2498.3589540737703
10,13,14,12058,15154.356663395163,3096.356663395163
3,25,18,15131,16471.23218976567,1340.2321897656693
12,7,23,16325,16596.783645614036,271.7836456140358
1,16,14,17799,17036.140839100524,762.8591608994757
3,6,12,15806,16809.60905375367,1003.6090537536693
1,16,7,17152,16366.610659796394,785.3893402036065
7,26,19,20627,17472.755474225025,3154.244525774975
12,14,9,18215,17083.56306462146,1131.4369353785405
12,27,10,16740,16723.38130164469,16.61869835530888
9,7,12,21801,17549.9152990074,4251.0847009926
11,23,5,14922,16265.43871032273,1343.438710322729
4,10,6,11776,14686.869765168305,2910.869765168305
1,6,17,19581,17619.528985877725,1961.471014122275
12,16,17,16834,17009.269415429368,175.26941542936765
7,25,10,17738,16075.820572516457,1662.179427483543
7,27,3,13962,14568.221485411472,606.2214854114718
9,18,22,14972,15252.109319032104,280.1093190321044
7,17,8,13562,14007.684509601197,445.6845096011966
10,12,15,14291,16024.08857883693,1733.0885788369305
10,28,16,14909,15762.855816777543,853.8558167775427
7,20,0,14812,14692.221338688303,119.77866131169685
10,1,17,14299,15563.60784027709,1264.6078402770909
2,10,9,18272,17146.997068296372,1125.0029317036278
2,27,4,14078,15786.361142279842,1708.3611422798422
5,6,13,14664,16028.279311584956,1364.2793115849563
1,25,12,18358,16587.981449870967,1770.0185501290325
11,8,20,18455,16793.892833519847,1661.107166480153
12,19,7,17060,15672.724719872027,1387.275280127973
12,1,1,13173,14390.068328340049,1217.0683283400485
12,7,4,14021,16075.066955191563,2054.0669551915635
4,26,11,15178,16144.024288891509,966.0242888915091
1,11,16,18692,17096.430516690998,1595.569483309002
5,30,21,13180,15896.197605638852,2716.197605638852
11,9,6,13571,14489.339700604036,918.3397006040359
8,9,12,19661,17626.90280776361,2034.0971922363897
3,19,1,13287,16152.727732399522,2865.727732399522
3,27,0,13165,14500.15701445751,1335.1570144575107
7,30,9,13841,15739.814974122031,1898.8149741220313
12,31,22,14987,16445.595617302144,1458.595617302144
12,13,17,18891,17534.818691046876,1356.1813089531242
12,22,3,13490,14220.091284435912,730.0912844359118
5,31,8,16189,15427.935736740352,761.0642632596482
11,8,22,16679,17074.07975352182,395.07975352181893
12,17,9,17275,16194.55078482352,1080.4492151764807
8,25,9,18680,15654.491795066364,3025.508204933636
5,10,2,12077,15941.664736605948,3864.664736605948
11,4,10,16519,16029.205340190741,489.7946598092585
4,5,2,13379,15495.945100220748,2116.945100220748
8,7,8,17238,16185.796997633086,1052.203002366914
10,17,14,14478,15200.431628184999,722.4316281849988
3,8,13,15452,16395.855448735627,943.8554487356269
11,3,16,16553,15997.911739435873,555.0882605641273
1,3,13,15650,16437.154692174896,787.1546921748959
8,13,16,16055,17624.039149437573,1569.0391494375726
7,9,7,15239,14211.84739230576,1027.1526076942391
1,27,18,20168,17180.22094411567,2987.77905588433
6,21,15,16651,16271.485159170019,379.51484082998104
8,24,0,14806,15014.75275039912,208.7527503991205
8,12,19,18397,16541.257282966464,1855.7427170335359
3,8,21,17224,16896.393833889582,327.6061661104177
3,29,19,16815,16618.99180105557,196.00819894442975
8,10,11,21545,18043.967298849155,3501.0327011508452
6,28,6,12807,13451.508940866712,644.5089408667118
7,1,10,14112,16004.24808855395,1892.2480885539499
8,10,9,13887,13293.791422139431,593.2085778605688
10,18,12,13831,15094.362673381256,1263.3626733812562
5,4,23,13481,15805.677416930492,2324.6774169304917
7,2,15,21861,17600.83984492763,4260.160155072372
4,14,20,13655,16229.363634744455,2574.3636347444553
11,10,21,16943,16288.334195075871,654.6658049241287
11,27,10,17407,16342.285485367303,1064.7145146326966
8,27,5,10898,13136.453991062117,2238.453991062117
7,18,15,17844,17625.717278340537,218.28272165946328
1,26,16,18857,16541.18684666908,2315.8131533309206
6,2,20,16317,16697.742176781125,380.7421767811247
6,6,22,14742,14858.041674059989,116.04167405998851
1,7,21,18291,17679.430474298442,611.5695257015577
10,21,1,12903,15068.201094761855,2165.2010947618546
7,17,1,13101,14026.675436281452,925.6754362814518
10,16,5,12157,13642.398072109962,1485.3980721099615
1,10,15,18455,17281.21731743415,1173.7826825658485
4,26,5,12683,14913.714362680419,2230.714362680419
12,16,7,16432,14537.185581885129,1894.814418114871
1,21,20,22268,16350.535320197401,5917.464679802599
3,26,1,13510,15904.707769580411,2394.707769580411
1,17,0,15255,16066.860261227208,811.860261227208
9,3,13,13190,15219.06439309342,2029.0643930934202
9,1,20,17310,17344.800444762015,34.800444762015104
4,27,13,14266,16032.339601537755,1766.3396015377548
5,1,1,11292,16103.842076137353,4811.842076137353
3,12,23,14376,15826.819253347736,1450.8192533477359
2,1,17,18524,17053.928570223517,1470.0714297764825
1,28,9,18189,17088.71958266249,1100.2804173375116
12,8,8,17961,16965.929036302863,995.0709636971369
12,19,18,18534,16136.516208629957,2397.483791370043
11,27,4,12583,14871.55176698802,2288.551766988019
6,14,13,14385,14545.355578925508,160.35557892550787
1,10,13,16100,16379.180347542366,279.1803475423658
5,29,4,11915,14016.475585431283,2101.4755854312825
2,4,3,13211,14650.159604134518,1439.1596041345183
5,18,1,10263,16036.00701560154,5773.007015601541
9,20,18,19173,17327.911662168335,1845.0883378316648
5,15,12,14679,15825.571149062564,1146.5711490625636
3,1,17,16720,16056.69048827722,663.3095117227804
8,28,14,20155,16624.826384293185,3530.1736157068153
3,25,11,13881,16106.28026098763,2225.2802609876308
12,23,22,18017,16788.09367177665,1228.906328223351
5,29,1,14134,15738.828957386726,1604.828957386726
5,27,1,14319,14974.855291318185,655.8552913181848
10,4,13,15042,15733.378011347362,691.3780113473622
2,25,13,17534,16830.844258119654,703.1557418803459
10,2,20,16483,15108.668807075994,1374.3311929240062
3,7,19,17401,15544.267839785072,1856.7321602149277
8,14,14,19898,18815.36426178415,1082.6357382158494
10,8,20,17249,15649.77068632111,1599.2293136788903
3,2,14,16325,16429.960454094133,104.96045409413273
7,11,18,18607,16843.79489084443,1763.2051091555695
7,25,8,13885,14848.257103726648,963.257103726648
1,6,3,14709,15677.474737222536,968.4747372225356
1,26,17,18068,16560.51256743929,1507.4874325607088
10,6,20,16114,15825.665325332851,288.33467466714865
8,22,4,13556,14425.69696198112,869.6969619811207
5,16,2,11688,14782.032788011644,3094.032788011644
12,18,19,19860,17034.05757478649,2825.9424252135104
4,26,9,15017,15206.81023580079,189.8102358007909
3,28,5,14701,15622.151747701892,921.1517477018915
5,9,19,14044,15904.427209834299,1860.427209834299
9,1,14,16661,17244.33035072141,583.3303507214114
6,20,17,15172,16216.030517679967,1044.0305176799666
6,14,16,17303,16088.069980365259,1214.9300196347413
8,7,3,12746,15375.03334892759,2629.033348927591
5,9,22,14304,15976.41728031221,1672.4172803122092
12,6,17,19059,17384.49314331799,1674.5068566820082
7,12,19,17706,17036.574360663824,669.4256393361757
5,2,0,11498,15799.375904525452,4301.375904525452
3,15,3,14835,16071.959667534082,1236.9596675340817
2,13,21,20346,17300.736941385618,3045.2630586143823
2,1,1,12998,14410.486654575561,1412.4866545755613
11,25,9,16457,16005.690440768909,451.30955923109104
4,3,8,16947,16644.865086184887,302.13491381511267
4,29,17,14543,15991.55354418833,1448.5535441883294
3,10,19,18811,16820.914848072087,1990.085151927913
10,10,9,16039,15949.184613222726,89.8153867772744
11,28,20,20176,16792.466118463202,3383.5338815367977
8,28,12,17586,16547.77452150071,1038.225478499291
7,10,16,17728,17675.989836240184,52.01016375981635
7,25,17,20810,17867.646244397027,2942.3537556029733
11,12,11,14542,16206.231658159537,1664.231658159537
10,23,4,12604,14273.975783196727,1669.9757831967272
2,12,18,19914,16270.273083146674,3643.7269168533257
4,14,0,13560,15269.638345156742,1709.6383451567417
11,30,1,13921,14901.739940851285,980.7399408512847
5,28,1,11217,14526.076135649628,3309.0761356496278
5,15,21,13720,15925.28263613261,2205.2826361326097
12,29,10,16027,16166.242478688924,139.24247868892417
10,6,11,14552,15419.085657669453,867.0856576694532
4,5,5,12313,14959.433996890442,2646.4339968904424
9,13,16,15948,16195.116903055628,247.11690305562843
6,20,10,19276,17266.69429749688,2009.3057025031194
10,5,22,16017,16284.643962560895,267.6439625608946
11,3,20,16872,16384.41823398021,487.58176601978994
1,16,12,18244,16252.620696720474,1991.3793032795256
8,17,15,14391,16979.901076755992,2588.901076755992
9,23,2,13541,14682.495112165632,1141.4951121656322
5,26,15,13861,15779.965166849734,1918.9651668497336
3,30,23,12926,15950.50370907358,3024.5037090735805
8,19,5,12273,14050.823532811717,1777.823532811717
7,24,8,15955,14969.65860374171,985.3413962582908
3,15,6,14467,14292.704218450002,174.29578154999763
7,10,4,12793,14074.961970083843,1281.961970083843
3,28,1,14648,16364.202308513984,1716.2023085139845
1,19,15,16974,17617.74040701782,643.74040701782
11,25,6,13904,14067.672430564504,163.67243056450388
10,16,15,14520,15337.825653357448,817.8256533574477
4,28,19,14576,16301.587071136417,1725.5870711364169
4,10,12,12481,16011.633770643606,3530.633770643606
10,22,12,15294,15796.820137927565,502.82013792756516
3,22,20,18572,16690.03481590099,1881.9651840990082
2,23,13,15205,16079.116547022006,874.1165470220058
4,26,17,14880,16063.273949973822,1183.2739499738218
6,17,16,20728,16931.70186659069,3796.2981334093092
6,22,21,17790,16459.08632048397,1330.9136795160302
2,17,7,17464,16515.562340364664,948.4376596353359
2,18,17,17989,17940.249218756177,48.75078124382344
10,11,7,15759,14285.898488591722,1473.1015114082784
11,22,15,14808,16364.188519208077,1556.1885192080772
11,10,6,13235,14369.521103939263,1134.5211039392634
12,12,14,18521,17387.3076774827,1133.6923225173014
11,17,16,16780,16250.36354243059,529.6364575694097
1,15,5,16121,16322.323895128151,201.32389512815098
9,10,20,18523,17737.760950501433,785.2390494985666
9,17,9,16757,14579.63070429476,2177.369295705241
8,20,10,14725,14361.619876886565,363.3801231134348
12,2,6,12764,14774.308398065994,2010.308398065994
8,15,15,14973,16182.113800778656,1209.1138007786558
3,9,4,13847,14699.655863735608,852.6558637356084
8,6,12,16538,16146.37745603898,391.6225439610207
3,26,16,15393,16262.45376682699,869.4537668269895
11,12,16,15090,15533.330704532338,443.33070453233813
1,7,16,18833,17580.87149384877,1252.1285061512317
9,3,22,15655,15899.742771147867,244.74277114786673
4,22,6,12498,15787.591520504026,3289.5915205040255
4,3,6,14936,16057.627924825858,1121.627924825858
5,5,1,12923,13837.503604326088,914.503604326088
7,1,19,17337,16331.432939750306,1005.5670602496939
12,25,8,13195,16363.134474087303,3168.134474087303
3,8,17,15803,15993.310707471732,190.3107074717318
8,26,9,17646,15861.380621882441,1784.6193781175589
4,24,4,11745,16103.229635958121,4358.229635958121
7,25,6,14907,13917.850500026789,989.1494999732113
6,14,10,14332,13733.06567933828,598.9343206617195
4,15,16,16833,17353.46735696912,520.4673569691186
3,8,4,13656,15250.636201813075,1594.6362018130749
7,9,6,13660,12630.169593860155,1029.8304061398449
11,2,18,16416,15943.58379365266,472.41620634733954
3,16,13,15693,16671.420296539294,978.4202965392942
2,9,6,16426,16455.270318024515,29.27031802451529
3,11,9,17125,16070.258981808904,1054.7410181910964
3,23,14,15941,17039.392776028388,1098.3927760283877
7,20,5,12582,13423.105799271609,841.1057992716087
7,21,5,15053,15736.155175257893,683.1551752578926
10,31,5,13082,15244.2350944439,2162.2350944439004
2,9,2,13901,15582.85350809565,1681.8535080956499
7,11,17,20695,17317.08516640013,3377.914833599869
6,20,13,15655,16161.425549208565,506.4255492085649
9,10,9,14880,14183.572965528114,696.4270344718861
2,27,8,16249,15761.25043757523,487.74956242476946
6,18,7,11707,14406.782198768928,2699.7821987689276
1,20,20,20536,17451.809243288248,3084.1907567117523
7,14,0,14955,14743.604291855188,211.39570814481158
12,8,9,17511,16401.907380767527,1109.0926192324732
11,22,0,14104,14443.078718003497,339.07871800349676
9,4,2,14231,15789.718005753117,1558.7180057531168
6,2,17,16198,16753.57652932534,555.5765293253389
10,3,20,15450,15733.608466020414,283.6084660204142
11,13,13,16899,16507.827910018204,391.1720899817956
9,24,23,13392,14997.144131706467,1605.1441317064673
3,14,4,14663,15454.808005458168,791.8080054581678
6,10,1,12193,14400.52504666907,2207.5250466690704
8,13,15,20129,17362.003578967215,2766.9964210327853
6,9,6,12793,13505.77043391601,712.77043391601
12,20,14,16344,16031.252834349776,312.7471656502239
3,13,7,15884,15615.410323045475,268.5896769545252
5,6,15,13728,15753.974880954273,2025.9748809542725
2,26,13,16554,16731.28520153165,177.28520153164936
1,14,14,17852,17266.054087839573,585.9459121604268
11,21,10,17923,16427.457130073053,1495.5428699269469
10,27,8,12559,14652.641844949167,2093.6418449491666
8,29,19,20668,18641.657207773158,2026.342792226842
4,2,9,13258,15489.637378626381,2231.637378626381
1,6,20,19105,16812.871988694635,2292.1280113053654
9,2,13,14453,16137.319364252347,1684.3193642523474
6,18,15,16297,16389.67222367728,92.67222367728027
10,12,7,15695,13935.696100305411,1759.3038996945888
10,2,12,14455,15356.004659501361,901.004659501361
11,10,12,16294,16792.834962171983,498.8349621719826
8,19,22,19565,17134.330889704586,2430.6691102954137
12,1,19,17872,16126.027531340882,1745.972468659118
4,4,20,14282,15507.439870583206,1225.4398705832064
12,9,5,14649,14846.992603152046,197.99260315204629
1,28,12,14664,15956.783870113139,1292.7838701131386
2,6,2,15622,16142.008165178278,520.0081651782784
1,14,11,17968,17355.447877643415,612.5521223565847
2,6,14,18913,17739.925858740404,1173.0741412595962
2,10,23,17386,18619.659394363625,1233.6593943636253
3,29,10,13856,15912.038304479789,2056.038304479789
5,20,23,11849,15944.01328183197,4095.0132818319707
10,18,22,14174,15932.134092981794,1758.1340929817943
3,18,9,17011,16920.51481918195,90.48518081805014
7,29,20,18704,17551.5785111294,1152.421488870601
8,11,1,13940,14536.95357702289,596.9535770228904
8,5,21,19621,18282.31727768689,1338.6827223131113
12,1,4,13226,16051.184413508068,2825.1844135080682
4,17,23,13558,16324.254438588112,2766.254438588112
4,20,6,15136,15411.65676594589,275.6567659458906
2,25,17,17498,17945.012706890306,447.0127068903057
8,1,19,19726,17027.128519315716,2698.8714806842836
1,16,18,20152,18398.192668006115,1753.8073319938849
4,2,19,14590,15844.57002110302,1254.5700211030198
10,26,3,12215,14110.553504551308,1895.553504551308
8,2,22,15603,16770.58051033157,1167.5805103315688
1,4,21,16251,17198.464213411182,947.4642134111818
7,11,20,19811,17816.664300554454,1994.3356994455462
10,20,13,15305,15380.344751773588,75.34475177358763
9,4,1,13139,14330.34819974152,1191.3481997415201
10,8,5,11443,13818.219099783691,2375.2190997836915
1,20,3,15878,16433.029688979805,555.0296889798046
1,13,14,18658,17604.545817954117,1053.4541820458835
10,27,13,14021,15529.228864716792,1508.2288647167916
8,12,3,13053,13012.08156003233,40.918439967670565
9,22,20,15584,15517.2171164828,66.78288351720039
12,20,22,16302,16442.317153098076,140.31715309807623
9,1,3,11444,13494.251852733727,2050.251852733727
3,29,2,13733,15796.243563475367,2063.2435634753674
4,26,22,14290,15983.169123243919,1693.1691232439189
11,30,7,15314,16300.906952749772,986.9069527497722
12,1,12,17341,16121.873448872557,1219.1265511274432
4,13,11,13846,15807.027432993586,1961.0274329935855
3,23,22,16026,16383.114415103879,357.11441510387886
7,5,1,13066,14946.387370092241,1880.3873700922413
6,4,14,15886,16196.290124049754,310.290124049754
12,3,21,17907,16384.10905887175,1522.8909411282511
5,1,10,15871,16169.536731525397,298.53673152539704
7,7,23,16006,16446.566552839948,440.5665528399477
7,5,4,12340,14123.990256636047,1783.990256636047
1,17,1,16173,16032.595938708933,140.40406129106668
8,26,6,14003,12685.540642953814,1317.4593570461857
1,9,0,15340,14909.247562581506,430.7524374184941
4,30,18,14031,16230.556629901646,2199.5566299016464
2,24,21,17347,16751.846445317344,595.1535546826562
3,8,22,16478,16262.757432026237,215.24256797376256
2,14,3,15413,16516.362340552994,1103.3623405529943
5,21,20,14137,16215.997056278035,2078.9970562780345
9,6,2,13699,14936.583892511353,1237.583892511353
12,17,6,13221,15884.689795520473,2663.689795520473
1,25,9,17821,16905.365037244246,915.6349627557538
7,20,20,18011,16720.998139459738,1290.001860540262
6,9,7,13317,13865.859244126439,548.8592441264391
9,27,19,16973,16338.852683065516,634.1473169344845
11,8,10,14720,15627.81188344353,907.81188344353
11,7,6,13918,14185.904753993393,267.90475399339266
9,2,20,14134,16056.489940838936,1922.4899408389356
9,15,8,15138,14195.106483486918,942.8935165130824
1,26,19,21045,16438.454833033484,4606.545166966516
11,16,21,17533,17198.12506989923,334.87493010077014
12,1,5,12875,13967.97123126967,1092.9712312696702
9,8,0,17337,15620.771640039195,1716.2283599608054
4,27,18,14500,16005.896662504785,1505.8966625047851
3,5,20,17473,17142.72093982648,330.27906017352143
1,25,0,15162,15069.095636362881,92.90436363711888
8,14,18,19476,16981.123314589826,2494.876685410174
3,18,16,16025,16267.53498727109,242.53498727109036
9,10,1,10966,12872.302107111815,1906.3021071118146
1,31,17,16674,16130.902240700729,543.0977592992713
9,12,7,12747,15157.762216554029,2410.762216554029
4,4,20,16841,16282.668748621052,558.3312513789479
4,29,16,13547,16058.513112323193,2511.513112323193
1,4,1,13765,14556.799495107893,791.7994951078927
5,5,4,12105,14341.275502447314,2236.2755024473136
2,3,8,14935,16342.075515348763,1407.0755153487626
4,4,10,16725,16596.003454336013,128.9965456639875
5,25,13,17534,17023.331149598107,510.668850401893
11,25,1,14089,15210.455885633577,1121.455885633577
8,31,15,18604,17063.093593534726,1540.906406465274
8,28,8,16219,15417.077564482957,801.9224355170427
6,9,3,12107,12534.060868265182,427.06086826518185
6,19,14,12794,16023.455576139268,3229.4555761392676
10,3,14,14068,15285.06762316859,1217.0676231685902
3,26,16,14548,15995.798912746857,1447.7989127468572
5,5,14,12545,15826.805450924041,3281.805450924041
8,3,7,13458,13262.418020062165,195.58197993783506
6,27,19,18146,16869.134332146394,1276.8656678536063
10,27,21,17177,16563.758832646356,613.2411673536444
4,19,13,15356,15355.51525603742,0.4847439625791594
6,22,19,16052,16220.7401448778,168.74014487780005
5,8,20,14063,15639.302241622961,1576.3022416229614
9,3,20,18809,18018.570726726124,790.4292732738759
2,26,23,15749,16530.234670129154,781.2346701291535
7,11,19,18185,16941.21397118765,1243.7860288123484
10,25,16,15385,16233.852546499775,848.8525464997747
3,9,11,15559,15411.51662662252,147.48337337747944
9,11,21,15804,15586.258274467025,217.74172553297467
3,29,9,16053,16160.179765820609,107.17976582060874
12,25,1,13560,15886.484009511309,2326.4840095113086
4,29,4,11917,14246.977072186839,2329.977072186839
9,15,20,18049,17418.694050643822,630.3059493561777
12,25,6,12029,16282.40040222013,4253.40040222013
2,8,12,18417,16615.166124153162,1801.833875846838
5,17,12,14581,16043.963860601683,1462.9638606016833
1,5,5,14839,16511.714886626327,1672.714886626327
12,4,22,17688,16959.21224061371,728.7877593862904
4,26,15,13751,15991.062626916002,2240.062626916002
7,16,12,16352,15850.24420303096,501.7557969690406
5,26,7,15191,13886.861322084518,1304.1386779154818
11,18,2,13662,15436.961032358613,1774.961032358613
12,17,0,15970,14631.699848906159,1338.3001510938411
3,23,17,15172,16036.083409552972,864.0834095529717
8,9,7,12696,14660.959534850575,1964.9595348505754
10,19,2,12605,15063.225047442367,2458.225047442367
1,17,6,16230,16211.269725205397,18.730274794603247
11,19,1,14460,15318.793636706156,858.7936367061557
7,9,14,16455,16619.418187748834,164.4181877488336
8,7,4,11296,12965.452860639423,1669.4528606394233
10,10,22,13228,15894.877941480556,2666.877941480556
8,28,17,16679,16894.342210208048,215.34221020804762
7,25,7,13634,14392.039852773229,758.0398527732286
3,10,1,14242,15956.781727918282,1714.7817279182818
2,6,5,14529,15703.784334849264,1174.7843348492643
3,12,10,15368,16132.155231634697,764.155231634697
2,17,6,15581,16813.62592004204,1232.625920042039
6,30,10,18449,16952.69233192814,1496.3076680718586
2,4,8,17405,16761.957331111873,643.0426688881271
3,3,0,15747,15448.279811834529,298.720188165471
1,4,13,17465,16985.404566277994,479.5954337220064
1,15,4,16074,16273.77798886865,199.77798886864912
3,30,13,14600,16010.049157150845,1410.0491571508446
1,12,23,17577,17703.24250531367,126.24250531366852
4,14,5,11555,16249.207975154304,4694.207975154304
11,7,18,18135,16887.35632162424,1247.64367837576
12,4,21,18796,17598.52939285215,1197.4706071478504
3,26,12,14721,15746.392836264611,1025.392836264611
2,19,4,16684,16589.17454204637,94.82545795362967
12,9,14,16360,15709.308438020864,650.6915619791362
10,10,2,12048,13716.164008368014,1668.164008368014
2,28,6,13868,15352.366758094302,1484.366758094302
8,17,8,15188,14808.002007225048,379.99799277495185
5,1,7,15138,14507.262675709811,630.7373242901886
3,11,10,15923,17447.27964906511,1524.279649065109
11,10,0,14137,14072.641766580618,64.35823341938158
9,24,14,15480,16746.980639089023,1266.9806390890226
4,11,17,17073,16377.68644692775,695.3135530722502
11,23,4,13792,14737.736660783843,945.736660783843
7,29,2,14076,15287.68407729093,1211.6840772909309
12,7,6,13733,14500.160526205522,767.1605262055218
1,20,0,15281,15509.210239688702,228.21023968870213
5,8,9,15493,16017.497470480172,524.4974704801716
6,12,19,16247,15761.55456077653,485.4454392234693
4,24,3,11919,13744.0219037266,1825.0219037265997
6,10,15,17077,16777.735197173326,299.264802826674
5,16,8,11352,14325.935836246244,2973.9358362462444
4,15,7,11823,15701.126752079286,3878.1267520792862
9,27,9,15712,15190.506983762289,521.4930162377113
2,5,18,18001,17259.875593201687,741.1244067983134
5,25,5,11026,13646.414016810755,2620.414016810755
2,2,15,17134,16485.326818090478,648.6731819095221
12,15,3,14591,14671.577587897118,80.57758789711806
2,13,8,17328,16601.04035444108,726.9596455589199
6,10,16,13810,15912.301512966207,2102.301512966207
11,9,15,15815,15866.59695756423,51.59695756423025
1,17,17,18311,17313.910082714352,997.089917285648
6,6,11,15156,15287.85161865039,131.85161865038936
5,1,19,16716,16211.066314762134,504.9336852378656
2,15,17,17132,16466.96791355895,665.0320864410496
1,21,15,19845,17968.648955498134,1876.3510445018655
8,16,15,16750,16725.622891227616,24.377108772383508
12,21,16,16848,16190.21939824281,657.7806017571893
3,19,3,12892,15994.397300438633,3102.3973004386335
12,4,22,15962,16699.139832528726,737.1398325287264
12,23,21,16719,16738.023716196745,19.023716196745227
5,4,20,15465,16008.060882235863,543.0608822358627
4,18,11,14646,16034.736575304923,1388.7365753049235
12,21,3,14585,15278.276610597679,693.2766105976789
8,11,8,17934,15791.777201971643,2142.222798028357
10,11,0,12263,14291.84050821705,2028.8405082170502
5,3,12,15069,15718.244973670611,649.2449736706112
1,25,6,14538,17050.288207239064,2512.288207239064
10,29,12,16069,15873.718492330405,195.28150766959516
1,5,13,19585,17969.92510798162,1615.0748920183796
7,28,12,15576,16443.075239186583,867.0752391865826
8,25,1,13991,14102.314202043804,111.31420204380447
1,12,22,17313,17715.529264258796,402.5292642587956
8,10,1,12670,14450.704692016436,1780.7046920164357
7,8,14,16796,16968.58643223906,172.58643223905892
6,11,13,14907,16313.940702015356,1406.9407020153558
6,13,0,12906,13190.366930562981,284.366930562981
6,8,21,16422,16655.87993681163,233.8799368116306
6,7,4,11833,13526.606336324588,1693.6063363245885
10,21,22,14255,15441.191638083841,1186.191638083841
6,3,14,18390,16624.139160405164,1765.8608395948359
4,24,16,15069,15831.23508386238,762.2350838623806
12,7,16,17028,16512.300115763344,515.6998842366556
12,9,17,17514,15626.535094021094,1887.4649059789062
2,14,14,18418,16824.970765903192,1593.029234096808
1,11,16,17542,16923.744302153893,618.2556978461071
2,3,3,16168,16895.920154069805,727.920154069805
12,15,7,17277,16234.988454876748,1042.0115451232523
12,29,13,16470,16658.656731333995,188.65673133399468
3,25,10,16034,16053.32593017754,19.325930177539703
12,7,7,15022,15938.590217151155,916.5902171511552
9,4,20,21244,17471.128921973104,3772.8710780268957
10,24,5,12901,14007.95294761954,1106.9529476195403
7,31,8,16293,15014.974171560874,1278.0258284391257
3,30,10,17718,16236.553709092474,1481.4462909075264
12,15,13,15421,15109.55829944584,311.44170055416
12,5,0,14537,15109.890445630659,572.8904456306591
11,24,21,16108,16583.692582551575,475.69258255157547
10,22,19,14263,15377.892193609732,1114.8921936097322
10,10,11,15715,15446.424265491016,268.57573450898417
12,24,3,15044,14921.931386998644,122.06861300135643
1,8,7,16196,16130.137423199081,65.86257680091876
5,1,4,11045,16210.926797607388,5165.926797607388
7,27,12,18246,17093.531602291878,1152.4683977081222
10,7,3,11832,13171.317568987988,1339.3175689879881
9,29,2,11765,13323.38626542514,1558.3862654251407
9,6,2,12192,15684.995303167503,3492.995303167503
4,4,0,13863,16194.65300916358,2331.6530091635796
9,13,18,19708,17580.011824469617,2127.988175530383
5,2,2,11725,15970.049883526046,4245.049883526046
3,12,10,16525,17060.053091074275,535.0530910742746
9,25,5,10824,13552.769827638942,2728.769827638942
8,23,18,17339,16406.363557618657,932.6364423813429
12,11,8,18151,16171.987340246824,1979.0126597531762
4,6,5,12838,13549.701093909294,711.7010939092943
3,16,0,13764,14450.985751857752,686.9857518577519
8,4,20,17414,16543.168542025207,870.831457974793
6,1,23,14565,15685.775146497015,1120.7751464970152
2,22,2,15925,16263.612856226124,338.61285622612377
4,30,18,13687,16098.121839038944,2411.121839038944
10,10,11,12593,15970.112283885572,3377.1122838855717
12,31,13,16330,16562.120660050263,232.1206600502628
11,2,20,16000,16138.08402258044,138.08402258044043
2,28,17,17169,16766.944148277813,402.05585172218707
1,14,11,18762,17527.941554187146,1234.0584458128542
5,27,6,12744,13894.550138608254,1150.5501386082542
6,25,4,11740,13455.663167395862,1715.6631673958618
10,31,9,16725,16136.55736658224,588.4426334177606
9,23,4,12117,13191.703649507037,1074.703649507037
2,26,12,19001,16964.812893463157,2036.1871065368432
5,8,20,16033,16181.137880655047,148.1378806550474
1,29,23,17061,17502.843371230603,441.8433712306032
2,7,8,17314,16427.29289786034,886.7071021396587
11,22,23,16174,17632.127016995135,1458.127016995135
5,20,7,12524,15067.528566938689,2543.5285669386885
10,26,8,14729,15642.925341974862,913.925341974862
11,12,5,12411,14176.957245646852,1765.9572456468522
4,28,0,13035,15749.388263498406,2714.3882634984056
7,2,8,16883,15880.883078330853,1002.1169216691469
2,1,23,16484,16640.634639560307,156.63463956030682
8,8,10,16571,14662.587372535618,1908.4126274643822
4,16,4,12012,13259.065157993558,1247.0651579935584
5,7,10,14251,15644.14511452865,1393.14511452865
2,10,3,15212,16564.012554959605,1352.012554959605
11,20,21,18203,17229.171742855775,973.8282571442251
3,8,20,17340,15703.352390708467,1636.6476092915327
7,25,9,14814,15389.896008818125,575.8960088181248
1,1,18,17120,16539.261379330474,580.7386206695264
4,5,20,16788,16456.11619235104,331.8838076489592
3,25,8,13861,16275.799536441189,2414.799536441189
8,11,11,20834,17852.79459492645,2981.2054050735496
12,4,14,18307,16834.9635856668,1472.0364143332008
8,29,18,18882,16511.430523186154,2370.5694768138455
12,31,7,13051,15062.277629390128,2011.277629390128
9,12,9,15010,13926.958564968667,1083.041435031333
3,23,9,17269,16143.579721155089,1125.420278844911
8,26,3,12810,13870.000145523632,1060.0001455236325
2,24,5,13297,15392.022663604876,2095.0226636048756
2,12,8,15850,16495.668260423852,645.6682604238522
9,9,8,15547,15294.50549033165,252.49450966834956
8,22,23,14718,15438.176700990582,720.1767009905816
9,9,15,18696,17352.130358300816,1343.8696416991843
1,20,21,21651,16446.895210712926,5204.104789287074
1,21,10,20369,16357.753456270895,4011.246543729105
5,6,4,12048,14442.127727924284,2394.127727924284
5,3,16,15354,16233.826110820923,879.8261108209226
11,9,7,13219,14106.940941267687,887.9409412676869
8,23,10,15666,14648.049538263189,1017.9504617368111
8,21,20,19444,19269.71236624479,174.28763375521157
7,25,11,19531,16567.018428342402,2963.9815716575977
8,18,22,16482,17515.695289918858,1033.6952899188582
3,26,17,13627,16005.65098847241,2378.650988472409
2,25,10,16878,16692.478484203948,185.52151579605197
3,17,3,13126,14706.963687206797,1580.9636872067967
12,12,21,18539,17647.232828991055,891.7671710089453
5,9,18,13387,16060.137322398321,2673.137322398321
1,12,22,18203,16997.912739629613,1205.0872603703865
6,14,23,14115,16175.908468084528,2060.908468084528
11,17,16,16159,16852.937521470216,693.9375214702159
4,24,21,16379,16388.854635651704,9.854635651703575
12,18,11,16710,16519.589558042626,190.41044195737413
1,5,20,18286,16893.157072130172,1392.8429278698277
3,14,9,17481,16975.634718305144,505.3652816948561
9,17,18,17719,17823.924621764643,104.92462176464323
11,6,4,11867,13252.793335044158,1385.793335044158
11,4,12,16589,15573.629419713185,1015.3705802868153
1,19,20,18742,17939.063683967,802.9363160329995
2,23,11,16159,16276.951321003473,117.95132100347291
6,29,23,14460,15587.41189921178,1127.41189921178
7,10,4,11989,14721.563854876109,2732.563854876109
1,24,5,14299,16178.885261899362,1879.8852618993624
6,6,5,12471,13695.119183577648,1224.119183577648
3,26,9,15841,15815.393060823359,25.60693917664139
11,29,17,15551,16126.34898426337,575.3489842633699
12,14,6,13745,14749.164372444187,1004.1643724441874
7,4,8,18158,15435.461279483932,2722.5387205160678
3,1,6,15563,16056.16919425927,493.1691942592697
8,6,2,11332,13825.021562891967,2493.021562891967
10,24,17,15421,15772.743769710907,351.74376971090715
1,15,9,15430,16942.017708736395,1512.0177087363954
1,4,8,17597,17392.097270487724,204.90272951227598
12,14,6,13743,14600.470712764172,857.4707127641723
5,1,23,12902,15969.462802401196,3067.4628024011963
11,10,0,12422,13966.918469912716,1544.9184699127163
1,11,3,13950,14699.846840184804,749.846840184804
2,6,9,18090,16980.356263623496,1109.6437363765035
4,22,16,13764,16076.312583994017,2312.3125839940167
1,23,20,18382,16968.696945515487,1413.3030544845133
10,11,5,13083,13238.738225360697,155.73822536069747
12,2,19,19296,16853.265080684483,2442.734919315517
5,27,1,13063,15362.427374783078,2299.4273747830775
7,22,21,17007,16815.489735864536,191.51026413546424
11,3,22,14961,15152.944359909692,191.94435990969214
1,13,11,17374,16010.779427228981,1363.2205727710189
3,26,11,17503,16632.608544875,870.3914551250018
2,28,8,18967,17332.07019268051,1634.9298073194914
4,15,13,15207,15636.172758298046,429.17275829804566
10,30,5,12204,14818.745199279507,2614.745199279507
4,2,10,12833,15566.6030846314,2733.6030846314006
3,7,20,18919,17153.08905881241,1765.9109411875907
1,7,17,19070,18045.797412379015,1024.2025876209846
1,19,17,18727,17569.460803970996,1157.5391960290035
11,11,8,15780,14878.868496183179,901.1315038168214
8,23,1,12349,13235.050382320858,886.0503823208583
7,7,4,14689,15314.408826831437,625.4088268314372
11,12,10,15274,15234.973529977093,39.02647002290723
12,19,20,17529,17339.268753802207,189.73124619779264
6,12,18,18300,17041.7791732892,1258.2208267107999
1,1,10,14890,16896.487375131182,2006.4873751311825
5,25,0,12273,13410.96862493999,1137.9686249399892
3,31,20,16892,16919.201911070144,27.20191107014398
5,29,3,11085,15455.890197075194,4370.890197075194
11,20,15,14735,15011.799200258474,276.79920025847423
9,18,9,13982,14574.313563733846,592.3135637338455
10,25,6,13745,15367.585393819476,1622.585393819476
9,22,8,15219,15423.839082950839,204.83908295083893
10,17,7,13191,15600.424219152428,2409.424219152428
12,17,13,17073,17049.462256855826,23.537743144173874
3,10,8,14794,16357.93036409512,1563.9303640951202
5,19,10,12787,15999.144053960952,3212.144053960952
12,8,7,13607,15883.38656561903,2276.38656561903
10,15,15,13100,15393.152896633492,2293.1528966334918
3,28,15,16731,16897.066341127153,166.06634112715255
6,22,12,17733,16608.302492683622,1124.6975073163776
10,19,2,12192,13183.453449522123,991.4534495221233
4,24,19,16296,16280.602305919629,15.397694080371366
12,4,11,16963,15729.76250948589,1233.2374905141096
11,22,18,18662,16386.432462461336,2275.5675375386636
10,6,7,12840,15057.015517921376,2217.015517921376
9,30,12,13123,15140.327266788581,2017.3272667885813
7,24,11,15760,16635.41590532327,875.4159053232688
1,24,19,19472,16357.12126866546,3114.87873133454
12,30,13,17070,16739.291437441716,330.70856255828403
6,21,8,15330,15354.618645853378,24.61864585337753
11,7,3,12488,13412.768658647417,924.7686586474174
1,5,0,16106,16253.65219962509,147.65219962509036
6,2,16,15566,16561.867869045378,995.867869045378
12,10,10,17815,16658.085931944745,1156.9140680552555
10,20,9,13782,14749.118923726859,967.1189237268591
3,26,5,14382,14731.481624146212,349.4816241462122
2,24,1,13004,15447.656263028404,2443.6562630284043
2,21,20,18569,17010.465594546757,1558.5344054532434
12,3,8,15075,15690.934877203474,615.9348772034737
5,23,20,14724,16020.130852520077,1296.1308525200766
2,20,8,18090,16898.653597480887,1191.3464025191133
11,12,9,16595,16459.602235646544,135.3977643534563
3,26,23,14930,16375.58549529917,1445.5854952991704
7,11,22,17692,16985.884510825876,706.1154891741244
4,11,23,11929,16442.48961810811,4513.489618108109
2,1,20,19790,16494.172333973802,3295.827666026198
9,3,10,15891,14815.109443776257,1075.8905562237433
3,6,9,18800,17626.891600529805,1173.1083994701949
5,17,0,12589,14032.120971129563,1443.1209711295633
3,20,23,14285,17450.633993746185,3165.6339937461853
1,21,18,18743,16802.67368452189,1940.3263154781089
1,3,7,16283,16400.257588431487,117.25758843148651
10,28,12,13967,15209.334623315057,1242.334623315057
12,16,5,13664,13491.348710668231,172.65128933176857
11,19,15,15276,15456.050068446812,180.05006844681157
7,17,2,12634,13475.65836098318,841.6583609831796
6,17,9,13564,14173.607499766247,609.6074997662472
12,23,20,17010,15288.711857952398,1721.2881420476024
4,19,12,16371,16460.487953343898,89.48795334389797
9,17,6,14619,12668.796581305744,1950.2034186942565
12,4,10,17627,17416.085012958138,210.91498704186233
7,13,1,14677,16045.93381210132,1368.9338121013207
2,6,9,19851,16313.172104634086,3537.8278953659137
8,25,9,20071,16023.370001270687,4047.6299987293132
4,10,8,14836,16168.695828571117,1332.695828571117
3,20,14,15988,16601.353456659348,613.353456659348
4,20,3,11861,15475.97474412945,3614.9747441294494
11,27,9,17677,16468.346140171034,1208.6538598289662
5,4,19,13844,15904.52085298352,2060.52085298352
11,16,3,12381,13106.709629556957,725.7096295569572
9,23,22,14004,15493.65686385867,1489.6568638586705
1,15,22,19145,17611.034468398764,1533.9655316012359
3,21,9,16771,16625.59998166459,145.400018335411
3,11,12,16380,16163.6693718117,216.33062818829967
12,29,17,16741,16380.366680281646,360.63331971835396
3,3,8,18811,16674.04366125098,2136.95633874902
12,16,6,15285,14444.164454227703,840.8355457722973
1,27,22,15335,16525.1888019914,1190.1888019914004
10,1,3,11973,13720.567859917852,1747.5678599178518
2,21,4,12793,15334.084963677764,2541.084963677764
4,6,3,12196,13473.601197908123,1277.6011979081231
5,5,10,12926,15646.748524035078,2720.748524035078
9,16,21,15928,15792.016860875105,135.9831391248954
12,27,5,14054,14999.96490570411,945.9649057041097
2,7,10,18026,16388.227788319473,1637.772211680527
7,1,18,20280,16386.025394010856,3893.974605989144
1,4,7,15370,15140.188618744163,229.81138125583675
8,25,3,12475,14712.415994327597,2237.415994327597
12,19,19,18302,17039.54707730208,1262.4529226979212
1,29,9,18469,16762.004228490703,1706.995771509297
9,24,20,17188,16278.11746515321,909.8825348467908
4,8,5,13665,15814.249531979905,2149.2495319799054
8,14,10,17813,15672.21055001207,2140.7894499879294
3,24,23,12930,15878.775596031091,2948.7755960310915
9,2,21,18063,16838.90992059553,1224.0900794044683
7,5,19,20583,16921.954157883705,3661.045842116295
9,13,2,13067,14183.593239565851,1116.593239565851
6,12,9,18028,16513.072307758004,1514.9276922419958
5,29,14,17290,16492.717144305963,797.2828556940367
8,26,23,16539,16517.73057320413,21.26942679586864
6,14,6,13692,15737.683319807134,2045.6833198071345
2,1,11,19088,17726.73397128797,1361.2660287120307
8,10,20,19584,18347.97995482383,1236.0200451761702
10,4,8,15661,15579.310578207207,81.68942179279293
8,1,5,14008,15302.34547868073,1294.3454786807306
7,22,19,20546,17296.439880789276,3249.560119210724
8,3,7,16106,13655.542223012213,2450.457776987787
8,26,19,14566,15675.609816161503,1109.6098161615027
7,12,20,18516,17161.0287349783,1354.9712650217007
4,17,1,12301,14937.876324455008,2636.876324455008
7,17,3,14686,15434.904267526092,748.9042675260916
8,12,12,22095,17616.035224135125,4478.964775864875
3,17,5,13873,16251.664204797795,2378.664204797795
9,4,11,13160,15993.467506072053,2833.467506072053
3,21,6,13732,15635.84589378252,1903.8458937825199
7,26,22,18352,16758.592504588316,1593.407495411684
10,2,19,15704,15605.367779302478,98.63222069752192
11,25,3,13818,15056.4343763346,1238.4343763346005
9,15,12,16004,15387.127007999447,616.8729920005535
8,22,4,12744,14174.713465695273,1430.713465695273
3,16,18,15979,15992.385099119994,13.385099119994265
7,5,21,20446,18228.970479495023,2217.029520504977
2,9,8,19396,16802.461437076498,2593.5385629235025
7,28,17,21365,18255.07645098981,3109.923549010189
7,16,2,13848,15672.92353188319,1824.9235318831907
10,26,10,16397,16294.181630393115,102.81836960688452
9,23,14,16130,16082.226681028786,47.773318971214394
5,2,21,16116,16198.968750216429,82.96875021642882
4,29,12,15381,15947.318043127401,566.3180431274013
7,30,3,12938,15403.736280439332,2465.7362804393324
4,9,10,15669,15745.186276073242,76.18627607324197
1,15,15,17157,16334.641365907224,822.3586340927759
3,13,5,14532,15263.38387448877,731.3838744887707
3,17,10,16648,16495.504898411244,152.49510158875637
1,31,23,16212,16652.19131451589,440.19131451589055
1,23,0,15446,16536.32010864609,1090.3201086460904
11,10,14,14482,15372.233315125257,890.2333151252569
11,9,0,14700,14946.4284416647,246.42844166470059
9,24,10,15696,14792.2505937608,903.7494062391997
5,4,22,13265,16140.656267128748,2875.6562671287484
8,30,14,20301,17926.26465218795,2374.7353478120494
4,2,11,13777,16039.935408261046,2262.935408261046
7,23,21,19922,16952.21901256014,2969.780987439859
4,5,7,16737,15166.110422471183,1570.8895775288165
8,6,8,16603,16177.042124861937,425.9578751380632
4,18,14,15431,16159.118730323014,728.1187303230145
9,11,3,12468,12514.405445055405,46.405445055404925
4,27,16,14127,15854.612271772603,1727.612271772603
3,3,22,18304,17102.05308776179,1201.9469122382106
9,5,7,12439,15545.962249744374,3106.9622497443743
10,17,4,11546,14970.191419096356,3424.191419096356
10,8,22,13493,16149.838664256538,2656.8386642565383
9,28,11,14166,15524.553873241704,1358.5538732417044
10,5,10,14938,14722.993383211642,215.00661678835786
7,23,20,19274,18351.150433515144,922.849566484856
5,10,6,12814,15954.370353488725,3140.3703534887245
5,14,9,12071,15317.024255623915,3246.0242556239155
8,8,0,14691,13983.890999430361,707.1090005696387
1,31,6,15762,16344.241773106458,582.2417731064579
12,17,3,12826,13900.090449325844,1074.090449325844
3,2,6,14242,16122.392529695422,1880.3925296954221
4,13,17,15688,16612.82682444553,924.8268244455285
12,13,4,12389,15055.333517959283,2666.333517959283
2,2,2,14924,16077.410330626348,1153.4103306263478
5,8,9,12039,14718.984040631967,2679.984040631967
2,6,7,15656,16822.201609029402,1166.2016090294019
7,14,7,17537,15492.379262668099,2044.6207373319012
7,15,18,21439,17353.40649981908,4085.5935001809194
9,20,0,11906,14352.748566332522,2446.7485663325224
3,27,4,12749,15768.554458278622,3019.5544582786224
12,25,21,14351,16704.303014746718,2353.303014746718
7,16,21,20045,16840.52080242292,3204.4791975770786
11,15,23,15180,17672.10656355638,2492.106563556379
9,2,10,19377,16395.325634197707,2981.6743658022933
1,19,19,20249,16777.954340607146,3471.045659392854
12,13,18,21868,16922.91903687507,4945.0809631249285
5,21,10,13078,15783.937334975939,2705.937334975939
9,1,21,14251,15577.015149243056,1326.015149243056
9,30,5,12045,14189.026489112317,2144.026489112317
7,29,16,16507,15937.100044045193,569.8999559548065
4,17,23,13483,16329.610792134146,2846.6107921341463
2,1,10,17125,16327.763892416602,797.2361075833978
11,11,8,15291,16284.589427662346,993.5894276623458
1,7,12,16977,17342.733349753908,365.73334975390753
12,19,3,13151,15334.769436296938,2183.769436296938
6,22,20,15865,16235.097960846413,370.0979608464131
2,27,21,21479,16271.784882984277,5207.215117015723
3,25,12,15013,16645.522971431103,1632.5229714311026
8,12,21,15519,16408.2332468137,889.2332468136992
6,26,6,11964,13736.204751828998,1772.2047518289983
11,12,6,12703,12832.334757187286,129.3347571872855
1,3,0,14154,14806.762592949888,652.7625929498881
2,21,13,14676,15922.726747448005,1246.726747448005
5,26,18,18130,16593.801615549743,1536.1983844502574
3,3,17,16821,16351.99593087141,469.00406912859034
1,1,18,16705,16451.237083548403,253.76291645159654
5,23,13,14722,15850.077414712312,1128.077414712312
7,15,16,19143,17492.8805096237,1650.119490376299
10,20,10,15155,15376.563076945802,221.5630769458021
2,26,18,16923,16716.59347389155,206.40652610845063
8,20,15,21297,18931.619602833744,2365.3803971662564
9,11,19,16795,15106.515582671997,1688.4844173280035
10,31,14,16722,15492.9615236722,1229.0384763277998
4,10,15,12425,15993.563724839605,3568.563724839605
4,24,20,15881,16271.595293916167,390.59529391616707
1,13,22,17959,18024.483220309226,65.48322030922645
7,29,21,16653,15932.033318773858,720.9666812261421
3,2,1,15644,15703.793283921386,59.79328392138632
7,31,10,17817,16307.569728345505,1509.4302716544953
5,18,22,12013,16259.463445762061,4246.463445762061
3,12,19,15379,16050.572760145567,671.5727601455674
6,16,16,19012,16702.23289448094,2309.7671055190585
6,1,13,14600,16242.008455889389,1642.0084558893886
9,3,11,15346,15489.617731981503,143.6177319815033
12,10,3,13258,13818.819008102444,560.8190081024441
12,8,13,16673,16759.431849318138,86.43184931813812
9,7,14,22106,18208.437518166258,3897.562481833742
12,18,14,18324,16897.57497150984,1426.425028490161
12,4,13,16172,16310.397259061383,138.397259061383
7,17,17,20870,17276.759719288213,3593.240280711787
8,20,11,15455,16923.335266021062,1468.3352660210621
12,28,5,13962,15055.353589929819,1093.3535899298186
6,15,22,14583,15733.482401096286,1150.4824010962857
2,3,23,16400,16785.518001404267,385.5180014042671
3,3,13,16874,16979.004156613253,105.00415661325314
2,17,2,15265,15605.072884139483,340.072884139483
12,25,9,14552,16133.636321809556,1581.6363218095557
4,6,3,12573,14747.357400869365,2174.357400869365
8,10,3,13989,15039.060983144864,1050.0609831448637
5,9,18,15841,16246.12152931764,405.1215293176392
9,11,4,12683,14479.61152021734,1796.6115202173405
9,18,21,16801,16379.379959647304,421.6200403526964
7,26,11,19236,17224.449021159562,2011.550978840438
5,7,3,11160,16073.678774648346,4913.678774648346
6,7,9,12323,14970.586565539843,2647.586565539843
12,28,10,15169,16903.59412717726,1734.5941271772608
12,25,14,17190,16367.911202105906,822.0887978940937
6,10,10,14080,15848.5870038119,1768.5870038118992
7,27,16,21732,17934.000173940884,3797.9998260591165
8,24,14,18033,16495.3805774965,1537.6194225034997
8,7,13,19663,16874.549519356384,2788.450480643616
9,24,5,12117,13315.434966233355,1198.4349662333552
3,7,16,15747,15746.302458782337,0.6975412176634563
11,20,8,16607,16053.65605778093,553.3439422190695
6,3,4,11141,14380.867537592812,3239.8675375928124
2,9,11,18117,16707.1643558602,1409.8356441397991
9,24,22,13522,15467.208003392007,1945.2080033920065
1,17,8,18891,16262.046830221603,2628.953169778397
5,15,18,15492,16079.426576063848,587.4265760638482
7,1,8,12539,15379.633689466356,2840.6336894663564
2,6,7,17230,16433.67877194558,796.3212280544212
10,25,10,13975,15800.313063502219,1825.313063502219
3,30,14,14591,15846.340350664474,1255.3403506644736
7,29,11,18761,16896.576722488986,1864.423277511014
11,4,7,13034,15888.473507302091,2854.473507302091
5,15,9,12808,15402.506087006228,2594.506087006228
1,4,11,15940,16579.0682396356,639.0682396355987
11,3,11,16160,16297.084004563732,137.08400456373238
7,16,7,16268,13831.905919711799,2436.0940802882014
2,29,20,19583,16991.478197663186,2591.5218023368143
10,30,21,14662,16324.418495688182,1662.4184956881818
5,27,4,12449,15113.278263140806,2664.2782631408063
10,5,23,13538,15557.897834061849,2019.8978340618487
12,4,0,16064,14677.371402644676,1386.628597355324
4,19,11,12571,15742.328514188404,3171.3285141884044
3,1,0,13564,15171.221791984039,1607.2217919840386
5,14,5,11046,15723.979883885037,4677.9798838850365
8,29,7,13793,15112.240278647674,1319.2402786476741
4,22,2,11710,15632.789528116928,3922.7895281169276
10,13,16,13733,15474.825148451459,1741.8251484514585
7,10,11,17305,16103.47634146559,1201.52365853441
12,6,1,13778,15304.860129077291,1526.8601290772913
9,26,10,15961,15135.034442708065,825.9655572919346
2,9,6,16129,16219.187820608391,90.18782060839112
10,24,7,15617,14480.71274182203,1136.2872581779702
4,3,23,12656,15849.471308808479,3193.471308808479
10,2,20,15464,15808.852791383766,344.8527913837661
9,7,20,15853,15497.42874052509,355.5712594749093
4,11,2,11332,14702.306428822158,3370.3064288221576
6,12,5,12438,14402.867486756051,1964.8674867560512
10,1,17,15010,15233.372164044536,223.37216404453648
3,3,20,19763,17954.668823484095,1808.331176515905
12,19,17,18032,17228.52159360087,803.4784063991283
12,17,14,17698,16365.212041691699,1332.7879583083013
1,23,22,17462,17108.956240699,353.0437593009992
7,15,20,19497,17541.138046354983,1955.861953645017
11,5,3,12127,15553.459281088362,3426.4592810883623
11,16,2,14360,15389.733735849077,1029.7337358490768
8,24,7,16308,13951.688960481677,2356.311039518323
9,8,7,11660,13410.247275637403,1750.2472756374027
4,29,9,15018,16323.587760651544,1305.5877606515442
1,31,8,18225,16802.28909072278,1422.710909277219
1,1,1,14482,16615.104589953477,2133.1045899534765
6,10,9,15329,15887.482905827233,558.4829058272335
3,18,17,14712,16003.36698478737,1291.3669847873698
7,24,15,18057,17138.346826332567,918.6531736674333
8,26,5,12901,13787.056037219352,886.0560372193522
1,9,20,17456,16871.733686775282,584.266313224718
5,19,17,13921,16166.927600839157,2245.927600839157
2,11,20,18106,16889.119869237362,1216.8801307626381
9,6,15,15848,15997.865982854551,149.86598285455148
2,15,18,18414,16757.241364421625,1656.758635578375
10,10,0,12260,12997.314598673856,737.3145986738564
3,19,15,15161,16307.513819891148,1146.5138198911482
9,24,10,14843,14460.988176353689,382.0118236463113
4,2,14,15874,16229.835653014006,355.8356530140063
8,14,22,15457,14953.40522313803,503.5947768619699
10,13,1,12012,15428.713525065772,3416.713525065772
12,5,18,19543,17923.88736031719,1619.1126396828113
12,18,9,18179,16389.324101247585,1789.6758987524154
2,18,2,15177,16356.889095397722,1179.8890953977225
12,4,9,16648,16156.883017847831,491.11698215216893
11,12,8,15202,15139.076452008834,62.92354799116583
7,6,20,17008,16166.82302323413,841.1769767658698
10,13,20,15902,16216.562887503744,314.5628875037437
11,10,2,12939,14437.804800137737,1498.8048001377374
6,28,6,14438,14717.003916310356,279.00391631035563
6,12,13,14744,15942.584954108692,1198.5849541086918
7,6,11,19387,16842.19672622133,2544.8032737786707
1,13,1,15401,15428.682704052155,27.682704052154804
11,23,19,18226,16276.425139847042,1949.5748601529576
4,18,22,14585,16109.496702205368,1524.496702205368
5,26,20,15378,15502.027794858437,124.02779485843712
8,13,3,13427,12939.031505735107,487.9684942648928
4,2,15,15184,16169.753833448669,985.753833448669
5,26,10,14004,15510.276267005185,1506.2762670051852
11,14,12,15214,15584.44760253031,370.4476025303102
8,3,8,13536,15096.984099323356,1560.9840993233556
10,31,21,16026,16386.386207523967,360.38620752396673
5,18,3,12432,14606.204511385029,2174.204511385029
3,10,20,18289,16556.518532925707,1732.4814670742926
6,17,15,17575,17209.551958922835,365.4480410771648
12,30,0,13971,14487.031708637536,516.0317086375362
9,16,6,13562,12923.501114212799,638.4988857872013
11,16,20,16150,15168.401727593486,981.5982724065143
9,27,13,14895,15531.486922881177,636.4869228811767
12,29,15,16379,16516.794967333895,137.79496733389533
10,3,23,13214,15862.121891377767,2648.1218913777666
5,7,20,14776,16240.47305930802,1464.4730593080203
2,6,9,18290,16711.610988627173,1578.3890113728266
3,14,2,14966,15973.381213645041,1007.3812136450415
8,8,16,19714,16835.024987940644,2878.9750120593562
11,29,10,17567,16801.189127844234,765.8108721557655
11,29,13,17565,16538.786333929118,1026.213666070882
9,13,15,16227,16269.010433098128,42.01043309812849
7,12,15,17058,16743.41572262835,314.5842773716504
11,8,15,12964,15778.168248999875,2814.168248999875
12,19,14,17219,16680.26426593079,538.7357340692106
10,1,22,13450,15004.042207645323,1554.0422076453233
9,6,17,20076,17646.29028628847,2429.7097137115306
2,5,12,16887,16734.333324930474,152.6666750695258
11,19,16,15229,16333.028866635566,1104.0288666355664
6,5,21,16211,16349.283310861621,138.28331086162143
12,9,8,17595,16321.906239154916,1273.093760845084
12,24,3,14104,15848.204310635152,1744.204310635152
12,22,15,16460,17008.112369476097,548.1123694760972
10,29,8,16084,16037.113272000313,46.88672799968663
5,14,12,12177,15912.224540614,3735.224540613999
7,3,1,14434,14950.1763744714,516.1763744714008
7,23,9,15376,14993.799106414903,382.2008935850972
10,30,1,12582,14973.89414648363,2391.89414648363
11,29,18,18633,17192.751795570206,1440.248204429794
12,1,18,17569,16535.439859356506,1033.5601406434944
12,31,7,13739,16066.86194636715,2327.8619463671494
3,2,11,17832,17220.291670433748,611.7083295662524
8,6,9,14482,14565.285152954004,83.28515295400393
8,30,18,21361,17522.602132766748,3838.3978672332523
7,30,20,18707,17751.21029856123,955.7897014387709
8,3,22,18590,17045.820202297346,1544.1797977026545
9,14,15,15463,15391.58159405487,71.41840594513087
1,27,23,16489,16864.68672093329,375.6867209332886
4,26,15,12207,16264.763780008598,4057.7637800085977
6,24,5,11489,14228.562715692302,2739.562715692302
3,17,23,15760,16927.531371521774,1167.5313715217744
2,22,22,18275,17033.524617197036,1241.4753828029643
11,23,19,18839,16712.95710989405,2126.0428901059495
7,4,12,18297,17024.38277264213,1272.6172273578704
4,7,4,13018,16308.947833143977,3290.947833143977
5,7,21,15516,15567.890664113613,51.89066411361273
4,14,4,11977,15392.797784997043,3415.797784997043
7,15,14,18441,16980.02292177183,1460.9770782281703
2,17,23,15593,17529.991602496437,1936.9916024964368
8,17,17,17546,16325.243826419093,1220.7561735809068
12,4,16,16387,16354.064556517907,32.93544348209252
8,25,11,16424,15044.91783993995,1379.0821600600502
7,25,21,17294,16820.90896202816,473.0910379718407
10,19,21,14971,15673.24544293226,702.2454429322606
7,19,4,12818,12800.155792151201,17.84420784879876
12,17,18,19390,16905.06745285787,2484.932547142129
5,13,20,14559,15982.126661568367,1423.1266615683671
3,27,16,14782,16073.787562241496,1291.7875622414958
8,4,22,19028,16715.22398103114,2312.7760189688597
3,9,6,13198,15069.166097170651,1871.1660971706515
4,12,8,15591,16262.046830221603,671.0468302216032
2,11,16,16682,16689.04473430164,7.0447343016385275
10,15,14,14487,16666.65998573784,2179.6599857378387
1,6,6,15148,16059.0452501283,911.0452501282998
6,23,15,18545,16533.338127268224,2011.6618727317764
11,9,18,18310,16175.234178369663,2134.765821630337
11,13,4,12955,15265.760513815478,2310.7605138154777
12,15,2,13889,14779.888432457521,890.888432457521
9,14,5,12472,12973.782746025312,501.782746025312
6,12,14,16613,16484.87239928741,128.1276007125889
6,24,1,13068,13541.674084099253,473.6740840992534
6,26,11,17140,17553.170440882444,413.1704408824444
1,2,2,12755,16428.838722511133,3673.838722511133
8,12,8,15682,14268.028254297049,1413.971745702951
9,8,21,14835,14798.419895702234,36.5801042977655
3,21,15,15126,16076.567558982446,950.5675589824459
10,15,21,13976,15772.849084692882,1796.8490846928817
12,13,0,16000,14684.713094203793,1315.286905796207
7,21,15,20770,17612.11607304842,3157.883926951581
12,17,3,14580,16044.413235770042,1464.4132357700419
6,22,20,19015,16473.365809269795,2541.634190730205
1,14,9,18280,17467.030411477106,812.9695885228939
4,3,22,15066,16754.06974481329,1688.0697448132887
1,26,16,16234,16293.619283862836,59.6192838628358
3,7,7,17765,16585.608392460425,1179.3916075395755
10,26,3,12483,15484.581608619346,3001.5816086193463
1,10,0,15447,14544.810781087357,902.1892189126429
8,18,19,18583,16974.273157321513,1608.7268426784867
4,13,6,12436,15215.175968788506,2779.175968788506
12,5,17,16983,17354.812459430323,371.81245943032263
11,11,6,12951,13993.137686711972,1042.1376867119725
10,8,11,14021,15614.914211526513,1593.914211526513
5,28,15,14557,16275.999341103037,1718.9993411030373
5,4,16,13886,16336.302736128844,2450.302736128844
12,4,8,15133,16639.040583546168,1506.040583546168
7,30,10,18914,16169.124732728325,2744.8752672716746
11,30,13,16214,15773.593206545847,440.40679345415265
3,13,18,15925,16198.31697959004,273.3169795900394
9,27,18,15965,15278.281305122731,686.7186948772687
9,27,7,16991,14370.857046578718,2620.142953421282
9,24,21,16245,15270.344838500725,974.655161499275
3,30,17,15988,16167.24701032294,179.2470103229407
8,10,23,19675,17899.867630849672,1775.1323691503276
4,15,6,14578,15363.890540948612,785.8905409486124
5,1,7,15127,16007.176177984595,880.1761779845947
8,9,18,20212,16916.8476330001,3295.1523669999006
8,12,17,18409,16571.18944068374,1837.8105593162618
6,24,6,11722,14362.43921593398,2640.4392159339804
6,10,0,12700,14880.583120691595,2180.5831206915955
9,18,9,16357,14841.328480473241,1515.6715195267589
9,24,19,16790,15850.379442103775,939.6205578962254
10,23,19,16976,15843.500890631416,1132.499109368584
7,1,23,15281,16279.399878749364,998.3998787493638
10,16,22,15342,14364.895298643729,977.1047013562711
2,15,14,16780,16487.90019172793,292.0998082720689
3,29,11,17005,16591.223657967665,413.7763420323354
5,19,11,13935,16111.788994615128,2176.788994615128
4,17,1,13718,13573.031420265388,144.96857973461192
7,13,7,13079,13090.60777871923,11.607778719229827
11,5,8,12762,14801.690687223374,2039.690687223374
6,3,18,14040,16125.679972643537,2085.6799726435365
1,30,23,17000,17040.217367290512,40.2173672905119
2,7,3,14500,16581.78665008307,2081.7866500830714
6,14,6,13248,14801.017715496206,1553.0177154962057
9,21,13,16032,17332.823362142153,1300.8233621421532
11,9,14,14575,16014.239224865027,1439.2392248650267
6,23,1,11723,14964.328808621047,3241.328808621047
4,12,17,13574,15693.825557937284,2119.8255579372835
4,3,0,12184,15773.638753204994,3589.638753204994
2,9,2,14362,15621.959094455638,1259.9590944556385
6,8,4,14274,15510.592257404518,1236.592257404518
4,26,23,13333,16039.747922663351,2706.7479226633513
5,23,21,15873,16022.168834636841,149.16883463684098
3,26,1,14148,14035.296695474983,112.7033045250173
6,19,19,18016,16151.87603600128,1864.1239639987198
12,5,23,16483,17185.80670606212,702.8067060621215
7,7,12,14932,16229.793564055644,1297.7935640556443
4,18,17,13142,16115.00569327154,2973.0056932715397
6,18,17,19562,16888.743821351694,2673.2561786483056
12,21,19,19399,16926.17663568473,2472.8233643152707
3,12,10,16968,16745.596483314843,222.40351668515723
5,8,22,14474,15847.84251970945,1373.8425197094493
4,26,19,14955,15947.074537351667,992.0745373516675
11,6,9,13151,15245.351694109082,2094.351694109082
11,16,10,15934,15874.580612195796,59.419387804204234
11,24,14,17008,17432.746925389765,424.74692538976524
9,28,14,14167,15020.568976463448,853.568976463448
12,20,13,17611,17234.841074414016,376.1589255859835
5,1,3,11725,13995.092309772652,2270.092309772652
7,19,0,15076,14868.07918423571,207.92081576428973
4,16,21,14495,16251.019402087923,1756.0194020879226
10,11,18,14192,16080.5491786475,1888.5491786474995
10,27,8,16087,16226.013549077894,139.0135490778939
8,21,10,17907,15568.710598381647,2338.2894016183527
8,16,4,12080,14029.492981683976,1949.4929816839758
1,31,6,17389,16606.103710341496,782.8962896585035
6,6,6,11471,14114.535303162047,2643.535303162047
12,4,2,14190,16194.793856987584,2004.7938569875841
2,4,11,20110,16858.77547956669,3251.2245204333085
3,14,9,16483,16052.229493916548,430.77050608345235
12,24,20,16505,16810.255709853933,305.2557098539328
9,27,17,15711,16289.656649945146,578.6566499451455
7,4,13,20290,17163.95543846383,3126.0445615361714
4,29,15,14813,15782.393572994093,969.3935729940931
7,24,7,15334,13954.437093215643,1379.5629067843565
12,21,6,14889,14987.604281549846,98.60428154984584
9,20,6,11145,15449.765083053187,4304.7650830531875
7,27,15,23675,17057.53421332829,6617.46578667171
4,21,5,12692,16160.79759269979,3468.7975926997897
6,22,9,14079,14971.673381855488,892.6733818554876
1,20,16,19362,17753.233945749507,1608.7660542504927
12,5,13,18216,17011.36933015665,1204.630669843351
5,5,10,13746,15643.291830585562,1897.291830585562
5,23,21,15461,16348.79201558058,887.7920155805805
1,4,17,18206,17223.04594987666,982.9540501233387
11,21,22,15073,16793.364075825993,1720.3640758259935
5,12,17,13508,16022.414705353442,2514.4147053534416
2,27,6,13649,16041.84445085474,2392.84445085474
10,23,7,14254,14393.719250865286,139.71925086528609
7,19,19,19238,17815.10589919738,1422.8941008026195
10,3,19,15553,16165.582067082341,612.5820670823414
1,4,9,14854,16001.311606946578,1147.3116069465777
7,27,1,14054,14246.61496516987,192.61496516987063
8,11,8,14289,12500.024646998727,1788.975353001273
11,4,3,12036,14618.842335543684,2582.8423355436844
9,24,4,11402,14456.557748632013,3054.5577486320126
9,29,3,11343,13449.897094148002,2106.897094148002
10,1,20,17664,15927.635081604722,1736.3649183952784
7,25,6,13291,13925.604102644174,634.6041026441744
9,30,9,15261,14974.548880875145,286.4511191248548
7,25,3,12719,13726.505392779227,1007.5053927792269
8,23,0,13583,13994.588629279076,411.5886292790765
12,29,23,15676,17180.58601153418,1504.5860115341784
4,1,9,13533,16032.433995910565,2499.4339959105655
2,1,15,16059,16813.560234194876,754.5602341948761
10,28,4,12368,14991.842274915893,2623.8422749158926
1,11,1,13665,15343.672139221322,1678.6721392213221
1,13,19,18262,16529.18901953908,1732.8109804609194
7,27,5,14121,14033.513235214943,87.48676478505695
7,2,16,19875,16600.70120943352,3274.2987905664813
2,3,15,18812,16996.845185969232,1815.1548140307677
11,4,0,13650,14845.280804663327,1195.2808046633272
6,1,14,15931,15897.539410385652,33.460589614347555
7,20,21,17006,17120.913366662822,114.91336666282223
11,11,23,16439,16690.22811886753,251.2281188675297
5,3,6,13001,14303.25126680661,1302.2512668066101
10,30,22,15823,16132.849426390443,309.8494263904431
4,11,10,15065,15754.287948196952,689.2879481969521
2,12,22,20262,17610.894048364888,2651.1059516351124
9,10,3,13237,13779.888252179655,542.888252179655
5,23,17,15760,16011.580922711633,251.58092271163332
10,16,18,16611,15741.548989399713,869.4510106002872
1,8,2,14748,16554.352747509587,1806.352747509587
2,8,9,18323,16676.459971102813,1646.5400288971869
8,30,16,19226,16588.520973401002,2637.4790265989977
8,18,17,20828,17776.035936365006,3051.964063634994
11,10,1,13440,15031.991885481202,1591.9918854812022
11,23,20,18609,16957.65285665032,1651.3471433496816
9,9,23,16322,16358.03168564598,36.03168564597945
12,1,6,13595,16082.892012939968,2487.8920129399685
11,13,1,13304,13627.15498983541,323.15498983540965
9,30,7,12483,14727.573017623803,2244.573017623803
11,13,11,17045,16947.575640344032,97.42435965596815
2,18,7,17602,16473.986022352725,1128.0139776472752
4,3,22,13489,15816.437164461813,2327.437164461813
4,3,4,11675,15503.165306466117,3828.165306466117
1,8,12,16674,17439.604287869515,765.6042878695152
10,2,17,16638,16182.729787793658,455.27021220634197
7,30,15,16887,17344.99258179639,457.99258179638855
1,17,3,13798,16252.90899365957,2454.90899365957
9,10,7,12729,13492.386758534565,763.3867585345652
4,29,6,12193,15398.80298608162,3205.8029860816205
1,25,21,19031,18352.892366171898,678.1076338281018
7,2,1,14246,15078.268530516807,832.268530516807
12,6,12,17909,16680.11301564379,1228.8869843562097
11,15,7,15089,15055.2146964525,33.78530354750001
8,13,2,13604,14523.520230399485,919.5202303994847
1,26,14,18894,17071.950532171337,1822.0494678286632
11,9,2,14372,15153.0055620836,781.0055620835992
10,16,5,12047,14227.807873346284,2180.8078733462844
8,16,19,20938,17069.800177175002,3868.1998228249977
6,17,15,19163,16541.669890065867,2621.3301099341334
12,10,11,18311,17341.29805710701,969.7019428929889
3,1,7,17108,16273.32881866408,834.6711813359198
12,29,14,17866,16897.71959024358,968.2804097564185
2,3,20,18877,17793.736614878715,1083.263385121285
1,31,13,18910,17455.080496366936,1454.9195036330639
11,10,1,11916,14501.29583812677,2585.295838126771
4,14,14,13100,15935.360612472032,2835.360612472032
8,10,13,14815,16559.261595857428,1744.261595857428
12,13,15,16942,16480.458718914873,461.5412810851267
10,13,2,12419,14624.92183541131,2205.921835411311
8,15,12,19859,18041.479998690862,1817.520001309138
11,1,14,16167,16230.94330469901,63.943304699010696
1,25,12,18006,16617.06683577529,1388.933164224709
9,14,2,12105,12542.084564829678,437.08456482967813
9,8,3,11020,13458.742910274506,2438.7429102745064
10,14,14,13785,15942.212839365624,2157.212839365624
8,27,7,12095,13428.992243588977,1333.9922435889766
9,2,11,15642,15097.30860159019,544.6913984098101
9,23,13,15862,14901.60520251673,960.3947974832699
8,2,22,20221,16957.35801614918,3263.641983850819
4,25,11,15691,16294.533163844286,603.5331638442858
11,10,7,14559,14632.05990899936,73.05990899935932
8,3,12,16543,16913.43476938551,370.43476938550884
11,18,23,15479,16519.479992763907,1040.479992763907
10,27,13,14227,15292.690973609544,1065.690973609544
12,12,4,12815,16068.226298472757,3253.2262984727568
2,24,3,13187,15394.518913324557,2207.5189133245567
12,14,18,18686,16452.06054513516,2233.9394548648415
7,11,9,14823,15079.248810284866,256.2488102848656
10,10,21,14034,16181.176377041169,2147.176377041169
2,16,10,17575,16347.015863151071,1227.9841368489288
8,8,7,16953,14767.44845817499,2185.5515418250106
5,22,12,13520,16065.519913667113,2545.5199136671126
12,3,16,18546,16836.463151789438,1709.5368482105623
5,2,2,12562,14744.178592035641,2182.1785920356415
12,28,5,15672,16360.436449759185,688.436449759185
6,6,20,16652,16262.891443241622,389.10855675837774
9,11,14,17802,16955.247211167713,846.7527888322875
6,23,1,14166,15412.31781413864,1246.3178141386397
9,11,19,19328,17799.75141070569,1528.2485892943114
5,30,2,11769,14153.980931657588,2384.9809316575884
11,16,23,16046,17754.229443157798,1708.2294431577975
8,13,9,15751,14393.352098451063,1357.6479015489367
5,11,13,14237,15985.047944279382,1748.0479442793821
2,3,8,17520,16972.15351799831,547.8464820016889
8,27,13,19039,16782.613100673778,2256.386899326222
7,23,17,20522,18033.551928101464,2488.448071898536
1,29,15,17909,16468.754643441738,1440.2453565582618
3,16,6,14013,15551.863512818169,1538.8635128181686
3,11,15,14949,16624.910587771545,1675.9105877715447
1,25,19,17417,16662.483943302672,754.5160566973282
6,3,7,15148,12891.192877288944,2256.807122711056
12,3,14,15540,16187.879842927701,647.8798429277012
1,1,10,13569,16730.78423198034,3161.7842319803385
1,15,22,16441,16582.289893792302,141.28989379230188
12,18,5,13250,14415.885734708188,1165.8857347081885
5,14,21,15848,16127.735020031814,279.7350200318142
6,29,0,14963,15139.38408501726,176.38408501726008
4,1,11,14587,15614.26309598499,1027.2630959849903
5,12,14,14822,16054.585057767,1232.5850577670008
6,11,22,17701,17805.86964682363,104.86964682363032
8,26,19,17391,16279.172368224745,1111.8276317752552
12,13,8,19218,16818.037956843902,2399.962043156098
12,16,20,17011,16044.157641922027,966.8423580779727
5,19,12,14591,15382.694152422835,791.694152422835
1,14,18,19336,16884.587218463614,2451.4127815363863
12,27,13,17573,17275.312566908127,297.68743309187266
5,11,23,12936,15927.01411473626,2991.014114736259
3,28,22,15032,16262.472052722964,1230.4720527229638
3,9,14,15579,16833.459771995545,1254.4597719955455
1,1,17,14942,16407.77775002987,1465.777750029869
8,29,5,14026,14293.739553841151,267.73955384115106
9,25,14,16414,15633.846297832055,780.1537021679451
1,3,23,16077,16291.822714993177,214.82271499317721
1,29,3,15803,16122.731874554622,319.73187455462175
8,16,0,15257,14752.460382263162,504.5396177368384
5,11,21,14577,16372.525394964057,1795.5253949640573
12,11,12,18176,17333.96585875081,842.0341412491907
6,27,1,14232,14605.2969731935,373.2969731935009
9,7,4,11169,15988.171171193215,4819.171171193215
3,3,11,15353,16612.007403956253,1259.0074039562533
8,22,7,16143,15184.779884650898,958.2201153491023
7,15,17,20406,17684.062332509537,2721.9376674904634
8,10,15,17106,17144.47783011609,38.477830116091354
5,26,15,19736,17266.52574166362,2469.4742583363804
6,24,1,12231,14016.341973190687,1785.341973190687
8,16,22,16729,15950.27274382371,778.7272561762893
12,16,16,18591,16578.583463293453,2012.416536706547
6,19,5,12763,14123.303298102363,1360.3032981023625
3,23,8,16041,17249.999029813767,1208.9990298137673
9,16,21,15965,16458.64281286325,493.6428128632506
12,8,20,19793,16566.819771836217,3226.180228163783
6,2,8,15691,15221.612559198687,469.38744080131255
7,13,17,18677,17344.642407864532,1332.3575921354677
10,5,7,14957,15201.978688511179,244.97868851117892
1,23,15,16488,16988.107813145216,500.1078131452159
3,28,10,17768,16109.634751117797,1658.3652488822026
5,20,0,12012,15780.088812952044,3768.0888129520445
5,14,10,15235,15397.064194139366,162.064194139366
6,6,14,15548,16099.242414875878,551.2424148758782
5,13,3,11970,14374.49464755587,2404.49464755587
5,2,4,11934,15594.0783131036,3660.0783131036005
7,24,2,12696,15762.170735549782,3066.170735549782
3,25,14,13279,16141.145489275601,2862.145489275601
6,18,3,12263,13303.262513418087,1040.262513418087
8,7,8,15121,14005.768714771246,1115.2312852287541
2,17,11,16962,17093.49912822903,131.49912822902843
11,25,10,14887,16116.850893043185,1229.8508930431854
2,8,2,14841,16100.984529783766,1259.9845297837655
12,26,0,14198,16135.467688556142,1937.467688556142
7,6,6,14787,13774.196345741853,1012.8036542581467
6,18,18,16760,16732.582451329363,27.41754867063719
3,15,8,15860,16014.414828879158,154.41482887915845
7,23,2,13011,14128.708163117746,1117.7081631177462
6,20,22,15697,16418.742237608803,721.7422376088034
8,29,0,15032,15132.59765750237,100.59765750237057
3,16,8,15873,15576.59519696635,296.40480303365075
6,11,23,12991,15764.133409183101,2773.1334091831013
8,12,6,12588,13829.473876568547,1241.473876568547
10,20,5,12134,12854.580834250171,720.5808342501714
12,20,2,14408,15681.577944346884,1273.5779443468837
3,5,6,14442,15894.590020559728,1452.5900205597281
3,7,8,16494,16089.734920101453,404.2650798985469
4,4,23,15238,17334.48524467314,2096.4852446731384
5,6,10,14289,15656.520908593342,1367.520908593342
9,25,9,13009,13864.822224632764,855.8222246327641
9,1,10,16034,15921.732899123162,112.2671008768375
4,6,0,12923,15437.162603369406,2514.1626033694065
3,30,17,15822,16350.76915701644,528.7691570164407
12,13,0,15585,13895.864736178395,1689.135263821605
2,11,6,14393,15340.078488952046,947.0784889520455
6,11,3,11969,15768.806738176661,3799.8067381766614
5,3,17,12212,16028.3449181826,3816.3449181826
6,3,9,15373,15573.255890679999,200.25589067999863
3,28,21,13963,16290.798836942013,2327.7988369420127
5,1,3,12069,13868.568497627399,1799.5684976273988
6,17,6,12004,12990.05447725517,986.0544772551693
11,16,17,16650,15294.902209640471,1355.0977903595285
5,7,1,11680,16065.78432713765,4385.78432713765
7,2,7,12864,13467.469486343809,603.469486343809
9,17,16,14672,15629.117485677169,957.1174856771686
12,7,9,18480,17043.593438053227,1436.4065619467729
11,13,23,16762,17191.237828238347,429.237828238347
10,18,6,13380,13819.03914975749,439.0391497574892
5,31,1,11412,15646.921202875157,4234.921202875157
9,23,13,14886,16654.198284947815,1768.1982849478154
8,2,13,18010,17302.144231658724,707.8557683412764
7,8,15,20185,17780.80147416886,2404.1985258311397
6,4,2,10855,15506.456170974812,4651.456170974812
10,7,20,15163,16886.96796737482,1723.9679673748215
7,30,8,12924,13540.057360222618,616.0573602226177
1,18,11,18315,17515.678659673853,799.321340326147
11,23,23,15951,16727.481802052625,776.4818020526254
2,10,8,18238,17201.12373975793,1036.8762602420684
1,25,14,17465,16722.80117600456,742.1988239954408
6,27,3,12369,15425.140104437718,3056.140104437718
1,31,2,15572,16210.911260600567,638.9112606005674
8,12,12,16943,15909.530243871315,1033.4697561286848
7,24,0,16219,16050.756882773328,168.24311722667153
5,25,10,13963,15513.301022071098,1550.3010220710985
6,8,9,14640,14058.573670345106,581.4263296548943
12,26,8,13441,16185.139232617468,2744.139232617468
11,23,16,15796,16743.737329741773,947.7373297417726
1,20,8,18980,17094.49350268109,1885.506497318911
4,7,18,15992,16166.650158236494,174.65015823649446
1,22,18,19013,16882.160849960226,2130.839150039774
10,2,18,15509,15220.188192985646,288.8118070143537
10,20,23,13232,15360.705315972025,2128.7053159720253
2,21,8,17688,16949.350928348107,738.6490716518929
9,20,1,11616,14446.928365040578,2830.928365040578
5,30,14,16191,16474.366533118835,283.3665331188349
7,5,9,16608,15717.838918515214,890.1610814847863
9,3,13,21889,17679.109665242064,4209.890334757936
8,23,22,15018,15335.111651371695,317.1116513716952
4,24,11,13970,15884.319362417746,1914.3193624177457
12,23,3,13526,15631.01159989387,2105.011599893871
11,7,2,12168,14433.266216175643,2265.2662161756434
7,3,10,14313,15232.600715485303,919.6007154853032
12,4,23,17104,17349.446749818573,245.44674981857315
9,4,12,15328,15387.188843322165,59.18884332216476
10,17,10,15830,15140.662637525387,689.3373624746127
9,26,19,17094,17008.562937757426,85.43706224257403
12,26,20,17790,16663.56999585856,1126.430004141439
7,23,7,12669,15191.514390129398,2522.5143901293977
1,14,21,19049,16822.68016829894,2226.319831701061
10,21,7,15291,15644.733402384873,353.73340238487253
3,12,15,15150,16251.392935740498,1101.3929357404977
4,19,20,16690,16344.082585331078,345.917414668922
11,12,21,15361,17233.208936917366,1872.2089369173664
8,5,6,13457,13249.700879016196,207.29912098380373
8,14,7,15215,14219.786447747689,995.2135522523113
6,4,23,14628,16239.24163332052,1611.2416333205201
8,30,3,13161,13897.076413744251,736.0764137442511
10,10,21,16221,15685.74008445512,535.2599155448806
7,8,3,12136,14417.471238696538,2281.4712386965384
12,26,0,15576,16329.524926435983,753.5249264359827
5,28,16,15586,16228.306942445912,642.3069424459118
2,20,1,13721,14094.300594687798,373.30059468779837
12,21,23,17454,17402.448078227688,51.5519217723122
11,17,23,15394,17671.77632549395,2277.776325493949
6,7,0,11997,14847.956502874744,2850.956502874744
2,27,17,16974,16505.814981765157,468.1850182348426
1,3,23,15196,17042.411167487924,1846.411167487924
1,17,12,18312,17982.5060093571,329.493990642899
10,3,1,11855,13123.8775371582,1268.8775371581996
9,26,10,15724,15359.344964600696,364.6550353993043
8,20,0,12718,13794.697830637828,1076.6978306378278
11,6,13,16555,16054.709099329877,500.29090067012294
9,14,16,17885,18362.833659177468,477.8336591774678
4,30,22,14635,15856.074830286008,1221.0748302860084
7,26,15,20904,18225.93588329984,2678.0641167001595
5,7,19,14467,16183.81034365342,1716.8103436534202
8,15,6,13690,13986.804015184865,296.8040151848654
2,24,4,14152,15695.704436749442,1543.7044367494418
4,4,3,13422,15165.060091032505,1743.0600910325047
3,5,22,19945,17797.773911443,2147.2260885569995
2,6,23,15179,16604.260391712884,1425.2603917128836
5,23,12,14702,15872.081442097464,1170.0814420974639
8,30,16,15133,16068.122048770441,935.1220487704413
5,9,17,16123,16549.12628709688,426.1262870968785
5,25,15,16796,17293.701389761067,497.7013897610668
11,9,13,14262,15995.399178383288,1733.399178383288
9,11,23,14878,15104.652374440913,226.65237444091326
3,4,18,18841,16858.826445217222,1982.1735547827775
10,21,9,15713,15143.254597250107,569.7454027498934
11,6,0,13705,14759.952891740557,1054.9528917405569
9,3,10,20176,16109.767885643907,4066.232114356093
12,6,2,12676,14890.00805005827,2214.00805005827
11,21,8,17230,16366.163502166366,863.836497833634
7,7,12,18178,16275.247653880328,1902.7523461196724
12,12,5,15354,15874.530305974333,520.5303059743328
4,28,21,16041,16040.169415359096,0.8305846409039077
4,2,16,12631,15877.328652724884,3246.328652724884
7,30,19,17250,16433.417097619265,816.5829023807346
4,26,0,12420,15327.275224926958,2907.275224926958
10,8,2,11485,13616.214991500778,2131.2149915007776
1,28,12,17430,16519.04228504922,910.9577149507786
12,27,12,15237,15694.345677839836,457.34567783983584
2,23,20,18339,17082.79642454307,1256.2035754569297
5,30,14,12299,15695.813329631983,3396.813329631983
1,26,20,18028,16627.742606508815,1400.2573934911852
10,24,21,14594,15765.23514592892,1171.2351459289202
10,5,19,15789,15584.009859290245,204.990140709755
8,13,11,19311,17700.299145006462,1610.700854993538
11,3,14,14153,15188.774190070413,1035.7741900704132
3,13,7,14701,17005.359595985992,2304.359595985992
9,14,5,11555,14088.063390742302,2533.0633907423016
11,21,6,12633,15361.926023378672,2728.9260233786717
11,17,5,12786,14688.873249698865,1902.873249698865
9,9,6,13504,12592.479346181499,911.5206538185012
5,17,19,12804,16216.173153467753,3412.173153467753
7,22,15,21606,17194.121303894895,4411.878696105105
10,3,4,11350,15405.010256806463,4055.010256806463
4,15,20,16202,16159.682206477746,42.31779352225385
5,1,3,11201,15982.33577666303,4781.335776663031
6,14,9,13929,13457.310320625043,471.68967937495654
8,4,19,19783,18125.83443500119,1657.1655649988097
9,28,16,15971,16610.034886107027,639.034886107027
7,16,20,16522,16749.94347678311,227.9434767831117
10,3,1,13464,14091.293980600414,627.2939806004142
7,26,11,17255,16705.763217152813,549.236782847187
7,28,10,18643,16703.0853506418,1939.9146493582011
10,13,22,13619,15807.298038305295,2188.2980383052945
5,21,16,18767,17223.349640448865,1543.650359551135
4,5,13,14567,16021.203413457755,1454.2034134577552
10,10,11,15697,14886.819697156896,810.1803028431041
2,16,22,18432,17247.69528321412,1184.3047167858786
6,20,1,13327,14781.313999784843,1454.313999784843
3,30,22,14968,16813.750064210424,1845.7500642104242
2,15,10,17519,17382.729084660445,136.27091533955536
12,24,6,12879,13668.181431019813,789.1814310198133
2,6,9,16669,17430.815444768185,761.8154447681845
8,12,15,16681,16779.901476412404,98.90147641240401
1,2,0,14173,16056.452724393617,1883.4527243936172
8,19,12,19131,17707.61231200626,1423.3876879937416
10,22,12,15204,15913.00058054356,709.0005805435594
3,17,2,13730,15875.392695621611,2145.392695621611
8,19,22,19145,16954.115994117685,2190.8840058823153
1,29,14,16587,16678.135986920104,91.13598692010419
2,19,21,18772,17834.093047421386,937.9069525786144
11,7,19,18011,16772.5867908402,1238.4132091598003
5,30,11,15021,15905.41884545156,884.4188454515606
12,28,1,13990,15917.166245801876,1927.1662458018764
12,18,20,19641,17139.014289095525,2501.985710904475
7,13,22,17580,16535.95854290726,1044.0414570927387
4,8,19,16673,16352.340928150608,320.6590718493917
11,16,12,15177,15545.880318390622,368.88031839062205
8,19,13,20060,16940.888125808764,3119.111874191236
10,6,16,15392,15898.264318335363,506.264318335363
5,18,13,14623,15801.775431305186,1178.7754313051864
12,13,20,19321,17113.803520554633,2207.196479445367
8,14,13,20273,18469.11365586746,1803.8863441325411
3,9,1,14158,14669.243737453462,511.243737453462
4,4,7,16413,15372.42415436146,1040.5758456385392
5,8,3,11696,14930.690045294086,3234.6900452940863
10,28,4,11356,15630.078091772597,4274.078091772597
10,12,19,15484,15942.665177184695,458.6651771846955
10,15,23,12793,15981.515969218586,3188.515969218586
9,3,9,19503,15785.679670676145,3717.320329323855
11,16,19,17090,16403.821459701696,686.1785402983041
7,7,0,15204,16283.94961979827,1079.9496197982699
1,11,8,14171,15757.410920598439,1586.4109205984387
12,13,19,21481,16887.386036033487,4593.6139639665125
12,17,17,18653,16881.791683213443,1771.2083167865567
9,18,14,15892,17515.298893766423,1623.2988937664231
12,29,7,14240,15848.975360302069,1608.975360302069
5,18,4,10839,15777.337911500932,4938.337911500932
7,9,1,13434,14592.527798372957,1158.5277983729575
3,18,12,15853,16336.129696087137,483.12969608713684
9,9,20,20170,17961.344493979963,2208.655506020037
2,26,4,15269,17053.90493123269,1784.9049312326897
9,1,16,18874,18085.17301327809,788.8269867219096
1,12,8,16657,16665.47570679873,8.475706798730243
3,28,2,11954,14827.980551663091,2873.9805516630913
11,8,4,12572,15249.093675931294,2677.0936759312935
11,21,18,19417,16717.24015998583,2699.7598400141687
5,5,21,13853,15996.896441875837,2143.896441875837
7,16,0,13699,14095.510581743127,396.51058174312675
4,6,5,14130,15357.027703729871,1227.027703729871
8,6,16,20112,17181.61334504891,2930.3866549510894
4,15,0,13949,15773.550645198904,1824.550645198904
6,26,21,18098,16740.720217638755,1357.2797823612455
10,5,7,14842,13338.23496694315,1503.7650330568504
4,3,0,13608,15663.629354130579,2055.6293541305786
12,14,10,15660,15550.267648198726,109.73235180127449
7,28,20,18054,17413.660599212537,640.3394007874631
6,26,15,18766,17702.607126464725,1063.3928735352747
6,14,11,14559,13789.291415776783,769.7085842232173
12,21,19,17672,17057.898527733352,614.1014722666478
12,4,23,17893,17595.918218162973,297.08178183702694
10,21,16,13903,16130.765807352278,2227.765807352278
8,8,20,20376,17148.975955493297,3227.024044506703
2,19,16,14613,15770.64850278878,1157.6485027887793
2,7,23,16972,17049.256566857064,77.25656685706417
4,7,4,12876,15755.868120065743,2879.868120065743
6,30,0,15500,15972.396145800163,472.39614580016314
4,21,18,16017,16368.421479736708,351.4214797367076
7,24,21,18873,17672.3429970665,1200.6570029335016
11,22,17,16409,16996.064460055684,587.0644600556843
8,27,17,16098,16374.272764487063,276.2727644870629
8,23,7,12072,13673.905711156993,1601.9057111569928
5,6,0,12563,13826.541335760667,1263.5413357606667
11,15,12,15651,16078.678096837968,427.67809683796804
12,18,5,14944,16178.347779892296,1234.3477798922959
8,31,15,18990,16691.05421940959,2298.9457805904094
10,11,8,15406,16003.010991363817,597.0109913638171
1,30,5,15047,16032.750261509018,985.750261509018
10,7,7,15401,13089.014107184008,2311.985892815992
1,2,8,17897,16703.299475545486,1193.7005244545144
3,17,16,15394,15913.650509593785,519.6505095937846
3,14,17,17418,16511.549066648164,906.4509333518363
1,15,20,20456,18160.91540023137,2295.08459976863
1,16,2,14136,15719.314577082547,1583.3145770825467
9,27,1,11311,13914.368774305198,2603.368774305198
2,27,1,14986,16120.315705834699,1134.3157058346987
3,24,19,19345,16684.62548032326,2660.3745196767413
10,23,15,14547,15297.412885637783,750.4128856377829
11,15,20,17035,16456.559282377704,578.4407176222958
11,4,20,16911,16046.197967212385,864.8020327876147
8,16,16,14875,15355.563877297469,480.56387729746893
11,29,17,18578,17006.860639261246,1571.1393607387545
1,20,13,17487,17216.00205139844,270.9979486015618
2,11,9,15932,16828.468374840497,896.4683748404968
9,18,17,19415,17288.539576785333,2126.4604232146667
8,8,20,17913,17398.473603397822,514.5263966021776
12,23,10,16736,16278.340561115841,457.6594388841586
3,11,8,15831,17069.722482328347,1238.7224823283468
9,6,2,11410,13265.321416406363,1855.321416406363
1,15,22,19380,17878.59856006432,1501.4014399356784
2,27,6,16385,16602.41839212774,217.41839212773993
11,26,14,15337,15344.780167379018,7.780167379018167
6,3,3,12161,14599.437685641999,2438.4376856419985
5,15,3,10956,14984.283743378082,4028.2837433780824
8,14,21,18821,17399.732104691335,1421.2678953086652
1,16,8,18488,16924.99453501868,1563.005464981321
10,17,20,16194,15119.59764962345,1074.4023503765493
10,12,6,14256,13612.373962053758,643.6260379462419
12,1,2,13155,13998.30022926853,843.3002292685305
8,20,9,19125,16408.19655100632,2716.80344899368
12,8,12,16909,17113.483765170662,204.48376517066208
4,14,20,16689,15907.483267703381,781.516732296619
6,24,15,19777,16719.725029824443,3057.2749701755565
9,15,13,15227,15352.072382877213,125.07238287721339
8,29,22,14900,16083.08626351741,1183.0862635174108
7,15,6,13338,12529.645086228553,808.3549137714472
12,14,21,18124,17559.0858808681,564.9141191318995
5,22,6,13108,14109.379878175043,1001.3798781750429
10,2,1,11575,14829.693060957208,3254.693060957208
2,8,1,14756,15271.816629221445,515.8166292214446
10,10,10,12983,15767.609180173837,2784.6091801738366
2,12,19,19849,16788.535225835156,3060.464774164844
12,29,8,14609,15772.14990767563,1163.14990767563
10,6,9,15246,15111.654566648092,134.34543335190756
10,20,9,15673,15401.749476202647,271.2505237973528
12,25,12,14973,16520.92698775599,1547.926987755989
2,1,19,19722,16866.3907187077,2855.6092812923016
7,29,21,20723,16944.12418525493,3778.8758147450717
8,21,8,15820,14448.62348236617,1371.3765176338293
4,22,19,14711,15771.248653232597,1060.2486532325966
2,11,0,16516,16333.866164147326,182.13383585267366
11,14,13,17829,17068.22257562734,760.7774243726599
1,22,20,18191,16953.896720423625,1237.103279576375
10,5,22,15084,15631.277933185644,547.2779331856436
6,18,13,17036,16816.500023041463,219.49997695853745
4,3,9,15264,15704.108948426263,440.10894842626294
12,21,20,18009,17029.887568583144,979.1124314168555
1,19,19,18264,16628.883177311996,1635.1168226880036
9,19,2,12113,12979.427670813828,866.4276708138277
12,17,10,18469,16701.73799672615,1767.2620032738487
3,21,18,17905,16698.95450881386,1206.0454911861416
2,11,20,19322,17155.314280654933,2166.685719345067
10,27,5,11105,14782.456722450508,3677.456722450508
2,26,12,17392,17241.475111556418,150.5248884435823
8,21,11,17676,16145.130906024851,1530.8690939751486
1,21,12,17109,16360.748830741599,748.2511692584012
12,3,14,16257,15933.12167758176,323.8783224182407
9,19,10,16870,15018.01559827331,1851.9844017266896
4,23,16,13938,16180.223325839075,2242.223325839075
11,16,23,15500,17067.610896658654,1567.6108966586544
3,19,6,14566,15519.067878022344,953.0678780223443
8,27,16,22407,17705.418621360037,4701.581378639963
5,12,2,11052,15213.566105689268,4161.566105689268
8,2,17,21904,17463.455425298114,4440.544574701886
2,8,16,16312,16263.429498437245,48.57050156275545
5,24,12,14709,15942.34321052303,1233.3432105230295
8,7,4,12567,12427.492279000126,139.50772099987444
2,11,9,19105,17730.23484310016,1374.7651568998408
12,26,19,16646,16905.490825002955,259.4908250029548
6,6,4,12160,13567.274449555667,1407.2744495556672
2,9,21,20483,17154.103286802685,3328.896713197315
10,18,2,12184,12405.575261323223,221.57526132322346
8,17,19,17340,16468.000336903762,871.9996630962378
11,20,3,12000,14656.141103481656,2656.1411034816556
5,19,9,14228,15203.009725089105,975.0097250891049
6,21,9,14275,14887.724251630245,612.7242516302449
4,12,9,14290,15430.72893789241,1140.7289378924106
8,29,4,13776,14625.875976327725,849.8759763277249
2,6,20,16965,16620.55334377148,344.4466562285197
8,11,9,16965,15553.522158853377,1411.4778411466232
11,22,2,12259,15424.342509438633,3165.342509438633
11,23,4,14942,16255.910462469701,1313.910462469701
2,26,10,16221,16248.79768757664,27.797687576639873
5,24,3,10863,16128.568722002643,5265.568722002643
6,5,2,11900,15795.850800233167,3895.8508002331673
4,20,2,11955,15471.323726133605,3516.3237261336053
4,3,6,13201,16166.824241791186,2965.824241791186
2,21,1,15021,14267.583978444789,753.416021555211
1,6,1,13323,15093.858704156348,1770.8587041563478
9,16,2,11295,13578.724341252135,2283.7243412521348
9,12,4,13187,13513.250878379593,326.2508783795929
3,6,6,16589,16571.32345083881,17.67654916119136
7,5,20,20281,17644.365550976338,2636.6344490236625
9,15,11,14219,14029.729053457075,189.27094654292523
7,9,6,13048,14040.856250013467,992.8562500134667
10,20,9,16273,15514.718162677416,758.2818373225837
3,24,16,17791,16672.925587894406,1118.074412105594
4,9,23,13444,16166.24110989866,2722.2411098986595
2,6,16,17567,16895.643512147886,671.3564878521138
7,23,20,18407,16839.934552234925,1567.065447765075
9,11,16,19304,18583.335082880556,720.664917119444
4,11,11,15717,16420.80953023371,703.8095302337097
1,6,10,19116,17125.15752225127,1990.8424777487307
1,23,13,17326,16561.02839852158,764.9716014784208
9,19,3,11374,12826.786560742607,1452.7865607426065
10,28,9,13940,14606.302811871397,666.3028118713974
12,23,9,15400,16285.474823908355,885.4748239083547
2,18,11,18448,17684.48434204816,763.5156579518407
11,17,22,15243,16501.673047375472,1258.6730473754724
7,22,7,15187,14218.44027211424,968.5597278857604
6,9,2,12592,13951.3400771415,1359.3400771415
2,15,11,18287,17015.331581528848,1271.668418471152
1,8,16,18701,16916.094993570798,1784.9050064292023
10,28,0,13311,15950.998845588647,2639.998845588647
2,11,13,19337,16983.901631360975,2353.0983686390246
1,22,1,16985,16337.203957800562,647.7960421994376
5,17,0,12597,15176.74351394764,2579.74351394764
11,9,11,15052,15544.846719459563,492.84671945956325
9,10,17,18828,18126.416829028087,701.5831709719132
9,1,16,17259,17119.150034254388,139.84996574561228
10,18,8,14776,14597.584438174463,178.41556182553722
8,9,12,14645,17053.954711649967,2408.954711649967
10,18,18,15297,15894.049176389368,597.0491763893679
11,24,17,16160,15279.296019246402,880.7039807535984
10,4,1,11445,14217.098269917122,2772.098269917122
3,1,2,14926,15486.089003889263,560.089003889263
4,6,8,13858,16005.329737876102,2147.3297378761017
5,8,9,12679,14800.993594101012,2121.9935941010117
6,19,11,16343,16463.76530922176,120.7653092217588
11,8,18,18343,16328.563460360632,2014.4365396393678
11,28,16,17969,16326.412280560688,1642.5877194393124
1,23,9,16615,17253.510592992043,638.5105929920428
7,27,13,18712,17333.928149921525,1378.071850078475
2,7,4,14719,15419.79205064235,700.7920506423507
7,28,16,15610,16673.222892250764,1063.2228922507638
1,17,4,13631,16184.163050043415,2553.163050043415
4,15,5,11858,16177.445953337541,4319.445953337541
6,20,2,14021,16121.291981327422,2100.291981327422
10,7,22,13183,15278.729556597375,2095.7295565973745
9,25,17,16914,16587.12292788995,326.8770721100518
6,24,2,11855,13935.261081709803,2080.261081709803
11,2,12,16221,15767.621834936275,453.37816506372474
9,14,1,12238,15161.247480962054,2923.2474809620544
7,1,3,12995,15998.006010720339,3003.006010720339
3,3,19,16626,16534.462286140653,91.5377138593467
12,12,21,16535,16470.74624192393,64.25375807606906
5,21,1,10960,15604.654996826717,4644.654996826717
11,6,19,17161,14952.823590807566,2208.176409192434
4,21,7,15187,15520.601345645118,333.6013456451183
5,16,22,14991,16131.761587585777,1140.7615875857773
7,14,12,19306,17368.17206671229,1937.82793328771
1,26,8,17872,16691.714585281017,1180.2854147189828
11,14,8,15384,15658.64778471105,274.6477847110491
7,31,12,17151,17310.008873375973,159.00887337597305
1,11,4,15639,17376.206772780148,1737.2067727801477
9,22,21,17466,18142.41498220316,676.4149822031613
11,5,0,14042,15372.544671055888,1330.544671055888
5,19,16,13293,16116.536591260494,2823.536591260494
3,16,11,16694,16608.973866032273,85.02613396772722
2,13,22,18994,18217.6926013695,776.3073986304989
9,20,3,12031,13004.263561507578,973.2635615075778
9,28,23,13165,15273.763376613257,2108.7633766132567
5,5,6,13541,12995.91103791801,545.0889620819908
7,21,11,17430,15954.113610204773,1475.886389795227
7,18,9,16946,15104.232120614684,1841.7678793853156
6,3,8,15835,14313.777235740825,1521.2227642591752
10,7,20,16032,16408.21256594223,376.21256594223087
3,25,6,14849,14466.570108584125,382.4298914158753
12,16,8,18865,16404.336972681245,2460.6630273187548
11,26,16,18138,17336.207966946076,801.7920330539237
10,9,16,13248,14964.627258847811,1716.6272588478114
4,18,14,14730,15490.435110487959,760.4351104879588
1,13,15,16899,16498.42150977886,400.5784902211417
11,16,5,12444,13278.94316205809,834.9431620580908
10,21,5,11926,13180.780564691759,1254.7805646917586
1,12,1,15293,15410.453769685715,117.45376968571509
3,20,13,16160,16607.92274550296,447.92274550296133
9,16,12,15413,15466.506938295326,53.50693829532611
3,12,15,14108,15469.157895164082,1361.1578951640822
3,16,4,14188,15561.954075006497,1373.954075006497
12,15,5,14831,14644.99911602168,186.00088397832042
1,5,12,18206,17100.12946024056,1105.8705397594385
3,16,1,14320,14877.097276685554,557.0972766855539
10,9,14,15128,16123.546504590824,995.546504590824
7,18,6,13805,13169.694655177322,635.3053448226783
6,9,5,12188,14057.703169949027,1869.7031699490271
5,27,5,12872,15020.87023684526,2148.8702368452596
5,9,9,14773,15591.957219884313,818.9572198843125
4,8,7,13404,15152.0662488963,1748.0662488963007
11,1,21,15394,14993.562973964921,400.4370260350788
12,10,4,14114,15058.991888506365,944.9918885063653
10,4,6,13534,15144.71439289275,1610.7143928927508
3,11,13,15384,15817.897083731788,433.89708373178837
1,1,5,12625,16381.49593018297,3756.4959301829695
7,24,10,17394,16393.89032736294,1000.1096726370597
3,6,7,14907,14882.576476175225,24.423523824774747
12,24,8,13822,14942.667099500273,1120.6670995002733
7,22,5,12946,14294.094777259674,1348.0947772596737
1,23,15,20062,17224.88076938053,2837.1192306194716
10,6,10,15777,14881.157219377188,895.8427806228119
2,23,17,16389,16382.069628477026,6.930371522974383
6,20,7,15175,13348.68846412035,1826.3115358796495
1,22,11,19707,16908.552304722907,2798.447695277093
8,5,8,13427,14597.291356309732,1170.2913563097318
6,10,4,10895,15406.617777215772,4511.617777215772
2,25,12,14672,15937.9897246687,1265.9897246686996
12,17,19,19468,16584.59716586353,2883.4028341364683
4,13,6,11922,14685.74680683932,2763.746806839319
5,15,4,12044,14602.8985644023,2558.8985644022996
5,9,6,12166,16177.272581899944,4011.2725818999443
11,19,10,16279,16819.292402974257,540.2924029742571
1,5,10,17635,16928.877081834198,706.1229181658018
12,30,6,13753,15370.0742179151,1617.0742179151002
9,25,19,16694,16045.547556791384,648.4524432086164
1,23,0,16233,15494.956481113866,738.0435188861338
1,5,2,14926,16202.175307850615,1276.1753078506154
7,3,13,14827,16257.42663328626,1430.4266332862608
6,14,19,16518,16228.621832530873,289.3781674691272
1,30,1,15253,16057.73583202482,804.7358320248204
8,31,1,12853,13257.763974895222,404.7639748952224
3,5,7,17314,17025.989657593826,288.01034240617446
1,7,19,20189,18424.923759666723,1764.0762403332774
9,20,13,18625,17931.486714821134,693.5132851788658
3,24,7,16934,16419.19684624435,514.803153755649
2,3,9,16849,16161.007684851951,687.9923151480489
10,25,0,13571,14590.281430488016,1019.2814304880158
8,20,6,11260,12935.21252284314,1675.2125228431396
9,30,21,14653,15422.097793143716,769.0977931437155
7,11,7,15316,14212.671077550443,1103.3289224495566
6,13,8,16686,15864.23909225141,821.7609077485904
9,15,19,18574,18620.322857574007,46.322857574006775
1,29,22,19207,16939.30897346244,2267.691026537559
11,11,18,16902,15643.727675917773,1258.272324082227
6,6,23,12916,15907.416099498016,2991.4160994980157
11,2,22,14744,15540.373638819083,796.3736388190828
3,11,12,16924,16292.272303299282,631.7276967007183
2,5,23,16519,17747.83175568919,1228.8317556891889
4,5,22,15270,16500.39538270857,1230.3953827085716
2,12,2,14048,15483.424696448898,1435.4246964488975
7,13,18,19073,17583.41928663211,1489.58071336789
1,24,12,17588,17321.716163112927,266.28383688707254
5,7,11,14530,16012.9103769481,1482.9103769481007
12,17,0,15889,15650.877714406684,238.1222855933156
3,26,19,16024,16551.355746334284,527.355746334284
4,10,2,13363,15654.967193107374,2291.9671931073735
1,22,16,20416,16822.59559890629,3593.4044010937105
9,13,6,13850,12318.956022372837,1531.0439776271633
3,15,5,15614,15755.382288128609,141.3822881286087
8,13,19,17859,16732.363154229522,1126.6368457704775
11,10,23,14688,16774.756269526155,2086.756269526155
2,13,16,15997,16217.364906769066,220.36490676906578
6,26,3,11857,14662.657457857531,2805.657457857531
9,26,7,15630,13899.462420155738,1730.537579844262
8,27,18,18441,17272.146401549267,1168.8535984507325
7,11,5,12060,12461.129105384784,401.12910538478354
2,24,19,16901,16823.034952501566,77.9650474984337
10,11,5,10921,13587.080324855235,2666.0803248552347
3,13,15,15399,15804.157301360658,405.1573013606576
5,19,3,10813,15615.412692046313,4802.412692046313
11,10,2,12896,15305.849734286961,2409.8497342869614
11,3,8,16022,15996.665690643747,25.33430935625256
4,6,19,14801,15633.848658784595,832.8486587845946
9,19,22,13903,15331.258265204955,1428.258265204955
11,10,15,16234,16693.292500075862,459.29250007586234
10,23,17,16543,15171.712619733158,1371.2873802668419
10,21,11,15815,15196.293381117104,618.7066188828958
2,17,15,18738,16600.058502368636,2137.9414976313637
2,19,18,18944,17753.72138954342,1190.2786104565785
6,20,0,15109,15939.929239231655,830.9292392316547
1,19,21,17776,16901.061496344602,874.9385036553977
10,3,9,15451,14756.768973653918,694.2310263460822
2,7,22,17460,16948.973723038835,511.0262769611654
12,29,9,15798,16727.60252020478,929.6025202047786
7,1,6,12740,15257.817480497522,2517.8174804975224
5,4,15,14754,16188.992514563442,1434.9925145634425
4,15,0,11338,15667.33435923537,4329.33435923537
10,16,14,15878,16107.93522747187,229.93522747186944
2,21,7,14519,14663.56988896598,144.56988896597977
2,7,11,16599,16900.295123824708,301.29512382470784
11,21,7,16100,15545.583016018258,554.4169839817423
7,22,16,20866,18445.12918122259,2420.87081877741
7,15,18,17118,16072.970340216765,1045.0296597832348
10,7,11,15349,15303.73918211583,45.26081788416923
10,26,10,16197,15478.506623675152,718.4933763248482
6,15,22,15093,16435.175659241286,1342.1756592412858
6,18,1,15572,16444.201610556614,872.2016105566145
11,21,3,12582,15215.751054314427,2633.751054314427
6,23,4,12751,14981.860814758571,2230.860814758571
7,29,12,15085,17014.45703533892,1929.4570353389208
7,24,12,19293,17353.164421091667,1939.8355789083325
10,17,6,14352,13504.933764238824,847.0662357611764
3,29,6,14835,15156.570372302709,321.5703723027091
3,14,6,13090,16030.593405203786,2940.5934052037865
11,28,6,12368,15194.291657854135,2826.2916578541353
1,13,19,19041,16575.164232320356,2465.835767679644
8,1,16,19773,17904.302258099746,1868.6977419002542
11,8,1,13981,14462.952671616813,481.95267161681295
1,20,18,21527,17939.741944368787,3587.258055631213
1,31,15,18198,16752.743490663404,1445.2565093365956
8,30,17,17123,16759.509525788206,363.4904742117942
1,26,2,13619,15057.097232921158,1438.0972329211581
11,3,2,12872,15191.27344394817,2319.27344394817
10,10,11,14984,15027.189375941878,43.1893759418781
12,5,1,15111,15205.548896553604,94.54889655360421
12,19,9,18405,16641.38196746869,1763.6180325313107
6,12,12,14567,15959.63018564951,1392.6301856495102
1,8,18,19331,17006.544972586198,2324.455027413802
10,19,18,15720,15744.008551982786,24.00855198278623
4,30,6,14727,15786.628810848177,1059.6288108481767
11,20,21,16848,16763.187530808147,84.81246919185287
2,14,6,14670,15659.682191760481,989.6821917604811
10,6,2,12315,13338.92353579975,1023.9235357997495
6,13,2,11678,13937.620886541998,2259.6208865419976
7,18,19,18140,16554.142696760984,1585.857303239016
11,26,9,14900,15133.805977438755,233.80597743875478
5,10,5,12627,15795.992646189188,3168.9926461891882
10,1,15,12550,15065.131117236806,2515.131117236806
12,10,8,18974,16991.47890920678,1982.5210907932196
8,10,14,22671,17905.821042827134,4765.178957172866
1,15,17,19708,17456.321528140674,2251.6784718593262
12,15,22,17585,16900.83553239788,684.1644676021206
6,11,16,17912,17922.33624937995,10.33624937995046
8,15,9,16541,15133.218015861867,1407.7819841381333
4,28,6,14123,14367.574026791644,244.57402679164443
10,17,15,15499,15175.526552127301,323.47344787269867
10,21,17,16044,15344.54199253979,699.4580074602109
1,8,20,18049,17120.377809142432,928.6221908575681
11,13,15,12747,15521.580829896313,2774.580829896313
12,12,22,15493,15759.7085420202,266.7085420202002
2,7,7,15079,16526.477330075402,1447.4773300754023
6,18,5,15293,15175.476315784708,117.52368421529172
5,7,10,12597,16053.56083317675,3456.5608331767507
1,12,5,14851,15077.89766197289,226.89766197288918
8,29,6,13552,14259.841396194326,707.8413961943261
11,8,11,14510,16024.879886370736,1514.8798863707361
5,9,2,11477,15150.064173133052,3673.0641731330525
8,9,14,15259,16946.47142816929,1687.4714281692904
2,11,23,18505,17696.183752466113,808.8162475338868
10,5,13,15070,16092.86640502989,1022.8664050298903
3,4,11,17025,16888.470268874895,136.52973112510517
7,30,16,21090,17074.08689345758,4015.913106542419
11,29,14,17225,16843.570235249153,381.4297647508465
5,26,21,19423,16757.03191149827,2665.9680885017297
12,26,4,13979,15993.295144353946,2014.295144353946
10,8,21,15863,15986.322085383568,123.32208538356826
3,27,6,13972,16484.398318978812,2512.3983189788123
12,10,2,13076,15010.98910627585,1934.9891062758506
8,3,9,17648,15540.60311203205,2107.3968879679505
1,9,15,17726,17006.11134911996,719.8886508800388
2,29,12,16137,17242.775237574122,1105.775237574122
2,4,1,14274,15106.264226627796,832.2642266277962
6,27,13,17022,16438.303097130512,583.6969028694875
3,28,7,16817,15497.433373625918,1319.5666263740823
2,13,19,18196,16673.466825062875,1522.5331749371253
8,18,8,14881,14050.522171200275,830.4778287997251
11,27,16,18017,16516.346740125042,1500.6532598749582
6,27,21,16296,15892.078435648576,403.9215643514235
1,15,1,14520,15961.273329284715,1441.2733292847151
12,6,6,13869,15625.24455916468,1756.2445591646792
12,19,12,16335,16650.33764944649,315.3376494464901
11,11,21,15482,15812.859942000443,330.85994200044297
1,4,5,14723,16420.379674986245,1697.379674986245
11,14,16,16383,15905.233964792302,477.7660352076982
2,11,9,15391,16316.103777208727,925.1037772087275
7,8,18,16692,16376.675025569873,315.32497443012653
11,25,19,17803,15694.361901106477,2108.6380988935234
10,21,11,15959,15285.202614032809,673.7973859671911
7,23,21,19857,17194.738718604585,2662.2612813954147
7,23,18,21387,17118.44430523945,4268.555694760551
3,25,12,17210,16278.371686610732,931.6283133892684
7,10,20,17908,17210.557186997376,697.4428130026245
11,28,10,18024,16377.826768004277,1646.1732319957227
7,24,10,15022,15821.061676366979,799.0616763669786
8,8,0,14431,14967.255546744458,536.2555467444581
7,26,9,18152,15803.895776926183,2348.1042230738167
7,25,3,13378,14207.29010037901,829.2901003790103
8,4,7,12743,15561.139125223912,2818.139125223912
6,21,20,20801,16702.52404462142,4098.475955378581
8,23,19,19459,18346.840469786977,1112.1595302130227
6,18,6,16022,16124.608536470998,102.60853647099793
1,3,5,12443,15707.029605974558,3264.029605974558
1,16,13,17064,16570.589632416908,493.410367583092
6,27,22,18670,18006.96371280967,663.0362871903308
4,20,8,12926,14314.108137468058,1388.108137468058
2,24,22,15911,16314.693181091563,403.693181091563
6,25,11,15028,15799.230399932716,771.230399932716
9,7,9,16766,15839.097229498797,926.9027705012031
3,19,21,17011,16583.57170158571,427.4282984142883
9,11,18,18124,17435.356844932092,688.6431550679081
1,6,20,17860,17016.6805915037,843.3194084962997
9,25,4,11694,13860.675547806146,2166.675547806146
3,29,0,13900,16323.757791055044,2423.7577910550444
2,16,6,14483,14708.324716507324,225.3247165073244
10,15,11,15744,16052.099692423537,308.0996924235369
4,28,19,15723,16078.074249420828,355.074249420828
12,18,10,16432,16375.426143080744,56.573856919256286
7,3,5,11124,13794.966376721446,2670.966376721446
1,30,12,18701,17822.021898484996,878.9781015150038
11,17,18,18807,17729.946918943286,1077.0530810567143
8,6,11,17281,16044.88798924936,1236.1120107506395
7,19,8,15956,14040.917085077335,1915.0829149226647
8,23,5,12674,12496.183533090349,177.81646690965135
6,20,15,18503,16686.400483143458,1816.5995168565423
5,14,16,15010,16226.320477730033,1216.3204777300325
1,8,14,18499,16797.990839683265,1701.0091603167348
10,17,22,13058,15537.581730525508,2479.5817305255077
5,19,18,14031,16423.353742004598,2392.3537420045977
10,9,15,14030,16061.77432629117,2031.77432629117
2,7,14,16655,16216.097740691785,438.90225930821543
12,12,13,17492,17435.977796136413,56.02220386358749
10,15,17,15668,15199.774104914695,468.2258950853047
4,25,19,15977,15911.957704207198,65.04229579280218
11,19,17,18007,16349.583812301462,1657.4161876985381
10,11,15,12860,16286.03167056295,3426.0316705629502
1,10,9,18329,17090.122908429632,1238.877091570368
7,11,20,19194,16650.17556560814,2543.8244343918595
3,16,6,14126,13579.286612074422,546.713387925578
12,2,17,17744,16292.94372856288,1451.0562714371208
2,23,7,14854,16802.98559196952,1948.9855919695183
7,18,8,18027,16351.21072322492,1675.78927677508
5,19,7,12138,16079.438236738039,3941.4382367380385
1,16,21,18195,16620.043310539455,1574.956689460545
8,31,1,13860,14493.616293758972,633.6162937589725
9,19,0,14660,13967.92440306639,692.0755969336096
10,3,20,16006,16094.345778200852,88.34577820085178
2,1,20,18974,17043.671510825847,1930.3284891741532
3,12,15,14859,17002.18622210079,2143.1862221007905
1,18,13,18689,17465.74886599567,1223.251134004331
4,26,23,14116,16428.505553700998,2312.5055537009976
3,21,20,18111,16526.71525643522,1584.2847435647782
8,4,21,18375,17230.013412287666,1144.9865877123339
11,28,17,16429,15732.614845507356,696.3851544926438
2,12,9,18462,16562.802243112244,1899.1977568877555
9,30,13,14991,15534.271883339943,543.2718833399431
5,18,12,16308,17004.573009087824,696.5730090878242
6,11,0,12577,15075.745072182775,2498.7450721827754
3,31,6,13316,14445.350820344593,1129.3508203445926
2,11,16,18232,17694.211589805855,537.7884101941454
3,13,12,18467,17757.820816427775,709.1791835722252
4,4,20,18011,16826.932588154577,1184.0674118454226
2,22,2,14019,15160.93697084336,1141.9369708433605
11,10,9,16924,15873.789803806638,1050.2101961933622
5,9,4,11978,15887.925732420503,3909.9257324205028
12,22,9,15086,15814.204397189982,728.204397189982
6,24,5,11702,14420.228957596508,2718.228957596508
10,29,14,12934,16078.868202224427,3144.8682022244266
11,30,18,18101,16060.205856070725,2040.7941439292754
2,12,8,20607,16262.0694595532,4344.9305404468
8,12,23,15592,15817.5548539798,225.5548539798001
5,2,2,11049,15913.66221500175,4864.66221500175
7,23,19,19995,18120.079825909845,1874.9201740901553
10,21,18,16283,16328.74359922469,45.743599224690115
1,11,23,15427,16799.880183966292,1372.880183966292
8,12,14,16492,16562.680120558907,70.68012055890722
8,29,1,14600,15149.076691766615,549.0766917666151
7,6,12,20216,18894.51436982094,1321.4856301790605
8,1,3,11404,13733.432129772198,2329.432129772198
1,12,14,16996,17488.31197485474,492.3119748547397
12,16,5,14248,15452.035962364338,1204.035962364338
5,29,19,16272,16038.066651890453,233.9333481095473
5,25,5,11475,15268.503373423679,3793.5033734236786
7,28,19,20888,18216.483769745257,2671.5162302547433
12,13,22,15834,16211.563923477435,377.5639234774353
1,10,3,13797,15835.191967399182,2038.1919673991815
9,6,2,16241,15015.942213221499,1225.0577867785014
1,15,5,15177,16255.533405667185,1078.5334056671854
4,18,23,12596,16046.269878709318,3450.2698787093177
12,31,21,18284,16443.950996627238,1840.049003372762
7,9,3,12920,13836.110645645525,916.1106456455254
10,26,5,12822,14949.350532131666,2127.350532131666
10,29,2,12172,14767.940474383415,2595.9404743834148
8,16,14,14697,15727.638729223287,1030.6387292232866
4,23,3,11497,15715.136297320025,4218.136297320025
11,21,11,15528,16664.108562068282,1136.1085620682825
1,30,20,19064,17091.479296989186,1972.520703010814
6,11,21,15703,16557.712037790683,854.7120377906831
6,8,10,15423,14764.52894020961,658.4710597903904
5,20,14,14689,16489.02762528804,1800.0276252880394
2,26,7,16541,16391.8458772617,149.1541227382986
9,11,23,13648,17234.352942764825,3586.3529427648245
6,26,13,15602,16117.905048700468,515.9050487004679
10,5,13,15576,16055.962552274334,479.9625522743336
1,15,17,17812,17394.66823665109,417.3317633489096
12,28,16,16545,16740.96597910492,195.96597910491982
6,20,15,15924,16233.831662278595,309.8316622785951
2,13,20,18025,16808.289717065367,1216.7102829346331
4,27,9,14515,15627.819090619676,1112.819090619676
3,6,9,18885,17621.37735542693,1263.6226445730717
2,25,15,17433,17104.76515083879,328.23484916121015
9,1,19,19239,18084.9360943383,1154.0639056617001
3,9,13,15634,16180.770605670163,546.7706056701627
5,7,18,13376,15953.242987637195,2577.2429876371953
8,10,19,20349,18117.25799051545,2231.742009484551
11,28,16,15343,15695.732822078553,352.732822078553
3,22,19,16982,16262.046445697608,719.9535543023921
2,4,7,15095,16997.930999746826,1902.9309997468263
3,19,5,13284,15861.270916165267,2577.2709161652674
4,5,12,14738,15844.849828753047,1106.8498287530474
6,26,6,12631,13796.660948583129,1165.6609485831286
6,8,23,13490,15523.205498688265,2033.205498688265
1,7,3,14948,16058.02281462413,1110.0228146241298
10,30,1,12943,15766.832436666897,2823.8324366668967
9,21,20,17572,16967.216254610106,604.7837453898937
10,3,0,12127,14243.404385291953,2116.404385291953
3,11,9,15902,17507.11145522566,1605.1114552256586
10,11,21,14632,15823.647030654958,1191.6470306549581
9,22,1,11721,15090.379679209787,3369.3796792097874
6,25,13,18282,17494.634896496005,787.3651035039948
3,18,19,18659,16431.657646941374,2227.342353058626
8,22,8,17130,15750.515432220223,1379.4845677797766
3,15,18,17295,16177.36609351234,1117.6339064876593
3,10,21,16561,17386.43344103052,825.43344103052
10,13,0,11652,14444.883594897688,2792.8835948976885
11,27,19,20304,16966.13451030672,3337.8654896932785
9,10,16,16816,16468.20832152536,347.79167847464123
11,30,5,14469,15191.08302471905,722.0830247190497
3,27,7,16356,15038.59458515569,1317.4054148443101
2,8,18,17677,16254.360868263919,1422.6391317360813
8,21,15,19044,16676.131510968837,2367.8684890311633
7,22,8,13517,15072.990585248595,1555.9905852485954
10,20,22,13614,15564.430235147727,1950.4302351477272
7,15,13,19760,18303.084814352424,1456.9151856475764
10,11,1,12858,13891.83485441683,1033.8348544168293
1,26,11,15664,15928.52733464609,264.5273346460908
9,26,19,16085,15799.983751343161,285.0162486568388
7,18,12,19477,16760.835503798735,2716.164496201265
11,9,20,17468,16769.699839965862,698.3001600341377
4,15,10,12567,16100.00581887607,3533.0058188760704
2,23,10,15601,16344.639826591492,743.6398265914922
8,30,22,16804,16350.868407716018,453.1315922839822
10,12,8,15088,15284.89564456978,196.89564456978042
8,30,15,16581,17827.454882471044,1246.4548824710437
12,6,3,15725,15571.93682880204,153.0631711979604
1,10,23,17753,18355.51610325071,602.5161032507094
2,6,15,16732,16597.564338731256,134.4356612687443
10,27,6,13529,16053.653353660902,2524.653353660902
5,10,18,13812,16181.367361160475,2369.3673611604754
2,2,16,18637,16737.624587782786,1899.375412217214
12,13,6,15438,15443.92582117858,5.925821178580009
12,18,4,13715,14884.615283409885,1169.6152834098848
2,21,7,13375,15564.5894196311,2189.5894196311
11,17,19,17010,15896.220094749737,1113.7799052502633
11,22,8,16757,16073.609744391759,683.3902556082412
5,28,5,12700,14218.028100206131,1518.028100206131
3,10,0,12965,15291.569819503058,2326.569819503058
9,8,21,16540,16687.560492053617,147.56049205361705
1,14,12,18037,17299.959760196198,737.0402398038023
8,29,7,16364,15475.229580298492,888.7704197015082
7,3,13,19800,17018.644173632496,2781.355826367504
2,13,11,17988,16973.597299643225,1014.4027003567753
7,22,6,14268,14379.40819199217,111.40819199217003
5,4,17,14984,15936.524326399542,952.5243263995417
2,2,10,16977,16124.073177131295,852.9268228687051
12,21,9,16563,16017.505516282663,545.4944837173371
4,29,13,12370,15752.320009468911,3382.320009468911
8,27,1,15803,14762.009634700975,1040.9903652990251
12,24,19,17041,16748.60101939002,292.39898060998166
2,29,17,18431,16506.361310940974,1924.6386890590256
11,4,14,15308,15072.17131640661,235.82868359339045
12,23,15,15853,16427.13522722533,574.1352272253316
3,16,13,15727,17141.206547739428,1414.206547739428
12,18,20,20901,17377.272084252938,3523.727915747062
3,10,5,12681,13841.378722619942,1160.378722619942
4,7,14,13172,15929.401734918958,2757.401734918958
5,11,20,15311,16206.769481740628,895.7694817406282
2,4,10,17174,16294.41783131965,879.5821686803502
4,17,10,14112,15364.873554717042,1252.8735547170418
8,2,8,12036,14464.439907272328,2428.439907272328
11,27,13,14418,15537.270974418427,1119.2709744184267
11,11,17,16050,15946.98760632197,103.01239367802918
8,27,15,14749,16430.775473389178,1681.775473389178
3,18,4,13726,14979.062727838236,1253.0627278382362
10,18,23,14078,17252.16483282812,3174.164832828119
9,16,13,16439,16011.49177104086,427.50822895913916
8,8,3,12314,13118.51377037484,804.5137703748405
8,21,16,19116,16490.473285316155,2625.526714683845
10,2,8,15234,15539.10288876155,305.1028887615503
2,25,12,17915,17114.63601431424,800.363985685759
9,17,19,16163,16279.129985929987,116.12998592998701
2,9,15,16384,17084.80439717554,700.8043971755396
9,15,22,13700,15125.314143360622,1425.3141433606215
3,2,8,17938,17100.710876352587,837.2891236474134
3,5,1,13195,15702.503903658082,2507.503903658082
7,16,4,13691,15407.951094917016,1716.9510949170162
4,9,7,14414,16265.60137326938,1851.601373269379
4,10,18,14683,15607.539488272478,924.5394882724777
8,4,4,14003,14922.03945179427,919.0394517942696
2,24,19,20801,16371.182739210073,4429.817260789927
6,18,8,16672,15020.77317490781,1651.2268250921898
8,27,19,18456,16832.484188123966,1623.5158118760337
1,17,2,15854,16022.085008795215,168.0850087952149
11,16,7,15822,15378.99208150586,443.00791849414054
10,15,2,11930,14032.634278803373,2102.6342788033726
10,3,14,14984,16343.210173838472,1359.2101738384717
5,5,10,14387,15110.311002939245,723.3110029392446
1,18,20,19118,16995.96868858338,2122.03131141662
1,22,14,19482,17227.81021688913,2254.189783110869
8,9,9,16252,14867.366972745605,1384.6330272543946
4,3,15,16079,15691.214943904453,387.7850560955467
8,9,9,15946,14761.83506605736,1184.1649339426403
5,11,11,13261,15770.38006990433,2509.3800699043295
5,17,9,14224,15698.925011204106,1474.9250112041063
10,27,17,15793,15618.935947934215,174.0640520657853
11,2,18,15955,16155.772078460086,200.77207846008605
5,21,12,16221,17237.32539709264,1016.3253970926417
3,30,10,14556,16086.6167053587,1530.6167053586996
10,31,19,15698,16162.430319222467,464.430319222467
9,28,16,17830,16820.94369064529,1009.0563093547098
1,10,4,13718,15958.773205151734,2240.773205151734
4,22,15,13889,15878.95248417329,1989.9524841732891
2,6,0,16038,15641.433818312564,396.56618168743626
6,14,7,14359,13522.245050169155,836.7549498308454
4,26,20,16490,16295.73708034446,194.26291965554083
2,11,0,15722,15966.367329264316,244.36732926431614
12,20,7,15602,15174.542219703471,427.45778029652865
7,28,13,19114,17857.35482304286,1256.6451769571395
4,15,18,15336,16244.66565639578,908.6656563957804
4,14,9,15273,15600.547007363639,327.54700736363884
11,26,2,14198,14089.88144627845,108.11855372154969
1,18,8,18662,16860.55291461928,1801.4470853807215
1,6,1,14885,15376.150203895293,491.1502038952931
8,9,10,17051,15364.730429803254,1686.269570196746
2,9,0,16446,16673.499780621085,227.49978062108494
7,1,7,12603,15344.756788681221,2741.756788681221
12,11,19,18673,17673.740486653754,999.2595133462455
7,12,1,13578,15127.088168698667,1549.0881686986668
1,24,15,17038,17020.312099118328,17.68790088167225
3,26,13,15854,16300.634933898511,446.634933898511
12,19,5,13667,15176.834681760134,1509.8346817601341
5,30,20,13717,15930.342322287805,2213.3423222878046
1,14,19,19805,17066.689822667428,2738.3101773325725
4,21,6,14279,15534.412419163415,1255.4124191634146
12,10,14,17618,17750.998405222523,132.9984052225227
12,18,14,17507,16617.451556412318,889.5484435876824
11,6,16,16658,16065.529270382454,592.4707296175457
6,23,23,15100,15968.254176205148,868.2541762051478
3,6,21,19761,18144.322873132056,1616.677126867944
4,9,15,15434,15956.437187164198,522.4371871641979
8,15,7,14492,13947.194343236462,544.8056567635376
10,31,9,15202,15555.383184632026,353.3831846320263
10,7,0,12656,13709.264955756502,1053.2649557565019
12,10,20,17945,16909.187780092434,1035.812219907566
12,27,0,13432,14228.9795237963,796.9795237963008
1,14,6,14774,16831.84471807415,2057.8447180741496
10,26,9,15487,15857.659175882382,370.65917588238153
12,11,8,17247,16344.424889997095,902.5751100029047
9,12,16,16808,17506.436368570063,698.4363685700628
8,5,11,18030,17922.60217054647,107.39782945353
9,15,14,18628,17757.268502112795,870.7314978872055
7,1,16,16997,16341.764562699513,655.2354373004873
3,13,4,12870,15711.39856348885,2841.3985634888504
9,17,7,13949,14118.460226999916,169.4602269999159
2,4,22,19175,17116.059123352134,2058.9408766478664
3,2,22,17233,17123.235856542065,109.76414345793455
1,16,11,17317,16609.07733814766,707.9226618523389
10,10,11,12621,15884.162594273692,3263.162594273692
12,30,20,17393,17041.43572444974,351.5642755502595
12,23,10,16715,15778.688971912143,936.3110280878573
10,30,15,15698,16322.284543467815,624.2845434678147
9,16,13,15487,15057.304729904923,429.6952700950769
2,16,3,14243,16038.556795993774,1795.5567959937744
12,23,11,17481,15961.58715109901,1519.4128489009909
8,29,7,14622,13699.22820283616,922.7717971638394
9,9,11,15911,15279.639819505848,631.3601804941518
11,1,16,15039,16421.45415478896,1382.4541547889603
1,7,1,15516,16006.349338277232,490.34933827723216
11,4,9,14772,14948.73443842949,176.73443842949018
10,16,1,11723,15764.814868384175,4041.8148683841755
9,25,21,16389,15208.453162983133,1180.5468370168674
12,20,1,14084,15084.904867350033,1000.9048673500329
12,13,23,15972,17005.012634153747,1033.012634153747
6,20,8,15544,15322.668677573605,221.33132242639476
1,2,23,16725,17716.03426942566,991.0342694256615
1,29,0,15385,15305.319131568272,79.6808684317275
1,17,18,19928,18087.390121352644,1840.6098786473558
3,25,3,12590,15118.80009369956,2528.8000936995595
11,10,0,13980,14702.507890642602,722.5078906426024
8,16,11,14847,15082.408275775793,235.4082757757933
7,29,15,16458,15937.425794205115,520.5742057948846
10,16,3,11685,16018.639477344404,4333.639477344404
9,27,11,14508,15218.298718757687,710.2987187576873
5,31,5,10305,14712.295650504053,4407.295650504053
1,12,22,17938,17318.149462503137,619.8505374968627
12,7,13,18281,17218.09248049703,1062.907519502969
12,3,5,12893,16254.031425725665,3361.031425725665
9,13,12,17707,16908.80182391633,798.1981760836716
5,10,7,14213,15142.267984328597,929.2679843285969
6,20,5,12767,13635.58167543331,868.58167543331
10,17,17,16209,15841.229991060245,367.7700089397549
12,7,13,16441,16866.229590779836,425.22959077983614
12,28,20,16487,16495.838410981767,8.838410981767083
6,28,18,17910,16668.382366608224,1241.6176333917756
8,21,0,15684,15821.265151483232,137.26515148323233
2,2,16,16400,16738.904520972024,338.90452097202433
7,10,19,16230,16563.56177571391,333.56177571391163
3,27,3,12401,14329.248668224573,1928.2486682245726
1,3,0,15456,15183.653049589517,272.34695041048326
8,7,13,17126,16731.70597433121,394.2940256687907
10,4,2,11748,15642.021756013026,3894.021756013026
4,8,16,15236,15896.880671043522,660.8806710435219
5,19,19,15895,16111.23743936911,216.23743936910978
2,1,22,18810,16492.035425965645,2317.964574034355
7,24,7,15088,12815.18812693259,2272.8118730674105
3,10,5,13248,15792.541118721823,2544.5411187218233
3,10,17,17240,16818.862578209126,421.1374217908742
3,9,11,14805,16226.658993437433,1421.6589934374333
9,7,3,10858,15920.436411363886,5062.436411363886
11,16,9,14904,15416.05827978767,512.0582797876705
3,19,18,18333,16730.514059618974,1602.485940381026
2,19,9,16710,17057.915694181855,347.91569418185463
10,14,17,14202,16000.985043455596,1798.9850434555956
11,30,12,15830,16760.708373718055,930.7083737180546
7,13,12,20451,18125.03453822172,2325.96546177828
5,15,10,13733,15616.758393720558,1883.7583937205582
2,22,1,15494,15443.865558961359,50.134441038640944
2,17,8,17818,16561.809653900487,1256.1903460995127
6,11,20,17788,16414.70283005101,1373.29716994899
12,25,3,12928,16100.267601205062,3172.2676012050615
8,15,20,18586,17382.837493446335,1203.1625065536646
11,10,7,13498,15449.018149153575,1951.018149153575
6,9,10,14927,14847.119851077545,79.88014892245519
9,5,3,12300,14902.604010894951,2602.604010894951
2,9,15,16684,16777.777793526515,93.77779352651487
9,12,20,17697,16123.992240768408,1573.007759231592
1,15,23,18125,17741.656191142814,383.34380885718565
12,1,2,14246,15045.171838668033,799.1718386680332
7,7,5,13702,14414.901905745774,712.9019057457735
7,25,13,20213,17094.544522003016,3118.455477996984
10,25,20,15828,15548.579859289377,279.42014071062295
8,4,22,16348,15979.959416579944,368.04058342005555
7,26,13,19965,17918.437753322676,2046.5622466773239
11,6,12,15346,15414.427998506724,68.42799850672418
12,18,17,19422,17199.93769033318,2222.0623096668205
12,5,13,17131,16022.001463920558,1108.9985360794417
11,15,23,15134,16360.345517900585,1226.345517900585
6,26,22,14865,15615.850373198102,750.8503731981018
6,24,17,15093,16588.26364514763,1495.2636451476283
10,17,4,11671,13503.434995424588,1832.4349954245881
1,9,1,15613,16427.71503842416,814.7150384241613
6,8,10,14077,15256.500741594464,1179.5007415944638
2,28,9,18045,16983.896148434378,1061.1038515656219
10,27,8,14529,16092.041206713073,1563.0412067130728
1,18,8,18113,16898.625565362883,1214.3744346371168
12,7,6,15599,15923.696415983151,324.6964159831514
2,5,4,14858,16476.50679015106,1618.5067901510592
1,9,19,18747,16955.223481033045,1791.7765189669553
10,4,6,13660,13875.12812754335,215.12812754335027
11,27,1,14618,14745.104011027091,127.10401102709147
7,20,13,20689,17566.241943826994,3122.7580561730065
5,22,1,10799,15845.808632816572,5046.808632816572
1,2,0,14023,15384.038879598542,1361.0388795985418
2,11,15,14718,16433.495535031816,1715.495535031816
3,30,10,14125,15920.817501006046,1795.8175010060459
12,3,23,16736,17210.738048301002,474.738048301002
5,29,22,13303,16049.114628325851,2746.1146283258513
9,11,21,16426,15411.808986457427,1014.1910135425733
8,17,15,19206,18107.580821509855,1098.419178490145
12,28,9,15032,15769.265493546018,737.2654935460178
4,17,19,15124,16080.391250807575,956.3912508075755
8,19,18,18218,17289.987077671143,928.0129223288568
9,3,6,10981,14078.076621787652,3097.0766217876517
3,22,11,15774,16294.239145846366,520.2391458463662
8,25,12,18434,16404.878805087006,2029.1211949129938
2,4,7,17268,15921.999245849567,1346.0007541504328
5,3,2,11805,14784.170636351011,2979.170636351011
12,19,2,14174,15064.151953386547,890.1519533865467
10,30,3,11857,15688.585925580273,3831.5859255802734
1,13,15,17973,17720.784778854035,252.2152211459652
11,9,4,11930,12940.375533506087,1010.3755335060869
12,6,1,14011,15210.27501558149,1199.2750155814902
9,5,8,14465,14077.561177213727,387.4388227862728
2,1,9,16811,15691.268589723291,1119.7314102767086
9,23,14,15712,14832.030470426207,879.9695295737929
11,1,15,14781,16092.088009412591,1311.0880094125914
11,20,16,16042,16813.713263189635,771.7132631896347
1,3,17,18230,16817.367486214665,1412.6325137853346
4,20,9,15420,16193.007819988869,773.0078199888685
11,5,13,14628,15741.033461766676,1113.0334617666758
3,24,6,15156,14165.64566078587,990.3543392141291
11,7,19,17546,16356.95404410462,1189.0459558953808
8,3,8,17399,14861.742071678776,2537.2579283212235
10,22,17,16280,15782.777223320996,497.2227766790038
8,17,5,13544,12837.917098044716,706.0829019552839
8,22,21,18573,16772.78466545535,1800.2153345446495
11,27,13,16125,15913.055610562227,211.94438943777277
5,17,17,13019,16195.11329082972,3176.1132908297204
2,21,2,14745,16169.396632073072,1424.3966320730724
10,22,11,15386,15627.771345711737,241.771345711737
12,7,19,19018,16998.471553627027,2019.5284463729731
6,1,19,15296,16108.25151581118,812.2515158111801
12,29,18,17397,16543.661060589322,853.338939410678
9,9,0,16266,15225.57864332424,1040.4213566757608
4,2,6,14549,16243.278325341631,1694.278325341631
11,16,2,12866,13701.98314231747,835.9831423174692
11,21,16,15720,16696.973251155032,976.9732511550319
9,9,3,11842,13685.339166469523,1843.3391664695228
8,21,4,13557,14327.219479182195,770.2194791821948
9,27,0,13010,14089.245779723384,1079.2457797233837
12,11,2,14305,14337.951630709069,32.95163070906892
3,24,20,19921,16946.12677810587,2974.8732218941295
9,29,7,16164,15038.46531829491,1125.5346817050904
4,1,4,12737,15205.167668855214,2468.1676688552143
10,21,3,11530,13354.302158863748,1824.3021588637475
5,3,10,15814,15567.433276558811,246.56672344118851
5,1,19,16382,15510.859940375256,871.140059624744
8,29,14,21206,17714.735157591207,3491.264842408793
5,27,15,19137,17405.777205434104,1731.222794565896
9,17,8,14988,14938.041331711906,49.958668288094486
11,18,23,15083,16915.432100763766,1832.4321007637664
12,20,13,17652,17129.0105394883,522.9894605117006
3,3,23,15794,16863.80842422873,1069.8084242287296
7,9,18,18642,18172.354300308856,469.6456996911438
1,25,17,17664,17102.7060319885,561.2939680115014
6,23,23,14243,16233.503826977825,1990.5038269778252
9,14,23,15515,16835.39092689036,1320.390926890359
11,21,3,13841,14246.680405760791,405.6804057607915
7,11,5,13451,13673.066022063618,222.06602206361822
7,2,11,16309,16550.479315479064,241.4793154790641
4,5,22,15710,16712.560728119122,1002.5607281191224
8,12,6,14596,14133.204967880025,462.7950321199751
6,21,8,14655,14538.524001867916,116.47599813208399
6,23,15,17442,16332.622407564531,1109.3775924354686
3,27,11,15683,16951.63487694371,1268.63487694371
9,26,21,15834,16054.179791666114,220.1797916661144
8,31,12,17682,17198.57125155103,483.4287484489687
7,22,12,18236,16546.247774591706,1689.7522254082942
8,8,12,17652,16654.0328309255,997.9671690745017
2,4,17,19373,17191.46562925593,2181.5343707440697
7,6,22,19807,18011.576983871848,1795.423016128152
7,12,14,19119,17582.670910464738,1536.329089535262
7,3,7,15541,15258.079508350584,282.92049164941636
11,9,12,17201,15829.483470563317,1371.5165294366834
6,25,16,18258,16493.667863162438,1764.3321368375618
12,10,13,17294,16520.99962108987,773.0003789101283
8,15,17,20592,17332.937280956878,3259.0627190431223
1,19,3,14610,15276.484540654455,666.4845406544555
7,18,2,13292,16038.851247699447,2746.8512476994474
10,19,13,14760,15101.012771876956,341.0127718769563
2,19,17,16571,16403.005437068685,167.99456293131516
12,2,6,13603,13924.19842788915,321.1984278891505
9,7,19,15266,15438.030804931748,172.0308049317482
1,14,2,15520,15983.816123731864,463.8161237318636
10,24,14,13926,15554.836838072319,1628.8368380723186
3,16,14,15906,16339.285897098318,433.28589709831795
2,28,2,14731,16166.063290358461,1435.063290358461
7,26,1,13528,13900.782264934835,372.78226493483453
7,14,9,17735,15870.554808597646,1864.4451914023539
4,24,5,11756,15635.061411919502,3879.0614119195016
7,12,13,19884,17413.67140141667,2470.3285985833318
8,30,10,18737,16470.936237557165,2266.0637624428346
8,17,5,12819,12899.076125616219,80.07612561621863
12,17,21,21415,16683.77654320155,4731.223456798449
2,23,13,17826,17125.21138810682,700.7886118931783
5,28,10,16982,16836.98581713495,145.0141828650485
2,3,20,18666,16647.92510014271,2018.074899857289
5,30,10,12094,15055.053129769849,2961.053129769849
2,23,1,14273,14909.75379019957,636.7537901995693
10,30,8,16577,15945.599796459092,631.4002035409085
11,20,1,12786,15503.054315998517,2717.0543159985173
9,5,2,12016,13144.779121062287,1128.7791210622872
9,26,0,11832,13781.765471593482,1949.7654715934823
3,9,2,12235,15845.23837302451,3610.238373024509
2,5,12,18007,17855.539261688096,151.4607383119037
9,22,10,17295,15902.161465314497,1392.838534685503
1,23,17,17858,17072.58267891214,785.4173210878616
5,16,1,12021,14454.043669523986,2433.043669523986
11,18,13,15775,15787.111172821507,12.111172821507353
8,23,1,13816,14289.211008663802,473.2110086638022
3,24,13,16126,16046.858274214575,79.14172578542457
4,7,11,13025,15418.159759397615,2393.159759397615
10,7,13,14630,15486.139073492617,856.1390734926172
9,29,15,15307,15438.55916290188,131.55916290187997
9,16,7,15283,13660.93609366419,1622.0639063358103
3,18,20,16978,16230.316088794594,747.6839112054058
10,21,3,10969,14561.985691913456,3592.9856919134563
11,24,12,16564,16904.543256101457,340.5432561014568
9,13,4,13071,13307.450923422808,236.45092342280805
3,5,14,14482,16279.55733864455,1797.5573386445503
6,21,3,12913,14716.130029792772,1803.130029792772
5,27,15,13536,15627.127134890672,2091.127134890672
10,10,21,15519,15928.853138067481,409.85313806748127
11,4,20,17061,16621.40341708136,439.5965829186389
7,27,21,17946,17151.260926820065,794.7390731799351
8,28,17,17544,16508.246593338987,1035.7534066610133
11,13,10,17188,16679.30754546018,508.6924545398215
11,10,19,16886,15823.886706403311,1062.113293596689
2,26,11,15732,16087.190742939718,355.1907429397179
4,29,11,13602,16213.273525353385,2611.2735253533847
7,28,5,14481,14965.752395521511,484.75239552151106
4,9,14,13964,16319.081227977724,2355.0812279777238
8,28,21,19421,17333.24631833701,2087.753681662991
5,24,13,13413,16503.216762821397,3090.2167628213974
12,31,4,12905,15427.500270587601,2522.5002705876013
8,17,2,13703,13562.648615046346,140.3513849536539
11,17,11,15060,16020.251370743134,960.2513707431335
5,28,4,11283,15470.801059939904,4187.801059939904
4,23,23,13230,16104.215933699817,2874.2159336998175
7,14,17,20604,18048.565130504485,2555.434869495515
8,13,1,13826,14129.529964950922,303.52996495092157
5,11,7,14699,14713.702873910535,14.702873910535345
5,13,11,15979,16368.719097045743,389.7190970457432
12,14,10,19324,16474.143556430157,2849.8564435698427
7,17,19,19450,17119.008181291647,2330.991818708353
3,15,16,15183,16202.29428707827,1019.2942870782699
6,3,3,11542,13687.416236526555,2145.4162365265547
10,27,3,12263,14010.865490597484,1747.8654905974836
1,23,16,17379,16793.379068935705,585.6209310642953
11,1,5,12426,15301.909488478945,2875.9094884789447
2,13,0,17027,16815.87144439068,211.12855560932076
8,22,20,17681,16578.875564202703,1102.1244357972973
2,28,21,18829,17492.783955840987,1336.216044159013
5,18,10,14205,15379.695070132591,1174.6950701325914
12,18,18,19485,17361.43021337371,2123.569786626289
8,12,5,13005,13466.547011322951,461.5470113229512
6,17,22,17693,16461.16559652283,1231.834403477169
2,12,5,15859,16796.81230745965,937.8123074596515
7,1,5,12821,15980.137327682845,3159.1373276828454
5,2,16,14972,16124.180768087615,1152.1807680876154
3,28,2,12524,14524.654530470063,2000.654530470063
10,4,18,16063,15801.033343448775,261.96665655122524
6,29,6,14710,14909.824902364431,199.82490236443118
10,20,7,12747,14265.737674898348,1518.737674898348
1,19,15,18117,17016.50399969268,1100.496000307321
9,12,3,11840,14347.203285812711,2507.2032858127113
5,15,2,11580,15977.572036949221,4397.572036949221
2,1,5,13835,15978.95897075735,2143.9589707573505
2,1,17,17553,16544.74081183007,1008.25918816993
3,8,2,14351,15408.409663917684,1057.4096639176842
12,3,13,14227,16274.188964770083,2047.1889647700827
10,27,18,17247,15956.479420476377,1290.5205795236234
4,27,12,14238,16177.56632522655,1939.5663252265495
10,16,11,16482,15245.898732299092,1236.1012677009076
8,4,4,13368,14695.086566242517,1327.0865662425167
3,19,4,14653,16040.860801211855,1387.8608012118548
2,10,14,17663,16680.902929147138,982.0970708528621
7,21,17,21379,16955.806799488335,4423.193200511665
10,10,3,11394,16076.816986657646,4682.816986657646
9,10,13,16174,15797.022846086255,376.9771539137455
2,1,12,17287,16510.547679007857,776.4523209921426
12,25,12,17327,16294.54652864082,1032.4534713591802
12,4,0,13914,14406.131513964727,492.13151396472676
10,24,21,14387,16334.130990207475,1947.1309902074754
3,20,17,14486,16190.081227919953,1704.0812279199527
10,25,9,15644,15775.474101317926,131.4741013179264
4,13,0,11043,15796.341208175574,4753.341208175574
1,9,2,14427,16053.099205943397,1626.0992059433975
3,24,10,18306,17121.222818299597,1184.7771817004032
11,17,16,15518,16217.459473385921,699.4594733859212
2,3,9,18342,17634.944419011634,707.0555809883663
9,30,11,15079,15043.732840301662,35.26715969833822
1,9,14,16743,16703.88412378336,39.11587621664148
3,9,4,12416,14977.869463180195,2561.8694631801955
7,3,5,13754,15700.169443068273,1946.1694430682728
1,24,19,19251,17549.807835409236,1701.1921645907642
2,22,19,18446,16906.65828144872,1539.3417185512808
11,12,13,16322,15351.070956804015,970.9290431959853
10,20,4,12154,15849.765705735916,3695.7657057359156
9,23,13,17696,16125.77269566131,1570.2273043386904
7,18,1,15022,15227.157398359937,205.15739835993736
4,16,14,12554,15936.395322464768,3382.3953224647685
3,17,7,16119,14949.192945424486,1169.8070545755145
3,1,2,12699,14829.855222568869,2130.855222568869
12,19,7,17330,16250.989129467138,1079.010870532862
10,8,5,11140,15223.999839388633,4083.9998393886326
10,11,1,11624,14526.363024262917,2902.363024262917
11,19,0,15015,15158.800268830626,143.800268830626
8,14,13,19429,18557.398470857537,871.6015291424628
8,6,20,19313,17353.200978365778,1959.7990216342223
9,9,1,15421,15009.488040225617,411.5119597743833
6,10,20,14965,15759.433929607136,794.4339296071357
12,17,11,17883,16341.751416917989,1541.2485830820115
9,4,15,19875,18111.934492218512,1763.0655077814881
1,21,21,22194,16433.21640192302,5760.783598076981
12,24,21,15388,16825.143984041315,1437.143984041315
3,2,18,17031,16731.972066015813,299.02793398418726
1,16,8,14974,16269.044872127448,1295.044872127448
11,18,10,15269,15203.363943252707,65.63605674729297
6,21,6,13189,13488.546062942627,299.54606294262703
2,5,6,16184,16883.755384696477,699.7553846964765
5,21,15,12551,15936.15766623934,3385.15766623934
9,23,3,12933,16213.456915157425,3280.456915157425
9,30,8,14972,15169.745835097976,197.74583509797594
8,11,21,17781,17179.857157950086,601.1428420499142
7,20,5,13293,13083.59388872498,209.40611127502052
8,12,8,17996,16141.582434107011,1854.417565892989
2,7,0,14290,14848.50373665872,558.5037366587203
11,19,3,13182,13818.488853376335,636.4888533763351
1,15,12,19124,17573.91927289881,1550.0807271011909
1,2,18,17711,16790.453843702737,920.5461562972632
12,23,14,14918,15784.333990725789,866.3339907257887
8,26,21,21060,17670.623485393673,3389.376514606327
11,27,15,17740,16643.208928988577,1096.791071011423
4,11,20,16022,16142.451424366081,120.45142436608148
6,21,0,12960,14775.681849969602,1815.681849969602
12,13,20,17689,17633.921543918314,55.078456081686454
11,29,8,15981,15946.482583791563,34.51741620843677
5,29,15,18416,17523.985560231722,892.014439768278
2,25,22,18601,17240.879329085943,1360.120670914057
11,26,9,16284,16098.230882044305,185.76911795569504
2,6,4,14253,16571.21190658802,2318.2119065880215
6,8,21,15774,15996.622929442203,222.6229294422028
5,20,10,14479,15779.6183847643,1300.6183847643006
9,21,8,14894,14633.441631977512,260.55836802248814
8,31,3,13268,14011.524561815764,743.5245618157642
3,21,17,15047,16175.54476518824,1128.5447651882405
11,3,16,14716,16008.674295803115,1292.6742958031155
9,1,2,12989,14775.460532030693,1786.4605320306928
11,12,21,16537,17026.500982900772,489.5009829007722
7,26,8,16617,14833.57259785499,1783.4274021450092
1,12,10,17242,16776.58274347184,465.41725652815876
2,25,9,17555,16604.1322000013,950.8677999987012
12,20,4,13389,14901.906568760918,1512.9065687609182
3,21,7,17395,16221.968702530994,1173.031297469006
9,5,6,14458,13545.452841416556,912.5471585834439
11,27,6,14191,14448.114782191216,257.11478219121636
8,19,14,14848,16819.913248652778,1971.9132486527778
11,20,11,16996,16264.282166750685,731.7178332493149
10,13,10,15352,14920.189025797981,431.81097420201877
12,29,10,16203,16518.766695324284,315.7666953242842
10,18,18,15742,15060.378293592335,681.6217064076645
12,24,22,17254,17175.71124810244,78.28875189755854
10,15,14,15362,15254.287948240579,107.71205175942123
12,11,9,17932,17222.18390709849,709.8160929015103
1,3,16,19119,17448.2150159192,1670.7849840808012
12,23,17,18493,17161.011422502073,1331.9885774979266
3,3,11,16330,15863.896979244655,466.1030207553449
5,31,4,10937,14245.165872448899,3308.165872448899
12,11,7,16259,14621.119372721581,1637.8806272784186
5,25,6,12946,15185.56600781765,2239.5660078176497
10,25,8,16085,15984.517250418936,100.48274958106413
11,6,9,15681,16126.98557148483,445.98557148483087
9,20,10,15161,15211.599167911374,50.599167911374025
6,22,13,17569,16739.223686355515,829.7763136444846
5,1,20,16784,15976.90287301534,807.0971269846596
7,7,13,14970,16251.45037217011,1281.4503721701094
12,14,22,17174,17192.49248605936,18.49248605936009
2,11,7,17676,16292.804849116432,1383.1951508835682
7,6,1,16158,16015.816090496619,142.18390950338107
1,6,17,17668,16534.76666651666,1133.2333334833384
5,16,3,10812,13852.729270089836,3040.729270089836
12,17,6,14451,15558.572658088631,1107.5726580886312
8,25,2,14726,16065.193550592174,1339.1935505921738
4,16,3,11846,13096.855874280449,1250.855874280449
12,23,17,17290,17471.80429125984,181.80429125983937
4,4,12,12747,15645.604467479001,2898.604467479001
4,13,10,14555,15548.901895682056,993.9018956820564
12,28,13,16093,16402.63975824742,309.6397582474201
9,18,10,13750,14969.127571695206,1219.127571695206
7,17,14,18562,17217.926300091676,1344.0736999083238
3,16,9,16791,16675.82050341384,115.17949658615908
1,7,23,17926,18103.575399541918,177.57539954191816
2,3,5,14544,15719.368287746747,1175.3682877467472
1,29,7,16407,15756.501761020618,650.4982389793822
6,19,14,15662,16090.966332973787,428.96633297378685
8,26,0,14386,14480.883204037471,94.88320403747093
6,30,13,16256,16279.252327445367,23.252327445366973
8,24,5,13276,14613.67176802663,1337.6717680266302
10,20,2,12287,13913.661222364033,1626.6612223640332
10,13,12,13996,15533.141938599812,1537.1419385998124
8,6,16,18446,17591.317498357304,854.6825016426956
8,12,16,21345,17623.976993530334,3721.023006469666
12,15,6,15837,16237.429163489142,400.4291634891415
9,14,8,13036,13289.535222013348,253.53522201334818
11,18,21,17230,17467.39315808117,237.39315808116953
3,7,20,16485,16564.106010801075,79.10601080107517
4,26,12,13748,15972.822281250352,2224.822281250352
2,26,15,17023,17076.805398269848,53.8053982698475
1,21,15,19533,17813.661491983275,1719.3385080167245
3,29,8,16170,16200.867178973922,30.86717897392191
8,13,12,15485,16418.400200933454,933.4002009334545
12,7,3,13475,14977.689258549577,1502.689258549577
3,13,20,17750,18219.611259279744,469.61125927974354
3,21,1,14000,15655.832300038557,1655.8323000385572
7,9,8,14809,14921.41685405404,112.4168540540395
12,15,8,14540,15743.081100602343,1203.0811006023432
12,11,9,18225,16755.32095895303,1469.6790410469694
11,12,15,15345,16358.414936890267,1013.4149368902672
4,26,19,15032,16010.74707710047,978.74707710047
4,3,11,14839,16347.456709707658,1508.4567097076579
6,1,17,18398,16456.822039145976,1941.1779608540237
3,1,5,15618,16096.907375825615,478.9073758256145
9,6,8,18427,15396.516024740155,3030.4839752598455
9,29,10,13753,14312.402662053295,559.402662053295
2,28,18,18163,17162.217643379223,1000.7823566207771
5,30,2,10977,14196.25806477843,3219.2580647784307
7,20,22,16053,16811.833688765873,758.8336887658734
2,3,11,19664,16916.664501856587,2747.335498143413
3,23,5,13883,16102.3813570083,2219.3813570083003
6,19,19,23843,18466.710564828765,5376.289435171235
1,25,19,19165,17905.589875758254,1259.4101242417455
12,11,20,19158,16965.913093222734,2192.0869067772655
5,6,21,14700,15591.607612733898,891.6076127338983
1,15,1,16003,16477.213566215305,474.21356621530504
3,20,18,15876,16206.927635465614,330.927635465614
11,28,1,13314,13674.407701094475,360.40770109447476
12,7,17,18395,17193.67105423776,1201.3289457622413
3,22,17,15933,16679.329646327897,746.3296463278966
3,25,8,17208,16526.347211674707,681.6527883252929
10,11,17,14282,15348.108093838504,1066.108093838504
2,11,6,15615,16087.364862748587,472.36486274858726
12,30,21,17038,16655.590830329365,382.4091696706346
7,15,1,13320,14132.480627980049,812.4806279800487
11,10,13,16117,16298.379836502017,181.3798365020175
3,21,12,14540,15631.932195228741,1091.932195228741
3,31,2,12400,15318.322734068779,2918.322734068779
10,30,23,14374,17297.720707910084,2923.7207079100845
9,24,14,14168,15205.968104254061,1037.9681042540615
1,21,7,17087,16447.511213869013,639.4887861309871
3,31,2,12136,16007.601668494666,3871.6016684946662
9,9,15,16072,16006.773589395603,65.22641060439673
4,22,2,12136,15800.237265014272,3664.2372650142715
2,26,1,14665,15470.653854042503,805.6538540425026
9,13,20,17621,17789.978573273293,168.97857327329257
1,31,10,18996,17010.015055004755,1985.9849449952453
10,10,14,16000,16061.696309172765,61.69630917276481
9,18,6,12873,14451.293593246282,1578.2935932462824
8,18,23,15546,16184.565752119008,638.5657521190078
6,9,20,18798,18108.56749542439,689.4325045756086
3,14,14,15990,16530.30865386293,540.3086538629286
11,20,17,17495,16624.382966591653,870.6170334083472
5,27,23,13294,15568.36278457631,2274.3627845763094
4,4,5,14142,15946.91306452342,1804.91306452342
12,13,8,18266,17067.039307773462,1198.9606922265375
3,2,1,13662,15552.048742656947,1890.048742656947
4,3,18,14916,16133.310146250453,1217.3101462504528
6,1,10,13490,15726.051926641167,2236.0519266411666
8,2,14,17215,16816.558509238122,398.4414907618775
1,6,15,18982,17220.815993967768,1761.184006032232
3,14,17,15911,16577.04784254726,666.0478425472611
4,27,3,11882,15813.26835783252,3931.2683578325195
7,18,1,13519,14439.59570501258,920.5957050125799
2,14,1,15782,15756.06360799148,25.93639200851976
8,24,4,12834,14421.652017697364,1587.6520176973645
6,22,22,17021,16307.254298783198,713.7457012168015
12,24,1,12402,13756.916094654081,1354.9160946540815
8,22,10,16379,15965.596173202739,413.403826797261
4,26,14,13634,15874.070339030215,2240.070339030215
9,13,5,11052,13080.00408775976,2028.0040877597603
6,28,11,13520,14842.364975950873,1322.3649759508735
1,22,18,22508,16298.1873587751,6209.8126412249
6,3,4,13289,15630.764382134634,2341.7643821346337
10,4,13,14191,15293.855361753414,1102.8553617534144
1,23,6,14683,16851.73703447294,2168.737034472939
12,11,3,14516,16025.197689999735,1509.1976899997353
8,2,20,18387,17294.946075812408,1092.0539241875922
6,17,18,17681,16698.737059863422,982.2629401365775
7,4,3,12152,14524.984102733206,2372.984102733206
9,2,14,16243,17772.014093615388,1529.0140936153875
6,2,22,14972,16163.244442774458,1191.2444427744576
3,20,9,16414,17001.482187121062,587.4821871210625
9,1,5,12826,13101.932012813662,275.93201281366237
7,16,17,19999,17090.385963699027,2908.6140363009727
6,8,5,12241,13451.93135633642,1210.9313563364194
2,14,5,16457,16464.55207612355,7.552076123549341
1,22,16,18210,17051.88363907183,1158.1163609281684
10,11,2,10992,14695.606189347875,3703.6061893478745
12,30,4,12788,14734.391481219534,1946.3914812195344
6,20,16,14641,16154.288061521558,1513.2880615215581
12,4,8,15900,15951.846851588769,51.846851588768914
11,2,1,13669,14834.294173295391,1165.2941732953914
10,11,2,11190,15423.953545139937,4233.953545139937
5,27,21,15765,15783.666846707976,18.66684670797622
5,29,8,12231,15575.977303676353,3344.9773036763527
6,29,4,12325,14982.693290634732,2657.693290634732
6,27,6,12838,13115.894873343657,277.8948733436573
8,8,22,18462,16785.808886010305,1676.1911139896947
3,6,7,15590,15711.51925398956,121.51925398955973
9,1,3,12810,13664.030242381305,854.0302423813046
1,27,1,16622,16583.16361649924,38.83638350075853
8,1,17,19891,17630.571441961816,2260.428558038184
10,5,22,13662,14785.625293773046,1123.625293773046
12,17,13,18247,16432.47646092758,1814.5235390724192
5,21,7,10998,15848.740992231425,4850.7409922314255
12,16,23,17185,17050.02979416091,134.97020583909034
4,23,1,13143,14484.901225476482,1341.901225476482
2,25,2,13901,15651.697579588415,1750.6975795884155
4,27,11,14107,15893.893439301479,1786.8934393014788
9,15,4,11562,12876.825372900006,1314.8253729000062
8,14,17,21361,17418.03704666303,3942.96295333697
11,10,12,14617,15594.301041099232,977.301041099232
12,14,17,18055,16964.71744000264,1090.2825599973585
10,12,6,11068,15802.072112299744,4734.072112299744
9,25,15,17061,16723.824530207017,337.17546979298277
8,25,11,16786,16787.357601252173,1.357601252173481
10,29,21,16237,16047.37440881772,189.6255911822791
12,1,5,14069,15280.488182896883,1211.4881828968828
7,11,16,15055,16417.459322233088,1362.4593222330877
2,15,0,14354,15449.860499703913,1095.8604997039129
7,4,22,14993,16468.732249542867,1475.732249542867
12,19,3,13970,14702.236572137492,732.2365721374917
5,22,23,14532,16302.709342430504,1770.709342430504
8,24,21,21147,17585.5448092154,3561.4551907846
1,22,2,14444,15964.09816214944,1520.0981621494393
6,17,17,18563,16606.00352997364,1956.996470026359
10,19,2,11935,14025.434611509536,2090.434611509536
5,17,19,14237,16306.302499596173,2069.302499596173
6,10,18,14676,15921.263290700394,1245.2632907003936
4,7,17,15401,16512.59656664206,1111.5965666420598
6,19,12,15461,15873.715628999944,412.7156289999439
7,16,9,14808,15188.08515967509,380.08515967509084
8,29,12,19992,17042.264319469927,2949.7356805300733
7,4,20,18173,16936.655469705063,1236.3445302949367
2,7,20,18741,17294.697768794358,1446.3022312056419
10,3,14,13405,15105.919039288128,1700.9190392881283
3,18,13,15988,16233.976512924763,245.97651292476257
11,29,11,13565,15496.146938534006,1931.146938534006
9,14,7,14368,13313.791451875777,1054.208548124223
5,26,7,11590,14762.690605338355,3172.6906053383555
9,13,11,15294,14840.960958332467,453.03904166753273
5,12,18,16702,16910.70850616608,208.70850616608004
10,6,6,13901,13738.605359197876,162.39464080212383
7,11,16,20694,17597.415575699044,3096.584424300956
10,31,3,12056,14394.830566309929,2338.830566309929
8,20,15,16300,18262.8914873979,1962.891487397901
1,17,5,14719,15817.455325988432,1098.4553259884324
1,10,18,19794,15923.230924633597,3870.769075366403
11,7,17,16699,16480.252587277955,218.74741272204483
2,13,19,19775,16946.742731056078,2828.257268943922
3,11,20,16826,16760.515969708875,65.48403029112524
7,23,6,13575,13458.405819801934,116.59418019806617
10,21,17,17228,15928.071655022353,1299.9283449776467
11,17,0,14858,14102.230999568828,755.7690004311717
7,5,10,20721,17126.47847004384,3594.5215299561605
7,25,20,18229,16660.28460976993,1568.7153902300706
2,23,7,16247,15813.761212947045,433.23878705295465
10,26,12,16939,16352.970675268984,586.0293247310165
6,20,14,16090,16241.87257012919,151.87257012918963
8,2,1,11730,13725.19475794684,1995.1947579468397
4,6,11,17017,16284.753475090716,732.2465249092838
11,3,21,15616,16648.24438845708,1032.2443884570785
8,1,3,12987,14218.206989750357,1231.206989750357
3,4,5,13419,14307.280154409642,888.2801544096419
3,16,22,17941,17023.944968519085,917.0550314809152
3,28,0,12421,14824.778540731604,2403.778540731604
5,27,15,14778,16071.548094429074,1293.548094429074
8,13,4,15111,15486.7821210455,375.7821210455004
2,4,7,15472,15507.849819608646,35.8498196086457
11,26,9,17958,17091.11965475797,866.8803452420289
8,18,22,15057,15573.65523525171,516.6552352517101
11,9,20,15585,15159.956505775706,425.0434942242937
10,6,12,13834,15234.282619152471,1400.282619152471
4,19,6,14865,14063.224821957523,801.7751780424769
12,16,4,12633,16095.349006323668,3462.3490063236677
6,10,10,16702,15908.668289101515,793.3317108984847
7,22,3,13325,14694.81175910386,1369.8117591038608
1,16,15,17338,16366.61631583364,971.3836841663597
5,1,3,10554,14567.583460871976,4013.583460871976
2,28,7,15296,15151.855514518062,144.14448548193832
6,11,14,14889,15989.781909068153,1100.7819090681533
10,29,18,15982,16204.694643663282,222.69464366328248
9,6,0,13330,15971.949561769427,2641.9495617694265
11,27,12,14476,15551.452733359483,1075.4527333594833
12,14,18,18638,17014.538330989333,1623.4616690106668
9,28,9,14270,14405.24129217754,135.24129217753944
10,24,17,15564,14947.590070244492,616.4099297555076
3,25,13,17566,16351.354243872413,1214.6457561275874
6,3,4,12551,12917.548805238936,366.54880523893553
12,22,11,16716,15599.889280731843,1116.1107192681575
5,15,4,12170,14398.878690015632,2228.878690015632
8,28,2,12491,13262.709316540606,771.7093165406059
12,20,11,19548,16908.7672764311,2639.232723568901
8,5,10,16284,14935.900394029066,1348.0996059709341
11,30,4,14367,15717.440285429548,1350.4402854295477
6,2,10,15219,15733.592443060927,514.5924430609266
8,3,21,19297,16565.394199391652,2731.6058006083476
8,29,8,16923,15026.589556428537,1896.4104435714635
10,24,14,14967,16131.10873230653,1164.1087323065294
12,12,21,19461,16980.618781567508,2480.3812184324925
11,26,23,15841,16721.65694652536,880.6569465253597
6,22,2,12772,14810.113969740567,2038.113969740567
12,1,18,17781,16520.38529654221,1260.6147034577916
12,31,9,17261,16368.571247527603,892.4287524723968
3,20,10,17012,16854.192812075657,157.80718792434345
8,13,14,16442,16967.819830356882,525.8198303568824
12,10,10,16912,16669.81108890953,242.18891109047036
8,22,2,12987,12993.31155248369,6.3115524836903205
11,11,0,13275,14989.868886159946,1714.8688861599458
6,2,22,14536,16101.911777830548,1565.911777830548
7,29,11,17292,16194.29598101989,1097.70401898011
8,20,2,14519,14786.651807978393,267.65180797839275
10,22,22,14777,16112.16232863977,1335.1623286397698
12,5,5,14635,15057.436093880593,422.43609388059303
10,14,16,14042,15586.832553948023,1544.832553948023
4,2,3,11676,15637.705410183835,3961.705410183835
7,4,14,18075,17177.311207361985,897.688792638015
12,23,15,17365,16534.013233028414,830.9867669715859
8,12,12,18987,16644.7832106363,2342.2167893637015
2,15,7,15367,16583.049546835653,1216.049546835653
6,27,11,16410,16701.4138157713,291.4138157712987
11,11,9,15143,15342.942957213016,199.9429572130157
11,10,23,14316,15722.005621371332,1406.0056213713324
7,12,16,21049,17651.22760628402,3397.772393715979
7,3,19,18057,16830.29162313411,1226.7083768658886
12,17,18,18606,17073.07708629601,1532.922913703991
2,9,4,14057,14909.244399765697,852.2443997656974
2,26,3,16550,16644.46743531057,94.46743531056927
11,21,22,15366,16330.703020126744,964.7030201267444
4,30,12,14565,16099.53942718538,1534.5394271853802
12,24,9,14725,15373.647702177936,648.6477021779356
9,8,22,15548,15648.37446333806,100.37446333805929
6,28,3,13978,15233.800846833885,1255.8008468338849
6,3,20,15839,15794.02049722431,44.97950277568998
9,1,10,17066,15980.974871262737,1085.025128737263
9,27,10,15022,15317.421938248324,295.4219382483243
5,12,10,15323,15380.149262961912,57.14926296191152
12,9,2,12928,14660.460244328044,1732.4602443280437
1,2,4,13344,15855.809930053822,2511.8099300538215
9,21,20,17302,17361.170305194668,59.17030519466789
10,3,17,14530,15505.989504587835,975.9895045878347
2,16,16,18096,16298.731652305014,1797.268347694986
4,2,3,11536,15318.825792268372,3782.8257922683715
8,16,9,15773,14444.640399006508,1328.3596009934918
12,23,14,16923,16202.339377106437,720.6606228935634
8,27,16,17417,16298.260997025829,1118.739002974171
9,20,21,15978,15125.85952057292,852.1404794270802
2,2,16,17421,17525.533134680805,104.53313468080523
8,15,23,15998,16473.209030295908,475.2090302959077
5,31,9,13625,15451.05154698312,1826.0515469831207
7,9,22,17987,16834.612083455206,1152.3879165447943
10,30,17,15409,15953.434412551518,544.4344125515181
9,6,3,13437,14953.746520898709,1516.7465208987087
5,2,0,11693,15808.277201860275,4115.277201860275
5,18,17,13616,15368.621799761047,1752.6217997610474
5,1,23,12128,16174.524404732401,4046.5244047324013
11,5,8,14276,15724.225700282554,1448.2257002825536
12,25,1,13103,15736.362304730168,2633.362304730168
1,29,8,17574,16701.45449652245,872.5455034775514
12,8,18,17845,16799.03660276053,1045.9633972394695
5,19,17,15676,16065.998033724441,389.9980337244415
11,25,15,18445,16645.342785690034,1799.6572143099656
2,22,5,14139,15989.707017666213,1850.7070176662128
8,27,6,12685,13954.721672470589,1269.7216724705886
10,6,9,13349,14840.53029152807,1491.53029152807
1,14,21,17992,16663.358244931675,1328.6417550683254
8,17,19,21834,18851.699972627117,2982.300027372883
2,18,11,17579,17263.152961915333,315.84703808466656
3,4,21,17507,16874.898314076516,632.1016859234842
4,13,22,14111,15610.713280405222,1499.7132804052217
10,4,15,14115,15038.425166696004,923.4251666960045
7,18,13,16875,16813.910762244566,61.089237755433714
4,20,7,15259,15548.272447971158,289.2724479711578
2,13,21,18569,17315.69480375699,1253.3051962430109
4,12,1,12057,15474.82920375395,3417.8292037539504
1,31,23,17181,17345.064276953544,164.06427695354432
2,21,16,16475,16019.786564070948,455.21343592905214
5,21,23,12450,16010.851440411276,3560.8514404112757
5,13,5,12328,13516.601561960819,1188.6015619608188
4,21,1,12529,15549.01552469201,3020.0155246920094
11,5,5,13609,14757.663372502642,1148.6633725026422
6,20,13,16504,16342.70045583684,161.29954416315923
12,22,22,18274,18065.834025517433,208.16597448256653
12,18,18,19743,16678.474794272064,3064.525205727936
10,13,2,11272,14773.80172168466,3501.80172168466
8,23,15,16180,16043.583602851757,136.41639714824305
12,25,22,14376,16362.336546027385,1986.3365460273853
5,21,16,14287,16581.30033356855,2294.30033356855
4,27,15,14157,16053.00850232425,1896.00850232425
11,6,6,12547,13327.304379787125,780.3043797871251
4,7,19,14518,15842.869163296464,1324.8691632964637
9,18,8,13302,14416.720700750728,1114.7207007507277
8,31,22,14539,16017.184596314337,1478.1845963143369
1,30,16,18935,17022.11439603386,1912.8856039661405
1,11,0,15432,14062.249528298398,1369.7504717016018
4,14,3,11680,14721.329358307077,3041.329358307077
12,15,7,15379,15758.957787323312,379.957787323312
8,2,22,15949,16431.522913673973,482.52291367397265
3,28,14,15948,16539.559870236568,591.5598702365678
12,12,13,17516,16775.499467536414,740.5005324635858
11,17,5,12704,15824.152835100935,3120.1528351009347
6,30,15,17600,16650.942383586764,949.0576164132362
10,28,16,16453,15747.78510066933,705.2148993306691
9,24,20,14462,15271.292237694708,809.2922376947081
8,3,11,19695,17073.29861220047,2621.7013877995305
5,31,13,17432,16466.46401879621,965.5359812037896
12,27,9,13134,14985.269039090299,1851.269039090299
4,23,11,12128,15948.765713819701,3820.765713819701
3,29,22,14850,16518.504742089386,1668.5047420893861
11,8,16,16372,15954.44253027282,417.55746972718043
11,28,0,15465,14420.539820903123,1044.4601790968773
10,25,15,16341,16133.171832059006,207.8281679409938
1,9,19,18441,16935.89088748757,1505.1091125124294
7,25,18,20765,17805.634718136003,2959.3652818639966
3,1,16,15932,15904.292361547912,27.70763845208785
6,11,5,12066,13095.395008054591,1029.395008054591
4,23,20,15098,16258.976846390075,1160.9768463900746
6,12,13,17706,16166.929767878428,1539.0702321215722
4,30,17,13235,16102.156533912272,2867.1565339122717
12,19,0,17484,16274.505983443307,1209.4940165566932
9,4,15,14520,17052.80220522611,2532.8022052261113
3,10,19,17256,16511.41962919407,744.5803708059284
10,30,0,12454,15561.419504381252,3107.4195043812524
1,2,14,15926,15884.535180326962,41.46481967303771
5,2,21,16082,16354.153547113527,272.15354711352666
3,13,10,17019,16870.443628040113,148.55637195988675
1,28,18,18800,16882.918690776856,1917.0813092231438
4,2,14,12345,15647.64435013081,3302.6443501308095
8,26,16,19061,18580.07962078503,480.92037921497104
8,11,15,16229,17439.733862005705,1210.7338620057053
2,14,16,17383,16745.330747790915,637.6692522090852
3,5,21,20550,16441.13396033346,4108.86603966654
5,6,22,14264,16101.091079837941,1837.091079837941
3,20,5,14664,16095.742326454327,1431.7423264543268
9,26,15,15705,15531.435910925164,173.56408907483637
8,12,11,18696,16255.971760640223,2440.028239359777
2,27,16,15207,15887.109574323898,680.1095743238984
6,20,1,17677,15723.710606942308,1953.289393057692
9,15,20,17175,16189.492824932067,985.5071750679326
6,30,21,20086,17692.04925776155,2393.9507422384486
4,21,2,12183,13999.216957591047,1816.2169575910466
6,14,23,15215,16350.720002059068,1135.720002059068
2,13,3,14707,15682.241236021,975.2412360210001
9,26,6,14326,13930.929039667759,395.07096033224116
8,16,5,14489,14074.15120623903,414.8487937609698
6,14,9,10884,15006.508091303069,4122.508091303069
6,28,18,16258,16858.03803609205,600.0380360920499
5,5,17,14374,15550.87105688819,1176.8710568881907
11,28,5,13268,15036.776553920094,1768.7765539200936
12,11,20,18259,17670.891127939307,588.1088720606931
7,11,21,15463,16884.892049076672,1421.8920490766723
5,1,5,12319,15718.759503093028,3399.759503093028
10,21,15,15338,15756.65042009664,418.6504200966392
2,27,11,19174,16752.698036905087,2421.301963094913
4,4,9,12557,15573.670334791894,3016.6703347918938
4,3,14,14458,15944.923944669747,1486.9239446697466
11,19,18,18382,16133.801816978883,2248.198183021117
9,19,5,11929,13049.09995830483,1120.0999583048306
12,31,21,15529,16790.447865951715,1261.4478659517154
4,27,1,12014,15213.273413219653,3199.273413219653
5,15,21,16662,16282.386542793212,379.61345720678764
3,13,13,16210,16557.25958562561,347.25958562560845
9,13,5,12570,12739.901753563921,169.90175356392137
4,19,13,16105,16431.62872486494,326.6287248649387
3,27,14,13283,16129.0546962699,2846.054696269901
10,30,18,16088,16069.117648372983,18.88235162701676
9,29,15,15380,16151.49917014681,771.4991701468098
1,20,11,16010,15579.874200736629,430.12579926337094
12,22,12,17956,17252.131940516498,703.8680594835023
10,16,18,17078,16043.253922745498,1034.7460772545019
11,20,14,16672,16446.370420422834,225.6295795771657
8,13,3,12066,12172.898127583094,106.89812758309381
2,17,16,14896,16343.091012417133,1447.0910124171332
12,30,14,16529,16809.333599135465,280.3335991354652
4,3,17,16771,16743.71648081609,27.283519183911267
9,3,12,17033,18286.68610171922,1253.6861017192205
7,28,0,16929,15544.241343562897,1384.7586564371031
2,10,19,17264,16154.408173726686,1109.591826273314
4,18,7,12219,14739.395454186722,2520.3954541867224
8,12,0,13987,14251.541375161765,264.54137516176525
2,8,9,16591,16487.861038916555,103.13896108344488
4,4,3,13377,15087.203893226013,1710.203893226013
8,12,1,15642,16304.819131028964,662.819131028964
8,5,15,19687,18200.889530274373,1486.110469725627
12,8,8,17280,16196.039520186741,1083.9604798132586
2,22,13,14225,15967.6786843256,1742.6786843255995
10,3,19,16882,16055.039127024951,826.9608729750489
6,4,14,13833,15742.619711496429,1909.6197114964289
11,16,20,17758,16973.28696043217,784.7130395678287
5,1,17,12414,16110.346967291767,3696.346967291767
8,4,4,12445,13575.632505900787,1130.6325059007868
9,8,19,14540,15248.986351178795,708.9863511787953
3,5,17,16543,16165.338443456181,377.66155654381873
10,11,19,16285,15230.757452333664,1054.2425476663357
10,3,18,17007,16442.366058523723,564.633941476277
4,1,17,14000,16031.325012917272,2031.325012917272
7,6,13,20508,19098.654438806487,1409.3455611935133
7,8,0,14520,14801.29361648648,281.29361648648046
8,12,2,13466,13815.586702039434,349.5867020394344
12,4,16,17432,16976.0169687347,455.98303126529936
11,26,16,17491,16859.040678880632,631.9593211193678
6,26,15,17849,17594.57218193071,254.42781806928906
1,27,17,18365,17273.584011745286,1091.4159882547137
2,23,7,13310,16140.482760749695,2830.4827607496954
6,6,1,12029,12439.609348778753,410.609348778753
5,24,5,12458,14710.674918602137,2252.674918602137
1,28,0,15423,14927.226494597613,495.77350540238695
2,3,12,19075,17560.093423302296,1514.9065766977037
6,12,0,12468,14620.836150184781,2152.836150184781
11,30,3,12186,15142.90323260176,2956.9032326017605
4,28,10,13401,16025.17455811412,2624.1745581141204
8,1,15,16334,17466.90430549872,1132.9043054987196
6,29,18,16541,17320.712113022186,779.7121130221858
9,29,18,14316,16029.58285010539,1713.5828501053893
8,12,2,12919,13109.779797473704,190.7797974737041
6,12,5,11822,12987.882469275937,1165.8824692759372
8,19,20,21322,18486.48595334556,2835.51404665444
2,13,7,16403,17376.35427366342,973.354273663419
9,21,3,12510,14918.649418887657,2408.649418887657
11,16,17,15687,16055.776406028117,368.776406028117
6,28,15,18982,16689.212139821968,2292.787860178032
5,1,4,11207,16127.985677279079,4920.985677279079
4,24,21,13687,15666.213931602393,1979.2139316023931
5,15,10,12985,15690.406023923844,2705.4060239238443
10,18,17,15876,15250.1214466449,625.8785533550999
6,28,13,15508,16240.610170617781,732.6101706177815
11,4,19,16039,16190.047958946152,151.047958946152
7,27,11,16499,16373.222540398965,125.77745960103493
10,24,19,16698,15502.35050621431,1195.6494937856896
10,23,8,14161,15436.965885203994,1275.9658852039938
3,6,22,16645,16913.994921709316,268.99492170931626
11,28,20,18325,17491.208506816798,833.791493183202
9,17,15,19022,17344.975086328715,1677.0249136712846
3,27,1,13948,15874.178684729657,1926.178684729657
9,14,14,16767,16691.645178305287,75.35482169471288
6,14,22,16223,16181.257844498168,41.7421555018318
11,20,9,16716,15936.606628563524,779.3933714364757
11,4,10,15742,15884.157253058978,142.1572530589783
10,9,13,14298,15968.042019808956,1670.042019808956
2,5,20,18758,16782.495196791602,1975.5048032083978
9,16,7,13543,14461.940723370712,918.9407233707116
6,22,8,16014,14642.92902107053,1371.0709789294706
11,8,22,15706,16511.296300160473,805.296300160473
12,9,10,17333,16300.536809871508,1032.463190128492
10,3,16,15455,15098.025266171657,356.97473382834323
3,24,22,18133,16913.27911773629,1219.7208822637112
8,20,22,17242,16551.62399516066,690.3760048393415
5,2,8,15751,16297.69618909793,546.6961890979292
10,18,16,14609,14935.563157632072,326.56315763207203
11,8,2,11976,14461.949266225489,2485.949266225489
10,27,15,15092,16067.03946365379,975.0394636537894
9,7,14,16652,16836.177648741657,184.17764874165732
11,30,5,13650,15542.902945671263,1892.9029456712633
9,7,22,20497,16865.455814619898,3631.544185380102
1,31,4,12621,15648.247636789307,3027.247636789307
3,16,23,14958,16423.68634943459,1465.686349434589
5,17,21,12576,16202.101405355976,3626.1014053559757
11,25,6,13769,14059.280512190564,290.28051219056397
10,29,11,13566,16068.315516744271,2502.315516744271
4,16,9,13054,15674.37650956259,2620.3765095625895
2,20,14,14765,15754.813509839838,989.8135098398379
6,7,14,15980,16273.886973481347,293.886973481347
8,1,15,17834,16564.992223897145,1269.0077761028551
1,10,23,15623,16536.628272844573,913.6282728445731
1,27,1,14172,14619.056253656436,447.05625365643573
4,4,5,12835,14707.031401576387,1872.031401576387
6,17,21,17087,17087.583309925583,0.5833099255833076
1,23,6,15020,15576.077015769966,556.0770157699662
10,20,8,16292,15212.44392187063,1079.5560781293698
3,18,11,14351,16194.333061632036,1843.3330616320363
2,16,1,14877,15738.991982160747,861.9919821607473
9,14,12,15009,15032.234038286557,23.234038286556824
4,27,7,15651,14963.172786446128,687.8272135538718
4,24,17,13548,15708.218495410292,2160.2184954102922
4,18,10,14562,15569.188876699362,1007.1888766993616
4,11,22,15647,16994.047838533643,1347.0478385336428
7,17,0,16251,15796.28643633468,454.7135636653202
4,20,0,12652,15866.797359295828,3214.797359295828
10,30,20,15242,16313.01034362296,1071.0103436229601
5,1,21,16189,15809.57951541665,379.4204845833501
7,19,23,17285,17219.61752193408,65.38247806591971
12,3,21,19173,16866.74711916959,2306.2528808304087
12,15,10,18626,16745.245814020393,1880.7541859796074
12,28,16,16390,16666.347572336887,276.3475723368865
2,12,12,18317,16997.141805204283,1319.8581947957173
3,12,1,13486,14397.160068032628,911.1600680326283
10,24,4,12884,14272.51152538759,1388.5115253875902
8,8,14,17799,16680.590699701857,1118.4093002981426
11,29,23,16512,17536.691341884452,1024.6913418844524
1,14,1,15597,16299.923753641697,702.9237536416967
12,9,21,17040,17018.770499559483,21.22950044051686
11,27,1,13246,15941.913560334306,2695.9135603343057
11,16,5,14018,14333.405940813702,315.4059408137018
9,6,6,11289,13819.64779540791,2530.647795407909
8,26,22,19287,17641.593457844152,1645.406542155848
7,16,8,13135,14684.883652223973,1549.8836522239726
1,9,14,18334,16871.19036185045,1462.8096381495488
6,28,4,12862,14645.756648659804,1783.7566486598043
11,14,21,18173,17390.206375678998,782.7936243210024
3,24,14,15844,16027.389827057277,183.38982705727722
2,15,2,14267,14875.37399549218,608.3739954921803
12,16,3,14708,15229.027348681648,521.0273486816477
6,12,4,12272,12886.842288779866,614.8422887798661
4,20,7,14438,14990.638409321456,552.6384093214565
3,21,12,16880,16785.251804094056,94.74819590594416
11,30,4,13972,15853.085893940044,1881.0858939400441
12,22,5,14230,15413.798470404781,1183.7984704047813
11,20,19,17216,15948.130000332509,1267.8699996674914
5,26,17,14813,16000.467259033368,1187.4672590333685
12,19,23,15979,17109.65457198826,1130.6545719882597
11,7,3,11399,15649.828174381866,4250.828174381866
9,3,19,18811,18472.76347290571,338.23652709429007
10,28,17,15867,16171.28649608156,304.2864960815605
9,23,8,15484,14910.678322870132,573.3216771298685
9,22,21,16910,15756.943486380738,1153.0565136192618
12,6,17,18478,17438.627524820175,1039.3724751798254
11,23,18,18654,16625.153464719497,2028.8465352805033
3,6,3,16412,16467.744824099584,55.74482409958364
2,23,23,15797,16880.630288702458,1083.6302887024576
2,26,1,15205,16253.401937103206,1048.4019371032064
10,20,21,15094,15671.21353143058,577.2135314305797
6,15,3,11974,13862.625046173902,1888.6250461739019
9,5,18,23476,16263.680257647524,7212.319742352476
2,17,17,18816,17205.063833873643,1610.9361661263574
11,25,21,17442,16476.755838357793,965.2441616422075
10,28,0,13218,14341.848068683594,1123.8480686835937
5,19,11,12288,15731.982449932695,3443.982449932695
9,18,11,16200,16098.949652082892,101.0503479171075
6,12,22,17213,15895.671102803659,1317.3288971963411
9,13,3,11973,13804.673455331491,1831.673455331491
7,27,23,15474,16779.42125840041,1305.421258400409
9,2,5,12563,14086.300092176627,1523.300092176627
8,26,5,14273,14205.240501009119,67.75949899088118
1,23,9,18392,16672.5022277656,1719.497772234401
6,1,15,14198,16248.778410397488,2050.778410397488
8,4,9,15851,14959.347504223379,891.6524957766214
12,7,7,14267,16547.909181089297,2280.909181089297
4,17,2,13406,13857.198019900701,451.1980199007012
3,8,15,14838,16076.765220676083,1238.7652206760831
5,10,17,14763,15878.962736245712,1115.9627362457122
3,1,21,19614,16823.826788670005,2790.173211329995
3,11,0,14415,14772.366560828543,357.3665608285428
8,30,5,13113,14278.70459280015,1165.7045928001498
9,17,13,18214,17589.282491267488,624.7175087325122
12,5,9,18370,16448.99126569822,1921.0087343017804
4,3,0,13047,15597.32729714668,2550.3272971466795
4,4,16,15472,16243.272348864268,771.2723488642678
11,15,8,15989,16745.57156198639,756.5715619863913
4,15,9,13908,16291.647128375116,2383.647128375116
1,31,20,19388,16808.048968894134,2579.9510311058657
7,1,6,11967,15426.27181477995,3459.2718147799496
3,24,13,16039,15682.47231097707,356.52768902293064
2,17,21,18983,18108.507743285776,874.4922567142239
5,11,1,12149,14478.256173006734,2329.2561730067337
1,21,18,19544,17652.9352869185,1891.0647130815014
9,12,4,12480,14082.045194790602,1602.0451947906022
5,2,12,15247,15988.470732472499,741.4707324724986
5,17,3,11220,13740.753996021636,2520.7539960216363
9,4,4,13783,14160.870591436382,377.8705914363818
5,24,15,13827,16254.006997603557,2427.0069976035575
4,21,9,15447,15820.644093888615,373.6440938886153
8,26,10,17999,16014.16230039976,1984.8376996002407
1,22,23,16616,16575.482928793772,40.51707120622814
1,12,4,14916,15685.552560559589,769.5525605595885
4,24,1,11694,14946.969798925005,3252.9697989250053
6,22,8,16980,15696.574542820956,1283.4254571790443
10,11,22,13692,15975.085486674974,2283.085486674974
5,8,15,13250,15589.506795554202,2339.5067955542017
7,26,6,13775,13314.036355339043,460.96364466095656
2,5,3,14747,16335.80681156434,1588.80681156434
1,11,4,13710,15380.627164512773,1670.6271645127727
6,23,20,17403,16721.976324163046,681.0236758369538
3,12,21,16910,17008.124828106702,98.1248281067019
3,23,20,17578,16612.16816664963,965.8318333503703
1,3,13,17417,16627.721818958107,789.2781810418928
2,2,1,16427,16763.836122078712,336.8361220787119
3,4,11,15856,16498.027495837476,642.0274958374757
6,2,10,14893,15187.182984307201,294.18298430720097
8,7,19,20804,19672.43324519705,1131.5667548029487
12,10,11,18433,16790.40431148054,1642.595688519461
1,28,10,19561,17959.083217450127,1601.9167825498735
2,8,5,14688,16236.874616722114,1548.8746167221143
3,4,22,17621,17837.39242409811,216.3924240981105
1,12,0,16766,15592.618787172736,1173.3812128272639
10,8,20,14398,15335.524327701876,937.5243277018762
3,19,3,14057,15201.853933791053,1144.8539337910534
3,23,20,15850,15909.191255722108,59.1912557221076
5,26,1,12138,14438.932091661316,2300.932091661316
10,4,20,15986,15890.624017954995,95.375982045005
7,6,11,16515,15703.16400320467,811.8359967953293
9,10,0,13169,14042.769411441532,873.7694114415317
4,30,5,11880,14398.248689392143,2518.248689392143
9,19,9,16822,15184.730917756508,1637.2690822434924
9,18,16,16125,15772.174657741709,352.82534225829113
7,26,13,18069,18071.134681041993,2.134681041992735
3,8,18,16634,16391.54196419058,242.45803580942083
12,27,18,16790,16473.408503102768,316.591496897232
2,23,13,15538,16231.237317508683,693.2373175086832
6,24,17,18881,17133.233571725363,1747.7664282746373
3,25,1,14195,14909.817277566066,714.817277566066
6,16,2,11241,13892.824603488563,2651.8246034885633
2,25,12,19424,17056.412026888545,2367.5879731114546
3,16,8,17592,16375.413284378268,1216.5867156217319
2,17,17,15846,16405.74915665246,559.7491566524586
11,6,20,16307,15215.05127677321,1091.9487232267893
2,22,1,14547,15338.503320796444,791.5033207964443
4,22,7,15203,15485.882491033903,282.8824910339026
4,3,9,13808,15691.125836508447,1883.1258365084468
9,14,14,15306,15280.595186632356,25.404813367644238
8,21,16,21141,18671.164040739044,2469.835959260956
4,15,20,15350,16409.14339425932,1059.1433942593212
6,5,17,17675,16534.09764013698,1140.9023598630192
10,1,15,13968,15155.399032184547,1187.3990321845467
6,5,7,12331,15160.229982099681,2829.2299820996814
3,22,22,16427,17319.33852072519,892.3385207251886
5,16,8,14674,14916.818788169894,242.8187881698941
12,4,9,18518,16716.95497018009,1801.0450298199103
4,9,1,13622,15440.018264518258,1818.0182645182576
11,7,13,13144,15649.284584566785,2505.2845845667853
6,28,1,15004,15716.104235279608,712.1042352796085
7,18,0,14740,13978.676816669911,761.3231833300888
10,18,12,14626,15672.854026879544,1046.854026879544
5,6,18,13837,15801.577354656622,1964.5773546566215
1,8,6,14500,16055.032758429486,1555.0327584294864
10,27,14,14903,15645.28292352556,742.2829235255595
4,3,16,17595,16405.398481046235,1189.6015189537648
1,5,16,18794,17461.064416454705,1332.9355835452952
6,18,7,14847,12289.440045894953,2557.559954105047
3,14,21,18520,16750.07082750897,1769.929172491029
11,24,1,14908,14916.936603372382,8.936603372381796
8,23,8,14144,13939.878060255991,204.12193974400907
5,9,4,12435,15550.323307313955,3115.3233073139545
5,19,5,10996,15581.07084956311,4585.07084956311
10,9,10,13806,15351.667347958482,1545.6673479584824
9,23,10,17465,15532.190499408229,1932.8095005917712
11,28,19,18761,16732.646429413835,2028.353570586165
10,11,8,12378,14395.941879214492,2017.9418792144916
5,17,20,14308,16301.909565241946,1993.9095652419455
1,17,14,16093,16473.86724087775,380.8672408777493
2,20,20,19195,16665.317854427005,2529.682145572995
3,4,22,17119,17512.440356750027,393.4403567500267
3,27,11,17135,16954.981802885166,180.01819711483404
2,7,8,16440,16622.98639264212,182.98639264212034
1,30,6,15375,16346.119191286421,971.1191912864215
1,10,23,15754,17103.257951078638,1349.2579510786381
12,20,9,18270,16530.316358583077,1739.683641416923
7,6,15,19269,17247.860773373704,2021.1392266262956
7,21,12,20053,18356.80573491853,1696.1942650814708
10,31,8,13256,14715.115684541572,1459.1156845415717
6,12,1,12837,13392.278535339598,555.2785353395975
7,23,23,16913,16646.982806687192,266.01719331280765
6,26,1,13089,13098.262718254213,9.262718254212814
10,23,21,16086,16333.859550603385,247.8595506033853
10,2,13,14753,16537.91145264484,1784.9114526448393
12,4,4,13511,15912.370772672102,2401.3707726721022
10,8,19,17083,15858.604224459328,1224.3957755406718
8,13,7,16024,13668.631156399724,2355.368843600276
12,26,10,15708,16323.77953461308,615.7795346130806
11,30,15,16841,17023.191061819984,182.1910618199836
3,31,14,16041,15703.197997210653,337.80200278934717
4,28,22,13956,16613.18612406893,2657.1861240689286
8,14,17,21155,17003.269433531193,4151.7305664688065
9,3,13,15860,15862.645834999676,2.6458349996755715
10,6,4,10739,14302.6982141179,3563.6982141178996
3,5,10,19049,16488.92973621621,2560.0702637837894
11,6,21,14220,15741.498286398331,1521.4982863983314
8,26,17,22466,17516.447604346788,4949.552395653212
9,17,22,15423,15848.592683879839,425.59268387983866
6,11,2,11041,15895.95114591958,4854.95114591958
7,4,6,14161,14028.09160987436,132.90839012563993
2,14,13,18490,16956.793008441153,1533.2069915588472
4,24,22,14827,15658.705329815075,831.705329815075
11,24,10,15749,15890.356859581041,141.35685958104114
2,9,1,16125,16115.785830321234,9.214169678765757
7,7,0,13904,14436.11731365362,532.1173136536199
7,14,12,16886,16095.637638459748,790.3623615402521
8,20,3,12957,14217.042128520281,1260.042128520281
8,16,8,13829,14371.124381082853,542.1243810828528
11,5,20,17858,15829.904673016776,2028.0953269832244
10,13,9,15569,15704.552317014313,135.5523170143133
9,2,10,15237,15204.854497305272,32.14550269472784
3,24,19,16869,16135.048677963676,733.9513220363242
4,23,17,16573,16506.67152800245,66.32847199754906
3,14,14,13531,16053.911135953242,2522.9111359532417
7,29,8,12970,13829.13145877501,859.1314587750094
1,3,16,17540,16967.197851711087,572.8021482889126
7,25,12,16746,16480.88781858813,265.11218141187055
6,13,12,17401,17418.92571275955,17.925712759548333
3,10,9,15908,15688.840297122837,219.159702877163
5,7,9,12606,15950.969226712592,3344.969226712592
10,23,11,13110,15203.975288870763,2093.9752888707626
9,24,15,14811,15975.713990100125,1164.7139901001246
7,27,12,22459,17858.041283182458,4600.958716817542
5,21,18,19243,17376.19166911386,1866.8083308861387
4,15,15,13316,16235.513383807021,2919.5133838070215
9,16,23,14210,15693.55691053977,1483.55691053977
2,10,4,13573,15009.662190798987,1436.6621907989866
12,3,23,16701,17518.89693747399,817.89693747399
2,4,21,17503,16218.933572573145,1284.0664274268547
2,15,17,18421,16814.266043529366,1606.7339564706344
6,30,8,15756,15945.807629726905,189.80762972690536
6,2,7,12610,14422.134693580787,1812.134693580787
3,14,10,16603,16089.91587303277,513.0841269672292
12,17,15,16946,17235.749986564188,289.74998656418757
4,2,17,15274,16123.329825214974,849.3298252149743
11,7,16,14094,15480.514158480119,1386.5141584801186
5,22,19,15776,15768.471654508128,7.5283454918717325
3,29,17,14592,16097.341715249093,1505.3417152490929
8,22,23,17747,17017.330648577827,729.6693514221733
12,23,17,17730,16742.297544335303,987.7024556646975
4,2,21,15094,16255.952782091259,1161.952782091259
2,28,19,20662,16270.36140419755,4391.638595802449
7,12,20,17857,17587.802055165375,269.19794483462465
11,23,0,15034,15173.921209633296,139.9212096332958
9,29,10,16146,14865.292958863036,1280.707041136964
10,13,20,15874,15023.018031890544,850.9819681094559
11,5,12,15202,15970.221153438739,768.2211534387388
1,2,6,13825,16128.54662400909,2303.54662400909
5,5,1,11966,13142.14859864338,1176.14859864338
1,12,0,16548,16574.837291033433,26.837291033432848
3,31,22,15424,16467.59510493245,1043.5951049324503
12,20,9,19177,16631.098598719596,2545.9014012804037
9,28,20,17100,16502.589241007947,597.4107589920532
4,3,23,15005,16586.105007966005,1581.1050079660054
3,12,20,18006,16846.2837754397,1159.7162245602995
3,28,0,13249,14542.932438205808,1293.9324382058076
10,5,8,16465,15033.907633099636,1431.0923669003641
3,25,2,11691,15732.49176863355,4041.4917686335502
4,21,4,11603,14409.463188169162,2806.463188169162
5,19,10,14306,15164.637644877936,858.6376448779356
1,27,22,17695,17528.378256015454,166.6217439845459
1,18,3,13908,15496.897990257783,1588.897990257783
8,3,2,16039,15615.621987576367,423.37801242363275
4,27,11,14461,16093.341709132303,1632.3417091323026
10,6,11,15139,15922.025593740356,783.0255937403563
8,6,2,11977,12671.482584884361,694.4825848843611
2,4,5,14360,16830.985435385388,2470.985435385388
8,18,3,15231,14840.064809662961,390.9351903370389
4,23,0,12550,15447.947125879871,2897.9471258798712
9,20,5,13120,13581.061345558617,461.0613455586172
3,11,23,14847,17251.350299775346,2404.350299775346
10,20,3,12789,15779.654214838523,2990.6542148385233
2,15,21,16972,16594.321437042057,377.67856295794263
8,3,23,14781,16249.721075693022,1468.7210756930217
10,13,23,13430,15219.678474480766,1789.6784744807665
3,15,18,15346,15979.332163657893,633.332163657893
12,24,0,14558,14493.812623682512,64.18737631748809
3,15,17,16673,17027.34847145801,354.3484714580118
1,13,12,16250,16928.676926844124,678.676926844124
8,8,11,18693,16118.391046367535,2574.6089536324653
9,20,10,16057,15243.057801585937,813.9421984140627
7,22,16,17882,17245.203168120937,636.7968318790627
12,25,17,17547,16383.501718512374,1163.4982814876257
9,8,1,12987,14599.459325159074,1612.459325159074
3,10,5,13507,16184.0985727963,2677.0985727963
11,3,17,16896,16409.30765395739,486.69234604261146
8,30,19,17368,18263.338372452643,895.338372452643
4,21,1,12443,13621.807255759675,1178.8072557596752
2,16,11,18445,16680.234783068816,1764.765216931184
12,16,4,14549,15254.543292375349,705.5432923753488
8,13,10,16095,15290.01813720138,804.9818627986206
2,20,9,14647,15287.407201944094,640.4072019440937
9,7,15,20967,16402.70244953644,4564.2975504635615
1,26,15,18993,17089.876235313834,1903.1237646861664
8,10,2,14371,15078.241934844784,707.2419348447838
1,11,11,18572,17414.621703113316,1157.3782968866835
3,18,14,15712,16353.903690843577,641.9036908435774
8,9,6,14256,13432.486261290926,823.5137387090745
3,20,17,15665,16243.826820855997,578.8268208559966
8,12,8,15847,14372.794267128162,1474.2057328718383
9,12,12,16976,16515.775845017954,460.22415498204646
3,11,16,14606,16235.145278257274,1629.1452782572742
11,10,15,16175,16245.227045843056,70.22704584305575
8,28,8,15682,14413.966833169728,1268.0331668302715
12,12,19,17362,16473.502671488965,888.4973285110354
3,25,7,16143,14960.084420282508,1182.9155797174917
4,19,12,13340,15842.603911087755,2502.6039110877555
2,15,16,15867,15789.911369264904,77.08863073509565
6,1,5,11677,13218.149312464582,1541.1493124645822
7,17,12,18025,17535.287024858786,489.712975141214
2,18,17,15167,16131.19444799722,964.1944479972208
7,12,23,16727,17229.865003502626,502.86500350262577
12,15,17,19478,17552.718031529046,1925.2819684709539
8,29,23,15298,15576.922580203001,278.9225802030014
1,10,13,17898,16497.30560814829,1400.69439185171
10,26,11,14596,15111.347653260813,515.3476532608129
9,26,10,12316,14384.684601391247,2068.6846013912473
12,17,7,14737,15544.313724925558,807.3137249255578
1,27,17,20394,17014.701941327636,3379.2980586723643
8,6,6,10952,13836.608821504757,2884.6088215047566
3,23,5,13701,15961.061794992529,2260.061794992529
5,19,15,14376,15902.238453930458,1526.2384539304585
9,11,0,13783,13949.453681098112,166.4536810981117
11,8,11,12854,15762.516831696614,2908.5168316966137
4,3,13,15477,15871.905833090834,394.90583309083377
9,8,14,20899,17439.028797795545,3459.971202204455
9,23,12,14676,16016.400959972189,1340.4009599721885
12,18,9,19336,16598.922171218812,2737.077828781188
1,15,11,19183,17641.55341006745,1541.4465899325514
6,28,21,16508,16491.088584184654,16.911415815346118
1,14,19,20215,18599.162982692647,1615.8370173073527
11,18,21,16873,17127.61170402721,254.6117040272111
11,9,16,15166,15620.495415102248,454.49541510224844
10,16,23,13204,15494.397806721094,2290.3978067210937
6,18,19,19623,16714.333987167935,2908.6660128320655
2,22,10,16626,16306.116670606125,319.8833293938751
4,26,18,14679,16072.010570218277,1393.0105702182773
1,26,22,17390,17034.176019948995,355.8239800510055
7,10,4,12175,12936.378833978397,761.3788339783969
11,8,13,14881,15455.814640488912,574.8146404889121
11,19,12,15183,15929.791537512583,746.7915375125831
9,16,4,11969,12605.085787164993,636.0857871649932
1,1,4,12228,16589.521616262926,4361.521616262926
12,17,23,16927,17831.67427030021,904.6742703002092
9,26,14,14838,16150.763686169794,1312.7636861697938
9,3,20,19757,18448.412026982798,1308.5879730172019
10,22,19,16721,16290.235279737246,430.76472026275405
12,14,1,14457,14397.695990373726,59.30400962627391
3,22,10,15247,16198.53646712602,951.5364671260195
11,25,17,19672,16751.13529617959,2920.864703820411
10,27,0,12822,14228.698369549227,1406.6983695492272
3,5,3,13539,15850.429943343266,2311.429943343266
11,19,0,16103,15117.09164024765,985.9083597523495
2,5,13,18733,17534.16489796394,1198.8351020360606
12,1,15,17584,16601.28961322135,982.71038677865
7,20,1,16892,16002.182853244884,889.8171467551165
7,27,13,20310,17124.50648607647,3185.4935139235313
6,22,1,14006,15117.942895488155,1111.942895488155
6,29,13,17204,16837.987865493484,366.0121345065163
11,8,19,17284,16734.469007111027,549.5309928889728
1,18,2,14623,15609.466689884857,986.4666898848573
10,15,5,13386,14079.442294944256,693.442294944256
7,14,1,13377,15577.791918064564,2200.791918064564
8,20,13,18026,16768.247055671894,1257.7529443281055
6,12,19,14537,15332.133218691495,795.1332186914951
3,30,21,15973,16169.380875278466,196.3808752784662
1,12,19,18759,16982.057762334643,1776.9422376653565
5,9,14,14617,15910.177077751057,1293.1770777510574
6,22,6,15300,15561.086728735112,261.08672873511205
7,26,22,18418,17232.65153748349,1185.348462516511
2,5,14,19343,17102.21578332231,2240.78421667769
10,22,16,13748,15658.634822222743,1910.6348222227425
2,16,11,17510,16664.22098047087,845.7790195291309
10,2,7,15287,15226.324900270223,60.675099729776775
4,25,15,13030,15844.091830262332,2814.091830262332
4,9,12,14632,16640.720057699433,2008.7200576994328
7,10,13,15827,17229.481150427677,1402.4811504276768
8,17,12,18820,17171.43872898916,1648.5612710108398
5,8,22,14012,15794.131769891243,1782.1317698912426
5,26,22,14422,15738.708949857642,1316.7089498576424
4,9,8,13772,15965.811532777905,2193.811532777905
5,27,4,11478,15286.968901378094,3808.9689013780935
7,25,8,15352,14255.470112873105,1096.5298871268951
4,1,8,14305,15204.25081006358,899.2508100635805
7,28,21,20339,17483.157871125197,2855.842128874803
7,12,4,12731,14492.92308081913,1761.9230808191296
9,13,21,14530,15147.244649366308,617.2446493663083
8,9,14,21592,17920.151558585505,3671.848441414495
5,8,18,15100,16090.303332715484,990.3033327154844
12,4,12,15985,16142.521948360192,157.52194836019225
8,25,13,18281,18255.456783214042,25.543216785958066
10,7,16,15010,15668.958474728935,658.9584747289355
9,30,17,17295,16280.958359247126,1014.0416407528737
6,21,3,11577,13455.545356045073,1878.5453560450733
6,6,5,12107,13807.133845647053,1700.133845647053
7,5,3,11604,13512.302366843318,1908.302366843318
7,30,10,16399,15038.03930255671,1360.96069744329
1,8,23,17394,17532.717492198284,138.71749219828416
4,16,6,12467,15740.689248487637,3273.689248487637
9,10,20,14957,15311.680991101945,354.6809911019445
9,7,3,14857,14594.053084332112,262.9469156678879
7,16,17,18338,16971.440316924363,1366.5596830756367
10,22,12,14857,14604.025257404439,252.9747425955611
7,30,17,16882,16713.38839910506,168.61160089493933
1,21,21,17190,16834.120519454722,355.87948054527806
2,18,17,17559,16759.900560860628,799.0994391393724
2,1,18,17522,17271.364121338833,250.63587866116723
7,26,0,14269,14279.851655234088,10.851655234087957
4,11,18,16585,15370.268547130954,1214.7314528690458
10,21,20,17282,15506.739929356632,1775.2600706433677
7,8,7,12083,14505.23395487379,2422.233954873789
4,20,2,11626,16176.277024600644,4550.277024600644
5,4,21,15530,16229.290547670716,699.2905476707165
9,30,21,15282,15658.342983468588,376.3429834685885
11,19,21,16727,17439.1320503071,712.1320503071001
6,28,12,15108,16183.130492303044,1075.1304923030439
2,28,1,15116,16102.407864975867,986.4078649758667
8,28,0,16485,15910.4782520466,574.5217479534003
9,18,22,14791,14779.330233966668,11.669766033332053
6,7,21,14354,15745.983805065702,1391.9838050657017
6,28,16,18942,16470.050891277344,2471.949108722656
3,26,2,12882,15280.339107694326,2398.3391076943262
4,21,17,14999,16114.842994440296,1115.842994440296
10,7,13,14308,15360.205298468773,1052.2052984687725
3,11,1,13907,14571.576227705315,664.5762277053145
6,3,9,14042,15073.727212631935,1031.727212631935
1,3,6,13025,16129.458635712557,3104.458635712557
8,11,17,18638,17301.99371678211,1336.0062832178883
10,27,14,15460,15994.449350723104,534.4493507231036
9,14,6,12959,13602.534810878242,643.5348108782418
12,19,7,15361,14192.177587883092,1168.8224121169078
11,12,16,16787,15936.141428686868,850.8585713131324
8,11,20,17799,18002.853200451624,203.8532004516237
1,11,21,19938,17953.844598523843,1984.1554014761568
3,17,23,14898,16471.123900971274,1573.1239009712735
12,9,10,15763,15804.301511568618,41.30151156861757
5,30,23,16564,17214.687804733094,650.6878047330938
10,10,21,13872,15832.099804200847,1960.0998042008468
7,18,12,16629,15632.201158585243,996.7988414147567
10,6,2,10902,14191.035961130025,3289.0359611300246
8,4,15,17459,17623.193680986336,164.1936809863364
6,26,16,16585,16219.331887496743,365.66811250325736
5,17,5,12118,14628.770086618048,2510.7700866180476
11,19,13,16661,16429.76548617813,231.23451382186977
5,1,0,12526,15017.641477720736,2491.6414777207356
6,16,3,11962,12923.836071933832,961.8360719338325
7,23,11,16797,16500.36080502183,296.63919497816823
4,23,13,15530,16024.95159723577,494.95159723576944
12,12,12,17689,17433.794106536963,255.20589346303677
2,4,9,15457,16393.014044355165,936.0140443551645
1,5,2,13223,15198.44523652128,1975.44523652128
5,27,6,13704,14861.591345579978,1157.5913455799782
5,18,6,13428,15808.981716473301,2380.9817164733013
7,17,18,20805,17310.067667926236,3494.932332073764
4,28,18,14158,15496.702377494772,1338.702377494772
8,24,20,16361,15860.955622245508,500.0443777544915
8,21,5,12697,14731.412668608056,2034.4126686080563
4,25,6,13286,15536.966039855979,2250.966039855979
2,28,11,17457,17283.60827163432,173.39172836568105
3,22,17,16353,16036.417316136705,316.58268386329473
2,12,6,15202,15996.301325436334,794.3013254363341
8,27,2,12773,14493.65084951795,1720.6508495179496
8,1,19,19238,17726.290601593908,1511.709398406092
3,13,15,16534,17287.218192970817,753.2181929708167
9,27,4,11547,13908.178741090924,2361.1787410909237
12,29,23,14846,16059.484100276799,1213.484100276799
3,16,16,15267,16649.344427987027,1382.3444279870273
11,16,1,13793,15557.12084085491,1764.12084085491
12,14,4,14593,16016.524893701548,1423.5248937015476
5,19,3,11924,13625.642314491271,1701.6423144912715
12,16,13,15960,16469.804093032115,509.8040930321149
10,14,19,16448,15165.765068713397,1282.2349312866027
12,9,18,19527,17841.54332185013,1685.4566781498688
11,15,8,16423,16832.015074043415,409.01507404341464
12,4,22,16380,16945.846661464635,565.846661464635
7,4,7,14318,12841.513549717027,1476.4864502829732
1,25,9,19434,17105.74823442117,2328.251765578829
3,9,20,17821,16882.770648821086,938.2293511789139
3,14,19,16345,16386.44340576267,41.44340576267132
8,19,15,19663,17419.54150046942,2243.4584995305813
10,4,18,17373,17184.40350303784,188.59649696216002
10,6,9,15125,15210.489052811401,85.48905281140105
2,9,9,18947,16704.529260283318,2242.470739716682
4,22,16,14293,15901.96096590204,1608.9609659020407
4,3,20,17726,16375.13969298785,1350.8603070121499
12,25,11,17341,16879.59372705831,461.406272941691
12,18,21,18563,16649.64535325119,1913.3546467488086
7,7,21,20951,18350.491108437593,2600.5088915624074
7,18,19,18915,18730.409485609485,184.59051439051473
6,16,20,16242,16169.589134764574,72.41086523542617
1,30,13,18426,17820.0882803226,605.9117196773987
1,24,5,14893,16343.470543667036,1450.4705436670356
4,15,8,14902,16138.513230892826,1236.513230892826
10,21,6,11651,14589.327050113241,2938.327050113241
2,1,6,14791,14727.139478671228,63.86052132877194
10,31,6,12095,14887.32918529574,2792.329185295741
12,25,20,14828,16458.232474148976,1630.2324741489756
10,30,6,14023,15485.121378249489,1462.1213782494888
12,26,22,16954,16616.908161565538,337.09183843446226
6,13,16,18235,16453.819810269917,1781.180189730083
9,23,22,15205,15139.811950433512,65.18804956648819
4,21,6,14520,15218.9230248611,698.9230248611002
2,7,1,14910,15380.138090753575,470.13809075357494
8,8,7,18094,15754.969782487478,2339.0302175125216
7,10,10,17826,16399.47895818529,1426.5210418147108
12,14,16,16714,16491.308445251612,222.69155474838772
9,1,19,18397,16704.695030548464,1692.3049694515357
10,24,15,14949,15470.88562488348,521.88562488348
9,28,15,14479,16394.292759887085,1915.2927598870847
2,5,14,16361,17145.89380978298,784.8938097829814
3,5,17,15764,16355.192947087075,591.1929470870746
5,6,9,14265,15752.745905999373,1487.7459059993726
2,9,21,18860,16981.439893869523,1878.560106130477
9,9,17,14164,15223.273728488679,1059.273728488679
11,23,20,16991,16008.38932251241,982.6106774875898
9,26,8,15489,14679.728676362793,809.2713236372074
12,9,5,13578,15767.365053662013,2189.3650536620135
4,19,2,13285,14012.810512815944,727.8105128159441
3,1,18,19615,16544.827533836888,3070.1724661631124
9,21,1,12500,13377.601577862923,877.6015778629226
11,6,0,12165,13715.219776318554,1550.219776318554
1,12,13,17528,17100.595564642375,427.4044353576246
8,11,22,16619,15970.425977421979,648.574022578021
1,20,10,18314,17292.410198005477,1021.5898019945234
2,8,9,17385,16144.124088035942,1240.875911964058
9,6,2,13963,14805.05030587516,842.0503058751601
5,6,14,12153,15841.167435421423,3688.167435421423
7,13,23,14460,16189.614092643378,1729.6140926433782
11,19,20,18010,16841.83906726086,1168.1609327391416
10,18,19,16331,15794.77848689833,536.2215131016692
6,23,21,15245,16022.285178062237,777.2851780622368
4,15,0,12320,16149.942132271548,3829.942132271548
10,8,21,16471,15661.443093090651,809.556906909349
3,27,2,12443,15035.54525826568,2592.54525826568
4,4,7,16593,16049.300401365583,543.6995986344173
12,23,12,17404,16454.824524396474,949.1754756035261
11,9,22,16571,16611.012569455932,40.01256945593195
7,20,15,16028,16880.731043182834,852.7310431828337
7,14,2,14244,15030.774446087597,786.7744460875965
9,1,7,13192,14683.717431975998,1491.717431975998
5,15,12,13146,15985.456394842677,2839.4563948426767
9,4,2,12809,15091.396970957036,2282.3969709570356
12,12,19,19550,16933.54022554015,2616.4597744598505
8,5,10,13691,14959.222729806575,1268.2227298065754
12,2,4,13030,13724.124243325363,694.1242433253628
8,30,8,12189,14101.720087914891,1912.7200879148913
1,1,19,19406,16389.036816810276,3016.963183189724
10,26,4,11817,15510.606225901472,3693.6062259014725
10,27,18,15646,15384.580435581613,261.4195644183874
7,26,19,19766,17000.13363659297,2765.866363407029
8,28,7,13853,15176.184707682296,1323.184707682296
3,4,0,14093,13849.727280906973,243.27271909302726
9,26,7,17021,14241.9585773309,2779.041422669099
10,15,13,15732,16158.025402416766,426.02540241676616
11,4,19,16534,15843.580170405587,690.4198295944134
10,6,4,12181,14226.976764642348,2045.976764642348
11,11,3,11881,14532.534739183573,2651.534739183573
11,23,7,15604,15498.677637869245,105.32236213075521
5,11,4,12040,14533.02258132992,2493.0225813299203
6,24,0,12758,13970.08750578485,1212.0875057848498
10,19,18,16073,16243.946524248024,170.9465242480237
4,23,16,15577,16016.735337803239,439.7353378032385
1,26,17,19681,17153.69974622409,2527.3002537759094
4,28,9,14509,15448.407694065672,939.4076940656723
10,18,20,16283,16638.143274278627,355.14327427862736
2,24,9,15317,16336.504376226865,1019.5043762268651
11,13,0,13864,12936.455518832954,927.5444811670459
12,25,1,15301,16262.590766902242,961.5907669022417
3,10,20,17389,17185.375963970215,203.6240360297852
8,13,16,20497,17803.37098081512,2693.6290191848784
8,30,11,15207,15758.393101792777,551.3931017927771
8,16,23,16141,16216.999150481348,75.9991504813479
8,6,20,19828,17798.372160854135,2029.6278391458654
11,7,8,15687,15100.530368348063,586.4696316519367
9,29,9,14793,16262.990368951936,1469.990368951936
9,25,17,16520,16013.4196237729,506.5803762271007
6,19,21,17970,16595.779258035607,1374.2207419643928
5,15,0,11682,15323.759303788258,3641.759303788258
6,3,13,17056,16497.42502693268,558.5749730673197
9,5,11,19362,17068.801098726566,2293.198901273434
6,21,14,18422,17299.0801163633,1122.9198836366995
1,22,3,15321,15894.285675250505,573.2856752505049
9,25,13,16482,15549.063576714283,932.936423285717
9,3,3,15198,14827.396817965298,370.6031820347016
7,25,6,15336,15164.897930833044,171.10206916695643
3,19,22,14780,15754.205862354707,974.2058623547073
11,1,16,15241,16198.525062851964,957.5250628519643
12,11,2,14529,13830.567318308622,698.4326816913781
1,6,9,19692,17086.2312874332,2605.7687125668017
3,14,16,16446,15889.029659993013,556.9703400069866
7,8,16,22932,16697.475156278335,6234.524843721665
6,13,19,17696,16584.95804427823,1111.0419557217683
1,15,16,17937,17413.580211062574,523.4197889374263
6,27,6,13894,14826.885226263943,932.885226263943
2,15,10,18491,16550.96677134683,1940.0332286531702
11,3,13,14999,15202.03811111906,203.03811111905998
7,14,19,18612,18066.70447325631,545.2955267436882
5,4,17,13657,16293.74226956158,2636.7422695615805
10,8,3,12628,14594.450267063969,1966.4502670639686
1,15,21,17564,17322.923980849093,241.0760191509071
3,19,14,15253,16236.965194652841,983.9651946528411
3,9,18,17255,16756.69484922002,498.30515077997916
10,1,13,14114,15332.792461831825,1218.7924618318248
2,25,2,15953,16677.67547454691,724.6754745469116
10,5,20,15301,15437.636941029277,136.6369410292773
1,10,14,16004,16479.171439166523,475.17143916652276
12,16,7,14434,15529.657013015241,1095.6570130152413
11,6,21,16208,15360.37876844576,847.6212315542398
9,15,22,13954,15033.449107239525,1079.449107239525
5,13,18,14621,15960.630304497787,1339.6303044977867
7,19,2,14210,15269.381128036452,1059.3811280364516
8,20,13,21149,18633.808053866822,2515.191946133178
6,3,1,11477,15515.855797690901,4038.8557976909015
2,8,11,17963,17562.675709097144,400.32429090285586
9,3,11,15682,15308.588626403085,373.4113735969149
12,14,21,19798,17071.80484899065,2726.1951510093495
6,30,13,14490,16340.30285585249,1850.3028558524893
2,26,20,18064,17298.839887489958,765.1601125100424
12,2,21,16725,17085.462872784803,360.46287278480304
5,29,17,18010,16282.749281367784,1727.2507186322164
9,7,4,14800,14588.001152663823,211.99884733617728
12,15,15,18091,17025.981514415336,1065.0184855846637
5,19,9,12610,16019.284397121783,3409.2843971217826
9,4,12,18882,17128.86088718808,1753.1391128119212
4,7,14,14751,15947.324151055538,1196.324151055538
3,6,11,17805,17306.727055371815,498.27294462818463
6,18,9,15291,15735.50345185857,444.50345185857077
2,24,18,20488,16680.368031721584,3807.631968278416
10,11,10,14178,14863.491554152946,685.4915541529463
1,26,12,19375,17684.300145891688,1690.6998541083121
7,28,9,18974,16091.14624032029,2882.8537596797105
3,7,22,15571,17143.547336825723,1572.5473368257226
12,19,17,17830,16356.376605889807,1473.6233941101927
8,14,18,21265,16825.715115439918,4439.284884560082
12,13,2,14857,14663.828494669258,193.17150533074164
4,24,3,11657,15784.691063991295,4127.691063991295
10,24,20,15109,16333.412356445993,1224.4123564459933
9,7,2,15873,15220.06620758343,652.9337924165702
11,1,0,11889,13945.108636708424,2056.1086367084245
3,12,17,17145,16609.067157922975,535.9328420770253
5,30,7,14538,15263.219571000674,725.2195710006745
9,25,20,16211,16299.986284757484,88.9862847574841
6,27,12,18249,17682.092646982343,566.9073530176574
8,26,23,18137,16312.85958742078,1824.1404125792196
11,14,4,11632,14983.505859252762,3351.505859252762
12,1,17,16934,16677.07682619196,256.9231738080416
7,27,10,16343,16144.958786249732,198.04121375026807
8,13,19,20510,17867.55072231673,2642.4492776832703
3,27,12,12913,15876.52740675137,2963.527406751369
2,20,12,15997,16350.105171034305,353.1051710343054
11,3,21,15674,16156.977420831949,482.9774208319486
1,20,8,14728,15499.181431384326,771.1814313843261
5,12,17,14389,15987.884546505238,1598.8845465052382
10,8,5,12404,13940.140880439558,1536.1408804395578
3,3,8,16926,16275.113690588878,650.886309411122
5,24,5,10262,15918.122037753104,5656.122037753104
8,22,14,18883,17123.64436361354,1759.355636386459
9,13,2,12646,13086.545089534897,440.54508953489676
2,6,3,14123,15949.519840345869,1826.519840345869
1,31,10,18306,17298.950717027805,1007.0492829721952
12,28,18,18154,16611.868523493173,1542.1314765068273
1,21,5,14308,16367.814201807994,2059.8142018079943
5,3,12,14909,15317.384773038739,408.3847730387388
10,14,6,13905,12934.330084131903,970.6699158680967
11,2,2,12310,14716.664680562728,2406.664680562728
12,7,21,17861,16806.09044668083,1054.9095533191685
10,27,22,15035,15568.415465046244,533.4154650462442
4,6,17,16233,16560.918884594987,327.9188845949866
9,23,16,16187,16339.392561818138,152.39256181813835
2,13,8,17749,16692.125901621584,1056.8740983784155
1,1,8,13396,16445.021281537494,3049.0212815374944
5,2,8,15719,15159.440302419449,559.5596975805511
12,12,19,16809,15588.242467062459,1220.7575329375413
8,13,11,17122,15556.82913688317,1565.1708631168294
8,26,10,19177,16042.985844501976,3134.0141554980237
2,27,12,16065,16570.582819757612,505.582819757612
3,24,13,18136,16298.88334799516,1837.1166520048391
4,24,23,12990,16023.40455131939,3033.4045513193905
12,30,18,18182,16536.707216359446,1645.2927836405543
5,30,20,19504,17158.370093490554,2345.6299065094463
1,2,1,12996,14908.084745427275,1912.0847454272753
10,25,8,15887,15128.479497937133,758.5205020628673
6,28,17,17352,16997.86424555765,354.13575444235175
1,2,5,13714,15565.226261185458,1851.2262611854585
11,24,15,15160,15248.199374677475,88.19937467747513
7,18,8,16247,14805.98015769232,1441.01984230768
4,29,16,12229,15971.879779971478,3742.8797799714775
11,2,9,16154,15680.342297225361,473.6577027746389
7,14,7,15668,14494.133050137832,1173.8669498621675
8,3,11,17534,16477.157407120612,1056.8425928793877
3,4,4,14161,16796.70268955211,2635.7026895521085
4,1,8,16990,17109.568950793484,119.56895079348396
7,29,1,14769,15551.175396924114,782.1753969241145
12,4,6,13597,14309.711947791151,712.711947791151
6,15,14,13714,16184.99327116477,2470.9932711647707
1,14,23,17031,17280.137168606707,249.13716860670684
3,19,14,17159,16964.743484437447,194.25651556255252
7,9,11,13471,16245.50289662077,2774.50289662077
3,22,10,15389,16793.191121735024,1404.1911217350244
7,9,3,11053,13980.56371055235,2927.563710552349
10,12,18,15436,15408.116903425736,27.883096574263618
8,19,13,20837,17618.73550491632,3218.2644950836802
1,27,23,16836,17558.041848531666,722.0418485316659
4,26,14,14889,15815.36272871245,926.3627287124491
6,11,21,17985,16444.010284494085,1540.9897155059152
1,3,23,16766,17181.103486380256,415.1034863802561
1,12,5,13387,16006.73814226949,2619.7381422694907
4,27,21,14842,15775.156796187479,933.1567961874789
7,19,21,19202,17227.790930745174,1974.2090692548263
1,8,13,17113,17128.654821120035,15.654821120035194
10,19,23,14076,15973.647919679195,1897.6479196791952
4,29,0,13400,15927.914081532603,2527.9140815326027
9,26,19,21304,17589.74965087707,3714.250349122929
6,16,10,17158,15575.030123842575,1582.9698761574255
2,6,13,17901,16714.607813347408,1186.3921866525925
10,4,10,17273,15711.912236800112,1561.0877631998883
3,21,1,13429,15144.739258838243,1715.7392588382427
7,11,14,18569,16630.964035509693,1938.0359644903074
6,21,18,15965,16259.958467571329,294.9584675713286
3,3,4,15563,16222.206422516447,659.2064225164468
4,23,11,16057,16051.412241751112,5.587758248888349
7,30,9,13558,14182.277636200051,624.2776362000513
10,22,7,15836,15236.355025553778,599.6449744462225
1,3,14,16366,16862.555677209388,496.5556772093878
3,1,4,12673,15175.83175204565,2502.8317520456494
3,16,4,13565,15511.97901155668,1946.9790115566793
11,13,15,16798,16701.19600277944,96.80399722055881
12,7,11,16803,16935.268744413937,132.26874441393738
10,21,16,15150,15043.696487673998,106.30351232600151
3,23,8,15358,16129.61719554227,771.6171955422706
8,6,12,15639,17252.773062366938,1613.7730623669377
2,17,16,16369,16954.90243839043,585.9024383904289
10,30,0,12716,14542.884081390495,1826.8840813904953
2,4,13,19014,17650.499319365732,1363.500680634268
11,11,2,12335,15220.00111234563,2885.0011123456297
7,15,8,16581,14928.50966766083,1652.49033233917
7,15,11,15552,14574.55235047024,977.4476495297604
4,21,21,15608,16038.660955771476,430.66095577147644
3,30,5,12571,15607.910282197348,3036.9102821973484
10,10,4,11314,13495.833332947514,2181.8333329475136
7,15,23,16911,17129.480961467707,218.48096146770695
12,22,23,15979,18056.30272656053,2077.3027265605306
1,3,0,15879,15195.80722529449,683.1927747055106
5,11,15,14727,16261.152643256355,1534.152643256355
8,12,18,19823,17886.139257527604,1936.860742472396
7,19,13,18530,17138.093865168106,1391.9061348318937
7,27,9,15066,14865.520663102172,200.47933689782803
8,31,22,15682,16388.729108877815,706.7291088778147
6,1,9,14094,14649.096722480328,555.096722480328
6,26,12,16517,16390.033073146205,126.96692685379458
12,18,17,19556,17336.003970773512,2219.9960292264877
5,2,16,15980,15928.914928625496,51.08507137450397
4,22,7,12851,14514.015738726874,1663.0157387268737
4,17,7,12125,15865.090994415375,3740.0909944153755
3,24,23,13649,16782.436945797323,3133.4369457973226
6,16,14,15962,16816.97539539122,854.9753953912186
12,25,13,17343,16336.001413581997,1006.9985864180035
10,29,14,15347,15738.95948529088,391.95948529087946
8,12,18,21734,19097.681097385586,2636.3189026144137
1,9,17,16778,16347.96117814587,430.0388218541302
10,29,10,14857,16236.568359403507,1379.5683594035072
11,28,15,15017,16738.602775224535,1721.6027752245354
9,26,20,16491,15612.386331774462,878.6136682255383
11,19,21,16633,15878.462724734289,754.5372752657113
5,25,10,13652,15489.867393396902,1837.8673933969021
7,18,8,17470,15758.022774469859,1711.9772255301414
11,11,20,18870,16704.218841268877,2165.7811587311226
12,17,16,17018,16654.09852631527,363.9014736847312
1,3,15,18860,17477.614904914455,1382.385095085545
5,12,0,12664,16047.139719772538,3383.1397197725382
3,8,6,12962,15477.936921288378,2515.9369212883776
7,12,2,14809,16354.361163536358,1545.3611635363577
9,19,23,15642,15417.400782763454,224.59921723654588
10,31,23,12331,15666.646083894513,3335.646083894513
12,9,17,18297,17135.35530227822,1161.6446977217784
5,18,0,12410,14881.496357441636,2471.496357441636
5,23,16,14654,16163.452247825471,1509.4522478254712
1,1,6,12636,16396.10098151148,3760.100981511481
7,21,19,20031,17757.56622147699,2273.433778523009
10,4,1,12049,13517.450108911655,1468.4501089116548
11,29,13,17466,16943.888805817343,522.1111941826566
9,14,13,14980,16207.27445220392,1227.2744522039193
7,31,15,17194,16330.507627569828,863.4923724301716
2,13,15,17887,17364.564152741663,522.4358472583372
7,8,10,18686,16034.548836956672,2651.451163043328
10,4,22,13264,16332.158012107753,3068.158012107753
1,30,8,17821,16760.36078135593,1060.6392186440717
10,28,9,15553,16500.310816024023,947.3108160240226
4,1,2,13399,15741.584200421596,2342.5842004215956
2,24,0,15439,15641.195078022516,202.1950780225161
5,13,15,13193,15900.187952716802,2707.187952716802
10,26,5,12215,15332.270379054915,3117.270379054915
12,17,6,14598,14064.638233475163,533.3617665248366
10,19,18,16138,16234.76955122502,96.76955122501931
6,5,11,15263,15558.87373280019,295.8737328001898
6,1,22,14770,16236.150359344843,1466.1503593448433
7,31,21,18859,17961.385278284804,897.6147217151956
4,21,15,15107,15962.800597313391,855.8005973133913
8,15,21,16346,16400.971293480474,54.97129348047383
2,27,11,17339,17000.573756512847,338.42624348715253
4,12,23,13106,15823.359143385473,2717.3591433854726
5,5,8,12062,14255.38258237765,2193.3825823776497
4,9,4,12946,15599.04456443578,2653.0445644357806
5,4,17,15914,16232.778837044762,318.77883704476153
9,13,3,12815,14059.68009189966,1244.6800918996596
8,28,20,19124,17160.98576970657,1963.0142302934291
11,14,3,12280,15411.157325990682,3131.157325990682
1,4,4,13464,14596.325465747794,1132.3254657477937
3,24,15,15582,15948.68668092546,366.6866809254607
12,3,16,17801,16868.437879486242,932.5621205137577
5,16,3,10782,15611.856112681395,4829.856112681395
4,6,3,13625,14729.877322956983,1104.8773229569833
8,28,22,17519,16159.972415053922,1359.0275849460777
8,29,12,16227,15996.428459014334,230.5715409856657
4,16,0,11216,15876.71275846796,4660.71275846796
5,4,10,14031,15260.127062941221,1229.127062941221
5,26,7,14311,14997.046067785144,686.0460677851443
10,27,0,13151,15569.402848175872,2418.4028481758724
1,16,5,14201,15825.871288934137,1624.8712889341368
5,3,7,11479,15001.179543816223,3522.1795438162226
7,24,10,19372,16278.649658783846,3093.3503412161535
10,13,14,14405,16018.173926266054,1613.173926266054
5,12,14,13822,15885.449517064679,2063.4495170646787
1,24,5,16251,16501.660339629554,250.66033962955407
8,24,16,18418,16978.222336085313,1439.7776639146869
7,26,18,20821,17560.58639482081,3260.41360517919
4,15,7,13936,16665.704923276047,2729.7049232760473
2,24,7,14503,14936.743458897367,433.7434588973665
12,27,15,15457,16317.974854483013,860.9748544830127
8,31,17,19968,16862.722418110083,3105.277581889917
7,11,14,18868,17801.73771148124,1066.2622885187593
9,14,22,13827,15404.473161174918,1577.4731611749175
4,11,20,13955,16104.438923765954,2149.4389237659543
3,30,14,14319,16089.736285823656,1770.7362858236556
9,12,21,17044,16158.26060476605,885.7393952339498
12,10,10,18327,16400.39018772843,1926.6098122715703
12,31,8,14387,15938.347116977351,1551.347116977351
9,14,0,12218,13904.725303689052,1686.7253036890525
5,29,9,15286,15982.139564074716,696.139564074716
2,20,6,14914,16724.543745987925,1810.543745987925
3,24,0,13941,15523.948704291386,1582.948704291386
6,28,9,16962,15568.062049113425,1393.937950886575
11,8,2,11293,14715.810329624066,3422.810329624066
11,6,0,13382,15207.911682273432,1825.9116822734322
10,5,3,12065,14465.924047255945,2400.924047255945
9,2,11,17345,16670.58573170133,674.4142682986712
3,3,4,14861,16415.773240125884,1554.7732401258836
6,5,22,16210,16620.306027892308,410.3060278923076
3,12,0,14039,14637.441516115814,598.441516115814
12,14,7,15065,14932.957530033955,132.04246996604525
11,25,7,14914,15798.66611090567,884.6661109056695
7,30,7,13243,14870.692395285407,1627.6923952854067
10,4,19,16807,16136.31640203417,670.6835979658299
1,22,21,19910,17072.791175208793,2837.208824791207
12,5,22,16803,16203.11111903468,599.8888809653199
12,16,10,15564,16186.979623486857,622.9796234868572
8,20,12,15156,14763.769654358879,392.23034564112095
7,8,13,16809,17019.3104128134,210.31041281340003
10,17,9,14578,15661.420345621038,1083.420345621038
8,1,0,12273,15124.821977022566,2851.821977022566
9,16,13,16301,16430.478448750906,129.47844875090595
12,23,14,16256,17451.849124302305,1195.8491243023054
11,2,4,12877,15264.098862611136,2387.0988626111357
2,15,23,17260,17265.821450327985,5.821450327985076
8,26,0,16094,15311.486215706333,782.5137842936674
1,22,16,17838,16953.64570926311,884.3542907368901
2,12,8,17474,16096.421781454508,1377.5782185454918
9,26,15,17235,16716.765401514724,518.2345984852764
11,2,23,13319,16386.77173822051,3067.7717382205083
3,15,9,16596,15593.75587919574,1002.2441208042601
1,19,14,17698,16480.8982342064,1217.101765793599
3,28,6,16804,16761.597956638965,42.402043361034885
2,11,10,17470,16688.333069136985,781.6669308630153
7,30,15,20455,17645.820297308946,2809.1797026910535
8,12,21,17161,16465.745098157397,695.2549018426034
7,31,18,20726,17039.293511891963,3686.706488108037
1,8,3,14284,15409.112572281174,1125.112572281174
6,8,23,13654,15849.865885855254,2195.8658858552535
1,6,19,19745,17483.346491755947,2261.6535082440532
6,5,13,13774,16180.160033584729,2406.160033584729
4,25,3,10954,15616.042303331014,4662.042303331014
11,22,15,16640,16318.121425737509,321.8785742624914
1,24,23,17542,18390.493916508363,848.4939165083633
9,29,12,13239,14802.181644728471,1563.181644728471
8,13,19,20154,18715.68395813466,1438.3160418653388
10,8,8,15900,15565.995407078937,334.0045929210628
6,8,20,16227,16304.829941586444,77.82994158644397
12,4,16,17718,16792.193800961548,925.8061990384522
10,3,8,16048,14777.854522225714,1270.1454777742856
3,8,11,16233,16208.133263816628,24.866736183372268
11,24,1,13947,14527.663885555165,580.6638855551646
6,12,17,18303,16933.351481701266,1369.6485182987344
12,4,0,14005,15720.120399668125,1715.1203996681252
12,6,16,18295,17117.500506711833,1177.4994932881673
12,1,4,14324,15849.271178349478,1525.2711783494779
5,31,23,12814,15752.765365121793,2938.7653651217934
12,3,22,17657,16992.747560373704,664.2524396262961
5,14,6,13617,14448.053142258457,831.0531422584572
1,17,13,17830,17323.26999073462,506.7300092653786
4,22,15,12295,15983.011644025466,3688.011644025466
10,26,1,13146,15512.23766038464,2366.2376603846405
8,19,17,18064,17484.59384599183,579.4061540081711
1,26,20,18670,16550.95907054361,2119.0409294563906
2,13,16,17510,17225.973894138024,284.02610586197625
5,31,14,14423,15808.548862945885,1385.548862945885
4,6,9,14447,16032.170169692869,1585.1701696928685
8,7,10,16159,15407.556037959781,751.443962040219
8,18,3,14015,14514.555700294384,499.5557002943842
11,16,22,15636,16537.1400467733,901.1400467733001
6,21,13,15080,15936.560928758561,856.5609287585612
7,27,22,17572,17517.673892136263,54.32610786373698
8,25,22,16561,15943.61951095946,617.3804890405409
9,28,10,14960,14555.509880062884,404.4901199371161
10,12,5,12260,14606.575999426164,2346.5759994261643
4,25,23,13778,16149.166282946615,2371.166282946615
6,15,2,11112,15273.78917400774,4161.789174007739
5,15,20,15702,16147.224219176507,445.2242191765072
2,24,12,18214,16971.746619012174,1242.253380987826
8,23,18,16805,16448.36034743679,356.6396525632117
11,20,8,17646,16235.505293305921,1410.4947066940786
2,5,5,14560,16095.76132195116,1535.7613219511604
9,8,8,14658,14315.136974582065,342.8630254179352
3,10,3,14400,15769.212358219644,1369.2123582196436
8,5,1,14506,14897.477673444328,391.4776734443276
12,28,11,15951,16144.19630910817,193.19630910817068
2,26,7,15642,16050.192226200124,408.1922262001244
3,5,16,15302,16076.471403709149,774.471403709149
3,11,20,18269,16415.475070722696,1853.5249292773042
4,9,13,15211,15859.636718710226,648.636718710226
11,24,8,14678,16079.619864284863,1401.619864284863
11,25,19,17106,16786.969108617406,319.03089138259384
7,23,4,12175,14757.518980973591,2582.518980973591
4,19,21,16366,16595.30249101964,229.30249101964
10,4,0,14393,14168.30009254226,224.69990745773976
4,12,12,15412,15941.452461161842,529.4524611618417
4,17,23,13212,16479.679236858883,3267.679236858883
5,30,19,15699,16412.451928126757,713.4519281267567
8,9,18,17525,17713.48978374377,188.4897837437711
5,15,7,14256,15061.390751047684,805.3907510476838
8,6,0,16587,15912.713271097757,674.2867289022433
3,24,12,14530,16163.719536965928,1633.7195369659275
8,9,11,17276,16380.764946264893,895.2350537351067
12,31,19,16870,16752.485599995773,117.51440000422735
2,16,14,15980,16634.897632092143,654.8976320921429
1,22,4,15358,15898.824378346797,540.824378346797
12,10,15,17069,16337.54664346861,731.4533565313905
3,7,13,14413,16195.712832747811,1782.7128327478113
9,25,12,15365,16253.975499486543,888.9754994865434
10,11,11,15735,15109.042543742291,625.957456257709
7,17,18,22400,18468.347462347007,3931.6525376529935
1,10,19,18712,16317.29841335336,2394.701586646641
9,3,7,14678,13461.14073942346,1216.8592605765407
1,25,6,14994,16063.808817293055,1069.8088172930547
9,6,16,15726,16007.956893258779,281.956893258779
6,9,12,14242,16028.679216989027,1786.6792169890268
6,29,10,16112,15512.284978718722,599.7150212812776
3,27,8,16705,16632.42017246096,72.5798275390407
1,9,3,14049,14711.849245233483,662.8492452334831
10,4,13,15596,15747.74104450685,151.7410445068508
6,11,8,16082,15192.484760621028,889.5152393789722
12,9,7,13934,15925.963905182081,1991.9639051820814
6,6,16,16775,16755.648502339693,19.35149766030736
6,18,0,16595,16531.488870208912,63.511129791088024
10,24,0,13227,13493.821988728643,266.8219887286432
1,11,22,19109,17932.615141425373,1176.3848585746273
5,10,23,13175,15522.320313328139,2347.3203133281386
7,11,13,18514,18003.13361491593,510.8663850840712
8,12,11,22175,17574.602032145664,4600.3979678543365
7,2,4,11030,13282.559690933434,2252.5596909334345
5,7,12,13920,15838.21508523722,1918.2150852372197
3,7,5,12705,14045.224119386841,1340.2241193868413
12,17,17,20978,16874.01341705563,4103.98658294437
11,14,0,13581,15207.617404072525,1626.6174040725255
5,13,14,13710,15795.946466201744,2085.9464662017435
1,14,0,16373,16148.892470134335,224.10752986566513
6,13,2,11371,13311.618567174275,1940.618567174275
10,9,18,14946,15971.424448250747,1025.4244482507474
10,1,7,14751,14283.837666889533,467.16233311046744
5,1,18,16632,15951.215922644813,680.784077355187
10,3,14,16324,16253.3625095196,70.63749048039972
1,6,5,13862,14787.75615420179,925.7561542017902
9,6,18,17615,16519.313062150453,1095.6869378495467
6,15,8,13590,13707.194353413879,117.19435341387907
8,30,5,13668,13622.42640078262,45.573599217379524
3,9,8,15755,15932.124520895632,177.12452089563158
1,5,11,18547,17524.328100572275,1022.6718994277253
9,10,14,16936,16554.157766266162,381.84223373383793
9,7,17,18615,17755.700600321372,859.2993996786281
5,4,23,13032,16106.027167571128,3074.0271675711283
1,4,19,16885,17032.085541364148,147.0855413641475
1,24,0,15238,14587.436471153313,650.5635288466874
4,25,21,15458,16247.79988183973,789.79988183973
9,20,2,12300,13391.650322923611,1091.6503229236114
12,1,3,12383,14294.366776475135,1911.3667764751353
6,14,6,13084,12998.958584945489,85.04141505451116
6,29,12,19477,17411.29951623767,2065.7004837623317
9,28,12,16984,15872.719612859697,1111.280387140303
6,27,18,19932,16501.445680659574,3430.5543193404264
10,20,19,17679,15966.524701447175,1712.4752985528248
1,3,18,18098,16966.333163514613,1131.6668364853867
7,30,20,19516,17146.682930774037,2369.3170692259628
8,24,1,15639,15316.39537021972,322.60462978028045
12,24,17,16318,17562.449410977202,1244.4494109772022
8,4,6,15423,14254.931648525011,1168.068351474989
6,19,12,12340,15782.431726216542,3442.4317262165423
2,9,14,19361,17376.008102749372,1984.9918972506275
4,15,23,12068,15994.65464451499,3926.6546445149907
10,3,22,14576,15980.409095814637,1404.409095814637
5,30,21,19059,16838.550759438625,2220.4492405613746
3,17,8,16901,16289.143220993314,611.8567790066863
11,8,2,13047,13807.354005470184,760.3540054701843
7,10,2,12294,13732.618044942297,1438.6180449422973
8,14,4,13109,14828.869904411451,1719.869904411451
11,17,0,13996,16046.604904286909,2050.604904286909
4,24,2,11755,16145.580240555619,4390.580240555619
11,15,22,16038,17813.97942407738,1775.9794240773808
7,22,22,16546,16800.405219782602,254.40521978260222
5,21,11,16956,17059.688636603747,103.688636603747
3,5,21,17051,16923.61766965761,127.38233034238874
12,13,8,13110,15315.914281008972,2205.9142810089725
9,6,5,13189,13605.549016896295,416.54901689629514
11,21,4,14455,15830.878845185454,1375.8788451854543
4,13,15,14470,16002.59147654719,1532.5914765471898
4,2,15,14062,16101.768536040403,2039.768536040403
8,7,8,16102,14069.828042553887,2032.171957446113
4,9,20,14484,16134.194917129971,1650.1949171299711
10,24,2,11522,14072.974842250003,2550.9748422500033
4,5,4,14251,16082.74870208113,1831.7487020811295
9,10,2,10703,13011.056253134513,2308.056253134513
1,15,13,17361,16155.877732265908,1205.122267734092
9,14,6,13918,13741.147263527073,176.85273647292706
6,13,11,11967,15064.275887728836,3097.275887728836
9,25,18,16841,16530.62485230835,310.37514769165136
7,19,19,20627,19258.975766028427,1368.0242339715733
12,9,0,15296,14634.24254150456,661.75745849544
10,8,12,13795,14661.782580564062,866.7825805640623
9,11,11,16229,15568.29140985253,660.7085901474693
1,15,14,16811,16163.297006408784,647.702993591216
5,16,1,11881,14326.336572421591,2445.336572421591
5,29,16,16268,16416.984190196043,148.98419019604262
7,31,6,12205,15746.940633251046,3541.940633251046
3,19,20,17057,16496.520945761513,560.4790542384872
11,6,17,17549,16017.131688527421,1531.868311472579
1,21,2,17056,16477.875565835362,578.1244341646379
12,17,2,13853,13014.249799178624,838.750200821376
11,12,17,16027,16248.811907075624,221.81190707562382
5,15,14,14416,15917.33007872536,1501.3300787253593
10,5,20,15241,15388.572822823136,147.57282282313645
8,27,15,19601,17079.274180796903,2521.7258192030968
11,5,23,14716,16496.68368173248,1780.6836817324802
1,11,3,14635,15171.754127776918,536.7541277769178
3,30,18,15874,15853.237549224707,20.762450775293473
2,2,14,16097,16306.662147755747,209.66214775574736
10,8,21,15030,16552.20042503549,1522.2004250354912
1,9,21,18512,16263.78653006144,2248.2134699385606
2,4,20,18504,16353.943262310004,2150.056737689996
9,8,1,13374,13875.36102423401,501.36102423400916
8,26,14,21766,18328.53451867434,3437.46548132566
1,4,21,19856,17613.480457945356,2242.5195420546443
6,14,5,12403,14167.135418323838,1764.1354183238382
11,9,21,17063,17040.691629175453,22.308370824546728
5,2,15,14814,16199.416732312153,1385.4167323121528
3,17,20,18434,16276.311948433296,2157.6880515667035
11,28,20,18674,17210.966262281323,1463.033737718677
9,7,10,13472,16029.572847210076,2557.5728472100764
10,10,12,15860,15939.217628539101,79.2176285391015
5,26,14,18076,18065.122151861517,10.877848138483387
12,10,11,17497,16579.216426182687,917.7835738173126
10,10,16,15908,16652.552529067674,744.5525290676742
5,5,3,12502,13518.899661755368,1016.8996617553676
12,31,13,17702,17009.01894820185,692.9810517981496
1,6,4,12332,15447.392172101649,3115.3921721016486
3,29,19,15861,16249.894246643082,388.8942466430817
7,26,13,20235,17714.14497992433,2520.855020075669
4,22,19,14124,16147.42657962131,2023.4265796213094
10,5,23,15076,16244.512491219302,1168.5124912193023
10,26,7,16147,15581.178934111716,565.8210658882836
11,12,6,14300,14414.387430844881,114.38743084488124
6,30,13,17266,16102.636581444865,1163.3634185551346
4,15,17,14151,16201.932642633232,2050.932642633232
5,4,14,15122,16230.212980290526,1108.2129802905256
7,14,16,17216,17636.840195510456,420.8401955104564
9,16,12,18671,17504.90242386859,1166.0975761314112
11,26,19,19931,16610.768539923873,3320.2314600761274
10,15,18,16598,16310.40349795587,287.59650204413083
1,3,13,17753,16443.628059784067,1309.3719402159331
4,10,6,14090,15310.66169185662,1220.6616918566197
8,22,23,15027,15395.948300621685,368.9483006216851
9,29,18,17766,17053.72769821934,712.2723017806602
6,21,7,13112,13830.797708232702,718.7977082327016
2,23,12,17808,16549.21617378687,1258.78382621313
6,10,5,11278,13414.695839407776,2136.6958394077756
10,7,8,13625,13691.848728903426,66.84872890342558
1,13,14,17376,16151.785229254067,1224.2147707459335
6,6,4,11651,14143.47763560935,2492.47763560935
5,23,13,15580,16051.453485696715,471.4534856967148
8,6,22,16269,15929.762620953039,339.237379046961
12,18,22,17672,17390.137992606906,281.86200739309425
7,19,11,20203,17958.98810319239,2244.0118968076094
11,12,13,16136,15753.309114937643,382.69088506235676
6,19,13,16916,17055.368203780596,139.36820378059565
12,13,14,17143,16019.184756290353,1123.815243709647
6,1,20,14134,16334.198362378389,2200.198362378389
11,25,20,19346,17105.482248689757,2240.5177513102426
1,3,13,17506,16797.679857901017,708.3201420989826
3,7,1,14699,16406.049172997857,1707.0491729978567
10,16,6,13634,13700.508660595635,66.50866059563486
1,7,19,18988,17303.78722432907,1684.2127756709306
8,14,14,16420,16589.663053363285,169.66305336328514
12,22,9,18173,16617.355153078166,1555.644846921834
8,28,4,12342,13268.768710153832,926.7687101538322
3,30,22,15783,16313.037506237142,530.0375062371422
8,24,2,11731,13253.658992111003,1522.6589921110026
2,25,14,18533,17430.2474030913,1102.7525969087
8,7,14,19836,17088.578302607362,2747.4216973926377
6,19,4,12723,14458.320684212173,1735.3206842121726
11,29,10,17743,16939.263094355196,803.7369056448042
8,17,23,16812,16451.89361876815,360.1063812318498
4,16,23,12507,16301.782914635196,3794.782914635196
4,10,17,15426,16204.570301288233,778.5703012882332
2,15,11,17230,16537.954295435316,692.0457045646835
1,21,14,17352,17220.727642750153,131.27235724984712
7,14,19,19343,17199.770203470875,2143.2297965291255
12,22,18,18941,17109.37847873998,1831.6215212600182
9,19,19,15614,15938.015187966248,324.01518796624805
4,28,8,15447,15978.059329662672,531.0593296626721
4,10,10,14183,15810.468771984888,1627.468771984888
4,4,16,15059,15862.271393049345,803.2713930493446
8,13,10,18775,16372.915662075153,2402.084337924847
12,24,12,15876,17084.386186188578,1208.386186188578
10,11,4,10810,14492.608241351907,3682.608241351907
1,20,2,14308,15793.477572764446,1485.4775727644464
5,13,22,15655,16679.386661569908,1024.386661569908
5,11,19,15197,15863.601321253393,666.6013212533926
5,16,20,15843,15964.805037168207,121.80503716820749
12,7,0,15491,15470.394786382236,20.605213617764093
10,10,7,12738,16133.10132784511,3395.10132784511
1,27,11,17160,16338.412054140725,821.5879458592754
8,16,17,18440,16534.931601526965,1905.068398473035
5,20,8,13265,15188.968689801168,1923.9686898011678
6,22,10,13999,14748.53435984043,749.5343598404306
8,15,1,13443,14414.227292943919,971.2272929439187
5,30,11,11683,15673.407823693778,3990.4078236937785
8,3,3,12270,14581.846275231543,2311.8462752315427
3,13,6,12004,14759.098160228552,2755.098160228552
8,2,2,13796,14838.03869035139,1042.03869035139
10,9,18,15398,16207.643201191564,809.643201191564
2,20,9,18379,17161.026092580596,1217.973907419404
7,26,16,19201,18168.4096481678,1032.5903518322011
9,23,21,18330,17255.752714670125,1074.247285329875
6,20,3,11678,14040.681771654301,2362.681771654301
4,15,18,15223,16161.530431502219,938.5304315022186
10,2,0,13403,14870.03688132538,1467.0368813253808
4,26,21,14908,16036.162561550374,1128.1625615503744
4,26,4,12167,13860.7792006098,1693.7792006098007
3,27,21,17998,17145.795252557116,852.2047474428837
6,22,17,16512,16639.43421314033,127.43421314032821
12,24,17,17705,16921.8269685327,783.1730314673005
10,19,15,15633,15595.911219289299,37.08878071070103
9,10,1,14134,14849.077763648309,715.077763648309
3,4,10,19943,16266.713989693055,3676.286010306945
8,16,21,18637,16355.704410279846,2281.2955897201537
11,29,5,12501,15422.450519665297,2921.450519665297
3,11,13,14725,15525.245621593813,800.2456215938128
11,2,13,15269,16026.324536233511,757.324536233511
5,15,0,13994,15836.238788624705,1842.2387886247052
7,21,14,18388,17728.826912438362,659.1730875616377
3,29,2,12935,14513.484586135053,1578.4845861350532
5,9,17,14936,16185.88070474319,1249.8807047431892
9,5,16,19875,18154.27477724841,1720.7252227515892
10,1,14,14294,16072.384490705246,1778.3844907052462
8,15,14,17312,16261.091748015402,1050.9082519845979
11,5,22,15222,15983.883503418336,761.8835034183357
9,29,13,14003,15279.979767145865,1276.9797671458655
11,23,20,18157,16524.001046371224,1632.9989536287758
2,24,18,17750,16367.24148195874,1382.7585180412607
6,13,22,14570,16440.587903301544,1870.5879033015444
7,24,3,14294,15741.96853659477,1447.9685365947698
8,4,17,17861,16852.192128139166,1008.807871860834
9,11,22,15868,16229.68304870591,361.68304870591055
7,23,17,18417,17440.39794926525,976.6020507347494
11,2,7,15990,13882.92248691683,2107.07751308317
8,2,9,20088,16317.127902138647,3770.872097861353
6,26,9,14992,14712.949379753925,279.0506202460747
12,13,11,18313,17383.96372517056,929.0362748294392
3,12,20,20318,16773.409159607614,3544.590840392386
6,18,21,18045,17020.769675569638,1024.230324430362
3,27,10,16261,15969.633081476542,291.36691852345757
7,9,13,16543,16759.638947155298,216.6389471552975
11,6,14,16756,15527.448851631605,1228.551148368395
4,17,17,13556,15868.118116074587,2312.1181160745873
5,20,12,15639,15575.730136599961,63.26986340003896
8,26,0,12443,14661.869535067155,2218.869535067155
12,2,2,13233,14707.908964636286,1474.9089646362863
6,5,6,11942,15929.559083071606,3987.5590830716064
5,13,23,13171,15298.622871007487,2127.6228710074865
10,28,22,14395,16214.502047587546,1819.5020475875463
8,9,3,11593,13648.961210982765,2055.961210982765
3,17,11,14926,15731.499684837578,805.4996848375777
9,10,4,13014,13343.519002697263,329.5190026972632
9,29,12,15085,14828.36952220883,256.63047779117005
7,29,0,16052,15886.741453162218,165.25854683778198
5,13,17,12875,16126.24962613181,3251.24962613181
4,15,21,15310,16019.107004951493,709.1070049514929
7,19,11,17077,16178.53466085784,898.4653391421598
10,17,4,10779,14480.848158389526,3701.8481583895264
12,25,7,11528,16093.686391201782,4565.686391201782
1,21,22,16563,16986.311386646896,423.3113866468957
4,18,7,16464,16505.062446919488,41.06244691948814
11,17,21,17564,17145.625693549395,418.3743064506052
3,2,14,17478,17157.437049550288,320.56295044971193
10,25,15,14343,16182.980946127149,1839.9809461271489
11,21,7,13330,15569.808665807283,2239.8086658072825
12,25,3,13119,16197.824000378228,3078.8240003782284
3,24,3,13268,15336.912837317112,2068.9128373171116
4,1,11,16373,16544.998267087787,171.9982670877871
7,23,15,17755,17926.553088735516,171.5530887355162
4,8,12,13575,15709.939036226628,2134.9390362266276
3,31,7,16534,15789.27299933809,744.7270006619092
2,14,6,15761,16484.627768482776,723.6277684827764
12,22,16,18026,17408.799916475622,617.200083524378
6,10,17,15842,17905.043175921284,2063.0431759212843
9,17,17,16041,16212.939179527331,171.93917952733136
3,3,6,15842,17045.842584718976,1203.8425847189756
3,5,23,15431,17489.058708760927,2058.0587087609274
4,19,13,12532,15875.61872191499,3343.6187219149906
11,7,1,13310,12695.926388895099,614.0736111049009
4,3,9,16187,15976.61929403235,210.3807059676492
8,2,14,16349,17683.742195646784,1334.7421956467842
6,17,4,11929,14478.282818372203,2549.282818372203
7,24,4,14011,15503.229656496389,1492.229656496389
6,25,7,14065,13766.08466865855,298.9153313414499
4,27,11,14224,15727.591673543815,1503.591673543815
6,10,16,19686,18177.159660813406,1508.840339186594
12,19,1,14746,14596.994326272044,149.00567372795558
4,1,8,16057,16123.602345253794,66.60234525379383
11,28,21,19144,17263.27151236739,1880.7284876326084
4,22,19,14936,16044.524898227195,1108.524898227195
9,22,11,13166,14684.255212222593,1518.2552122225934
1,18,16,18360,16937.545479802837,1422.4545201971632
2,5,8,16771,16339.533924577938,431.4660754220622
2,18,20,19427,17589.640099837376,1837.3599001626244
12,24,17,16422,17013.911696420288,591.9116964202876
9,5,8,13483,14929.068304728627,1446.0683047286275
5,10,21,15570,15681.432559157736,111.43255915773625
1,20,20,16958,16672.235433865484,285.7645661345159
3,28,4,12491,14164.87657140641,1673.8765714064102
8,22,4,13607,14954.897570215271,1347.8975702152711
9,29,1,11966,13570.2094975898,1604.2094975897999
2,25,14,14777,16126.312761355173,1349.3127613551733
11,11,17,17288,15938.672376530387,1349.3276234696132
2,14,17,17597,17416.207157160297,180.79284283970264
3,19,21,15636,15685.100358369626,49.10035836962561
1,7,0,17159,16378.789388439358,780.2106115606421
8,18,4,12953,15045.518595525647,2092.5185955256475
8,9,18,19352,16836.26606319696,2515.7339368030407
4,15,21,14983,16416.40553685655,1433.4055368565496
9,9,13,14650,15534.203138695395,884.203138695395
1,20,1,14761,14909.560506933021,148.56050693302132
6,1,20,20634,17383.343385259926,3250.6566147400736
9,25,18,16427,16042.272672545658,384.72732745434223
5,8,23,13027,15754.770160676971,2727.7701606769715
8,29,20,17780,16697.07155653144,1082.9284434685615
4,1,11,13233,15963.92710970781,2730.927109707811
3,19,8,17685,16927.90920772306,757.0907922769402
6,9,9,15904,14617.614469891618,1286.3855301083822
11,6,15,15333,15380.382573286834,47.382573286833576
12,30,23,15530,16784.47153842542,1254.4715384254196
11,16,17,17159,16815.143354687843,343.8566453121566
10,13,11,12516,14463.013980632428,1947.0139806324278
7,22,22,19543,18464.012793605285,1078.987206394715
3,1,13,17072,16567.93726772634,504.0627322736582
7,18,17,20468,17318.859004618436,3149.1409953815637
3,23,6,15568,15374.719798698388,193.28020130161167
9,3,11,17670,16083.305854724269,1586.694145275731
11,17,18,17534,17473.399599345397,60.60040065460271
1,10,2,14289,15107.605623363168,818.605623363168
10,11,2,12602,13001.911087799323,399.91108779932256
5,28,14,14769,16280.13387457803,1511.1338745780304
12,2,13,16328,16171.160632631996,156.83936736800388
6,19,17,23852,17712.091399105935,6139.908600894065
9,10,1,12076,12502.913933456715,426.9139334567153
9,28,10,14840,15359.476325360984,519.4763253609835
2,2,9,18050,16291.622948291428,1758.3770517085723
1,10,1,14709,14503.471037924124,205.52896207587582
1,7,7,19030,16697.999654040363,2332.0003459596373
7,14,19,20081,18550.905749781763,1530.094250218237
2,22,16,18631,17210.072913051084,1420.9270869489155
5,8,21,14076,15878.2956988841,1802.2956988840997
11,24,7,16360,16210.941871879186,149.05812812081422
11,22,9,16490,16707.013828479765,217.01382847976492
5,14,19,14039,16055.615166835001,2016.6151668350012
7,28,16,16960,16117.966625347617,842.0333746523829
2,17,11,18307,17082.422870028633,1224.577129971367
6,7,21,15480,15478.438340361376,1.5616596386244055
12,19,20,19424,17400.643963316783,2023.356036683217
11,14,20,15912,16312.887072134754,400.8870721347539
5,5,7,15058,13684.108127961972,1373.891872038028
7,2,13,20283,17672.26037955533,2610.7396204446704
12,12,21,21130,17695.984903486817,3434.0150965131834
9,24,4,12330,12735.934153378206,405.93415337820625
3,1,11,15728,15967.447732115206,239.44773211520624
7,12,22,17753,16455.67913892205,1297.3208610779511
8,23,21,16704,16376.87558660396,327.12441339604084
8,6,1,15713,16218.661307792221,505.6613077922211
11,28,15,14806,15647.427119106658,841.4271191066582
9,30,19,16210,17130.24326179026,920.2432617902596
7,28,17,21551,17896.956643328882,3654.043356671118
12,28,11,18676,16845.49974195524,1830.5002580447617
2,13,2,15297,16326.83193538177,1029.8319353817697
2,6,11,18195,17276.94617197067,918.0538280293295
1,25,14,16948,16405.725812965,542.2741870350001
1,25,18,19332,17281.15669511896,2050.8433048810402
6,16,18,19274,17013.725044352675,2260.2749556473245
6,22,7,16948,15637.112026202003,1310.887973797997
12,22,1,14430,15052.124397072828,622.1243970728283
4,17,0,13409,15473.707586369406,2064.7075863694063
10,2,16,17541,16428.149523117267,1112.8504768827333
12,13,12,18563,17106.231812623017,1456.7681873769834
4,1,17,15417,15627.604456472534,210.60445647253437
8,13,1,12239,12948.641058863403,709.6410588634026
11,4,16,14175,16368.043085699472,2193.0430856994717
11,20,1,12838,14769.20851570736,1931.2085157073598
5,24,7,11285,16117.8337526637,4832.833752663701
1,14,16,18292,17458.636332058588,833.3636679414121
6,30,8,13386,14593.08139305549,1207.0813930554905
12,12,18,19605,17076.654618674154,2528.3453813258457
11,12,9,15415,15631.3403553776,216.34035537760064
1,5,9,15072,16023.134155095333,951.134155095333
10,17,6,13521,14994.277062532437,1473.2770625324374
7,2,21,15443,16653.78997490716,1210.7899749071585
8,29,21,19715,16974.301904761,2740.6980952390004
4,28,20,16069,16150.664965171072,81.66496517107225
12,30,23,14888,16360.201420600048,1472.2014206000476
9,7,9,15971,14329.134521998607,1641.865478001393
11,28,23,14920,15925.79034334145,1005.7903433414504
3,22,18,16995,16627.066727686542,367.93327231345756
9,27,15,14149,16272.711226527552,2123.711226527552
7,12,3,12551,14605.938190954683,2054.938190954683
3,30,14,16121,16052.542539049511,68.4574609504889
7,1,7,15381,16076.692104533657,695.6921045336567
9,2,9,18703,15326.292163124426,3376.707836875574
8,1,22,17760,17183.516631661674,576.4833683383258
7,5,16,20373,17814.23366951844,2558.7663304815615
4,2,15,16106,16276.580036271851,170.580036271851
10,13,17,14322,15530.555720089842,1208.555720089842
1,11,2,15604,17241.02920570151,1637.0292057015104
10,27,10,15525,15824.177768957301,299.17776895730094
2,21,23,15831,16278.124493183856,447.1244931838555
11,4,15,15186,16144.895471957396,958.8954719573958
9,30,14,14900,16688.870947252923,1788.8709472529226
2,15,14,18272,17410.685815766257,861.3141842337427
9,20,1,11946,13431.131988969084,1485.131988969084
2,11,11,17844,16864.96600723751,979.0339927624882
7,9,15,20446,17444.43273983761,3001.5672601623883
8,31,22,16595,16319.784831293164,275.21516870683627
6,9,0,12971,13949.801339619898,978.8013396198985
1,3,16,18476,17404.608750588803,1071.3912494111974
12,5,17,19760,17133.696667417204,2626.3033325827964
12,17,9,16159,16483.7118958189,324.7118958188985
7,16,12,20147,18173.626689806682,1973.3733101933176
7,5,11,22158,18395.595231269916,3762.4047687300845
10,10,14,12525,15998.527090974527,3473.527090974527
11,20,13,15488,16443.347769772066,955.3477697720664
1,3,0,14236,15502.490361178137,1266.4903611781374
9,12,6,12094,13919.597235474932,1825.597235474932
9,28,20,14569,15644.77609470996,1075.7760947099596
2,24,15,15139,16084.71979116493,945.7197911649291
7,26,1,14970,15780.387458340036,810.3874583400357
12,4,16,16988,16228.527164453179,759.4728355468214
10,18,17,15391,15811.49155567729,420.4915556772903
7,26,21,19605,17631.982111737576,1973.017888262424
7,30,8,17645,15858.563627644353,1786.436372355647
8,30,4,12935,15217.811829269325,2282.8118292693252
1,3,9,18464,16658.82665021627,1805.1733497837304
5,20,5,10867,15427.368688757655,4560.368688757655
12,14,7,15357,15206.906886919922,150.09311308007818
6,5,1,12635,14006.166458196974,1371.1664581969744
12,21,5,14588,15345.828237838183,757.8282378381828
7,9,12,23236,17810.44419397127,5425.555806028729
3,6,16,18039,16517.121041073322,1521.878958926678
4,23,22,14357,16230.566646920768,1873.566646920768
10,2,8,15486,15210.71933198772,275.2806680122794
11,12,5,12901,15772.380021223897,2871.3800212238966
9,6,20,16120,15744.113386529027,375.8866134709733
9,8,2,11231,13521.418832263655,2290.4188322636546
12,16,20,19606,16810.442548231436,2795.5574517685636
3,26,4,12030,14583.539109398675,2553.5391093986746
3,22,3,13684,16145.885846834792,2461.8858468347917
9,14,14,14945,16468.34596725976,1523.34596725976
12,27,19,17946,16789.95830119941,1156.041698800589
4,10,23,14308,16882.897631403917,2574.8976314039173
8,9,19,19147,17289.318855692163,1857.6811443078368
6,4,17,17662,17168.072999202283,493.9270007977175
9,25,18,16751,16965.709295975437,214.70929597543727
8,12,20,20770,17961.68179483998,2808.3182051600197
6,28,1,13297,14833.020030481293,1536.0200304812934
8,14,10,16793,15225.67524687312,1567.3247531268808
4,30,8,13235,15540.456049685894,2305.456049685894
2,14,8,19291,16803.42181412604,2487.578185873961
12,19,23,16524,16740.828773947775,216.8287739477746
5,31,12,19496,17766.453343316087,1729.5466566839132
1,3,6,13869,16410.917059787465,2541.9170597874654
7,9,20,18014,18249.40208572434,235.4020857243413
8,2,22,14749,16331.436577237919,1582.4365772379188
6,3,4,11507,13463.182030959955,1956.1820309599552
9,20,13,15849,15201.554336568048,647.4456634319522
10,1,4,11804,14383.487542723655,2579.4875427236548
7,16,4,11686,14572.639124825251,2886.639124825251
11,26,7,12955,15823.107851185634,2868.107851185634
4,18,12,12504,15640.903463416375,3136.9034634163745
1,4,4,12814,15635.436842232482,2821.4368422324824
9,19,8,14720,14534.960278153088,185.03972184691156
11,1,18,16818,15851.839857471216,966.1601425287845
2,2,6,16693,16371.78820877297,321.2117912270296
11,24,5,14737,15609.066999674425,872.0669996744255
12,24,7,14959,16069.761335484425,1110.7613354844252
7,16,2,12644,13357.23531568185,713.2353156818499
12,28,2,12976,15049.060838486996,2073.0608384869956
6,3,12,16870,16368.094224651928,501.905775348072
4,18,19,15241,15940.48765167629,699.4876516762906
7,13,8,17573,15473.68158599384,2099.3184140061603
3,7,7,15092,17003.543530253843,1911.5435302538426
5,16,2,11658,14069.32811663641,2411.3281166364104
4,25,20,16009,15582.055168057492,426.94483194250824
6,29,18,17415,16666.452203671273,748.5477963287267
12,4,6,15048,14405.721025080364,642.2789749196363
3,19,0,13826,15772.146790096911,1946.146790096911
9,17,9,15513,14945.57747091588,567.4225290841205
4,25,23,14202,16652.969659010523,2450.969659010523
3,28,5,15425,16953.69495658369,1528.6949565836912
9,17,6,13474,13713.72962065443,239.72962065443062
10,19,1,12132,12860.44194376086,728.4419437608594
3,21,1,13938,15526.134613951084,1588.1346139510842
4,23,11,14792,15965.304125797744,1173.3041257977438
7,31,7,15101,13814.428789956854,1286.5712100431465
2,25,14,14879,16190.624621556184,1311.6246215561841
4,18,5,11459,15176.983582379518,3717.9835823795183
1,6,23,18723,16642.051331962954,2080.9486680370464
9,9,17,19307,17307.441001753534,1999.5589982464662
7,29,17,16865,16353.383605220326,511.616394779674
5,17,23,11306,16097.15570248953,4791.15570248953
9,4,20,18306,17165.198773062726,1140.801226937274
8,25,23,14376,15233.88073145005,857.88073145005
9,5,2,14945,14818.785413961588,126.21458603841165
6,16,15,15288,16198.937952820828,910.9379528208283
2,17,7,16153,15477.918578347048,675.0814216529525
12,16,15,17108,17155.585941727713,47.58594172771336
9,11,5,11962,14140.456886078631,2178.456886078631
4,17,12,13969,16185.943021569456,2216.9430215694556
2,27,20,16866,17143.252108356555,277.25210835655525
1,5,20,19573,18327.55775723256,1245.44224276744
12,22,1,14742,14245.976293192472,496.02370680752756
4,22,11,13554,16312.544837556292,2758.544837556292
7,18,7,16555,15796.879604323183,758.1203956768168
9,1,9,17708,15312.026146604965,2395.973853395035
1,27,11,17019,16751.011761432586,267.98823856741365
4,25,7,15110,14926.15916375531,183.84083624468985
7,23,16,20361,17785.155872367082,2575.8441276329177
3,31,16,14006,16157.59300038968,2151.593000389679
4,27,22,14028,16200.811141615599,2172.811141615599
7,12,6,14440,14039.627619298242,400.3723807017577
11,3,15,16035,16158.591149975271,123.59114997527104
1,8,16,17234,16573.466838130043,660.5331618699565
6,18,14,14875,16856.78054817405,1981.7805481740506
4,20,9,13686,14640.985201871916,954.9852018719157
8,26,20,20351,18575.317974691403,1775.682025308597
3,7,19,18265,16314.104018550766,1950.8959814492337
7,1,17,20332,16435.025538916412,3896.974461083588
5,31,7,13101,14780.215427169136,1679.215427169136
9,23,16,13941,15636.215199983086,1695.2151999830858
5,8,6,13102,15169.95544418549,2067.9554441854907
6,23,22,16007,16617.9280645867,610.9280645867002
6,21,6,13520,13789.218175459926,269.218175459926
4,28,17,14492,16069.331221735194,1577.331221735194
9,28,22,13967,15136.303574625223,1169.3035746252226
1,26,13,16918,17333.424437040892,415.42443704089237
3,12,19,16972,15997.241587115563,974.7584128844373
2,19,9,17931,16286.509246831505,1644.4907531684948
8,6,14,21039,17530.067630590078,3508.932369409922
11,25,18,19260,16189.202692795287,3070.7973072047134
3,15,22,16170,16787.032392235,617.0323922349999
6,13,17,12820,15440.600366716539,2620.6003667165387
12,27,12,15674,16955.50589795569,1281.5058979556889
3,9,6,15109,15838.055955430045,729.0559554300453
6,20,21,21381,16988.46616843897,4392.533831561032
7,2,19,19426,16853.07495983143,2572.9250401685713
12,11,13,18973,17163.947220767484,1809.0527792325156
6,15,21,16803,16239.346682121935,563.6533178780646
11,3,6,13304,15308.81546200795,2004.8154620079495
4,26,13,14005,15961.199076792716,1956.1990767927164
12,24,1,14266,15551.180996574447,1285.180996574447
12,23,19,17205,15236.929839716842,1968.0701602831577
6,9,15,14274,15263.124266486646,989.1242664866459
11,25,12,18243,16487.169060387463,1755.830939612537
12,3,20,16790,16683.9528180035,106.0471819964987
1,16,11,15646,16333.30259103979,687.3025910397901
1,8,0,15521,15370.281767548771,150.7182324512287
3,5,15,15576,16217.562571929162,641.562571929162
12,16,16,17203,17555.232136927312,352.23213692731224
1,2,13,15724,16541.737779330288,817.7377793302876
11,25,10,14968,15368.725928915888,400.7259289158883
8,7,13,16987,17359.825934734392,372.8259347343919
2,21,20,17377,16400.570954029143,976.4290459708573
10,5,17,16174,16240.86913564641,66.86913564640963
4,13,2,11789,14712.756351553802,2923.7563515538022
10,12,21,15418,15193.006912916007,224.99308708399258
9,17,20,17917,17194.292906999715,722.7070930002847
6,8,22,14932,15826.020645741311,894.0206457413115
2,16,13,18457,16852.902573441163,1604.0974265588375
10,29,1,12693,14646.355524653649,1953.355524653649
11,14,14,16178,16144.406347058391,33.593652941608525
6,7,2,13718,16142.61924021846,2424.6192402184606
8,11,8,16635,14839.2929942413,1795.7070057587007
12,24,14,16181,16952.624800787984,771.624800787984
1,18,7,16643,16345.11085231458,297.88914768542054
10,27,14,14891,15794.443807896301,903.4438078963012
3,20,21,16715,16446.374723958852,268.625276041148
2,12,11,19272,16895.18682559935,2376.8131744006496
2,17,0,14900,15465.77266286235,565.7726628623495
1,9,2,14375,15048.106728451636,673.1067284516357
4,7,14,16070,15999.869748933856,70.13025106614441
1,18,9,17913,16822.831981135558,1090.1680188644423
10,22,9,15907,15064.52254928562,842.4774507143793
5,3,7,14786,13627.282217087768,1158.717782912232
11,24,3,13809,13985.050423995985,176.0504239959846
7,8,8,17515,15561.92141388614,1953.0785861138593
12,2,14,16320,16142.455351649523,177.54464835047656
6,17,18,17066,16349.136185182575,716.863814817425
4,20,13,15466,15994.8942312209,528.8942312209001
8,6,11,15017,16611.292317924806,1594.2923179248064
5,29,16,17278,16244.351227100233,1033.6487728997672
11,11,13,14659,16111.224695154633,1452.224695154633
6,1,1,11727,15723.004476802495,3996.0044768024945
2,8,16,17998,16792.76577925287,1205.2342207471302
3,21,2,13160,15048.946498038236,1888.9464980382363
10,30,7,16246,15033.054765149935,1212.9452348500654
4,29,15,12458,16151.720219681476,3693.720219681476
9,7,18,15118,15738.057219082273,620.0572190822731
1,24,7,16783,16964.331698250728,181.33169825072764
11,27,17,17039,16133.13920544134,905.8607945586591
1,8,2,14460,15354.26562529676,894.2656252967608
6,28,16,19142,17041.667761757937,2100.332238242063
7,27,9,17214,15490.384570539762,1723.6154294602384
4,3,20,16321,16386.341409864428,65.34140986442799
2,11,3,14996,15683.220240207778,687.2202402077783
8,5,18,19745,16832.554046960548,2912.4459530394524
4,27,22,14563,16158.793696110923,1595.7936961109226
2,14,11,17626,17220.339930995782,405.6600690042178
2,25,15,13945,15994.366615730029,2049.3666157300286
2,21,22,16577,16524.972308182143,52.027691817856976
12,26,4,10951,15960.904439544329,5009.904439544329
9,5,12,14381,15818.567929363835,1437.567929363835
6,20,23,14328,16232.020052567706,1904.0200525677064
10,20,2,11416,14086.174596589779,2670.174596589779
9,5,17,14579,16133.741232967544,1554.7412329675444
9,11,0,13532,15166.000434876107,1634.0004348761067
5,2,1,11324,15702.70787644217,4378.707876442169
9,8,11,13412,15446.545373885649,2034.5453738856486
9,13,1,13991,13567.047551380765,423.95244861923493
12,7,17,18497,16829.324793036827,1667.675206963173
10,1,5,11695,13854.837116218185,2159.8371162181847
6,15,15,13788,15993.81901551181,2205.81901551181
8,30,21,19296,17228.87005045288,2067.129949547121
1,5,18,19536,17223.566898103396,2312.433101896604
8,18,2,13443,14386.997809213786,943.9978092137862
8,8,5,12106,12720.751985392413,614.7519853924132
4,7,22,15073,16282.88811108483,1209.8881110848306
7,11,4,12101,13144.546519817273,1043.5465198172733
12,18,2,14474,14826.642013350009,352.6420133500087
7,15,9,16194,15069.610362072688,1124.389637927312
12,17,14,18017,16834.886965026144,1182.113034973856
3,31,10,15345,16187.846030848903,842.846030848903
4,13,4,10783,15814.734228802537,5031.7342288025375
6,27,19,20771,17957.38298031065,2813.617019689351
9,24,8,12457,14585.65200949293,2128.652009492929
11,5,21,15566,16521.214721606666,955.214721606666
10,16,4,13288,14048.197939419095,760.1979394190948
9,7,7,17991,14795.757260289614,3195.2427397103856
7,19,23,15657,16296.592561686026,639.5925616860259
7,8,5,12999,13933.697603946182,934.6976039461824
11,8,2,12225,14426.402277912513,2201.4022779125135
12,20,12,18107,17296.934512614265,810.0654873857347
9,1,20,21366,17982.6698872707,3383.3301127293016
4,27,8,13505,15587.646955208987,2082.6469552089875
12,24,1,15077,16044.692400126834,967.6924001268344
1,15,10,18144,17323.60975518609,820.3902448139088
7,10,17,15949,16350.401363186671,401.401363186671
12,13,11,17650,16917.785140569253,732.2148594307473
3,29,18,15385,16237.498400882843,852.4984008828433
6,20,19,19591,16768.610621658278,2822.3893783417225
7,24,17,17926,16323.48789219715,1602.5121078028496
6,17,7,12490,12753.846091628051,263.846091628051
11,22,22,17586,18005.599563786036,419.599563786036
8,25,12,14998,15382.474242441036,384.47424244103604
8,19,13,14617,16538.081686894904,1921.0816868949041
2,6,11,17417,17063.630140619916,353.36985938008365
10,19,20,14580,15115.271237200166,535.2712372001661
1,8,11,17092,17683.40011376607,591.4001137660707
6,2,2,11985,13078.639296570569,1093.639296570569
8,24,13,15907,17003.137974248915,1096.1379742489153
11,27,5,12682,14366.181945936867,1684.1819459368671
10,24,21,17248,16624.93694007602,623.0630599239812
4,16,11,17113,17143.376439864664,30.376439864663553
6,24,21,19265,17851.077236863854,1413.9227631361464
6,27,5,14754,15945.660527740376,1191.660527740376
8,5,5,14059,14668.599672148968,609.5996721489682
3,2,1,14316,15765.368133897271,1449.368133897271
3,8,2,14551,14951.509243328775,400.5092433287755
11,7,22,15512,15914.282580409928,402.2825804099284
2,18,10,16454,16670.045831133462,216.04583113346234
12,9,4,13157,15894.895846075433,2737.895846075433
11,25,5,14385,15985.096782305287,1600.096782305287
1,8,19,19857,17896.864557842302,1960.135442157698
7,27,9,16597,15416.8982458238,1180.1017541761994
10,14,13,13327,15924.931079550945,2597.9310795509446
12,11,21,18574,17335.48713719113,1238.5128628088714
4,17,23,13321,16161.578056777298,2840.578056777298
2,8,23,16784,16729.3838677419,54.61613225809924
6,29,22,17847,16823.63698555458,1023.3630144454182
6,30,12,14490,16186.663528445873,1696.6635284458735
3,15,19,17025,14981.157363579712,2043.8426364202878
8,12,2,13385,13964.90315192343,579.9031519234304
2,7,0,15929,15260.582376633882,668.4176233661183
3,19,11,16445,16388.2947117466,56.705288253400795
7,28,6,12895,14060.335361325331,1165.3353613253312
9,14,4,13032,15036.499229178968,2004.4992291789677
8,16,4,13160,14055.745644779789,895.7456447797886
10,30,10,13351,16038.551950511372,2687.5519505113716
1,11,11,17450,16750.09732495781,699.9026750421908
3,11,0,14552,15517.02517245689,965.0251724568898
6,21,22,18265,17128.093994266554,1136.9060057334464
5,4,12,15089,16155.354790710511,1066.3547907105112
5,23,3,11837,15205.532258006297,3368.5322580062966
1,31,10,19314,17171.602981478933,2142.3970185210674
4,26,7,14556,15198.084356196065,642.0843561960646
12,2,2,15033,15038.163894526222,5.163894526222066
10,2,18,16678,16320.518897667029,357.4811023329712
7,10,14,20378,17044.35187694928,3333.6481230507197
10,11,19,16335,16095.796483228982,239.20351677101826
5,26,1,13728,14588.737609993757,860.7376099937574
4,27,20,15202,15969.725110896263,767.7251108962628
7,20,18,20104,17451.03747036499,2652.9625296350096
12,11,15,15687,15980.21241490635,293.2124149063493
8,2,18,16785,16889.024006760195,104.02400676019533
10,8,22,14930,15230.982873089342,300.9828730893423
5,16,23,13596,15304.106156861119,1708.1061568611185
11,28,2,14417,14465.05257160576,48.05257160576002
5,21,16,13650,16245.62176228768,2595.6217622876793
1,26,15,16949,17343.71730249084,394.71730249084067
8,5,18,17263,17012.448399284032,250.55160071596765
4,1,15,13301,16002.271939618351,2701.271939618351
5,4,13,13942,16116.705162453025,2174.705162453025
3,15,17,16523,15272.991383463755,1250.0086165362445
6,15,22,17820,17611.68004487455,208.3199551254511
10,6,8,15880,14870.715526437101,1009.2844735628987
3,26,11,14360,16161.502669660129,1801.502669660129
3,18,6,16138,16063.38519957827,74.61480042173025
5,12,9,14773,15567.980928516241,794.980928516241
12,13,2,15070,15710.575023190728,640.5750231907277
1,24,18,18945,17149.500668183784,1795.499331816216
5,23,19,15402,15788.116024159219,386.1160241592188
7,15,3,13899,15193.189005254471,1294.1890052544713
11,14,6,14161,14931.009976773083,770.0099767730826
5,1,11,12802,15955.355257715268,3153.3552577152677
4,24,23,12995,16165.886463403182,3170.8864634031816
2,26,0,13830,15482.30044464305,1652.3004446430496
7,30,15,15784,16753.815109431256,969.8151094312561
10,21,4,11688,13368.524664030587,1680.5246640305868
9,11,22,14385,15344.939972752814,959.9399727528144
3,25,5,12766,16057.263209731205,3291.2632097312053
1,23,20,22423,16459.13413553664,5963.8658644633615
5,7,9,12320,15206.78150518166,2886.7815051816597
7,5,11,21262,18084.74337041633,3177.2566295836696
11,4,18,16301,15907.631628630228,393.3683713697719
2,19,16,17736,17740.77644813222,4.77644813221923
6,12,16,17786,16870.843683682055,915.1563163179453
3,22,2,13727,16004.248988440015,2277.2489884400147
7,17,1,14138,15019.82713630069,881.8271363006897
11,2,22,14308,16268.540988340967,1960.5409883409666
8,13,13,20602,17584.83454795393,3017.165452046069
2,19,5,14834,16632.69674804473,1798.696748044731
7,4,11,14072,16159.554361733266,2087.554361733266
4,1,2,12113,15089.055234786307,2976.0552347863068
3,10,22,17289,17130.139654516868,158.86034548313182
4,25,12,15005,16190.392771909159,1185.392771909159
2,19,10,16799,17171.837303307962,372.83730330796243
3,3,15,18832,16343.318873399863,2488.681126600137
2,3,14,16305,16047.347502460469,257.6524975395314
5,9,22,14813,16169.38047477421,1356.3804747742106
1,26,19,19490,17235.25861102612,2254.741388973878
1,10,0,15863,15690.335143761786,172.66485623821427
10,20,11,15987,16103.14981563825,116.14981563824949
2,2,14,17550,17344.556410128836,205.44358987116357
11,1,9,13533,15904.615197460036,2371.615197460036
7,26,16,20043,17240.96269240319,2802.037307596809
8,3,16,20811,17723.468132787268,3087.5318672127323
10,1,0,12410,13021.902822130734,611.9028221307344
6,12,23,13087,15156.90008156073,2069.9000815607305
8,15,14,19726,17349.343693424693,2376.656306575307
3,5,9,16112,15834.714649688947,277.28535031105275
1,2,2,13020,16529.428510238136,3509.4285102381364
10,11,20,16479,15282.660983270664,1196.3390167293364
2,20,16,16532,16010.927910272452,521.0720897275478
7,3,5,11449,15033.295783695521,3584.295783695521
9,20,16,14675,17440.775729981688,2765.7757299816876
11,19,12,16293,15822.210711618734,470.7892883812656
2,9,17,18635,17159.255688562247,1475.744311437753
3,14,1,13294,14854.986638075803,1560.986638075803
12,7,4,14368,15877.634196836156,1509.6341968361558
4,6,6,15449,15767.172145617411,318.17214561741093
2,17,12,18389,17618.90908759485,770.0909124051504
10,19,8,14468,15740.656092306628,1272.6560923066281
7,28,19,20645,16982.57405697025,3662.4259430297498
12,21,1,15362,15716.297734118089,354.29773411808856
3,13,8,15714,17634.270698416956,1920.2706984169563
9,14,6,13443,13058.830889717228,384.1691102827717
6,27,18,18666,17017.242368295985,1648.7576317040148
5,5,8,15025,15456.14486642477,431.14486642476913
7,31,16,23027,17105.32726714684,5921.67273285316
5,11,8,14197,15258.698346001098,1061.698346001098
8,27,4,12459,14127.57035209304,1668.5703520930401
1,11,13,18870,17465.445322961612,1404.554677038388
9,13,18,15722,16753.66675467397,1031.66675467397
1,16,21,18532,16690.492304063322,1841.507695936678
12,23,20,17549,17220.511034418396,328.48896558160413
8,26,6,15045,14033.459013248654,1011.5409867513463
9,15,22,15081,15140.852237276094,59.852237276094456
7,29,9,17491,15740.240205535578,1750.7597944644222
8,24,4,11464,12875.017882153643,1411.0178821536429
7,17,2,11787,13400.934878417704,1613.9348784177037
3,9,19,17649,16886.44879522269,762.5512047773118
3,17,15,16941,16596.578667986018,344.42133201398246
12,7,10,17224,16776.947378818742,447.05262118125756
8,1,20,19054,16860.594835982956,2193.4051640170437
10,8,12,13956,15226.501879555328,1270.5018795553278
9,8,1,11754,12412.25734328197,658.25734328197
7,15,22,16182,16200.457216109748,18.457216109747606
8,15,12,20835,17858.19002684221,2976.8099731577895
2,9,18,18759,16726.751569694243,2032.2484303057572
8,28,3,11520,13700.138740559467,2180.138740559467
8,17,16,20107,18188.89804689355,1918.1019531064485
9,17,22,14915,15767.011880885742,852.0118808857424
11,21,16,16129,15548.012283485106,580.9877165148937
8,19,1,13383,14841.343832134527,1458.3438321345275
10,30,17,17216,16169.200102790694,1046.7998972093064
3,19,11,16167,15916.53693955196,250.46306044804078
12,15,10,18019,16361.483950881136,1657.5160491188635
3,3,17,14706,16224.350403896611,1518.3504038966112
1,25,19,21000,16262.046830221603,4737.953169778397
12,7,6,13744,15087.333927093827,1343.3339270938268
12,8,21,18009,16180.888885977543,1828.1111140224566
11,21,0,15432,15217.29204294394,214.70795705605997
10,13,8,15488,15395.792661480407,92.20733851959267
11,23,10,17121,16623.520000992776,497.47999900722425
12,27,21,17253,16847.12750140187,405.87249859813164
5,31,19,15472,16267.396011602614,795.3960116026137
1,1,4,12892,16546.054762689295,3654.054762689295
8,18,3,13854,15149.306527949147,1295.3065279491475
2,17,4,14731,15571.335209544643,840.3352095446426
6,6,18,16119,16427.856937866465,308.85693786646516
7,16,21,15557,16867.6602252605,1310.6602252605007
4,19,4,10975,15202.55343518456,4227.55343518456
9,3,7,12144,12856.826908127478,712.8269081274775
4,9,18,15951,15837.666195758791,113.33380424120878
5,19,14,14215,15954.044522896116,1739.0445228961162
2,5,13,16362,17021.699103277548,659.6991032775477
12,22,7,15733,14366.370296624591,1366.629703375409
1,8,15,18584,16722.43412364223,1861.5658763577703
2,15,11,17523,17139.319535817795,383.68046418220547
3,30,12,17597,16290.117004953061,1306.882995046939
11,11,15,16705,15753.223833244632,951.7761667553677
6,25,13,19138,17066.138139909213,2071.8618600907866
5,27,11,14741,15484.511373261228,743.5113732612281
6,26,22,17145,16248.924192202612,896.0758077973878
9,21,5,13243,14302.32919119287,1059.32919119287
12,16,12,15960,16420.582703485306,460.5827034853064
11,16,23,14909,16097.43278818385,1188.4327881838508
7,3,18,17908,16875.525332296547,1032.4746677034527
4,30,11,13740,15864.6289909419,2124.6289909418992
4,7,10,16283,16289.061596967382,6.0615969673817744
3,31,19,16830,16592.439003760017,237.56099623998307
1,1,0,14942,16555.807964132637,1613.8079641326367
1,9,20,18109,16717.075058992345,1391.9249410076554
9,17,17,17706,17735.71789246631,29.717892466309422
3,12,13,15053,16146.57066594275,1093.5706659427506
3,12,4,14073,14907.034933166695,834.0349331666948
6,3,20,15603,16285.66081622898,682.6608162289795
4,15,7,12440,16231.781684730406,3791.7816847304057
10,27,22,14122,15909.584297447534,1787.5842974475345
12,7,3,14612,15346.345958372809,734.345958372809
10,10,13,15952,16079.290198601553,127.29019860155313
10,23,6,14843,14611.240899500546,231.75910049945378
6,17,5,12939,14833.7882064632,1894.7882064631995
7,16,6,12747,14965.101761116457,2218.101761116457
9,20,11,17357,16011.178688068854,1345.8213119311458
8,26,14,20821,18163.991432420666,2657.0085675793343
5,19,20,16073,16120.394876647113,47.39487664711305
3,31,7,14162,14609.052365602724,447.0523656027235
12,25,10,17020,16669.087835978044,350.9121640219564
12,27,11,16384,16356.853007154017,27.146992845982822
10,17,22,14591,15472.383220635924,881.3832206359239
2,26,7,15225,16854.43531555911,1629.4353155591089
10,28,16,16286,16269.922023009076,16.07797699092407
4,4,1,13500,14933.197333371016,1433.1973333710157
10,18,3,12142,12797.43738655611,655.4373865561101
4,28,23,13581,15820.004168859612,2239.004168859612
2,26,23,14921,16664.812219130257,1743.8122191302573
11,8,13,14804,15714.68154266143,910.6815426614303
1,25,13,18247,16782.063206789073,1464.9367932109271
5,8,15,12982,16092.9896999044,3110.9896999043995
6,13,12,16866,16257.384207361487,608.6157926385131
9,12,18,17395,18094.169719048397,699.1697190483974
2,8,10,17477,15711.287262301392,1765.7127376986082
12,19,6,16938,16287.417804274246,650.582195725754
12,3,18,19404,16824.484425815514,2579.5155741844865
12,27,2,12197,14099.75586606059,1902.75586606059
5,6,4,11185,13729.380693234185,2544.380693234185
3,6,3,13282,14226.952651686152,944.9526516861515
11,15,7,15481,15472.957786177241,8.04221382275864
8,12,1,13233,14046.451593491616,813.4515934916162
7,15,8,15536,14475.515546519526,1060.4844534804743
11,5,10,14651,15916.236227042164,1265.2362270421636
3,31,6,14263,15375.702857163133,1112.7028571631326
4,26,11,14850,15462.629666683199,612.6296666831986
3,20,16,13817,16149.136471416909,2332.1364714169085
1,13,13,17342,16768.782820321558,573.2171796784423
11,27,13,16906,16409.65349382294,496.3465061770585
11,12,0,13154,14726.314695437064,1572.314695437064
7,30,3,15645,15315.910834047598,329.08916595240225
12,19,9,19060,16571.586495787116,2488.4135042128837
9,29,3,11624,13635.077996468932,2011.0779964689318
7,17,4,14088,14942.614705186357,854.6147051863572
11,29,18,20113,17349.05431286049,2763.9456871395087
3,5,15,15777,16188.437735417443,411.43773541744304
7,21,13,19122,18337.154804833433,784.8451951665666
1,4,17,18272,17010.653862512943,1261.3461374870567
8,19,19,16427,15785.644759981882,641.3552400181179
1,21,0,16452,16113.735107507942,338.2648924920577
4,28,10,15086,15811.991772329931,725.9917723299313
10,15,8,13249,13971.469850169326,722.4698501693256
11,22,18,18201,16470.45365920844,1730.5463407915595
11,14,0,13897,14442.468041657521,545.4680416575211
2,20,9,18329,17193.43034784979,1135.5696521502105
6,7,5,12248,14446.350317185397,2198.350317185397
3,30,22,16548,16494.38693518016,53.613064819841384
12,1,17,18698,16988.254051846263,1709.7459481537371
5,2,3,11354,14190.085430701172,2836.0854307011723
5,13,4,11182,13707.358219486949,2525.3582194869487
2,12,15,18828,16931.73821485099,1896.2617851490104
7,28,6,12474,13775.125734997815,1301.125734997815
3,10,1,14187,14552.338947170749,365.3389471707487
9,7,0,13804,13337.35411391684,466.6458860831608
12,15,1,14342,14695.315451862416,353.315451862416
2,7,17,17997,17372.382807021946,624.6171929780539
4,20,10,13984,15465.883948465631,1481.883948465631
1,22,2,16544,16333.221338612715,210.77866138728496
5,19,12,15572,16560.75146424549,988.7514642454917
10,30,12,16919,16549.34559247836,369.6544075216407
12,29,23,15039,16862.692632400845,1823.6926324008455
10,14,2,11512,14869.907149184619,3357.907149184619
1,7,15,16439,16441.231189591952,2.2311895919519884
1,18,0,15480,14980.394902557699,499.6050974423015
6,23,14,17008,16223.47656977853,784.5234302214703
12,18,8,17734,16267.545027052864,1466.4549729471364
3,5,5,12892,15258.360510518227,2366.360510518227
9,26,0,12624,14971.91767465888,2347.91767465888
7,20,12,19974,18008.743723670734,1965.2562763292663
9,24,21,16456,15333.789718441432,1122.2102815585677
4,2,4,13108,16258.26481768224,3150.2648176822404
5,28,9,16163,14673.027437705448,1489.9725622945516
3,11,16,18081,17527.612350347463,553.3876496525372
2,2,13,16730,16584.585596247376,145.4144037526239
4,19,21,13890,16340.0466502816,2450.0466502816
5,15,1,11178,16073.537351987365,4895.537351987365
3,19,9,16055,16211.33233391078,156.3323339107792
10,21,18,17274,15476.156819643802,1797.843180356198
9,30,17,16930,16356.723904659653,573.2760953403467
4,4,17,16484,16471.883899298977,12.116100701023242
2,24,19,19530,17513.74021279022,2016.2597872097795
8,5,22,17875,17339.23432586346,535.765674136539
9,16,14,14518,16475.926973119025,1957.9269731190252
11,29,22,17392,17521.143321320542,129.14332132054187
7,3,15,20913,17841.989524039298,3071.010475960702
5,25,9,15374,15628.970371387402,254.97037138740234
3,19,8,14762,16259.480036197432,1497.4800361974321
3,1,17,17452,16743.090501814793,708.9094981852068
9,9,18,19823,17828.623618902515,1994.3763810974851
4,16,9,15191,15256.018661547529,65.01866154752861
1,13,7,18512,16679.317704828027,1832.6822951719732
5,11,6,13598,14613.612314410342,1015.6123144103422
11,30,22,17228,16644.191613837997,583.8083861620034
9,3,6,12544,14304.633810395957,1760.633810395957
5,18,8,14996,15721.583141336861,725.5831413368614
11,15,12,16585,14845.168893840939,1739.8311061590612
5,9,15,12724,16098.262854999854,3374.2628549998535
7,11,7,12888,12689.490156409667,198.50984359033282
8,17,11,17386,16265.621193330544,1120.378806669456
3,11,21,16430,17069.596503291137,639.5965032911372
3,2,10,16701,16663.88690358654,37.11309641346088
10,16,23,13210,15634.277123733844,2424.277123733844
1,10,15,15964,16591.681586983632,627.6815869836319
5,7,6,13458,14831.31228051884,1373.3122805188395
8,20,21,19383,17320.467798076486,2062.5322019235136
5,20,1,11423,15704.673830141839,4281.673830141839
2,12,1,14825,14965.764499336874,140.764499336874
10,23,0,12198,14977.341938052128,2779.341938052128
4,27,20,14764,15701.924944068049,937.9249440680487
12,27,8,14710,16193.119617701921,1483.119617701921
4,16,13,12693,16028.07690275292,3335.0769027529204
6,4,14,16441,16110.018722885558,330.9812771144425
6,2,0,12831,13758.642490567388,927.6424905673884
10,29,19,16607,16010.948902486745,596.0510975132547
10,25,6,14653,15601.149782815408,948.1497828154079
7,19,1,13982,13409.307914034784,572.6920859652164
10,8,7,12533,14267.526214060026,1734.5262140600262
3,6,11,15863,16888.95328137401,1025.9532813740116
11,22,8,16194,15662.928996368386,531.0710036316141
12,30,7,14349,14950.242657433599,601.2426574335987
9,30,12,14673,14964.077172688249,291.07717268824854
5,4,12,13302,15866.782377808979,2564.7823778089787
4,14,17,16148,16902.506687664772,754.5066876647725
1,4,9,15057,16490.898881377205,1433.8988813772048
9,23,23,12945,15324.233922758773,2379.2339227587727
10,3,17,15697,15179.133697793579,517.8663022064211
11,30,0,14538,14730.056214547507,192.0562145475069
6,5,11,16672,17839.22273753058,1167.222737530581
5,11,19,14496,16313.830492452074,1817.8304924520744
12,30,20,17563,17337.8117629988,225.188237001199
3,16,3,12297,13030.029225608318,733.0292256083176
6,24,11,17551,16867.119163321415,683.8808366785852
7,18,4,12795,14557.295349982067,1762.295349982067
8,18,15,17484,18379.07560259466,895.0756025946612
10,22,11,15959,15630.39186838547,328.60813161453007
2,11,18,19949,18094.492131279294,1854.507868720706
6,27,7,15020,14992.276507831284,27.723492168715893
10,25,4,11128,13393.650137058605,2265.6501370586047
9,27,10,15397,14860.484015859533,536.5159841404675
8,4,15,19488,17943.120010912175,1544.8799890878254
8,15,9,18754,15932.82589776705,2821.1741022329497
8,13,18,17352,16586.704230611955,765.2957693880453
10,31,18,15658,15495.69315879566,162.30684120433943
9,1,15,17036,16403.622211684728,632.3777883152725
2,17,22,18229,17882.878028634008,346.12197136599207
9,4,12,13415,16164.977392631998,2749.9773926319976
5,27,22,13521,16168.8338387011,2647.833838701101
3,23,20,17833,16185.879884190408,1647.1201158095919
4,11,11,11865,15624.134119887645,3759.1341198876453
7,31,5,12176,15807.375310881922,3631.375310881922
10,17,20,16109,16519.310451341862,410.31045134186206
1,15,20,18765,17160.730306376252,1604.269693623748
12,21,4,13777,14359.94969350156,582.9496935015595
8,21,6,14296,14990.045960490905,694.0459604909047
11,22,21,16872,16500.79162911455,371.2083708854516
8,5,22,17721,17534.261730792947,186.73826920705324
1,20,15,19132,17867.948516853852,1264.0514831461478
5,6,13,15153,15460.440933546117,307.44093354611687
6,20,10,16271,15181.956115760591,1089.0438842394087
10,31,18,17329,15065.549244478025,2263.450755521975
10,13,18,15098,16195.843867670144,1097.8438676701444
5,1,1,12430,15513.470775382384,3083.470775382384
4,24,21,14333,16080.879411730557,1747.879411730557
4,4,2,13520,16156.177008629133,2636.1770086291326
6,10,16,18304,16425.469911108205,1878.5300888917955
1,9,8,18620,17189.1738477585,1430.8261522415014
4,1,3,11991,14803.55898231988,2812.5589823198807
2,2,0,17048,16298.315746986409,749.6842530135909
6,13,10,17123,15741.085349996409,1381.9146500035913
9,23,6,13314,14323.701797680946,1009.7017976809457
8,29,18,15936,17216.402242319626,1280.4022423196257
9,6,4,12047,12935.54448613238,888.5444861323795
6,18,3,12373,15598.79155019113,3225.79155019113
7,3,8,12680,14471.565041879725,1791.565041879725
8,12,16,16909,16829.64640496134,79.3535950386613
3,7,8,16787,16698.689333900205,88.31066609979462
8,19,5,13400,14250.282887852765,850.2828878527653
11,13,3,13517,14226.886647563986,709.8866475639861
6,13,4,11371,12857.685288583598,1486.6852885835979
4,16,18,14556,16286.582380481974,1730.5823804819738
12,19,21,19144,16560.820468133723,2583.179531866277
12,19,21,18789,17370.99454759629,1418.0054524037114
10,22,18,16801,16371.345993401617,429.6540065983827
2,3,0,15851,15928.46840900322,77.46840900322059
5,31,15,19953,17673.186754561357,2279.813245438643
6,29,17,16369,16935.21753730794,566.2175373079408
7,26,14,16287,17483.024523290544,1196.0245232905436
7,29,4,12386,13631.58015454469,1245.5801545446902
6,18,5,12448,13357.568856069849,909.5688560698491
3,4,1,16187,16436.322573181016,249.3225731810162
2,6,10,16075,16099.756187870758,24.756187870758367
3,9,1,12506,15798.318467367117,3292.3184673671167
3,3,7,17338,17016.40932799041,321.5906720095918
12,8,15,16865,16469.833316765667,395.1666832343326
12,13,14,15119,15139.346978197562,20.34697819756184
10,4,2,13330,14888.159373595448,1558.1593735954484
11,6,22,14526,16099.516699893717,1573.5166998937166
6,24,20,20020,17347.042850727685,2672.9571492723153
12,7,19,18788,16377.088066400356,2410.911933599644
12,11,2,14636,16175.347320486164,1539.3473204861639
9,20,18,17326,17399.40093902157,73.40093902156877
6,25,22,16255,15902.680747225862,352.31925277413757
6,14,19,14863,16392.819369197336,1529.8193691973356
4,25,20,13414,16170.269856502742,2756.269856502742
7,14,15,18800,18033.68432395965,766.3156760403508
11,2,11,15478,15762.212798566798,284.2127985667976
8,1,10,16772,17027.135680493262,255.13568049326204
4,3,20,16490,16100.890919107915,389.10908089208533
9,5,0,12825,12910.019699650187,85.01969965018725
9,8,7,12259,14652.15927181653,2393.1592718165302
1,24,2,14780,16512.33583056891,1732.3358305689108
6,13,17,18258,16464.008525055277,1793.9914749447234
1,5,19,20999,17739.90011811536,3259.0998818846383
9,15,15,19086,17742.13217183308,1343.86782816692
11,23,5,13630,14992.062359101483,1362.0623591014828
6,19,9,12283,15036.017507599958,2753.0175075999578
4,13,9,13667,15705.354016379235,2038.354016379235
9,12,9,14270,15804.257878484088,1534.257878484088
5,14,3,11205,14535.756898192785,3330.7568981927852
7,31,15,17974,17529.529417233363,444.47058276663665
6,28,7,14078,14183.991627940948,105.99162794094809
2,3,9,16661,16957.2713000759,296.2713000758995
5,16,23,11612,15260.597240836556,3648.597240836556
8,16,2,13612,15538.563551043688,1926.5635510436878
3,18,8,16509,16329.522669188396,179.47733081160368
5,11,8,14334,15687.715728341174,1353.7157283411743
11,25,10,16190,15988.806937217672,201.19306278232762
4,26,15,14187,15863.555880353108,1676.5558803531076
9,26,13,14832,15418.162267556143,586.162267556143
3,23,19,17945,16300.253532198236,1644.746467801764
10,18,8,15361,15256.799751267268,104.20024873273178
5,15,7,11778,15033.183700825512,3255.1837008255116
12,3,7,13426,15672.550113005003,2246.5501130050034
1,12,14,18410,17294.714482651434,1115.285517348566
8,23,9,13689,13139.59195348943,549.4080465105708
5,5,8,14770,14471.295529927978,298.70447007202165
11,27,6,12805,16246.81868765438,3441.8186876543805
8,26,21,17261,16511.441974132442,749.5580258675582
12,28,17,16049,16810.708335640258,761.7083356402582
12,9,0,16398,15403.495363488799,994.5046365112012
9,29,22,13277,15162.467195472856,1885.4671954728565
11,5,11,16315,15538.438186743111,776.5618132568889
5,6,11,15298,15471.225698654665,173.2256986546654
12,18,14,16743,16357.515220165373,385.48477983462726
10,24,6,11967,14628.71925357607,2661.7192535760696
8,14,2,13399,15278.803083927116,1879.803083927116
6,9,1,12191,15483.702528206144,3292.702528206144
3,12,2,14282,16226.966179121948,1944.9661791219478
4,11,6,13145,15305.229637717046,2160.229637717046
9,1,8,14943,15429.14672094467,486.14672094466914
9,22,9,15556,15205.230102668585,350.76989733141454
9,3,20,20803,16279.142212159377,4523.857787840623
3,1,8,16259,16082.965614571922,176.03438542807817
5,30,8,15269,14694.130960308965,574.8690396910351
8,26,5,15590,15145.118734092604,444.8812659073956
6,28,11,14972,15900.100986938562,928.1009869385616
10,9,18,17811,18192.206508809963,381.20650880996254
6,17,0,13734,15154.596926308115,1420.5969263081151
1,22,1,15504,16113.19588563703,609.1958856370293
8,24,4,11959,13259.337796713375,1300.3377967133747
11,28,6,13836,15107.102588337988,1271.102588337988
12,10,19,19304,17587.15546022734,1716.844539772661
12,12,10,17724,16669.485351278803,1054.5146487211969
11,13,22,15874,16257.298146491235,383.29814649123546
4,5,15,12288,15954.197127041018,3666.1971270410177
3,4,7,16867,16200.921185661851,666.0788143381487
12,30,2,14179,15794.131257817027,1615.1312578170273
2,1,10,16276,16479.686865912747,203.68686591274673
2,27,4,14536,16191.212150807236,1655.212150807236
8,25,0,12633,13144.292700449665,511.29270044966506
4,3,3,12443,15778.739651898313,3335.7396518983132
3,20,0,13208,14361.221865293413,1153.2218652934134
2,6,13,16830,17006.633698824473,176.63369882447296
12,25,18,15757,16635.041335378864,878.0413353788645
4,4,16,16430,16401.646591904875,28.353408095124905
9,17,14,15239,16216.24257634779,977.2425763477895
6,13,12,17930,16541.76231347481,1388.23768652519
3,15,11,16836,16759.032472075294,76.96752792470579
2,5,1,14644,15346.06187894853,702.0618789485306
4,4,17,15698,15864.315243502864,166.31524350286418
3,1,10,15850,15903.367552253045,53.36755225304478
6,13,18,18040,16495.724386886046,1544.275613113954
4,10,17,13395,15979.349989126615,2584.3499891266147
8,22,1,14006,14104.01569945766,98.01569945765914
11,22,0,15746,15615.326212975544,130.67378702445603
8,8,4,12094,13168.631476558687,1074.6314765586867
9,29,7,14491,14449.560862328983,41.439137671017306
5,30,16,16221,16554.83515306501,333.8351530650107
9,28,2,12247,14732.265803225075,2485.2658032250747
3,12,5,14365,15623.174200990665,1258.1742009906648
9,5,0,16823,15263.346926309592,1559.6530736904078
5,23,23,12904,16171.263180121574,3267.263180121574
12,23,2,14719,15178.69165382492,459.69165382492065
10,2,12,15730,15523.639609106449,206.36039089355108
7,18,17,21752,18358.680726594368,3393.319273405632
10,10,4,12050,14200.982087833223,2150.982087833223
7,30,19,17136,16857.540073180215,278.4599268197853
2,10,3,13494,14946.218569208258,1452.2185692082585
3,10,20,18676,17101.803726721002,1574.196273278998
10,17,18,16408,16314.383518121856,93.61648187814353
9,6,13,15046,15722.167270777378,676.1672707773778
8,22,8,14291,13499.137625452817,791.8623745471832
1,21,10,18436,17206.159516140207,1229.8404838597926
10,21,14,14216,15803.335236696532,1587.3352366965319
10,4,0,12336,13587.16866827025,1251.1686682702493
8,3,7,15798,15256.207713534925,541.7922864650754
11,17,16,16230,16701.212077867916,471.2120778679164
2,5,3,14205,15567.290104480733,1362.2901044807331
8,30,20,18105,17948.075217965543,156.92478203445717
6,28,16,19709,17263.672983637032,2445.3270163629677
8,24,11,14048,15361.090644052027,1313.0906440520266
2,17,12,19155,16620.1868573825,2534.8131426174987
6,6,10,13320,15082.083868930871,1762.0838689308712
11,29,4,13757,15142.372974222077,1385.3729742220767
9,4,21,16080,15143.528386682117,936.4716133178827
5,4,6,11314,14291.74430252534,2977.7443025253397
11,14,17,16216,15963.808746121187,252.19125387881286
3,8,17,17128,16582.13176910292,545.8682308970783
12,11,4,13662,15547.296975220728,1885.2969752207282
11,8,18,15627,15678.269775581519,51.26977558151884
8,12,2,12961,13694.966680898266,733.9666808982656
3,2,7,15195,16688.58414496934,1493.5841449693398
9,29,2,12511,14928.61697352717,2417.6169735271706
9,28,9,14310,14845.899915756387,535.8999157563867
10,14,6,11700,14796.039046666694,3096.039046666694
2,22,6,13850,15754.307787016123,1904.3077870161233
4,10,10,12192,16440.18346784462,4248.183467844621
1,25,10,19345,17302.04778423918,2042.952215760819
2,23,18,17402,16499.08437112703,902.9156288729682
5,13,18,13550,16073.151012963215,2523.151012963215
10,1,15,15859,15825.290744358757,33.709255641242635
7,17,17,17206,16475.127707985463,730.8722920145374
11,28,17,17679,17278.911232864248,400.0887671357523
9,29,9,14004,14311.616028659431,307.6160286594313
5,26,12,14032,15699.214754633284,1667.2147546332835
10,21,4,12240,15902.486237720643,3662.4862377206427
6,14,10,15966,16144.383318734495,178.38331873449533
3,2,0,15020,15857.994343509312,837.9943435093119
5,16,8,15360,15451.860540912076,91.86054091207552
1,21,17,18003,17702.736988296598,300.2630117034023
10,11,5,10891,15365.034062270166,4474.034062270166
4,8,23,13801,16151.366264908627,2350.3662649086273
6,30,16,15301,16997.002775659854,1696.0027756598538
3,14,0,13413,14824.382873386032,1411.3828733860319
10,29,20,16305,16286.25611289907,18.743887100930806
4,18,10,12427,15283.637317145316,2856.637317145316
2,16,9,18179,16138.485452017054,2040.5145479829462
1,29,7,16851,16742.342721908208,108.65727809179225
6,3,8,14682,15089.419812980888,407.4198129808883
6,13,23,13296,15059.240196404713,1763.240196404713
3,5,5,14080,15093.443005372905,1013.4430053729047
5,1,22,13856,16210.661374934913,2354.6613749349126
9,11,19,16276,16502.274240952156,226.2742409521561
4,21,21,16326,16343.550912303146,17.550912303146106
9,28,5,12313,13220.510820605037,907.5108206050372
11,1,6,11401,15074.41407163688,3673.41407163688
9,23,12,17543,16272.698794913085,1270.3012050869147
2,24,21,20747,17046.577021102734,3700.422978897266
1,7,15,18247,16682.02880558415,1564.9711944158516
5,6,10,14543,15718.037954818197,1175.0379548181972
10,21,5,13014,14252.654670339434,1238.6546703394342
2,9,1,14836,15680.615731901968,844.6157319019676
11,18,4,12860,13514.735644933731,654.7356449337312
12,9,16,17570,16937.788187328446,632.2118126715541
12,3,17,18689,16827.996107411815,1861.0038925881854
12,17,9,16746,16020.955575653694,725.0444243463062
8,4,8,15535,14810.260874521808,724.7391254781924
8,24,1,13301,14731.315003691101,1430.315003691101
4,6,4,13646,14654.575278251586,1008.5752782515865
12,8,8,17313,16448.124808553846,864.8751914461536
12,11,12,15520,15314.657624013598,205.34237598640175
10,6,3,11773,13033.998540161392,1260.9985401613922
8,30,14,20698,17155.40868259063,3542.5913174093694
12,7,16,18060,17160.83893766697,899.1610623330307
9,16,13,14278,15893.989447065289,1615.989447065289
1,14,6,14845,16665.75155685874,1820.7515568587405
7,3,14,14798,16551.269183823177,1753.2691838231767
12,11,12,15126,15292.893995573633,166.89399557363322
3,12,3,13519,15123.72704087315,1604.7270408731492
10,30,13,15283,15400.114125133096,117.11412513309551
4,1,22,16415,16364.924334381783,50.07566561821659
9,3,12,18402,17845.487162472196,556.5128375278036
9,23,6,12551,13759.376205673521,1208.3762056735213
9,19,14,16189,17294.976429780152,1105.976429780152
11,1,20,16181,16881.700598682943,700.7005986829427
2,4,12,17020,17065.37771345938,45.377713459380175
2,14,2,15648,16419.046457863453,771.0464578634528
6,13,17,18685,16455.97667075901,2229.0233292409903
5,30,19,13258,15824.151461854364,2566.1514618543642
9,26,17,15657,15735.984119077168,78.98411907716763
3,21,8,15117,15894.91892680786,777.9189268078608
10,19,5,12016,13377.523296436011,1361.5232964360112
4,25,3,12316,14480.879040381114,2164.8790403811145
12,8,9,17558,16524.592547622946,1033.4074523770541
8,19,4,12199,13078.58862417518,879.5886241751796
4,9,23,14682,17727.384531387263,3045.3845313872625
10,14,22,13469,15377.193090479199,1908.1930904791989
7,18,0,14132,15745.880405842021,1613.880405842021
10,31,14,13368,15240.170823644527,1872.1708236445265
5,29,8,15265,14736.1138543753,528.8861456246996
4,26,22,14220,15990.660909604207,1770.6609096042066
4,2,5,12686,14907.62207830072,2221.6220783007193
10,22,17,15068,15929.126498772515,861.1264987725153
1,26,7,16621,15119.596736766138,1501.4032632338622
5,25,6,13365,14677.357919005362,1312.3579190053624
8,12,2,12565,13451.119980127994,886.1199801279945
9,22,2,12388,13008.720181612285,620.7201816122852
1,25,15,18643,17195.59046762895,1447.4095323710499
2,10,11,18885,17615.897505199075,1269.1024948009253
1,25,3,13305,15564.609581166567,2259.6095811665673
3,13,13,17631,16566.77623690872,1064.2237630912787
10,20,11,16478,15672.087408891159,805.9125911088413
8,21,19,18517,16599.92980563712,1917.070194362881
10,1,21,14612,15576.250467613188,964.2504676131884
10,25,1,12379,13618.648978199213,1239.6489781992132
4,27,18,15055,16326.303174764626,1271.3031747646255
10,30,18,17863,16102.545984061862,1760.4540159381377
9,7,13,17180,16318.504022331916,861.4959776680844
2,7,6,15075,15848.027088059394,773.0270880593944
9,22,5,12977,13145.150111071907,168.1501110719073
10,12,0,13120,15419.54243888923,2299.5424388892297
11,19,9,16080,16416.424748198464,336.42474819846393
12,19,4,12997,15356.602088091073,2359.602088091073
6,19,11,12514,15571.00714366246,3057.0071436624603
2,22,7,15754,15666.781773564557,87.21822643544328
11,24,17,17264,16447.79363191344,816.2063680865613
4,29,9,14464,16103.019284495504,1639.0192844955036
10,28,18,16351,15859.682990778934,491.31700922106575
5,8,8,14642,15873.05739655645,1231.0573965564508
10,9,7,12390,16046.818605501861,3656.8186055018614
3,18,4,12724,14178.94922928032,1454.9492292803207
9,20,23,13774,15269.445199936872,1495.445199936872
2,23,7,17111,16423.364197197923,687.6358028020768
11,25,6,14219,14863.650627992978,644.6506279929781
8,9,10,15419,14889.990967321828,529.0090326781719
7,30,6,12929,13696.975150542137,767.9751505421373
7,22,14,17262,17102.89473561356,159.10526438643865
1,11,19,18213,16130.358477502705,2082.641522497295
1,29,9,17734,16684.710139296887,1049.289860703113
1,21,6,15747,15996.95989606929,249.95989606928924
1,25,5,14815,16219.527836612555,1404.527836612555
9,4,8,17044,15544.861333851117,1499.1386661488832
11,22,22,17546,17354.213006298076,191.78699370192408
1,28,14,18593,17206.61103239857,1386.3889676014296
11,2,6,14597,14823.778661851024,226.77866185102357
4,20,18,14485,16229.48526015482,1744.4852601548191
6,7,23,14356,15654.999629260798,1298.9996292607975
4,1,16,13771,16067.032674456865,2296.0326744568647
6,2,20,15927,15876.712175236662,50.287824763337994
8,26,3,11783,13994.62300438239,2211.6230043823907
10,7,19,17463,16040.078856068902,1422.9211439310984
12,29,23,14724,16183.377761860542,1459.3777618605418
10,3,10,15411,14878.541121637627,532.4588783623731
9,27,11,14846,14744.513574529628,101.48642547037161
1,15,8,16299,16450.931281317477,151.93128131747653
8,4,8,16702,15409.197138593107,1292.8028614068935
7,2,5,13471,15161.56697948679,1690.56697948679
10,12,5,10757,15937.639103395939,5180.639103395939
4,8,1,12947,14906.932740174749,1959.9327401747487
11,11,9,16812,15897.441356700172,914.558643299828
3,27,4,13590,15282.248195474258,1692.248195474258
1,13,9,17639,16047.51497581985,1591.4850241801505
2,15,1,15309,16482.067117632,1173.0671176319993
3,19,20,16972,16152.431618083336,819.5683819166643
4,11,7,11247,15271.65519361955,4024.65519361955
8,30,4,14607,16004.511645106077,1397.5116451060767
12,12,6,14766,14576.371034660559,189.6289653394415
7,10,12,20042,17532.974855492223,2509.0251445077774
8,8,8,13834,13583.326270275915,250.6737297240852
7,5,15,19986,17540.67098895548,2445.3290110445196
10,2,2,11392,13700.324502109412,2308.3245021094117
6,28,9,14521,14784.83653117448,263.8365311744801
8,21,21,17552,16409.561403340424,1142.4385966595764
11,24,3,12820,14368.77698117664,1548.7769811766393
6,30,7,14523,14605.594378190974,82.59437819097366
7,29,19,16727,16617.55896013267,109.44103986733171
1,1,12,14973,16450.740536275207,1477.740536275207
2,10,17,17507,16828.320869414685,678.6791305853149
10,18,19,16695,16325.932879790606,369.0671202093945
1,29,19,19792,17797.77937018413,1994.2206298158708
7,4,15,21646,16716.332938645337,4929.667061354663
8,24,12,17229,16039.751623624994,1189.248376375006
12,29,20,16631,16676.97088281455,45.97088281454853
11,17,22,15947,16035.049931464268,88.0499314642675
8,28,20,18169,16945.669749333403,1223.3302506665968
12,1,16,17672,16551.690771626298,1120.3092283737024
11,26,18,18481,16297.166722458625,2183.8332775413746
8,7,18,17521,16959.28185505519,561.7181449448108
3,12,6,15408,15633.690931572219,225.6909315722187
7,25,12,17283,16401.660456325448,881.3395436745523
3,17,14,14771,16186.68954340489,1415.6895434048893
1,4,15,17758,17390.258028636395,367.74197136360453
11,13,6,12969,13994.753906450103,1025.7539064501034
3,1,6,16037,16116.768587777588,79.76858777758753
12,12,20,16944,16467.071149342453,476.9288506575467
12,16,10,18652,16512.118890381054,2139.8811096189456
5,19,12,13040,16082.248378577702,3042.248378577702
10,7,5,11537,14319.625504949134,2782.6255049491338
8,11,6,12600,12678.551427214388,78.55142721438824
7,10,14,17730,16906.834458265457,823.1655417345428
9,5,20,16406,15926.605601431183,479.39439856881654
12,2,8,16454,16001.724695924093,452.2753040759071
8,2,10,14896,16148.440350492867,1252.4403504928669
2,24,19,18647,17371.824871165772,1275.1751288342275
1,13,22,18983,17406.142847361578,1576.8571526384221
10,3,18,16096,15725.540187507971,370.4598124920285
10,20,2,11357,13851.54142824973,2494.5414282497295
11,7,22,14292,16094.246883257643,1802.2468832576433
7,28,23,17397,16471.536961771537,925.4630382284631
2,14,18,19152,17752.51187283437,1399.4881271656304
4,13,23,13582,15894.239354102278,2312.2393541022775
8,26,10,15928,15513.060851861868,414.9391481381317
9,15,15,15398,15484.661812453816,86.66181245381631
2,8,17,17393,16969.54648549557,423.4535145044283
7,27,9,15378,14454.714539393666,923.2854606063338
8,2,11,15297,17307.266938092107,2010.266938092107
12,4,15,17546,16537.14643980841,1008.8535601915901
12,26,22,15001,16275.06119081402,1274.06119081402
12,23,3,14868,15647.398994066563,779.3989940665633
11,8,2,13958,15068.858647471952,1110.8586474719523
6,28,0,14225,14603.890338226603,378.8903382266035
12,18,8,17825,15901.67660112544,1923.3233988745596
8,1,7,13407,13876.601402410895,469.6014024108954
5,17,14,13653,16025.960450730934,2372.960450730934
12,27,21,17504,17517.779825368692,13.7798253686924
12,3,11,16323,15847.554195794884,475.44580420511556
11,21,21,18400,16784.344897990537,1615.655102009463
10,17,10,13143,15244.60422383134,2101.6042238313403
6,22,16,21741,17093.114225421352,4647.885774578648
3,13,0,14796,15767.2622890707,971.2622890707007
4,17,21,14887,16097.16532074077,1210.1653207407708
8,22,5,12703,12830.160866029875,127.16086602987525
7,23,17,18796,18029.997451987525,766.002548012475
2,26,21,21109,16541.825741757613,4567.174258242387
2,24,16,16764,16747.13514466519,16.864855334810272
7,26,10,16139,15807.582731223176,331.41726877682413
2,2,20,18035,17429.023409479014,605.9765905209861
12,30,0,15040,15528.882498255289,488.88249825528874
12,4,2,12931,14963.88168424931,2032.8816842493106
4,29,21,14677,16122.155767910397,1445.1557679103971
6,20,3,11440,13253.953167192885,1813.9531671928853
1,21,10,17787,17734.80867336914,52.191326630858384
10,15,8,15706,15086.038577588268,619.9614224117322
12,22,4,14065,15345.804630764504,1280.8046307645036
1,4,14,17173,16663.895723544796,509.10427645520394
8,9,1,13144,13438.807564658353,294.80756465835293
5,13,18,13423,16120.87948807334,2697.8794880733403
10,3,21,16067,16209.439328630371,142.43932863037116
8,2,8,16611,15160.623213617677,1450.3767863823232
11,11,17,16681,17143.982340098355,462.98234009835505
2,4,10,16824,17344.530911327012,520.5309113270123
1,3,21,18325,16606.75859239584,1718.2414076041605
11,8,6,13183,15156.496199314151,1973.4961993141515
11,18,0,13645,14762.71932643632,1117.7193264363195
12,13,15,17352,16079.16106400414,1272.83893599586
4,9,13,14536,16582.21276557675,2046.2127655767508
11,16,13,14806,15877.597775863687,1071.5977758636873
1,19,2,15190,15827.841626095169,637.841626095169
12,22,1,15311,15305.998382440413,5.001617559586521
9,12,9,16662,15115.437594495828,1546.5624055041717
3,13,5,13036,14384.250271677449,1348.2502716774488
5,31,23,17412,17387.462058878285,24.53794112171454
11,15,23,13538,15981.139510017374,2443.139510017374
2,3,13,19015,17356.587287442082,1658.412712557918
5,20,4,11611,15011.824831517994,3400.8248315179935
3,15,3,12606,13757.211534077134,1151.2115340771343
7,18,10,16979,15795.78097338198,1183.2190266180205
1,6,20,19363,17884.848531095082,1478.1514689049181
8,14,15,16730,16709.551525560833,20.448474439166603
6,24,9,14581,14697.560005735259,116.56000573525853
7,24,2,13309,13962.757449924218,653.7574499242182
12,1,23,15314,16379.101402805674,1065.1014028056743
7,15,22,18232,17834.524859701804,397.4751402981965
2,23,20,19025,16375.821028833665,2649.178971166335
11,25,14,17620,16432.002297145722,1187.997702854278
6,29,8,15894,15405.13013880748,488.86986119251924
5,10,8,14781,14989.231565443597,208.231565443597
12,6,2,13360,15256.819121816106,1896.8191218161064
2,15,7,15730,16461.291291450492,731.2912914504923
4,26,18,15433,15501.697637181815,68.69763718181457
4,1,15,14539,16312.773227458552,1773.7732274585524
4,27,6,12939,14584.123507595696,1645.1235075956956
7,16,19,20262,17542.272784723333,2719.7272152766673
9,22,16,19570,17147.282416160448,2422.7175838395524
4,2,5,14232,16164.447497352594,1932.447497352594
10,3,6,13429,14370.34754084875,941.3475408487502
7,8,10,16025,14685.217198343391,1339.782801656609
3,24,18,15473,16148.975920606015,675.9759206060153
2,8,19,19368,17589.88855753907,1778.1114424609295
7,31,18,17012,16506.786069792444,505.2139302075557
1,3,21,17992,17180.313827223625,811.6861727763753
4,27,1,12417,15599.116412315985,3182.116412315985
7,11,6,13910,13083.778568446936,826.2214315530637
1,19,4,13698,14751.400532426347,1053.4005324263471
12,9,2,13451,14616.724665786554,1165.7246657865544
10,11,10,13620,15541.526553319633,1921.5265533196325
8,25,9,19425,16213.298228602864,3211.7017713971363
1,31,4,14277,16392.352827330134,2115.3528273301345
6,26,4,11826,14304.258877483091,2478.258877483091
8,16,13,17156,16512.177982721714,643.8220172782858
3,31,11,15028,16486.290496998783,1458.290496998783
12,16,5,13430,14927.702126089749,1497.702126089749
11,30,8,17415,16565.253878205567,849.7461217944328
8,18,2,12570,13464.440589946495,894.4405899464946
1,27,16,18166,16426.504206571924,1739.4957934280756
4,1,21,15428,16561.076677128338,1133.076677128338
9,17,19,19735,18803.652264581317,931.3477354186834
1,23,15,18079,17123.692684357437,955.3073156425635
12,30,9,14694,15274.145103616273,580.1451036162725
8,6,14,15960,16996.713622093448,1036.713622093448
1,21,13,20103,17373.704825426717,2729.2951745732826
12,6,4,12309,14988.623504646584,2679.6235046465845
4,3,10,16111,15942.348223670448,168.65177632955238
9,23,15,15143,17261.116555313332,2118.1165553133324
12,13,19,18150,17756.897344445202,393.1026555547978
6,22,17,19837,16702.406946288625,3134.5930537113745
7,19,0,14192,15401.223761578192,1209.2237615781924
11,12,7,16304,15230.350132612683,1073.6498673873175
12,21,2,13628,13257.815920709862,370.18407929013847
6,18,23,16925,16578.35552253425,346.64447746575024
5,16,20,14098,15799.004363529952,1701.0043635299517
3,5,14,15329,16150.551632291714,821.5516322917138
1,21,8,20877,16316.218434926173,4560.781565073827
5,13,11,14770,15345.6012866315,575.6012866314995
6,29,5,12489,14747.601534092983,2258.6015340929825
2,2,6,14556,15567.57660878677,1011.5766087867705
12,14,12,17717,15822.382074786994,1894.617925213006
8,19,11,19601,16727.610222106236,2873.3897778937644
5,5,1,12023,13543.03186588982,1520.0318658898195
4,25,5,12521,15030.19331654919,2509.19331654919
6,20,15,16357,16367.534191447214,10.534191447213743
9,7,8,15386,15593.214028411643,207.21402841164308
8,14,21,16996,16862.6813850663,133.3186149337016
1,6,10,17055,16551.468950245668,503.53104975433234
6,29,19,18273,17415.83408533403,857.1659146659695
9,6,4,11797,15517.793820688523,3720.793820688523
7,24,9,16666,15539.649960130548,1126.3500398694523
1,14,10,18275,17005.43104545682,1269.5689545431815
12,17,15,17524,16746.388043234612,777.6119567653877
3,24,13,14306,16098.323312054805,1792.3233120548048
1,19,13,17880,16591.51603090275,1288.4839690972512
4,21,5,13554,15143.532975729364,1589.532975729364
6,17,6,11737,13781.076217687765,2044.0762176877652
6,18,17,18468,17443.270273301438,1024.7297266985624
2,27,4,15361,16855.555750281095,1494.5557502810952
2,1,8,16779,15768.44531732426,1010.55468267574
11,23,17,17968,16890.192408142124,1077.807591857876
1,19,23,18076,17759.08377141173,316.9162285882703
8,21,10,16797,15963.385744319341,833.614255680659
8,23,12,21945,17654.046587620425,4290.953412379575
1,7,23,17172,16965.558980342477,206.4410196575227
8,19,2,12679,13322.619356067276,643.6193560672764
3,22,14,17931,16566.097728567463,1364.9022714325365
12,13,18,20251,17107.043249273538,3143.956750726462
4,18,3,13438,14267.34068874798,829.3406887479796
6,3,15,17442,16681.68848930498,760.3115106950208
9,8,7,12544,14355.56938434042,1811.5693843404206
4,15,22,15059,16185.584044044917,1126.5840440449174
10,28,0,12856,14295.588810339312,1439.5888103393117
4,19,1,11638,16090.238125380709,4452.238125380709
1,31,9,19612,16629.670093277156,2982.3299067228436
8,23,11,18801,16341.46120218549,2459.53879781451
6,22,10,17346,16504.155268144557,841.8447318554427
7,25,13,15911,16040.336405705522,129.33640570552234
7,10,19,20678,17859.246884435925,2818.7531155640754
12,2,14,17539,16570.409036091987,968.5909639080128
11,3,8,13008,15532.446002403705,2524.4460024037053
6,29,19,16589,16942.254246547105,353.25424654710514
10,6,2,11843,14151.281159579197,2308.2811595791973
12,15,12,16116,16194.000400556917,78.00040055691716
6,7,19,14953,16019.00447022763,1066.00447022763
2,9,13,18445,16733.51750459845,1711.4824954015494
8,14,9,16172,14833.621518969265,1338.3784810307352
8,17,20,18891,16579.013752088147,2311.986247911853
2,18,21,18147,16702.851567076956,1444.1484329230443
5,4,8,15150,15846.831051293073,696.831051293073
10,19,4,12218,13326.051094515144,1108.0510945151436
7,16,11,19766,17612.768158102936,2153.2318418970644
10,30,4,12622,14171.41285294235,1549.4128529423506
8,5,10,17044,15877.29318444128,1166.7068155587203
1,22,9,18091,17275.438570584905,815.5614294150946
8,29,0,13263,13145.27693256873,117.72306743127047
3,2,17,16719,16906.61089083736,187.61089083736078
9,4,0,15443,16037.720144695422,594.7201446954223
6,26,19,19142,17094.970091583626,2047.0299084163744
9,1,12,19407,17030.8026644168,2376.1973355832015
10,29,11,14656,15939.221581879701,1283.2215818797013
10,16,2,12231,13685.398328947544,1454.3983289475436
7,21,21,17258,16645.967648936054,612.0323510639464
7,28,10,19857,16858.666565122567,2998.3334348774333
12,14,8,17801,16403.26514837612,1397.7348516238817
5,3,18,12670,15824.775932178605,3154.775932178605
8,31,11,17763,15986.552194476302,1776.4478055236978
1,16,19,19612,17613.835461990824,1998.1645380091759
4,25,23,13334,15336.523718764283,2002.5237187642833
1,3,20,16918,16195.756201932976,722.2437980670238
10,15,4,11383,15197.582738559526,3814.5827385595258
10,25,6,14254,15090.3019886426,836.3019886425991
2,19,10,18641,17054.97230433913,1586.0276956608686
11,24,5,12965,15815.85751178701,2850.8575117870096
8,11,4,12016,14304.132077852111,2288.1320778521113
11,15,11,15514,16067.177616346757,553.1776163467566
2,29,15,15493,17080.150063634926,1587.1500636349265
8,28,11,17877,16813.785184844848,1063.2148151551519
1,29,18,19746,17134.861737299667,2611.138262700333
7,7,21,17868,16793.899186786675,1074.1008132133247
1,26,8,17843,17069.91671723739,773.0832827626109
8,9,16,15954,16997.787382262108,1043.7873822621077
1,25,10,18307,16422.445231469075,1884.5547685309248
1,24,15,16909,16740.146121215632,168.85387878436813
2,25,6,15677,16878.19858378149,1201.19858378149
3,12,16,16299,16842.539110734997,543.5391107349969
5,6,21,13945,15652.058669508002,1707.058669508002
2,1,9,20086,16710.872545977567,3375.127454022433
5,25,22,14605,16368.369309620139,1763.3693096201387
1,22,15,17195,16620.130973839423,574.869026160577
9,23,23,12770,15163.263904706704,2393.263904706704
10,17,1,11999,13540.198398131546,1541.1983981315461
9,21,19,18186,17274.896185324244,911.1038146757564
10,22,21,14999,16298.874672153552,1299.8746721535517
10,17,2,11816,13111.093546362492,1295.093546362492
9,28,15,15189,16463.27864978877,1274.2786497887682
10,19,21,15322,16059.59355523625,737.5935552362498
3,8,18,17493,16788.709246773265,704.2907532267345
2,27,10,17371,16923.483231701128,447.5167682988722
6,22,11,16192,15656.849006453185,535.1509935468148
5,29,2,13304,15677.533038929127,2373.5330389291266
5,17,2,11834,14512.98797909886,2678.98797909886
11,27,9,14101,15547.423454314378,1446.4234543143775
9,19,11,12781,15040.041460484828,2259.0414604848283
8,16,5,14612,14823.149728041106,211.14972804110585
10,18,4,12441,13884.102389183734,1443.102389183734
10,11,6,11316,15350.715452971292,4034.7154529712916
2,24,11,17699,17140.868185092677,558.1318149073231
5,20,5,11740,15003.976375623417,3263.976375623417
10,17,22,14975,16481.767421326524,1506.7674213265236
6,17,12,17373,17366.955952980814,6.0440470191861095
7,23,4,14057,14837.804103064685,780.8041030646855
10,3,17,16205,16320.18564510034,115.18564510034048
2,18,9,18498,17375.58779943453,1122.4122005654717
7,3,8,16895,15821.56826287966,1073.4317371203397
1,3,14,15533,16540.473237092727,1007.4732370927268
7,29,16,18544,16481.338154421188,2062.661845578812
5,18,9,14354,15827.834894727914,1473.8348947279137
10,25,17,15854,15453.523935312885,400.47606468711456
9,20,23,15458,16100.210180360747,642.2101803607475
2,9,2,14475,15429.987801512672,954.9878015126724
2,5,9,17584,16654.76751545343,929.23248454657
7,26,12,19481,18326.508166040814,1154.491833959186
3,22,6,13905,16477.19301090272,2572.19301090272
2,24,5,16747,16619.593585403756,127.40641459624385
9,5,14,18993,18535.222212568406,457.77778743159433
7,22,19,21253,17262.841927774338,3990.158072225662
12,1,12,16826,16734.424501352612,91.57549864738758
8,18,10,17932,16101.93042274228,1830.06957725772
12,12,21,18894,17608.505229544488,1285.4947704555125
4,28,9,14926,15635.999252839176,709.9992528391758
2,13,14,17295,16277.12621499728,1017.8737850027192
5,7,1,12101,15367.769903630677,3266.7699036306767
6,9,9,12341,15549.81615665944,3208.816156659441
5,12,7,14671,13225.155319845508,1445.8446801544924
6,16,21,18449,16658.482792933974,1790.5172070660265
10,11,15,14600,16175.332692832973,1575.3326928329734
8,14,3,13138,15221.03646864887,2083.03646864887
5,7,4,11172,15431.530788449336,4259.530788449336
10,23,20,17822,15982.367290372917,1839.6327096270834
7,25,18,21236,17856.394158462284,3379.6058415377156
1,22,17,18975,17343.85799561635,1631.1420043836515
8,25,23,16251,16421.07186167534,170.0718616753402
1,3,7,13440,16100.008886356221,2660.0088863562214
5,30,7,14205,13405.211519138931,799.7884808610688
5,13,12,14691,15663.878895535661,972.8788955356613
6,23,22,16448,16418.011625559015,29.988374440985353
2,11,5,15688,16101.587044549395,413.5870445493947
7,18,22,19560,17065.411111709112,2494.5888882908876
11,14,1,13743,14452.705041593059,709.7050415930589
7,22,17,22024,16759.134673106022,5264.865326893978
4,1,6,13140,15827.112661866457,2687.1126618664566
7,4,14,20650,17008.106669743254,3641.8933302567457
6,26,10,16312,17090.66167638105,778.6616763810489
1,20,7,13931,15264.419066832608,1333.4190668326082
9,14,2,12120,13159.828554676207,1039.8285546762072
7,31,15,19940,17201.38691794396,2738.6130820560393
10,15,7,16213,16373.216382578596,160.21638257859559
2,19,14,15724,16343.501921662404,619.5019216624041
11,22,1,14867,15635.544994661272,768.5449946612716
5,14,22,13422,15639.411931315328,2217.411931315328
2,6,18,20434,16650.098205751274,3783.901794248726
3,24,11,14475,16166.43985968811,1691.4398596881092
7,14,21,17831,16687.716583343183,1143.2834166568173
11,22,16,17213,16926.485844133887,286.51415586611256
8,5,6,12244,13837.66307627407,1593.6630762740697
4,24,15,11967,16016.326942380887,4049.326942380887
4,5,14,14529,16075.495467270246,1546.495467270246
1,29,3,15213,16257.188776669804,1044.1887766698037
1,22,23,17126,17586.459661040466,460.459661040466
2,7,21,17966,16736.89646225591,1229.1035377440894
4,3,15,16362,16659.46332101037,297.46332101037115
2,1,23,16065,16739.788747308634,674.7887473086339
10,19,19,16894,15631.551538433558,1262.4484615664423
4,9,19,16527,15789.332122705478,737.6678772945215
12,12,4,12173,14578.226051451977,2405.2260514519767
5,30,1,12435,15434.360168177633,2999.3601681776327
12,11,16,18487,16832.544547256774,1654.4554527432265
11,11,4,13426,15404.959472897941,1978.959472897941
3,26,14,17024,16744.63185518165,279.3681448183488
1,23,12,16893,17240.722926792925,347.72292679292514
1,16,16,17217,16833.778605581138,383.2213944188625
6,4,21,16801,17289.982368474753,488.98236847475346
9,27,22,14402,15523.66074521088,1121.6607452108801
12,19,6,13965,15772.189917839278,1807.1899178392778
3,24,19,17742,16334.08409469625,1407.9159053037492
5,4,7,14557,13765.72531228701,791.2746877129903
10,24,11,15001,15072.213309378414,71.21330937841412
11,16,12,16562,16719.004434027676,157.00443402767633
6,7,20,15261,16216.343019525191,955.3430195251913
8,24,20,20418,18472.707792065063,1945.2922079349373
9,1,11,17578,16586.221457773623,991.7785422263769
9,6,18,16216,16232.027211162631,16.02721116263092
8,4,6,13678,13661.750430741906,16.249569258094198
9,6,23,13494,15975.93638054273,2481.9363805427292
3,5,8,15622,15587.904938719885,34.09506128011526
5,19,6,13135,14664.767664256244,1529.7676642562437
1,31,5,14639,15884.766549216558,1245.766549216558
4,4,20,17817,16471.01092374802,1345.989076251979
8,12,23,13789,15314.765309028393,1525.765309028393
8,6,19,19796,16720.574409865618,3075.425590134382
7,6,21,19160,17905.64960317149,1254.3503968285113
7,7,8,16764,15525.447539314033,1238.5524606859672
3,2,12,16621,16409.49465592367,211.5053440763295
1,25,10,18577,17062.61809772073,1514.3819022792704
6,13,2,15133,16368.669678576833,1235.6696785768327
7,1,12,14317,16209.753837356346,1892.7538373563457
12,6,3,13053,15498.085718081733,2445.085718081733
4,11,19,16430,16281.906469945616,148.09353005438425
1,24,13,16611,16210.832945699405,400.1670543005948
3,23,18,15371,16026.981169063856,655.9811690638562
4,30,10,14373,15700.883790764517,1327.8837907645175
10,10,18,18057,17477.697252788,579.3027472120011
4,6,0,14255,15435.912088765677,1180.9120887656773
6,22,16,15984,16133.670833551792,149.67083355179238
7,15,0,14437,14502.75721647986,65.75721647986029
1,9,15,17505,16846.61710446663,658.3828955333702
11,30,10,16215,16141.227601727289,73.77239827271114
10,29,14,15730,15974.812388049633,244.81238804963323
5,24,2,12041,15167.2464856875,3126.2464856874994
12,31,12,16218,16548.08923143748,330.0892314374796
3,17,11,14470,16634.86133400225,2164.8613340022494
11,2,2,12312,15409.727214630419,3097.7272146304185
12,24,16,15679,17388.974481373392,1709.9744813733923
11,26,17,19573,17330.006985653687,2242.9930143463134
4,9,9,15616,15552.792323525113,63.207676474887194
6,19,16,18261,16299.578395809785,1961.4216041902146
12,23,15,19583,16932.025895312247,2650.9741046877534
7,28,13,15537,16555.898397966455,1018.8983979664554
12,18,9,17373,15994.432290378481,1378.5677096215186
3,8,3,12502,15356.484654243146,2854.484654243146
10,29,0,12983,14925.612660685409,1942.6126606854086
7,30,15,22278,17013.432635243156,5264.567364756844
11,10,3,12658,14505.91282759509,1847.9128275950898
5,4,0,12403,14513.380366550999,2110.3803665509986
12,25,11,14240,16372.02900111065,2132.02900111065
6,9,12,14407,15191.219045221631,784.219045221631
6,19,22,16495,16711.77844508185,216.7784450818508
8,20,11,19229,16394.24599809403,2834.7540019059707
12,7,15,17209,16751.216332462805,457.78366753719456
6,20,15,16851,16570.263651733818,280.7363482661822
2,2,14,19309,17241.419115014865,2067.5808849851346
7,11,16,20349,16892.82255626573,3456.1774437342683
4,18,16,15986,16713.441038618384,727.4410386183845
6,28,3,11552,13067.847658599716,1515.847658599716
9,24,2,11524,14087.50481971107,2563.50481971107
6,13,13,15115,15912.442790481422,797.442790481422
12,11,14,15599,15807.968685688702,208.96868568870195
1,8,5,15929,16647.622599919516,718.6225999195158
7,5,0,17738,16286.220628791158,1451.7793712088423
10,14,20,15060,15374.721558207922,314.7215582079225
5,29,17,12737,15996.895318097606,3259.895318097606
2,1,6,16481,16527.865593295315,46.86559329531519
8,5,7,12716,13614.916550278811,898.916550278811
9,24,17,15869,16243.89311918361,374.8931191836109
9,21,4,12206,13957.089994080732,1751.0899940807321
9,24,13,15506,15005.063603418554,500.9363965814464
5,11,7,12781,14695.621367779637,1914.6213677796368
3,5,9,17231,16705.313628315165,525.6863716848347
7,10,18,18144,17783.722722952556,360.27727704744393
12,21,10,17255,16606.68404639752,648.3159536024796
12,16,7,16387,16150.354612554183,236.6453874458166
9,2,2,11654,15212.397425378884,3558.397425378884
10,25,16,15368,15348.20695217788,19.79304782212057
7,4,21,16128,16506.505450757388,378.50545075738773
2,16,3,17112,16281.714716861094,830.2852831389064
9,10,23,13526,15208.138268199114,1682.1382681991145
6,16,23,14075,15842.5283330078,1767.5283330078
5,10,19,14556,15996.81582416069,1440.8158241606907
9,28,1,12278,13537.549183553561,1259.5491835535613
9,27,21,15752,17141.09972766775,1389.0997276677517
1,9,23,18208,18044.15910676571,163.84089323428998
4,13,20,14659,16177.602718389366,1518.6027183893657
7,2,21,20099,17547.883696984936,2551.1163030150637
5,28,7,13603,14162.435893756068,559.4358937560683
4,3,21,17156,16669.530289180057,486.46971081994343
7,20,10,16094,16685.138604449865,591.1386044498649
7,15,11,18882,17892.575777715814,989.4242222841858
2,5,16,17628,17378.567834792455,249.43216520754504
11,2,17,16873,16351.493487794998,521.5065122050019
5,15,22,14608,15612.226859500064,1004.2268595000642
4,20,10,15475,15466.917985708555,8.082014291445375
4,5,10,16032,16438.60598950899,406.6059895089893
12,21,21,18957,17112.888061125595,1844.1119388744046
4,12,15,15858,16289.698632749443,431.6986327494433
3,26,15,15042,16321.506127076622,1279.5061270766219
9,4,22,14311,16046.875019562603,1735.8750195626035
4,9,19,15614,16333.314900767751,719.3149007677512
1,20,6,14702,16040.839562696103,1338.8395626961028
11,18,15,17352,16907.764228247084,444.23577175291575
9,5,20,14501,16145.436609695967,1644.4366096959675
12,1,11,17216,16795.02371133684,420.97628866316154
7,18,8,15009,14895.006192151379,113.99380784862115
10,17,18,15823,15473.127843362428,349.8721566375716
7,31,8,17105,15151.122716935519,1953.8772830644812
11,30,16,16157,16920.893044969882,763.8930449698819
11,25,10,17146,16225.341048996448,920.6589510035519
11,20,10,16910,16436.485964540123,473.51403545987705
4,19,6,13331,15310.717236283628,1979.7172362836282
1,22,14,17625,17011.048932199672,613.951067800328
9,29,2,11783,13693.56471016314,1910.5647101631403
8,3,1,14275,15310.234784686912,1035.2347846869125
12,5,15,17431,16731.717784105316,699.2822158946838
4,3,19,16466,16019.797947363764,446.20205263623575
3,29,22,15248,16245.640324271766,997.6403242717661
1,3,8,16024,16433.85475750961,409.85475750960904
9,19,16,14901,16028.602429078985,1127.6024290789846
12,29,17,18694,17003.264378601714,1690.7356213982857
12,21,0,15952,15707.285573375457,244.7144266245432
11,22,12,15932,16376.163005706167,444.1630057061666
12,15,8,16012,14726.555186380097,1285.4448136199026
5,19,11,15102,16402.7488987039,1300.7488987038996
12,9,15,16252,15164.882779852698,1087.1172201473019
9,29,12,15394,15704.860720474546,310.8607204745458
9,19,10,12775,15036.084617810679,2261.0846178106785
9,28,13,14726,14825.287476762744,99.28747676274361
4,20,0,11950,14442.02275630124,2492.0227563012395
2,22,15,15848,15991.57148369582,143.57148369581955
12,5,11,17848,17253.846135084677,594.1538649153226
6,21,0,14179,14795.363699049924,616.3636990499235
9,22,16,13389,15034.562625316521,1645.562625316521
12,9,3,13753,14925.455491730057,1172.4554917300575
2,28,13,18464,17097.519766339425,1366.4802336605753
2,11,4,13758,15044.958645763121,1286.9586457631212
3,28,17,15122,15935.487178998255,813.4871789982553
6,13,6,14550,15325.97682888952,775.9768288895193
3,31,8,16056,15247.562113817345,808.4378861826553
5,7,21,14946,16203.80950839027,1257.80950839027
12,24,7,13738,13792.397231167717,54.39723116771711
3,25,10,15461,16417.491028029584,956.4910280295844
10,8,23,12729,16044.848048883741,3315.8480488837413
7,30,0,17304,15565.585439302415,1738.4145606975853
1,18,3,13892,14273.05108151115,381.0510815111502
4,16,13,13275,16051.180264374085,2776.180264374085
11,14,3,11672,15036.171261355523,3364.171261355523
11,29,8,17107,16431.792321005687,675.207678994313
4,13,2,13054,14454.896862901809,1400.896862901809
2,21,15,16322,16304.712003053744,17.28799694625559
7,14,22,17751,17456.76337901186,294.2366209881402
5,18,20,14145,15483.002171585265,1338.0021715852654
12,7,2,14656,15445.054994633701,789.0549946337014
5,10,15,13832,15659.29323288053,1827.293232880529
10,26,21,15604,16284.667870136818,680.6678701368182
4,10,20,15815,15891.552012142787,76.55201214278713
1,31,16,17903,16528.854363203496,1374.1456367965038
4,7,16,16251,15964.130273209566,286.86972679043356
6,19,5,12589,13666.91926711542,1077.9192671154196
9,24,19,17566,16388.56808472244,1177.4319152775606
12,21,18,19529,17132.0463710998,2396.953628900199
12,8,5,14351,15499.543502505392,1148.543502505392
8,22,6,12209,12883.20764531344,674.2076453134396
3,15,3,12787,15929.488143432585,3142.4881434325853
9,19,6,12713,13824.322620192472,1111.3226201924717
4,6,18,16288,16316.41601985078,28.416019850779776
12,31,6,13386,14862.13108763864,1476.1310876386397
4,15,4,12514,13345.655963829853,831.6559638298531
3,2,17,16701,16473.057405550968,227.94259444903219
10,28,22,14707,15976.524887534853,1269.5248875348534
8,17,0,14767,14456.977027299994,310.022972700006
4,11,19,15336,15888.818369661092,552.8183696610922
9,3,18,17827,16612.423163484942,1214.576836515058
1,14,20,19800,17207.50242362801,2592.4975763719885
5,25,19,18296,17808.950792882762,487.04920711723753
8,6,8,15257,13911.478122252747,1345.5218777472528
11,1,10,16184,14909.792278584717,1274.2077214152832
3,1,4,14915,16566.430083899468,1651.4300838994677
9,17,14,14890,16599.680190502975,1709.6801905029752
3,21,16,14689,16266.70591752538,1577.7059175253798
11,23,20,18590,17268.11971340342,1321.8802865965808
7,15,1,14746,14632.957699790182,113.04230020981777
10,13,16,14747,16055.820560009122,1308.8205600091223
4,27,17,14239,15810.203831185841,1571.2038311858414
3,28,1,14028,15384.76581047714,1356.76581047714
11,29,15,17535,17057.308945637105,477.69105436289465
5,23,21,15831,15686.572071236991,144.42792876300882
2,10,13,17812,16668.866123358523,1143.1338766414774
12,13,18,20881,16545.1318922769,4335.868107723101
9,21,7,14603,13750.319447863245,852.6805521367551
11,13,22,16862,16795.444458290352,66.55554170964751
8,8,21,15412,16877.775197443614,1465.7751974436142
5,20,20,17969,16987.96989593548,981.0301040645209
3,3,12,15747,15910.684297646796,163.68429764679604
2,8,3,15358,16266.475833304137,908.4758333041373
11,10,7,12688,15785.418511710463,3097.4185117104626
11,12,18,19312,17029.561982898107,2282.438017101893
2,20,4,12855,14515.604177200375,1660.6041772003755
10,3,14,15362,16214.051105585002,852.051105585002
12,19,13,18140,16916.022074258235,1223.977925741765
7,20,11,18499,17239.66159518411,1259.3384048158914
10,18,9,15672,15368.480214710393,303.51978528960717
7,24,16,18079,16925.56450789294,1153.435492107059
2,22,23,17806,17155.5670804464,650.4329195536011
8,25,4,13669,14851.53365491543,1182.5336549154308
11,8,16,16326,16769.429248107692,443.4292481076918
1,7,1,17015,16396.182245244523,618.8177547554769
7,6,9,20070,16765.039835280877,3304.960164719123
11,23,11,16959,16400.702553074512,558.2974469254877
5,29,20,18021,17204.155339267672,816.8446607323276
1,8,14,16998,16684.762762977654,313.23723702234565
6,19,10,20856,17332.0513195271,3523.9486804728986
2,25,22,16623,16476.16724549443,146.83275450556903
10,29,18,16553,16457.15264479256,95.84735520743925
10,2,6,13426,13809.77595766152,383.7759576615208
8,29,2,12987,13179.66430604385,192.66430604384914
6,14,13,15309,15496.352333861652,187.35233386165237
5,4,9,14190,14994.560690762231,804.5606907622314
11,14,9,17030,16977.66025053613,52.33974946387025
4,21,7,14921,13890.103161218447,1030.896838781553
2,28,7,16971,16425.612325221704,545.3876747782961
3,5,18,17409,16687.248847321593,721.7511526784074
7,26,9,17558,15498.907822394396,2059.092177605604
11,29,5,14693,15272.81080036724,579.8108003672405
12,24,14,16375,16911.892631689145,536.8926316891448
12,19,14,16959,16132.680887679035,826.3191123209654
10,3,17,20849,18210.097131469833,2638.9028685301673
1,27,12,16978,16775.10834128199,202.89165871801015
11,30,15,16440,15818.244628318125,621.7553716818747
5,4,0,10681,15425.44051074585,4744.44051074585
2,25,17,18978,17866.975323497565,1111.0246765024349
9,16,18,17034,18296.041150580037,1262.0411505800366
10,31,22,14945,16331.218112493121,1386.2181124931212
2,28,9,14580,15974.179324305944,1394.1793243059437
6,29,7,14400,14457.249961171137,57.24996117113733
1,10,6,15423,16185.696138640486,762.6961386404855
5,10,9,14800,15793.314055221626,993.3140552216264
3,4,7,14944,15927.744239545245,983.7442395452454
1,21,9,20534,17225.63582770956,3308.3641722904395
5,16,15,15452,16004.378217364185,552.3782173641848
11,20,14,16211,15997.376318591998,213.62368140800208
6,23,5,12105,13051.257075466026,946.2570754660264
8,18,15,16905,16441.535205135762,463.4647948642378
4,29,13,13653,16218.305131821919,2565.3051318219186
5,29,6,13443,14135.0164172323,692.0164172323002
9,28,21,13940,14967.003187441433,1027.0031874414326
6,4,16,13322,15938.866842738844,2616.866842738844
10,13,22,13001,15792.642516895477,2791.6425168954775
7,29,23,15639,16609.73400557904,970.734005579041
8,7,10,16017,15661.907050950618,355.0929490493818
12,24,13,16430,17101.71568852698,671.7156885269796
5,8,20,16431,15950.358645422117,480.64135457788325
8,24,22,16385,16418.15915199595,33.159151995951106
2,19,3,13500,15659.947945109478,2159.9479451094776
9,9,22,14546,14277.215732714067,268.7842672859333
12,17,23,16472,17112.34057895768,640.3405789576791
7,1,11,16498,16156.348330938083,341.65166906191735
1,7,18,22507,16279.097829173548,6227.902170826452
6,26,16,19191,17512.530534977413,1678.4694650225865
12,5,21,18750,17046.91506877441,1703.0849312255887
2,7,15,17764,17026.5817012274,737.4182987726017
10,29,23,13961,16089.946917626903,2128.946917626903
8,23,11,15834,16026.182325218924,192.18232521892423
7,28,20,20953,17871.279181666418,3081.7208183335824
6,11,8,14343,15018.424516785175,675.424516785175
5,6,7,14100,14540.251039088558,440.2510390885582
11,23,11,16861,16870.13326000446,9.133260004458862
5,28,10,14925,16229.106605026076,1304.106605026076
9,11,15,16436,16308.18145736475,127.8185426352502
6,25,10,13439,15350.15245821415,1911.15245821415
7,13,14,19758,17907.36895197832,1850.6310480216816
1,27,5,14607,16263.710675088209,1656.7106750882085
2,9,5,14189,15526.035373180453,1337.0353731804535
7,4,4,11587,13188.667365415718,1601.6673654157185
12,25,20,14745,16662.273519384973,1917.273519384973
9,19,11,15077,15228.997526452868,151.99752645286753
8,12,10,18879,16902.107499381487,1976.8925006185127
9,26,10,14774,14936.0080828544,162.00808285439962
12,30,15,15639,15947.12388029362,308.12388029362046
7,8,19,16656,16064.24419418047,591.75580581953
5,3,13,15094,16160.362438790598,1066.3624387905984
11,29,22,15137,16514.977205604075,1377.9772056040747
8,7,21,21366,16262.046847353495,5103.953152646505
6,11,21,14611,16168.566420548308,1557.566420548308
11,24,23,14477,15826.904499235457,1349.9044992354575
7,27,19,19912,18395.131307255906,1516.868692744094
7,6,9,18267,15979.769913154054,2287.230086845946
12,26,8,13548,15883.603945078108,2335.603945078108
9,30,2,12248,14200.321582235621,1952.3215822356215
1,3,16,15748,16891.409832313762,1143.4098323137623
4,12,18,13715,15828.885544434943,2113.885544434943
7,2,15,13716,16680.381084364813,2964.3810843648134
8,25,6,15672,14754.219901598957,917.7800984010428
11,19,15,17118,16219.40496922456,898.5950307754392
11,6,10,15469,15586.715412783618,117.71541278361838
10,21,17,15880,16019.74668222039,139.74668222038963
8,16,0,13364,15082.316533959976,1718.3165339599764
6,7,6,10545,13305.341167896897,2760.341167896897
6,8,20,16523,16492.065737083518,30.934262916482112
6,26,21,17153,17476.33340655632,323.3334065563213
5,13,13,13598,15663.917944634613,2065.9179446346134
2,2,23,17059,16865.621788521734,193.37821147826617
6,26,21,16775,16128.256912462812,646.7430875371883
12,13,12,16897,16014.491510128964,882.5084898710356
10,14,19,15443,16030.086055985463,587.0860559854627
1,21,2,16158,16425.593502743348,267.5935027433479
11,13,19,15965,15825.16331778036,139.83668221964035
7,22,19,19807,16941.646978555473,2865.3530214445273
12,19,2,14279,14673.426979443782,394.42697944378233
12,2,11,16462,16293.029160770498,168.9708392295015
9,1,11,16528,16609.61865461484,81.6186546148383
10,13,13,12241,15334.038011694578,3093.038011694578
10,30,10,15287,15272.537450758568,14.462549241432498
11,29,19,16622,16318.282493769382,303.7175062306178
10,27,9,15139,16147.573305732949,1008.5733057329489
7,7,23,14150,16153.984805641612,2003.9848056416122
6,11,17,15152,16280.761899204244,1128.7618992042444
8,3,9,15133,14822.82834304604,310.17165695396034
2,8,21,19035,17947.170282291438,1087.8297177085624
9,17,15,14971,16317.013850917825,1346.013850917825
10,11,20,13795,16124.54604520406,2329.5460452040606
9,24,9,14699,14635.687708762845,63.31229123715457
11,23,12,14979,16013.01291608028,1034.0129160802808
3,21,0,13544,14812.743177310595,1268.7431773105945
12,16,16,15815,16784.098606190793,969.0986061907934
7,4,20,17253,17103.341294917678,149.65870508232183
5,17,15,11696,15941.036023778765,4245.0360237787645
11,13,14,15726,15920.522633329318,194.5226333293176
9,15,7,15030,13688.912818719262,1341.0871812807382
2,25,11,18690,17645.24073442788,1044.75926557212
12,3,3,12236,14888.600097324124,2652.6000973241244
1,5,19,18701,17106.492837134716,1594.507162865284
5,11,22,14994,16074.118227103228,1080.1182271032285
8,15,12,17260,16605.47405646628,654.5259435337211
4,20,22,14616,16042.409043404861,1426.4090434048612
9,12,9,12770,12946.116828636528,176.11682863652823
4,27,20,16357,16071.93556571087,285.0644342891301
11,20,15,16883,16494.475418435595,388.5245815644048
1,9,6,14863,15240.070392734677,377.0703927346767
3,29,13,14105,16239.340350165625,2134.340350165625
3,3,6,14516,15007.265570571646,491.2655705716461
7,1,18,15150,16223.208715053534,1073.2087150535335
6,6,22,14366,15820.853366857984,1454.853366857984
5,8,22,14110,15772.975642467045,1662.975642467045
5,31,14,17545,16538.93761315368,1006.062386846319
8,12,22,14814,15812.094864294742,998.0948642947424
6,22,0,13399,13389.557180338466,9.442819661533576
4,24,7,13399,16120.303855627533,2721.3038556275333
1,2,20,17173,16735.07349244075,437.9265075592484
11,19,20,17139,17241.518138223248,102.51813822324766
5,13,23,12812,15756.040893696527,2944.040893696527
4,9,0,11869,15927.069733545168,4058.0697335451678
5,5,16,14460,15841.524981615732,1381.524981615732
8,18,20,20724,18034.352481603037,2689.6475183969633
6,4,2,12123,14034.305234764166,1911.305234764166
1,12,14,16703,16671.528452416405,31.471547583594656
5,12,20,16440,16140.106631001356,299.8933689986443
11,7,3,11847,13962.893456324002,2115.893456324002
6,8,16,14734,16260.486017439925,1526.4860174399255
3,21,11,17151,16505.611546661778,645.3884533382225
11,19,23,14251,16706.503826034583,2455.5038260345827
9,15,0,13027,12847.695989788417,179.30401021158286
10,14,14,13118,15948.92041071968,2830.92041071968
1,22,10,17699,16771.83718766671,927.1628123332885
2,20,13,16665,17012.90424542349,347.9042454234914
10,11,5,12197,13711.938484216325,1514.9384842163254
6,26,19,16681,16190.10382723774,490.8961727622609
11,14,5,13790,14680.758491875802,890.7584918758021
1,22,0,16307,16026.297675230604,280.702324769396
2,10,12,17698,17236.319377362,461.6806226379995
10,25,12,16269,15805.94766262233,463.0523373776705
6,30,22,17320,17389.754220473984,69.75422047398388
11,15,19,18583,17121.726283460823,1461.2737165391773
2,20,15,15285,15918.677445079331,633.6774450793309
7,12,3,13060,13326.344431755782,266.34443175578235
5,19,15,14997,15724.800510550907,727.8005105509073
3,26,20,18138,16572.24730345681,1565.7526965431898
7,1,1,14250,15672.66203408898,1422.6620340889804
2,17,22,17585,17679.80252744524,94.80252744524114
7,7,0,16484,15715.492608730216,768.5073912697844
7,26,20,21074,17930.42716655578,3143.572833444221
3,25,19,16990,16401.83612198947,588.1638780105313
10,28,22,14348,15153.02572525346,805.0257252534593
4,9,12,12060,15408.88918423501,3348.8891842350095
8,14,4,13764,14813.944189279011,1049.944189279011
7,17,17,16859,16606.287630457122,252.71236954287815
10,20,15,15684,15570.88630660601,113.11369339399062
5,16,16,14975,16251.612219946779,1276.612219946779
6,10,7,14406,15624.091083298677,1218.0910832986774
4,2,22,15005,16101.18520206004,1096.18520206004
3,10,4,13927,14428.959552104241,501.9595521042411
1,14,18,20091,17010.15355544776,3080.8464445522404
3,23,12,14467,16206.485792517484,1739.4857925174838
1,14,1,15831,15922.373247374604,91.37324737460403
5,12,3,11240,15746.037293529527,4506.037293529527
7,31,19,18417,16419.354026981116,1997.6459730188835
6,25,19,17965,18038.27909285501,73.27909285500937
2,22,7,16054,16282.718977783461,228.718977783461
3,19,15,15167,16224.667219199875,1057.667219199875
10,1,22,14974,15689.919327987001,715.9193279870015
8,6,5,12902,12280.443449457694,621.5565505423056
3,11,0,15789,15014.843039039888,774.156960960112
11,9,13,16665,15852.179778510232,812.8202214897683
2,18,8,15799,16514.634141550927,715.6341415509269
1,5,3,12831,15688.973666771155,2857.973666771155
3,29,2,12959,15333.7530391605,2374.7530391604996
2,24,17,19217,17385.940304977652,1831.059695022348
9,28,3,12010,14468.678370358482,2458.6783703584824
8,31,16,18320,17782.875078169243,537.1249218307566
11,15,22,16300,17121.131410610713,821.1314106107129
10,21,13,15318,16010.598074388934,692.598074388934
2,13,13,17836,17221.08104113243,614.918958867569
3,2,16,16554,16632.399466569495,78.39946656949542
7,17,14,20218,16815.96004217374,3402.0399578262586
5,8,6,13917,14805.352399297983,888.3523992979826
2,5,4,13371,14640.30585452293,1269.3058545229305
8,31,7,15096,15141.354771857088,45.35477185708805
12,12,9,17921,16323.59837649546,1597.40162350454
9,3,0,17266,15446.351225156408,1819.648774843592
5,25,19,19350,18070.601572842417,1279.3984271575828
4,9,23,12128,15920.277782483556,3792.2777824835557
2,13,14,17874,17263.185426679105,610.8145733208949
7,3,8,12331,14235.680685803301,1904.6806858033015
3,28,17,16077,16316.46651317453,239.4665131745296
8,16,22,16031,15892.067568540304,138.9324314596961
3,27,2,13833,15099.371331429873,1266.371331429873
11,7,13,13686,15307.573624017448,1621.5736240174483
2,10,0,14095,14833.26875705849,738.2687570584894
7,12,20,17154,16815.278190452715,338.7218095472854
6,14,21,17173,16032.964796572614,1140.0352034273856
4,5,14,17432,16471.737923547298,960.2620764527019
11,19,2,12091,13683.381092221238,1592.3810922212379
5,19,22,15281,16531.918056939718,1250.9180569397176
1,4,22,19533,17295.87965130446,2237.1203486955383
3,28,9,16246,17402.13990625272,1156.1399062527198
12,2,15,15414,16067.892891531737,653.8928915317374
5,3,23,13217,15878.946970978082,2661.9469709780824
2,15,23,15885,16481.90459980242,596.9045998024194
1,28,0,15337,15012.96669080442,324.03330919557993
10,9,9,15385,15321.697803476114,63.30219652388587
7,5,23,17357,17218.330250980816,138.66974901918366
5,17,9,14278,14999.256584083183,721.256584083183
11,18,17,16089,15973.435038281095,115.56496171890467
9,7,16,15288,16243.132872606317,955.1328726063166
9,26,3,11276,14206.831624731414,2930.831624731414
11,12,20,18451,16773.76516752712,1677.234832472881
5,18,1,11286,15849.19648214446,4563.19648214446
2,13,18,18508,17365.82106070564,1142.178939294361
9,16,4,11607,13097.264911325428,1490.2649113254283
7,24,5,13079,13734.85637100841,655.8563710084109
5,18,19,13945,15474.778068602413,1529.7780686024125
10,16,14,15191,15700.654790090432,509.65479009043156
3,30,14,17643,16332.968096937195,1310.0319030628052
2,19,0,16001,16627.03988781085,626.0398878108499
12,12,10,18967,16807.56623850355,2159.4337614964497
2,20,6,13790,14620.106046990772,830.1060469907716
7,7,4,12630,16176.714632945723,3546.7146329457228
6,19,11,16635,17010.138699741445,375.1386997414447
6,3,3,12659,13767.942431795513,1108.9424317955127
2,10,20,16508,16304.944332727986,203.05566727201403
2,14,14,15554,16372.685113704185,818.6851137041849
11,22,11,17677,16267.306936047627,1409.6930639523725
4,13,14,12292,15407.76120755612,3115.761207556119
8,8,0,14946,14988.501289322505,42.50128932250482
11,5,15,14834,15645.057976268827,811.0579762688267
10,8,16,15753,15467.191283720214,285.8087162797856
5,16,11,13879,15794.066261408996,1915.066261408996
6,1,14,13497,16160.46929538691,2663.4692953869107
11,19,7,13717,14350.06153735343,633.0615373534292
12,28,10,15345,15925.076547250992,580.076547250992
2,2,23,17690,18111.3895128744,421.3895128744007
7,2,21,18970,17266.23615019239,1703.7638498076085
8,22,20,16228,17601.990113853575,1373.9901138535752
6,17,11,14111,16134.49669799053,2023.4966979905294
3,13,2,14161,15608.694008690147,1447.6940086901468
7,1,3,12134,16127.670445492251,3993.670445492251
10,9,21,13900,15627.244273422457,1727.244273422457
5,22,23,12053,15954.11361003978,3901.11361003978
3,11,19,18132,16962.34430085379,1169.6556991462094
2,15,8,16411,16550.67842919511,139.67842919511168
7,21,3,12983,13879.125448623123,896.1254486231228
7,31,21,19696,17630.008599460016,2065.991400539984
11,9,8,14356,14963.7544266107,607.7544266106997
5,17,23,13882,16149.333636860812,2267.3336368608125
2,15,8,19440,16527.140149557086,2912.8598504429137
12,23,0,15167,14153.223233562756,1013.7767664372441
3,30,4,12628,15036.699715375158,2408.699715375158
1,15,11,17013,16745.78860071725,267.2113992827508
4,5,13,15477,16524.631628750703,1047.6316287507034
2,6,16,16276,16288.195419082977,12.195419082976514
11,16,19,17568,15098.457638002908,2469.5423619970916
12,20,3,14607,15067.517186341573,460.5171863415726
9,23,5,12128,14455.453456913088,2327.4534569130883
11,14,2,12608,15734.5722659556,3126.5722659555995
6,27,6,13941,15447.26553575665,1506.2655357566491
4,24,12,15328,16001.621869253295,673.6218692532948
12,6,3,13107,15522.624661812035,2415.624661812035
9,28,15,14973,15792.617453574425,819.6174535744249
12,11,4,14309,13990.828972608586,318.1710273914141
8,12,4,14551,16412.522955945395,1861.5229559453946
9,20,15,16554,16879.669126194916,325.6691261949163
1,11,2,14905,15289.80989654738,384.80989654738005
1,1,20,18976,16376.878026845327,2599.1219731546735
12,3,13,16509,16042.820650754524,466.17934924547626
12,11,0,13881,13621.106064661373,259.89393533862676
7,26,23,16752,16574.368720146605,177.63127985339452
10,25,19,17201,16227.371966452667,973.628033547333
1,7,18,18266,16595.837011815318,1670.162988184682
6,26,16,19679,17657.016049177924,2021.9839508220757
7,20,6,14533,14989.724065568202,456.7240655682017
12,22,2,13743,13848.307233947256,105.30723394725646
12,23,6,15619,15753.305074804879,134.30507480487904
4,9,9,12389,15791.25414189311,3402.2541418931105
10,5,22,13889,15366.490949869063,1477.4909498690631
10,10,20,16276,16015.311582670582,260.68841732941837
4,24,14,13547,15959.63561704249,2412.6356170424897
12,29,14,16965,15908.202341310965,1056.7976586890345
6,20,13,20401,17714.66983135765,2686.330168642351
5,7,16,14369,16245.472234292658,1876.472234292658
1,9,16,15869,16117.42561358506,248.42561358505918
8,11,23,15061,16171.735486117723,1110.7354861177228
3,26,21,15572,16217.191059456305,645.1910594563051
7,4,19,15833,17875.518085494063,2042.5180854940627
3,8,16,16214,16191.020508822352,22.979491177648015
6,14,21,16620,16217.60161271217,402.3983872878307
11,13,5,11324,15169.323045567127,3845.3230455671273
7,3,2,12110,15687.214421735958,3577.2144217359582
9,15,14,15513,15154.026731186279,358.973268813721
12,26,13,13955,16418.476161271006,2463.4761612710063
4,30,2,13071,15596.942842602304,2525.942842602304
11,5,7,12082,14563.896033405079,2481.896033405079
4,15,19,15714,16092.150638694919,378.1506386949186
10,11,19,16869,15516.507799156932,1352.4922008430676
2,3,8,19772,16689.842880482924,3082.1571195170764
6,3,14,15798,15898.403196551593,100.40319655159328
11,29,16,16018,15915.038829347926,102.96117065207363
10,5,21,15586,15625.648406616092,39.64840661609196
5,12,6,12766,15601.986400467717,2835.9864004677165
1,21,2,16245,16896.66793234351,651.6679323435092
6,19,15,17669,16080.405412836535,1588.594587163465
5,7,2,11280,15639.653965375708,4359.653965375708
3,5,13,14543,16241.953669967426,1698.9536699674263
7,16,15,16720,16173.570495887727,546.4295041122732
7,3,0,16117,15681.054632906962,435.94536709303793
9,9,15,14793,15607.778408501441,814.7784085014409
10,19,19,15603,15833.377128971462,230.3771289714623
3,9,5,13521,15530.515104664995,2009.5151046649953
1,17,17,19188,17638.81153461081,1549.1884653891902
11,26,21,17792,16922.594150528654,869.4058494713463
11,3,16,15050,16098.05346689703,1048.0534668970304
6,9,20,15819,16315.216255695848,496.2162556958483
5,9,23,13011,16022.892818358101,3011.892818358101
1,20,5,14142,15968.779278274624,1826.7792782746237
7,16,6,11671,14128.086259513606,2457.086259513606
3,3,21,19410,17150.017975583665,2259.9820244163348
1,7,6,16095,16462.560898549087,367.56089854908714
7,31,11,16408,15631.390237735857,776.6097622641428
12,2,12,16478,16372.953735142217,105.04626485778317
1,29,1,16000,16175.019883576928,175.0198835769279
12,17,4,13838,14111.546393412678,273.5463934126783
10,29,9,16313,15974.09723507587,338.9027649241307
11,17,4,12269,14363.787718642841,2094.7877186428414
4,9,21,16351,16192.661602085342,158.33839791465834
12,11,1,14910,13684.807068671362,1225.1929313286382
8,6,6,13762,13838.769817575714,76.76981757571411
3,4,20,18077,17031.95664665175,1045.04335334825
7,25,9,15913,14447.952532945203,1465.0474670547974
10,18,7,15306,13202.037521920593,2103.9624780794074
6,7,8,15005,14415.290778496497,589.7092215035027
7,15,16,18446,17239.22632396636,1206.773676033641
4,19,9,15258,15298.954159176552,40.95415917655191
10,13,15,14678,16258.115553535312,1580.1155535353118
5,25,23,14714,16455.29362289304,1741.2936228930412
1,9,23,16751,17006.075474708257,255.0754747082574
2,27,18,20009,16825.2436523166,3183.7563476834002
10,16,17,16183,15710.386374214931,472.6136257850685
2,20,13,14704,16229.124855406068,1525.1248554060676
7,26,8,15271,14853.592802153058,417.4071978469419
10,9,12,14063,15643.06597234541,1580.06597234541
8,22,1,13006,13097.822108817712,91.82210881771243
8,26,22,18195,16919.629441905818,1275.3705580941823
1,17,17,18472,17544.21875700554,927.7812429944606
11,29,6,11935,15347.22042737998,3412.22042737998
1,29,4,15473,16836.145379839592,1363.1453798395924
11,25,3,12691,14173.393097806696,1482.3930978066965
8,29,17,21871,16543.39371610752,5327.606283892481
1,22,19,19126,16964.26398987808,2161.73601012192
4,23,3,12182,15851.098180389903,3669.098180389903
3,15,21,16428,16639.155297497924,211.15529749792404
7,2,22,16612,16555.44041512192,56.55958487807948
7,26,22,15783,17219.113199789717,1436.1131997897173
12,7,22,17837,17308.61565166059,528.3843483394085
12,1,8,15791,16322.98574451694,531.98574451694
9,7,14,20741,16418.75682921439,4322.2431707856085
4,16,10,12256,15568.01689311838,3312.01689311838
4,23,4,12055,15113.026388733693,3058.0263887336932
2,24,18,19008,17126.229164272285,1881.7708357277152
11,26,9,16949,16467.258866234864,481.7411337651356
10,18,23,13669,16365.229690033562,2696.2296900335623
2,6,23,17011,16885.134202711524,125.86579728847573
6,3,11,13880,15364.345693794497,1484.3456937944975
9,20,7,15774,13769.69058576392,2004.3094142360806
6,6,6,12614,14818.912579431671,2204.9125794316715
2,15,21,20167,17010.734598477524,3156.265401522476
6,20,16,16607,16385.48586756019,221.51413243981006
7,2,15,14553,16770.264393426085,2217.264393426085
5,10,13,14697,15431.266351747478,734.2663517474775
3,31,17,16414,16751.093055918103,337.09305591810335
3,4,10,17833,16635.210947476553,1197.789052523447
3,27,12,15967,15945.093035481677,21.90696451832264
3,9,17,16985,16607.711521573507,377.2884784264934
5,10,5,12113,15984.007476922478,3871.0074769224775
12,11,0,15745,13654.690159808737,2090.309840191263
7,13,21,17733,16723.011686628357,1009.988313371643
4,19,21,16146,16464.569516857253,318.5695168572529
11,29,12,17435,16599.807597096013,835.1924029039874
11,23,9,15851,16071.567622352379,220.56762235237875
6,28,0,13328,14313.868951133525,985.8689511335251
1,30,0,16856,16823.74103472233,32.25896527766963
12,3,7,14903,15017.25926648724,114.2592664872409
8,20,22,17201,16137.935285321615,1063.064714678385
8,12,22,17492,16762.564953634443,729.4350463655574
9,27,5,11490,14809.179857879002,3319.179857879002
8,11,11,14702,15444.961052792713,742.9610527927125
2,4,5,16289,16595.230363573155,306.23036357315505
7,25,3,12308,15135.221732347,2827.2217323469995
11,10,10,16770,15429.957477165286,1340.042522834714
5,9,4,11748,14311.481817730704,2563.4818177307043
12,27,13,15467,16627.62116410478,1160.6211641047812
9,11,13,16063,15021.835798435754,1041.1642015642465
10,4,6,14422,14226.665820284039,195.334179715961
6,23,23,14733,15841.178150638669,1108.1781506386687
9,30,9,16133,15131.14886630937,1001.8511336906304
7,23,5,14041,15474.652561070117,1433.6525610701174
12,16,10,15673,16128.365056841287,455.3650568412868
4,23,1,11571,15787.428716201339,4216.428716201339
2,16,21,19146,17513.712158479848,1632.2878415201521
1,9,21,18334,17005.67234579359,1328.3276542064086
2,12,10,17067,16844.053858070285,222.94614192971494
5,1,22,15504,15566.563829753,62.56382975300039
7,24,14,17849,16857.60869093533,991.3913090646711
7,16,10,14748,16618.23730500062,1870.2373050006208
7,6,6,14472,14407.18952739577,64.81047260422929
7,3,12,14232,16932.56207261549,2700.5620726154884
12,16,18,17978,17060.64036331563,917.3596366843703
12,16,3,14682,14401.189774906135,280.8102250938646
8,11,8,16441,15144.41981830722,1296.5801816927797
10,5,21,14840,15408.41837603115,568.4183760311498
12,14,16,17255,16299.813696998828,955.1863030011718
1,11,22,16772,15906.790977771308,865.2090222286915
2,10,9,17728,16818.27127502689,909.7287249731089
1,19,14,18605,17704.801463391654,900.1985366083463
7,11,22,16562,18238.995585173197,1676.9955851731975
11,29,17,19821,17349.503246684013,2471.496753315987
10,30,19,16975,15950.097521630953,1024.9024783690475
1,19,16,18083,17503.53825297209,579.4617470279118
5,15,18,15348,16182.068480120593,834.0684801205934
1,3,18,17675,15883.330468837583,1791.6695311624171
7,29,4,11285,13209.118200542063,1924.1182005420633
10,22,10,13057,15668.121807377334,2611.1218073773343
4,7,19,17150,16075.12096060284,1074.8790393971594
7,17,11,18270,17099.457840526495,1170.5421594735053
1,18,12,18524,16487.153955789254,2036.8460442107462
8,21,13,17598,16869.49527984532,728.5047201546804
1,3,17,18121,16735.050737310165,1385.9492626898355
4,2,20,16627,15961.865067534532,665.1349324654675
8,26,15,22093,18421.899677981037,3671.100322018963
1,9,18,19996,16083.043856348038,3912.9561436519616
11,27,7,12954,14676.651039117576,1722.6510391175761
4,25,17,12203,16188.41057144887,3985.4105714488705
11,10,6,12802,16059.277204082739,3257.2772040827385
5,24,11,14093,15953.81872992905,1860.8187299290494
12,22,2,16860,16330.90934468982,529.0906553101795
12,15,20,18982,17042.6993778669,1939.3006221331016
8,5,16,18317,17028.14478019528,1288.8552198047182
3,13,4,14560,15952.263928066766,1392.2639280667663
3,15,15,17431,16847.129250494236,583.8707495057643
6,4,18,17950,17719.254262334576,230.7457376654238
9,27,9,14764,15086.326469199183,322.3264691991826
9,17,4,12073,14206.812774676477,2133.8127746764767
1,6,13,16738,16450.85095526916,287.1490447308388
12,20,1,14227,15639.039791475945,1412.039791475945
11,5,15,13189,15278.929971527785,2089.929971527785
5,13,2,11726,13518.857146906816,1792.8571469068156
6,23,11,18173,16333.269619293793,1839.7303807062071
10,21,20,15723,15917.926702930172,194.9267029301718
7,4,14,18485,16824.528408411614,1660.4715915883862
11,13,12,16966,16715.23133779879,250.76866220121155
3,7,20,19753,17875.841177389848,1877.1588226101521
2,27,2,13870,15156.86343245055,1286.8634324505492
10,27,5,12300,15855.77045397946,3555.7704539794595
12,23,13,15851,15615.660159021114,235.33984097888606
3,19,1,14142,14862.105030471781,720.105030471781
7,23,9,14157,15749.191643352555,1592.1916433525548
9,11,11,17719,16072.988183800182,1646.011816199818
6,28,11,18519,17394.17667876598,1124.82332123402
8,29,3,13774,14604.824831744654,830.8248317446541
5,13,21,17004,16834.027076405677,169.97292359432322
10,4,12,14244,15736.939087324892,1492.9390873248922
5,9,9,14176,15545.194750380815,1369.194750380815
8,10,23,15608,16129.425956150786,521.4259561507861
11,17,13,17179,16227.130242443,951.8697575570004
1,7,4,14983,16359.273436270962,1376.2734362709616
9,12,2,12314,13499.26991418575,1185.2699141857502
2,22,22,15871,15886.886212583559,15.886212583558518
9,2,13,18006,16658.67890003333,1347.3210999666699
2,28,6,12904,15600.228615996068,2696.2286159960677
7,22,23,15492,16099.203458668886,607.203458668886
2,13,6,17581,16581.50521403688,999.4947859631211
5,3,10,12532,15566.933752500367,3034.9337525003666
2,20,23,17058,17294.442683919635,236.44268391963487
6,15,10,14027,14939.666283094115,912.666283094115
10,6,20,16770,15060.224570744382,1709.7754292556183
7,20,17,20716,16627.506897629828,4088.493102370172
11,1,11,16116,15482.402041182213,633.597958817787
6,29,2,14168,14627.957973678082,459.95797367808154
4,17,5,13666,14617.964853550184,951.9648535501838
9,15,5,11002,13084.694671986199,2082.694671986199
7,3,15,14994,16834.453796943173,1840.453796943173
11,22,2,13955,14729.076135925856,774.0761359258559
10,21,22,14074,16469.9802568628,2395.9802568628
1,1,15,14690,16679.115592896687,1989.1155928966873
1,9,19,19587,16994.893642017356,2592.106357982644
5,27,2,11200,15312.278413417864,4112.278413417864
9,18,0,12068,14664.022527132736,2596.0225271327363
7,21,5,13166,13238.868752104132,72.868752104132
6,15,19,16614,16252.019214468392,361.9807855316085
2,1,12,18368,17517.600445643602,850.3995543563979
5,3,17,16376,16287.511100081652,88.48889991834767
2,4,13,16305,16617.208167419005,312.2081674190049
4,28,11,14368,15959.867570332735,1591.8675703327353
12,19,17,17407,17150.111030828753,256.8889691712466
8,16,4,13246,14564.218584092945,1318.218584092945
3,16,12,16037,16013.559539262596,23.440460737403555
4,24,11,13108,15916.043753894119,2808.0437538941187
2,25,3,15581,16716.07843953991,1135.0784395399096
7,2,8,13494,14627.973072058952,1133.9730720589523
1,25,19,19542,17669.73734996949,1872.2626500305087
12,2,3,14417,15843.261837210017,1426.261837210017
2,28,13,14222,16016.945939098554,1794.945939098554
1,22,1,15152,15488.198356902725,336.1983569027252
6,3,19,17090,16973.37658721402,116.62341278597887
8,3,13,20403,17847.9420072793,2555.0579927207
6,2,11,16921,16327.963367698727,593.0366323012731
8,31,0,12734,14087.03010798829,1353.0301079882902
3,17,12,15168,16246.147831232358,1078.147831232358
6,21,16,15349,16326.280775771951,977.2807757719511
11,12,13,17430,17120.04379997913,309.9562000208716
10,5,19,16797,16366.879309371387,430.1206906286134
4,7,7,13047,15670.430045546775,2623.4300455467746
3,30,9,14712,16351.254559593292,1639.2545595932916
4,14,7,12679,15579.861800817325,2900.8618008173253
4,21,20,13668,16039.340627857857,2371.340627857857
2,18,17,18802,17054.017862009816,1747.9821379901841
4,6,19,17553,15940.925277970962,1612.0747220290377
6,2,2,12662,14083.681427207734,1421.6814272077336
12,3,5,12151,15030.966891197502,2879.9668911975023
10,4,16,14529,15635.394338534148,1106.3943385341481
2,15,18,16926,15633.625531587617,1292.374468412383
7,10,7,15073,14036.578220019885,1036.4217799801154
5,13,16,12399,15965.389519988967,3566.3895199889666
9,5,4,11488,14129.971405688493,2641.971405688493
5,8,11,12780,15790.1318230439,3010.131823043899
9,10,17,16383,16476.71026817937,93.71026817936945
5,4,5,12006,14248.48575175446,2242.4857517544606
12,30,14,15568,16279.589764511633,711.5897645116329
4,16,7,16112,14822.656911152164,1289.343088847836
8,25,22,14437,15268.049026898949,831.0490268989488
5,12,18,13338,16028.789286367204,2690.789286367204
5,18,13,14002,15835.600383107785,1833.600383107785
10,23,15,14395,16546.126734322075,2151.126734322075
5,25,7,11886,13957.487177944662,2071.487177944662
2,15,4,13557,13767.33333576151,210.33333576151017
4,12,4,13237,14235.418559099078,998.4185590990783
6,8,12,15290,15901.511617294727,611.5116172947273
1,27,19,19124,16419.168455260096,2704.8315447399036
10,11,18,14665,15261.334363869522,596.3343638695223
7,31,22,18643,16833.864501424065,1809.1354985759353
11,15,18,18028,15867.488829164422,2160.511170835578
8,6,1,12872,13406.729786293705,534.7297862937048
6,29,20,18101,16634.803768190548,1466.196231809452
3,24,22,14515,16795.1431563359,2280.1431563359
3,21,16,16186,16263.601475519552,77.60147551955197
1,30,19,19160,17100.33134881892,2059.6686511810803
2,7,10,19558,17547.55111377532,2010.4488862246799
9,19,0,11995,15108.924147736703,3113.924147736703
9,19,19,19618,17856.861682223403,1761.1383177765965
6,27,11,16920,16187.357858593028,732.6421414069719
3,5,19,20433,17574.767649889123,2858.2323501108767
8,1,22,17665,16891.404486052477,773.5955139475227
11,7,9,16864,16438.2413055883,425.75869441169925
2,19,5,16890,16613.1422546025,276.8577453975013
8,22,0,13546,13536.739442454922,9.260557545077972
3,6,6,13042,15521.560877648431,2479.5608776484314
12,28,14,16024,16960.763929094195,936.7639290941952
12,13,13,17927,17204.57731308642,722.4226869135782
3,16,2,13078,15164.57083904064,2086.57083904064
3,3,18,18733,16597.176587581005,2135.823412418995
1,4,9,16278,16471.1471861329,193.14718613290097
3,16,15,15993,16371.030684388135,378.03068438813534
7,24,20,16101,16707.922746173947,606.9227461739465
9,27,9,15001,14378.497013392436,622.5029866075638
2,27,9,16276,15824.989152597798,451.01084740220176
3,11,15,14532,16145.201791985672,1613.2017919856717
8,25,20,18126,17052.181716396903,1073.8182836030974
9,23,19,17005,15311.329420200515,1693.6705797994855
9,9,16,12714,15009.623556056094,2295.6235560560945
10,26,18,15962,15905.948532248429,56.05146775157118
1,6,23,18456,17582.20768210558,873.7923178944184
8,10,0,15862,15346.414619974676,515.5853800253244
10,1,20,16416,15831.288624960422,584.7113750395783
7,28,11,19742,16884.924331790917,2857.0756682090832
5,12,0,12817,15814.975568397986,2997.9755683979856
2,20,2,15003,16016.805987961716,1013.8059879617158
7,16,22,15746,15840.6451468389,94.64514683890047
8,14,5,13377,13123.88008652973,253.11991347026924
7,23,20,20547,17420.057042031778,3126.942957968222
7,19,4,12948,12699.505774027424,248.4942259725758
11,30,3,13906,14747.072622725189,841.0726227251889
2,3,3,14637,16264.396765074307,1627.396765074307
9,8,17,17440,16160.364037037412,1279.6359629625877
5,16,11,11642,15686.842047181477,4044.842047181477
3,5,7,14821,16194.519042885799,1373.5190428857986
3,7,20,18335,16439.166490938045,1895.8335090619548
12,23,13,14825,16075.581968828017,1250.5819688280171
7,13,23,15451,16292.636055490866,841.636055490866
4,6,0,12571,15792.166555613345,3221.166555613345
11,1,0,12772,14473.296840787367,1701.2968407873668
6,8,14,15112,16432.22682909712,1320.2268290971188
2,3,7,15304,15183.767746526213,120.23225347378684
3,19,1,12843,14749.231842784673,1906.231842784673
11,28,12,16826,16863.087133897385,37.087133897384774
2,29,10,17730,16659.780212112975,1070.2197878870247
3,5,23,17983,17444.72145721864,538.2785427813615
4,8,17,14207,15961.940370223234,1754.940370223234
1,27,16,15809,16189.896194619076,380.8961946190757
11,25,11,16935,16095.31206511215,839.6879348878501
2,14,14,16233,16470.31065338,237.31065337999826
6,5,23,12971,15995.743694328645,3024.743694328645
5,16,3,12511,15070.652198858417,2559.6521988584173
5,28,4,12486,14825.090248749335,2339.090248749335
1,18,4,14588,16096.430109747216,1508.4301097472162
5,10,9,14128,15486.127645361496,1358.1276453614955
1,27,1,13825,15982.086239699933,2157.086239699933
1,24,16,17471,17006.656562277494,464.34343772250577
11,9,20,16205,17042.286089387624,837.2860893876241
3,17,4,12514,15520.756662335192,3006.7566623351922
6,16,0,12591,15083.85789716051,2492.8578971605093
1,10,13,17097,16530.021334988916,566.9786650110836
4,18,22,14506,16170.381508341268,1664.3815083412683
7,19,9,14378,13934.02543742233,443.97456257767044
8,4,16,20558,16664.582392718898,3893.4176072811024
12,21,5,13535,14987.993116354823,1452.9931163548226
6,30,10,15950,15769.324535105889,180.67546489411143
7,4,18,20701,16627.424297479014,4073.575702520986
11,13,8,17555,16925.931862981288,629.0681370187122
1,17,11,15435,16611.529097802384,1176.529097802384
5,11,4,11740,15911.409720083158,4171.409720083158
3,28,3,12806,13778.627549000938,972.6275490009375
3,21,5,13465,16187.661887726746,2722.6618877267465
8,4,0,15659,15574.065331817454,84.93466818254637
2,8,2,14085,14390.705761682559,305.70576168255866
9,8,17,21817,17079.5229157812,4737.477084218801
7,29,6,15380,14227.103016473851,1152.8969835261487
7,31,1,14894,15499.72502893946,605.7250289394597
4,15,3,10471,15646.162092726085,5175.162092726085
10,2,0,13087,14247.174290465842,1160.1742904658422
9,10,5,12077,12513.35311235751,436.3531123575103
7,6,18,23173,16570.319217510652,6602.680782489348
3,30,3,12210,15348.862338980778,3138.862338980778
9,22,3,12256,14160.85147144341,1904.8514714434095
12,11,17,16727,15369.482109203622,1357.5178907963782
6,5,20,17919,17792.420121711282,126.57987828871774
8,30,19,17404,17050.61442651042,353.38557348958057
9,11,9,16045,14712.984554126819,1332.0154458731813
1,7,0,15669,15402.963661573187,266.036338426813
11,22,19,18921,17329.141539322012,1591.8584606779878
10,13,15,13404,15379.590341132149,1975.5903411321488
1,2,2,12662,15067.408588005195,2405.4085880051953
12,6,3,13750,15909.01033413339,2159.0103341333906
6,8,2,11644,13958.327576460186,2314.327576460186
6,24,15,19170,17433.09651476275,1736.9034852372497
9,18,7,12548,14364.691210656223,1816.6912106562231
7,29,13,19031,16866.604674892707,2164.3953251072926
5,10,10,12422,15579.353231499292,3157.3532314992917
11,19,13,15247,16184.072555968673,937.0725559686725
9,9,12,19546,17248.99145261368,2297.0085473863182
7,4,1,15375,15388.105288726127,13.105288726126673
3,24,13,14150,16050.124257268082,1900.1242572680821
3,23,4,13634,15335.698350588595,1701.6983505885946
10,1,7,11906,14904.738188831301,2998.738188831301
4,24,20,16934,15877.864381984566,1056.1356180154344
4,28,19,14187,16020.933468980431,1833.933468980431
3,21,10,15060,15974.537102555998,914.537102555998
6,5,9,15095,15119.32047847072,24.320478470719536
5,24,3,11328,12384.521636187696,1056.5216361876955
5,6,10,12406,15761.214595303094,3355.214595303094
11,7,8,12991,14783.921688758106,1792.921688758106
5,9,16,15868,16720.296741701633,852.2967417016334
7,5,12,16845,16821.90445739242,23.095542607581592
7,5,10,18264,16789.96068884457,1474.0393111554295
9,7,5,15904,15154.548663475225,749.4513365247749
5,9,12,13169,16278.339744782978,3109.3397447829775
3,7,17,16727,16155.909433142413,571.090566857587
11,8,10,15663,15962.552212117134,299.55221211713433
4,2,2,11767,15472.990630926108,3705.9906309261078
7,30,22,20683,16623.827160695266,4059.172839304734
2,17,14,14497,16346.176981731107,1849.176981731107
11,30,8,16908,16315.035778171488,592.9642218285117
3,19,23,14533,16748.400854407264,2215.400854407264
1,29,18,21508,17894.731838999236,3613.268161000764
6,29,10,16925,16206.229270292755,718.7707297072448
8,2,7,15814,13853.269237641654,1960.7307623583456
1,28,21,20191,17653.95829986859,2537.041700131409
12,26,1,15243,16323.312691830306,1080.312691830306
11,29,9,17825,16781.66511626388,1043.334883736119
10,15,2,11622,15259.408058147066,3637.408058147066
7,17,20,15862,17125.19600959225,1263.1960095922514
7,31,21,17364,16352.910046005449,1011.0899539945513
8,3,12,19522,17764.205458645665,1757.7945413543348
3,9,12,14624,16282.508210462434,1658.5082104624344
12,2,16,17771,16680.87676211433,1090.1232378856694
8,2,15,19980,17964.336477777364,2015.663522222636
6,3,18,15704,16146.07297356187,442.07297356186973
1,11,16,18175,16834.13624783067,1340.8637521693308
8,24,4,12662,14856.144609087301,2194.1446090873014
5,2,15,14960,15941.073697882064,981.0736978820642
5,24,8,14896,14376.91003819256,519.08996180744
12,11,15,16903,17221.063134287415,318.06313428741487
9,26,9,15424,14463.378487721002,960.6215122789981
5,1,23,13125,16235.38144814998,3110.3814481499794
9,24,8,15573,14799.344735099085,773.6552649009154
4,30,10,14400,15720.39168608313,1320.3916860831305
1,21,22,19507,17324.879781824486,2182.1202181755143
1,27,7,16675,16090.406817770358,584.5931822296425
10,23,15,14318,14869.358039318347,551.3580393183474
2,22,14,18162,17025.747870535324,1136.2521294646758
11,10,2,13600,16022.021709874918,2422.021709874918
7,21,9,16680,15196.561045185092,1483.4389548149084
10,8,22,15206,15676.278333119471,470.2783331194714
11,21,2,12797,15547.145664188887,2750.145664188887
3,14,9,16995,16620.929265614726,374.0707343852737
12,29,4,13472,15431.528160703387,1959.5281607033867
10,4,14,15503,15933.490306549778,430.4903065497783
12,9,8,18390,16183.823796903942,2206.176203096058
8,10,14,20644,17186.08821247854,3457.9117875214615
4,16,20,15340,16262.664655331246,922.6646553312457
1,8,17,17795,16799.780288721264,995.2197112787362
8,23,18,16770,17056.02350629306,286.02350629305874
7,11,2,11659,13847.323534447045,2188.323534447045
6,28,21,18093,17499.26636188803,593.7336381119712
2,4,0,15979,16310.492426006378,331.4924260063781
12,6,7,13600,15860.800411993523,2260.800411993523
1,20,8,17481,16892.50769387772,588.4923061222798
6,16,9,16868,15378.96548808564,1489.0345119143603
10,21,3,11829,13357.939754137233,1528.9397541372327
12,3,7,16307,15496.162097082262,810.8379029177377
1,8,5,13914,15882.864309753866,1968.864309753866
1,21,0,16072,15993.796834228655,78.20316577134508
6,5,5,12052,14480.703136177375,2428.703136177375
11,17,3,12545,13497.372633541054,952.3726335410538
9,8,0,12169,12686.816800790762,517.8168007907625
9,12,12,17022,15905.954162245713,1116.0458377542873
6,19,4,13069,13637.908432914268,568.9084329142679
6,4,17,18328,17776.56591438375,551.4340856162489
10,5,12,15185,15999.524942752967,814.524942752967
7,11,12,17915,16490.64832551787,1424.3516744821318
11,29,12,17472,17198.603646542546,273.3963534574541
9,13,6,13376,12788.530582986956,587.4694170130442
4,20,19,14579,15834.697839596967,1255.6978395969672
8,25,0,14236,14973.460717501195,737.4607175011952
11,22,5,12069,15379.574088304227,3310.574088304227
7,18,3,12837,13316.186700669932,479.1867006699322
8,22,9,17504,15894.33620285866,1609.6637971413402
3,14,14,16404,16158.98737048016,245.01262951984063
6,2,11,14319,15573.04941853486,1254.0494185348598
6,14,6,13179,14140.78836456261,961.7883645626098
10,9,13,15118,16239.70256535901,1121.70256535901
10,25,2,11319,13740.476665169259,2421.476665169259
8,12,1,13860,14257.872747172076,397.87274717207583
7,18,17,20795,17480.902008132343,3314.0979918676567
12,1,3,14070,15110.537122186226,1040.537122186226
11,15,8,16658,16426.12185144855,231.87814855144825
4,25,16,14394,16203.414795587616,1809.414795587616
12,18,18,18656,17731.639420965694,924.3605790343063
6,16,9,13273,14569.01718387067,1296.0171838706701
9,11,17,19016,17043.13540918417,1972.8645908158287
3,27,0,14211,15906.090451745256,1695.0904517452564
8,11,12,14821,17432.01165008424,2611.0116500842414
7,30,18,17402,16447.419988842452,954.5800111575481
12,18,12,17809,16557.267243835722,1251.7327561642778
12,1,3,12768,13823.007570912821,1055.0075709128214
11,9,7,14810,14907.26880170344,97.26880170343975
2,22,8,17482,16850.00006457128,631.9999354287211
3,11,23,14774,16429.245119961313,1655.2451199613133
11,14,8,17231,17014.014852376113,216.98514762388731
4,3,11,16050,16357.089784209253,307.0897842092527
11,23,9,17247,17079.480281350476,167.5197186495243
2,2,1,16004,15687.415065061017,316.58493493898277
6,28,0,16196,16323.891793211644,127.89179321164374
6,10,16,15255,16767.48282748865,1512.4828274886495
11,7,2,12829,14410.077714576346,1581.077714576346
7,12,13,17033,16403.090814455907,629.9091855440929
1,19,21,19851,17743.507665219087,2107.4923347809126
10,18,19,16331,15079.693599432043,1251.306400567957
3,18,9,16318,16374.732234278836,56.732234278835676
4,11,5,12667,15537.093490685662,2870.093490685662
5,6,4,11510,14071.863906525596,2561.8639065255957
6,11,4,12390,15496.190615334004,3106.190615334004
3,22,16,14875,15999.659704696036,1124.659704696036
7,16,14,18187,17176.072961491096,1010.9270385089039
5,10,23,13015,15848.343623533396,2833.3436235333957
1,10,21,18516,17361.322393753762,1154.6776062462377
6,15,21,14231,15945.014990614447,1714.014990614447
5,11,19,15358,16223.55930411946,865.5593041194606
7,15,14,20041,18278.939572744224,1762.0604272557757
7,24,9,16554,15396.377360564595,1157.6226394354053
11,17,14,15613,16503.2086988336,890.2086988336014
10,7,4,12101,12606.570230975276,505.570230975276
1,6,2,15342,16904.902463417002,1562.9024634170019
9,8,7,18235,15087.581902792606,3147.4180972073937
11,20,22,18866,18092.49618145812,773.5038185418816
7,19,2,13274,15281.90029687703,2007.9002968770292
9,7,11,13776,14538.543557174986,762.5435571749858
9,21,16,18177,17226.83037959337,950.1696204066284
1,25,11,18316,16544.07560963672,1771.9243903632814
5,6,8,11722,15272.208435081595,3550.208435081595
6,14,11,11579,15273.896342509443,3694.8963425094425
5,13,6,11362,15667.447709453709,4305.447709453709
3,2,17,17050,16483.673876743673,566.3261232563273
8,7,7,13828,12931.150618006877,896.8493819931227
9,25,3,11612,14038.711327244891,2426.7113272448914
8,11,4,14663,15424.389505026986,761.3895050269857
1,17,14,18305,17449.150124026422,855.8498759735776
2,22,2,13947,15042.710616821036,1095.7106168210357
12,12,19,19391,16860.312955791615,2530.6870442083855
7,31,10,16100,14988.989569072837,1111.0104309271628
1,1,4,12360,16852.49701592022,4492.49701592022
9,12,13,14818,16668.444461683477,1850.4444616834771
6,28,22,15869,16265.269679795774,396.2696797957742
8,26,3,12695,15510.974272012127,2815.9742720121267
6,30,5,12483,13449.398588858348,966.3985888583484
10,2,17,17705,16474.934884779483,1230.0651152205173
7,10,23,18631,17102.55582210456,1528.4441778954388
9,28,18,16360,15875.101788326068,484.89821167393166
10,27,1,12759,15522.601862350666,2763.601862350666
12,2,8,17509,16481.78820375352,1027.21179624648
3,9,10,16804,16685.121838711526,118.87816128847408
3,21,17,13705,16206.60560793396,2501.6056079339596
3,28,12,16837,16977.626215354794,140.6262153547941
2,14,15,16661,16426.236437095147,234.76356290485273
12,12,16,17872,18046.23650561458,174.23650561457907
11,4,9,15546,16111.645923849375,565.6459238493753
10,13,20,16523,15571.6958002103,951.3041997896999
6,30,17,16261,16270.231509760915,9.231509760915287
5,10,5,12695,14249.373571361366,1554.373571361366
10,13,20,16612,15634.174391009226,977.8256089907736
2,11,14,16982,16855.876448701394,126.12355129860589
2,3,10,19935,16971.953756752464,2963.046243247536
10,22,5,12847,14641.616044760598,1794.616044760598
4,21,15,12551,15948.723158934683,3397.723158934683
5,14,12,13359,15987.727984193467,2628.727984193467
11,23,8,16828,16267.720424054942,560.2795759450582
3,9,0,15388,14736.426354110914,651.573645889086
10,7,3,11818,14120.182761219648,2302.1827612196485
10,26,2,12884,15174.134187514479,2290.134187514479
11,21,20,15933,16829.545716952893,896.5457169528927
8,24,18,18846,18115.128072766893,730.8719272331073
12,3,5,14163,15641.88358904999,1478.8835890499904
9,10,20,17257,16845.69045700263,411.30954299736914
6,9,19,16901,16758.107811973212,142.89218802678806
11,9,11,16589,16545.82285672868,43.177143271321256
11,11,7,14866,14332.916854067451,533.0831459325491
4,21,8,16031,16637.838812661044,606.8388126610444
4,26,11,13941,15973.939315352116,2032.939315352116
3,31,10,16503,16326.862904926957,176.13709507304338
11,21,13,17500,17053.46128466352,446.5387153364791
11,30,15,16790,16493.637511410172,296.362488589828
2,27,0,14858,15101.968215605526,243.96821560552598
12,18,9,18368,16521.02192133939,1846.9780786606098
6,2,21,15986,15920.16636703928,65.83363296071911
6,24,11,14665,15869.91962352361,1204.9196235236104
5,5,10,15773,15422.356587274991,350.6434127250086
3,31,11,13105,15976.066270095762,2871.066270095762
6,1,18,15121,15739.910505078224,618.9105050782237
5,3,14,14802,16181.929664637872,1379.9296646378716
2,18,12,17380,17028.5328967095,351.4671032904989
12,17,3,13259,15976.667542001544,2717.6675420015436
10,22,9,13129,15933.154813250869,2804.1548132508688
3,17,9,14809,16681.29045163844,1872.2904516384406
9,24,11,13350,15765.275998051302,2415.275998051302
1,15,1,16688,16183.177191388366,504.8228086116342
10,13,23,13648,15110.6178950146,1462.6178950146004
3,28,20,16918,16313.217285477327,604.7827145226729
9,13,17,15754,16760.148915041165,1006.1489150411653
2,7,11,17562,16102.44152730491,1459.5584726950892
12,21,14,17489,16814.61632176239,674.3836782376093
4,2,17,16241,15768.828372070106,472.1716279298944
2,3,6,17208,17000.320355114833,207.67964488516736
6,22,17,18150,16516.156643570284,1633.8433564297156
11,5,2,12293,13120.937934913201,827.9379349132014
4,13,12,13958,15755.179345516559,1797.179345516559
5,18,6,12259,14616.31829163058,2357.3182916305796
12,29,10,15566,16420.544557027442,854.5445570274424
1,13,4,13609,14623.02827473879,1014.0282747387901
5,6,3,11281,15976.474704082348,4695.474704082348
11,22,10,16784,16325.157986277105,458.842013722895
8,30,13,15977,17316.217234018484,1339.2172340184843
7,9,9,14547,14986.546677911627,439.54667791162683
6,24,13,17416,16742.954520129668,673.0454798703322
3,26,14,14141,16091.5785605113,1950.5785605112997
12,15,21,18108,17755.499078861925,352.5009211380748
6,23,1,12482,15981.66993416318,3499.6699341631793
8,15,21,17846,16625.7023509544,1220.2976490455985
5,26,17,20649,17396.448891441338,3252.5511085586622
10,24,9,13367,15094.98527577158,1727.9852757715798
8,8,2,16551,16005.689307280503,545.3106927194967
4,15,0,13005,13368.311049679593,363.31104967959254
10,5,19,17301,16204.206058499474,1096.7939415005258
4,11,20,16419,16279.392391077572,139.60760892242797
3,10,10,15884,15782.48100914477,101.51899085522928
1,31,13,18056,16672.628432737107,1383.3715672628932
10,28,0,13263,14186.56127038713,923.5612703871302
1,24,15,17258,17446.349562759446,188.3495627594457
12,13,20,17843,16974.91024058671,868.0897594132912
4,16,14,16392,16448.645310511456,56.645310511456046
5,9,11,14707,15795.665628144432,1088.665628144432
12,3,20,18356,16224.860909898847,2131.1390901011528
12,27,23,15219,17008.18898055232,1789.1889805523206
7,14,9,17932,16306.009118670449,1625.9908813295515
2,12,2,14139,14334.27733942313,195.2773394231299
9,2,13,19206,17296.806282251182,1909.193717748818
9,18,7,15464,14060.174792311736,1403.8252076882636
5,3,20,15379,16019.28647071213,640.2864707121298
8,21,12,17664,16706.398991539354,957.601008460646
4,2,13,13018,16256.491967488577,3238.491967488577
6,12,7,13277,13530.447691798046,253.44769179804643
7,18,1,13516,14953.178548623202,1437.178548623202
1,30,14,19112,16490.498017463317,2621.5019825366835
9,18,23,14970,16031.836526597173,1061.8365265971734
5,18,23,12340,15726.510304687024,3386.5103046870245
8,10,12,21929,17881.911943233958,4047.0880567660424
7,26,21,19950,16858.42952720951,3091.5704727904886
8,13,12,18231,17135.74337746967,1095.2566225303308
3,22,21,16306,16142.9898729551,163.0101270448995
3,29,1,13187,14525.20073881714,1338.2007388171405
10,4,15,15589,16004.11445888486,415.11445888486014
3,27,20,19256,16492.552486039116,2763.447513960884
11,19,5,13664,14716.199196863108,1052.1991968631082
3,1,22,18859,16841.967053017266,2017.0329469827338
2,20,15,14095,16212.335054587636,2117.3350545876365
2,23,20,19439,16693.008663641092,2745.9913363589076
9,16,14,16185,16719.437700795028,534.4377007950279
6,9,13,13513,16050.568867244623,2537.568867244623
4,19,9,12059,15352.519154087997,3293.519154087997
11,4,1,12884,15648.859853887954,2764.859853887954
7,15,13,18646,17290.49859652414,1355.5014034758606
3,30,12,14537,15991.946076765926,1454.9460767659257
2,11,3,14307,16039.159605361861,1732.1596053618614
7,16,9,18460,15915.465186017642,2544.534813982358
4,12,5,12281,15295.646783075752,3014.646783075752
10,13,9,15543,15199.012892863855,343.9871071361449
11,6,18,18071,16427.438167093227,1643.561832906773
1,30,19,20114,17055.264874674864,3058.7351253251363
7,14,12,19540,17174.678476554403,2365.3215234455965
12,13,22,16892,17345.292581832873,453.2925818328731
5,27,23,12645,16024.886474947865,3379.8864749478653
3,17,21,16672,16658.497637299515,13.50236270048481
10,22,5,12470,13743.670670568175,1273.6706705681754
9,23,22,15598,15350.550902061943,247.4490979380571
2,3,16,18785,17490.862497679173,1294.1375023208275
12,30,3,13279,15189.835298135982,1910.8352981359822
7,3,19,15683,16192.0505677622,509.05056776220044
4,1,2,12594,15310.194823404787,2716.194823404787
3,7,20,17576,15532.98396457689,2043.0160354231102
7,5,5,12221,12980.942180245835,759.9421802458346
9,27,14,14865,14875.33614556279,10.33614556278917
1,7,3,15053,16511.96487562915,1458.96487562915
9,27,16,15314,16089.11412885977,775.1141288597701
11,2,6,12735,15875.721179271106,3140.721179271106
9,12,17,18846,16358.70054556221,2487.2994544377907
1,23,2,15737,15797.032094460801,60.03209446080109
6,29,10,18926,17019.394968959,1906.6050310409992
1,20,3,14078,15878.236995995392,1800.2369959953921
10,28,21,15305,16365.982487948628,1060.9824879486277
5,16,8,14484,16107.005816472107,1623.0058164721067
9,29,1,12834,15170.083416907373,2336.0834169073732
6,20,3,12535,13843.26712151456,1308.2671215145601
2,12,1,13958,15503.995007178477,1545.995007178477
6,19,5,12350,12765.58157141575,415.58157141575066
5,2,1,10904,15481.752626801477,4577.752626801477
5,30,5,13244,14857.57311524127,1613.57311524127
5,21,22,13087,16195.760488218288,3108.7604882182877
3,14,23,15960,17055.668959539213,1095.6689595392127
4,21,19,16229,16458.154480964007,229.15448096400723
5,18,15,13719,15722.35916030548,2003.3591603054792
12,12,16,18515,17201.47201262305,1313.5279873769505
3,14,16,16327,15903.940895234406,423.0591047655944
4,12,13,12965,15832.6057017888,2867.6057017887997
7,3,19,21761,17263.132228119757,4497.867771880243
10,9,13,13099,15438.787923245525,2339.7879232455252
9,16,22,15343,16089.516829985063,746.5168299850629
10,6,10,14632,15379.670592408274,747.6705924082744
3,24,20,18136,16663.37856166738,1472.6214383326187
12,19,19,19675,17538.864591965397,2136.1354080346027
8,31,22,15388,15927.662324432458,539.6623244324583
6,10,6,11814,14065.25344669999,2251.2534466999896
9,10,0,13309,13260.497493482608,48.50250651739225
7,10,2,16552,15700.29502311509,851.7049768849101
1,7,5,15856,16532.97766285183,676.9776628518302
6,8,21,15774,15703.572145948454,70.42785405154609
7,23,23,14691,16703.467305725084,2012.4673057250839
11,28,14,13847,15537.978627539354,1690.9786275393544
1,30,19,20202,17743.604694834426,2458.3953051655735
1,15,6,16748,16371.11956024597,376.8804397540298
5,21,12,12320,15551.539938866938,3231.5399388669375
9,6,5,12467,12592.929301807057,125.92930180705662
10,23,22,15900,16528.13370301246,628.1337030124596
11,16,18,18401,17288.040770783697,1112.9592292163034
8,17,1,15960,15327.556299237787,632.4437007622128
10,2,5,12985,14979.946308443254,1994.9463084432537
12,20,16,16630,16370.497281099344,259.50271890065596
3,21,21,17515,16727.526362710654,787.4736372893458
10,19,1,11783,13731.990554016164,1948.9905540161635
6,22,22,14344,15695.959790176455,1351.9597901764555
6,11,11,14363,15233.785661322321,870.7856613223212
11,3,17,15872,16227.502523870779,355.50252387077853
7,4,19,18600,16807.91825725827,1792.0817427417314
6,27,19,21275,16932.28357287409,4342.71642712591
3,20,3,12101,14314.827954734428,2213.827954734428
10,29,19,15598,16198.909083223909,600.909083223909
5,3,4,11081,15089.455337776952,4008.4553377769516
8,27,9,17817,15608.542285872982,2208.4577141270183
1,6,3,14298,15773.45243173788,1475.45243173788
3,4,23,15893,17080.93048942049,1187.9304894204906
3,13,7,15355,17444.339347910372,2089.3393479103725
3,29,17,16675,16163.347993792906,511.652006207094
9,14,22,15765,15565.549103660675,199.45089633932548
10,19,2,11762,15941.31467478315,4179.314674783151
4,27,1,12189,14521.664408424744,2332.6644084247437
1,1,16,17226,16416.45583238035,809.5441676196497
5,9,2,11493,14926.64678811472,3433.64678811472
1,31,5,15821,16642.804864806814,821.8048648068143
4,5,19,17034,16105.950734379796,928.0492656202041
5,5,18,14899,15927.577242999643,1028.5772429996432
2,26,6,14884,15875.865145264956,991.8651452649556
7,20,6,16194,15355.734498667865,838.2655013321346
11,23,16,17147,16244.48939984643,902.5106001535696
10,8,17,14368,15700.391316035279,1332.3913160352786
6,5,10,12375,15590.748342802479,3215.748342802479
8,15,13,15824,15681.369937275109,142.6300627248911
5,6,19,13639,15875.561681132269,2236.561681132269
1,28,20,20276,16721.914841907572,3554.085158092428
9,3,3,11501,12554.660360067719,1053.660360067719
7,19,17,22530,17362.471434007875,5167.528565992125
11,18,5,13727,15255.245922627046,1528.2459226270457
5,6,18,13321,15901.453695576978,2580.453695576978
1,1,10,13765,16850.89528669964,3085.8952866996406
3,22,4,13648,15094.72253837059,1446.72253837059
3,15,20,16899,16617.311040485652,281.6889595143475
9,29,6,14611,14816.560284626577,205.5602846265774
10,26,12,14107,15628.680965644962,1521.6809656449623
3,18,9,15735,16253.91521451677,518.91521451677
2,9,10,18893,17321.856525167903,1571.1434748320971
3,1,17,16885,16838.873190542945,46.12680945705506
12,2,20,15952,16553.408527154686,601.4085271546865
3,24,21,19272,17062.682881494093,2209.3171185059073
10,17,3,12345,13174.18024661806,829.1802466180598
11,13,20,17675,16120.49656492811,1554.5034350718906
2,27,10,16504,16850.974144961645,346.9741449616449
4,17,23,13172,16040.183315192608,2868.1833151926076
12,13,16,17441,16331.683598678235,1109.3164013217647
6,22,18,18998,17134.167168303065,1863.8328316969346
6,11,22,16191,16421.675794065635,230.67579406563527
4,3,19,17592,16407.17266655093,1184.8273334490696
3,6,19,17602,16772.590719904838,829.4092800951621
6,13,17,20019,18417.76881608338,1601.2311839166214
12,13,2,15352,15920.263349787452,568.2633497874522
7,18,10,19404,17556.05220921077,1847.9477907892287
5,3,12,15134,16025.123436527276,891.1234365272758
6,2,6,14752,15657.036292768078,905.036292768078
6,16,2,13495,15359.011601421578,1864.0116014215782
5,4,7,13989,15445.843337998782,1456.8433379987819
6,8,20,15669,16019.201407754292,350.2014077542917
3,30,23,15193,17066.375622715343,1873.3756227153426
3,10,4,13116,15564.715543657749,2448.7155436577486
3,25,14,14700,16142.04257953694,1442.0425795369392
8,24,1,13980,15130.904789319047,1150.9047893190473
1,9,1,14235,15182.490622216954,947.4906222169539
8,24,12,21389,18172.757411799143,3216.2425882008574
9,29,9,13368,14306.839710259468,938.8397102594681
2,12,1,16049,15660.392266733932,388.60773326606795
10,25,20,16380,16120.571027701959,259.4289722980411
11,19,22,16369,15833.469209599743,535.5307904002566
7,24,9,17276,15509.571385572288,1766.428614427712
12,14,4,14699,15649.985701764945,950.9857017649447
7,14,18,20528,18391.83171924759,2136.1682807524085
12,13,7,14509,15039.740229729588,530.7402297295885
10,23,10,15494,15142.333995514746,351.66600448525423
9,19,0,13534,13548.641034371907,14.641034371907153
7,14,23,15998,16692.3213275174,694.3213275173985
12,20,11,18833,16994.462149161394,1838.5378508386057
11,13,22,16617,16877.60913052598,260.6091305259797
6,16,16,17548,16284.574090925928,1263.4259090740725
11,14,2,13709,14547.411679798362,838.4116797983625
9,23,18,19729,18412.586071095706,1316.4139289042942
3,30,1,12981,15310.990304818117,2329.990304818117
11,28,2,13430,14867.03518803511,1437.03518803511
11,30,18,18792,17269.989116286608,1522.010883713392
2,5,15,16324,17053.26947949905,729.2694794990493
4,28,20,15782,15820.091345133324,38.09134513332356
6,20,21,16717,16073.270585886941,643.7294141130587
8,25,6,11481,13077.011981829875,1596.0119818298754
7,25,4,12649,13728.01267430943,1079.0126743094297
9,21,14,17634,16865.49893544977,768.5010645502298
12,28,20,18066,16647.97228208658,1418.027717913421
6,15,21,16969,16204.800415791837,764.1995842081633
3,2,15,17383,16731.030304520922,651.9696954790779
10,28,16,15820,15980.416960374758,160.41696037475776
7,1,4,12034,15937.654392465216,3903.654392465216
8,12,10,18301,15920.419720596527,2380.5802794034735
5,22,9,14975,15796.965559676477,821.9655596764769
12,8,0,15813,15991.93217101205,178.93217101204937
4,10,1,13566,15592.666832135083,2026.6668321350826
3,4,22,18936,17064.71816327596,1871.2818367240397
12,20,7,16442,15610.690065471008,831.309934528992
5,30,5,11974,13829.222021778694,1855.2220217786944
10,31,11,15823,15667.238109348436,155.7618906515636
3,15,19,17880,16192.740051762059,1687.259948237941
10,12,2,10795,15944.477333585939,5149.477333585939
7,15,2,12588,13988.942119131156,1400.9421191311558
6,8,7,15477,15128.834859288367,348.1651407116333
7,18,17,19849,17255.701031966655,2593.298968033345
11,4,15,14639,15840.223383034516,1201.2233830345158
3,13,16,17328,17131.25619382756,196.74380617243878
9,18,17,18310,16895.986070573017,1414.013929426983
10,11,4,12679,12996.55065758365,317.5506575836498
7,6,7,14723,14116.563813704635,606.4361862953647
3,3,4,13983,16299.832342299642,2316.832342299642
12,28,1,14557,15036.438896970547,479.4388969705469
9,22,8,15449,14653.405806840517,795.5941931594825
6,6,23,14033,15907.62539543369,1874.6253954336898
4,23,6,12111,14739.758644785396,2628.7586447853955
4,2,4,11608,15526.672210257493,3918.672210257493
9,13,16,15884,15363.157687468978,520.8423125310219
11,6,2,12395,15055.474342520865,2660.4743425208653
4,30,21,15956,16187.079639461082,231.07963946108248
9,26,23,13487,15613.331731815828,2126.331731815828
7,4,15,16145,16500.29320082157,355.29320082156846
3,3,18,17983,16663.62249227943,1319.3775077205682
12,25,22,16466,16498.0354493521,32.03544935210084
4,24,13,15186,15817.249856208884,631.249856208884
11,5,2,11957,15682.083716186502,3725.083716186502
6,10,17,15868,16604.90251587444,736.9025158744407
8,3,3,12712,13010.125950611106,298.1259506111055
3,26,19,16480,16016.141120851724,463.8588791482762
12,22,18,16965,16476.824803972977,488.17519602702305
3,17,18,15851,15862.219740057782,11.219740057782474
2,5,22,16812,16356.383872481572,455.6161275184277
10,18,2,10931,15166.43004429802,4235.43004429802
7,13,8,15636,14779.842860936158,856.1571390638419
7,28,1,15851,15608.046813773393,242.9531862266067
7,9,7,11376,14499.684552042952,3123.6845520429524
12,30,20,16510,16495.954688333255,14.045311666744965
11,8,23,14654,16628.110449377473,1974.1104493774728
2,15,13,17268,17305.811193291345,37.81119329134526
3,6,15,16568,16368.664506684934,199.33549331506583
12,23,23,16464,16375.412343249924,88.58765675007635
10,9,0,11980,15306.763229817367,3326.7632298173667
11,18,1,13978,15359.075365524764,1381.0753655247645
8,22,22,16137,15705.015485201335,431.98451479866526
8,27,22,16763,15519.703914054686,1243.2960859453142
10,21,6,13673,15703.370055468704,2030.3700554687039
4,25,18,14243,15965.373954073713,1722.3739540737133
1,16,5,16253,16882.824075424334,629.8240754243343
7,3,13,14781,16110.394110808333,1329.3941108083327
8,2,23,15847,16383.300817966634,536.300817966634
11,15,15,14921,16007.111534616419,1086.1115346164188
8,2,9,17824,15723.344736841618,2100.655263158382
8,31,2,13235,15242.698053467926,2007.698053467926
10,15,23,13261,15449.253391063608,2188.2533910636084
11,14,15,16370,15213.814057664673,1156.1859423353271
12,12,17,19166,17403.376259649667,1762.6237403503328
3,22,1,15533,16070.72671954115,537.7267195411496
7,19,17,20038,17725.655509770266,2312.344490229734
4,6,19,16946,16462.71730581349,483.2826941865096
12,2,23,15585,16840.460690849362,1255.4606908493624
7,7,2,13706,15588.17094982833,1882.1709498283308
11,17,21,16945,15969.777183582453,975.2228164175467
2,2,4,13701,15437.318141821386,1736.3181418213862
3,21,11,17258,16905.404723171057,352.5952768289426
10,10,19,15166,16085.16458387225,919.1645838722507
7,16,11,14835,14923.50172379677,88.50172379676951
6,28,23,14786,16216.067414103783,1430.0674141037834
5,29,5,11936,14679.366279488797,2743.366279488797
1,11,1,15897,17026.96266289083,1129.96266289083
2,25,16,17449,17034.032763288622,414.96723671137806
10,7,13,14220,15287.438430166976,1067.438430166976
2,17,19,19934,17508.273083088483,2425.726916911517
12,23,23,14825,15708.183835096615,883.1838350966154
7,27,2,15608,16887.702909258587,1279.7029092585872
11,2,19,17790,16084.659592589085,1705.3404074109148
8,20,3,14098,14497.731204622498,399.7312046224979
6,12,6,13055,13792.236314311771,737.2363143117709
4,25,13,14928,16245.763031624821,1317.7630316248215
3,3,8,17210,17062.179435577098,147.82056442290195
9,4,6,12229,13302.991200492415,1073.9912004924154
3,19,0,13173,14591.813175372037,1418.8131753720372
12,8,19,19640,17511.78084549505,2128.21915450495
10,31,1,12303,15809.560852023571,3506.560852023571
3,20,2,12773,15653.89574253069,2880.8957425306908
6,27,7,12942,15497.865300871072,2555.8653008710717
12,19,8,17259,16463.810640803826,795.1893591961743
8,25,7,15783,14865.359867669742,917.640132330258
12,20,18,19840,17397.40984321523,2442.5901567847686
12,13,11,17151,15833.932782415646,1317.0672175843538
9,28,6,13686,13750.112344385283,64.112344385283
4,8,16,13603,15869.68732673363,2266.6873267336305
6,10,5,12259,13136.577391967458,877.5773919674575
6,18,6,13404,13692.21449707057,288.21449707057036
2,21,15,18339,17117.638965488713,1221.3610345112866
5,12,18,17078,16306.193355764133,771.8066442358668
7,1,19,15188,16239.101592781479,1051.1015927814788
12,20,5,14720,15538.695720441883,818.6957204418832
9,3,9,14986,14710.348585259218,275.65141474078155
6,10,14,17641,16566.60745019925,1074.3925498007484
2,7,9,17673,17091.883660219442,581.1163397805576
3,10,11,17393,16631.08306239782,761.9169376021782
12,7,18,19648,17686.4895527336,1961.5104472663988
8,9,20,20168,17802.0113985726,2365.9886014274016
10,18,21,16000,15747.668206379005,252.3317936209951
9,13,1,12669,13695.789883174784,1026.7898831747843
12,10,15,17462,16630.230286126414,831.7697138735857
5,8,16,12054,16015.476120482428,3961.476120482428
2,9,19,17057,15349.838341508635,1707.1616584913645
4,3,15,14382,16171.560000718326,1789.5600007183257
3,22,10,18704,16827.044968744518,1876.955031255482
10,8,22,13274,15814.41131042429,2540.4113104242897
9,9,3,12906,13459.70439728851,553.7043972885094
11,25,9,14352,16010.30097402344,1658.3009740234393
2,27,22,15761,16311.370269319921,550.3702693199211
11,14,10,14905,15661.613309042015,756.6133090420153
12,6,16,16293,16258.618856761326,34.38114323867376
4,7,10,16917,16011.800401933258,905.1995980667416
8,20,17,17862,18872.032715068468,1010.032715068468
2,3,8,16440,16732.788563174014,292.7885631740137
3,16,4,13005,15238.051637481649,2233.051637481649
7,6,20,16655,17473.410276511328,818.4102765113275
12,8,12,16721,16170.421297311412,550.5787026885882
9,10,21,15562,15825.27860628955,263.2786062895502
7,12,7,15867,13592.683008491444,2274.3169915085564
9,11,0,13657,13805.94183859285,148.9418385928493
7,20,18,20227,18221.851061877096,2005.148938122904
11,20,2,13839,14482.656932923677,643.6569329236772
8,21,8,15405,14774.397850766123,630.6021492338768
3,19,14,15947,15868.747920718393,78.25207928160671
10,19,10,14143,15661.373410510243,1518.373410510243
7,2,17,15870,15923.474977084543,53.47497708454284
2,22,12,14423,15985.396591052298,1562.3965910522984
8,20,11,17847,16516.139498891604,1330.8605011083964
9,20,11,16357,15696.901874553589,660.0981254464114
5,27,23,14962,16510.423228882908,1548.423228882908
10,16,5,13809,14252.294918134034,443.29491813403365
5,1,13,13683,16101.54808075474,2418.548080754739
7,16,18,15715,16886.323165765054,1171.323165765054
7,24,22,18124,16559.445829975943,1564.5541700240574
11,12,17,17546,16195.186343962916,1350.813656037084
10,15,6,12357,13932.861278721079,1575.8612787210786
6,9,19,15733,16289.11065046505,556.1106504650506
11,2,16,16604,16845.798284125998,241.79828412599818
8,31,12,19892,16895.37021233434,2996.629787665661
1,27,4,13591,14865.834494654944,1274.8344946549441
2,7,7,15769,16693.14086486588,924.1408648658798
6,20,2,12778,13808.084379245318,1030.084379245318
11,29,16,17359,16696.11346244124,662.8865375587593
7,25,8,16536,15535.540730604918,1000.4592693950817
5,6,8,14367,15658.345402023986,1291.345402023986
9,15,15,15145,15462.603169846636,317.60316984663586
10,9,8,14802,15926.366437307574,1124.3664373075735
12,4,0,14002,14126.595310959096,124.59531095909551
5,21,5,10656,16155.641051410274,5499.641051410274
5,2,9,15715,15799.135878869414,84.13587886941423
11,1,17,16081,16170.779375577833,89.77937557783298
9,5,19,18314,16368.487103501924,1945.5128964980759
12,9,19,19118,17870.21012517372,1247.7898748262814
1,7,5,13968,16840.61409340973,2872.614093409731
3,20,14,14771,15835.51322054408,1064.5132205440805
1,15,5,15884,16780.666705066906,896.6667050669057
7,1,23,18238,16292.6239709302,1945.3760290697992
10,4,14,14311,14978.456187590014,667.4561875900145
11,5,16,14580,16883.351396973358,2303.3513969733576
7,28,22,15144,15975.058196801909,831.0581968019087
4,15,22,14432,16543.761593945535,2111.7615939455354
6,16,10,13697,15754.2702522626,2057.2702522626005
3,29,14,13807,16220.917435181118,2413.917435181118
11,14,2,12477,14962.304008424475,2485.304008424475
1,7,12,20594,17385.759264180902,3208.2407358190976
4,2,13,14178,15986.047552273958,1808.047552273958
8,5,1,15241,15545.546152265028,304.54615226502756
4,26,2,11770,15591.414070510244,3821.4140705102436
4,19,12,15410,16469.93764803572,1059.9376480357205
5,11,11,14099,15553.29008825794,1454.2900882579397
6,2,9,18280,16556.0517374348,1723.9482625652017
3,8,12,15489,15962.845509264258,473.845509264258
8,7,20,18868,17062.14854718958,1805.8514528104206
10,12,4,12411,14284.98182922397,1873.9818292239706
2,13,22,18081,18138.257978416903,57.257978416902915
6,11,8,12792,14358.426165919607,1566.4261659196072
8,9,17,19277,16760.673809043994,2516.326190956006
10,15,7,15288,14356.63907100017,931.3609289998294
10,29,20,15327,15669.548484468884,342.54848446888354
1,23,18,19389,16082.86512789941,3306.1348721005907
2,1,23,16224,16457.808899814616,233.80889981461587
11,27,10,16679,16378.882065624768,300.1179343752319
7,19,18,20020,17636.231629305126,2383.7683706948737
3,22,1,13507,15739.006285467145,2232.006285467145
8,14,10,18790,16658.89799684911,2131.102003150889
1,5,9,14406,16202.967778481143,1796.967778481143
12,8,15,17104,17170.416296104497,66.41629610449672
4,6,12,14465,16126.111569377385,1661.1115693773845
4,27,16,14223,16226.684609138432,2003.6846091384323
10,21,0,11937,15239.790915870764,3302.7909158707644
2,16,6,17461,16277.483971196505,1183.516028803495
8,9,9,18432,15904.364493999752,2527.635506000248
11,14,0,14999,14788.12045051198,210.87954948801962
7,15,7,13650,13922.859220263334,272.85922026333355
7,29,23,14573,15918.63085750328,1345.63085750328
5,6,20,14798,15656.826418675055,858.8264186750548
10,16,11,16086,15478.55691296004,607.4430870399592
3,17,10,16019,16671.76071066034,652.7607106603391
3,22,1,13772,15421.867595170314,1649.8675951703135
7,31,2,13502,14373.606152815148,871.6061528151477
4,29,17,14634,16230.490491829996,1596.4904918299962
2,13,11,18117,17499.686608888685,617.3133911113146
12,2,0,14593,14521.248393536678,71.75160646332188
6,14,20,17651,16091.132122724659,1559.867877275341
5,21,21,14017,15960.004733647082,1943.0047336470816
1,18,9,19890,17287.77767776431,2602.2223222356915
10,16,17,16776,15523.649358812556,1252.3506411874441
1,20,2,15731,15660.955258544542,70.04474145545828
6,23,23,16189,16366.772271495927,177.77227149592727
1,9,8,17635,16369.871992668217,1265.128007331783
8,8,6,14541,14230.380172787853,310.61982721214736
11,27,5,12097,15495.051272428935,3398.0512724289347
11,21,21,18855,17993.762471776994,861.2375282230059
12,15,14,15442,14883.53528843872,558.4647115612806
11,26,5,13068,15139.780913762816,2071.7809137628155
3,24,1,13811,14174.095234750032,363.0952347500315
5,21,18,13752,16222.668641025013,2470.668641025013
9,2,13,15845,15716.987167247991,128.01283275200876
1,30,23,18947,16935.840063705316,2011.1599362946836
10,7,16,16388,16286.860527696943,101.13947230305712
2,16,5,15347,16249.357444205883,902.3574442058834
6,23,19,15195,16081.686513616418,886.6865136164179
12,3,8,14515,15910.441394222196,1395.4413942221963
6,14,17,16030,16166.30907088041,136.30907088041022
9,16,13,15576,15861.527688722861,285.52768872286106
3,6,9,14685,16237.108392916265,1552.108392916265
3,1,4,15340,16147.99932415416,807.9993241541597
8,16,23,15893,16199.156833783074,306.15683378307403
11,24,10,16357,16820.88721659906,463.8872165990615
5,11,22,14564,15757.773349583173,1193.7733495831726
8,30,5,13454,14333.238323218464,879.2383232184638
6,15,20,16639,16241.167340870737,397.83265912926254
7,13,4,13021,14528.590366875158,1507.590366875158
12,11,14,18759,16430.398042407207,2328.601957592793
4,21,11,13293,15674.490253943146,2381.490253943146
6,7,3,10700,13489.73543289236,2789.7354328923593
12,14,19,18470,16628.79771811608,1841.2022818839214
12,8,16,18071,16349.13581880125,1721.8641811987509
6,15,8,14918,15020.877713376693,102.87771337669255
11,22,12,16721,16299.295728952937,421.70427104706323
7,30,22,17448,16599.837300353356,848.1626996466439
8,13,19,16960,15971.376872787672,988.6231272123277
2,3,2,16355,16329.84538330773,25.154616692270793
3,25,7,14589,14815.774750712892,226.77475071289155
8,18,22,18685,17061.213754103013,1623.7862458969867
5,15,11,15639,16004.857708497211,365.8577084972112
6,25,4,12925,15748.718175479013,2823.7181754790126
9,16,12,15658,16912.15399731551,1254.1539973155086
9,26,16,13698,15650.297479720082,1952.2974797200823
10,8,9,13085,15582.801799466773,2497.8017994667734
1,13,1,15585,16636.83323851225,1051.8332385122485
6,15,20,16924,16235.485282337817,688.5147176621831
7,17,19,16985,16794.51554153594,190.48445846405957
1,8,17,20335,17300.581949105,3034.418050895001
5,28,17,17396,16414.019061142957,981.9809388570429
8,9,4,13230,13347.816256260689,117.81625626068853
1,30,4,14635,16331.978756305063,1696.9787563050631
2,21,2,14207,16321.96360455675,2114.9636045567495
6,10,16,16206,16267.251247014974,61.25124701497407
8,28,12,16599,15341.414645225592,1257.5853547744082
9,19,2,11063,13394.056364666714,2331.056364666714
7,7,13,17613,16187.52126490416,1425.4787350958395
1,26,23,16597,17095.733331356816,498.73333135681605
7,9,18,16706,16953.49150238044,247.49150238043876
11,6,18,18578,16289.081640734048,2288.918359265952
10,31,3,12887,15516.785944764408,2629.7859447644078
12,4,1,15355,14556.039962044333,798.9600379556668
3,18,20,17951,16325.04414473719,1625.9558552628096
4,1,14,14228,16014.439733463732,1786.4397334637324
1,25,8,17419,16805.97303378508,613.0269662149185
6,13,19,20096,18299.739211485026,1796.2607885149737
1,18,15,17270,17303.578095821547,33.57809582154732
2,14,5,15408,16442.958498593114,1034.9584985931142
11,25,8,17075,15859.295835208728,1215.704164791272
12,4,11,18045,16827.09580627576,1217.90419372424
11,18,1,14729,15051.390658824435,322.3906588244354
9,27,5,11057,14551.15780364472,3494.157803644721
5,8,1,11810,15667.943246226325,3857.943246226325
8,24,0,15266,15795.19770785103,529.1977078510299
11,11,17,16526,15706.56690662178,819.4330933782203
7,1,4,12535,16205.403655097345,3670.403655097345
8,20,15,17968,18851.638472664705,883.6384726647048
10,23,6,12600,15278.786989112035,2678.7869891120354
7,21,8,14902,14309.744965531208,592.2550344687916
3,12,23,15623,17398.726583008873,1775.7265830088727
5,23,22,14823,15632.39223569675,809.3922356967505
7,5,2,13418,16079.505088231994,2661.505088231994
9,20,2,11337,14141.41098980179,2804.4109898017905
10,14,14,12845,15484.01015485623,2639.0101548562307
5,25,4,11236,15462.809040632019,4226.809040632019
11,7,11,16259,15381.392939537443,877.6070604625565
8,16,3,13429,14254.162134418555,825.1621344185551
1,30,4,15129,16257.013912492324,1128.0139124923244
3,26,18,16350,16031.784841028815,318.2151589711848
11,9,14,17582,17244.313698921174,337.68630107882564
1,1,6,12544,16441.206991309613,3897.206991309613
8,9,0,12854,13362.182428923938,508.18242892393755
10,10,13,14784,16256.749232636279,1472.749232636279
10,10,13,13805,16534.650716266926,2729.650716266926
12,9,4,13422,15905.513303164646,2483.5133031646455
6,9,14,14704,15859.532106927687,1155.532106927687
12,9,2,15248,15163.822488939664,84.17751106033575
1,9,23,16450,17132.673101394565,682.6731013945646
5,4,23,12981,15725.064818396339,2744.0648183963385
3,16,22,16785,17007.784679160883,222.78467916088266
11,11,18,17562,16950.090574296497,611.9094257035031
3,11,10,17000,16552.124292806067,447.8757071939326
8,8,18,15509,16954.194958264798,1445.1949582647976
1,27,9,16433,16932.06772681533,499.0677268153304
9,27,16,15725,15997.23188437117,272.23188437116914
6,2,20,16164,16292.013664958498,128.01366495849834
2,16,0,15819,15742.301666153453,76.69833384654703
7,23,17,19888,17162.102993668177,2725.897006331823
11,26,0,14479,14088.709525417367,390.29047458263267
11,14,2,13915,15378.491495184197,1463.4914951841965
5,9,23,13385,15964.063518844026,2579.0635188440265
7,17,23,16302,16265.281763935121,36.71823606487851
4,3,16,16434,15925.772765896842,508.2272341031585
4,8,8,17078,16445.761541735636,632.2384582643645
2,5,8,19477,16900.59871565863,2576.4012843413693
8,13,20,18606,18253.15195881862,352.8480411813798
4,9,14,15249,15998.555948521933,749.5559485219328
11,12,5,11942,13242.370813729292,1300.3708137292924
9,21,13,17263,17067.106165601468,195.8938343985319
11,5,21,17494,16374.593514233276,1119.4064857667236
9,27,1,12808,13228.915799493338,420.91579949333754
11,30,21,17788,17224.96746465886,563.032535341139
12,31,14,16156,15907.327716522323,248.6722834776774
8,3,23,14488,16000.783203059766,1512.7832030597656
9,27,4,11033,14510.544539641007,3477.544539641007
11,22,16,17042,16798.94602350965,243.0539764903515
12,14,19,19041,17005.59980458536,2035.4001954146406
4,23,15,14656,16221.412971509988,1565.412971509988
1,20,5,15766,16481.651876533368,715.6518765333676
4,20,4,13489,14382.571835126557,893.5718351265568
8,13,20,16636,16669.914675960594,33.91467596059374
7,20,13,19886,18309.35857251832,1576.6414274816816
9,11,23,14000,14660.183495396504,660.1834953965044
3,4,23,17927,17467.67129756079,459.3287024392084
10,21,1,11218,15541.367050870913,4323.367050870913
10,13,22,14198,15634.232494628515,1436.2324946285153
11,4,15,15423,16353.90412710706,930.90412710706
6,28,11,17393,17033.1807573789,359.81924262109897
12,16,20,18342,17310.344075258632,1031.655924741368
8,29,5,12440,14184.145673470917,1744.1456734709172
7,20,18,16875,16935.056287537594,60.05628753759447
5,2,7,14314,14355.446714773134,41.44671477313386
2,24,18,17348,16367.715123064701,980.2848769352986
11,29,18,18329,16853.452044875474,1475.5479551245262
10,1,0,12498,15079.616250227577,2581.6162502275765
1,25,1,15339,14772.511703812135,566.4882961878648
7,6,4,15004,15758.435968256765,754.4359682567647
10,6,17,16307,15674.761296766535,632.2387032334645
10,22,23,13120,16311.974689512132,3191.9746895121316
1,3,1,14999,16216.84095316132,1217.8409531613197
2,3,8,16699,17040.972843747535,341.9728437475351
4,9,18,16450,16309.26718085713,140.73281914286963
10,4,2,12076,13481.620126223512,1405.6201262235118
12,30,21,18616,16739.08683585536,1876.9131641446402
1,5,5,13831,15273.617287445959,1442.617287445959
5,11,17,14411,15617.121552750052,1206.1215527500517
8,30,21,16002,15564.786911325955,437.21308867404514
1,8,12,17427,16188.074999421413,1238.925000578587
3,16,2,14052,15545.140803221293,1493.140803221293
8,21,15,18730,16381.875378479881,2348.124621520119
11,8,5,12848,15036.22226647278,2188.2222664727797
11,2,11,15499,14792.334134844092,706.6658651559083
12,16,1,16175,16156.462175413139,18.53782458686146
1,27,1,15366,15765.663996417232,399.66399641723183
1,3,11,19013,17195.52996455463,1817.4700354453707
12,8,23,16157,16401.403141112187,244.40314111218686
2,23,19,20059,17992.085675902057,2066.914324097943
7,6,3,13161,13795.032267147752,634.0322671477516
5,1,2,12233,14096.14734269841,1863.1473426984103
11,19,14,15140,15494.938747303377,354.93874730337666
1,22,8,19277,16635.716692335107,2641.283307664893
6,20,17,16965,16301.538378954858,663.4616210451422
8,13,15,19188,18132.308024903192,1055.6919750968082
8,4,5,13799,15075.11582124481,1276.11582124481
3,13,22,18587,18042.141384459348,544.858615540652
10,24,0,12027,14136.935259562772,2109.9352595627715
12,7,3,12854,14174.13331833747,1320.13331833747
6,15,0,13403,15838.548315941714,2435.5483159417145
9,1,1,13205,13752.737008749802,547.737008749802
4,17,4,12178,15410.427531206742,3232.427531206742
5,13,18,15047,15872.826487678221,825.8264876782214
1,28,3,14071,14822.00265674179,751.0026567417899
9,22,13,15931,15909.828042563167,21.1719574368326
8,18,16,17141,16503.831659337156,637.1683406628435
11,2,5,13923,15342.56500502868,1419.5650050286804
2,24,16,15044,16192.195046849154,1148.195046849154
5,19,16,13209,16401.42351634296,3192.4235163429585
8,2,18,20561,16304.426830520655,4256.573169479345
3,25,12,15582,16095.173401194828,513.1734011948283
10,23,22,13400,15647.275131757298,2247.2751317572984
2,4,1,14757,15839.090732232184,1082.0907322321837
5,5,20,16000,16253.945908064712,253.94590806471206
10,30,3,12544,15612.230599893945,3068.2305998939446
3,7,11,14838,15991.401073325194,1153.4010733251944
6,2,19,15761,16124.026270248532,363.02627024853246
9,12,5,11734,14414.637602202836,2680.637602202836
7,4,22,15455,16149.000835658848,694.0008356588478
8,29,2,13792,14986.430581465873,1194.4305814658728
5,12,7,11860,15028.510434627415,3168.5104346274147
8,4,0,15465,15796.48850033942,331.48850033941926
4,25,3,11364,14988.114611243604,3624.1146112436036
12,16,13,16076,15807.123820252351,268.8761797476491
2,17,0,14506,16409.977289937357,1903.9772899373565
2,20,13,15921,16122.055386115459,201.05538611545853
4,3,11,15921,15983.182814776335,62.18281477633536
9,3,14,21826,17609.75544909331,4216.244550906689
6,7,14,20901,17111.41816507932,3789.5818349206784
12,14,20,17635,15210.852126495924,2424.1478735040764
5,10,7,14764,14331.364095272133,432.63590472786746
8,23,14,20121,17724.74138372799,2396.258616272011
12,15,8,16311,16317.606183128519,6.606183128518751
10,11,17,15764,15479.257829360906,284.7421706390942
5,31,2,11210,15502.408148990911,4292.408148990911
4,13,5,12268,15412.917658176286,3144.917658176286
2,10,3,14831,16746.451165894665,1915.4511658946649
12,14,14,16195,15921.04888285402,273.9511171459799
11,19,14,15356,15219.487315479648,136.5126845203522
11,14,22,16821,16977.16643950169,156.16643950168873
11,4,9,13580,15981.656299494105,2401.656299494105
1,8,16,19718,17267.458667128303,2450.541332871697
11,27,17,17633,16756.840340522453,876.1596594775474
9,8,5,11603,14258.225607302962,2655.225607302962
4,29,23,12140,16113.825545692558,3973.825545692558
5,13,0,12412,16048.175742520029,3636.1757425200285
8,18,12,20333,17530.083364452945,2802.916635547055
7,29,6,13783,13947.428136887578,164.42813688757815
12,1,20,16641,16630.73619329593,10.263806704071612
6,17,15,19928,17077.689382361106,2850.3106176388937
4,12,17,16194,16105.67678167086,88.32321832914022
4,20,2,13324,14222.213470816234,898.2134708162339
8,12,0,14254,15462.512487123144,1208.5124871231437
11,30,6,14850,15334.579211390734,484.5792113907337
10,9,3,11042,13914.249209507874,2872.249209507874
12,20,8,18250,16381.444063864821,1868.5559361351789
3,20,22,14138,16077.914215858169,1939.914215858169
5,15,13,12329,16082.420770607201,3753.420770607201
11,10,4,12032,16179.925071578657,4147.925071578657
8,7,0,15316,15679.03892710773,363.03892710772925
12,4,10,18953,16781.984558548123,2171.0154414518765
10,28,0,13795,13801.73427347525,6.734273475249211
1,13,22,18256,17976.26837817116,279.7316218288397
11,7,22,16535,16550.300532967267,15.300532967266918
10,10,20,14664,16080.66192435759,1416.6619243575897
1,9,22,17567,17318.666729818327,248.33327018167256
3,11,20,17632,16734.445514021514,897.5544859784859
3,30,21,15160,16272.255782277105,1112.255782277105
10,19,16,15869,15589.342476136128,279.6575238638725
12,10,0,15272,14586.248237639466,685.7517623605345
12,6,18,18873,16781.067886411052,2091.9321135889477
5,2,17,13486,15880.420831333899,2394.4208313338986
6,17,19,15828,16414.13126318867,586.1312631886685
9,6,8,14823,14532.670234065017,290.3297659349828
10,14,4,10917,15919.109230231958,5002.109230231958
7,5,10,16116,16869.82452923237,753.82452923237
8,23,13,16064,15985.587562075487,78.41243792451314
7,26,22,17610,16771.509107548703,838.4908924512965
7,30,14,20499,16967.44317845771,3531.55682154229
9,3,14,20146,16342.012453547017,3803.987546452983
3,19,22,14548,16421.221925518814,1873.2219255188138
7,17,8,12593,12791.696956757438,198.69695675743787
6,15,14,16474,16167.416427595173,306.58357240482655
9,30,14,14348,15597.897661897769,1249.8976618977686
12,6,11,17441,16762.179766283003,678.8202337169969
8,19,19,21386,18825.597898251068,2560.402101748932
2,11,16,18897,17435.910517019962,1461.0894829800382
9,19,19,15675,16002.085788796283,327.08578879628294
12,1,2,14730,15776.029965541076,1046.0299655410763
7,17,2,13458,15066.20536506679,1608.2053650667895
6,8,18,16118,16486.24247394222,368.2424739422204
1,4,3,14295,16664.27836691975,2369.278366919749
6,16,7,15050,13919.372619374117,1130.6273806258832
1,17,0,16718,16043.871329710215,674.1286702897851
12,16,11,18876,16608.013781193466,2267.9862188065345
6,11,20,14714,16135.293463666807,1421.293463666807
10,30,10,15547,16425.745389876196,878.745389876196
2,7,13,15173,15835.66472933162,662.66472933162
6,14,13,11549,15448.99248720707,3899.9924872070696
6,17,1,13200,15242.926427819753,2042.9264278197534
7,8,0,13524,15705.87980376317,2181.8798037631695
2,4,22,16735,16226.257263714355,508.74273628564515
2,25,16,18487,17565.96640496651,921.0335950334884
4,23,0,12080,15316.390453035256,3236.3904530352556
8,18,16,19012,17377.835859173345,1634.164140826655
3,7,9,16255,16242.093217678581,12.906782321419087
10,19,11,14102,15779.750642313833,1677.750642313833
1,15,1,14319,15135.993052615951,816.9930526159515
11,20,11,16357,16407.491858061836,50.491858061835956
11,23,1,14274,14383.015655618281,109.01565561828102
11,8,17,17104,16177.448394215571,926.5516057844288
12,1,0,14290,13820.058287747972,469.9417122520281
3,12,13,18729,17125.780633816845,1603.2193661831552
8,31,14,20214,17620.23562752663,2593.7643724733716
2,7,20,20959,17735.198082789557,3223.801917210443
2,12,8,14582,16268.512325703097,1686.5123257030973
11,20,14,15586,16133.136811283704,547.1368112837044
10,13,18,15549,16062.052073233768,513.0520732337682
1,12,6,15282,15483.242908369552,201.24290836955151
8,13,14,19548,16504.780952565605,3043.219047434395
10,8,11,14862,15060.263836511145,198.2638365111452
3,19,21,17704,16364.22815187204,1339.7718481279608
9,27,13,14850,14846.432532024266,3.567467975733962
11,18,12,17467,16778.636848233346,688.3631517666545
3,3,17,19780,17087.46765801656,2692.5323419834385
1,15,10,16961,16854.91960853158,106.08039146841838
12,13,2,12663,14702.65372497371,2039.6537249737103
2,28,6,16504,16420.580984590186,83.41901540981416
4,22,10,13476,16313.726014710679,2837.726014710679
6,22,5,12625,13304.274814815617,679.274814815617
10,17,11,14621,15858.76170406018,1237.76170406018
6,14,14,14688,16387.182766075694,1699.1827660756935
4,18,11,15846,15890.276004404499,44.27600440449896
1,22,8,17091,16644.516474081458,446.483525918542
5,3,17,14220,15662.802844447428,1442.8028444474276
10,1,4,11180,14766.241129191882,3586.2411291918816
4,13,0,14261,13892.038521564979,368.9614784350215
9,25,7,14480,13876.167781474573,603.8322185254274
8,15,10,17041,15832.274772036855,1208.7252279631448
5,5,6,13217,15313.944564102501,2096.9445641025013
6,19,20,19116,16908.063938719934,2207.9360612800665
6,14,12,11724,15605.448456546184,3881.4484565461844
6,8,9,13518,15573.789539030156,2055.7895390301564
11,5,18,18325,15840.17120905414,2484.8287909458595
2,22,17,17064,16853.509694194465,210.49030580553517
11,16,21,16977,15713.683642964555,1263.3163570354445
9,18,14,15213,16317.66842937707,1104.6684293770704
7,26,0,14454,14659.56047874069,205.5604787406901
7,12,23,14950,16042.469416089485,1092.469416089485
1,7,7,15424,16614.92742497251,1190.9274249725095
10,17,21,13799,15626.417099441978,1827.4170994419783
12,18,16,18279,17359.648772666533,919.3512273334672
8,18,14,20320,17656.68069591797,2663.3193040820297
2,21,21,19103,16686.90153811801,2416.0984618819894
2,17,1,15959,16310.879431136394,351.8794311363945
1,7,4,13702,14833.33227057307,1131.3322705730698
9,28,19,16194,15802.03835479985,391.9616452001501
6,19,10,15248,17131.63436178784,1883.634361787841
9,5,23,19354,16579.183471156826,2774.8165288431737
10,15,22,14038,15973.327771379916,1935.3277713799162
4,8,8,14236,17104.639663066806,2868.639663066806
7,16,17,16859,16281.708312828896,577.2916871711041
10,30,9,15506,15687.688673500586,181.68867350058645
11,11,11,15113,15450.572562982834,337.5725629828339
4,3,13,14870,16277.263735959696,1407.2637359596956
11,29,1,14583,14994.759175745638,411.75917574563755
8,29,20,21395,16262.074789900562,5132.925210099438
11,29,14,15176,16492.019872670102,1316.019872670102
11,5,5,12256,14661.622513551458,2405.622513551458
9,20,2,12972,13706.496335726575,734.4963357265751
6,25,4,13154,14384.687823863384,1230.6878238633835
12,12,7,13620,16745.69111469992,3125.691114699919
1,9,12,16377,16010.972253101025,366.02774689897524
3,12,21,16935,16860.263431721673,74.73656827832747
2,24,1,13231,14770.294198656438,1539.2941986564383
3,23,6,14423,16253.19776687167,1830.19776687167
11,2,11,15032,15909.337667124884,877.3376671248843
2,18,20,19223,18020.758541386243,1202.2414586137565
11,19,5,12971,14828.479012807049,1857.479012807049
12,24,16,17855,17611.788010885415,243.21198911458487
7,26,17,20138,17470.48791001973,2667.5120899802714
3,11,20,17103,16299.551224317343,803.4487756826566
11,23,21,17800,16679.01353442871,1120.9864655712918
8,29,22,18335,16646.83719539744,1688.1628046025617
8,16,20,18472,17652.020245308315,819.9797546916852
1,30,1,15430,16001.2912306331,571.2912306331
8,10,20,22804,18206.89843676418,4597.101563235821
5,26,14,13901,15894.55544273113,1993.5554427311308
5,23,10,15390,15659.006674840486,269.0066748404861
6,11,15,14950,16366.42372818726,1416.4237281872593
9,4,13,15022,16082.37682839218,1060.37682839218
7,2,6,14546,14856.615423680492,310.6154236804923
5,18,17,13948,15860.178698728487,1912.1786987284868
10,2,21,14840,15311.14468141924,471.14468141924044
11,21,10,16769,16071.677930782402,697.3220692175983
5,29,17,18959,17591.843048979623,1367.1569510203772
11,30,9,16190,15988.480127413672,201.51987258632835
11,27,6,13826,14978.15611507001,1152.1561150700109
3,19,7,13873,16126.20042764914,2253.2004276491407
5,26,11,12902,16088.034639393198,3186.0346393931977
7,12,23,18254,17799.079657533654,454.9203424663465
6,17,14,17827,17315.025345415615,511.97465458438455
8,11,19,16649,16373.707535545473,275.29246445452736
7,27,15,17756,17914.528295656048,158.5282956560477
11,25,22,17289,16241.253670989123,1047.7463290108772
3,1,3,14658,15480.61558715084,822.6155871508399
12,18,21,18987,17077.62856965797,1909.371430342031
6,24,1,12957,14432.327322206522,1475.3273222065218
8,8,3,13242,13968.071498879774,726.0714988797736
3,7,9,17080,16630.302441509815,449.69755849018475
10,13,11,14609,15788.621783127212,1179.6217831272115
7,11,22,16351,16830.24514030807,479.2451403080704
4,23,17,13061,16001.683699542986,2940.683699542986
3,4,20,18972,17111.602374875165,1860.397625124835
10,4,0,12351,14271.36395742495,1920.36395742495
1,24,20,19631,18163.712165126573,1467.2878348734266
7,20,19,20166,17891.9382159427,2274.0617840572995
2,28,5,12767,15505.160588935534,2738.160588935534
10,24,19,16518,15147.674516298262,1370.3254837017375
3,27,17,16277,16007.920786051924,269.07921394807636
7,10,19,20833,17510.387803777227,3322.6121962227735
5,11,20,14567,16350.628502768042,1783.6285027680424
1,10,23,16995,17230.56187116773,235.56187116773071
2,5,7,17678,15908.855943458006,1769.1440565419944
5,1,10,14583,15280.349056341418,697.349056341418
12,14,16,16399,15792.843419042492,606.1565809575077
6,18,18,18547,17184.39204096364,1362.6079590363588
10,13,18,16122,15678.598474301165,443.40152569883503
2,16,13,14612,16157.10130034196,1545.1013003419594
3,13,13,16496,17136.320023744905,640.3200237449055
1,13,2,14359,15349.89237375945,990.8923737594505
12,20,8,14264,15489.762494821407,1225.762494821407
1,20,14,14981,15658.950239114092,677.9502391140923
5,28,0,14456,15595.189982568112,1139.189982568112
12,11,6,15603,15690.644646316765,87.64464631676492
4,6,21,14815,15917.568878295979,1102.5688782959787
2,2,15,16105,16380.916285834595,275.9162858345953
4,5,16,15753,16304.7612541408,551.7612541407998
6,12,17,14417,15526.523401049537,1109.523401049537
1,16,8,18238,16459.464109333272,1778.535890666728
10,19,14,15291,15263.822733415875,27.17726658412539
2,21,16,15445,16533.208736848545,1088.2087368485445
4,14,22,13769,15589.736090190214,1820.7360901902139
5,19,16,14743,15672.012407400596,929.0124074005962
2,27,2,13651,15985.744169881353,2334.7441698813527
3,9,14,15383,16649.988682527415,1266.9886825274152
11,2,14,16348,16527.62783869536,179.62783869535997
8,9,17,17626,17264.296450934256,361.7035490657436
5,3,21,15297,16150.051085948891,853.0510859488913
11,21,8,13710,15775.975782855843,2065.975782855843
10,2,1,12759,14838.227073492742,2079.2270734927424
9,18,11,15028,15909.43216754135,881.4321675413503
10,10,6,11218,15760.772726294625,4542.772726294625
10,28,20,16421,15441.23244162493,979.7675583750697
12,21,13,17264,16688.64178980907,575.3582101909305
8,30,23,13730,15808.604413504829,2078.6044135048287
12,6,4,13050,15605.293688204196,2555.293688204196
2,25,16,16062,16157.221842492118,95.2218424921175
3,11,20,17529,17770.393619547416,241.39361954741617
5,6,15,13414,15602.920859918995,2188.920859918995
5,31,18,15375,16157.819327110541,782.819327110541
1,17,19,18766,16432.166862080096,2333.8331379199044
3,23,16,16869,16413.22546177247,455.7745382275316
7,30,7,16902,15288.867449333991,1613.1325506660087
12,22,22,18012,17294.424225674888,717.5757743251124
8,4,17,20499,18308.688565094693,2190.3114349053067
11,3,23,13861,16563.952719421715,2702.9527194217153
6,7,14,14988,16410.82842104614,1422.8284210461388
3,18,7,15868,14998.551210511596,869.4487894884041
3,2,16,17202,17004.528179413297,197.47182058670296
4,30,14,12328,15962.228568372497,3634.2285683724967
9,4,7,13841,13826.17943840096,14.820561599039138
6,15,1,12643,15702.052842474683,3059.0528424746826
9,30,3,12486,14152.332924141001,1666.332924141001
12,22,9,17668,16155.356840278988,1512.6431597210121
5,1,19,14251,15866.848058556874,1615.848058556874
2,7,2,14449,15025.873481205019,576.8734812050188
4,4,15,15701,16569.09997619758,868.09997619758
1,9,6,16250,16729.413316370283,479.4133163702827
4,12,20,16542,16036.77392194738,505.2260780526194
5,26,11,16447,15980.343158400974,466.65684159902594
7,5,8,18412,15641.451284907183,2770.5487150928166
11,28,17,19548,17350.433104173728,2197.5668958262722
2,23,14,19231,16849.027762803056,2381.9722371969438
4,10,14,14715,16199.477662502957,1484.4776625029572
6,6,5,12118,15372.628338776123,3254.628338776123
7,12,7,16412,14858.87694885813,1553.1230511418707
2,24,2,15556,16153.741160006803,597.7411600068026
2,20,22,17974,17251.621744103744,722.3782558962557
9,1,22,14889,15679.999322420239,790.999322420239
7,29,12,19637,17523.20510210429,2113.79489789571
12,12,3,14067,14165.874746033844,98.87474603384362
3,8,10,17311,16507.36489240314,803.6351075968596
1,1,11,15331,16488.07084897152,1157.0708489715216
12,16,6,15260,16025.1535796793,765.1535796792996
8,3,4,11965,14675.79956710155,2710.7995671015506
6,1,4,11402,15043.11838741639,3641.1183874163908
4,21,14,15078,16490.53185310223,1412.5318531022313
4,8,15,16045,16193.900116570374,148.90011657037394
2,12,7,17614,16981.773399145688,632.226600854312
7,27,14,20718,17336.751703710626,3381.2482962893737
2,13,19,20674,18063.012976154045,2610.9870238459553
2,29,1,15689,16292.338316864925,603.3383168649252
10,11,9,16150,15602.088588203338,547.9114117966619
2,5,15,17408,17356.473591098747,51.52640890125258
9,6,14,19110,17263.951106529235,1846.0488934707646
3,14,12,17863,16741.51649509356,1121.4835049064386
2,26,13,15279,15883.700552378968,604.7005523789685
9,9,22,13294,15335.887358672126,2041.8873586721256
10,3,8,15617,14634.502805437252,982.4971945627476
5,4,2,11926,15380.643284916885,3454.643284916885
4,24,19,13981,15708.264367493624,1727.2643674936244
9,25,9,13373,15136.367985859333,1763.3679858593332
8,24,16,15711,15944.877751765758,233.87775176575815
9,26,13,13679,15828.22251682937,2149.22251682937
10,24,4,12434,13644.261312171944,1210.2613121719442
1,2,3,13617,15365.34197039453,1748.3419703945292
5,18,7,13036,14464.346918578021,1428.3469185780214
10,19,5,12478,14166.61109582989,1688.6110958298905
8,30,6,15913,16011.973269574779,98.9732695747789
5,29,1,12301,15739.518248810842,3438.518248810842
10,12,18,15985,15896.192094226219,88.80790577378139
10,11,7,15665,14428.582980710582,1236.417019289418
8,7,11,16940,16200.845672875319,739.154327124681
8,22,18,19690,16510.203346895614,3179.7966531043858
11,21,14,16669,16736.70041455785,67.70041455785031
1,14,19,19996,17168.834982406228,2827.165017593772
8,13,8,16921,14865.553461670492,2055.4465383295083
3,10,22,16664,16189.095261651535,474.9047383484649
8,3,14,17142,17557.595678765676,415.595678765676
12,14,0,17297,15754.820943138064,1542.1790568619363
11,27,3,12441,14176.421956802827,1735.4219568028275
4,26,4,11839,15626.697025080106,3787.697025080106
11,23,19,17798,16970.4745954756,827.5254045244001
3,4,16,17662,16636.571234998686,1025.4287650013139
8,4,19,19531,17692.04104783398,1838.95895216602
5,28,2,13301,14577.907973091464,1276.9079730914636
3,27,2,12827,15688.574776522302,2861.5747765223023
7,29,13,20290,17613.970881846853,2676.0291181531466
6,14,18,17855,16117.543951646558,1737.4560483534424
7,14,15,18259,18185.382761029297,73.6172389707026
3,5,9,19158,18065.42409202967,1092.5759079703312
10,29,4,12199,13727.77509247676,1528.7750924767606
6,1,18,19527,17112.357474776596,2414.642525223404
8,19,14,20196,17089.081050466575,3106.918949533425
7,10,22,16894,17106.11698718718,212.1169871871789
5,18,17,15144,16109.499023274446,965.4990232744458
4,11,6,14363,14976.933927347201,613.9339273472015
10,2,11,16034,15331.366158747143,702.6338412528567
1,29,16,17430,17330.072433819674,99.92756618032581
1,24,7,14769,16240.814508339401,1471.814508339401
12,26,9,15312,16315.55672267333,1003.5567226733292
10,7,12,14406,14961.531012552516,555.5310125525157
3,22,1,13782,14629.417314238317,847.417314238317
11,17,15,15101,16395.42019900824,1294.4201990082402
1,24,22,16876,16154.709104163987,721.2908958360131
3,21,18,16814,16137.74537487961,676.2546251203894
12,20,2,13678,15461.571832907302,1783.5718329073025
11,13,6,12448,15274.988692481726,2826.9886924817256
5,9,14,12801,16304.432821113067,3503.432821113067
1,18,23,17850,17697.14759722954,152.85240277045887
6,26,7,12778,13451.771800586193,673.7718005861934
5,4,18,15698,16230.824356882425,532.8243568824255
2,18,10,14865,16098.345174596496,1233.3451745964958
8,29,11,15988,15613.922387235094,374.077612764906
9,1,2,12694,12873.169315289304,179.169315289304
8,29,20,17130,16643.69490750486,486.3050924951385
8,21,14,20782,18381.711347749195,2400.288652250805
8,16,11,18242,16474.948624663943,1767.0513753360574
9,18,18,17880,16792.21276837022,1087.7872316297799
9,5,1,13476,13839.15536240095,363.15536240095025
7,24,17,20126,17466.14152009131,2659.8584799086893
8,30,19,20399,17543.101137397687,2855.898862602313
6,4,0,11750,15576.988076497064,3826.988076497064
1,8,17,18465,16967.550630097856,1497.449369902144
5,11,9,14011,15613.343404311057,1602.3434043110574
8,8,11,17491,16652.63242378977,838.3675762102284
1,30,4,14920,15986.819650729378,1066.8196507293778
3,15,15,14508,16154.578704774123,1646.5787047741233
2,17,12,15633,16987.601277091933,1354.6012770919333
8,13,0,12867,13347.973949053927,480.97394905392684
8,3,20,16508,17557.781340503516,1049.7813405035158
8,25,23,18619,17384.26211815191,1234.7378818480902
2,13,1,15285,14890.307461764081,394.6925382359186
12,23,13,17201,17017.65044761018,183.34955238982002
3,14,22,16565,16130.365755721383,434.6342442786172
7,25,6,14447,14396.212192970366,50.78780702963377
7,26,0,16183,14804.114602090413,1378.8853979095875
1,17,2,15092,16056.425667156136,964.4256671561361
10,6,22,15134,14773.234385154645,360.76561484535523
5,31,12,14468,15896.848379436962,1428.8483794369622
3,31,10,16858,16337.457217614843,520.5427823851569
10,30,17,16302,15871.677544275337,430.3224557246631
9,17,21,18157,16452.92939110395,1704.0706088960505
7,6,10,19862,17360.616730032507,2501.383269967493
8,16,21,17573,17161.12760069055,411.87239930945
7,29,14,20233,17652.465325200486,2580.5346747995136
12,4,21,18139,16897.928805663585,1241.071194336415
11,1,4,11338,14374.68341323865,3036.6834132386502
11,27,2,12501,15506.88570032551,3005.8857003255107
2,7,18,18868,17248.14018644158,1619.8598135584216
9,25,6,15539,14403.206978962193,1135.7930210378072
12,5,21,19675,17404.167253742537,2270.8327462574634
12,6,18,18583,17703.246347209082,879.7536527909178
2,5,17,17845,16729.816410928146,1115.183589071854
6,22,9,19829,17118.781270518746,2710.218729481254
10,1,16,14643,15815.395752441185,1172.3957524411853
5,19,21,15447,16088.68853041304,641.6885304130392
6,21,0,14630,15685.168187073852,1055.168187073852
11,7,15,13357,15207.957021547696,1850.957021547696
8,28,7,13371,14677.483044500701,1306.483044500701
9,16,16,16883,16549.45002624179,333.5499737582104
1,1,16,15961,16469.535776250137,508.53577625013713
6,3,9,16130,14878.385376721166,1251.6146232788342
6,13,16,16719,16406.752229695747,312.2477703042532
5,26,9,16011,15639.20246801261,371.79753198738945
12,29,21,17206,17318.155001374085,112.15500137408526
8,24,13,16887,17842.77632658864,955.7763265886388
10,29,7,15654,14711.940313769,942.0596862309994
10,25,1,13201,14534.376849057711,1333.3768490577113
3,22,9,16558,16485.409379094388,72.59062090561201
2,22,9,17116,16473.690745806525,642.3092541934748
6,8,2,11841,13216.396842011767,1375.3968420117671
6,24,22,17041,16418.709772579274,622.2902274207263
12,13,4,14838,15895.946649509098,1057.9466495090983
10,30,4,11495,14603.5454784621,3108.5454784620997
6,17,0,14162,15672.790427456956,1510.7904274569555
4,20,12,14575,16220.274629728123,1645.2746297281228
9,22,5,11053,14634.005575715619,3581.0055757156188
7,14,18,18420,16821.306434675036,1598.6935653249639
2,10,0,16164,16145.76093252788,18.23906747211913
10,19,23,13379,16015.766673687704,2636.7666736877036
6,20,20,19119,16748.79149347846,2370.2085065215397
5,18,1,12849,16113.251709206927,3264.2517092069265
5,17,11,14046,15533.889072617658,1487.8890726176578
11,19,6,13463,15826.671679263613,2363.6716792636125
12,17,8,16395,15249.333624733856,1145.6663752661443
5,19,19,14470,16084.681677431627,1614.6816774316267
2,5,2,14835,16174.569319449623,1339.5693194496234
7,5,12,17900,17283.407263608435,616.5927363915653
6,3,13,15906,16039.69835059958,133.6983505995795
12,18,16,17718,16994.50580106641,723.4941989335894
2,10,12,17465,16632.930150540138,832.0698494598619
8,18,20,20482,18645.911732430497,1836.088267569503
6,7,14,14882,16055.704858202347,1173.7048582023472
11,18,7,14235,15213.287607484936,978.2876074849355
7,28,21,17579,17408.916274930118,170.08372506988235
6,12,14,16207,16204.267531114441,2.7324688855587738
2,25,20,19505,17507.970465057973,1997.0295349420267
8,31,17,21257,17908.556823293315,3348.4431767066853
11,7,4,12750,14947.477313015694,2197.4773130156937
6,25,23,14462,16059.912854245287,1597.9128542452872
9,24,8,12980,14369.62525314034,1389.6252531403406
1,29,10,18393,16681.559458814423,1711.4405411855769
3,24,6,14408,16030.173338777695,1622.1733387776949
12,9,16,17437,17021.9864623428,415.0135376571998
2,19,6,15100,16868.088768224057,1768.0887682240573
11,10,2,11459,14257.028449638448,2798.0284496384484
6,8,9,14461,15051.77268007684,590.7726800768396
12,26,12,13244,16400.018342476276,3156.0183424762763
1,24,21,17408,16232.888189837362,1175.111810162638
1,17,9,14471,16187.98506404183,1716.98506404183
8,28,3,16016,15974.822085507858,41.17791449214201
10,30,21,17126,16012.86620395896,1113.1337960410401
1,7,15,16999,17594.6778175391,595.6778175391009
9,3,3,12513,13061.745774050729,548.7457740507289
4,27,17,14769,16095.368419462588,1326.3684194625876
7,19,7,14953,13928.893768202855,1024.1062317971446
6,30,1,12641,14021.034213175904,1380.0342131759044
7,18,23,16564,16790.76702030782,226.76702030781962
10,11,11,12726,15564.142432691591,2838.1424326915912
1,10,5,14069,14726.200207875143,657.200207875143
11,20,14,17498,16774.948060114646,723.0519398853539
3,10,9,15160,16165.414856291125,1005.414856291125
3,26,14,15587,16169.196114065071,582.196114065071
7,16,19,15772,17068.045320665893,1296.045320665893
1,5,14,17663,17342.59946553211,320.4005344678917
5,7,13,12504,15879.326279200124,3375.326279200124
8,14,13,17961,17933.561807200716,27.43819279928357
3,26,18,16417,16036.128905358766,380.87109464123387
2,20,21,17204,16699.24585303344,504.75414696655935
8,4,17,20347,18087.73664763475,2259.263352365251
4,5,13,15906,16577.928718636045,671.9287186360452
9,19,15,15153,15928.048815406622,775.0488154066225
11,29,23,15567,16792.18532012939,1225.1853201293889
8,5,14,21807,17859.94072812305,3947.0592718769512
1,30,23,15135,16656.840253592858,1521.840253592858
11,18,1,13174,14410.24570798784,1236.2457079878404
1,21,9,16757,16895.795633987593,138.79563398759274
9,1,11,19161,16256.686913227266,2904.313086772734
1,9,2,13547,15181.793837547228,1634.7938375472277
7,20,5,14862,15643.479836064746,781.4798360647455
11,18,13,16023,16583.99001514762,560.9900151476213
8,15,16,21327,18803.590426900824,2523.4095730991758
5,1,6,13119,15863.499671965788,2744.4996719657884
9,27,13,16022,15694.462083572012,327.5379164279875
9,2,12,15753,15395.834895957534,357.1651040424658
9,30,8,12693,14034.491989875693,1341.4919898756925
7,10,12,17604,16489.157862478223,1114.8421375217767
6,16,13,16606,16246.374486690675,359.62551330932547
10,10,18,14534,15446.370770853056,912.3707708530565
1,1,21,18685,16346.906499979164,2338.0935000208356
8,6,20,21141,16899.97011785494,4241.02988214506
2,3,3,15038,15701.377582736734,663.3775827367335
9,29,15,14198,15246.393560183644,1048.3935601836438
12,14,1,15175,15767.19026142101,592.1902614210103
2,1,0,16864,16490.59053311554,373.4094668844591
5,29,12,15057,16168.109516974408,1111.1095169744076
11,5,17,14556,15299.027296211307,743.0272962113067
11,21,1,13242,15925.942565254683,2683.9425652546834
2,12,1,16006,17225.599137428595,1219.599137428595
2,22,21,17956,17177.589128535117,778.4108714648828
2,13,18,18970,17395.903407606995,1574.0965923930053
6,4,18,16805,16471.550639323923,333.44936067607705
11,24,5,12769,14295.800459597222,1526.8004595972216
12,13,7,17997,15813.188856065948,2183.811143934052
9,14,0,14227,15787.551304610643,1560.5513046106425
1,26,11,16912,16133.580118085878,778.419881914122
3,11,2,12206,15709.486911757094,3503.4869117570943
12,7,10,17104,16635.8921949609,468.10780503910064
7,25,20,20649,18528.457601020313,2120.5423989796873
10,10,3,11267,13220.71370608664,1953.7137060866407
7,15,10,17140,16101.615474482483,1038.3845255175165
4,5,11,14007,15337.358406489046,1330.3584064890456
5,1,0,12051,13671.62552601535,1620.6255260153503
6,1,21,17141,16323.385733359648,817.6142666403521
8,25,12,16562,15202.392597058144,1359.607402941856
2,18,12,17684,16732.385575748613,951.6144242513874
5,6,5,11657,15880.498538361177,4223.4985383611765
9,6,9,17869,15159.379005291252,2709.620994708748
12,1,17,18541,16709.215359551086,1831.7846404489137
6,15,21,15779,15623.537440495427,155.4625595045727
10,7,5,12352,14081.603993270255,1729.6039932702552
11,1,18,18216,16269.412040406394,1946.5879595936058
7,13,8,15958,15512.299913180626,445.7000868193736
12,10,4,12936,14741.033617122528,1805.033617122528
3,20,6,13312,14933.263683514744,1621.2636835147441
12,4,18,20074,16845.111381706978,3228.888618293022
11,10,16,16561,16697.259617951902,136.25961795190233
6,10,8,13057,13356.725300911698,299.72530091169756
6,9,5,12299,12682.522672859932,383.52267285993184
10,20,11,14135,15322.365906729414,1187.3659067294138
10,31,7,15282,15197.898659596056,84.10134040394405
5,31,20,17572,16279.531331420096,1292.4686685799043
