DateTime,Actual_Ontario_Demand,Predicted_DT,Predicted_ANN,Predicted SVM - Non Linear,Prediced SVM - Linear
2025-01-01 00:00:00,19304.88388088537,18490.221454744576,20363.557,15907.464290137195,20192.00181217036
2025-01-01 08:00:00,14371.410828453523,14374.427027864022,14837.953,15713.708718494276,14410.04294994151
2025-01-01 14:00:00,16800.516328872025,16696.678788199635,17400.607,15794.927226868895,16251.882078449255
2025-01-01 17:00:00,19033.22277114096,18740.47880119981,18964.48,15970.464939474074,18393.160226503005
2025-01-01 19:00:00,17147.7582597041,17646.326710875277,17897.807,15986.320188771946,17912.493559792136
2025-01-01 23:00:00,18132.493094068068,17822.290543525218,18759.12,15971.861161400046,17383.63431459703
2025-01-02 09:00:00,14079.096528128304,14050.49018668715,14324.913,14669.335397753839,13696.685968182244
2025-01-02 13:00:00,16964.51862660649,17028.73618764605,16523.936,16038.56978396399,16343.893394879186
2025-01-02 17:00:00,18241.846577880933,15248.561340875738,18375.498,16689.880474370177,18656.895030876833
2025-01-03 00:00:00,17889.316586966524,18325.33612075246,17996.002,16320.276908517897,16664.514405010636
2025-01-03 02:00:00,18700.0,18575.427511546135,18054.443,16848.969082702148,16899.249936628778
2025-01-03 08:00:00,14977.114865012809,14926.170971676009,14974.023,15313.08596716562,14658.73792554798
2025-01-03 13:00:00,18226.1080604578,18273.6951276941,18213.91,16774.6292895599,18502.00924294403
2025-01-03 17:00:00,16839.19698201368,16496.364083611144,16688.771,16071.809498674971,15444.90037032498
2025-01-03 20:00:00,18223.345399418304,18663.817233928516,18439.244,17299.69824281632,17695.826191554497
2025-01-03 21:00:00,16227.285696812864,17400.223294177842,17118.346,16184.40431626935,15032.820483673679
2025-01-04 07:00:00,15844.763023084935,15623.412995168736,15868.744,16215.037042454846,15546.871532567395
2025-01-04 08:00:00,14176.701028951931,13923.28261918891,14409.495,15104.860700783483,13988.874114908025
2025-01-04 09:00:00,14337.949032051942,14609.981337153942,14717.571,15222.957550352725,14403.232342991334
2025-01-04 15:00:00,14465.451124603504,15896.781387893261,15644.719,14864.05310672373,14879.501817334329
2025-01-04 16:00:00,16152.056150194549,16371.393254606968,16363.391,15984.634728044082,15540.298123767323
2025-01-04 19:00:00,15515.491053877024,15896.781387893261,15736.947,15311.459823452979,14313.53355488576
2025-01-04 21:00:00,19822.362394114127,18745.065257896622,19387.443,17116.02328258423,19234.12572321423
2025-01-04 23:00:00,18498.640014514203,19210.55507102966,19114.396,16885.70533436426,17966.894202658576
2025-01-05 03:00:00,18316.644257606036,18792.80644320785,17113.861,16280.980773673782,16369.441746083017
2025-01-05 04:00:00,15465.9456129103,15358.531388786705,16171.103,15618.493000700584,15264.722370366679
2025-01-05 05:00:00,14837.794925333774,14875.541020088087,15903.432,15472.3658366264,16364.951502244563
2025-01-05 10:00:00,14145.485496418494,14224.149016249849,14535.923,15215.90172471582,13679.57279741309
2025-01-05 22:00:00,18594.542807264,18626.14548863665,19687.58,16809.740074360445,19143.876179976258
2025-01-05 23:00:00,18159.11042783166,18234.720291983736,18524.05,17049.25528524713,17315.711364798284
2025-01-06 11:00:00,13933.048750457869,14050.49018668715,14476.677,14525.193134493009,13895.397740520566
2025-01-06 12:00:00,17754.00481683034,18008.483790710212,17272.936,16809.76498765081,17465.519897925144
2025-01-07 05:00:00,14460.87403630637,14163.298961912404,14751.545,14719.169740494877,14844.587829934037
2025-01-07 13:00:00,16018.186671912968,16759.59975712571,15753.706,15465.070626899782,15333.303410071503
2025-01-07 23:00:00,18271.443113330733,18068.52561290875,19460.06,16114.675497364788,18307.79563874655
2025-01-08 01:00:00,19355.94067552145,19206.691791076017,19530.611,17636.454393506632,18535.67525638332
2025-01-08 04:00:00,16045.269009157317,15886.106486658695,17221.252,16635.993127219896,16674.47486872439
2025-01-08 08:00:00,14664.67941671226,14469.735331975804,14621.651,15018.160104962824,14521.582178635217
2025-01-08 09:00:00,14297.451602506686,14374.427027864022,14336.102,14640.737360204446,14473.43191785106
2025-01-08 11:00:00,14337.671843852371,14469.735331975804,14674.156,14511.154422092368,13943.269737126866
2025-01-08 12:00:00,17985.952076565085,17868.789974786712,17364.129,17371.17306118425,17937.85228323763
2025-01-08 13:00:00,16493.091866684936,16527.413729884815,16210.619,16151.626563190326,16266.395942710335
2025-01-08 17:00:00,17459.33512243003,17619.093165563052,17658.443,17328.89236785712,17393.489294091956
2025-01-09 04:00:00,14277.872305480843,13673.0,14763.708,14325.334211301264,14735.670422342268
2025-01-09 07:00:00,15520.196645136068,15484.848371795308,15139.539,15831.079804637451,15230.717440054805
2025-01-09 19:00:00,16808.2087809188,16519.779754938798,16919.707,16562.35722543398,16292.841650938382
2025-01-09 20:00:00,19354.927206270742,18960.15440517067,19009.46,18825.793019867284,19310.286233328665
2025-01-09 22:00:00,17925.043189557033,18060.750761862488,17764.252,16820.899581865364,15992.280323676972
2025-01-10 01:00:00,19790.79045563218,18490.221454744576,20828.12,16884.30402353461,20984.930492933585
2025-01-10 05:00:00,15666.309236562283,15826.080518944866,15685.482,15788.792560964397,15668.3229119287
2025-01-10 06:00:00,14790.17769222547,14910.516576278655,14510.342,14669.242099569521,14588.384139296553
2025-01-10 14:00:00,16773.203637769926,20093.35503600177,17055.025,16519.216060768766,17344.12985307782
2025-01-10 17:00:00,17427.735777548914,17646.326710875277,17686.785,16916.527298999372,16919.637380686752
2025-01-10 23:00:00,18904.401837388006,18859.21825774557,19360.586,17018.846638901825,19023.594189799744
2025-01-11 05:00:00,15521.0,15358.531388786705,15497.354,15407.068810965484,15210.038903721348
2025-01-11 08:00:00,14337.994113677922,13715.793716386188,15609.182,15894.086051282467,16393.606838240536
2025-01-11 11:00:00,13559.758755607432,13146.790118808312,14186.916,14408.622356643682,13392.839839476806
2025-01-11 17:00:00,18112.10325622885,18075.872158336602,18326.568,17045.567639466673,17767.77509176951
2025-01-11 23:00:00,18922.45089288213,18377.229153714947,19601.586,17592.763893852232,19041.867791395474
2025-01-12 01:00:00,18028.407268503164,18411.133697366575,17914.055,15565.212048106918,17029.96926449649
2025-01-12 03:00:00,16130.769358384236,17304.265704464982,15748.672,14919.56474907591,15789.276480434333
2025-01-12 10:00:00,14464.0,14083.155882055999,15167.752,15367.71539791891,14303.919490265542
2025-01-13 00:00:00,17970.08859252079,18325.33612075246,18026.969,16243.3962092598,16766.43301389041
2025-01-13 03:00:00,18342.21408477837,18411.133697366575,17292.275,16362.41774321319,16843.365888818953
2025-01-13 12:00:00,19435.00102378964,17643.359338564467,18336.705,16479.831837354737,21701.003992556878
2025-01-13 16:00:00,18668.829731849022,18745.065257896622,18406.125,17286.300227020798,19223.42344194543
2025-01-13 20:00:00,21331.981807504464,19616.79783753981,20352.33,17374.718119518864,21779.103410876138
2025-01-14 03:00:00,17669.342641518084,17416.110889035434,16527.783,15470.68387972006,16437.962238176096
2025-01-14 06:00:00,17465.638036274882,17012.89196690714,17496.041,16598.01630123106,17635.805568503485
2025-01-14 07:00:00,14163.252131791616,14610.862550451711,14415.203,15369.687904993869,14557.882887863565
2025-01-14 09:00:00,13289.312684471748,13583.472966804326,13796.427,13872.069981360843,13984.94444706125
2025-01-14 11:00:00,16469.264091685895,16569.885704944307,16520.174,16343.650599149118,15761.204079529758
2025-01-14 16:00:00,17778.080620918816,17873.099654688936,17858.486,17538.325147149313,17752.77032277391
2025-01-14 18:00:00,17134.54793568582,17670.38415722227,16312.478,16041.543405628678,16505.831461065456
2025-01-14 20:00:00,18840.67313310981,18960.15440517067,18523.184,18170.98177391403,18333.62053504253
2025-01-14 21:00:00,18460.73750297709,18663.817233928516,18417.018,18299.138534041962,17757.798552721306
2025-01-14 22:00:00,15472.86691478598,16718.084156831883,15387.186,15143.59708016081,13508.989881800664
2025-01-15 01:00:00,17554.304419593223,18325.33612075246,17286.271,15724.240661235617,16985.890904800966
2025-01-15 10:00:00,16702.526657419592,17192.00936095804,17055.621,16890.162018767263,17705.129623155604
2025-01-15 13:00:00,17456.42945877476,16892.407772872197,16620.41,16487.746786501342,16438.71164324647
2025-01-15 17:00:00,18410.021170897013,17868.789974786712,18474.72,17759.572498506655,18352.318349139045
2025-01-15 18:00:00,17173.04836000266,16857.80374227039,17145.033,16707.260245446512,16441.989387642872
2025-01-16 00:00:00,18829.927849599444,17947.061128865564,18834.064,16378.616680595553,16971.332602047692
2025-01-16 07:00:00,16345.435108260335,16340.278519410864,16564.238,16765.0396772528,17255.846267635214
2025-01-16 19:00:00,18114.33805148506,17873.099654688936,18287.33,18256.380475131435,17964.786072006318
2025-01-16 21:00:00,17793.805632688407,17634.129418683195,19324.441,16721.49426704222,18066.821252055965
2025-01-17 09:00:00,16539.692053628492,16083.551689272059,16863.303,16911.668871893868,17779.64971165041
2025-01-17 18:00:00,20103.455611393616,18867.755525089306,19455.482,16715.354964771755,22889.63485552177
2025-01-18 00:00:00,17785.274570874302,15861.625654655876,17434.154,15464.012829232288,15957.194664985725
2025-01-18 03:00:00,18278.709989284525,17867.037678577628,18204.537,16681.457031372083,18637.498605305966
2025-01-18 07:00:00,13689.438598179542,12623.4711153906,14160.537,14652.942859934403,14558.774727459815
2025-01-18 21:00:00,20427.027579869096,18745.065257896622,19852.646,16954.33692642692,18925.866902986992
2025-01-19 03:00:00,17989.008150549707,18002.094753396417,16857.354,15911.464513981082,16681.277519580457
2025-01-19 13:00:00,15653.515221070404,14671.621069026902,15610.736,15033.749817339705,14753.682250193106
2025-01-19 15:00:00,18783.42451229137,18090.719353355125,18391.71,17221.939285117507,18911.58425422725
2025-01-19 17:00:00,19695.46357110988,18867.755525089306,19155.99,17402.636827059152,20794.416388573492
2025-01-19 21:00:00,18117.544125877317,18377.229153714947,18496.537,16587.70361879965,17691.277532091306
2025-01-19 23:00:00,19392.73011274568,18626.14548863665,19132.418,17477.92655726847,18209.880272689883
2025-01-20 01:00:00,20014.368927592284,19399.703012192345,19729.533,16860.006478283012,17702.556267076205
2025-01-20 05:00:00,14139.638447012194,14163.298961912404,14360.115,14637.387899663476,14440.808790990322
2025-01-20 09:00:00,13821.9460001269,13583.472966804326,13736.527,14518.608513340912,13443.063473791659
2025-01-20 12:00:00,15878.33120127364,16048.051902476598,15122.528,15107.758295122772,15076.610197360547
2025-01-20 16:00:00,17610.7978979791,17619.093165563052,18154.361,16699.279495584575,17104.107790680653
2025-01-20 20:00:00,19093.07113261572,18960.15440517067,18462.424,17943.076679501115,18438.884928237516
2025-01-21 03:00:00,17679.320678617005,17325.093087432193,16426.898,15525.499085570145,16415.34899771448
2025-01-21 06:00:00,15504.377830184374,15358.531388786705,15258.283,15673.94992281987,15207.063120390807
2025-01-21 07:00:00,13864.93217710103,13804.549302865666,13625.914,14457.89287324334,13898.183241644305
2025-01-21 16:00:00,17651.168209301188,17619.093165563052,17564.662,17122.09698155209,17495.747043941825
2025-01-21 23:00:00,17986.285806452033,18060.750761862488,18229.184,17650.897615235277,16943.976223221132
2025-01-22 05:00:00,16858.885261148374,16723.546476050084,17476.236,17500.80673919989,17311.601956368784
2025-01-22 07:00:00,14378.13955614857,14163.298961912404,14231.904,14654.505567715552,14729.422393043773
2025-01-22 14:00:00,16924.348975667155,18740.47880119981,18112.201,16680.01327869914,19679.18754313956
2025-01-23 02:00:00,16823.33960209019,17304.265704464982,16199.037,15164.304908629581,15776.237322113488
2025-01-23 04:00:00,15013.659285547572,15358.531388786705,15376.98,14996.43629818709,14592.280109052661
2025-01-23 05:00:00,13851.0539427692,14155.272987172166,13302.658,14027.763283797227,13238.096247903062
2025-01-23 10:00:00,14299.105789019484,14224.149016249849,14384.247,14396.05492687375,13987.274432779403
2025-01-23 12:00:00,16345.796391487276,16496.364083611144,15926.463,15760.104614622409,16082.186999343727
2025-01-23 15:00:00,16375.53894238666,16696.678788199635,16355.444,15899.364818129492,15686.335732242953
2025-01-23 16:00:00,17954.418267261197,18075.872158336602,17875.727,17106.613139848974,17925.938905237726
2025-01-23 22:00:00,17722.442995354133,18060.750761862488,17944.543,17437.083113289264,16573.582483502687
2025-01-24 02:00:00,18384.23278213581,18692.461479630518,18035.654,16920.911514953048,17851.36683182989
2025-01-24 15:00:00,17359.08054614765,17789.44319566309,17950.717,16869.079266728582,17309.90410292238
2025-01-25 00:00:00,19878.444592044212,19931.303707632243,20277.781,17430.061009515957,19163.12507786886
2025-01-25 10:00:00,14034.58707002344,13923.28261918891,14522.114,14777.987467727782,13958.043058067997
2025-01-25 16:00:00,18200.55858702689,18049.73953667533,18095.605,18065.45732627978,18477.904308227306
2025-01-25 18:00:00,16834.719501519296,16759.59975712571,17049.014,15986.460630376636,16192.921991632327
2025-01-26 01:00:00,17375.331793213867,17325.093087432193,17929.127,15636.846651864615,17442.17675158062
2025-01-26 04:00:00,15557.55168880801,15358.531388786705,15765.406,15614.025460419552,15270.099955384656
2025-01-26 11:00:00,14057.910003447172,14380.006287657681,16235.759,16059.912906874282,17377.81392032204
2025-01-26 18:00:00,17763.84710779242,17670.38415722227,18627.643,17194.432738051295,18063.17970146138
2025-01-26 23:00:00,17490.49566921216,17400.223294177842,17886.096,16724.449284231454,16586.41153095124
2025-01-27 01:00:00,18204.763279247712,16886.59545439417,18114.361,16239.759804250625,18390.38636635307
2025-01-27 09:00:00,13874.496709144038,14050.49018668715,13798.82,14602.093918717566,13608.051903412927
2025-01-27 13:00:00,15427.85040234244,15662.913060790124,15168.35,15297.03535946855,15516.251603506871
2025-01-27 17:00:00,17312.248502584203,17238.90487941086,17247.41,16686.94289125126,16612.8251911877
2025-01-27 18:00:00,17311.104874317338,17670.38415722227,16964.25,16747.577761922177,16917.44771107056
2025-01-27 23:00:00,19098.511293820473,18960.15440517067,19324.627,17457.56020979512,18547.187625861607
2025-01-28 16:00:00,18421.7281850866,18496.122374703686,18466.367,16844.512504122336,18219.855807831325
2025-01-28 17:00:00,18608.25329274372,18496.122374703686,18815.02,17526.315721557447,18460.425064468105
2025-01-28 20:00:00,16640.86336303973,15896.781387893261,16149.447,15760.503250132384,14496.80109109036
2025-01-29 03:00:00,18340.065096779213,17758.08490543496,17528.5,16415.498581228057,17532.52857937045
2025-01-29 04:00:00,16494.589841243986,16423.30126562995,16882.912,16892.150140756967,16209.766383019733
2025-01-29 10:00:00,16516.375722982644,15589.459814849231,16569.451,16353.487666067764,15875.011521145714
2025-01-29 11:00:00,14134.258401440697,13370.871890179544,14499.723,15119.582263740853,14085.377685200474
2025-01-29 22:00:00,18166.163883941554,17764.46364214362,18744.074,17353.513919447327,17999.84381654068
2025-01-30 00:00:00,18620.1836920385,18859.21825774557,20050.771,16305.845781613905,19780.6315262741
2025-01-30 04:00:00,14113.635756558117,13804.549302865666,13630.243,14058.283028766964,13266.459172942823
2025-01-30 10:00:00,14201.332113096038,14224.149016249849,14404.514,14509.35522542456,14089.154828051793
2025-01-30 14:00:00,17723.735150638637,17374.044981403164,17440.979,16740.781749573067,17036.081611952482
2025-01-30 15:00:00,14188.667224709725,15896.781387893261,14709.43,14434.183815299199,14584.411774991306
2025-01-30 16:00:00,16879.75653817575,16225.15790849841,16579.707,15973.258515273912,16267.97782945782
2025-01-30 22:00:00,18511.358939159792,18663.817233928516,18708.42,18078.54055587095,18146.955629743614
2025-01-31 10:00:00,15516.517029563103,15070.976729445663,15780.322,15874.773670604893,14630.521915332365
2025-01-31 13:00:00,17027.96725869456,17028.73618764605,16430.328,15806.998560488959,16026.030718791122
2025-01-31 16:00:00,18873.108787086436,18745.065257896622,18755.107,17066.611686226133,20050.49605139829
2025-01-31 17:00:00,17916.94700808138,18008.483790710212,18475.486,17312.77217390054,18164.323391240938
2025-01-31 20:00:00,17292.557381249415,17400.223294177842,17826.803,16498.697637969322,16745.042987660778
2025-01-31 22:00:00,16545.7754212836,17383.074566602023,16693.078,15786.382185255432,14279.552771995051
2025-01-31 23:00:00,17690.819641591665,18060.750761862488,18100.443,17128.711477320714,16407.54956700313
2025-02-01 00:00:00,19573.71213118374,19624.60826372837,20098.838,17225.986762723627,19331.523638481576
2025-02-01 01:00:00,19286.3022374976,19206.691791076017,19149.518,17158.196094562056,18352.67952248445
2025-02-01 03:00:00,17247.09887134741,16915.595664830525,16563.387,15438.522686138103,15988.92527909202
2025-02-01 04:00:00,17032.058991683625,17106.7118856008,17478.611,16906.49410645815,16701.235976921886
2025-02-01 07:00:00,14674.849209924245,14207.36406490081,14181.931,15089.17087044218,14001.563225444788
2025-02-01 14:00:00,18355.258471409605,18273.6951276941,18003.89,17029.700938703732,19326.041764691472
2025-02-01 15:00:00,17763.739104342814,17687.956431076844,17839.256,16984.11533929526,18446.183106258817
2025-02-01 19:00:00,16001.525863061705,16087.360651317034,16438.666,16086.735403366307,16084.465311733253
2025-02-01 20:00:00,17889.038219255726,18438.292389590915,17650.373,17264.170999726135,17251.428080266764
2025-02-01 22:00:00,14861.747145561858,14457.152953192992,15446.043,14707.008411490457,15061.922233162424
2025-02-02 05:00:00,15156.590331216048,15058.047219492519,15398.139,15538.687577598732,15117.178259594482
2025-02-02 18:00:00,18392.64663815184,18049.73953667533,18069.236,16600.146216269615,17636.94197531508
2025-02-02 21:00:00,15848.106303993543,14790.577213047027,16146.924,15266.602096239032,16180.358525036545
2025-02-03 02:00:00,17344.2435879838,17545.47898517544,16978.307,16010.693244097247,16270.328686692892
2025-02-03 08:00:00,14743.249650617936,14557.608531075177,14413.711,15203.344301903146,14672.344080706445
2025-02-03 19:00:00,16388.50881986122,16857.80374227039,16425.494,16580.693979884993,15913.352494824961
2025-02-03 23:00:00,17850.570031667205,17171.76477702402,18144.27,16992.152700282928,17205.21777521017
2025-02-04 12:00:00,18826.758273804026,18641.642440407126,17826.19,17315.291535864355,20716.876770804425
2025-02-04 15:00:00,17337.858895875102,17789.44319566309,17888.463,16937.446022576754,17539.304269545897
2025-02-04 17:00:00,17466.40748220119,17670.38415722227,17262.605,16896.583339842353,17429.89850711762
2025-02-04 19:00:00,16296.839550013858,17339.095624091253,16698.936,16421.746593801574,16693.66469663982
2025-02-05 01:00:00,19616.9559110362,19393.76379988469,19441.332,17548.71636568701,18909.308952694166
2025-02-05 16:00:00,19316.065276143963,18253.34329512913,18570.586,17259.77464162124,18377.154797313677
2025-02-05 18:00:00,17709.212982415953,18062.728210025085,17579.988,17569.618664493133,17568.783264817914
2025-02-05 22:00:00,17950.181300176402,17983.89510525567,18108.81,17870.865435801476,17744.770969931647
2025-02-06 02:00:00,19274.43099742302,19206.691791076017,18515.592,17421.254591479385,18492.746646027168
2025-02-06 04:00:00,16840.706551794166,17106.7118856008,16675.111,17061.681928849335,16130.507466325807
2025-02-06 15:00:00,14572.344402196044,15832.06704616474,15126.877,15085.171970582887,14224.813634716904
2025-02-07 20:00:00,17621.691965782906,18068.52561290875,17477.154,17091.196700127573,18012.61476539098
2025-02-08 09:00:00,15428.912452241962,15512.98726444818,15743.68,16869.76983415015,16008.798370281602
2025-02-08 15:00:00,16231.225084050104,16839.253692438488,16003.409,15789.252896444703,15682.830478134681
2025-02-08 20:00:00,15925.66600570763,15896.781387893261,15188.207,15381.57832642375,14590.646642255559
2025-02-09 04:00:00,15370.307376981422,15826.080518944866,15988.756,15528.547963514351,15190.221452597967
2025-02-09 21:00:00,14751.548687909542,15365.116890879268,15154.033,15509.326339560841,15087.78207458536
2025-02-10 05:00:00,16776.667550270777,17012.89196690714,16827.92,16471.790456212988,16585.03615413333
2025-02-10 10:00:00,16505.826030822427,16569.885704944307,16560.447,16541.623725876496,16816.46202090787
2025-02-10 22:00:00,18561.750241449376,19094.67435819618,18734.848,17069.79221287043,17630.542191867004
2025-02-11 10:00:00,14608.344661251753,14609.981337153942,14750.8125,15032.950197434227,14044.228108235578
2025-02-11 12:00:00,18893.70183480532,18641.642440407126,17795.236,17353.4419852138,20446.43546284356
2025-02-11 13:00:00,15811.528032484428,14916.394719422398,15789.304,15453.388648873914,15693.52158814607
2025-02-11 18:00:00,15173.88457638537,15896.781387893261,14878.943,15112.687644300124,15617.70048328117
2025-02-11 21:00:00,14549.881370910543,13870.79256053955,15165.287,15322.210212368322,13880.996248984533
2025-02-12 01:00:00,19216.328024987968,19206.691791076017,18881.627,17742.240837739097,17964.548170524984
2025-02-12 02:00:00,18805.31370188333,18770.972533744523,17890.482,17019.63792443861,17452.836113747213
2025-02-12 09:00:00,14889.33820518481,14557.608531075177,14783.882,15146.809001000745,15215.770266917572
2025-02-12 10:00:00,14004.30123209726,14101.874079296555,14296.265,14900.758172599617,14738.640225636012
2025-02-12 12:00:00,16200.95954491656,15737.259165271387,15417.41,15376.840750375102,15192.48413937093
2025-02-12 14:00:00,17927.272123644852,18049.73953667533,17274.354,17309.479141421238,18113.381655424062
2025-02-12 17:00:00,17777.118404517514,18008.483790710212,18301.146,16175.085473890069,17242.936004917665
2025-02-12 19:00:00,16711.261485160358,16820.218645173594,16942.12,16330.140403374324,17466.575875094273
2025-02-13 02:00:00,17045.693965878017,17195.57154894159,16480.975,14812.623159233763,16071.74031006984
2025-02-13 06:00:00,16258.546132269375,16423.30126562995,15832.268,16464.18807160582,16162.42003259537
2025-02-13 10:00:00,14287.356616296109,14101.874079296555,14628.821,14825.827615367905,14989.211786764698
2025-02-13 12:00:00,15829.780248236046,15074.701053691882,14470.273,14016.717840034975,14997.541791371223
2025-02-13 14:00:00,15418.242714188234,15896.781387893261,14117.425,14509.464551514719,13904.39123632685
2025-02-13 21:00:00,19004.0844428423,19094.67435819618,18787.6,17550.771867609295,18372.338275035792
2025-02-13 23:00:00,18115.89766744344,19210.55507102966,18497.787,17270.24442320477,18164.199133692975
2025-02-14 00:00:00,18114.5811045303,18325.33612075246,18005.697,16185.380458139243,16986.160447090373
2025-02-14 01:00:00,18572.983774785516,18792.80644320785,18215.896,16635.270153253146,16554.623377678898
2025-02-14 05:00:00,15792.15517030064,15484.848371795308,16035.936,15934.76877241597,15946.932573368258
2025-02-14 12:00:00,17284.98061441236,16320.386636900277,16177.269,16712.693729770257,16851.873467243888
2025-02-14 15:00:00,16574.26977984194,16892.407772872197,16470.85,15968.257422540266,16212.575456183356
2025-02-14 18:00:00,16738.60000971233,17339.095624091253,16104.4,15751.994980893282,16232.499324542188
2025-02-14 19:00:00,14779.456764942935,14916.828740420751,15339.205,14759.339438283658,15311.696765241786
2025-02-14 20:00:00,18291.508817011043,17548.78241104075,17618.629,16702.206389424427,16734.065696102134
2025-02-14 22:00:00,17401.5162134802,17634.129418683195,17439.568,17158.406742458104,16619.244031593134
2025-02-15 04:00:00,15586.0,15423.786789536574,16390.865,15825.479627698818,15836.338159245935
2025-02-15 07:00:00,14377.657791878708,14336.882177579164,14092.391,14422.777131740759,14476.12294499468
2025-02-15 10:00:00,14033.92243779367,13811.652387472936,14204.369,14462.538919830404,14029.129798369011
2025-02-15 23:00:00,17310.041483557405,17634.129418683195,17698.912,17252.778661402073,17185.31130469766
2025-02-16 04:00:00,16811.637044107916,17106.7118856008,17013.11,16586.045276361103,16134.19789936595
2025-02-16 07:00:00,14880.553663296578,15058.047219492519,14698.91,15341.761333714392,15355.334301079482
2025-02-16 11:00:00,15017.441133046785,16170.294893628025,15850.842,16431.268518561028,15512.488345453288
2025-02-16 19:00:00,19161.486038090206,19616.79783753981,19148.74,17151.21473415794,21553.556619057243
2025-02-16 23:00:00,16737.11182793135,16427.461706058755,17191.145,16386.126776887693,16715.40786889742
2025-02-17 11:00:00,14681.62010517012,14676.529572114861,15459.146,15712.758876148633,15213.380549952582
2025-02-17 14:00:00,17538.576031518878,17492.099386352766,17495.05,16173.635876354314,17875.426968443346
2025-02-17 16:00:00,17909.046939128053,18062.728210025085,17714.533,16014.116429497086,17833.091567743504
2025-02-17 17:00:00,16330.338347069004,15896.781387893261,15571.239,15772.17680936513,15280.399003381233
2025-02-17 19:00:00,15607.387388438076,15010.899489005571,16626.588,15638.240003512545,16833.154153234722
2025-02-17 21:00:00,19510.98489815971,19616.79783753981,19678.572,15915.275560545015,19860.05707540944
2025-02-18 04:00:00,17240.049394640137,17106.7118856008,17501.434,17420.712866924317,16806.390864896843
2025-02-18 05:00:00,14377.04473455692,14155.272987172166,14259.59,14230.014852113505,14253.605085592011
2025-02-18 10:00:00,16179.316642422888,16166.642846255902,16157.507,16654.961081750567,16145.50289615316
2025-02-18 11:00:00,15552.841722623636,15431.573156387987,16175.143,16422.59018860286,15580.279881941267
2025-02-18 14:00:00,15834.835236366838,15662.913060790124,15133.451,15036.760906774452,14802.188422309746
2025-02-18 16:00:00,17023.68806724375,17339.095624091253,16458.086,16019.1752253849,16360.582836398797
2025-02-18 20:00:00,17558.38919008838,17171.76477702402,17231.83,17389.94877288515,17200.259330181532
2025-02-18 23:00:00,17888.576389766517,17634.129418683195,18100.44,16920.065502579382,16769.938566951227
2025-02-19 00:00:00,18104.717908126207,18235.900789579817,18300.254,16809.751061825176,17217.41648639131
2025-02-19 04:00:00,14769.198557453845,14826.199490246974,15187.547,15257.020992708152,14871.62424431652
2025-02-19 07:00:00,14813.813639097334,14910.516576278655,14458.996,15297.29404538706,15238.014271269456
2025-02-19 12:00:00,15932.612317881192,16048.051902476598,15059.049,15415.093266141103,15460.97056880036
2025-02-19 17:00:00,16731.384029365418,16857.80374227039,16708.326,16373.963053570114,15763.689736041148
2025-02-19 19:00:00,16043.273642672795,16225.15790849841,16080.577,15964.65761178351,15789.907624399912
2025-02-19 21:00:00,19396.70871995504,18745.065257896622,19041.684,18497.895603888704,19359.871900755257
2025-02-19 23:00:00,15140.7491569883,13870.79256053955,15402.531,14927.16721271802,15259.938080201446
2025-02-20 01:00:00,17878.361295441366,18325.33612075246,17546.002,16696.18538334023,17093.040973850348
2025-02-20 10:00:00,14394.922832034832,14374.427027864022,14561.197,14691.41147050542,14724.89323220053
2025-02-20 19:00:00,15794.329839874954,15376.93981527017,15981.765,15949.081327205464,14814.667938485125
2025-02-21 02:00:00,17072.358451621152,16624.707476301242,16684.695,15329.287613344623,16700.020021606542
2025-02-21 09:00:00,13346.439045882616,13146.790118808312,13260.395,14450.122943133572,13220.982309897201
2025-02-21 20:00:00,16853.048890968563,16752.709141232208,16863.584,16866.118359781532,17248.53275333951
2025-02-22 05:00:00,17767.802884085064,17612.9149509755,18250.504,16608.756091631065,17867.92010750595
2025-02-22 13:00:00,18808.2195287373,18273.6951276941,17774.525,18113.697293426314,19389.052600415285
2025-02-22 15:00:00,15707.075055456891,16048.051902476598,15899.521,16037.363535379085,15509.590840786877
2025-02-23 05:00:00,16034.89196355872,16157.432187396884,15954.76,16068.731576177559,15837.297322649163
2025-02-23 09:00:00,16159.296696012972,16166.642846255902,16417.38,16704.843442466095,15775.269522078366
2025-02-23 10:00:00,14670.59632292374,14557.608531075177,15070.424,15671.951927341872,14976.44130166481
2025-02-23 15:00:00,18862.289938839946,20016.013180993865,19057.148,16344.556033768356,22622.692134725254
2025-02-23 23:00:00,17589.523719345034,18377.229153714947,18359.28,17443.260814070407,17996.47509577905
2025-02-24 01:00:00,17281.539570702786,17416.110889035434,16992.934,16005.925756057233,16261.733617197246
2025-02-24 02:00:00,16972.55144490383,17247.836722702225,16225.835,15315.91868134641,15951.100575542538
2025-02-24 17:00:00,14250.626495635815,14776.6224094997,14597.4,14961.864795561978,14580.265004486237
2025-02-25 00:00:00,18550.650751325036,18792.80644320785,18552.896,16907.515360666297,16945.35372158463
2025-02-25 02:00:00,18672.38543218964,18575.427511546135,17446.068,16333.064867898716,17351.774546863653
2025-02-25 03:00:00,17924.68977137001,17545.47898517544,16721.803,15811.278591523826,16678.248610487783
2025-02-25 08:00:00,15689.751839115204,15149.552518564413,15125.637,15636.15215836561,15202.525381715095
2025-02-25 10:00:00,14622.680180378627,14380.006287657681,15231.855,15776.894862289237,16528.21468911581
2025-02-25 14:00:00,17452.053866879523,17492.099386352766,17100.455,16665.024347549777,16970.93455661218
2025-02-25 19:00:00,18498.551356230735,17670.38415722227,18010.213,17237.10393669901,17392.854882635133
2025-02-26 01:00:00,18370.62432452235,18325.33612075246,17921.912,16208.610406093394,16982.00565341711
2025-02-26 02:00:00,17953.045452909882,17919.15895301044,17172.195,16103.346589153638,16401.587080826765
2025-02-26 05:00:00,16328.970619316837,16322.142407612828,15768.006,16668.46897674904,15104.979648908591
2025-02-27 01:00:00,17890.404173834184,18002.094753396417,17570.611,16329.12979865,16920.053401991197
2025-02-27 04:00:00,16254.968697143404,16322.142407612828,16680.871,16797.498153688808,16310.28962759687
2025-02-27 05:00:00,15825.662120402032,16170.294893628025,15303.426,16039.337232004636,15464.416550436506
2025-02-27 06:00:00,15757.0,15687.145838984632,15636.356,16132.198042703556,16199.587784342893
2025-02-27 15:00:00,17214.986762651213,16320.386636900277,17279.193,16949.23687047333,16871.85363279463
2025-02-27 17:00:00,16218.137962166898,16759.59975712571,16431.283,15237.622930574298,16532.60621661785
2025-02-28 01:00:00,19818.554616824626,19931.303707632243,19431.0,17553.969165684754,18754.598167532276
2025-02-28 04:00:00,16186.48319735969,16170.294893628025,16733.41,16702.076602013854,16518.447436464172
2025-02-28 08:00:00,13051.499258860971,13715.793716386188,13539.734,14772.080235345153,14602.433871775047
2025-02-28 10:00:00,15797.947624011204,15149.552518564413,15750.921,15893.600047525391,16199.087856397677
2025-02-28 13:00:00,16319.297039038447,16048.051902476598,15780.557,15716.687125669465,16085.242400549248
2025-02-28 14:00:00,16304.361786116557,16371.393254606968,16019.782,15757.10711421303,15685.059808726268
2025-03-01 01:00:00,16701.8575041687,16519.81430854576,17127.588,15934.049495366473,16746.99262002163
2025-03-01 04:00:00,14321.954273195664,14207.36406490081,15565.355,15759.78536422949,15301.900869161425
2025-03-01 05:00:00,14503.48418843826,14875.541020088087,15506.012,15698.32232597059,15644.731165147477
2025-03-01 10:00:00,14685.78026590451,14727.316519773873,15479.916,16001.598528428953,15209.421232652276
2025-03-01 11:00:00,14252.158503885208,14163.298961912404,14312.814,15052.313825435622,14557.586840303682
2025-03-01 13:00:00,15670.114896053214,15766.062972683576,15016.248,15066.182370701968,15304.932187970548
2025-03-01 14:00:00,16205.681471891206,17376.76899936719,16512.863,16611.259813920788,16551.257904546197
2025-03-01 16:00:00,15639.705173375454,16337.397733829677,15650.92,16097.24670044601,15514.611257917575
2025-03-01 21:00:00,16260.232902984171,16431.98596279312,16215.004,16103.961948992734,16865.595253814146
2025-03-01 22:00:00,15654.054015431326,15899.823175793772,15414.31,15425.69381400118,15803.814315377562
2025-03-02 06:00:00,13906.222608494549,14207.36406490081,14363.404,15436.425904701084,14470.203078737271
2025-03-02 12:00:00,15889.931934450691,15884.93258994128,15410.536,15193.572846308622,15992.67043356751
2025-03-03 03:00:00,14824.69551826196,15439.539459057869,14876.253,14912.677780368762,14610.057027018825
2025-03-03 06:00:00,13248.339256193409,14033.038218086353,13193.077,14921.122291653039,13016.71611646065
2025-03-03 08:00:00,13892.1314377916,13653.486670722068,13869.209,14568.699331936388,14390.660064202923
2025-03-03 15:00:00,17003.67138794259,17453.682071127183,17340.605,17430.797052600305,18471.443375953037
2025-03-03 16:00:00,14100.06404803088,13826.21678450602,14086.307,15232.663395889618,14432.273533157073
2025-03-03 19:00:00,16547.9301504606,16322.749373741375,16515.047,16371.390816535803,16688.100193454666
2025-03-04 00:00:00,15382.522088916932,15902.689581948669,15262.001,14344.824689776842,13673.976094738337
2025-03-04 03:00:00,15599.0,15653.682784354682,15149.656,15562.937362248136,15520.700406436923
2025-03-04 13:00:00,15470.082223519934,15766.062972683576,15268.136,15461.91947446037,15053.157243550582
2025-03-04 14:00:00,15883.47689790229,15832.06704616474,16013.641,15838.79420219349,14329.000635381548
2025-03-04 21:00:00,14923.633027036803,14457.152953192992,14575.152,14609.397209911373,15819.360587611332
2025-03-05 00:00:00,16604.995765637887,16965.211007822254,17224.502,16211.02935632569,16766.58179530466
2025-03-05 01:00:00,16378.126442967889,15861.625654655876,15999.858,15491.488825152732,15033.870008436803
2025-03-05 04:00:00,15106.595290926343,15313.919450336687,15863.575,16450.619766807493,15744.895437246812
2025-03-05 15:00:00,16167.296438392914,15956.24773169248,16047.617,16087.673800618664,16190.455004054675
2025-03-05 18:00:00,15131.145160698732,15380.647483446062,15269.908,15358.674543844134,15366.037458887202
2025-03-05 20:00:00,17260.74034101436,17236.72869679872,16619.752,17165.274168343687,17647.055988373373
2025-03-05 21:00:00,17826.34197080291,16938.200426707608,17952.248,17473.385128721657,19497.196317529324
2025-03-06 00:00:00,18007.518561675155,18796.183800813782,19061.076,16997.656144259083,19075.80832422363
2025-03-06 07:00:00,13702.16595488988,14207.36406490081,13374.726,15552.35665256179,13525.127557538304
2025-03-06 08:00:00,15290.646015033097,14883.164103795076,14639.143,16337.741707806723,15603.20376428971
2025-03-06 09:00:00,15063.23070153834,14883.164103795076,15126.625,16053.787938917765,16293.498823506005
2025-03-06 22:00:00,15700.945022918131,16478.754692046532,15504.074,15295.127088170171,15666.618437819934
2025-03-06 23:00:00,16185.410474256718,16129.637097338846,16449.244,16534.285952173777,16035.13003436167
2025-03-07 01:00:00,15766.527719612135,13724.004044990705,15288.137,15422.395133351809,13628.530162009083
2025-03-07 02:00:00,17939.91565361106,17543.57167201907,17919.496,16381.759478280874,18222.983204445565
2025-03-07 08:00:00,14714.370312043056,14469.735331975804,14158.23,15528.4960236399,14649.532432754993
2025-03-07 09:00:00,13203.00875262428,13499.93071913905,12850.821,13863.899224388602,13620.542609805652
2025-03-07 15:00:00,14728.643628814145,14776.6224094997,14312.847,14413.091196969262,14131.044397015794
2025-03-07 18:00:00,15488.456613208004,15748.313295462776,15699.709,15968.692206986178,15638.97974293852
2025-03-08 02:00:00,17007.80010919279,16965.211007822254,17031.137,16364.618500434686,17343.48568507808
2025-03-08 09:00:00,14207.720347178309,13735.561118087307,14493.618,15705.38784466342,14303.333098081199
2025-03-08 11:00:00,14627.433688489657,15199.53524257251,15298.043,15769.330393666132,15509.771402997652
2025-03-08 13:00:00,14941.204894691737,15376.93981527017,14343.533,15380.555486632553,13840.326006587424
2025-03-08 14:00:00,15369.699013520018,14790.062493744972,14907.246,14565.739289578192,15520.178959567102
2025-03-08 22:00:00,16089.06956381448,15899.823175793772,16007.198,15875.475464499315,16295.120671482166
2025-03-09 00:00:00,17280.534153773082,16965.211007822254,17862.324,15955.548192426973,16967.34435567931
2025-03-09 07:00:00,14131.273115254238,13810.149947747945,14356.967,15620.456265641164,14504.655958242565
2025-03-09 08:00:00,13654.130902244267,13715.793716386188,13442.547,14750.931890874066,13803.02219906291
2025-03-09 09:00:00,14322.837851622828,14083.155882055999,14744.824,15844.766702249888,15125.504819041556
2025-03-09 10:00:00,14662.218018851583,15199.53524257251,15512.049,16086.613775379194,15850.135052253803
2025-03-09 15:00:00,15524.987819581547,16871.41091572589,15313.492,15972.552962244656,15116.369362777898
2025-03-09 18:00:00,17199.583041145896,16663.33209042137,17457.842,16575.03628412887,17402.816667623727
2025-03-09 23:00:00,17643.084486055417,17236.72869679872,17550.982,17120.115194822625,17650.704764928196
2025-03-10 10:00:00,14466.132840033051,14374.427027864022,14495.069,15269.60728946442,14756.016486689423
2025-03-10 11:00:00,14444.486665279346,14083.155882055999,15004.24,15829.753473682635,14875.766160161495
2025-03-10 17:00:00,17576.154980654486,17453.682071127183,17334.842,17563.478145753106,18074.537060807037
2025-03-11 00:00:00,15978.358874754733,15902.689581948669,16195.854,15148.239110741832,15019.539418979735
2025-03-11 03:00:00,15889.549927462796,16911.75303538041,14751.315,14671.680422312864,14992.66222005346
2025-03-11 06:00:00,13925.07523790339,13653.486670722068,13965.625,14863.942428782568,14660.820529541557
2025-03-11 09:00:00,14847.918433289662,15070.976729445663,14570.676,15979.759084324542,14290.365118738671
2025-03-11 14:00:00,16926.08828691179,17453.682071127183,16933.299,17779.3253525184,18167.070723660458
2025-03-11 15:00:00,16246.397515816396,15982.110323874813,16386.375,16456.84582298026,16407.491127523303
2025-03-11 16:00:00,15677.430738469744,15748.313295462776,15704.138,15619.950031569624,15146.83506638986
2025-03-12 00:00:00,16061.613360273426,16596.725254644767,16404.803,14991.37518743283,15144.485895860978
2025-03-12 08:00:00,14776.939159056765,15199.53524257251,14682.518,16146.055957202863,15795.728678925216
2025-03-12 11:00:00,14661.669176937548,14551.501324085462,14927.036,15273.2668261214,15003.101906660511
2025-03-12 19:00:00,17584.74518862207,19236.731668131928,17481.834,18689.37069546288,19128.54674284099
2025-03-12 21:00:00,15832.797375184464,15734.985903103321,15854.205,15695.763801199275,16313.449397981693
2025-03-13 14:00:00,16043.656667934352,16379.052267613522,16359.99,16369.11457292814,16397.109124018993
2025-03-13 17:00:00,15326.369046099133,15627.678934468815,15775.398,15583.162805645548,16142.377914924413
2025-03-13 22:00:00,16213.854761008406,15819.92361079107,16243.861,15931.169198072665,16378.693981358463
2025-03-14 00:00:00,16772.194876662146,16683.3507168968,17332.252,16088.228095477143,16115.536020548141
2025-03-14 01:00:00,16020.15359365041,15902.689581948669,15659.023,14471.649618067451,14828.65549911527
2025-03-14 02:00:00,16358.801663721451,16596.725254644767,16151.227,15665.984741180331,15474.03965522348
2025-03-14 04:00:00,13907.203016587566,13810.149947747945,14667.996,15152.067328756551,15018.402899211134
2025-03-14 09:00:00,14426.428229856609,14676.529572114861,14486.381,15806.51437872302,15133.70426820848
2025-03-14 12:00:00,17485.138899279147,18641.642440407126,17289.086,17534.539533418596,19935.04015807493
2025-03-14 13:00:00,16607.631314948794,16699.085802559763,15970.721,15933.946358640334,17859.592492811287
2025-03-14 18:00:00,18287.43282249596,18859.21825774557,17915.81,17038.72470436279,18548.351267088758
2025-03-14 19:00:00,15430.777232444623,15674.489669282788,15575.139,15635.58143005627,15677.594164712998
2025-03-15 06:00:00,12941.111780821548,13441.296114845032,13525.252,14342.547159617923,13675.271347694781
2025-03-15 13:00:00,15755.133941100325,15766.062972683576,15140.758,15188.115513962397,15506.035168633574
2025-03-15 16:00:00,15275.115324926142,15679.937040999239,15213.066,15508.94634315696,17269.73285286085
2025-03-15 23:00:00,17113.914110354675,14605.261901479606,17780.33,16543.269291445293,16481.865456728363
2025-03-16 01:00:00,16546.394446371854,17545.47898517544,16721.371,15563.330356850625,15603.209581884716
2025-03-16 07:00:00,11735.232286655402,11767.27432711384,12518.285,14719.979991853597,13399.349884689695
2025-03-16 14:00:00,17006.43839980312,16686.9157585518,15876.311,16249.915366675355,16503.518113047325
2025-03-16 17:00:00,13436.55425898895,13826.21678450602,13851.305,14787.023517361755,15444.382618189948
2025-03-16 18:00:00,15522.9306080085,15573.795789145182,15693.883,16115.75329763312,15559.998629813357
2025-03-17 03:00:00,19591.29576823666,19624.60826372837,18157.938,18007.215538911078,19423.78381314853
2025-03-17 17:00:00,17350.015886638164,17318.66118042852,17557.045,16889.44640423301,18093.006521990927
2025-03-18 08:00:00,17452.040219469487,19031.240086988953,17131.627,16421.669985195735,19650.979907372486
2025-03-18 11:00:00,15006.945439056744,14557.608531075177,15242.706,15823.754635219146,15299.128880561992
2025-03-18 15:00:00,14898.675140259847,14022.789159441125,14840.244,14687.063023585417,14433.228992585406
2025-03-18 20:00:00,17725.558389557646,16938.200426707608,17625.889,17524.9676075876,19414.760730320428
2025-03-19 14:00:00,16247.0,15982.106817728725,15181.4795,15986.536096668839,15403.993026668853
2025-03-19 16:00:00,14555.887386410368,14725.063424241798,15141.176,14429.454856448652,16730.009637584502
2025-03-20 05:00:00,12723.739883649374,12522.511065130642,13143.178,13230.208069902554,13912.916781120935
2025-03-20 08:00:00,13845.78563442199,13370.871890179544,14073.464,15057.798456940744,14705.40394410362
2025-03-20 16:00:00,15324.11264719916,15380.647483446062,15212.105,15365.967877210258,14965.18002917977
2025-03-21 01:00:00,19059.43025518676,18796.183800813782,18636.197,17703.385348143333,18138.76800674837
2025-03-21 19:00:00,16756.33854991302,17318.66118042852,17243.049,17539.89550787076,18078.94995880009
2025-03-21 20:00:00,15526.64725886499,15399.481762117139,14756.083,14934.975184961855,15256.3625004978
2025-03-21 22:00:00,15708.3101667036,16151.081608260125,16260.871,15288.956554946493,17489.167667025635
2025-03-21 23:00:00,17973.598898403463,19210.55507102966,18736.799,16422.067580528575,19188.985697149827
2025-03-22 02:00:00,16357.0,15861.625654655876,15397.297,14593.688955768015,14192.494629402316
2025-03-22 06:00:00,13004.52629285813,13195.28168920592,13140.846,13417.22437730954,13773.803364732383
2025-03-22 08:00:00,15336.474162505572,15958.67766031177,15419.746,16620.050293437635,15683.721403750656
2025-03-22 14:00:00,17173.266460847357,17453.682071127183,17306.975,16299.729099185837,17742.670912173453
2025-03-23 01:00:00,17166.8643534111,16965.211007822254,17462.354,16160.31674175756,17075.86363472887
2025-03-23 08:00:00,14739.333088658252,15630.279478088183,14944.317,16428.617807785256,15870.458275055795
2025-03-23 10:00:00,14430.968103263443,14139.313679917677,14631.232,15364.59640657718,14700.99811465429
2025-03-23 18:00:00,14894.58315627952,14248.167082435211,15084.205,15444.040073395043,15465.16447727561
2025-03-23 21:00:00,15836.935525923056,15792.804936134979,15616.122,15532.299416146941,15567.317722002404
2025-03-24 03:00:00,17540.165875531762,17673.27031509703,17319.488,16543.738277417982,16665.51183353492
2025-03-24 10:00:00,13263.194016237065,13258.757737205864,13705.482,14562.886981443957,14460.302013287264
2025-03-24 13:00:00,16502.252228777852,16379.052267613522,16040.117,16398.239628787054,15987.575238160074
2025-03-25 00:00:00,19877.30658500889,19624.60826372837,19681.139,17315.706399197425,20416.766727680435
2025-03-25 03:00:00,16235.013247997376,16325.519260141495,15456.363,15440.718573120275,15431.247330417995
2025-03-25 10:00:00,13557.50543471019,12871.823143249252,13306.586,14181.063821237905,13465.129937297777
2025-03-25 14:00:00,15473.540781394764,15316.342875966016,15163.105,15218.632894193757,15101.167420670272
2025-03-25 16:00:00,17044.026262747884,16378.347837675785,17093.668,16682.152851985244,16773.53360399414
2025-03-26 02:00:00,15590.793223531056,15902.689581948669,15688.201,14541.684592272388,15342.639843359975
2025-03-26 06:00:00,15118.672598673063,14514.421115253868,15094.266,16482.9330907924,15464.644016822747
2025-03-26 09:00:00,14766.167653648065,14883.164103795076,15328.74,16148.480462340329,16744.555721592184
2025-03-26 13:00:00,17555.024643700992,17643.359338564467,17360.959,16756.48617377833,19367.854416705843
2025-03-26 18:00:00,15043.0,15287.141098644728,14794.77,14663.857315498548,14961.176607568
2025-03-26 20:00:00,16173.62083503188,16107.15299403522,16285.936,16480.47356009903,16332.343654748094
2025-03-28 03:00:00,15560.147605460174,15891.938935604227,15025.621,15167.554753080252,14992.526214372692
2025-03-28 08:00:00,16406.017150026142,18641.642440407126,16265.474,16489.69229337848,18123.829209933814
2025-03-28 23:00:00,16877.042711807902,17018.035869358766,17283.906,17015.780273696044,16861.016809140656
2025-03-29 00:00:00,16048.510521613747,14273.194001456886,16763.984,15474.85668780579,16920.683095431006
2025-03-29 19:00:00,15940.117715101667,15748.313295462776,16101.366,15938.823582251205,15786.595741391815
2025-03-30 03:00:00,16357.0,16596.725254644767,15287.463,15393.425195990509,14086.328136188447
2025-03-30 12:00:00,17711.579905576473,18639.13533016079,17336.947,16720.17571605325,18810.49145749525
2025-03-30 15:00:00,16051.999717105777,15956.24773169248,16193.729,16060.32871683527,15868.850838882321
2025-03-30 19:00:00,15167.309822187955,16087.360651317034,15691.929,15631.700448809337,14557.407116364451
2025-03-30 20:00:00,18140.631725359388,17236.72869679872,18272.428,16436.492885111707,17974.342088767236
2025-03-31 02:00:00,16505.528284785247,16965.211007822254,16350.884,15988.364829536047,16062.506195238568
2025-03-31 06:00:00,13645.0,13450.753958744335,13522.802,14967.695353844814,14230.587894164357
2025-03-31 08:00:00,12505.640840677655,12522.511065130642,12164.607,13714.610661473167,13263.015333344623
2025-03-31 09:00:00,14202.119023463889,14406.048360311284,14254.484,15218.622602195976,14313.169209736308
2025-03-31 13:00:00,15704.30136239517,16175.953606504272,14966.578,15262.98440915185,14960.73469892793
2025-04-01 04:00:00,12017.519376730908,11771.85382946613,13011.83,13946.785716900817,13084.378915498712
2025-04-01 06:00:00,13169.956503901183,12206.781751341718,13380.983,14879.503393708392,14950.496769568883
2025-04-01 13:00:00,15566.765593637558,15832.06704616474,15121.447,15735.247303602333,14465.876461874703
2025-04-01 17:00:00,15395.73520604237,13858.567184774452,15138.503,15169.254924560442,14230.590402077403
2025-04-01 23:00:00,15375.475289793783,15792.804936134979,15673.543,15506.332440691067,15221.423443795522
2025-04-02 05:00:00,12480.355415803542,12570.112823735486,12406.143,14225.45136191895,12600.344910983993
2025-04-02 07:00:00,11044.800516144403,11771.85382946613,12353.838,14885.44155797496,13230.9334364899
2025-04-02 15:00:00,14508.32395395496,14320.195721516793,14675.133,14611.742139053364,14360.417102704407
2025-04-03 00:00:00,14241.118444876976,14618.931992558531,15085.038,14100.321724878557,14033.336795858151
2025-04-03 02:00:00,14584.114950486326,14441.390757196124,14727.789,14855.713745117695,15173.93488157042
2025-04-03 06:00:00,12653.54575088571,13256.180449323103,12728.154,15126.287639262704,12999.870268298228
2025-04-03 13:00:00,16287.061265108612,15956.24773169248,15792.89,16505.47589264037,17365.617716158667
2025-04-03 15:00:00,14407.28523712142,15748.313295462776,15156.491,15381.144039962317,15282.097017361819
2025-04-03 19:00:00,14959.00093296954,14511.225208533024,15281.387,15719.831028853518,15191.008276985829
2025-04-04 01:00:00,14521.32981048378,14618.931992558531,14896.475,14512.375427341918,14914.656900377831
2025-04-04 13:00:00,14235.13808328943,13427.403798217052,13385.33,14948.675610889857,13571.733584008147
2025-04-04 14:00:00,13121.798656953684,13039.166465557619,13205.236,14778.980534104092,13332.398152922318
2025-04-04 20:00:00,17032.494774610168,17298.935930648593,16716.27,16959.520181866632,17128.25131676431
2025-04-05 04:00:00,13351.617367889372,13588.448347622336,13570.502,15262.420457794555,13319.935839440092
2025-04-05 07:00:00,12905.160632458812,13362.227215017858,13170.214,14233.373868981913,13825.540523414355
2025-04-05 16:00:00,13550.171353929663,13668.91042071514,13664.158,14804.206688354163,13563.525557105644
2025-04-05 17:00:00,13884.013618280414,13826.21678450602,14144.252,14595.863720245748,14852.967332329401
2025-04-05 19:00:00,15355.968391584573,15022.743643069189,15003.588,15370.850421896132,14234.427186971241
2025-04-05 20:00:00,15832.842040198482,16763.95251775863,15692.978,15714.99427280698,16198.158456335732
2025-04-06 08:00:00,13653.923391285674,14836.324543692086,13465.583,14968.82210459792,14393.738031047322
2025-04-06 11:00:00,12563.34285744081,12287.59117236883,13029.246,13856.519940926053,12693.185553496354
2025-04-06 21:00:00,15541.90269707254,15734.985903103321,15184.894,15455.340337774594,14804.194793227438
2025-04-06 22:00:00,14891.558001883512,14727.903746000982,15035.69,14936.16728407647,15269.17519507485
2025-04-06 23:00:00,16759.184056876642,16571.987083719272,16758.139,16534.89366178242,17039.946877536477
2025-04-07 00:00:00,14518.96693998696,14249.813341646119,14985.215,15243.59222166485,13629.415979571018
2025-04-07 06:00:00,12635.305660773276,12206.781751341718,12773.193,14178.605500293292,13931.478351391808
2025-04-07 08:00:00,12340.351222271218,11861.942440742643,12263.142,14793.060883658969,13126.06955121356
2025-04-07 12:00:00,15007.127757598551,15982.106817728725,14888.731,15539.77442745831,14948.834908505669
2025-04-07 13:00:00,15745.032437466218,15937.616747724944,15969.049,16441.737258088568,19221.583371710152
2025-04-07 17:00:00,15652.783566090911,15915.462717339598,15656.621,15829.445899637267,15192.295361997822
2025-04-08 09:00:00,12522.974293466725,12849.573979885128,12701.014,13332.586653550115,13287.13768357816
2025-04-08 16:00:00,16363.011577878036,16280.352888297242,16119.621,16212.535768346608,15868.87067361532
2025-04-08 20:00:00,15622.531990497935,16129.637097338846,15435.406,15563.228870944777,15818.21996869239
2025-04-09 02:00:00,15131.629731787078,14878.080476349847,14649.564,14505.313864304984,14862.1961409363
2025-04-09 05:00:00,12374.629455273003,12287.59117236883,12653.168,12911.970413914762,13308.902208786005
2025-04-09 06:00:00,12105.97066824114,12287.59117236883,12441.741,13098.926580392068,13143.627395257863
2025-04-09 21:00:00,13610.774643479934,13647.644810825544,13974.791,14504.927997463887,15411.402360114032
2025-04-09 23:00:00,15254.454032580448,14861.875894276023,15198.533,15085.679007546643,15649.97816676046
2025-04-10 01:00:00,15786.30006473049,16624.707476301242,16757.46,15979.836082969474,15711.53272952957
2025-04-10 13:00:00,13207.871486032533,13229.193869599507,13614.158,14151.446515110027,13683.030052355183
2025-04-10 15:00:00,14638.473027377902,15982.106817728725,15413.082,15675.342002804438,15195.088116687077
2025-04-10 23:00:00,14797.0,14457.152953192992,14719.609,14011.37373428701,15258.764585709598
2025-04-11 04:00:00,13173.948660788104,13362.227215017858,12841.135,14770.337408224896,12894.35045301523
2025-04-11 07:00:00,11861.470139288484,12522.511065130642,12093.156,12348.369141987372,12846.946308851446
2025-04-11 12:00:00,13376.607415220922,13065.114365121357,13536.928,14470.645348805218,13642.218934726705
2025-04-12 17:00:00,13909.742051379431,14248.167082435211,14264.3955,14566.256463516862,15203.04951750126
2025-04-12 22:00:00,15210.897998360451,15563.191548262457,15548.969,15224.131991384427,15802.062812759048
2025-04-13 05:00:00,11612.553857986102,11771.85382946613,12543.088,13867.265342508017,12596.729877240647
2025-04-13 07:00:00,11746.291246890123,11861.942440742643,12385.334,13957.756285335225,12890.111490388292
2025-04-13 08:00:00,12672.54794876024,12530.724651128632,12564.293,14225.836858214758,11633.078694218051
2025-04-13 17:00:00,13935.209593234316,15129.790254838772,14747.709,15661.610654828295,13816.284522626553
2025-04-14 06:00:00,12779.379268656076,13273.13499590239,13228.096,14356.831075536082,15195.99846655299
2025-04-14 09:00:00,12719.575353319797,12287.59117236883,12540.455,13360.923417082637,13204.371062613562
2025-04-14 11:00:00,12207.166700591051,12287.59117236883,12884.145,13357.597081277849,13453.597321226553
2025-04-14 12:00:00,14961.866195401022,15316.342875966016,14080.44,14673.339808117424,14232.627074699662
2025-04-14 20:00:00,15547.90020322657,15158.825277076414,15341.788,14995.450326509299,15510.426553516332
2025-04-15 02:00:00,15267.395930818526,15911.04141201873,15650.153,15628.407059802059,15966.239249417356
2025-04-15 03:00:00,13991.402778688436,14375.632414882262,12907.008,13000.650459277207,13072.837179535869
2025-04-15 12:00:00,15269.671532561206,15494.540354747958,14530.22,14412.652958223563,14411.920534576344
2025-04-15 14:00:00,16250.816357916576,15956.24773169248,15909.891,16223.979342478593,16641.866121445066
2025-04-15 17:00:00,15868.71338902085,15915.462717339598,15734.63,15889.598479722259,15595.453436177568
2025-04-15 19:00:00,14632.27518020535,15114.009069495654,14752.193,15081.269125824654,14941.426118859668
2025-04-15 20:00:00,14054.082661064793,14181.61274887421,13996.588,13878.403663480816,15581.703235521672
2025-04-16 01:00:00,14236.57631801944,14066.97149286078,14631.498,15423.413680121452,12987.133465135284
2025-04-16 03:00:00,15430.71487052252,14778.831630564531,15028.244,15203.082173769533,16046.182740015252
2025-04-16 11:00:00,12349.913443056535,11920.459297475414,13622.988,13602.160386875485,14032.372606480903
2025-04-17 05:00:00,12172.335795295368,12300.856206756036,12437.154,14328.846356177193,12520.806773863851
2025-04-17 10:00:00,13957.119718027156,13644.088940294547,13411.059,15116.390571491427,13348.67353683744
2025-04-18 06:00:00,13354.462905665849,14000.103125095664,13723.2705,15582.896373298863,14490.347402150523
2025-04-18 08:00:00,11890.73602485206,11771.85382946613,12449.49,15514.051968370943,13182.930851324736
2025-04-18 11:00:00,13901.47268747103,13555.163622492095,13970.464,15617.251120715317,14780.818611783096
2025-04-18 12:00:00,13613.492074930293,14292.920125831504,13698.0205,15706.57691290282,14667.55014411527
2025-04-18 17:00:00,15467.938251061883,15895.501361300363,15347.252,15848.908703084906,15315.397486244881
2025-04-18 18:00:00,13251.45809313613,15226.002693100514,14364.587,15854.39323547441,15492.006038618554
2025-04-18 20:00:00,14543.5476079834,14457.152953192992,14293.874,15599.447202283649,15191.920630296085
2025-04-18 21:00:00,15512.614197876575,15683.94287542286,15725.969,15818.287660535707,14784.183813323274
2025-04-19 00:00:00,14741.411026068135,14249.813341646119,15210.165,14907.505209495252,14386.77987244028
2025-04-20 12:00:00,14555.491437171304,14525.679530379983,13246.961,14686.329578592273,13540.143184380948
2025-04-21 01:00:00,15621.292038371044,16624.707476301242,15882.887,15670.068962103067,15029.669678625269
2025-04-21 04:00:00,12184.0,12443.766557245743,12771.394,14467.293585596302,12400.416548160338
2025-04-21 10:00:00,12907.0139131623,12871.823143249252,12920.508,13627.980443854602,13429.350520436818
2025-04-21 23:00:00,16719.81713425893,16591.465490762916,17202.578,16583.067882738007,16853.792343480338
2025-04-22 00:00:00,15007.167333067437,15481.204761456396,15608.16,15156.832367075516,14467.329561897926
2025-04-22 12:00:00,13679.93507660081,14137.134149591522,13610.318,14628.086599361093,13706.046386310612
2025-04-22 16:00:00,15973.631377653976,14588.956961036398,15330.321,15540.061901507444,15088.396630575302
2025-04-22 19:00:00,15053.24881981982,14415.788933098718,14554.201,15419.719380502489,14068.160938489056
2025-04-23 04:00:00,13225.15157508028,13735.561118087307,13808.852,15382.654359131582,14036.433475022846
2025-04-23 09:00:00,12902.348227701888,12871.823143249252,12795.2705,12895.895083672964,13330.562190121815
2025-04-23 10:00:00,12013.695922256493,12522.511065130642,12242.008,13455.371411580707,13142.967212801406
2025-04-23 11:00:00,11982.228062482069,12066.55831761225,12327.812,13103.93894738264,12350.458255470046
2025-04-23 17:00:00,14911.35478896561,15041.74578073255,14934.314,15137.382191916124,14699.923391228655
2025-04-24 06:00:00,12078.173941859348,11992.8413473106,12167.619,12343.626005921828,13123.66511800397
2025-04-24 16:00:00,14829.383778804338,15041.74578073255,14710.986,14957.189566094356,14851.38952232726
2025-04-25 12:00:00,14958.440078328436,14685.131750913202,13596.846,13458.92759109067,14021.22574119038
2025-04-25 17:00:00,13186.113556837894,13229.193869599507,13658.315,14451.379232739257,13190.472262063326
2025-04-25 18:00:00,13097.994351978778,13229.193869599507,13555.375,13942.775116348208,13728.875683784858
2025-04-26 11:00:00,12011.592797876528,12612.4324142952,13494.467,14587.893154772835,14762.750161491515
2025-04-26 17:00:00,14959.202664678529,15416.790639917475,15276.49,15639.137339890784,14777.725924431425
2025-04-26 18:00:00,14030.531667995165,14226.180289141428,14198.959,14709.551031267783,14186.146943337286
2025-04-27 10:00:00,13370.379596943048,13653.486670722068,13769.168,15042.477623590168,13767.525166772308
2025-04-27 11:00:00,13661.735324191051,13644.088940294547,14193.994,15308.098738499077,14308.81572280407
2025-04-27 18:00:00,13073.750794683305,13229.193869599507,13588.055,14797.657355582463,13077.966689375404
2025-04-28 04:00:00,12589.43267845224,12639.794181012438,12866.197,13532.77453725278,13263.983635914785
2025-04-28 07:00:00,11775.859339628145,11771.85382946613,11855.451,13906.38238270502,13114.706603674153
2025-04-28 08:00:00,15461.094086067387,14380.006287657681,14253.639,15943.44067513855,16262.336848988687
2025-04-28 18:00:00,15378.834106711263,15114.009069495654,14849.151,15718.187246133693,15487.148412365723
2025-04-28 21:00:00,15903.663190049798,16591.465490762916,15967.506,15979.673198143337,16335.92065358007
2025-04-29 03:00:00,14139.70033995813,13724.004044990705,13122.002,14512.812820082023,13110.363018995598
2025-04-29 08:00:00,12638.0,12570.112823735486,12472.506,13801.258067498722,12950.999275916862
2025-04-29 10:00:00,14156.27526529243,13810.31388987949,14278.708,15039.093939717506,14724.137783596201
2025-04-30 02:00:00,14369.385277664796,13724.004044990705,14394.045,14554.416170306597,14155.725040268206
2025-04-30 06:00:00,12867.746542762903,12769.088060858936,12763.817,14994.933571341388,13237.879724382316
2025-04-30 08:00:00,14625.092231126871,12713.902293569536,12853.445,15709.340485620469,13852.747302483163
2025-04-30 09:00:00,11725.912081337288,11873.153729757527,12162.631,13590.75440902984,12699.016199727288
2025-04-30 23:00:00,14626.709704670246,14861.875894276023,14986.576,14904.188100125639,16150.938001843397
2025-05-01 01:00:00,16387.386097355655,16447.721908986525,16618.217,16398.808065247435,15139.850757488286
2025-05-01 03:00:00,13942.608136899613,14102.916401181781,13640.35,13524.633045693708,14153.048961178767
2025-05-01 05:00:00,11985.149796583328,12034.646793055683,12736.979,14328.767434558398,12604.66232952441
2025-05-01 07:00:00,11512.56049870386,11771.85382946613,11821.074,13720.160731332575,12170.327662279353
2025-05-01 14:00:00,13211.36949238594,13427.403798217052,13179.197,13971.32382184637,12944.450436177198
2025-05-01 20:00:00,15197.136198393426,15859.167200766284,15808.274,15731.844198827079,16034.074436442395
2025-05-02 04:00:00,11955.093534925878,11598.97620237808,12079.913,13428.24690194886,12519.895572672569
2025-05-02 09:00:00,11961.354495472671,11800.73269464225,12029.814,13286.424803171478,12028.539305739
2025-05-02 13:00:00,14864.95780039974,14086.219662807072,14043.976,14379.571602879154,13825.017722134584
2025-05-02 14:00:00,14329.039268333912,14671.621069026902,14403.161,14967.455320826277,13805.98736006573
2025-05-02 17:00:00,15286.462113427891,17157.35084559711,16332.585,15995.874655677128,16219.615930927172
2025-05-02 18:00:00,14612.76989786842,14363.204027470763,14677.72,15093.32891813958,14700.559507263051
2025-05-02 22:00:00,14345.226866969124,14457.152953192992,14565.777,14508.83099066793,14742.283342430826
2025-05-03 04:00:00,12033.23395144222,12096.5149343205,12537.85,15229.279913252829,12487.145250692543
2025-05-03 11:00:00,12232.0,12287.59117236883,12456.053,13594.574567459507,12972.692193063403
2025-05-03 17:00:00,12320.268672000968,13287.240072272272,12786.142,14979.083423316792,13586.09731651621
2025-05-03 20:00:00,15461.71083467144,19186.590560484863,15743.576,15727.175530025606,14247.584836453641
2025-05-04 00:00:00,16563.452511514526,16447.721908986525,17286.92,16503.4040360288,15553.01638270028
2025-05-04 03:00:00,13151.676655376034,13724.004044990705,13209.238,14631.268879007936,12871.537558767635
2025-05-04 05:00:00,11617.755606637616,11861.942440742643,12375.145,13285.882456297591,12583.557523955698
2025-05-04 08:00:00,11818.66801184021,11771.85382946613,12166.66,13473.778627190793,12470.757059510908
2025-05-04 11:00:00,12231.119747780069,12076.110932219162,12674.318,13782.15722278745,12717.030746353068
2025-05-04 16:00:00,14021.126578971942,13427.403798217052,13802.16,14339.957272847596,13934.313186028845
2025-05-04 18:00:00,14186.280312884395,14000.28047889154,14734.002,15451.135905145808,15758.416375000728
2025-05-05 15:00:00,14276.34933274368,14000.28047889154,14258.385,14791.624071971904,14197.131670537225
2025-05-05 19:00:00,14227.305667488376,13427.403798217052,13949.42,15837.69745365901,12840.890007753329
2025-05-05 20:00:00,17245.90070786934,17926.180717656334,18854.85,17246.019814721458,16949.982946874952
2025-05-05 23:00:00,14600.969302073168,14861.875894276023,15213.238,15222.785435947248,15445.131965268592
2025-05-06 00:00:00,13633.44425343334,14102.916401181781,14011.897,14754.844796398587,13413.504984363399
2025-05-06 07:00:00,11809.933301316996,11771.85382946613,12009.752,12968.994621398504,12700.856543069589
2025-05-06 12:00:00,17503.180902766977,18559.158327707988,17769.943,17274.98700749802,18111.79718935612
2025-05-06 18:00:00,13972.851315744052,14720.358127639825,14174.348,14396.87382172465,14425.804762254114
2025-05-06 19:00:00,14875.05791339678,15174.620864453473,15393.982,14741.816755227508,16010.964630541039
2025-05-07 03:00:00,13811.04668830968,14315.681116400368,13743.988,15081.317543626474,13862.493509590095
2025-05-07 11:00:00,12450.946412404528,14092.593277034572,13568.729,14023.711348740364,12202.100479185941
2025-05-07 14:00:00,18577.771970013655,19171.38108620335,20319.39,17748.794301504477,19211.3478366039
2025-05-07 15:00:00,14727.520670280615,13692.489390273693,14755.574,14633.712322757809,16270.854809462753
2025-05-07 20:00:00,15499.229964729331,14727.903746000982,16064.9375,15658.74055652475,16055.782709301266
2025-05-07 23:00:00,14132.896467399638,13870.79256053955,14439.883,14146.836700182113,14489.576721901201
2025-05-08 10:00:00,11735.375610847854,11973.435290959913,12110.479,13751.152907007954,12169.787905601588
2025-05-08 11:00:00,12210.246356487636,12209.737799160961,12526.263,12680.060287813867,12387.90391834479
2025-05-08 12:00:00,13224.232394830222,14000.28047889154,13321.736,13416.487052560622,15136.710248614301
2025-05-08 16:00:00,12801.0,13827.120149440163,13025.708,14298.345638522776,12667.675269498304
2025-05-08 17:00:00,14537.941087622376,14613.874521372942,15283.691,15366.969813092206,15859.004329652758
2025-05-08 18:00:00,14557.677475553506,15379.664020468144,15702.998,15925.1624375707,16379.579341586568
2025-05-08 23:00:00,15886.07977601305,16153.243261075204,17476.768,16500.509949597523,17165.078521758405
2025-05-09 05:00:00,11937.296499759706,11861.942440742643,12587.004,13621.410680530766,13373.641748810469
2025-05-09 06:00:00,11716.028769180568,11771.85382946613,11622.994,12837.87448992602,12465.390371869169
2025-05-09 08:00:00,12216.698664775791,11861.942440742643,11834.137,12884.68629438811,11696.46548316813
2025-05-09 10:00:00,12119.758228661198,12237.919621880103,12152.789,13153.50637823972,12104.466342006908
2025-05-09 13:00:00,14702.979927851782,14613.874521372942,14970.341,15521.82447690187,15992.302279378671
2025-05-09 20:00:00,20653.9261899173,21694.485417157215,22386.059,15988.524292915708,24528.238341987515
2025-05-09 23:00:00,12781.421469156574,13039.166465557619,14010.1,15019.981470660807,13970.479241710727
2025-05-10 02:00:00,14197.715265459348,14441.390757196124,14324.885,14440.7003667338,14507.743187111444
2025-05-10 04:00:00,11993.786970538404,12679.917476632747,12892.884,12875.80375698965,12324.844331819115
2025-05-10 05:00:00,11886.870100981869,11771.85382946613,12185.361,12572.590384166822,12581.80840693712
2025-05-10 06:00:00,12143.542793531587,12679.917476632747,12573.567,15178.925920240627,12519.365841185047
2025-05-10 09:00:00,12045.121061884529,11355.52355564153,12178.201,14197.112147997726,11662.687585634789
2025-05-10 10:00:00,11771.154941220024,11634.517771585193,12149.48,13318.925937305572,12092.077167934367
2025-05-10 11:00:00,12364.210311380097,12620.574812198782,12596.56,13743.475940897206,12729.895897948334
2025-05-11 01:00:00,14984.628051122623,15233.04684914372,15260.029,15660.167165818662,14722.336747410676
2025-05-11 05:00:00,11497.216036838594,11771.85382946613,11768.242,13869.465976920044,11954.450600746124
2025-05-11 06:00:00,11452.322116912566,12194.008382202099,12025.227,13878.553827390775,11916.065168334115
2025-05-11 08:00:00,12142.36833987148,11861.942440742643,12289.867,12105.997823531074,12565.292773297731
2025-05-11 22:00:00,13462.05553655204,13842.892811053307,14259.078,15135.025655694562,13642.549790131077
2025-05-11 23:00:00,13711.914753358871,13870.79256053955,14087.989,14621.004548546298,14337.623961685014
2025-05-12 01:00:00,14476.538621412896,14927.590813238783,13671.576,14815.699426511916,13236.59076747662
2025-05-12 06:00:00,12393.760541753229,12034.646793055683,12878.517,15022.028990191891,13597.382546268334
2025-05-12 10:00:00,11417.212551840348,11634.517771585193,11809.397,14508.144672188697,11070.46161020446
2025-05-12 20:00:00,14124.241077490948,14727.903746000982,14101.946,14457.882891402565,15328.444896885332
2025-05-12 22:00:00,14075.886785778674,14755.063238866953,14087.52,14556.95484825157,14115.364167552783
2025-05-13 14:00:00,14356.335340586971,14320.195721516793,14155.652,13726.008495186308,13952.870160673683
2025-05-13 17:00:00,13739.738886864086,14363.204027470763,14293.117,15168.841224038364,14297.378490529509
2025-05-13 19:00:00,19949.5943039459,22301.036014370777,22592.438,16929.45443935948,23930.171877334848
2025-05-14 03:00:00,13845.495606349716,14102.916401181781,13283.093,13615.605769017138,13938.873280366905
2025-05-14 10:00:00,13504.19307821753,13000.027361921238,13616.357,15597.335816057725,12988.778101841723
2025-05-14 12:00:00,14216.871685341104,14137.134149591522,13142.192,13633.464384750323,13070.390477157995
2025-05-14 14:00:00,13923.195128971302,14137.134149591522,13729.133,13467.032824175934,13722.919267180107
2025-05-14 21:00:00,14917.920093896448,14821.661947951425,15062.399,14573.656318051557,15387.319206847054
2025-05-15 19:00:00,14129.391099685165,14126.535523174254,14293.643,14247.92915604728,14344.14577018392
2025-05-16 08:00:00,12334.41601354224,11861.942440742643,12050.6455,12008.799389707114,12512.322218923811
2025-05-16 14:00:00,14811.89348208133,14685.131750913202,14351.467,14208.763510908353,13874.842947477602
2025-05-16 16:00:00,18160.06061142512,17698.12044314283,18111.521,17810.57571131452,16729.13641767644
2025-05-16 17:00:00,15293.216910078496,15115.768237056223,15643.992,15378.453723685154,15300.302838443196
2025-05-17 05:00:00,11789.483412533802,11771.85382946613,12545.115,15244.37536191907,12738.108074634445
2025-05-17 08:00:00,12098.511659641725,12253.12795205262,12071.619,13392.07174890666,12718.23543864298
2025-05-17 15:00:00,14808.289950023343,14525.679530379983,14687.432,14101.597058282234,14922.602503757491
2025-05-17 20:00:00,14916.992754826057,14755.063238866953,14387.912,14527.148461285755,14355.104141584377
2025-05-18 00:00:00,15323.209164963211,15233.04684914372,16475.326,15615.607633185657,15996.39879316582
2025-05-18 07:00:00,12013.297110484003,12639.794181012438,12187.215,13853.140371806092,13258.622868639464
2025-05-18 08:00:00,11989.0,11771.85382946613,12180.904,13872.095439424707,13238.148726975056
2025-05-18 09:00:00,12296.28785650655,12058.781776081565,12377.062,12781.325209288332,11914.465746500839
2025-05-18 10:00:00,11787.321688150285,12679.917476632747,13333.723,15071.261790319499,13534.264435828565
2025-05-18 13:00:00,15976.063900807265,14857.624240702526,15347.213,15796.974535294661,17221.955919412056
2025-05-18 17:00:00,12961.093541728314,13229.193869599507,13275.948,13663.000999242491,14109.745346448894
2025-05-18 19:00:00,13992.64654712822,14334.005635801272,14668.934,15043.508741342774,15207.000144004533
2025-05-19 00:00:00,15834.902690225636,15095.422851605492,16029.42,15794.345437302016,16058.467614197389
2025-05-19 04:00:00,11823.942572374574,11771.85382946613,12462.409,15467.073263214063,12349.320795872187
2025-05-19 05:00:00,11755.981192154632,11771.85382946613,12392.539,15516.540075312145,12690.071554253662
2025-05-19 07:00:00,12101.927802394126,12639.794181012438,12523.693,15586.920129175161,12984.564512595272
2025-05-19 10:00:00,12033.022157949204,11973.435290959913,12640.514,15721.236758722982,11082.720338835305
2025-05-20 01:00:00,14369.416754610736,15271.38356653966,14352.537,14053.746718869033,14310.254146704992
2025-05-20 05:00:00,11922.205556510447,11771.85382946613,11657.307,14907.008651779019,12220.476209107379
2025-05-20 10:00:00,12167.53272556708,12066.55831761225,12011.502,14080.168025651796,12538.13837318818
2025-05-20 17:00:00,14592.35671771601,13858.567184774452,14816.096,14463.8510985353,14818.9223966064
2025-05-20 19:00:00,14238.352575815528,16446.1971718039,15727.709,15858.147493373286,16406.571160451607
2025-05-21 02:00:00,18956.31224439504,17696.49455408999,18827.287,17272.073026836166,16383.499128193918
2025-05-21 05:00:00,11457.894446003676,11771.85382946613,11643.627,13939.104949666813,11743.781719684917
2025-05-21 15:00:00,13781.01269978022,14320.195721516793,13679.209,13709.701325244954,13357.407198625338
2025-05-21 22:00:00,14922.691292930922,14355.142399532791,14869.526,15234.195917623678,14140.447982642434
2025-05-21 23:00:00,14986.414952841753,14919.758924912516,15331.863,15387.847203948215,15557.187272425723
2025-05-22 11:00:00,12230.48063760768,11800.73269464225,12774.964,14228.948425927078,12942.713569586867
2025-05-22 13:00:00,13937.357252598102,13065.114365121357,13435.741,13892.817679463813,14196.706377050408
2025-05-22 15:00:00,13213.51472941429,13826.21678450602,13296.256,14029.51176588727,13919.387714568018
2025-05-22 20:00:00,14502.213769742246,15683.94287542286,14498.779,15518.500475868,14221.705364821953
2025-05-22 21:00:00,14899.401801631622,14415.788933098718,14662.139,14545.741934453017,14699.027038316748
2025-05-23 03:00:00,13881.029969673798,13701.852616946908,13163.344,11990.295184555936,13612.869082507268
2025-05-23 04:00:00,11467.248069058134,11771.85382946613,12480.76,15016.638177978155,12456.90385500553
2025-05-23 05:00:00,11827.49228200396,11771.85382946613,11879.8955,13823.891514783909,12200.124413862046
2025-05-23 16:00:00,13355.573318696404,13229.193869599507,13950.675,14381.474182749233,14045.098890061538
2025-05-23 20:00:00,14065.46178610144,14727.903746000982,14105.586,15239.08186008303,13867.868324602143
2025-05-24 01:00:00,14319.447802338414,15233.04684914372,14895.16,15010.10936878604,14532.91979656312
2025-05-24 02:00:00,14609.927725083147,14441.390757196124,14374.348,14435.69990895639,14529.769661403501
2025-05-24 05:00:00,11444.379349106315,11412.990308513969,12059.984,14284.867791897885,12107.144357522338
2025-05-24 09:00:00,12119.586257869089,13011.503372571966,12334.961,15517.60166313969,12805.546261788499
2025-05-24 11:00:00,12432.506303940889,12679.917476632747,12837.703,13457.541769268631,11852.899666294941
2025-05-24 22:00:00,19167.239839663143,18840.397501798874,19530.283,18088.10443974934,17701.376803030395
2025-05-24 23:00:00,14563.34179791278,14181.61274887421,14620.269,14568.805528369741,14493.23081528232
2025-05-25 01:00:00,14644.409262109042,14644.290596448249,14849.713,15106.560615943206,14929.726825381857
2025-05-25 03:00:00,14465.081238607669,14576.959375002503,14178.698,14770.050462723308,14721.371329002332
2025-05-25 04:00:00,12066.959581830806,12639.794181012438,12710.955,14268.782487515891,13119.54451483028
2025-05-25 07:00:00,11128.0,11412.990308513969,12051.689,14959.133580535516,12238.849374988597
2025-05-25 09:00:00,11934.735147704663,11634.517771585193,12038.318,12941.897100116117,12243.745335506019
2025-05-25 17:00:00,14813.490416116814,15166.237642843507,14565.155,15611.13408061669,13742.322822073438
2025-05-25 22:00:00,14576.295098753351,13842.892811053307,15078.225,15355.297986769192,14394.544133200154
2025-05-26 18:00:00,13872.54449031303,14334.005635801272,14039.409,14724.811254043221,14597.548751725368
2025-05-26 21:00:00,14308.970313214846,13287.240072272272,14097.168,14551.620929975616,14336.793450943618
2025-05-27 14:00:00,14495.63281339448,13078.745307568272,14405.799,14405.338607675585,15586.738978590134
2025-05-27 15:00:00,14151.512409822755,14320.195721516793,14219.106,14141.94475633044,14774.063967683227
2025-05-27 20:00:00,15109.967520329676,14417.876489381108,14891.457,15474.904107163824,15232.316193965373
2025-05-27 23:00:00,15080.584881672576,14702.965197549454,15344.301,15680.940840675054,14452.495959283679
2025-05-28 01:00:00,13356.393650669395,14102.916401181781,13198.114,15219.916733751741,13576.35012812242
2025-05-28 06:00:00,11468.0,11412.990308513969,11688.334,14352.712043878497,12566.291989625981
2025-05-28 10:00:00,11983.33108486064,12209.37851246737,12121.82,12529.550659628418,12688.250592286746
2025-05-28 12:00:00,14612.22937990126,13866.477743455183,13754.735,13942.085274472083,14373.354454281372
2025-05-28 13:00:00,14341.547281775553,14320.195721516793,13580.572,13417.586312773168,13895.75013236005
2025-05-28 16:00:00,12710.668599365035,12842.970847823404,12998.343,14389.09801344315,13675.128961597988
2025-05-29 06:00:00,11453.375701300904,11771.85382946613,11857.588,12994.442874063045,12316.967552242288
2025-05-29 21:00:00,13839.569266845803,13647.644810825544,13560.744,14362.752892953222,13991.843341650272
2025-05-30 02:00:00,15565.67802074478,15797.690017124478,15862.104,15528.795344685619,16453.009582479073
2025-05-30 04:00:00,12297.188077350664,12194.008382202099,12315.126,13303.723795784294,12695.034057259385
2025-05-30 14:00:00,11940.955582907827,13915.60777054544,12485.276,15229.348005000931,13100.47229667999
2025-05-30 16:00:00,13896.793480674543,14226.180289141428,13757.795,14637.710995947822,13671.51596917283
2025-05-30 17:00:00,14471.076881458408,15518.17210099014,16212.474,15789.428708540554,15864.153513460065
2025-05-31 15:00:00,14743.03381813707,14900.254044284617,14640.948,14396.274405525393,15213.0962995929
2025-05-31 16:00:00,14488.957638040458,14415.788933098718,14180.934,14156.763712518774,14244.800327837558
2025-05-31 17:00:00,13160.87646074643,13078.745307568272,13599.928,14982.805875756325,14799.670508423835
2025-06-01 02:00:00,15225.932190651154,15712.32538350667,15711.988,15292.639373169677,15354.020391234239
2025-06-01 22:00:00,14833.259383962735,14307.223590321428,15322.547,14995.566110077389,15288.400140553325
2025-06-02 03:00:00,17537.634993493037,15550.250034366167,17865.428,16699.473559275106,17615.290721602036
2025-06-02 08:00:00,14091.499673546588,13478.559586670393,14281.586,14521.230572619072,14817.017341034312
2025-06-02 12:00:00,13996.187408231215,14265.319679018527,12577.225,14336.469431917483,12786.847113162285
2025-06-02 20:00:00,16416.611690637157,15387.396257647615,16196.138,15968.051685228815,15721.647530474642
2025-06-03 10:00:00,12182.3157661673,12603.30543041793,12234.785,12673.752111304617,12073.957246176764
2025-06-03 16:00:00,15614.971240830007,16658.525683960775,16383.094,15969.967806103201,15981.512358790575
2025-06-03 17:00:00,15067.72266729132,14919.758924912516,15089.594,15064.46035786832,14289.83157335702
2025-06-04 02:00:00,17795.73810444574,19024.167816687645,18594.268,16622.530298236692,17991.860380199872
2025-06-04 10:00:00,12604.452463397707,12423.620504652172,12866.31,12686.264787796339,12646.867931056773
2025-06-04 12:00:00,15140.81552041054,15270.110621318585,14668.08,14481.002865222483,15076.5980316106
2025-06-04 19:00:00,13835.332526821998,13508.15370213407,14012.96,13844.989222593356,13687.955452746795
2025-06-04 21:00:00,16948.21339149556,16254.313410982122,17173.207,16974.64409666807,16308.780562868185
2025-06-05 00:00:00,18099.27289245516,17755.5328007478,19244.076,17775.45807953242,17991.250221572187
2025-06-05 19:00:00,18563.35636704339,18852.05639708067,19041.041,18021.59531228704,17906.01548829949
2025-06-06 01:00:00,14049.101593261608,14315.681116400368,13906.486,14052.424901158762,13441.222111458832
2025-06-06 17:00:00,15864.935094149854,15379.664020468144,16997.594,16062.942945074568,15051.346594038021
2025-06-06 23:00:00,20095.424329736976,21694.485417157215,20588.283,16751.747870703788,18488.426081766844
2025-06-07 03:00:00,14152.009182065418,14576.959375002503,13466.895,14158.759457037922,13536.356744972587
2025-06-07 09:00:00,12667.894808661236,12640.812289589647,13029.41,12587.770024003643,13107.702119142272
2025-06-07 16:00:00,13261.207343718435,12314.657787617129,13693.594,15213.957353921141,12321.992075703787
2025-06-07 17:00:00,17920.602333956776,18133.214052645762,18104.121,17482.97456658449,17287.625573856527
2025-06-07 19:00:00,13750.477620315796,14265.319679018527,13393.231,14424.428557123354,13183.599202292738
2025-06-07 23:00:00,15735.584481520222,14355.142399532791,16006.592,15628.44592339607,14706.542095140425
2025-06-08 02:00:00,17580.206768875367,19125.30661490575,18770.857,17122.491662692344,17804.799878098205
2025-06-08 03:00:00,19248.23321834281,19171.38108620335,20171.367,17180.944847698127,19104.666537114732
2025-06-08 11:00:00,12081.257857403689,12076.110932219162,12514.723,12417.826304637223,12074.55262114344
2025-06-08 21:00:00,16407.925127701863,14821.661947951425,16320.521,15765.422015926331,14248.501309229261
2025-06-09 01:00:00,17025.33128765352,15795.40679893404,16667.402,16066.468402561186,16561.132172769157
2025-06-09 03:00:00,18860.372968952757,19602.897728882708,19379.59,16887.523220394192,18826.209664057173
2025-06-09 11:00:00,12599.20260058728,12076.110932219162,12717.865,12910.753001108866,12634.195286769162
2025-06-09 18:00:00,18679.790687719564,17217.441392682354,18242.543,17215.90426113591,17744.44617293476
2025-06-09 20:00:00,15154.792430099966,14352.988310838646,14855.068,14878.548154772565,15019.90083973938
2025-06-10 02:00:00,15187.09731913724,14671.876644009706,14947.306,15079.830908375854,14425.109804954353
2025-06-10 04:00:00,12532.78346999432,12187.096775000557,12997.569,13796.15216651362,13502.163131502399
2025-06-10 06:00:00,12975.774601932382,12937.274582246797,13024.25,13613.825327802828,13311.286643711634
2025-06-10 07:00:00,12172.72019912826,11930.781654016317,12581.451,13659.556239232805,12569.855785234067
2025-06-10 19:00:00,13967.26100310732,14720.358127639825,13924.609,13807.464967414364,13694.94748051745
2025-06-11 05:00:00,11984.136622672786,11771.85382946613,11533.672,11691.506437577598,11731.730484180085
2025-06-11 08:00:00,12368.739739286277,12359.87742863819,12011.686,12479.933287915432,12432.290324713727
2025-06-11 16:00:00,13416.288563925693,13134.328946620379,13459.932,13791.782156534404,12392.677913024216
2025-06-11 21:00:00,19155.00731229902,18852.05639708067,19220.717,18778.996819571465,18138.246219891516
2025-06-11 22:00:00,21116.900356882965,21694.485417157215,21521.234,19233.372360918023,19235.53710937973
2025-06-12 01:00:00,13505.293954727997,14325.783158134072,13658.352,13725.05296580085,12723.878779904624
2025-06-12 03:00:00,19545.97859138477,19125.30661490575,19437.01,18511.42096884099,18810.08372551382
2025-06-12 10:00:00,13488.928949278485,13333.457563019605,13615.882,15046.92894678905,13853.320245977735
2025-06-12 15:00:00,14070.83465108326,14137.134149591522,13529.648,13763.108972263837,12724.408624441065
2025-06-12 17:00:00,15740.606820426636,15115.768237056223,15771.224,15765.599330223085,15313.48090344603
2025-06-12 22:00:00,18284.04999044039,18852.05639708067,18414.752,17575.60854284215,18239.801239570756
2025-06-13 00:00:00,16671.84601512433,16616.18342327534,17656.307,17034.94163727559,16628.82266737652
2025-06-13 09:00:00,12302.024824697504,12350.597407232352,13002.309,14061.51890448638,13971.66227648505
2025-06-13 21:00:00,16937.30534706815,17499.897776205093,17149.084,16539.072604543668,16698.360015243856
2025-06-14 09:00:00,12490.418647813234,12567.384660828553,13682.239,14559.864618716038,14496.337080315952
2025-06-14 10:00:00,12043.98380058272,12076.110932219162,12406.785,12261.747530651926,12030.313874713904
2025-06-14 13:00:00,13842.765288034465,14137.134149591522,13257.759,12971.779694250909,13368.845369546461
2025-06-14 14:00:00,14597.878651517583,14086.219662807072,14195.1875,13666.931305674036,14341.483781493911
2025-06-15 01:00:00,20003.611148060827,19171.38108620335,19996.75,17773.838021619285,18513.555659854603
2025-06-15 06:00:00,12196.705922540665,12206.781751341718,12451.805,13851.857168056173,12206.951274800907
2025-06-15 09:00:00,12810.004098701638,12930.103009770282,13659.804,14210.876520297057,14230.358003786998
2025-06-15 11:00:00,13147.009667661016,13713.893814046622,14122.869,14367.605835013368,13660.44213524722
2025-06-15 17:00:00,14282.83066287036,14526.413391421711,14714.389,14899.04535307475,14542.180653966085
2025-06-15 19:00:00,18137.023772889497,18852.05639708067,18406.568,17921.075977883935,17669.51079995725
2025-06-16 00:00:00,16891.606292326458,16616.18342327534,18145.488,16862.382736143507,17220.08825381939
2025-06-16 10:00:00,12444.699394571331,12216.148599470234,12358.6,14210.16578987155,12679.632146437063
2025-06-16 11:00:00,13759.667603189711,15541.670919122293,14775.246,15759.13033899297,13702.406927427779
2025-06-16 13:00:00,14951.7342865944,14900.254044284617,14437.728,13942.083342991453,14775.930279292454
2025-06-16 17:00:00,19721.93078680615,19171.38108620335,20443.725,18698.548038925885,19458.185650685155
2025-06-16 18:00:00,15381.118795701414,15245.434864403758,15246.867,15724.43085050946,14767.76495564562
2025-06-17 02:00:00,19122.94199993135,18840.397501798874,19113.32,18327.183211688116,18200.284631971423
2025-06-17 14:00:00,16690.97712404598,16211.285982192254,16206.054,16826.96705406991,16445.197012156772
2025-06-17 21:00:00,14443.785639133372,14720.358127639825,14340.406,14580.387189317617,13816.480098399725
2025-06-17 23:00:00,20727.89731985724,21463.702622932986,21352.213,16404.925182786697,20034.99467480635
2025-06-18 03:00:00,14075.389222202612,14576.959375002503,13764.777,14467.118635320894,13632.045288623876
2025-06-18 06:00:00,11960.777352089191,12187.096775000557,11949.797,11249.081767293936,12733.927004804429
2025-06-18 07:00:00,14406.629591454202,14744.883995494376,14468.961,15579.583500085015,14892.9046830067
2025-06-18 09:00:00,14057.648712430822,13226.137898743282,14766.447,15806.18632159564,15095.637332521137
2025-06-18 18:00:00,17188.36465832855,16622.83702764495,16950.633,16454.19618567974,16556.1782460409
2025-06-19 02:00:00,16508.372438195904,16247.178890295292,15984.147,15900.980138159055,16186.993550874384
2025-06-19 04:00:00,11970.893116126164,11771.85382946613,11817.799,11212.583373134214,12029.78079984264
2025-06-19 11:00:00,12074.310931947995,12087.694084805453,12211.199,14302.482493519643,12251.618596024851
2025-06-19 15:00:00,13929.808343855108,14320.195721516793,13721.107,13000.905130817097,13484.196060692953
2025-06-19 19:00:00,15423.40252266846,15503.848598863937,15466.457,15274.687546710058,15405.65437735613
2025-06-20 01:00:00,15043.619190694348,15233.04684914372,15108.174,15080.021330741098,14859.340569342767
2025-06-20 19:00:00,17167.968825735694,17649.797798461925,17237.928,17513.115311741392,16783.46124524459
2025-06-20 21:00:00,20659.30706537896,20746.939944604663,20520.902,17458.46753698895,18883.129977020093
2025-06-20 23:00:00,16847.878380885,16597.6370793405,17175.13,16936.44871504361,16244.9169233904
2025-06-21 00:00:00,13644.63410276823,13724.004044990705,14114.81,14592.18140122002,12766.40186907916
2025-06-21 18:00:00,15649.906649944933,15245.434864403758,15732.17,15792.125258260281,15342.614583108401
2025-06-21 21:00:00,16019.93925452796,16096.922225995731,16225.438,15871.751370504082,15507.842278407923
2025-06-21 23:00:00,15669.45191329826,14665.091641532052,16286.08,15701.628529304227,14369.015880550633
2025-06-22 00:00:00,15207.361087957734,15431.447537858347,15751.578,15600.084091253848,14186.37660761565
2025-06-22 01:00:00,15513.680454975683,15233.04684914372,15499.752,15578.787985660221,15210.634421495424
2025-06-22 06:00:00,12209.806551067462,12096.058756598108,12220.736,13798.503452168996,11910.466306539278
2025-06-22 11:00:00,11738.244795518449,11800.73269464225,12017.301,12823.197947385173,11546.67018280408
2025-06-22 13:00:00,16957.022149290024,17201.2271609566,16886.44,17677.953336609713,17374.85065999564
2025-06-23 07:00:00,12261.29864928845,12187.096775000557,11982.836,12325.232417259947,12416.791735542349
2025-06-23 10:00:00,12336.356523234375,12359.87742863819,12453.81,12900.07130945444,12431.930803776208
2025-06-24 14:00:00,17257.357976425887,17017.559161930225,17100.773,17442.278345311195,17616.126130983557
2025-06-24 18:00:00,14603.419251309004,14916.238253923219,14304.454,14050.96679261784,14088.22410806611
2025-06-25 01:00:00,15798.203342913155,15940.873729262763,15941.775,15493.12440696478,15002.460350945885
2025-06-25 05:00:00,11477.838203988978,11357.828892565054,10895.195,13704.603312338115,10795.059200861206
2025-06-25 10:00:00,11415.282635617046,11355.52355564153,11510.11,13952.217520268814,10932.899584878063
2025-06-25 20:00:00,17902.012066439922,16153.243261075204,17707.355,16448.796785374638,16789.888536829476
2025-06-26 15:00:00,18735.7668476798,18431.669757470365,18738.201,18679.11523310331,17913.038579050357
2025-06-26 17:00:00,14711.488851970546,13858.567184774452,14296.761,14529.532893969445,13575.885424003725
2025-06-27 05:00:00,12615.96432134723,12609.909372620243,12675.04,13538.411435446498,12467.925971022494
2025-06-27 19:00:00,20185.793042087567,20454.66870880233,20079.973,19087.873767454203,18802.048851767307
2025-06-27 21:00:00,15370.291674936772,13858.567184774452,15040.199,15160.408682521775,14298.031999789548
2025-06-27 23:00:00,23826.1958535927,23651.554466509177,24529.676,16664.225995974946,24650.352198407443
2025-06-28 03:00:00,13554.533715347068,13701.852616946908,13224.719,12845.99831231779,13106.877321224001
2025-06-28 07:00:00,14366.130091654682,15988.19740678156,14655.279,16070.991617697076,14628.647763451552
2025-06-28 08:00:00,11821.219677403176,11771.85382946613,11467.287,12198.766543143724,11839.577281387548
2025-06-28 16:00:00,15577.973626643588,15245.434864403758,15646.871,15905.391801223872,15134.070843637017
2025-06-28 18:00:00,15926.019656400844,15633.41648751984,15660.889,15684.231028579188,15336.657328790572
2025-06-28 19:00:00,11696.154662018032,13668.91042071514,12922.113,14438.84934628792,12541.372695616208
2025-06-29 00:00:00,17488.55833041384,18196.331483625938,18504.775,17020.434513548767,16849.443903751984
2025-06-29 10:00:00,12972.33454768948,13237.755227030326,13166.984,13583.181615594314,13065.50293374719
2025-06-29 17:00:00,18383.39996855522,18495.44646769574,18589.775,17479.614925869795,18493.3846495491
2025-06-29 21:00:00,15790.71597027124,14665.091641532052,16106.781,15698.783923867124,14887.077348632218
2025-06-30 09:00:00,12254.431578056528,12076.110932219162,11776.677,12470.687777055371,12062.879442095249
2025-06-30 13:00:00,15605.400345377442,15115.768237056223,15026.578,15403.03806790996,15405.083078589561
2025-06-30 15:00:00,15250.651531571166,15270.110621318585,15527.321,14743.114194529944,15529.645557086165
2025-06-30 18:00:00,14803.36493588078,15692.87235918499,15053.853,15747.101642303405,15592.947186332573
2025-06-30 19:00:00,15518.553344288985,16700.812541180323,16046.154,16058.034328122609,15901.132773215204
2025-07-01 03:00:00,17433.17246663327,18196.331483625938,18305.416,15848.520989843497,17661.74207527928
2025-07-01 04:00:00,14741.315965925814,15053.11021313731,15080.247,15637.33521538604,15588.088976741807
2025-07-01 06:00:00,13682.039475167605,13672.289577788597,14102.67,15584.67695838967,15556.321977757478
2025-07-01 08:00:00,13891.424433872897,14541.882440833693,14062.299,15549.362825262737,15009.890308603695
2025-07-01 11:00:00,14967.883525055302,15988.19740678156,16370.354,15925.186193548088,14934.355385441771
2025-07-01 15:00:00,15355.490879918756,15954.985958124576,16028.967,15505.050340730262,15565.475231140785
2025-07-01 18:00:00,20765.789460333013,20661.37312651321,19915.498,16199.417427008453,18510.46652072459
2025-07-02 09:00:00,13320.240365521397,12872.567866807882,12560.469,13496.734822125487,11814.046265482242
2025-07-02 11:00:00,13058.876982636675,12937.274582246797,13745.564,14306.947564098544,13147.337609710237
2025-07-02 14:00:00,15618.797354340317,15427.126049893364,16019.291,15949.549822515975,16845.74189217361
2025-07-02 17:00:00,21028.959339709585,21463.702622932986,20944.623,18386.489307025793,18433.833348572443
2025-07-03 02:00:00,19865.4956230245,19120.02848437263,19577.459,18381.343095944343,18301.31970720049
2025-07-03 03:00:00,19422.75432480631,19679.189451095357,19594.664,17489.715931185754,18499.082197632255
2025-07-03 06:00:00,15145.137762684635,15988.19740678156,15864.504,16138.167121585837,15647.16463840497
2025-07-03 09:00:00,13012.279137919712,13237.755227030326,13064.827,13278.35716343659,13634.808849113258
2025-07-03 12:00:00,16922.784340022234,14645.74213014405,17110.182,16110.573860810942,16063.190559578756
2025-07-03 13:00:00,16994.056299380485,18032.7413120952,16614.598,15936.345947523643,16815.949519632464
2025-07-03 15:00:00,12619.691954442382,13441.318264663147,13240.133,13178.14294204562,12037.853776193004
2025-07-03 17:00:00,21856.327944863577,22046.322766252226,21808.008,17954.115460330828,20819.67965767493
2025-07-03 20:00:00,20967.33433256304,21463.702622932986,21185.613,16635.22215549707,19436.541367197835
2025-07-04 01:00:00,22060.51044446501,21463.702622932986,22314.262,18035.24053562102,19582.343735392118
2025-07-04 02:00:00,14851.424109034808,15533.58399342857,14504.527,15133.573845955847,14643.800011443844
2025-07-04 07:00:00,13424.052389329225,13386.876310515037,13226.264,13323.662812513832,14162.059737524552
2025-07-04 11:00:00,15664.12444233577,15541.670919122293,16396.725,15867.98671049006,14857.569371206022
2025-07-04 23:00:00,17078.886371672113,14645.74213014405,17686.312,16682.40064953274,17022.804130419434
2025-07-05 01:00:00,20706.52996925759,20854.915921759748,20635.95,17798.2990452159,18311.742994675813
2025-07-05 02:00:00,16276.037404159186,15685.811716145823,15360.448,15304.404828352986,14633.420884200723
2025-07-05 21:00:00,22529.96690704028,22046.322766252226,22260.018,17713.68497304911,19004.375172891552
2025-07-06 00:00:00,17105.016874508736,16616.18342327534,17342.932,15834.147409086005,16751.14076673011
2025-07-06 02:00:00,15854.000772545807,15685.811716145823,16097.817,15334.375361081567,14681.528325757628
2025-07-06 07:00:00,13516.25012841024,13574.934782377946,13775.539,14169.938457455777,14442.7477533386
2025-07-06 08:00:00,13074.967126182364,13378.836289594241,13306.748,13805.465502618215,12951.608211907884
2025-07-06 19:00:00,20235.223560138063,20374.04829069017,19916.697,17414.62902871739,17909.331466908712
2025-07-06 22:00:00,19138.68795776161,18337.61652797492,19388.83,18476.980824314775,18325.227309965572
2025-07-07 15:00:00,16263.66026790128,16211.285982192254,16594.635,16105.420745887219,15724.450955291073
2025-07-07 16:00:00,17391.624905461624,17649.797798461925,17569.652,17001.79426558132,16871.114312186583
2025-07-07 17:00:00,20287.590825312494,21067.385648566556,19993.367,17387.422855179662,17917.471382542422
2025-07-07 18:00:00,18655.34580096723,18104.105289069408,18454.957,17460.239786130358,17577.96952082192
2025-07-07 19:00:00,19418.798964783033,19267.515349483,19494.717,17854.488398857193,18415.5826607526
2025-07-07 21:00:00,18187.914887020153,18048.913351592117,18857.525,18104.968912480374,17835.10094807419
2025-07-08 00:00:00,18418.14961673472,19125.30661490575,19353.178,17457.8991823715,17993.11557018417
2025-07-08 02:00:00,22083.538411171583,21463.702622932986,22103.78,18389.835174951855,19803.726720199644
2025-07-08 06:00:00,13748.09085795971,13701.13324737399,13885.164,13879.56657534264,14244.511564286378
2025-07-08 07:00:00,14496.17901040161,14416.83234181951,14848.741,15459.295328323979,14470.295892385066
2025-07-08 22:00:00,17314.791898164378,17814.783418091425,18275.766,17425.909531962297,17542.191885365963
2025-07-09 10:00:00,14873.718080707837,13318.645411731013,13835.558,14269.579753927515,12544.314414938013
2025-07-09 17:00:00,16747.077678273814,16153.243261075204,17010.229,16306.335199474679,15778.483779449683
2025-07-09 20:00:00,17932.79287132118,18038.636232984467,17986.943,18168.535114603543,17246.228391415025
2025-07-10 08:00:00,13858.533860481732,13897.457693362567,14082.963,14169.946873747622,13938.200767284341
2025-07-10 21:00:00,21793.704323662223,22046.322766252226,22160.404,16869.87594324714,19892.30607395272
2025-07-10 22:00:00,20622.948358179627,20746.939944604663,20368.346,18042.491005665743,18866.991958347222
2025-07-11 02:00:00,18416.14591601032,19602.897728882708,18550.848,17323.207563807606,17649.50028861707
2025-07-11 03:00:00,16868.45025226618,16886.200995134943,16899.63,16672.238242791227,16328.668052999346
2025-07-11 04:00:00,14260.104384259295,13779.313566504436,14095.147,14290.605589001598,14565.450201594876
2025-07-11 07:00:00,13575.640409094744,14772.095718633378,14842.697,15534.042483517396,18156.32587652315
2025-07-11 10:00:00,14627.910955290488,14545.241640048655,14369.701,14501.231585066276,14331.721947275313
2025-07-11 19:00:00,20350.54284458496,20661.37312651321,20087.607,19075.564200988883,18950.368331651738
2025-07-11 23:00:00,14792.183875869716,15270.971413234623,15696.269,15677.561801160298,13739.760959861733
2025-07-12 01:00:00,19289.236253434003,18048.913351592117,19076.264,17145.96702520418,16768.37414961562
2025-07-12 09:00:00,13773.460558430676,13378.836289594241,14042.521,13697.996048201761,14151.519559732487
2025-07-12 10:00:00,14905.7799107565,14416.83234181951,14771.939,15373.848603072262,15138.195653702356
2025-07-12 11:00:00,13129.4108645619,12872.567866807882,13251.412,12806.234737806077,12243.517767504603
2025-07-12 17:00:00,18096.224091782587,18144.872826366296,18258.549,17428.487022478956,17680.780523845682
2025-07-13 02:00:00,15858.8123429144,16342.561718432702,16115.341,15811.662743502782,15618.50067411418
2025-07-13 03:00:00,16141.384448030009,16211.285982192254,16176.283,15869.15371136217,15771.684215339938
2025-07-13 07:00:00,11797.06385139742,12732.06691042319,12627.201,12257.130029674976,12680.979883625374
2025-07-13 13:00:00,14359.950547939856,13765.08495562332,14347.123,13135.549661736575,14214.516278201714
2025-07-13 17:00:00,19599.568125513655,19382.500061237137,19424.986,19345.359964292893,18050.804750249074
2025-07-14 00:00:00,17008.205280173606,17404.469110276947,17986.012,16511.593813405085,17086.30083753496
2025-07-14 07:00:00,14732.4565817427,14744.883995494376,15270.103,15432.676286519112,14969.493380049256
2025-07-14 11:00:00,13771.996424159106,13713.893814046622,14110.02,14182.923123115464,13843.996460203589
2025-07-14 22:00:00,18788.347030275912,19803.098915166647,19068.842,17894.530588823724,18578.678144125784
2025-07-15 00:00:00,16584.124850714616,15685.811716145823,15771.037,14704.08210217186,14742.464069824964
2025-07-15 04:00:00,13552.144457927683,13318.645411731013,13589.746,13892.629758024768,13417.906423960683
2025-07-15 06:00:00,13115.85408944409,12979.717500035887,13462.007,14025.214091535287,13242.503051866874
2025-07-15 11:00:00,12849.48086427742,12930.103009770282,13160.171,12846.50403655531,13173.650506572252
2025-07-15 15:00:00,15596.666472584424,15692.87235918499,14919.1455,14647.512719225047,14121.706967665255
2025-07-16 01:00:00,20403.21922316811,19993.50655575158,20421.137,18860.40951033108,18301.50818988468
2025-07-16 03:00:00,16281.213612537797,15940.873729262763,15885.428,15863.085885055742,15423.175800238345
2025-07-16 04:00:00,13197.06161627661,13352.187273887734,13532.453,13289.487485591664,13647.301241966774
2025-07-16 06:00:00,17742.56613385467,19382.500061237137,18373.684,17500.89978732947,17164.23939974525
2025-07-16 10:00:00,13773.874815037056,13378.836289594241,14094.15,13840.682113942003,13881.734040311845
2025-07-16 12:00:00,20356.93987169521,20485.941832849785,19785.336,18491.30186332833,18054.844887297506
2025-07-16 18:00:00,19488.1191053112,20374.04829069017,19087.553,18295.579088791193,18571.78521253582
2025-07-17 11:00:00,15478.193357641854,15541.670919122293,15884.756,16037.051714755686,14832.100211198867
2025-07-17 14:00:00,18530.527454487725,18135.94330008487,18207.49,18181.857797289966,17709.59198809525
2025-07-17 19:00:00,17844.60922779352,17547.044734591815,17371.787,17049.861514583878,17141.60457754638
2025-07-17 22:00:00,17075.779444009062,17205.023040172953,17239.166,16791.869803911075,16509.158637927165
2025-07-18 10:00:00,15197.28113169964,15541.670919122293,15886.677,15644.956380819178,14560.34287373255
2025-07-18 12:00:00,13786.026618239006,13765.08495562332,13214.346,13142.681349056653,13431.202756799537
2025-07-18 14:00:00,15701.934876843405,15950.383164070741,15699.211,15158.65626542088,15367.798164185842
2025-07-18 23:00:00,22612.45897062101,23651.554466509177,22447.486,17973.103358314183,19404.6797241369
2025-07-19 00:00:00,14763.579400214086,14998.24440761437,15469.5205,14755.067445099552,12959.830588470702
2025-07-19 05:00:00,13329.370410114709,13779.313566504436,13616.199,13673.90029994995,13947.40890821493
2025-07-19 06:00:00,12861.509649657251,13094.541704743211,13056.819,13027.45838248487,13594.349527964994
2025-07-19 15:00:00,13719.89882619808,13866.477743455183,14392.367,13796.157271492319,14298.621492424016
2025-07-19 18:00:00,18732.329424321342,18612.52812221451,19221.19,17137.07800011456,18418.10204946108
2025-07-20 08:00:00,14979.950919033705,14564.43633945494,14486.707,14559.450462523077,14472.418005938136
2025-07-20 12:00:00,17642.892882349566,17713.123137483406,17671.428,17169.33452332221,17095.6009967491
2025-07-20 13:00:00,21308.55379824628,20661.37312651321,20149.486,18381.854836091698,19200.283627500492
2025-07-20 17:00:00,18307.07759378507,19041.360050008312,18247.244,17277.597712120245,16658.840596590897
2025-07-20 18:00:00,18445.923778819742,18093.556604137284,18593.62,18124.159178217724,17988.02048830364
2025-07-21 04:00:00,14623.926010020074,14866.004047074806,14785.434,15324.720997890627,15467.985248267556
2025-07-21 05:00:00,15016.63316618844,15130.64882576289,14932.219,15583.248845475417,15651.475151405828
2025-07-21 10:00:00,13047.561597448102,13237.755227030326,13168.689,13387.421465143405,13264.888449916227
2025-07-21 14:00:00,17137.34562389179,17217.441392682354,17062.033,16763.744952191922,16493.942764440893
2025-07-21 23:00:00,21572.774461719775,21630.2756868195,21391.291,18910.96555685079,19287.23829981408
2025-07-22 00:00:00,17140.0,16616.18342327534,17603.883,16848.721422709987,16296.804161691896
2025-07-22 03:00:00,16740.917248738704,17288.198947159402,15623.213,15633.169274489532,15789.092789423246
2025-07-22 04:00:00,13383.0,13386.876310515037,13541.338,13681.987409449732,14541.045441685008
2025-07-22 14:00:00,14405.475152788102,14900.254044284617,14331.843,13493.951270531163,14350.818383242358
2025-07-22 23:00:00,20140.85679423277,15116.947107245878,18737.12,16678.548847608243,16267.233577128276
2025-07-23 07:00:00,13276.53322375315,12963.777558549544,12881.08,12770.17395749781,14130.456300439964
2025-07-23 08:00:00,13024.08263697986,11771.85382946613,11906.98,12974.652045621417,12307.355741375653
2025-07-23 09:00:00,14144.453519115985,13226.137898743282,14553.172,14778.226192003203,13856.703798883924
2025-07-23 13:00:00,18422.694394674247,17453.682071127183,17878.688,17312.312083168028,17313.387145413286
2025-07-23 19:00:00,17393.33453164946,17713.123137483406,17621.2,17494.50712043446,17322.312190349352
2025-07-24 00:00:00,22012.776859002828,21694.485417157215,22036.05,16546.24272154014,19891.119500849734
2025-07-24 03:00:00,15520.766753161686,15431.447537858347,15148.117,15128.516266830151,15453.68437129809
2025-07-24 23:00:00,17332.049391937016,16786.275129318365,18157.83,17439.296517835668,16909.59569430858
2025-07-25 09:00:00,14694.425479031388,14416.83234181951,14644.689,14678.27447463046,14250.472136106098
2025-07-25 14:00:00,18978.85422739345,18568.30207499699,18746.568,17996.647401899507,17446.004310479948
2025-07-25 16:00:00,20330.047352473495,21298.15392530933,20321.889,18551.481297936843,19230.27110772155
2025-07-25 22:00:00,23033.74964858063,23651.554466509177,22574.838,17248.846783844536,19530.990003952546
2025-07-26 01:00:00,19554.91493347939,18840.397501798874,19650.564,17485.690609461195,17842.85411521008
2025-07-26 03:00:00,15456.463345134996,15095.422851605492,15432.951,15395.792843184414,15578.306262309376
2025-07-26 05:00:00,13021.283267368786,14145.982422663525,12820.5625,13724.93062108829,12733.328454754246
2025-07-26 07:00:00,14413.258849031674,14564.43633945494,14401.973,14781.670599287845,14663.729796651134
2025-07-26 08:00:00,13606.05425323655,13378.836289594241,13444.172,14240.383080973863,14504.846763438765
2025-07-26 12:00:00,17709.75091869416,17485.73601651055,17049.674,17414.316168958427,17518.532005559166
2025-07-26 14:00:00,14209.889055567017,14900.254044284617,14246.558,13413.924581717085,13947.605391498202
2025-07-26 19:00:00,16163.71939105449,16447.84330852179,16620.107,16518.494217422245,16463.81928287864
2025-07-27 02:00:00,16433.955821042422,16211.285982192254,16706.799,16338.072097387187,16275.759819507708
2025-07-27 09:00:00,13759.572352259316,13897.457693362567,14202.579,14113.329009083107,14362.637387976494
2025-07-27 14:00:00,18749.07935146979,18568.30207499699,18426.24,17209.034547150677,17979.917782333956
2025-07-27 16:00:00,16779.90801806069,16254.313410982122,16984.133,16958.664651803825,16986.328062992638
2025-07-27 17:00:00,17066.271797307356,17252.61337205441,17236.715,16801.027655612972,16470.956979094004
2025-07-27 22:00:00,19423.75621570318,20232.39631510805,19732.24,16887.01860829176,18780.518542118516
2025-07-28 04:00:00,13402.940122759042,13386.876310515037,13305.078,14166.633422018298,13057.700396804365
2025-07-28 07:00:00,12416.901336818397,12096.058756598108,12014.659,13052.726621006153,12037.421894088042
2025-07-28 09:00:00,13767.651925836022,12937.274582246797,12996.1875,14343.103291967069,11647.571159228342
2025-07-28 14:00:00,15734.850371819895,14498.91337351304,16093.261,15650.296656184702,15632.436843346855
2025-07-28 19:00:00,19853.832241057196,18840.397501798874,19601.75,18277.30357682136,17988.581940643326
2025-07-28 20:00:00,22362.624235202937,22046.322766252226,22460.693,16980.117019782145,20889.51643748759
2025-07-28 23:00:00,20238.1410908013,20232.39631510805,20124.85,17512.258052266272,19019.085027741356
2025-07-29 03:00:00,20724.741937823143,20635.078168159944,20177.838,18352.12151061398,18285.083797354477
2025-07-29 06:00:00,11949.372864566176,11771.85382946613,11922.766,13837.606637980847,11327.165520397004
2025-07-29 07:00:00,14176.17276956599,14866.004047074806,14161.648,14603.078601458517,14861.446266659535
2025-07-29 11:00:00,14634.284194115982,15060.902201419522,15541.359,15775.852277376625,14310.832953712452
2025-07-29 19:00:00,17640.0,17565.87450957501,17407.209,16592.164177342373,16552.036699328735
2025-07-29 21:00:00,17187.4640233956,16254.313410982122,17883.818,16963.888260180272,17432.468643225093
2025-07-29 23:00:00,21269.822671009933,20635.078168159944,20902.412,18664.225268828875,18637.983563684804
2025-07-30 08:00:00,14118.95581322806,11437.26087692252,13049.068,14643.803695431961,14041.176293772223
2025-07-30 10:00:00,12737.22501113162,12872.567866807882,12308.383,12625.879631668055,11991.043690683635
2025-07-30 17:00:00,19454.02195763822,19437.29184037453,19316.365,18167.432507170965,18638.19605620175
2025-07-30 18:00:00,18430.49898730731,18431.669757470365,18530.102,18368.263290667808,17779.210245058264
2025-07-30 20:00:00,17251.294165149855,17205.023040172953,17688.598,17080.67888046365,16848.097115726163
2025-07-31 07:00:00,14166.42329348098,14249.050159275786,14843.725,15800.228195538455,15740.047554737504
2025-08-01 02:00:00,18398.892509783127,18720.634320496578,17758.607,16345.090047796704,18337.26903203855
2025-08-01 09:00:00,13216.395479736077,12732.06691042319,12996.447,13238.751767117621,13259.315245927768
2025-08-01 19:00:00,19542.336301870255,18066.695066000117,18525.338,16455.27660533438,19039.535138867835
2025-08-02 00:00:00,19218.63506900013,17880.84272115976,18097.633,16190.750868974652,16143.801087596958
2025-08-02 02:00:00,19052.841149604126,19045.948967101485,18788.178,16268.615683097047,20646.562688997677
2025-08-02 08:00:00,14080.492086235616,14564.43633945494,14086.435,14345.415185297254,14049.329653462724
2025-08-02 11:00:00,12883.503194836265,12746.024967370313,13153.349,13174.346057455035,13439.807477614067
2025-08-02 13:00:00,16627.52930364018,16709.18373165765,16381.928,15995.213699530046,16928.296605368374
2025-08-02 16:00:00,18024.437495494716,18431.669757470365,18435.861,17556.93122371415,17297.46116627845
2025-08-02 19:00:00,19981.672475068903,20500.477204084506,20012.637,17986.97978426377,18437.79201177657
2025-08-03 01:00:00,16821.70537953749,16447.84330852179,17495.19,16620.198145572158,16288.589610838233
2025-08-03 02:00:00,20171.361181249795,19714.946516482833,19859.166,17242.11911477314,18918.76851097675
2025-08-03 05:00:00,13736.80499244251,13386.876310515037,13421.69,14500.548825647737,12981.186751956577
2025-08-03 07:00:00,13238.323805109872,12979.717500035887,13402.678,13597.84873297534,13422.362541235016
2025-08-03 08:00:00,13448.739951800382,13604.276367763558,13054.447,13368.825754924164,13134.522686027121
2025-08-03 16:00:00,17015.820055530923,17926.180717656334,17504.506,16884.896388610206,17189.19901135613
2025-08-04 02:00:00,18383.112638203125,17880.84272115976,18648.172,17954.89056368676,17329.188453659244
2025-08-04 04:00:00,14433.961248107096,13942.393816867947,15133.931,15129.59861594029,16528.247498452147
2025-08-04 11:00:00,13092.805335595936,12732.06691042319,13492.056,13375.757172857731,13489.397911015973
2025-08-05 03:00:00,17261.696283710393,16856.659001841683,16298.649,16630.138241631743,16402.181490846426
2025-08-05 09:00:00,14455.096797010408,14545.241640048655,13906.819,14635.742668333249,13972.473444750074
2025-08-05 14:00:00,17731.55202875615,16233.79583926964,17755.78,16667.82197258963,19657.723710407707
2025-08-06 02:00:00,19217.65076986548,19233.376738414623,19356.453,18780.521898422783,18019.996870975643
2025-08-06 08:00:00,13124.862850808857,13604.276367763558,12543.66,12929.341656319535,12411.387163124338
2025-08-06 11:00:00,14853.09688345605,14564.43633945494,14976.389,15055.103552624363,14346.125535460544
2025-08-06 12:00:00,17701.90768056916,16856.659001841683,16967.568,16958.98888387157,17279.077517209946
2025-08-06 18:00:00,18908.47039347627,19514.816804092,18921.791,17560.992579583213,18520.870837431496
2025-08-06 19:00:00,16916.00672416785,16856.659001841683,17018.855,16668.557771884825,16603.839856233284
2025-08-06 21:00:00,19794.14873800029,18559.158327707988,19163.81,17770.779162532963,18383.367977360933
2025-08-07 03:00:00,15777.06488090782,16283.754447678353,15831.267,15481.3938788686,16117.978085432633
2025-08-07 10:00:00,14613.336737889618,14368.676540893031,15051.029,15317.003657278343,15462.303746623671
2025-08-07 21:00:00,17329.001900777523,17485.73601651055,17820.287,17432.9195711683,17803.484194767574
2025-08-07 22:00:00,17560.753148423282,17485.73601651055,17995.121,17881.93119320895,17471.872153500288
2025-08-08 03:00:00,18634.701632718097,18431.669757470365,18325.467,18038.026598359378,17708.126978774686
2025-08-08 06:00:00,13069.546639823484,12930.103009770282,12909.288,13020.975672327048,14188.467151444067
2025-08-08 11:00:00,14494.588281525115,13672.289577788597,14602.947,14591.821229081841,14719.59317932916
2025-08-08 14:00:00,15835.155514678736,13609.282261625254,15841.332,15679.46366300138,15843.452688425685
2025-08-08 15:00:00,17394.91077386399,14843.401037161408,16981.248,16636.202350649626,17277.843740692282
2025-08-08 16:00:00,16268.412365851857,16140.811488594547,16754.207,16652.62307966061,16141.869098214089
2025-08-08 18:00:00,18813.41158738186,18576.502801860337,18182.092,17841.62659220237,18534.957167799865
2025-08-08 21:00:00,22407.35682846388,21463.702622932986,22491.791,16713.51366667589,25222.549874593627
2025-08-08 22:00:00,13921.358105070522,14265.319679018527,14502.453,15583.660168359553,13168.23466086949
2025-08-09 14:00:00,18407.75005656788,14368.676540893031,17123.129,16670.16821938164,17351.870293457003
2025-08-09 16:00:00,21289.914257136526,21067.385648566556,20484.195,19257.170840237257,19735.571136505012
2025-08-10 00:00:00,19924.663302508117,19192.83133521693,19969.162,17554.925961563633,17679.237947584876
2025-08-10 03:00:00,21053.706694439723,20854.915921759748,20354.236,17711.032232382626,19258.70776221597
2025-08-10 04:00:00,12827.240990882075,12979.717500035887,13136.08,13119.891978350368,13796.419907977648
2025-08-10 05:00:00,13626.272378204716,13352.187273887734,13278.844,14249.907831773315,13146.70421189615
2025-08-10 08:00:00,14386.960222732068,14348.518659769763,14225.047,14627.803890234305,14427.106608416903
2025-08-10 12:00:00,16010.510941525516,16200.974588446927,15531.643,15594.428417711366,16003.353215681926
2025-08-10 13:00:00,15330.07048777711,13598.649606487616,14858.467,13994.446182053298,14829.929985243536
2025-08-10 20:00:00,21226.082379051582,21939.9693378055,20845.773,19242.802744725675,20291.534317394882
2025-08-11 04:00:00,15837.96813431938,15896.160119498521,16433.082,16578.090282181187,16853.413728870924
2025-08-11 05:00:00,15048.429227196946,13942.393816867947,14942.722,15473.52935629485,16502.102288107093
2025-08-11 11:00:00,14376.798679145206,14545.241640048655,14228.569,14345.363441860884,13560.17689758325
2025-08-11 16:00:00,16814.41614291292,17017.559161930225,17087.912,16952.671942913556,16474.23531871662
2025-08-12 10:00:00,13392.584317931656,13378.836289594241,13312.105,13316.136841430805,13343.779016181828
2025-08-12 12:00:00,17119.012207817443,16856.659001841683,16778.918,17045.512620724177,16737.159050084305
2025-08-12 13:00:00,15078.672247105873,14900.254044284617,14070.047,13565.628454402318,13722.000221463619
2025-08-12 16:00:00,13443.45450012769,13427.403798217052,14111.332,14391.361459691245,12784.162497664349
2025-08-12 23:00:00,20124.01795650383,20500.477204084506,20071.768,19624.1163544784,18997.4714511279
2025-08-13 15:00:00,19245.301821434074,18720.634320496578,18584.682,16801.421235335663,18497.93623753537
2025-08-13 20:00:00,19528.315438023463,19679.189451095357,19475.018,20011.122367017437,18859.404847923266
2025-08-14 04:00:00,13519.04421232278,13386.876310515037,13152.591,13713.932515980105,14270.093206584597
2025-08-14 05:00:00,14094.33547226526,14368.676540893031,13826.286,14311.575352964552,15394.80226558099
2025-08-14 14:00:00,13309.581925293563,14171.27107361813,13306.868,12823.155115116395,12285.169291783628
2025-08-15 14:00:00,16631.98417497074,17485.73601651055,16738.863,16432.28218795346,16779.17412722958
2025-08-15 16:00:00,16201.00493178944,15379.664020468144,16862.86,16666.986276227795,15897.858330619474
2025-08-15 17:00:00,18050.813975391655,18001.02360295294,18238.969,17290.63036370273,17278.42653219412
2025-08-15 20:00:00,15901.101646068528,15776.95963886243,15825.729,15505.571929494461,15868.762482084787
2025-08-16 04:00:00,14690.126103522747,14564.43633945494,14480.956,14618.241892966289,14797.806080432536
2025-08-16 06:00:00,15110.5110609587,17296.85324940904,14722.367,15293.896589842348,16129.749621418541
2025-08-16 09:00:00,13446.0286988051,12930.103009770282,13376.273,12915.551347879707,13483.298387053524
2025-08-16 12:00:00,16284.288722632658,16200.974588446927,15374.164,15442.12492249393,16727.12051406471
2025-08-16 17:00:00,17891.51649667073,18144.872826366296,18119.232,18028.484875975173,17884.52777867907
2025-08-16 23:00:00,22986.941535782073,22046.322766252226,24122.729,16907.095485981834,26562.234998868138
2025-08-17 02:00:00,18634.206117690752,17983.570613155574,17883.678,16944.12060986137,17687.585886716806
2025-08-17 12:00:00,13198.57393514884,14086.219662807072,13725.0,14271.425527390013,13192.964665734464
2025-08-17 15:00:00,17121.765277956518,16323.448465471485,16513.648,16226.951652291415,16575.707908066826
2025-08-17 16:00:00,16398.934314199,16449.001233654137,17009.209,16774.431538262314,16801.639617576115
2025-08-17 17:00:00,16599.65139780084,16449.001233654137,17294.188,16867.749803646206,17019.306689237128
2025-08-17 19:00:00,16371.430399093037,17201.2271609566,17139.668,17093.857625613306,16529.742227448896
2025-08-17 22:00:00,17657.77415268562,17814.783418091425,17761.627,16427.951206365557,16189.14361856518
2025-08-18 00:00:00,21787.25763237648,21939.9693378055,22767.396,17674.290887500494,23140.806065139994
2025-08-18 04:00:00,11731.177586730357,12096.058756598108,12163.52,13192.796990039658,12536.791876990797
2025-08-18 05:00:00,15265.399047180506,15026.881257142895,16262.385,16144.384528505121,19086.71653904959
2025-08-18 08:00:00,12769.335958091844,12278.97816007259,11966.453,12472.94117191913,12403.810622726704
2025-08-18 09:00:00,14556.407649457911,14249.050159275786,14829.031,15236.777980506151,15318.232989823598
2025-08-18 17:00:00,16471.77695878166,16153.243261075204,17236.803,16703.930346856112,16629.180919295464
2025-08-18 19:00:00,16614.61217414678,16709.18373165765,16622.297,16823.550006641573,16810.094016548297
2025-08-19 00:00:00,16885.194369781388,16681.43404150828,17677.541,16640.89789226081,16820.317283122986
2025-08-19 01:00:00,17068.529811438497,16709.18373165765,17512.74,17121.428134441212,16822.72078218822
2025-08-19 08:00:00,12090.314097733984,11598.97620237808,11530.361,12423.578278197481,11109.64377845027
2025-08-19 13:00:00,17897.149428544475,17017.559161930225,17192.201,16654.766255725783,16886.080192090663
2025-08-20 06:00:00,13339.080516307407,13574.934782377946,13673.223,13642.578098182352,14731.219692366023
2025-08-20 08:00:00,12631.866456455116,12461.096521826661,11996.128,12036.875537617982,12474.732975079609
2025-08-20 09:00:00,13651.584113811092,13237.755227030326,13371.305,13439.85327713006,13817.25903452812
2025-08-20 14:00:00,18452.57072629636,18144.872826366296,17530.291,17989.221250903618,17338.629087461723
2025-08-20 18:00:00,18502.39985150629,18209.185266559594,18482.664,18637.6301852609,17749.990558556798
2025-08-20 19:00:00,17266.121578611805,18104.105289069408,17916.73,18264.15766837885,17463.919670362717
2025-08-20 22:00:00,20087.836428617626,19384.610745522416,19216.55,17659.49625920818,18407.573158123545
2025-08-21 05:00:00,13116.60089706525,12979.717500035887,12690.1455,12681.28587006117,14080.189414505523
2025-08-21 06:00:00,14531.918670797651,14368.676540893031,14587.38,14989.643517919776,15932.060988041721
2025-08-21 09:00:00,13417.171446458013,13237.755227030326,13140.234,13562.173638123579,13782.693397780398
2025-08-22 05:00:00,12568.668603433198,12268.794553658652,12507.674,12260.72547694578,13382.1753653741
2025-08-22 11:00:00,14008.893054953862,13604.276367763558,13537.477,13300.943174013013,13109.22355440753
2025-08-22 20:00:00,16565.78117542859,16211.285982192254,16058.437,15899.442632688206,16157.79055767042
2025-08-23 05:00:00,12819.955393102788,12268.794553658652,12392.723,12645.917638678844,13759.62179984618
2025-08-23 11:00:00,15026.120384020576,15060.902201419522,16177.297,15582.79328063047,15815.897660268938
2025-08-23 12:00:00,16106.575802847388,16211.285982192254,15819.629,16057.136611538683,16238.00182962327
2025-08-23 17:00:00,18873.657672228877,19126.089406091534,18384.516,17039.510384043613,17624.933038531577
2025-08-23 22:00:00,21691.59124184191,21463.702622932986,22369.527,18547.26939566546,22605.363101467294
2025-08-24 03:00:00,17486.888042815994,17983.570613155574,16648.213,16369.56138943058,17258.035194192824
2025-08-24 09:00:00,12865.03571591472,12014.717776667894,12493.185,12598.94614782399,12509.914120614683
2025-08-24 13:00:00,16015.850879034544,15950.383164070741,15577.674,15430.13921775172,16406.97481048858
2025-08-24 22:00:00,18269.992944332487,17910.710951389647,18283.621,16322.674778374621,16862.580658912193
2025-08-25 04:00:00,14000.058810783932,14368.676540893031,14302.671,14769.564940243974,15526.561028819186
2025-08-25 05:00:00,15889.31290018941,15896.160119498521,15631.311,16115.865657856686,16695.599816591053
2025-08-25 10:00:00,15808.434398815753,15896.160119498521,16875.373,16767.911974254002,16951.362312088215
2025-08-25 18:00:00,17119.331365534097,16350.555302624014,17283.975,17330.094286006955,16932.647628826093
2025-08-25 23:00:00,19031.194219858346,19437.29184037453,19284.412,18760.619328399953,18524.091174580484
2025-08-26 10:00:00,13944.090731687496,13911.246545318374,13589.987,13819.175858858944,13755.397090068076
2025-08-26 14:00:00,19675.46479373435,20500.477204084506,19344.945,18782.721157236007,18406.73872703214
2025-08-26 20:00:00,17459.706264317323,17285.82376006475,17673.32,17564.898450821147,17297.04766809187
2025-08-26 23:00:00,22757.27729435519,22046.322766252226,23044.566,16449.842546790278,23362.04872618255
2025-08-27 02:00:00,18947.958941160297,18085.356346470468,18705.031,17073.10969046244,17676.74730941154
2025-08-27 05:00:00,13519.821421549728,14564.43633945494,13185.213,14184.20953089749,14113.357695549497
2025-08-27 17:00:00,19899.99306015565,20454.66870880233,19652.38,17984.323562388516,18947.440726011853
2025-08-27 18:00:00,16397.941466893833,17201.2271609566,17190.344,16980.311420117847,16872.018673530496
2025-08-27 19:00:00,19096.139040491,20854.915921759748,19358.404,17069.543341264638,19089.275621415058
2025-08-27 21:00:00,18181.448745020854,18852.05639708067,18447.396,17202.14841258557,17997.889423133834
2025-08-28 01:00:00,19226.07983945389,18576.502801860337,18776.0,17650.475296792036,18471.83214714165
2025-08-28 04:00:00,12994.17652303204,13036.025987845802,13475.78,13791.807768727243,15150.476417000662
2025-08-28 05:00:00,14219.15473892106,13226.137898743282,13916.137,14847.142795077332,13280.08995636223
2025-08-28 07:00:00,12630.783704138556,12732.06691042319,12464.158,12785.025476310459,12799.509592997441
2025-08-28 19:00:00,17200.18557472594,17017.559161930225,17916.912,17318.345522512613,17628.54343964281
2025-08-29 02:00:00,16660.25759579688,16315.987623876019,16984.955,16596.266985404152,16654.851580590774
2025-08-29 03:00:00,14324.2252265967,14062.080116955996,14117.006,15160.666788552284,14887.081643892894
2025-08-29 06:00:00,14341.294747377848,14416.83234181951,13254.738,14197.771477600043,13346.079196182884
2025-08-29 14:00:00,14220.831640847033,13866.477743455183,13824.828,13998.84458838935,13543.874217700748
2025-08-29 18:00:00,17028.236177338364,17017.559161930225,17266.297,17374.962839598353,17127.80340766254
2025-08-29 21:00:00,19387.49048834192,19330.133394780503,19273.342,18080.653983170978,18794.425124944737
2025-08-29 23:00:00,17463.177127072733,16317.22079564394,17732.28,16477.322349877824,16838.362407780696
2025-08-30 06:00:00,15293.413726222923,14368.676540893031,14976.528,15521.63946215162,16274.533759233274
2025-08-30 11:00:00,14706.89631856506,13897.457693362567,14905.173,14437.37404814999,13937.161568369387
2025-08-30 16:00:00,15984.152719945478,16350.555302624014,16269.24,16357.474406304149,16088.99859498147
2025-08-30 19:00:00,18157.328484401365,17870.654073622598,18334.064,17856.90665778572,17990.344970589125
2025-08-30 20:00:00,17726.04447687185,17485.73601651055,18126.578,17411.57455877252,17601.17357475128
2025-08-31 00:00:00,18611.072530234705,17565.87450957501,19387.041,17439.832508500676,17125.85080946324
2025-08-31 05:00:00,14304.956788060856,14348.518659769763,14560.674,15580.380804157889,14077.47102834948
2025-08-31 07:00:00,14334.951672172165,14249.050159275786,14831.238,15639.069349145037,16299.20752633114
2025-08-31 10:00:00,13829.705374910174,13880.613612159941,14127.2705,14470.849104911042,14323.138728998063
2025-08-31 16:00:00,16570.44084838222,17163.73506732647,17003.967,17158.303221013175,16821.517374037867
2025-08-31 21:00:00,20934.33357005908,21131.4714439245,20319.428,17460.249882921395,18908.49888802702
2025-09-01 00:00:00,13735.665171877868,14279.495084630465,14188.304,15475.042815484418,13852.3522663253
2025-09-01 03:00:00,15312.588651738566,15368.323083278143,15539.861,15702.893151013857,15945.374651891152
2025-09-01 08:00:00,12987.83499321182,12732.06691042319,12726.655,15346.632605784831,13493.59135854936
2025-09-01 11:00:00,12990.220915501315,12732.06691042319,13589.998,15285.087917132323,14403.026878866145
2025-09-01 13:00:00,14408.456958359058,14779.408370087049,13527.455,15320.578097400436,13990.254505475008
2025-09-02 02:00:00,14803.828089189674,14279.495084630465,14394.393,15025.791562615515,14554.937445060348
2025-09-02 05:00:00,15492.921466202264,15541.670919122293,15590.233,16342.393240930212,15710.680117428288
2025-09-02 09:00:00,12920.589114557091,12746.024967370313,12928.967,13439.877140378107,13098.304696290605
2025-09-02 11:00:00,13847.679161109334,13478.559586670393,14192.575,14765.750782339486,14693.570455377656
2025-09-02 17:00:00,15724.250755036395,15435.93831884959,16339.43,16423.078436195516,17220.871265118145
2025-09-02 19:00:00,15598.685620421717,17201.2271609566,17065.53,16873.007100833667,17277.340208875412
2025-09-02 20:00:00,20423.388556621165,20374.04829069017,20715.035,18792.9289375934,20422.303673895785
2025-09-02 23:00:00,16018.471185101163,15795.40679893404,15864.911,16049.355700814742,16758.574608415467
2025-09-03 03:00:00,14430.919069414082,14102.916401181781,13717.117,13454.075746734423,13899.382084099838
2025-09-03 05:00:00,12905.886378600511,13247.108205051687,12278.515,13044.350424005217,12811.000132605273
2025-09-03 09:00:00,13524.87442031486,13450.77432985037,13414.49,13846.652088873583,14625.753385090647
2025-09-03 14:00:00,14615.34434312506,13598.649606487616,14654.728,13973.784739112096,13826.707300328753
2025-09-03 19:00:00,16013.804104573152,15845.09170674526,16843.762,16231.078263184592,18243.142894676806
2025-09-04 01:00:00,13346.048606911372,13701.852616946908,14258.284,13371.207534313382,13844.133213583711
2025-09-04 02:00:00,15482.513966720078,15421.708586426828,15427.111,14963.885425234273,15770.342892700162
2025-09-04 04:00:00,12365.546695486906,12268.794553658652,12745.301,12786.682409417042,14006.729114955397
2025-09-04 21:00:00,18471.36277162133,15896.160119498521,17659.91,16447.336469260757,17158.083986463836
2025-09-05 00:00:00,17256.45473216773,16283.754447678353,17552.812,16310.849797901752,16270.86531679056
2025-09-05 01:00:00,17002.087254599985,17429.97532039145,17774.043,17245.838462296215,17153.00380275485
2025-09-05 02:00:00,19252.17229396927,19167.096873445473,19492.814,17931.297115660178,20320.111293291317
2025-09-05 03:00:00,15241.917099423868,15095.90401740543,14363.098,14382.394550182386,14602.089362043947
2025-09-05 07:00:00,11370.05071732488,11771.85382946613,11410.268,12990.252938103082,11695.666391847704
2025-09-05 16:00:00,17263.452844762272,17453.682071127183,17864.547,17544.721238118465,17617.37737528955
2025-09-06 00:00:00,17705.858463909342,16641.517024007906,17700.186,16219.300191976568,17398.558619457628
2025-09-06 03:00:00,18505.836092177906,18677.655634128896,18322.361,18127.572712814974,18978.73597857049
2025-09-06 06:00:00,12609.88871238179,12740.630690457196,12643.456,13214.022502241227,13075.139853634555
2025-09-06 08:00:00,11315.297756538032,11771.85382946613,11452.26,14143.401213503967,11922.40066320795
2025-09-06 11:00:00,11217.298639387976,11355.52355564153,11773.341,14206.509697598947,11371.47545994572
2025-09-06 12:00:00,14641.73561542495,14980.439111885355,14534.428,14616.140085420864,15316.3366524058
2025-09-06 13:00:00,17580.192705140696,16476.621432806798,15693.871,15949.432521005216,16699.684496446625
2025-09-06 17:00:00,16822.522310396456,17555.213989967935,17629.387,17153.084746608984,17383.85469266276
2025-09-07 02:00:00,16350.879080605897,16309.119913867287,16157.93,15758.174178144793,16335.022014547816
2025-09-07 04:00:00,11910.665362275862,13036.025987845802,14712.453,15160.267629082968,17360.498925325584
2025-09-07 14:00:00,15184.987697806248,15353.50250295355,15326.258,15265.431815979391,16747.41709819201
2025-09-07 15:00:00,14135.39482593454,13866.477743455183,14375.098,14489.440813262456,14811.269669044217
2025-09-07 19:00:00,16074.341953717658,16641.517024007906,17248.549,17246.65812975975,17356.950677631216
2025-09-07 22:00:00,15724.156157310752,15454.806303646847,16177.902,15409.61308529807,16035.103960271306
2025-09-08 11:00:00,13687.932858452812,13478.559586670393,14577.834,15051.761219326276,14353.485836835684
2025-09-08 14:00:00,15506.139026853729,15601.963485247546,15621.693,15259.911587075434,15981.89814128566
2025-09-09 16:00:00,18671.093621998665,19120.02848437263,19040.533,18270.95089964694,18484.249321742856
2025-09-10 00:00:00,15541.662776344194,15715.418799537409,16343.174,15294.083322498787,16039.043626501596
2025-09-10 05:00:00,11671.7935968784,11861.942440742643,11987.322,12315.518662530252,12910.237299428725
2025-09-10 09:00:00,14258.926384642697,13672.289577788597,14426.852,14853.81789660042,15876.551508353872
2025-09-10 10:00:00,14320.239540289547,13904.009988125768,14263.373,14500.523993171426,15612.333141266112
2025-09-10 12:00:00,15282.65733421924,16233.79583926964,14486.123,14881.15833023655,16386.416012616242
2025-09-10 13:00:00,15289.195414914211,15658.159562359433,15555.271,15484.140710905418,16670.51391091277
2025-09-11 07:00:00,14235.278531636228,15541.670919122293,14303.728,14891.117711007193,13913.170746149695
2025-09-11 09:00:00,14032.118516516412,13360.677743864177,13954.979,14336.928435435075,15695.685757416759
2025-09-12 23:00:00,16227.16399460305,16182.523717312459,16769.67,16439.017585286605,17330.241255007946
2025-09-13 03:00:00,15479.052819506993,15421.708586426828,15202.117,14817.55683678432,15851.469993725777
2025-09-13 08:00:00,12292.083549439696,11861.942440742643,11950.902,12493.214346388751,11462.066762870134
2025-09-13 09:00:00,12245.111700647876,12014.717776667894,12331.066,12686.570063902282,11826.925011633142
2025-09-13 10:00:00,13962.92160757474,13686.224719242902,13625.766,13650.810024833465,14397.166707122487
2025-09-13 15:00:00,14290.685592758102,14779.408370087049,14202.775,14625.115820996038,13585.901772562589
2025-09-13 22:00:00,19288.93973692788,19120.02848437263,19257.035,17723.952296789204,18427.212610277704
2025-09-14 03:00:00,16187.921335873123,16039.659655299469,15501.267,15513.798516538758,16125.520612475053
2025-09-14 07:00:00,12083.75928968862,11930.781654016317,12081.316,12607.042658484957,13363.601924463303
2025-09-14 08:00:00,13506.0117695118,13036.025987845802,13399.112,14038.466368028623,15154.588998842193
2025-09-14 13:00:00,14840.055194297727,15353.50250295355,15148.151,14557.81415411491,15898.58819516797
2025-09-14 17:00:00,14545.959989743917,14319.16314383127,14794.178,14821.751221515306,15023.862150281206
2025-09-15 14:00:00,16763.465234240597,16323.448465471485,16694.018,16339.03465729468,17309.174545119793
2025-09-15 19:00:00,15704.06435369776,15115.124226815944,16327.023,15836.30335027834,17105.42794604886
2025-09-15 20:00:00,16882.93413848622,16938.200426707608,17257.09,16830.075225210057,18108.29221177894
2025-09-16 00:00:00,13316.85838275996,14279.495084630465,14792.795,13375.156903241072,13995.164093638265
2025-09-16 03:00:00,15283.717081593231,15368.323083278143,15546.229,15350.883424763613,16457.86336630115
2025-09-16 09:00:00,12693.743166307182,12076.110932219162,11722.0625,13114.59548466464,11766.737441524689
2025-09-16 10:00:00,13710.06369699492,13604.276367763558,13665.288,13821.151004398183,14198.803552661935
2025-09-16 11:00:00,12177.825375160472,12350.597407232352,13174.6,13947.639046431548,13241.070076911401
2025-09-16 14:00:00,15970.631106776373,15427.126049893364,16064.185,15684.640314137403,16505.457342133504
2025-09-17 03:00:00,15502.523572074644,14273.194001456886,14539.672,14529.307828516838,15865.224298402602
2025-09-17 04:00:00,12184.805150863123,11930.781654016317,12473.725,13206.440255257054,12933.85874472515
2025-09-17 05:00:00,12876.862118929066,12470.777999702541,13623.412,14151.119689940784,14336.037555353734
2025-09-17 10:00:00,12075.582944807908,12461.096521826661,12390.6455,12130.651525272524,12317.172387864877
2025-09-17 11:00:00,13230.399469938708,13378.836289594241,14211.562,14509.573460934758,15148.258515103797
2025-09-18 04:00:00,14115.186326664929,14898.853415245136,15727.711,16402.49958972836,16431.401521594747
2025-09-18 06:00:00,12053.481266168264,12150.001748069102,12665.926,13382.693486025426,14062.656561572798
2025-09-18 09:00:00,13341.663143438744,13378.836289594241,13197.118,13454.537835350553,13858.573274418726
2025-09-18 21:00:00,14812.84450182886,15859.167200766284,15069.564,14789.686924557092,15084.287746112144
2025-09-19 07:00:00,13171.370245555108,12963.777558549544,13758.256,13868.61382638545,15143.806233489611
2025-09-19 09:00:00,12905.473897223712,12746.024967370313,12748.008,12955.567259253801,13635.879891945016
2025-09-19 10:00:00,11555.128603358837,11800.73269464225,11984.368,12375.410483404428,10987.137257800341
2025-09-19 22:00:00,16617.613006081872,16181.26259576185,16860.922,16462.888734413664,17450.243620246267
2025-09-20 08:00:00,13023.012814408214,12746.024967370313,12141.492,12756.35262153333,11996.427671427502
2025-09-20 16:00:00,15955.650366406326,16476.621432806798,16855.781,17163.567232604648,17678.67734787589
2025-09-20 19:00:00,14583.524925836742,14725.063424241798,14996.871,15063.860251333143,15057.336453119204
2025-09-20 20:00:00,19207.166619114734,20500.477204084506,19397.846,17446.211329677408,19398.468468369087
2025-09-20 21:00:00,18410.222962270484,18066.695066000117,19152.645,18798.29788813508,19428.478187512672
2025-09-20 22:00:00,18306.879047503553,18117.25561320016,18535.732,18184.159823244518,18522.216479393348
2025-09-21 03:00:00,15968.373655243831,15760.938262771051,15622.08,15669.728579713465,16728.4813897935
2025-09-21 11:00:00,14179.577184884502,13904.009988125768,14443.912,14914.384280278895,15950.780816943998
2025-09-22 03:00:00,17896.733731569442,17543.57167201907,17641.889,17101.20108688942,17832.994617051452
2025-09-22 04:00:00,12288.0,12740.630690457196,13038.121,13404.68504374491,13793.060676382305
2025-09-22 07:00:00,11622.212740859086,12470.777999702541,12886.512,14352.038978235716,15209.721775662892
2025-09-22 10:00:00,13009.001395689522,12740.630690457196,12713.146,13013.170607222804,12768.825515980308
2025-09-22 14:00:00,15511.213936060056,15427.126049893364,15829.811,15877.06731197815,16720.60304837273
2025-09-22 16:00:00,17616.403647979816,18767.75891808682,18642.926,18310.631933898003,18155.969214723016
2025-09-22 21:00:00,16584.317125544592,15795.40679893404,16351.084,16372.549121031823,16568.32412610386
2025-09-23 00:00:00,16200.223710266771,16681.43404150828,17180.09,16170.514578295586,16057.21699036253
2025-09-23 04:00:00,11956.961776199529,12206.781751341718,12261.076,13284.542247633894,13375.781213554357
2025-09-23 12:00:00,15901.78030625489,14980.439111885355,14674.236,14617.914371584258,15247.36501735123
2025-09-23 13:00:00,14215.988756704735,14588.956961036398,13765.326,13620.467314869667,14304.565229904318
2025-09-23 15:00:00,14675.51159216839,14588.956961036398,14764.48,14055.433984421694,13999.435706978347
2025-09-23 17:00:00,14197.313643751786,14932.530888947747,14848.047,14856.474514639101,14964.02010813388
2025-09-23 23:00:00,13737.104937622093,14861.875894276023,14710.737,14778.071583210382,14215.289809682688
2025-09-24 00:00:00,16324.65281604444,15715.418799537409,17381.691,16366.590580500973,17021.947531171536
2025-09-24 04:00:00,13224.923822795832,12979.717500035887,13330.87,13187.704998664025,14259.543034403368
2025-09-24 13:00:00,15170.10875303862,13598.649606487616,13962.496,13951.528730937174,14064.458700086516
2025-09-25 00:00:00,17162.447601229593,17579.907010233863,17297.488,16640.459741167866,17454.099021228885
2025-09-25 04:00:00,11782.735451609302,11930.781654016317,11757.846,11772.191783803555,12004.51950283146
2025-09-25 09:00:00,11419.635871997829,11355.52355564153,11659.695,13218.020781714888,11495.02555435053
2025-09-25 11:00:00,13117.164701258083,13579.669498024865,13697.956,14235.485012818594,13992.6681546371
2025-09-25 13:00:00,14808.350930733415,14588.956961036398,14374.75,14339.201281366082,13630.264984223835
2025-09-25 14:00:00,14582.753913819051,14451.317048572988,14752.094,15034.479420568792,16455.641222449227
2025-09-25 15:00:00,15181.020063905666,14834.836168853799,15633.492,15083.186697728763,16248.284056714936
2025-09-25 19:00:00,14674.221479254687,15807.634019116069,15241.523,15235.704553404763,15502.160925970284
2025-09-25 23:00:00,19016.289612348253,18767.75891808682,19321.043,19062.47879524244,19413.457011582646
2025-09-26 00:00:00,15574.090719322448,14273.194001456886,15515.305,14681.465816303878,15781.087178660173
2025-09-26 01:00:00,12839.654481788735,13701.852616946908,13591.16,12697.388935522318,13330.057425674837
2025-09-26 05:00:00,13671.92683763779,13604.276367763558,12663.208,13438.193003448383,13998.065543582266
2025-09-26 06:00:00,12156.533583755796,12930.103009770282,12081.607,12344.131584401537,13551.67804351731
2025-09-26 13:00:00,17286.17047624146,19126.089406091534,17206.367,17140.969799662624,18020.207400980817
2025-09-26 15:00:00,15398.275416497943,14834.836168853799,16005.656,15488.697392164577,17110.705124015927
2025-09-26 21:00:00,17085.67654970897,17474.790838567216,17273.816,17129.704516177953,17541.503291658424
2025-09-27 06:00:00,11838.230550373286,12206.781751341718,12674.569,13774.50811114964,14222.541316274006
2025-09-27 08:00:00,12669.18668024134,12461.096521826661,12314.403,13537.235875132134,13618.468427836728
2025-09-27 09:00:00,12259.412977417724,12461.096521826661,12372.591,12208.4009359359,12948.021777690294
2025-09-27 14:00:00,14770.136332164506,13598.649606487616,14820.979,14033.370282279411,14960.493774673681
2025-09-27 18:00:00,15924.085851410588,16140.811488594547,16675.174,16827.656181807917,16976.482081446364
2025-09-27 22:00:00,15383.031517366178,15433.835965884995,15592.875,15472.75151054058,16346.813690685673
2025-09-27 23:00:00,15986.839275603148,16182.523717312459,16590.543,16169.4618576177,17080.190937161504
2025-09-28 00:00:00,13852.011561442356,14279.495084630465,14398.46,13184.844580250503,14005.812791138957
2025-09-28 02:00:00,14766.318719761686,15069.779433660246,13968.939,14847.111804649558,14998.950118087141
2025-09-28 08:00:00,11245.609464221512,12096.5149343205,11500.346,14174.254574071916,12040.429044297902
2025-09-28 12:00:00,13252.220609519309,14137.134149591522,12910.729,13536.844751044897,12067.869533689545
2025-09-28 14:00:00,15027.23351026242,15353.50250295355,15262.17,15353.162302757693,16667.1237401598
2025-09-28 21:00:00,15950.267380326535,16317.22079564394,16257.301,15769.877938249123,16638.60857228254
2025-09-28 23:00:00,15688.800814489166,15433.835965884995,15592.161,15587.374893701563,16957.253675750242
2025-09-29 00:00:00,14740.39483434918,15095.90401740543,15017.335,14325.390073523886,14530.645489227882
2025-09-29 03:00:00,17195.996426608046,17983.570613155574,17197.555,17180.52641516574,17950.204212660803
2025-09-29 05:00:00,11460.309194261785,11771.85382946613,11296.576,12407.12834784391,11566.592246242126
2025-09-29 07:00:00,12816.735453192869,12930.103009770282,12687.392,13401.369550793814,14381.066270357682
2025-09-29 08:00:00,13117.059145571016,12746.024967370313,12317.462,13366.34274258631,13082.19316821257
2025-09-29 09:00:00,12237.819550676564,12461.096521826661,11803.348,12811.921395829027,11332.92974123565
2025-09-29 13:00:00,18068.167126984597,15116.947107245878,15258.47,15839.609754406261,15927.385365751907
2025-09-29 14:00:00,14480.577206421083,14588.956961036398,14095.319,14041.403835959894,13673.265168325963
2025-09-29 20:00:00,17916.225740089365,18193.026357585924,18139.465,18218.127373592415,18525.539623433084
2025-09-29 22:00:00,16471.183574053637,16449.001233654137,16697.197,16412.482998734704,17362.3975631809
2025-09-30 10:00:00,12865.772942318818,12746.024967370313,12732.871,13501.63897761529,12620.742961229578
2025-09-30 15:00:00,14838.136500320456,14980.439111885355,15041.101,14811.88586095288,15601.56197389443
2025-09-30 17:00:00,15864.971965046652,15937.34350885202,16748.701,16888.878948057576,17396.467159106676
2025-10-01 01:00:00,15063.49389694022,14999.824363209125,15667.539,15085.621202517608,15591.894383043205
2025-10-01 08:00:00,11557.549850461575,11747.872687083061,11534.568,14179.689985216808,11857.373858739385
2025-10-01 16:00:00,13003.495216024765,13772.777315793152,13349.162,14621.044216890801,12970.760135717535
2025-10-02 00:00:00,15302.27000741071,15481.204761456396,16099.434,15451.869651047402,15107.028038367333
2025-10-02 04:00:00,12304.955451128784,12470.777999702541,13779.76,15223.951524369188,14087.426149770012
2025-10-02 05:00:00,12092.958252068918,12206.781751341718,12502.104,12933.88589161976,13150.446058646947
2025-10-02 06:00:00,12139.987918664683,12096.5149343205,11840.162,13047.44099724805,11933.444853766718
2025-10-02 07:00:00,12674.23822318321,12983.830851453133,13072.191,14743.635298894716,13696.998378624263
2025-10-02 08:00:00,12327.972887996875,12348.657466549736,12237.207,12555.937076980637,13212.679780242634
2025-10-02 16:00:00,14554.226262505636,15174.620864453473,14266.316,14878.76395606819,13980.146665957023
2025-10-02 17:00:00,13391.157872500218,13772.777315793152,13594.338,13864.742050148769,13280.241976757821
2025-10-02 18:00:00,15472.401643446365,15109.619051254755,15409.465,15754.907781849211,16049.237155712452
2025-10-02 21:00:00,16484.700067989346,16312.407535992314,16146.363,16179.452557800112,17214.767039747043
2025-10-02 23:00:00,17597.254880585035,18840.397501798874,20093.053,18054.36900474051,18596.121425855126
2025-10-03 07:00:00,12531.844482393635,13273.13499590239,12938.997,15087.35636286221,13720.70525188895
2025-10-03 11:00:00,12651.13608614926,12746.024967370313,13565.231,13872.13674082192,14726.377786190002
2025-10-04 02:00:00,15164.699337143958,16550.94549937059,14934.773,14989.880811268546,15967.397261355485
2025-10-04 03:00:00,14921.136759571384,15069.779433660246,14462.949,14519.749126608336,14863.50717865431
2025-10-04 04:00:00,11743.044732169115,11771.85382946613,12093.928,13537.129967770192,12122.777541644533
2025-10-04 05:00:00,12169.622243480388,12206.781751341718,12644.67,13559.929916592308,13254.924180410078
2025-10-04 08:00:00,12832.606763698102,13441.296114845032,13477.484,14567.593007236777,13648.590991191895
2025-10-04 13:00:00,13998.0628996358,15388.428188125212,14567.117,15126.684872030035,16118.399213123184
2025-10-04 22:00:00,15830.392592589174,15679.937040999239,15954.525,15426.226946051927,17190.75339889686
2025-10-05 01:00:00,14245.853100892056,14753.817083313184,14904.533,14160.46441856452,14219.705418004862
2025-10-05 06:00:00,12230.985366003768,12206.781751341718,12226.584,13281.335313515257,12736.59755244568
2025-10-05 10:00:00,12797.31712123218,13441.296114845032,13687.501,14388.019551034635,13873.395042115593
2025-10-05 14:00:00,15525.0,16313.797991163456,15090.262,15784.010259409913,16240.129844343039
2025-10-05 15:00:00,15119.549320916152,14710.205887391447,14791.396,14481.267188174326,14556.143740045365
2025-10-06 00:00:00,14276.21144076375,14279.495084630465,14783.195,13661.119359430832,13868.342863056878
2025-10-06 01:00:00,14987.478278832928,14690.657091386776,15579.743,15026.364913819438,15545.28547408454
2025-10-06 09:00:00,12625.685214593816,12746.024967370313,13033.158,13565.23350509261,14374.227004149576
2025-10-06 10:00:00,12977.89002137447,13046.536323173998,13359.018,13747.87091518307,13284.380690023485
2025-10-06 18:00:00,15630.47167641714,15348.287530634565,15074.39,15751.657277744638,15040.473136390889
2025-10-06 19:00:00,15584.314370416823,19167.096873445473,17133.885,16660.72899570105,19325.338330230436
2025-10-06 21:00:00,16064.304375928714,16938.200426707608,15999.721,15950.82591364488,18950.648367815575
2025-10-06 23:00:00,14989.202978939453,15430.56862880509,15229.871,14857.95590807673,15373.991860501526
2025-10-07 00:00:00,15093.792778702393,14999.824363209125,15482.963,15169.325442875503,14850.49521128218
2025-10-07 05:00:00,11914.0,11861.942440742643,12349.795,12592.721982164523,12941.974636479441
2025-10-07 09:00:00,12218.805986520643,12287.59117236883,12365.111,14477.435372878217,11770.977174109541
2025-10-07 10:00:00,12431.115767302956,12224.371096481893,12754.364,14813.939655713302,14045.602977389153
2025-10-07 16:00:00,14587.360824137511,15692.87235918499,15149.593,15459.324674736925,15132.615788302403
2025-10-07 19:00:00,14121.8014910003,15435.93831884959,14675.398,15570.92008457802,16525.59162300736
2025-10-07 22:00:00,16282.454965083794,16591.465490762916,16241.5,16018.81291081906,16540.368789387638
2025-10-07 23:00:00,16376.8818435379,15679.937040999239,16036.949,16034.533787463472,16394.403152865052
2025-10-08 01:00:00,15082.871095109558,15095.90401740543,15306.143,14368.327471645254,15002.19334962011
2025-10-08 03:00:00,13935.955386825692,14127.42587090153,13069.653,12745.434648155882,13028.009970487921
2025-10-08 10:00:00,12471.562214055688,12461.096521826661,12851.36,12653.168784233614,13125.527429840055
2025-10-08 14:00:00,16046.629132155538,14857.624240702526,16030.4375,16024.361149101887,16158.952546506158
2025-10-08 21:00:00,15060.15969990828,15013.873031506457,14960.8,14267.489807304828,15948.134292132583
2025-10-08 23:00:00,14968.77783077724,14716.052484015685,15390.826,14900.670440968843,16215.526948505385
2025-10-09 02:00:00,14945.389750614971,15069.779433660246,14855.3125,14429.798989664316,14662.400184232245
2025-10-09 03:00:00,14590.601741949798,14852.41694230558,13802.086,13667.421316060283,15125.23330054159
2025-10-09 05:00:00,11497.494350264518,11930.781654016317,11813.158,12789.006058495746,12183.529975603693
2025-10-09 08:00:00,12562.900170673973,12896.898995143532,13336.018,14171.660379995921,15799.1938147107
2025-10-09 14:00:00,15016.707049829436,14710.205887391447,14511.237,14565.419484711532,14353.102831694498
2025-10-09 15:00:00,15171.363038657004,14710.205887391447,14915.677,14423.948209700739,14746.571477581892
2025-10-09 18:00:00,14736.38494347634,14720.358127639825,14680.342,14870.806412323382,14130.481103795888
2025-10-09 21:00:00,15847.299395791037,15657.110958125391,15392.969,15134.484182395945,15232.617375089578
2025-10-10 00:00:00,14974.362689243591,14718.919774386664,15767.947,15127.657726989231,15873.587649762072
2025-10-10 03:00:00,15282.689487631626,14999.824363209125,14731.006,14716.166427398928,15254.211462298246
2025-10-10 05:00:00,12141.959980405978,12206.781751341718,12875.766,12839.914396501466,13576.709693854902
2025-10-10 07:00:00,11857.09161471198,11794.434391824389,12051.114,14004.508666905513,11808.056714881573
2025-10-10 10:00:00,12298.474942097797,13333.457563019605,13270.961,15028.599898322918,12329.592407613674
2025-10-10 13:00:00,15095.039472981229,15388.428188125212,14827.58,14922.602668596865,16424.029297315046
2025-10-10 14:00:00,15365.783005785794,15348.287530634565,15174.619,14605.061112027495,14506.426946293286
2025-10-10 18:00:00,15318.0,15541.424065996327,15177.709,15639.998041586316,15345.354315728113
2025-10-10 19:00:00,14538.204480281394,14662.254653197917,15276.83,15172.132441133524,15339.186817102089
2025-10-10 22:00:00,16512.456004604024,15926.457736457352,16162.033,15967.776717849698,16923.353725670106
2025-10-10 23:00:00,15516.431319014378,16064.218719328988,15606.125,15001.70387837776,15346.918585834053
2025-10-11 00:00:00,14519.94305797172,14753.817083313184,15465.055,14841.721970797305,13737.673867095029
2025-10-11 10:00:00,12328.365235547266,12746.024967370313,13391.998,13986.855615332552,15501.479539905282
2025-10-11 11:00:00,13272.005734781153,14130.924367107784,14617.748,15634.581876151466,15986.028424285412
2025-10-11 13:00:00,14620.871605492212,15207.40716616018,14751.977,14662.787474813504,14848.845554770262
2025-10-11 15:00:00,15231.155429034869,15915.462717339598,14773.678,15193.078508395038,13860.659286413906
2025-10-11 19:00:00,14963.68112000969,15435.93831884959,15855.025,15579.982476733703,15973.350587300161
2025-10-11 20:00:00,15984.190731971852,16317.22079564394,15739.865,15969.253048336539,15803.057930115128
2025-10-11 23:00:00,16553.04388666855,16211.285982192254,16819.117,16548.172588908055,16924.209906642904
2025-10-12 02:00:00,15326.985025072328,15020.026200441993,15630.307,15197.340634172155,14915.881089192746
2025-10-12 04:00:00,11796.258522575004,12623.4711153906,13138.357,14374.667186780876,13818.336957118587
2025-10-12 08:00:00,12831.008329229484,13046.536323173998,13249.503,14776.25852259404,14481.889413307394
2025-10-12 10:00:00,11997.94015676027,12237.919621880103,12733.959,12827.9935705448,13209.994593975927
2025-10-12 12:00:00,14490.211872688997,14929.64908109613,14275.156,14092.384203988566,14905.053714866046
2025-10-12 18:00:00,15341.454421626666,15503.848598863937,15799.533,16475.19023536244,15907.143315127641
2025-10-13 11:00:00,12748.401470784467,12896.898995143532,14479.395,15636.405903093557,16964.014116460297
2025-10-13 19:00:00,14880.11607089452,15109.619051254755,15401.951,15419.807223398262,15241.27676402185
2025-10-13 21:00:00,16373.873828996406,15679.937040999239,16176.021,15797.378150992683,16946.525633862588
2025-10-14 01:00:00,14763.585060686284,14690.657091386776,14600.93,14081.444759745857,15458.321362864122
2025-10-14 10:00:00,13301.675743646569,13046.536323173998,13703.728,14399.971639537249,14416.862452629695
2025-10-14 15:00:00,13703.316166793751,14857.624240702526,15712.683,15383.87017307707,16888.494398091767
2025-10-15 09:00:00,12391.637228157362,12746.024967370313,12440.353,13817.493019218873,14407.94213202148
2025-10-15 20:00:00,15985.41913269401,15917.075695244524,15782.788,15497.140916692319,17423.461614270513
2025-10-15 23:00:00,15766.813020919746,15917.075695244524,16002.697,15731.886616648859,17365.069095392362
2025-10-16 00:00:00,14306.573026519578,14279.495084630465,14247.135,12718.133279659065,13839.443687572917
2025-10-16 03:00:00,15133.82370715631,15020.026200441993,15227.092,14935.20341401583,14968.180694613235
2025-10-16 07:00:00,12137.992784872207,11930.781654016317,12227.0,12564.523113668463,12765.82864216985
2025-10-16 16:00:00,15475.280000942914,15109.619051254755,15474.714,15287.008350982376,15474.239214997542
2025-10-16 19:00:00,14428.133724050733,15154.657536243994,15198.582,15524.450432600943,15457.138774480523
2025-10-16 21:00:00,17276.75967608179,17474.790838567216,17619.3,18119.888174799526,18283.281030559898
2025-10-17 04:00:00,11758.668843897336,13318.645411731013,13256.852,13609.68363794763,13964.377574143913
2025-10-17 06:00:00,12563.863401228991,12472.40225410528,13863.171,15703.818457824542,15606.250717865627
2025-10-17 09:00:00,11878.92459396635,11747.872687083061,12463.039,15300.269042560814,12811.654566387195
2025-10-17 10:00:00,12325.734754710442,12287.59117236883,12428.307,13628.820002384724,12782.38895709838
2025-10-18 01:00:00,14724.983717694156,14644.290596448249,14987.782,14218.096323631384,14618.381288120228
2025-10-18 02:00:00,14754.48834527003,15069.779433660246,14954.982,14365.174399818645,14894.091868133095
2025-10-18 08:00:00,11689.015703833677,11714.1988430471,12799.791,14451.758103955337,13699.261530045655
2025-10-19 05:00:00,12076.146418469252,11861.942440742643,12891.518,14353.340028863522,12280.810814289429
2025-10-19 21:00:00,15770.105643889803,16056.821875896847,15520.084,15171.306476046906,15669.54992963959
2025-10-20 00:00:00,14407.008097769673,14644.290596448249,14879.773,14076.422430731824,14362.478133404727
2025-10-20 04:00:00,11970.928693683603,11747.872687083061,11720.056,12977.491655142223,11809.482286352311
2025-10-20 05:00:00,11818.606541573135,11584.2820791167,12819.205,14458.188735279946,13204.760082574592
2025-10-20 11:00:00,12924.346544117434,13046.536323173998,13557.875,14546.34200814141,14377.385149816242
2025-10-20 12:00:00,15501.94944422539,17499.388163421507,14660.667,15009.06126848923,17226.709113191468
2025-10-20 13:00:00,15107.38089608963,15388.428188125212,15256.958,15480.50283782684,15675.864364239389
2025-10-20 15:00:00,15095.28063590062,15308.687010690446,15334.287,14572.227399167485,15128.968996862834
2025-10-21 04:00:00,11635.825402912991,11771.85382946613,12705.897,14075.704823199596,12122.24104435763
2025-10-21 13:00:00,15183.909132469542,15207.40716616018,14790.656,14520.648256442082,15582.106286357373
2025-10-21 14:00:00,15066.2888012774,14929.64908109613,14948.225,14100.679876506889,15414.265763479387
2025-10-21 19:00:00,15309.891116478628,15109.619051254755,15556.968,15728.119248231362,15740.011971749811
2025-10-22 02:00:00,14590.96516604704,14279.495084630465,14719.41,14284.210788461836,15202.659774846627
2025-10-22 08:00:00,12600.105745570923,12746.024967370313,12562.842,12662.607178145881,13881.300903255902
2025-10-22 16:00:00,14663.494138857406,14171.27107361813,14397.258,14986.561210750226,14216.590490517536
2025-10-22 19:00:00,14552.799176033646,15270.971413234623,14617.212,14657.331678167931,14489.026356515338
2025-10-22 22:00:00,15900.904367792386,15223.811116038756,15964.368,16013.992898754019,16058.37017276278
2025-10-23 14:00:00,14989.274080208708,15109.619051254755,14584.266,14294.142461584113,15180.494853136379
2025-10-23 20:00:00,16121.8610571891,16317.22079564394,15566.021,15653.526803057033,15858.869634176257
2025-10-24 02:00:00,14941.96967988249,15368.323083278143,15436.454,15250.461767046674,16309.459129879398
2025-10-24 06:00:00,12113.73117182199,11930.781654016317,12097.387,12605.747769047464,12553.32139179648
2025-10-24 14:00:00,15291.683568279535,15348.287530634565,14527.155,14721.602109274438,14198.25197076056
2025-10-25 11:00:00,12760.348816116111,12896.898995143532,13993.871,14463.055212975141,15455.022945024559
2025-10-25 15:00:00,14955.859130240631,15109.619051254755,14802.486,15203.61225746445,15916.012264441644
2025-10-25 20:00:00,16120.288294882994,18244.500553022066,17371.564,17084.64399332311,18949.553151574488
2025-10-26 16:00:00,15152.171830871604,15348.287530634565,14990.953,14584.036244451714,14615.443785854757
2025-10-26 21:00:00,14693.432904903158,17555.213989967935,15721.254,15287.343310454236,18130.173494185823
2025-10-26 22:00:00,16582.14124587269,16622.83702764495,17514.262,16529.693960145174,16840.281558356874
2025-10-27 07:00:00,12169.75007859319,12206.781751341718,11963.682,13640.441049964771,13396.046584647862
2025-10-27 13:00:00,13369.705610604024,13609.282261625254,14907.994,15869.309409186477,16068.567992114704
2025-10-27 15:00:00,15007.464967732492,15535.371086714009,15689.395,15837.615544864948,15517.770350821376
2025-10-28 01:00:00,14990.53320736166,14644.290596448249,15286.119,14607.43271849767,15217.240770052247
2025-10-28 07:00:00,12062.433407884322,12348.657466549736,12026.713,15106.744254551582,13502.110637546048
2025-10-28 14:00:00,15284.585008472852,14857.624240702526,15352.926,15270.11788298021,15663.465997289706
2025-10-28 20:00:00,16391.476819418767,15926.457736457352,14859.851,15494.736872634137,16144.167773088586
2025-10-29 09:00:00,12700.24186367906,12461.096521826661,12889.51,13738.77775366291,12986.560547317007
2025-10-29 10:00:00,12941.177638895966,13046.536323173998,13125.761,13758.171088416602,13266.428441910855
2025-10-29 12:00:00,15261.317764681491,15207.40716616018,14479.994,15056.09725122091,15953.749799493085
2025-10-29 22:00:00,16397.23853359896,17017.559161930225,17007.533,16572.403682567303,18309.678413391517
2025-10-30 01:00:00,14151.233142502791,14127.42587090153,14746.705,14371.844294962315,13367.738755420716
2025-10-30 09:00:00,12200.213619599466,12461.096521826661,12078.279,13451.569415247188,13014.022151237343
2025-10-30 15:00:00,15135.828910362608,15207.40716616018,15206.529,15309.053688334157,15478.913119936858
2025-10-30 23:00:00,16333.016122223498,16133.797854907869,16386.398,15922.869190904596,15918.563278254458
2025-10-31 05:00:00,12690.41806635805,13362.227215017858,13565.968,14492.742224728188,14116.230953141643
2025-10-31 15:00:00,15006.662859820995,14929.64908109613,14134.169,14610.322556541852,14694.746357698155
2025-10-31 22:00:00,16303.42806858538,16284.519454207832,16317.898,16014.68952899143,16888.114714284824
2025-11-01 09:00:00,13542.529026507991,13807.628616201315,13484.881,14929.993187803875,12905.539125487801
2025-11-01 10:00:00,13879.091273258226,13807.628616201315,14456.592,15552.46211074467,13813.124357395478
2025-11-01 13:00:00,15556.496659902548,15535.371086714009,15548.79,15693.381544656007,16461.911336088164
2025-11-01 19:00:00,16879.03274384199,16858.572105081505,16981.45,17037.60734233203,16168.052325777557
2025-11-01 21:00:00,17908.93924271123,17455.62173492285,17640.04,17197.568039524285,17621.19745310134
2025-11-02 03:00:00,16069.98212473939,15977.996604999948,15243.02,14901.078832859544,15577.157401494962
2025-11-02 09:00:00,13942.89213865205,14139.683948609829,13893.827,14622.816834144603,13803.519743725572
2025-11-02 15:00:00,15322.243293731908,16477.343503315704,15354.901,15634.693398747664,14309.910368053324
2025-11-02 17:00:00,13596.456440756325,14417.876489381108,13976.186,14831.38590772633,14359.111536105907
2025-11-02 20:00:00,15258.274728478624,15239.91189089436,14957.863,15222.14867163087,16051.678622189662
2025-11-03 00:00:00,17301.452959266488,17171.577386029312,17448.467,16157.07447306535,16329.355783798434
2025-11-03 02:00:00,16440.91192970819,16486.375961477926,16683.814,15779.813541254183,16764.85025571256
2025-11-03 05:00:00,14139.431645144392,14274.421459340987,13884.525,14266.407290805699,13768.367502602876
2025-11-03 10:00:00,13601.216883487064,13807.628616201315,13865.707,15093.434346760512,13354.457425832828
2025-11-03 15:00:00,14949.573734098956,15674.489669282788,15326.171,15344.566433854297,14702.299893387422
2025-11-04 01:00:00,19494.12636951,17867.037678577628,18515.049,16283.673420011173,17896.69266789752
2025-11-04 08:00:00,12543.870541551723,12224.371096481893,12356.0205,14499.282404143507,12948.113340057278
2025-11-04 10:00:00,13269.96366905277,13273.13499590239,13345.326,13973.58315678589,13442.32017607158
2025-11-04 11:00:00,12083.929639729047,11747.872687083061,12887.005,14182.239925259088,12254.846829795031
2025-11-05 06:00:00,12343.44823695612,12867.351541258724,12814.467,14401.663874128548,12998.444988192035
2025-11-05 09:00:00,12702.256433876611,13110.06235388076,12721.768,12946.946163945324,12404.619579879394
2025-11-05 15:00:00,16156.30853841913,15736.913187374956,16755.365,16704.654208332457,16789.257820811417
2025-11-05 23:00:00,18017.147520199724,18088.513042669067,17851.383,18184.466815416105,18008.175178137666
2025-11-06 11:00:00,14035.524460476934,14802.103924899646,14794.98,15306.562795716087,15047.326357340138
2025-11-06 19:00:00,14839.064029051022,14619.021215972387,15203.928,14925.62771418843,14677.012558568076
2025-11-07 00:00:00,17565.04302735158,18314.997065277123,17979.275,16297.359349092694,16885.00140471445
2025-11-07 03:00:00,17663.668888335804,17171.577386029312,16994.443,16389.50108433246,17061.21966669261
2025-11-07 04:00:00,12975.994241534108,11747.872687083061,13556.365,14158.036499614302,13753.928522599866
2025-11-07 05:00:00,13027.635150520788,13160.128904744583,12987.068,12816.703672866024,12774.000744985777
2025-11-07 11:00:00,13598.701400969156,13735.561118087307,14049.041,15081.333068114507,13337.47423188954
2025-11-07 18:00:00,15236.376267527938,14662.254653197917,15452.715,15251.857110524154,15356.122342206272
2025-11-07 21:00:00,16207.58357977048,16378.667760077029,15543.174,15533.74372613199,15446.359224913378
2025-11-08 01:00:00,17571.603152495045,18157.87150305396,17455.666,15623.738582277749,16694.803888807077
2025-11-08 11:00:00,13092.646264855472,12401.943943104434,12913.768,13373.429094828933,12567.735886370625
2025-11-08 22:00:00,14903.684810536008,15013.873031506457,15117.43,14652.098748268027,14931.273114056858
2025-11-09 08:00:00,12139.304108472836,12224.371096481893,12958.895,14780.779452453085,12959.546573298925
2025-11-10 04:00:00,13515.27410568208,13843.58733757445,13567.32,13843.326687203424,13990.234747227692
2025-11-10 07:00:00,15064.679421388291,17606.17628502699,15870.934,16743.61629747649,17618.155377388095
2025-11-10 15:00:00,16118.554878286124,15828.161663722549,16120.94,15918.612237481737,15461.516213826913
2025-11-10 17:00:00,16738.928567693452,16378.347837675785,16549.94,16483.59571269479,15305.939201513196
2025-11-10 18:00:00,16396.99016719374,16115.885953459849,16244.873,16822.694301757278,15945.407376203893
2025-11-11 06:00:00,14142.6671493816,13735.561118087307,13898.789,15041.814946192037,13845.300291449876
2025-11-11 14:00:00,16287.422963376664,14022.789159441125,14552.467,15011.63648878792,14280.206754511812
2025-11-12 03:00:00,16611.621595806566,16911.75303538041,15113.221,14567.769776602447,16083.217831327915
2025-11-12 13:00:00,15903.609852752126,18639.13533016079,16458.863,16854.50049099202,18077.770931319264
2025-11-12 19:00:00,15955.062779047925,15895.501361300363,15995.558,15854.519590168054,15227.206184069522
2025-11-12 20:00:00,17100.37735701875,16883.24475550445,16731.312,16693.948234624764,17293.888419754436
2025-11-12 21:00:00,16569.948748654708,16284.519454207832,16123.014,16387.977342410242,16630.60365716635
2025-11-12 22:00:00,17600.10636109218,17552.137319099504,17810.865,17693.084378144275,16869.705055564813
2025-11-12 23:00:00,15622.302957461168,15917.075695244524,15491.156,15500.09175824284,16773.985530610997
2025-11-13 00:00:00,16505.08645576555,16642.018021217595,16391.76,14775.848140039172,15234.478827752246
2025-11-13 04:00:00,13996.960436212068,13184.20715035447,14364.771,13873.84071081675,13857.735003251633
2025-11-13 06:00:00,15185.181585785482,15177.290866620397,15088.449,15202.283932788354,15107.18784738765
2025-11-13 07:00:00,13096.302186944711,12883.6182835554,12295.309,13070.228171344597,12824.963224624456
2025-11-13 09:00:00,13065.877434648262,13256.180449323103,12534.364,13534.351613063414,12678.897491772284
2025-11-13 13:00:00,15760.736503245236,15956.24773169248,15393.826,15046.46414843651,15117.4796515583
2025-11-13 16:00:00,15353.234174273744,15348.287530634565,15382.641,15538.938200452014,14770.037225492895
2025-11-13 18:00:00,16634.600275512308,16299.232284433887,16273.348,16421.32093924155,16640.404978964958
2025-11-14 04:00:00,13698.366870181542,13923.657704059686,13658.096,13434.139449133814,13516.835393652616
2025-11-14 05:00:00,14348.861358055408,14875.541020088087,15054.041,15658.034808270635,16313.946434779313
2025-11-14 07:00:00,12774.3561636582,12883.6182835554,13194.687,14809.689191039162,13915.860367606125
2025-11-14 12:00:00,16744.183957920468,16379.052267613522,15796.162,15858.39479261055,16756.17689622951
2025-11-14 20:00:00,18423.900748073236,18088.513042669067,17654.584,18034.753679485628,18153.917862919083
2025-11-15 01:00:00,16246.346070693698,17326.97885243013,16341.75,15714.152636839,15931.174812548046
2025-11-15 03:00:00,17313.844126934535,17579.907010233863,15931.832,15769.795918910655,15893.42699394163
2025-11-15 08:00:00,13608.22676022822,13807.628616201315,13971.15,14751.94984313129,13617.503074503977
2025-11-15 10:00:00,12678.0,13110.06235388076,12975.525,13432.775341764374,13034.639466730327
2025-11-15 21:00:00,15415.734276716084,15430.56862880509,15494.281,16130.554126776718,16869.9640208381
2025-11-15 22:00:00,16675.955967004295,16431.98596279312,16718.896,16394.049628160337,16600.433059875548
2025-11-15 23:00:00,16081.808254810438,16151.081608260125,16576.266,15514.021890466165,16441.78054013435
2025-11-16 01:00:00,15825.280573714956,15977.996604999948,15208.969,13995.521381878489,15164.224189652752
2025-11-16 04:00:00,15185.21431574793,15313.919450336687,15570.051,15515.124254723616,14589.871539482527
2025-11-16 05:00:00,13262.522176520397,13160.128904744583,13586.973,14471.532998123823,13109.144538612882
2025-11-16 07:00:00,14358.612285705674,14658.975408533968,13689.371,15083.635275727738,14486.89020875525
2025-11-16 08:00:00,13587.861370403954,14139.061806369828,13551.69,13901.148615029148,13580.249650013626
2025-11-16 09:00:00,12242.024235696968,12401.943943104434,12505.865,13146.360534601708,12945.168589761008
2025-11-16 15:00:00,15361.723548336491,15199.380041190067,14272.464,15051.171756631093,13556.447441561464
2025-11-16 21:00:00,15740.91738605854,15657.110958125391,15510.04,15351.9465167892,15591.027401531857
2025-11-17 06:00:00,13535.067445741592,13195.28168920592,13004.917,13912.044850393968,13298.430617082195
2025-11-17 11:00:00,12229.09732738434,12251.607271423165,12689.57,14543.196738773036,11905.455380559513
2025-11-17 14:00:00,16118.823915902523,16766.594300188826,16563.447,16391.32882485035,16405.739755902396
2025-11-17 15:00:00,16151.634347533269,15736.913187374956,16520.643,16179.468050550153,15577.806636975309
2025-11-18 09:00:00,12496.448717059831,12612.4324142952,12740.763,13173.145865726909,12289.904137416226
2025-11-18 14:00:00,14821.468313177844,14265.319679018527,13867.177,14753.781373770356,13923.709942107656
2025-11-19 01:00:00,15616.536073948297,15234.060252853602,15208.973,14208.591463712875,14353.919190642835
2025-11-19 11:00:00,11933.707664136677,11747.872687083061,12655.169,14091.090705140046,13291.103697719991
2025-11-19 12:00:00,16126.042122890858,16584.836902331623,15708.1875,16212.56002790237,16964.66453326468
2025-11-19 16:00:00,16824.48455384981,15915.462717339598,16493.34,16195.906668424213,15681.015610630438
2025-11-19 17:00:00,15507.063803283398,16850.59133038088,15880.922,15888.209300978258,19327.616628395215
2025-11-19 23:00:00,17826.80974275308,17687.274466962186,17743.8,17520.90152662233,17879.272754680096
2025-11-20 02:00:00,16388.020216379628,15977.996604999948,14555.208,13313.262210675348,14956.456578426
2025-11-20 10:00:00,13033.716731650802,13256.180449323103,12928.82,14200.196929038997,12684.106091609061
2025-11-20 12:00:00,15174.312637271503,14790.062493744972,14127.75,14072.401779899086,14555.58330345404
2025-11-20 15:00:00,17168.389925716423,15736.913187374956,15822.959,16226.408634471434,16141.9440667751
2025-11-20 16:00:00,17656.771489890612,17376.76899936719,17154.027,17276.73952484869,16605.51678132786
2025-11-20 19:00:00,16169.528512610706,15895.501361300363,15904.617,15866.72110707087,15356.639088509894
2025-11-21 03:00:00,14741.00555134718,13724.004044990705,15181.684,15678.658770143635,13976.97955101577
2025-11-21 17:00:00,16117.806598384532,16307.59879094978,16081.063,15709.45333725935,15521.66445623747
2025-11-22 02:00:00,18336.262091942932,17758.08490543496,17622.9,16189.028486137344,17457.572958376637
2025-11-22 16:00:00,15039.884073591473,14929.64908109613,15042.949,14818.849910580117,15550.31992105344
2025-11-22 23:00:00,16445.039646139146,16852.89741850642,16694.412,15772.729233692975,15588.452192764422
2025-11-23 00:00:00,17942.318520277364,17325.093087432193,17948.691,16053.574743010608,17041.148327194333
2025-11-23 02:00:00,17160.961797337382,17712.94162634317,16945.615,15681.886533642552,16766.366142046314
2025-11-23 03:00:00,17674.011024856805,17579.907010233863,17133.322,16161.042345852633,17313.14364864285
2025-11-23 11:00:00,12663.905586542623,13412.22866431589,12713.031,14093.944836985369,12397.899744449227
2025-11-23 19:00:00,17471.066952302306,17573.017514203904,17854.453,16811.1415453447,16775.39771930224
2025-11-23 23:00:00,18919.87266222318,18088.513042669067,18398.576,16897.663145238974,18556.46313322142
2025-11-24 03:00:00,16632.104999205825,16446.737030928183,15542.537,15892.087076934316,15630.990647796843
2025-11-24 08:00:00,12254.302112382176,12401.943943104434,12057.553,14246.510218320427,12913.863253076162
2025-11-24 16:00:00,15953.972690538574,14716.71232659287,15324.713,15396.956243788729,14554.553157133405
2025-11-25 02:00:00,17249.56970336399,16911.129078292168,16909.229,16325.249655257114,16840.694204474177
2025-11-25 17:00:00,17561.073684954772,17590.217996006333,17694.412,16446.616965477726,17092.451839179346
2025-11-26 00:00:00,15635.2804854405,15977.996604999948,16328.844,14565.10299584399,14491.167185889302
2025-11-26 01:00:00,16453.204242754968,16642.018021217595,15640.569,14336.959098550042,15485.882686719859
2025-11-26 03:00:00,16695.8839187454,17212.938745445073,16107.807,15775.715563042188,16476.194956176805
2025-11-26 04:00:00,12969.265385072582,13433.955797576538,13633.044,13117.43813974426,12993.525981620372
2025-11-26 09:00:00,13092.472887937243,14266.86369498137,13516.613,14523.090051570409,13771.53012035891
2025-11-26 17:00:00,14843.812762019876,13508.15370213407,15089.949,15277.049726235742,13668.490125465225
2025-11-27 06:00:00,14552.204057127705,14274.421459340987,14158.228,14671.603050489171,14296.234016888277
2025-11-27 08:00:00,12170.0,12401.943943104434,12168.371,13509.591747039078,11912.387698499433
2025-11-27 10:00:00,12788.526218683828,13011.503372571966,12808.071,14063.018956260894,13032.891771732606
2025-11-27 12:00:00,15577.248610004368,16036.000785367227,14305.479,14346.86607391948,14823.879169580183
2025-11-27 16:00:00,14997.17969804304,15109.619051254755,14955.557,14989.101037224103,15079.35347273487
2025-11-27 18:00:00,15966.518916638488,14934.92772269032,16036.285,15888.108334644865,16784.321018850318
2025-11-27 23:00:00,16344.623400215309,15934.167981751363,15965.021,15437.599692593854,15864.467051071399
2025-11-28 02:00:00,17264.128016220107,17564.97714230331,16884.822,16108.221144933355,16588.546405840923
2025-11-28 03:00:00,16764.048216351974,17212.938745445073,16259.279,15760.754757673383,16445.600917837928
2025-11-28 13:00:00,14721.360598161356,14171.27107361813,13683.211,14397.76130829408,14286.387675817645
2025-11-28 15:00:00,16790.387829607596,16231.328868486304,15769.358,15572.012567537522,15100.108266786963
2025-11-28 21:00:00,16727.75670508463,16284.519454207832,16245.971,16309.662944644282,16408.54592146802
2025-11-29 07:00:00,15433.775580905263,14910.516576278655,15274.813,15668.326863850332,14966.872729873785
2025-11-29 09:00:00,14255.698227142091,14139.683948609829,13866.657,15101.549253473435,13855.803192472282
2025-11-29 11:00:00,13349.880675439988,13466.98679549568,13798.719,14936.641159161014,13213.361307977379
2025-11-29 16:00:00,14949.465456298847,14716.71232659287,15107.258,15244.481115388047,14619.378850985338
2025-11-29 20:00:00,14279.690020124805,15692.87235918499,15393.048,16183.328597447078,15329.690050356185
2025-11-30 03:00:00,16763.85223822264,16162.02017735005,16157.196,15468.056128022303,15887.879910490961
2025-11-30 13:00:00,14801.133491517056,15199.380041190067,13876.858,14349.619894173584,14045.562107461887
2025-11-30 15:00:00,15120.212450162911,16337.397733829677,15359.733,15111.462416378508,13876.355688388725
2025-11-30 23:00:00,16524.93395620136,16378.667760077029,16595.21,15571.669385186698,15733.880341836817
2025-12-01 03:00:00,16995.907724818066,16911.75303538041,14662.741,14636.531584243221,14110.49090006492
2025-12-01 18:00:00,17487.787298458454,17225.28659567866,17701.057,16371.692400666232,17017.907716229463
2025-12-02 00:00:00,18626.82836956982,18235.900789579817,19339.607,16230.939402815358,17749.434768220304
2025-12-02 01:00:00,18656.56860970245,18490.221454744576,19059.268,16869.14803823658,18126.585532743196
2025-12-02 12:00:00,16534.627456152317,16766.594300188826,15899.629,16014.992620972424,15754.738543844811
2025-12-02 16:00:00,16194.15181758929,16477.343503315704,15887.367,15251.675665318502,15264.575042497732
2025-12-03 02:00:00,19095.17080174748,18796.183800813782,18842.523,16538.86262364834,18048.705696053366
2025-12-03 03:00:00,17579.90380049213,17416.110889035434,16346.232,15274.892673929213,15535.739561394264
2025-12-03 12:00:00,17572.506981711467,16584.836902331623,16858.895,16377.758148953479,17654.264870800038
2025-12-03 23:00:00,16670.984017179147,17383.074566602023,17341.795,16327.19461788626,16080.211461440631
2025-12-04 02:00:00,18583.079380287298,18235.900789579817,18049.854,16427.874573840196,17414.17804924896
2025-12-04 05:00:00,14458.714445108788,14511.749746895255,14775.776,14625.281284781908,14446.34842027102
2025-12-04 09:00:00,14415.14670049099,15199.53524257251,14541.0625,15052.217062496442,15229.200925463472
2025-12-05 01:00:00,17411.91301665326,17564.97714230331,16854.484,15734.674351500322,16041.516306735215
2025-12-05 04:00:00,14638.689436946512,14826.199490246974,15272.7705,14496.812897137877,14808.736863573618
2025-12-05 06:00:00,14435.987920855128,14155.272987172166,13793.256,14382.294556590863,13785.278539841236
2025-12-05 07:00:00,14377.75828717644,14289.024332847837,15046.0205,15487.847862114391,16806.33989085295
2025-12-05 12:00:00,16123.1452221254,16298.245242865527,15972.102,15926.41126780692,15617.518600376152
2025-12-05 19:00:00,17847.290070579587,17453.682071127183,18119.768,17125.543970212424,19166.64418313059
2025-12-05 21:00:00,17667.112785184676,18101.485292550253,18146.775,17579.96528280764,17694.568235435236
2025-12-05 22:00:00,16430.24541865617,16378.667760077029,16756.127,16060.222188336948,16150.980961679485
2025-12-06 02:00:00,19971.69510786484,20841.449591063716,19809.748,16570.33280042648,19344.49909188741
2025-12-06 09:00:00,14411.411162219974,15199.53524257251,15063.72,15560.807212488859,15692.33809168126
2025-12-06 10:00:00,12838.33299874473,13975.259038781107,13276.865,14362.462700213846,13562.818725677085
2025-12-06 20:00:00,18339.944087553697,18101.485292550253,19255.129,16989.17186717419,18510.08764444733
2025-12-07 01:00:00,18447.434109656067,18237.09072033117,18341.22,15998.340940854261,17440.550156222474
2025-12-07 02:00:00,16824.862627857845,16642.018021217595,15801.295,14310.557522016094,14837.892615146484
2025-12-07 16:00:00,17913.62694472724,17453.682071127183,17595.611,17144.14280168989,18949.50051919833
2025-12-07 18:00:00,18059.78262139206,17453.682071127183,17967.506,17350.095781305037,18564.9536234097
2025-12-08 11:00:00,13284.368251543909,13807.628616201315,14211.328,14541.15620371569,12562.199298758964
2025-12-08 12:00:00,16513.597199208103,17176.693108423315,16366.045,16426.5330784088,16345.57338409514
2025-12-08 13:00:00,17728.55888282935,17687.956431076844,17562.432,16348.621752189418,17058.754795663932
2025-12-08 14:00:00,14607.896718221891,14671.621069026902,14666.717,14416.862417010583,13526.425143885783
2025-12-08 15:00:00,17719.05903516632,16280.352888297242,17298.625,16274.418095672221,16811.04445417649
2025-12-09 09:00:00,15004.690862494315,15589.459814849231,15465.293,15917.73638403935,13725.865303721144
2025-12-09 21:00:00,18374.037830759997,15845.09170674526,18172.828,17334.226588216843,18077.34559827986
2025-12-10 04:00:00,16280.691663740485,15313.919450336687,16976.03,16017.59667954169,17142.228159105453
2025-12-10 11:00:00,14583.595784248366,14552.471771610037,14635.977,15214.414205588522,13697.971861319553
2025-12-10 21:00:00,17905.161909121965,17829.94685392944,18028.75,17584.43815432297,17312.429007041224
2025-12-11 00:00:00,16981.7966500041,16911.75303538041,16308.64,13864.762382705872,14651.054563336396
2025-12-11 03:00:00,18805.135207050003,18796.183800813782,18656.475,17229.07350798298,18793.171230514246
2025-12-11 06:00:00,14472.743872940537,13653.486670722068,14620.228,14940.39324630415,14531.256343813999
2025-12-11 10:00:00,14291.74227473499,13966.647325682046,14807.233,15454.268806274837,14798.942158501604
2025-12-12 00:00:00,17636.40906037064,17326.97885243013,18349.14,15946.416029389444,17555.582881865583
2025-12-12 07:00:00,17485.5305444251,17106.7118856008,17628.725,16269.013972374103,16065.508300603986
2025-12-12 09:00:00,12904.694882873457,13052.299761205883,13178.082,14031.515338783278,14137.80228431901
2025-12-12 10:00:00,14487.997391292654,14557.608531075177,14657.296,15364.748231741094,14647.599241972172
2025-12-12 11:00:00,11786.814276971078,12401.943943104434,12885.465,13475.335850571895,12386.203663354689
2025-12-12 19:00:00,17226.76730963834,17870.654073622598,17477.916,17505.86916939898,17417.476240830296
2025-12-12 23:00:00,17672.644498590635,17687.274466962186,18034.87,16912.65215408815,17105.023311481185
2025-12-13 00:00:00,16968.024212209544,16911.129078292168,17337.547,14943.60333090495,16202.98196638453
2025-12-13 03:00:00,18424.554709597855,18424.91323764464,17463.965,15656.976954504209,16936.017738174563
2025-12-13 05:00:00,14682.446971792542,14875.541020088087,15429.036,14938.11895154472,15142.635340949297
2025-12-13 08:00:00,14647.900136748493,14552.471771610037,14740.301,15392.754879161146,14494.968312481811
2025-12-14 03:00:00,18079.386811139168,17983.570613155574,18103.877,16373.471110601975,17554.710086092236
2025-12-14 13:00:00,16269.636428465856,16298.245242865527,15241.493,15307.630149495179,14958.273967947956
2025-12-14 17:00:00,16215.955826214804,16337.397733829677,16405.436,15958.213472262507,14970.059177979758
2025-12-14 21:00:00,16717.113734985414,17298.935930648593,17375.725,16554.270907328908,15988.8960663953
2025-12-15 02:00:00,19133.814378701823,19931.303707632243,19153.807,16802.46232085519,18364.9638847246
2025-12-15 05:00:00,13964.554349365822,13160.128904744583,13129.909,13963.759110621833,12390.170875646785
2025-12-15 10:00:00,13304.0,13166.244291843783,13429.672,13596.059812473373,12798.664716186893
2025-12-16 00:00:00,17586.067431137235,17279.047909177425,17707.006,16431.283589496838,16704.36420007803
2025-12-16 07:00:00,14485.785855530525,13975.259038781107,13973.076,14287.508258682748,14214.831882900187
2025-12-16 09:00:00,14258.950252632028,13807.628616201315,14684.923,15703.513412793896,12149.24078378344
2025-12-16 21:00:00,16871.440896803473,16862.65126653505,16950.496,16372.460813865713,16918.881818679827
2025-12-17 09:00:00,13226.182726430414,13466.98679549568,13424.645,13302.826179307136,12628.928789950836
2025-12-17 10:00:00,13221.185169329276,13975.259038781107,13610.375,13715.27494524363,13486.703371253168
2025-12-17 12:00:00,16014.2392157715,15404.430883528963,14791.939,14937.811476025137,14219.969701897182
2025-12-17 15:00:00,17430.57785306981,17687.956431076844,17649.754,16664.537150697965,16670.791149371344
2025-12-17 17:00:00,16677.45359938243,16760.240275487304,17070.885,16776.18537721177,16463.24214541658
2025-12-18 03:00:00,16957.41026747055,16642.018021217595,16798.691,15718.077402432762,15810.167931459853
2025-12-18 17:00:00,17150.234879737396,17002.503377072833,17578.31,16614.189420142517,17721.38062400722
2025-12-18 20:00:00,18138.455975199468,18088.513042669067,18471.193,17261.526589698886,18592.47643812235
2025-12-18 23:00:00,19412.83007831998,20370.25067666249,20302.207,17118.28200042898,19283.160258031778
2025-12-19 04:00:00,15166.525722374012,15026.881257142895,16184.185,15798.065665845754,17201.60765751348
2025-12-19 05:00:00,14046.652115527982,14407.373011262238,14367.375,13929.84998547837,14396.951931832267
2025-12-19 12:00:00,14710.154665904973,15380.572207785543,13567.94,14632.741610338202,13485.334691051181
2025-12-19 22:00:00,16171.251697193236,15734.985903103321,16359.264,15954.182390955999,15480.91270748364
2025-12-20 00:00:00,17717.253462074576,18063.046316309035,17616.883,15489.17203491928,16444.186403110867
2025-12-20 01:00:00,17071.268384116007,17648.68402125031,16700.398,14309.148864657218,15194.286502326911
2025-12-20 04:00:00,15782.812272692308,15313.919450336687,15683.092,15694.800047702709,13861.43927195255
2025-12-20 06:00:00,15068.93942697297,14635.247271216853,16068.306,15621.634913146227,14858.3863519641
2025-12-20 07:00:00,16230.636459998164,15673.704099094999,16215.928,16192.492903821721,16072.705379111629
2025-12-20 08:00:00,14077.04488152876,13966.647325682046,14483.698,14838.77468084895,14428.611495829338
2025-12-20 16:00:00,18578.21896393278,18639.13533016079,17562.656,16546.989168008753,19928.191798891083
2025-12-20 19:00:00,16982.098099002567,17573.017514203904,17736.03,16871.106811820115,16850.49832888125
2025-12-20 22:00:00,18828.966887538107,18662.11202662397,19823.025,16814.744892660332,18834.90597033362
2025-12-20 23:00:00,18042.844286534815,18088.513042669067,19054.863,17225.96783419171,17695.172416286026
2025-12-21 01:00:00,19086.655182643837,18796.183800813782,19610.635,16787.683668039677,18690.336780452308
2025-12-21 02:00:00,18301.80516836008,18490.221454744576,18501.9,16466.74367132183,17812.55986068729
2025-12-21 03:00:00,18795.056889284308,18796.183800813782,18511.295,16811.507191284145,17950.774735782703
2025-12-21 23:00:00,17433.937858762867,17455.62173492285,17976.256,16989.858614648587,17169.05151674069
2025-12-22 01:00:00,19048.168229424675,18796.183800813782,19106.355,16981.58295016899,18505.469720832203
2025-12-22 05:00:00,15031.910340188924,15178.843796349189,15696.485,15336.069510377398,15899.926505272662
2025-12-22 11:00:00,14456.564832041877,14557.608531075177,14823.577,15028.23671675324,14326.377454623635
2025-12-22 13:00:00,16488.02883999676,15494.540354747958,15869.898,15883.450366062472,15538.780680473134
2025-12-22 14:00:00,14614.421261187676,14816.990993057723,14656.874,14467.30430073518,13548.040453414911
2025-12-22 20:00:00,16404.407578715432,16493.77966121861,16308.576,16194.241277706418,15368.063611746351
2025-12-23 07:00:00,14677.977993335642,13436.092859092425,14400.737,15352.647079307419,14802.075504554365
2025-12-23 08:00:00,16739.021968021374,17612.9149509755,17534.88,15835.458047731005,16948.446348542813
2025-12-23 15:00:00,17533.42337198739,17453.682071127183,17655.143,17069.870261049902,17738.8156997148
2025-12-23 23:00:00,17663.26928338775,17738.42088608931,18238.154,17535.28884223521,17454.66036865572
2025-12-24 04:00:00,13548.099872484636,13502.66285294082,15141.26,14508.785896705509,14979.497011506879
2025-12-24 06:00:00,14750.04170359985,14635.247271216853,15106.274,15259.018301691025,14006.530870073611
2025-12-24 14:00:00,16264.228318889282,16379.052267613522,16532.578,16158.441447032506,16004.32874882396
2025-12-24 16:00:00,16810.960332370018,16663.33209042137,16836.357,16437.881672556676,16673.7471855942
2025-12-24 21:00:00,18013.994605209595,18088.513042669067,18189.12,17960.391027694604,17733.725727893645
2025-12-25 01:00:00,18214.9931897852,17325.093087432193,16843.12,15811.611567034235,16223.496542016295
2025-12-25 06:00:00,14155.135798076788,13433.955797576538,13284.935,15610.069323504385,12835.900742356147
2025-12-25 07:00:00,14747.869020082151,14274.421459340987,14534.174,15780.255271636775,14676.292782756933
2025-12-25 15:00:00,16809.795639539898,16584.836902331623,17408.943,15882.162440313024,18791.156358011696
2025-12-25 21:00:00,18350.94119668584,17756.88732480225,18720.56,15963.146449547741,18387.34713925042
2025-12-25 22:00:00,17071.73615634728,16852.89741850642,17250.67,15877.362001946549,16872.885300422957
2025-12-26 12:00:00,16489.603581368585,16379.052267613522,15697.709,15684.038572603698,16769.12320904568
2025-12-26 15:00:00,15489.97435134805,15937.616747724944,16727.748,15755.71406035636,17355.455296449232
2025-12-26 19:00:00,16542.8601954223,15674.489669282788,16251.165,15881.272744869162,15691.772283717457
2025-12-26 21:00:00,16733.29316100477,16648.30330330133,16923.785,15895.22200888185,15586.284413425863
2025-12-27 04:00:00,14314.146793830752,14658.975408533968,15142.748,14268.967282068586,14549.62078236964
2025-12-27 06:00:00,14024.33550116275,14610.862550451711,13812.028,13527.174104338,13548.991256906635
2025-12-27 07:00:00,15705.205321496844,15313.919450336687,15424.508,15744.086034869606,14777.958038957331
2025-12-27 09:00:00,12977.86495939288,14088.343423314047,12910.793,14459.401239585777,12192.927530710516
2025-12-27 18:00:00,17591.110681459173,18263.740087621536,17867.275,16678.04724310117,18269.645889076113
2025-12-27 22:00:00,17340.946514882467,17383.074566602023,16768.002,15793.398793678434,14387.626575156622
2025-12-28 01:00:00,16787.329612113215,16911.75303538041,15813.278,14263.07023009867,15280.40595883255
2025-12-28 07:00:00,14975.054060900262,15178.843796349189,15103.736,15261.76866845609,15436.11556420158
2025-12-28 08:00:00,14024.241469449227,13807.628616201315,13783.289,15281.208965229369,12177.60811384771
2025-12-28 10:00:00,14382.905815161315,15199.53524257251,15155.566,15572.266033144739,15335.97748401886
2025-12-28 16:00:00,17228.539549347937,16470.926891735842,17072.463,16069.701078859362,16295.670702715419
2025-12-28 18:00:00,17119.5900008174,17590.217996006333,17766.678,16343.459197175465,17076.631741089586
2025-12-28 22:00:00,17229.090864402908,17298.935930648593,17941.78,16556.787551187612,16880.30514047674
2025-12-29 04:00:00,14670.021577559524,14826.199490246974,15252.631,14930.72587835988,14741.140904793005
2025-12-29 05:00:00,15739.50758089276,15313.919450336687,16105.58,15831.762207143065,14903.191418644092
2025-12-29 06:00:00,15339.577120767011,15364.167713963885,15424.209,15547.562287612047,15198.64670859605
2025-12-29 08:00:00,13432.282748702064,13466.98679549568,13267.037,13851.415993195746,12919.303402607748
2025-12-29 10:00:00,14247.182180142843,15199.53524257251,14579.846,15507.246363966055,14808.912389736593
2025-12-29 14:00:00,17360.533077096006,17453.682071127183,17641.898,17096.154969934592,17694.42082653588
2025-12-29 18:00:00,16181.589853294196,16337.397733829677,16256.224,16174.28072620921,14979.615107578518
2025-12-29 20:00:00,20081.3594778034,19926.404331230464,19872.385,16589.57084922399,18916.706783924565
2025-12-29 21:00:00,16436.680771549913,16493.77966121861,16800.338,16110.788446798055,15828.698544406945
2025-12-30 03:00:00,17540.009209867374,17564.97714230331,17331.531,16508.437630277407,16990.66665045007
2025-12-30 09:00:00,12745.91637782733,12674.810391764058,12529.286,14280.240879659017,12265.09942134997
2025-12-30 10:00:00,13720.852299306724,13966.647325682046,13892.334,14499.160245646744,13972.201508506218
2025-12-30 13:00:00,15791.989444536806,15403.193058158899,15326.137,15414.399995584896,15075.26182059403
2025-12-30 15:00:00,16432.0,17704.264225952385,16928.906,16183.063676997193,15423.271971093369
2025-12-30 16:00:00,18161.179318067618,17453.682071127183,18476.295,16965.737384562904,17590.48610071601
2025-12-30 17:00:00,15305.284485331347,14716.71232659287,15649.115,15225.68390143876,14473.471611499417
2025-12-31 00:00:00,17599.119080122346,17443.931530462803,16498.033,14783.891342698593,14993.619457482328
2025-12-31 08:00:00,12916.477366062078,13673.0,12704.133,14510.93809939799,13319.402419869606
2025-12-31 14:00:00,17962.552377706048,14857.624240702526,15832.617,15706.806993319668,14875.475113648487
2025-12-31 18:00:00,17270.39511847019,17453.682071127183,18061.67,17057.705275252698,18828.565977774586
2025-12-31 23:00:00,17705.174141130454,18218.55942291746,18075.771,16821.557504417717,16043.512347159272
2026-01-01 00:00:00,18752.95446778466,18692.461479630518,18806.521,15942.47791916574,17290.736584910643
