month,day,hour,y_true,y_pred,error
8,8,18,20158,19748.607,409.392578125
6,12,21,16140,15812.64,327.3603515625
6,10,7,14602,13888.625,713.375
6,22,1,11736,12229.45,493.4501953125
10,3,23,13102,13328.094,226.09375
4,13,19,15210,15776.1875,566.1875
4,1,23,14206,15129.154,923.154296875
1,6,5,16647,16319.652,327.34765625
7,7,3,14824,15222.512,398.51171875
5,21,17,16340,16693.623,353.623046875
1,5,6,14371,14813.209,442.208984375
3,14,20,17258,17539.992,281.9921875
4,2,12,14178,14805.199,627.19921875
1,8,11,17360,16993.8,366.19921875
10,31,19,15262,15372.184,110.18359375
3,3,0,16676,15568.885,1107.115234375
12,7,3,14795,14916.076,121.076171875
3,7,11,16927,17023.436,96.435546875
7,7,2,15245,15132.92,112.080078125
2,1,9,19216,18771.775,444.224609375
6,8,2,14746,14850.621,104.62109375
4,28,22,15232,14389.41,842.58984375
10,26,18,14937,14681.473,255.52734375
2,1,18,18666,19083.646,417.646484375
7,3,4,13360,13508.846,148.845703125
8,7,7,16794,16599.549,194.451171875
6,8,7,14559,14152.25,406.75
11,9,20,17381,17931.584,550.583984375
1,18,8,17893,18515.842,622.841796875
10,2,1,11614,12455.266,841.265625
3,20,12,15295,15830.768,535.767578125
4,13,15,12255,12389.193,134.193359375
10,22,4,11884,11958.782,74.7822265625
8,26,6,13057,13047.612,9.3876953125
1,28,2,14438,14001.207,436.79296875
6,24,0,13785,14583.184,798.18359375
8,1,17,19723,19459.568,263.431640625
7,10,11,22831,22655.143,175.857421875
5,7,0,12235,12210.875,24.125
12,26,10,14414,14206.711,207.2890625
6,20,9,18730,18049.123,680.876953125
7,7,16,18726,19250.205,524.205078125
12,13,3,13797,13505.291,291.708984375
10,13,18,14562,15453.871,891.87109375
10,26,8,14729,13946.8545,782.1455078125
2,21,5,14335,14131.916,203.083984375
4,7,19,15004,14439.117,564.8828125
4,15,14,13245,12730.964,514.0361328125
4,27,16,14223,14425.911,202.9111328125
2,8,1,15632,15651.112,19.1123046875
5,3,7,15506,14662.039,843.9609375
2,27,2,13651,14382.753,731.7529296875
4,14,8,13331,12978.734,352.265625
10,29,23,12737,13122.768,385.767578125
6,1,10,13490,12974.416,515.583984375
6,7,1,11438,11175.803,262.197265625
10,24,20,16719,16793.05,74.05078125
1,14,11,18210,17376.309,833.69140625
5,14,3,10953,10736.69,216.3095703125
11,19,22,16285,15643.416,641.583984375
11,29,6,14623,14287.131,335.869140625
11,19,12,15942,16199.943,257.943359375
10,26,12,16082,15681.63,400.3701171875
11,1,21,16951,16660.057,290.943359375
10,18,20,16628,17166.646,538.646484375
4,6,14,12584,13340.426,756.42578125
10,24,1,12323,12602.965,279.96484375
2,18,5,14752,14215.83,536.169921875
8,17,12,20700,20219.365,480.634765625
7,10,10,22072,21784.012,287.98828125
7,30,18,18499,18526.617,27.6171875
11,3,17,16293,16252.512,40.48828125
3,3,6,13330,12794.363,535.63671875
7,12,15,19420,18922.824,497.17578125
12,26,11,14637,14739.111,102.111328125
11,8,0,12067,11846.09,220.91015625
9,6,16,17635,18045.854,410.853515625
9,19,0,11995,12134.807,139.806640625
8,3,6,14704,14718.533,14.533203125
1,30,9,15908,15341.794,566.2060546875
12,15,4,13994,13963.881,30.119140625
7,19,10,17945,18137.348,192.34765625
7,10,8,13303,12801.446,501.5537109375
12,5,14,17244,17115.092,128.908203125
3,21,15,16164,15794.924,369.076171875
12,19,21,18043,18121.822,78.822265625
1,15,13,18363,17815.87,547.130859375
12,12,12,15620,15373.242,246.7578125
1,22,0,15238,14599.05,638.9501953125
11,18,14,15822,16315.209,493.208984375
8,14,1,14643,14326.0625,316.9375
7,17,18,19655,19489.271,165.728515625
4,25,11,15398,15105.338,292.662109375
4,17,12,14009,13909.873,99.126953125
2,1,8,18015,17806.295,208.705078125
9,25,16,16441,16973.133,532.1328125
10,3,9,13543,13553.989,10.9892578125
3,14,3,14600,14284.488,315.51171875
12,18,7,16397,15908.414,488.5859375
5,22,21,15740,14749.385,990.615234375
10,29,18,15867,15442.092,424.908203125
9,22,15,19132,19945.283,813.283203125
7,19,19,22321,23648.855,1327.85546875
10,19,20,15808,16420.793,612.79296875
8,28,8,13049,13279.69,230.6904296875
8,3,18,21185,20623.209,561.791015625
6,16,23,15143,15693.3955,550.3955078125
4,18,4,12576,12581.9795,5.9794921875
9,8,8,13018,12722.727,295.2734375
2,21,15,16959,16932.125,26.875
11,17,3,12293,12476.088,183.087890625
12,29,10,16242,17030.402,788.40234375
11,22,23,17412,16992.234,419.765625
10,27,18,16252,16756.727,504.7265625
11,18,16,17611,17808.13,197.130859375
10,30,3,11857,12110.055,253.0546875
1,7,16,20575,20455.045,119.955078125
7,6,22,18422,18385.63,36.369140625
12,20,15,17034,17142.947,108.947265625
8,8,12,17652,17968.47,316.470703125
3,1,5,14144,13932.676,211.32421875
6,21,12,18211,18618.016,407.015625
12,5,4,14529,14224.789,304.2109375
8,1,21,18988,19024.5,36.5
7,14,17,19628,19486.627,141.373046875
10,12,18,14700,15680.451,980.451171875
11,26,23,14545,14717.994,172.994140625
6,10,20,14965,15154.261,189.2607421875
11,8,7,15825,15612.225,212.775390625
10,28,19,16400,17095.143,695.142578125
2,2,5,16112,16129.104,17.103515625
6,24,15,19170,18522.78,647.220703125
8,26,0,14386,14729.26,343.259765625
3,18,19,16971,16258.659,712.3408203125
6,5,23,14038,14140.367,102.3671875
10,7,19,14265,15589.506,1324.505859375
9,1,10,16549,16547.29,1.7109375
4,5,10,16040,16264.735,224.7353515625
1,17,5,14647,14448.76,198.240234375
7,19,14,18563,18125.543,437.45703125
2,13,6,15962,16254.425,292.4248046875
6,27,2,11653,11625.422,27.578125
12,2,17,16401,16140.469,260.53125
7,3,7,11555,12533.901,978.9013671875
7,7,13,18748,18060.885,687.115234375
3,7,21,17649,17249.977,399.0234375
7,7,20,18884,19465.4,581.400390625
6,17,2,12375,12692.947,317.947265625
1,6,16,19134,18945.123,188.876953125
11,20,8,16241,16437.291,196.291015625
2,15,19,18222,18273.031,51.03125
6,28,19,20659,20688.963,29.962890625
7,29,5,14606,14368.781,237.21875
5,19,0,11762,11879.74,117.740234375
9,17,12,14586,14446.769,139.2314453125
9,4,6,14280,14241.863,38.13671875
5,13,1,12458,12944.096,486.095703125
8,12,11,15617,15844.2705,227.2705078125
12,10,16,17226,16503.686,722.314453125
8,5,5,12697,12657.115,39.884765625
2,26,16,18800,18036.104,763.896484375
3,31,8,14020,13771.248,248.751953125
10,9,10,12816,13256.109,440.109375
3,27,3,13710,13527.085,182.9150390625
10,28,21,15858,15073.182,784.818359375
12,3,11,16485,15781.495,703.5048828125
8,23,21,16704,16721.209,17.208984375
4,4,0,13755,13614.139,140.861328125
3,5,4,14014,13562.198,451.8017578125
8,21,21,19526,19082.326,443.673828125
12,27,7,14948,15647.732,699.732421875
10,2,17,16318,16018.669,299.3310546875
7,1,11,17616,17450.107,165.892578125
8,12,2,13042,12903.146,138.853515625
2,28,2,16034,15794.107,239.892578125
9,25,15,13495,13775.332,280.33203125
7,23,4,14057,14092.8125,35.8125
4,11,21,13452,13775.299,323.298828125
7,4,9,13389,13444.039,55.0390625
11,14,9,17009,15915.207,1093.79296875
8,4,14,17971,18149.611,178.611328125
7,17,6,11263,11472.27,209.26953125
10,12,9,15271,15731.596,460.595703125
10,6,5,11576,11541.395,34.60546875
10,21,21,13683,13628.288,54.7119140625
4,29,17,12852,12984.8125,132.8125
10,18,14,15424,14919.439,504.560546875
4,9,13,12817,13212.355,395.35546875
10,3,22,14135,14460.775,325.775390625
6,1,19,17761,17263.066,497.93359375
8,2,13,18010,18868.422,858.421875
10,30,21,15807,15914.17,107.169921875
12,17,9,16159,15983.594,175.40625
5,7,21,15333,15427.71,94.7099609375
5,30,12,14582,15389.143,807.142578125
2,23,1,14740,14633.455,106.544921875
12,12,3,14548,14515.646,32.353515625
12,10,23,16645,16916.324,271.32421875
3,27,17,16277,16331.098,54.09765625
10,21,4,12214,12292.184,78.18359375
4,30,10,14400,14318.84,81.16015625
11,30,7,15314,14258.012,1055.98828125
4,27,11,15570,15592.098,22.09765625
3,12,8,17751,16973.549,777.451171875
3,9,6,14213,14385.057,172.056640625
7,19,6,13453,13487.867,34.8671875
10,10,21,15914,15437.895,476.10546875
8,15,23,16455,16221.835,233.1650390625
5,11,7,14031,14427.594,396.59375
2,14,3,14103,13816.24,286.759765625
12,29,6,13548,14128.662,580.662109375
10,19,17,16998,17012.088,14.087890625
3,9,7,15379,15182.107,196.892578125
1,5,15,17558,17730.041,172.041015625
1,5,22,19754,20361.49,607.490234375
11,8,14,17463,16822.596,640.404296875
12,27,7,12821,14788.132,1967.1318359375
4,2,7,15080,14101.368,978.6318359375
11,17,9,14596,14329.392,266.6083984375
5,29,12,15714,16194.05,480.0498046875
9,7,12,14368,14537.781,169.78125
9,3,21,18901,18469.814,431.185546875
3,17,11,14926,15086.773,160.7734375
9,18,12,18007,18268.004,261.00390625
9,28,15,15726,16165.39,439.3896484375
7,18,21,18751,19515.662,764.662109375
4,20,7,16248,15619.807,628.193359375
10,27,13,15163,14599.318,563.681640625
1,19,18,19621,18491.936,1129.064453125
8,14,16,21132,21436.588,304.587890625
2,10,22,17772,17142.174,629.826171875
1,13,18,19393,18949.219,443.78125
8,22,21,15993,16017.742,24.7421875
11,19,10,14732,14922.33,190.330078125
12,30,9,16658,16441.582,216.41796875
8,15,9,15995,15932.457,62.54296875
2,6,1,14529,13791.064,737.935546875
12,9,4,12731,12594.234,136.765625
8,8,5,12114,12533.589,419.5888671875
12,11,22,18962,17864.94,1097.060546875
4,27,19,13665,15087.994,1422.994140625
2,3,11,16635,16257.594,377.40625
8,24,3,14471,14259.2,211.7998046875
2,24,1,14307,14347.428,40.427734375
12,24,6,12701,13602.754,901.75390625
1,9,9,15263,15303.868,40.8681640625
9,22,17,19320,20345.938,1025.9375
4,21,20,16650,17010.104,360.103515625
7,20,8,15526,14730.785,795.21484375
2,24,14,15006,15555.008,549.0078125
3,8,18,17269,17525.75,256.75
8,16,13,20287,19587.86,699.140625
7,7,19,19080,19391.285,311.28515625
12,21,3,13505,13338.004,166.99609375
9,4,19,19362,19555.658,193.658203125
7,14,18,19052,19073.326,21.326171875
11,27,22,17190,16587.44,602.560546875
4,8,22,13399,13373.534,25.4658203125
12,22,6,14964,14106.77,857.23046875
5,8,21,14076,14552.451,476.451171875
6,14,8,15172,15872.452,700.4521484375
12,14,9,18205,18096.826,108.173828125
6,2,19,16318,17204.166,886.166015625
7,11,17,18563,18092.27,470.73046875
12,1,16,17630,17851.49,221.490234375
5,9,23,13671,13555.263,115.7373046875
3,31,0,14550,14590.674,40.673828125
10,16,10,13662,13908.391,246.390625
2,13,22,18994,18442.135,551.865234375
2,7,18,19412,18957.24,454.759765625
6,15,5,12309,12346.0,37.0
7,16,12,16654,16909.707,255.70703125
12,20,11,14891,15101.009,210.0087890625
12,25,19,15527,15696.79,169.7900390625
5,22,14,16125,16760.912,635.912109375
4,9,9,14874,15018.736,144.736328125
10,21,9,13371,13107.08,263.919921875
11,16,9,17510,17676.74,166.740234375
7,3,17,19745,20162.805,417.8046875
2,19,11,17634,16564.654,1069.345703125
3,23,20,17240,17627.379,387.37890625
9,4,18,15194,15880.141,686.140625
2,28,19,17060,17086.451,26.451171875
10,29,11,17314,16577.533,736.466796875
9,26,16,17878,17876.025,1.974609375
12,1,18,18832,18582.406,249.59375
7,11,0,15105,14664.299,440.701171875
9,27,23,13432,14476.164,1044.1640625
2,5,15,16552,15928.778,623.2216796875
3,18,21,16339,16089.354,249.646484375
5,6,15,12035,13192.696,1157.6962890625
12,6,14,16097,15970.515,126.4853515625
11,16,2,12646,12779.449,133.44921875
6,2,22,17384,16708.674,675.326171875
12,20,20,19116,19174.373,58.373046875
3,29,8,16487,16162.156,324.84375
4,6,22,15200,14983.101,216.8994140625
3,27,20,15254,16104.555,850.5546875
4,20,19,16320,16762.652,442.65234375
8,3,17,16953,17098.088,145.087890625
3,20,10,17012,16985.37,26.630859375
10,2,8,15514,15270.169,243.8310546875
5,31,2,11210,11617.795,407.794921875
5,26,6,13052,13997.551,945.55078125
10,4,19,16071,16138.641,67.640625
1,14,5,15253,14868.42,384.580078125
3,11,19,18132,18477.697,345.697265625
1,3,14,17483,17350.764,132.236328125
2,25,19,19878,20175.371,297.37109375
9,6,23,14982,14814.163,167.8369140625
9,27,23,13482,13937.545,455.544921875
6,3,7,15148,14409.789,738.2109375
10,6,16,15746,15071.057,674.943359375
11,17,10,14814,14674.678,139.322265625
9,30,6,13010,12913.628,96.3720703125
9,21,18,15517,15458.599,58.4013671875
11,17,1,13393,12715.551,677.44921875
9,18,5,12290,12789.307,499.306640625
4,13,8,16257,15745.692,511.3076171875
2,12,23,19179,18816.658,362.341796875
9,3,15,19369,19630.732,261.732421875
1,2,21,18737,19493.82,756.8203125
3,2,7,14518,13974.066,543.93359375
8,2,10,14896,14787.535,108.46484375
4,30,8,14381,14124.787,256.212890625
5,18,21,15543,15441.074,101.92578125
6,16,22,15464,14899.125,564.875
6,29,18,20500,20329.959,170.041015625
11,22,22,17546,16959.99,586.009765625
8,31,19,19402,19643.496,241.49609375
6,23,12,17716,18642.033,926.033203125
8,3,9,14006,14021.365,15.365234375
3,4,8,17942,17191.13,750.869140625
4,7,20,15074,14738.551,335.44921875
11,19,16,15662,15279.83,382.169921875
2,12,4,15357,14750.334,606.666015625
2,1,1,16126,16303.686,177.685546875
3,5,10,15958,15988.054,30.0537109375
12,2,20,17441,17695.143,254.142578125
8,25,8,16597,16885.676,288.67578125
11,10,12,15117,14163.4,953.599609375
12,28,22,17069,17472.525,403.525390625
11,20,2,14015,14158.775,143.775390625
6,12,21,18430,17429.387,1000.61328125
2,29,17,18431,17415.35,1015.650390625
12,8,14,16589,16528.912,60.087890625
6,3,13,15835,16543.54,708.5390625
3,24,17,16145,16024.077,120.9228515625
1,9,7,16075,16251.538,176.5380859375
11,2,9,16154,16036.582,117.41796875
2,5,7,17997,17329.072,667.927734375
4,18,19,17086,17654.168,568.16796875
4,29,16,14824,14872.947,48.947265625
3,8,12,16711,16923.955,212.955078125
6,30,23,14919,15296.889,377.888671875
10,24,14,14982,15243.252,261.251953125
1,8,2,14114,14302.504,188.50390625
1,21,9,20171,19952.623,218.376953125
3,5,14,18140,18309.17,169.169921875
4,24,18,13741,13974.451,233.451171875
2,27,20,17049,17870.557,821.556640625
4,16,11,12435,12550.216,115.2158203125
10,28,22,15530,15334.35,195.650390625
3,23,9,17226,16765.998,460.001953125
8,12,16,19211,19056.787,154.212890625
1,27,16,17485,17805.182,320.181640625
1,20,8,17481,17570.998,89.998046875
9,25,2,12063,12696.254,633.25390625
8,27,21,20465,20490.83,25.830078125
12,10,23,17256,16890.307,365.693359375
10,28,15,13682,14510.424,828.423828125
5,3,20,15802,16001.5625,199.5625
6,14,7,15693,14962.568,730.431640625
3,21,10,15647,16216.1455,569.1455078125
11,27,16,17100,16013.963,1086.037109375
3,19,8,14894,14320.682,573.318359375
6,6,11,15625,15781.434,156.43359375
11,27,18,17557,17183.404,373.595703125
10,4,12,14754,14272.705,481.294921875
12,9,9,17031,17102.01,71.009765625
1,28,4,15836,14319.464,1516.5361328125
12,3,4,12491,12781.867,290.8671875
10,11,22,13692,14225.245,533.2451171875
2,28,4,13160,13499.353,339.3525390625
2,14,9,19651,18818.098,832.90234375
3,18,7,15389,13977.064,1411.935546875
9,23,20,19224,19942.814,718.814453125
10,3,18,16799,17229.754,430.75390625
8,1,5,12532,13165.392,633.3916015625
8,27,13,19288,18998.793,289.20703125
2,26,9,16416,15853.379,562.62109375
9,22,22,16429,16918.54,489.5390625
12,8,2,13760,13662.659,97.3408203125
11,30,23,15472,14942.64,529.3603515625
3,13,7,12507,11628.465,878.53515625
9,19,18,18307,18245.61,61.390625
3,9,22,16850,15950.876,899.1240234375
2,12,17,15610,15394.2295,215.7705078125
10,8,19,14811,15472.861,661.861328125
11,10,12,14480,15255.17,775.169921875
3,23,23,15568,15536.254,31.74609375
3,20,0,14183,13849.568,333.431640625
3,27,2,12485,12711.164,226.1640625
10,16,8,15170,14929.342,240.658203125
3,13,15,16044,16374.928,330.927734375
4,12,21,14905,15050.916,145.916015625
4,24,12,13838,13628.914,209.0859375
8,30,6,11424,11082.998,341.001953125
6,28,15,17399,17699.771,300.771484375
4,16,1,12037,12327.008,290.0078125
9,22,17,16979,17253.457,274.45703125
8,23,18,16397,16557.162,160.162109375
5,28,9,14726,14889.083,163.0830078125
2,14,17,17597,18150.127,553.126953125
11,28,13,17704,17052.025,651.974609375
8,21,14,16696,16653.738,42.26171875
9,7,13,13979,14200.566,221.56640625
1,14,9,17879,17556.828,322.171875
5,12,14,14822,15098.803,276.802734375
6,16,5,12372,12704.77,332.76953125
4,14,20,16205,16375.299,170.298828125
3,30,20,17800,17202.799,597.201171875
4,7,19,17999,17118.732,880.267578125
4,5,5,14005,13639.447,365.552734375
10,23,21,14258,14234.159,23.8408203125
5,21,5,10903,10392.841,510.1591796875
12,31,8,13990,13767.757,222.2431640625
11,7,18,18695,18186.617,508.3828125
7,31,1,12807,13320.92,513.919921875
5,26,4,12584,12117.782,466.2177734375
8,23,16,18108,18077.846,30.154296875
6,16,23,13977,14260.893,283.892578125
12,1,17,18698,18347.701,350.298828125
3,8,19,18620,18283.186,336.814453125
5,24,18,17184,18492.016,1308.015625
12,7,8,17315,17614.627,299.626953125
3,12,23,15739,15715.367,23.6328125
9,28,2,11432,11930.974,498.9736328125
10,24,7,13575,13422.419,152.5810546875
9,24,8,15527,15132.995,394.0048828125
8,18,11,19251,19162.81,88.189453125
6,18,13,17036,17166.566,130.56640625
1,28,5,12566,12754.73,188.73046875
3,4,16,16359,16420.781,61.78125
7,29,23,18732,18164.48,567.51953125
6,30,6,13353,13371.345,18.3447265625
2,8,23,17415,17464.406,49.40625
7,6,7,15035,13875.822,1159.177734375
6,5,1,12267,12593.775,326.775390625
8,29,21,17791,17155.324,635.67578125
2,26,7,15291,15065.7705,225.2294921875
9,14,4,11684,11496.522,187.4775390625
11,6,13,12998,12990.025,7.974609375
7,21,23,16506,16382.037,123.962890625
3,3,0,16479,15805.828,673.171875
6,26,13,16535,16240.392,294.6083984375
4,28,0,13787,13639.321,147.6787109375
4,26,7,14833,14873.967,40.966796875
11,27,10,16862,16827.135,34.865234375
7,31,21,16671,17058.646,387.646484375
1,17,12,18242,18431.998,189.998046875
2,4,9,19021,18299.807,721.193359375
3,14,0,13851,12728.629,1122.37109375
10,29,12,16069,15822.289,246.7109375
7,6,8,17167,16513.902,653.09765625
1,12,16,18552,18508.078,43.921875
4,6,22,15562,15470.365,91.634765625
2,22,16,18849,18242.275,606.724609375
9,16,17,19946,20339.951,393.951171875
6,2,7,12610,11947.723,662.27734375
12,25,3,12681,12640.588,40.412109375
8,16,9,14830,15308.265,478.2646484375
12,3,4,14426,13934.063,491.9365234375
7,22,4,13636,13638.101,2.1005859375
3,17,10,16019,16709.156,690.15625
12,25,1,13882,13449.826,432.173828125
2,5,9,18088,17101.908,986.091796875
3,31,3,11733,11938.316,205.31640625
3,21,3,13228,13162.752,65.248046875
11,8,22,16034,15290.57,743.4296875
2,5,2,14971,14124.757,846.2431640625
2,4,16,17023,16750.17,272.830078125
2,21,6,12991,12683.607,307.392578125
6,1,20,15892,16781.14,889.140625
3,15,6,16624,15671.351,952.6494140625
4,26,0,11051,11780.6455,729.6455078125
5,20,15,13997,13725.787,271.212890625
11,11,3,12190,11949.402,240.59765625
3,8,13,15423,15330.814,92.185546875
7,10,20,20022,21220.209,1198.208984375
9,6,23,18043,18038.803,4.197265625
3,18,11,15704,15130.524,573.4755859375
3,13,18,16976,17426.951,450.951171875
7,29,5,15187,15569.967,382.966796875
1,9,22,17483,17604.764,121.763671875
5,1,9,12485,12651.916,166.916015625
5,28,11,17365,17412.559,47.55859375
1,30,23,17000,16593.6,406.400390625
1,13,17,18365,18818.002,453.001953125
11,10,13,15811,15842.877,31.876953125
5,31,22,16111,16383.826,272.826171875
4,25,18,14243,14035.843,207.1572265625
4,1,6,15899,14988.469,910.53125
1,16,5,15180,14237.103,942.8974609375
6,21,2,12305,12369.043,64.04296875
3,15,11,17321,17468.791,147.791015625
3,11,5,14701,13865.3125,835.6875
11,9,10,14864,15627.26,763.259765625
8,10,10,20609,19656.14,952.859375
8,19,7,16116,14900.328,1215.671875
6,28,19,19206,19593.713,387.712890625
11,24,10,16830,16605.068,224.931640625
3,21,11,15287,16224.883,937.8828125
4,2,22,15187,15140.062,46.9384765625
11,15,23,13538,13773.477,235.4765625
2,3,5,15056,14681.353,374.6474609375
10,22,21,14999,15397.995,398.9951171875
9,23,7,12953,12784.537,168.462890625
11,1,22,14886,15182.157,296.1572265625
1,16,16,17340,17446.38,106.380859375
10,1,13,14406,14601.832,195.83203125
8,24,17,19074,19498.762,424.76171875
10,27,18,17247,16433.379,813.62109375
8,25,21,19169,18350.943,818.056640625
9,2,4,12862,12144.778,717.2216796875
4,4,14,15718,15493.881,224.119140625
11,25,4,13408,12741.107,666.892578125
7,28,7,17104,16517.03,586.970703125
7,20,20,20545,21629.49,1084.490234375
1,16,9,19027,18326.959,700.041015625
4,21,23,13385,13544.369,159.369140625
1,1,19,16208,16043.891,164.109375
2,6,14,16829,16340.127,488.873046875
6,18,21,16372,15817.294,554.7060546875
5,13,23,12812,12903.64,91.6396484375
10,19,17,15649,16747.713,1098.712890625
10,8,9,14417,14757.207,340.20703125
10,3,13,16429,15588.19,840.8095703125
7,4,18,18016,17375.072,640.927734375
12,31,1,13689,13824.984,135.984375
4,22,15,12295,12452.959,157.958984375
2,8,23,16609,17576.568,967.568359375
1,13,4,14611,14558.546,52.4541015625
4,15,22,14276,14402.189,126.189453125
4,27,19,14625,14291.557,333.443359375
6,16,0,13298,12653.411,644.5888671875
9,28,9,15204,14908.143,295.857421875
7,27,9,16597,17506.62,909.619140625
8,19,20,17878,17643.264,234.736328125
5,29,16,14954,15320.3955,366.3955078125
10,15,10,14969,15946.709,977.708984375
12,22,0,15706,14169.125,1536.875
8,10,8,16701,16107.887,593.11328125
5,14,17,13489,14182.814,693.814453125
5,14,22,13435,12988.966,446.0341796875
10,4,11,15069,15492.195,423.1953125
5,22,22,14575,13626.652,948.34765625
3,10,8,16919,16556.416,362.583984375
9,13,23,12806,13186.262,380.26171875
12,16,22,15973,15937.268,35.732421875
12,12,6,12662,13205.287,543.287109375
4,6,7,15713,14556.467,1156.533203125
11,28,13,14083,14353.33,270.330078125
9,25,12,20199,21222.05,1023.05078125
7,2,23,17762,18500.867,738.8671875
6,17,23,13982,14133.929,151.9287109375
8,5,15,13677,13914.572,237.572265625
12,18,1,14088,13676.814,411.185546875
10,4,11,14942,15007.057,65.056640625
10,26,9,16130,15764.024,365.9755859375
1,12,14,18410,18202.367,207.6328125
3,27,22,15229,16056.084,827.083984375
8,2,0,14003,13892.365,110.634765625
8,22,20,18441,18007.215,433.78515625
11,8,9,15278,15667.553,389.552734375
9,26,11,12461,13356.864,895.8642578125
7,17,3,12342,11964.563,377.4365234375
12,19,23,15708,15461.597,246.4033203125
12,3,13,14227,15064.094,837.09375
3,1,11,15043,15349.016,306.015625
6,17,5,12939,13008.972,69.9716796875
9,17,3,11869,11417.956,451.0439453125
8,5,3,12726,13026.493,300.4931640625
10,22,19,15373,15764.213,391.212890625
5,7,13,13547,12959.107,587.892578125
5,14,1,11601,12073.566,472.56640625
12,9,8,14832,14543.924,288.076171875
3,4,18,20717,21192.318,475.318359375
11,28,2,14848,14257.363,590.63671875
9,13,15,15605,16259.348,654.34765625
6,29,3,12226,12155.375,70.625
6,12,20,17465,17276.842,188.158203125
11,24,20,17630,17188.846,441.154296875
1,6,13,19153,18786.55,366.44921875
6,23,10,14270,15250.28,980.2802734375
12,2,0,14593,14232.762,360.23828125
7,7,16,19634,19411.467,222.533203125
8,16,23,16141,16211.596,70.595703125
4,4,15,14646,15185.217,539.216796875
12,13,19,19250,19656.865,406.865234375
6,24,1,12779,13171.759,392.7587890625
6,24,9,15561,15821.141,260.140625
5,26,2,11072,11351.028,279.0283203125
9,11,2,13496,13303.123,192.876953125
1,9,15,19422,18662.895,759.10546875
10,26,18,16350,16817.828,467.828125
1,29,0,15385,14593.584,791.416015625
7,19,2,13011,12283.504,727.49609375
2,5,7,15207,14400.025,806.974609375
4,21,5,12908,12916.791,8.791015625
1,4,12,18639,18975.68,336.6796875
7,25,5,12234,12627.471,393.470703125
9,18,5,11844,12103.451,259.451171875
12,1,14,17509,17034.686,474.314453125
7,22,9,15189,14749.617,439.3828125
12,13,20,19141,19551.008,410.0078125
9,12,15,15371,15278.426,92.57421875
7,16,21,18080,18519.47,439.470703125
6,8,10,17094,16316.441,777.55859375
10,30,9,16928,16483.695,444.3046875
10,4,5,12091,12202.672,111.671875
12,13,10,17357,16759.002,597.998046875
12,22,19,18393,19215.74,822.740234375
4,3,19,16452,16249.461,202.5390625
12,21,22,18450,17749.285,700.71484375
12,28,16,16976,16470.652,505.34765625
12,19,17,19035,18974.959,60.041015625
12,6,22,17888,17595.592,292.408203125
8,13,22,16438,15450.342,987.658203125
9,21,11,16868,16494.14,373.859375
5,14,14,15859,15612.969,246.03125
3,27,5,14331,14640.5625,309.5625
6,30,16,20376,21065.049,689.048828125
2,24,12,15758,15868.479,110.478515625
10,19,13,15257,15276.707,19.70703125
8,13,5,13818,14073.62,255.6201171875
3,30,7,17114,14670.696,2443.3037109375
1,24,12,16657,16389.514,267.486328125
6,5,13,17826,17852.443,26.443359375
3,7,23,15537,14655.325,881.6748046875
7,17,4,12301,12283.633,17.3671875
6,20,1,12625,12622.773,2.2265625
8,30,17,21313,21070.94,242.060546875
4,30,10,14240,14832.906,592.90625
6,11,10,14723,15089.271,366.271484375
8,17,0,16929,16035.321,893.6787109375
6,24,20,18514,19159.58,645.580078125
9,29,11,14563,15071.266,508.265625
10,30,16,14507,13912.492,594.5078125
10,8,6,14060,13349.545,710.455078125
3,14,9,16266,16034.547,231.453125
6,19,9,15662,16764.22,1102.220703125
4,24,23,14447,14658.256,211.255859375
8,19,4,13089,12292.881,796.119140625
10,28,21,16094,15851.93,242.0703125
4,1,16,15180,14742.891,437.109375
5,27,8,12742,12933.541,191.541015625
6,28,20,21479,22487.729,1008.728515625
8,7,8,15121,15408.848,287.84765625
6,23,1,13314,13884.944,570.9443359375
12,22,1,14166,13741.476,424.5244140625
5,17,13,13792,13346.611,445.388671875
7,25,15,19625,19687.54,62.5390625
9,9,18,13483,14192.554,709.5537109375
6,26,9,15714,16058.995,344.9951171875
5,17,22,14862,14526.401,335.5986328125
7,30,3,11559,11844.737,285.7373046875
11,2,15,15208,15302.268,94.267578125
8,26,12,16481,16035.461,445.5390625
5,12,2,12122,11730.511,391.4892578125
8,26,2,13011,13160.201,149.201171875
12,8,5,13786,14214.031,428.03125
6,24,22,17174,17107.635,66.365234375
11,11,20,17168,17650.365,482.365234375
12,30,19,17878,18388.557,510.556640625
7,7,23,14681,14379.588,301.412109375
10,11,10,14318,14077.004,240.99609375
12,9,21,18902,18279.865,622.134765625
4,1,13,13631,14494.668,863.66796875
12,20,19,17605,17364.941,240.05859375
8,9,9,14834,14888.705,54.705078125
12,2,20,17201,17406.666,205.666015625
9,29,8,14922,14867.683,54.3173828125
8,30,0,15532,14969.035,562.96484375
2,18,14,17170,16437.85,732.150390625
3,3,6,14853,14950.777,97.77734375
3,29,12,16211,16353.439,142.439453125
12,23,16,17434,17330.61,103.390625
4,27,15,13415,14328.514,913.513671875
3,4,17,15751,16488.037,737.037109375
7,29,0,15548,15539.697,8.302734375
12,27,3,13952,13767.122,184.8779296875
6,10,16,15385,15303.307,81.693359375
8,4,1,13086,13203.682,117.681640625
5,19,5,10996,11158.82,162.8203125
11,25,12,17412,17285.887,126.11328125
9,15,22,15081,15189.649,108.6494140625
8,13,13,19878,19992.178,114.177734375
1,20,18,20002,19752.0,250.0
11,4,4,12240,12134.519,105.4814453125
5,17,6,9992,10667.619,675.619140625
3,12,22,15386,15162.578,223.421875
9,29,14,12787,13536.627,749.626953125
9,5,5,13349,13208.238,140.76171875
11,24,8,16635,16881.365,246.365234375
4,19,9,16580,15817.689,762.310546875
5,2,9,15811,15296.299,514.701171875
11,2,9,16113,16441.201,328.201171875
12,16,10,18416,17789.043,626.95703125
9,12,7,12747,13311.684,564.68359375
12,19,1,13967,14217.291,250.291015625
11,15,13,13324,13405.417,81.4169921875
3,19,20,16362,16030.799,331.201171875
5,3,13,15094,15170.401,76.4013671875
5,7,9,14609,14975.022,366.0224609375
9,25,18,14657,14088.012,568.98828125
7,19,20,15576,16140.805,564.8046875
4,19,15,14634,14653.811,19.810546875
12,23,3,15900,14692.961,1207.0390625
7,10,8,16160,16502.143,342.142578125
9,3,18,16602,17106.117,504.1171875
3,14,0,12807,12838.75,31.75
4,13,7,14112,14146.216,34.2158203125
11,6,18,17253,17010.965,242.03515625
5,31,16,14541,15111.863,570.86328125
5,30,7,14412,13592.078,819.921875
10,27,9,15139,14085.43,1053.5703125
7,13,21,16795,16135.191,659.80859375
12,23,3,13526,13783.137,257.13671875
12,11,2,14636,14466.187,169.8134765625
10,3,22,15155,14890.181,264.8193359375
12,6,6,14446,14621.405,175.4052734375
10,26,22,14275,13929.096,345.904296875
7,25,23,16348,16669.377,321.376953125
10,15,19,16233,16267.409,34.4091796875
5,19,17,13654,14705.973,1051.97265625
10,28,6,14913,14278.249,634.7509765625
5,2,20,15896,15589.258,306.7421875
2,25,20,20932,20719.371,212.62890625
1,18,21,17751,18779.318,1028.318359375
5,15,1,11750,11598.611,151.388671875
3,10,22,17930,17701.943,228.056640625
7,30,23,19267,18975.977,291.0234375
12,11,3,13143,13361.535,218.53515625
12,7,12,16574,17298.807,724.806640625
12,21,21,17663,18097.701,434.701171875
3,18,19,15980,15985.072,5.072265625
2,23,18,16597,17028.674,431.673828125
7,24,0,16348,15944.33,403.669921875
6,7,4,10543,10598.357,55.357421875
10,2,16,18972,18999.012,27.01171875
8,24,5,12885,13251.877,366.876953125
9,5,17,20263,20076.795,186.205078125
10,14,13,13906,14638.91,732.91015625
4,13,1,10862,11996.252,1134.251953125
6,29,0,12911,13318.256,407.255859375
11,12,23,14732,15536.7705,804.7705078125
1,29,19,19340,19130.15,209.849609375
7,5,6,15340,15070.16,269.83984375
4,26,19,15885,15847.102,37.8984375
2,9,21,20483,19436.682,1046.318359375
11,27,12,16519,16532.693,13.693359375
10,30,16,16263,16227.177,35.8232421875
8,11,19,20899,21582.77,683.76953125
12,28,1,13560,14166.971,606.970703125
2,19,11,16779,17225.014,446.013671875
3,23,20,17833,18237.395,404.39453125
3,2,6,13788,13981.729,193.728515625
10,26,22,14756,14606.956,149.0439453125
9,29,0,12455,12440.424,14.576171875
5,1,8,14553,14674.826,121.826171875
4,26,11,13132,13135.808,3.8076171875
9,9,11,16973,17805.178,832.177734375
7,9,4,10906,10866.251,39.7490234375
4,5,20,16876,16791.227,84.7734375
9,22,12,15472,15782.309,310.30859375
1,13,11,17251,17224.104,26.896484375
2,24,18,20082,20213.318,131.318359375
4,14,16,11410,12414.808,1004.8076171875
8,9,12,16022,16212.064,190.064453125
9,18,8,14433,14787.753,354.7529296875
8,2,1,13337,13633.486,296.486328125
10,2,12,15927,15949.299,22.298828125
3,10,2,13041,13403.566,362.56640625
12,13,20,16709,16592.807,116.193359375
11,20,14,15586,15713.161,127.1611328125
7,25,12,17701,17196.451,504.548828125
2,26,7,13215,13633.068,418.068359375
9,22,21,14815,15011.724,196.7236328125
2,25,9,17567,16641.672,925.328125
3,27,20,15089,15069.75,19.25
1,7,11,16747,16733.5,13.5
6,16,23,13382,14281.948,899.9482421875
10,25,10,16359,16249.258,109.7421875
7,24,14,16791,16569.186,221.814453125
10,24,13,14171,14697.85,526.849609375
3,29,7,12226,12071.754,154.24609375
8,8,10,15500,16230.764,730.763671875
10,6,22,13630,14213.039,583.0390625
7,25,12,18378,18464.262,86.26171875
7,28,16,21246,21953.69,707.689453125
5,7,8,14158,14367.732,209.732421875
5,26,18,20633,21480.463,847.462890625
6,22,3,13700,14086.15,386.150390625
5,6,2,12068,12045.791,22.208984375
6,26,3,11955,11598.374,356.6259765625
10,23,16,14985,16360.865,1375.865234375
11,21,10,18059,17754.383,304.6171875
12,29,12,16508,15618.801,889.19921875
2,29,20,19583,19361.041,221.958984375
10,16,17,15215,14803.301,411.69921875
12,3,13,16144,16422.998,278.998046875
4,23,14,12421,12716.764,295.763671875
10,16,20,16455,16358.325,96.6748046875
6,1,9,13002,12698.328,303.671875
1,20,20,19780,18881.104,898.896484375
4,11,1,12055,13016.893,961.892578125
12,12,19,19391,18970.596,420.404296875
10,7,21,14694,15202.927,508.9267578125
4,17,22,13396,13428.34,32.33984375
12,14,20,18138,18421.03,283.029296875
9,23,20,17344,17450.656,106.65625
8,31,22,15784,15529.27,254.73046875
5,13,17,17700,18115.65,415.650390625
6,19,9,15238,15411.991,173.9912109375
9,21,17,16472,16939.307,467.306640625
6,29,1,15998,16268.361,270.361328125
7,25,5,14494,15378.511,884.5107421875
10,26,21,15701,15650.443,50.556640625
1,12,5,14959,14883.151,75.8486328125
5,14,12,12318,11771.385,546.615234375
10,1,17,16149,16179.612,30.6123046875
3,24,10,17823,17052.084,770.916015625
7,15,3,11996,12253.947,257.947265625
6,17,16,15223,16193.713,970.712890625
3,29,9,16438,16560.0,122.0
10,30,2,11890,12176.193,286.193359375
7,12,1,13948,13400.703,547.296875
11,3,22,15132,14442.98,689.01953125
12,15,15,17661,17425.783,235.216796875
11,19,11,16792,17126.986,334.986328125
7,15,17,17749,18073.201,324.201171875
6,30,14,20087,20974.1,887.099609375
7,26,5,12858,12526.45,331.5498046875
6,27,18,15413,15507.27,94.26953125
10,29,20,17008,17314.666,306.666015625
10,16,20,16437,16840.785,403.78515625
1,26,22,16921,16490.008,430.9921875
6,23,4,13401,13962.299,561.298828125
5,31,12,19496,20286.188,790.1875
7,26,3,12854,13053.238,199.23828125
7,2,0,14366,15723.708,1357.7080078125
2,3,19,18137,18232.123,95.123046875
10,14,3,10853,10819.316,33.68359375
12,25,13,15773,14888.32,884.6796875
6,13,21,15914,15825.445,88.5546875
1,22,19,18873,19021.479,148.478515625
12,12,7,16574,16591.172,17.171875
12,2,13,16328,16476.822,148.822265625
1,7,21,19498,19176.922,321.078125
9,20,8,15569,15197.412,371.587890625
10,19,0,13258,13532.947,274.947265625
9,15,19,19660,19697.438,37.4375
10,9,14,15740,15328.036,411.9638671875
10,13,13,14863,15096.124,233.1240234375
2,16,3,13642,14082.936,440.935546875
1,23,23,16359,16599.975,240.974609375
10,10,0,13538,13840.173,302.1728515625
3,9,3,12500,12647.531,147.53125
6,17,16,19741,19803.115,62.115234375
11,9,0,14700,14341.316,358.68359375
3,9,8,16410,16300.025,109.974609375
9,4,18,20444,20344.74,99.259765625
7,2,4,11592,12004.712,412.7119140625
7,28,1,14755,15334.672,579.671875
10,31,15,16021,16310.347,289.3466796875
2,12,3,13761,13375.113,385.88671875
5,20,6,11453,12796.709,1343.708984375
3,23,18,17882,18063.31,181.310546875
5,20,19,12964,13654.412,690.412109375
9,12,3,11413,11416.639,3.638671875
11,22,1,14762,14299.623,462.376953125
7,25,16,18748,17929.238,818.76171875
11,20,20,15972,16231.309,259.30859375
7,17,20,20442,21337.639,895.638671875
8,25,17,20750,20068.955,681.044921875
10,29,13,15956,15431.951,524.048828125
4,2,21,15499,14986.877,512.123046875
8,11,3,12895,12642.396,252.603515625
7,15,2,14413,14138.323,274.6767578125
9,28,3,12046,11823.791,222.208984375
4,10,22,14389,13774.787,614.212890625
8,27,15,17069,17753.352,684.3515625
10,1,4,12968,12564.949,403.05078125
6,7,15,15191,15184.429,6.5712890625
9,27,17,16479,16801.955,322.955078125
4,24,16,14105,14794.988,689.98828125
4,12,11,15323,15087.559,235.44140625
4,27,21,16131,15526.414,604.5859375
9,12,10,15452,15012.928,439.072265625
10,6,11,15139,15333.908,194.908203125
6,26,10,16010,16476.385,466.384765625
6,23,4,12440,12790.582,350.58203125
1,7,17,19370,18492.271,877.728515625
4,9,23,14682,14919.492,237.4921875
5,10,3,11684,11454.764,229.236328125
10,19,10,13401,13840.673,439.6728515625
1,10,18,18297,17727.043,569.95703125
3,9,13,16011,15630.885,380.115234375
8,8,2,13518,13370.507,147.4931640625
12,15,20,17411,17382.965,28.03515625
11,2,5,12963,12263.52,699.48046875
6,15,2,11112,11753.462,641.4619140625
7,24,1,13703,13570.232,132.767578125
3,28,22,15263,15785.816,522.81640625
8,13,11,19311,19312.99,1.990234375
2,21,22,16413,16813.371,400.37109375
7,25,17,20810,20213.791,596.208984375
9,13,22,15509,16097.197,588.197265625
1,19,9,19669,18993.855,675.14453125
1,17,2,15573,15919.167,346.1669921875
1,7,6,14320,15093.778,773.7783203125
10,6,21,14316,14507.494,191.494140625
8,5,18,18668,18586.96,81.0390625
4,23,16,15144,14840.697,303.302734375
1,23,12,16893,16454.074,438.92578125
9,13,0,13673,13500.254,172.74609375
4,17,20,14924,15225.844,301.84375
10,19,21,14971,15759.152,788.15234375
11,12,14,16329,16446.52,117.51953125
12,26,23,14005,14006.95,1.9501953125
11,8,1,13981,14161.445,180.4453125
11,23,15,16903,16619.916,283.083984375
7,2,20,17261,17950.229,689.228515625
2,9,5,15337,15081.105,255.89453125
8,12,18,16297,16812.209,515.208984375
7,24,10,16180,15658.356,521.6435546875
7,12,18,19021,18792.7,228.30078125
1,4,17,18466,18043.477,422.5234375
8,18,15,16785,16145.815,639.1845703125
8,31,8,14464,14904.961,440.9609375
9,7,19,15597,16211.394,614.3935546875
3,4,0,16749,16200.35,548.650390625
12,2,9,16839,17074.691,235.69140625
7,19,2,14541,15525.877,984.876953125
3,15,15,14508,14773.433,265.4326171875
3,5,1,14862,14685.83,176.169921875
7,9,3,12002,12445.359,443.359375
3,9,0,15388,14469.575,918.4248046875
6,1,0,13312,12761.357,550.642578125
3,13,19,19749,19617.18,131.8203125
5,3,16,15641,15419.787,221.212890625
10,13,10,15352,15473.841,121.8408203125
11,9,0,14015,13472.61,542.3896484375
11,5,17,17236,17189.586,46.4140625
2,28,0,17143,16410.041,732.958984375
6,8,12,16854,16873.36,19.359375
11,12,8,17506,17753.8,247.80078125
8,22,1,14677,14676.045,0.955078125
5,31,1,13811,14145.993,334.9931640625
10,16,19,16715,17151.873,436.873046875
6,19,21,18728,18263.943,464.056640625
12,31,13,15718,15391.473,326.52734375
4,27,16,13842,13716.119,125.880859375
9,24,5,11417,11398.691,18.30859375
8,8,8,16412,16528.86,116.859375
10,7,10,14965,14836.915,128.0849609375
6,5,5,12206,12436.337,230.3369140625
4,5,14,14043,14035.474,7.5263671875
11,9,5,12360,12518.116,158.1162109375
10,25,21,15131,15551.822,420.822265625
2,16,21,20188,20100.176,87.82421875
6,16,0,13426,12943.334,482.666015625
11,8,6,13514,13921.74,407.740234375
2,5,21,18798,19128.639,330.638671875
9,5,4,14480,14244.591,235.4091796875
10,12,2,11894,12188.902,294.90234375
7,31,19,14766,15446.779,680.779296875
11,13,20,19058,17936.262,1121.73828125
4,22,14,13447,14108.495,661.4951171875
9,27,13,15904,16834.818,930.818359375
12,19,10,17194,17341.83,147.830078125
4,30,8,13235,12845.789,389.2109375
10,10,14,15285,15377.049,92.048828125
11,3,18,16124,16854.086,730.0859375
8,1,22,15472,15449.229,22.771484375
3,15,12,15817,16624.318,807.318359375
3,3,4,13983,13877.053,105.947265625
12,28,17,16930,17485.75,555.75
4,19,1,11086,11618.951,532.951171875
11,25,8,16268,16369.336,101.3359375
7,28,19,21188,20478.768,709.232421875
10,14,0,12818,12408.836,409.1640625
12,24,20,15170,17152.814,1982.814453125
6,16,2,12242,11297.236,944.763671875
2,20,5,13437,13025.676,411.32421875
5,23,16,14983,15452.542,469.5419921875
1,22,12,19701,19350.408,350.591796875
2,13,0,14718,14658.375,59.625
7,5,12,21781,21652.824,128.17578125
10,1,16,18329,18492.453,163.453125
12,31,9,14900,15324.846,424.845703125
12,10,0,16163,15280.994,882.005859375
3,26,23,15352,14941.172,410.828125
10,9,2,11806,11736.707,69.29296875
10,31,12,14958,15516.953,558.953125
5,1,14,13166,13059.22,106.7802734375
10,6,16,14560,15581.604,1021.603515625
10,22,11,15606,15468.131,137.869140625
7,12,16,17402,17483.213,81.212890625
4,16,20,15103,14906.096,196.904296875
3,1,21,19614,19426.69,187.310546875
9,24,18,17441,17468.27,27.26953125
1,21,4,15040,14930.485,109.5146484375
12,27,3,12297,13005.059,708.05859375
5,18,10,13197,13508.428,311.427734375
3,10,18,17111,16458.28,652.720703125
4,28,9,14180,14695.242,515.2421875
4,21,12,13775,14651.306,876.3056640625
9,8,6,14246,14148.037,97.962890625
10,15,9,13725,13445.652,279.34765625
5,27,0,12057,12484.954,427.9541015625
7,1,10,13762,13693.846,68.154296875
4,14,13,14784,14696.105,87.89453125
10,4,12,15011,15348.622,337.6220703125
12,14,21,20206,19087.93,1118.0703125
6,23,20,17788,18774.367,986.3671875
7,15,6,13482,13936.719,454.71875
11,16,10,16607,16172.123,434.876953125
11,13,18,17307,17364.932,57.931640625
11,8,15,15402,15170.159,231.8408203125
11,28,23,16393,15502.242,890.7578125
11,15,14,17425,17410.8,14.19921875
12,7,1,13925,14231.246,306.24609375
12,1,22,17450,17645.668,195.66796875
6,14,17,15884,16465.791,581.791015625
11,24,4,13453,12438.457,1014.54296875
8,9,19,18332,18244.678,87.322265625
5,12,4,10871,10859.758,11.2421875
9,10,7,11268,11683.645,415.64453125
2,11,21,21331,21369.295,38.294921875
9,5,10,14720,15432.247,712.2470703125
3,20,0,13282,13680.853,398.8525390625
3,28,9,15933,16396.623,463.623046875
5,9,2,11477,11435.484,41.515625
7,3,16,17542,17498.564,43.435546875
7,11,19,15370,16036.43,666.4296875
6,9,2,12186,12008.215,177.78515625
1,26,7,16617,15956.814,660.185546875
4,28,9,13218,14658.896,1440.896484375
12,6,22,17381,17378.316,2.68359375
6,25,15,18529,18586.275,57.275390625
7,23,14,20402,21248.81,846.810546875
6,25,7,15125,14210.07,914.9296875
5,29,4,11733,12095.668,362.66796875
4,29,10,12892,12948.651,56.6513671875
9,21,16,17678,18506.527,828.52734375
2,12,10,18743,18807.965,64.96484375
8,24,2,13378,13393.219,15.21875
9,2,22,14959,15136.155,177.1552734375
9,13,2,11249,11152.412,96.587890625
1,26,6,14081,14455.691,374.69140625
10,20,12,14239,14205.499,33.5009765625
11,22,2,14428,14288.223,139.77734375
9,14,9,13553,13489.865,63.134765625
1,19,15,18477,18293.53,183.470703125
4,8,17,14252,15676.754,1424.75390625
5,19,13,13985,13967.977,17.0234375
11,16,12,16131,16401.838,270.837890625
2,11,11,17934,17870.133,63.8671875
3,30,14,13233,13487.644,254.6435546875
8,6,7,15397,16922.441,1525.44140625
10,6,18,15864,16094.186,230.185546875
8,7,8,13891,13595.533,295.466796875
5,9,0,11872,12267.307,395.306640625
7,26,9,16127,16606.83,479.830078125
5,11,16,13879,14376.72,497.7197265625
12,6,10,18582,18201.373,380.626953125
2,4,9,16036,15934.787,101.212890625
6,22,1,14807,15241.661,434.6611328125
7,2,17,17408,17872.979,464.978515625
9,11,0,12558,12801.82,243.8203125
4,22,12,14908,14739.303,168.697265625
3,11,18,16635,16910.29,275.2890625
10,31,12,14068,14523.241,455.2412109375
3,28,15,15081,15366.262,285.26171875
12,5,8,17407,17602.488,195.48828125
3,13,12,16506,16829.951,323.951171875
6,28,3,13512,12681.807,830.193359375
10,19,18,16635,16660.902,25.90234375
2,15,20,18840,18647.848,192.15234375
9,25,18,16841,16970.783,129.783203125
3,1,19,17315,17453.436,138.435546875
11,22,15,16640,17009.172,369.171875
7,23,5,13212,14535.885,1323.884765625
3,11,5,12030,12557.414,527.4140625
8,17,9,13350,12857.295,492.705078125
1,27,0,14754,13895.033,858.966796875
2,29,18,18286,17778.02,507.98046875
3,24,19,17148,16754.432,393.568359375
12,15,3,12257,12614.684,357.68359375
1,21,19,18128,18204.365,76.365234375
8,29,7,16364,17035.812,671.8125
11,24,11,17609,17044.836,564.1640625
10,12,20,15043,14999.253,43.7470703125
2,8,15,17629,17693.525,64.525390625
12,19,9,18456,17908.826,547.173828125
10,28,7,16507,15063.193,1443.806640625
6,28,2,14394,14365.687,28.3134765625
12,2,20,17823,18183.855,360.85546875
5,27,2,13332,12497.284,834.7158203125
7,13,14,21924,22407.564,483.564453125
11,27,2,13637,13067.003,569.9970703125
4,2,5,13765,13198.785,566.21484375
2,17,7,15030,15183.692,153.6923828125
3,5,15,14993,15570.047,577.046875
10,20,18,15888,15313.026,574.9736328125
11,7,7,13446,13335.778,110.2216796875
5,12,9,14362,14221.639,140.361328125
9,6,21,19406,19480.553,74.552734375
9,16,13,17981,19076.7,1095.69921875
2,12,22,18637,18621.855,15.14453125
6,6,15,15993,15532.4375,460.5625
11,4,19,17482,17344.338,137.662109375
8,12,15,16681,17051.346,370.345703125
2,16,20,18810,18953.342,143.341796875
1,24,19,18837,18234.797,602.203125
6,27,2,12977,14360.16,1383.16015625
9,5,12,19604,19919.104,315.103515625
10,5,11,13296,13878.371,582.37109375
10,28,12,14602,15279.461,677.4609375
5,18,23,11279,11891.605,612.60546875
5,17,6,12571,13222.888,651.8876953125
12,8,0,15967,15186.131,780.869140625
4,25,23,14202,14197.234,4.765625
5,28,22,14096,13384.56,711.4404296875
6,13,12,15024,15538.355,514.35546875
4,2,8,15902,16488.932,586.931640625
2,15,10,16610,15897.14,712.8603515625
12,5,2,14685,14370.537,314.462890625
10,26,16,16216,16326.5625,110.5625
6,17,10,14490,15231.506,741.505859375
11,18,2,14422,14311.85,110.150390625
11,13,21,18054,18505.88,451.880859375
9,21,5,11730,12217.97,487.9697265625
12,31,16,15790,16371.127,581.126953125
5,14,14,14699,14743.159,44.1591796875
9,17,6,14619,14364.53,254.4697265625
10,3,23,12408,12778.066,370.06640625
7,12,13,17033,17526.916,493.916015625
4,15,19,15637,16797.908,1160.908203125
2,15,5,14744,14430.543,313.45703125
9,20,6,11145,11258.28,113.2802734375
1,7,13,19198,19043.178,154.822265625
4,7,19,15587,15550.215,36.78515625
2,7,11,18158,18380.531,222.53125
2,11,17,17877,17306.262,570.73828125
3,12,10,16384,17348.742,964.7421875
11,1,18,17328,17249.104,78.896484375
6,10,13,16368,16138.774,229.2255859375
12,17,7,18818,17165.04,1652.9609375
3,31,11,16207,15690.45,516.5498046875
11,28,16,16831,16670.025,160.974609375
9,16,23,13349,14566.27,1217.26953125
7,29,2,11825,12420.698,595.6982421875
11,2,15,15500,15890.76,390.759765625
11,20,14,16742,16310.855,431.14453125
2,23,15,14532,15450.206,918.2060546875
12,22,10,17633,17458.809,174.19140625
3,1,10,17107,17870.764,763.763671875
11,28,23,17534,16429.943,1104.056640625
12,4,19,18071,17622.504,448.49609375
12,20,11,18009,17913.643,95.357421875
1,27,23,18393,18412.336,19.3359375
9,30,22,14170,14334.419,164.4189453125
8,15,20,18119,18374.457,255.45703125
9,5,19,16871,16950.291,79.291015625
7,2,3,12177,13268.973,1091.97265625
12,30,19,16758,17395.37,637.369140625
1,24,7,16110,15764.377,345.623046875
12,21,23,15819,15938.708,119.7080078125
3,7,17,18412,18169.84,242.16015625
5,16,9,14496,14726.701,230.701171875
4,28,14,14672,14372.552,299.4482421875
2,25,0,15963,15062.48,900.51953125
2,24,18,17348,16975.842,372.158203125
5,4,8,15150,15264.937,114.9365234375
4,19,14,14854,14936.966,82.9658203125
7,13,13,19593,19765.512,172.51171875
3,20,23,14476,14648.925,172.9248046875
6,6,3,11659,11825.441,166.44140625
10,2,7,12675,12352.498,322.501953125
2,11,14,17734,17039.764,694.236328125
12,17,14,18017,17737.102,279.8984375
5,14,4,11312,11178.224,133.7763671875
4,15,20,15775,16102.988,327.98828125
10,13,0,11652,11657.617,5.6171875
10,31,17,16991,16608.12,382.880859375
8,20,23,16253,16329.469,76.46875
11,19,10,17461,16537.654,923.345703125
12,2,10,16747,16821.418,74.41796875
4,4,22,15754,15943.317,189.3173828125
12,8,18,17845,17073.63,771.369140625
10,1,13,16066,15789.334,276.666015625
8,10,20,22804,23088.543,284.54296875
4,12,19,16210,16258.791,48.791015625
5,17,22,14261,13991.705,269.294921875
5,18,4,12035,12425.985,390.9853515625
4,3,12,14580,14725.098,145.09765625
3,27,21,17998,17849.857,148.142578125
10,14,14,13118,13143.696,25.6962890625
2,25,9,17303,17431.326,128.326171875
9,23,23,13662,13743.016,81.015625
6,27,16,19592,20489.105,897.10546875
4,4,13,15847,15629.729,217.271484375
10,31,4,12338,12756.045,418.044921875
1,26,6,14694,14746.199,52.19921875
8,1,7,14556,14267.979,288.021484375
10,15,17,16630,16448.297,181.703125
3,25,7,16143,15265.534,877.4658203125
7,28,17,16941,16698.15,242.849609375
9,4,2,14231,14590.617,359.6171875
3,5,19,17733,17346.252,386.748046875
4,13,3,13575,13021.868,553.1318359375
5,2,19,15749,16594.9,845.900390625
11,28,12,17321,16752.818,568.181640625
4,30,0,12494,12483.809,10.19140625
5,4,7,14799,13544.971,1254.029296875
9,11,5,13121,13285.178,164.177734375
12,16,12,18120,18204.436,84.435546875
5,24,9,13705,13249.76,455.240234375
5,1,1,12208,11789.477,418.5234375
2,20,17,18449,18414.328,34.671875
10,12,19,16289,17081.81,792.810546875
1,7,20,19944,19677.404,266.595703125
9,11,4,12850,12639.443,210.556640625
10,9,21,16483,15617.955,865.044921875
9,27,17,15438,15565.35,127.349609375
5,27,13,14694,15339.107,645.107421875
4,7,17,17049,16193.828,855.171875
4,19,2,10809,11443.803,634.802734375
5,9,20,15927,16391.896,464.896484375
10,13,18,13465,13780.295,315.294921875
10,25,10,15922,16024.951,102.951171875
11,18,16,15906,16449.041,543.041015625
12,29,2,13709,13203.157,505.8427734375
2,17,0,16552,16518.963,33.037109375
9,28,22,15591,16225.43,634.4296875
1,15,13,18840,18632.893,207.107421875
12,10,20,17485,17018.195,466.8046875
6,14,2,12106,12240.679,134.6787109375
9,10,4,13014,13380.799,366.798828125
1,12,10,18556,18372.734,183.265625
2,1,22,17991,18125.379,134.37890625
5,3,19,15819,15975.82,156.8203125
12,24,12,16582,17056.725,474.724609375
10,29,9,16180,15929.258,250.7421875
6,25,16,20126,20156.303,30.302734375
3,19,11,15535,17268.28,1733.279296875
12,24,6,13432,13699.822,267.822265625
5,21,7,14509,13872.962,636.0380859375
4,14,10,14363,14757.92,394.919921875
6,6,12,14836,15446.288,610.2880859375
10,25,0,12665,12538.809,126.19140625
10,12,16,14371,14249.367,121.6328125
9,10,18,18709,18825.691,116.69140625
10,19,9,14342,14626.6,284.599609375
12,6,15,15597,16245.701,648.701171875
8,21,16,18917,18726.262,190.73828125
11,13,12,12837,12947.525,110.525390625
6,9,22,14961,15162.3125,201.3125
10,31,14,15077,15285.545,208.544921875
9,8,8,15437,15578.475,141.474609375
3,29,9,14766,14712.023,53.9765625
2,24,8,18267,17474.35,792.650390625
7,14,20,20408,20966.398,558.3984375
9,20,21,16885,17016.416,131.416015625
6,23,8,16727,16949.049,222.048828125
12,29,13,16375,16175.793,199.20703125
3,25,18,15282,14404.518,877.482421875
2,5,20,17753,17230.406,522.59375
10,6,18,15075,15741.734,666.734375
6,29,8,15226,15732.311,506.310546875
9,18,3,11933,11628.733,304.2666015625
3,16,4,13847,13722.583,124.4169921875
5,12,8,14610,14398.285,211.71484375
4,11,6,14983,14744.619,238.380859375
1,13,7,16306,16393.113,87.11328125
10,23,15,14547,15731.134,1184.1337890625
2,27,13,19364,18828.695,535.3046875
12,23,17,19948,19337.521,610.478515625
9,14,11,16356,15997.109,358.890625
9,5,6,13781,13334.684,446.31640625
5,24,5,12458,12412.502,45.498046875
10,17,15,13294,13217.783,76.216796875
1,6,8,13748,13764.909,16.9091796875
3,27,12,16869,16690.637,178.36328125
7,29,15,21785,23188.275,1403.275390625
4,1,8,13857,13442.979,414.021484375
5,31,18,18400,18367.33,32.669921875
9,6,17,16023,16093.8125,70.8125
5,10,6,11338,11716.065,378.0654296875
11,12,17,16020,17014.354,994.353515625
8,6,0,13499,13502.924,3.923828125
9,13,17,18695,19796.408,1101.408203125
10,12,1,12114,12499.901,385.9013671875
9,4,20,18306,17948.37,357.630859375
3,2,0,16447,15636.638,810.3623046875
1,12,11,18432,18278.264,153.736328125
1,29,19,20239,19152.75,1086.25
2,7,19,19201,18970.822,230.177734375
11,9,6,13571,13841.378,270.3779296875
10,12,23,13551,14020.723,469.72265625
12,23,22,17909,18383.938,474.9375
12,11,15,15687,15748.902,61.90234375
11,24,8,15995,15487.651,507.3486328125
3,1,18,18183,18019.035,163.96484375
9,24,8,14616,15698.928,1082.927734375
2,8,3,14776,14587.92,188.080078125
10,28,9,14967,15701.991,734.9912109375
8,10,5,12876,12859.779,16.220703125
10,31,5,12566,12703.405,137.4052734375
5,23,21,14578,14354.924,223.076171875
5,24,18,15093,15405.067,312.0673828125
11,13,18,18696,18218.81,477.189453125
10,29,7,13039,12508.371,530.62890625
10,11,9,16150,15761.147,388.8525390625
5,29,21,16673,15492.412,1180.587890625
1,18,15,18150,18193.707,43.70703125
1,4,17,19035,18812.295,222.705078125
8,23,0,14358,14250.74,107.259765625
11,17,9,16767,17114.154,347.154296875
12,3,16,17677,17490.494,186.505859375
10,9,12,14067,14658.686,591.685546875
6,4,22,15946,16280.218,334.2177734375
10,21,20,17282,16466.957,815.04296875
5,1,7,11751,12698.76,947.759765625
2,2,14,17550,16980.502,569.498046875
6,22,3,14266,14787.984,521.984375
9,4,19,20260,20072.428,187.572265625
12,1,3,13728,13677.453,50.546875
7,4,15,16145,16112.547,32.453125
7,18,2,14164,14568.524,404.5244140625
1,9,13,16432,16063.174,368.826171875
1,31,11,18893,18122.607,770.392578125
12,12,15,17422,18226.377,804.376953125
9,15,20,19466,19462.74,3.259765625
6,8,14,15399,15011.277,387.72265625
5,7,3,12005,11762.366,242.6337890625
8,20,14,19367,19211.154,155.845703125
7,26,13,18069,18445.54,376.5390625
5,4,11,14937,14724.552,212.4482421875
12,12,17,18828,18255.355,572.64453125
3,7,2,15376,14543.342,832.658203125
11,28,23,16662,15814.332,847.66796875
10,31,1,12303,12523.519,220.5185546875
10,26,22,13089,13447.518,358.517578125
12,4,22,16381,16351.748,29.251953125
2,21,2,14207,13317.421,889.5791015625
12,24,12,16489,16514.037,25.037109375
11,8,23,14028,14078.683,50.6826171875
11,22,10,14782,14685.363,96.63671875
5,3,21,12809,13838.309,1029.30859375
11,27,19,19246,19132.908,113.091796875
6,13,10,14074,14261.646,187.646484375
2,12,5,13925,13102.721,822.279296875
10,12,12,13642,14208.828,566.828125
3,31,20,16265,16737.166,472.166015625
10,29,11,14399,14167.378,231.6220703125
1,24,22,18260,18010.496,249.50390625
7,11,4,14347,14478.791,131.791015625
7,26,23,17669,17920.604,251.603515625
6,30,6,13790,14465.848,675.84765625
3,14,8,13738,13168.486,569.513671875
3,23,4,14627,14411.789,215.2109375
5,18,10,11534,11535.174,1.173828125
4,26,10,16298,15474.924,823.076171875
9,27,6,13313,13049.936,263.064453125
9,17,0,12594,12966.725,372.724609375
9,20,20,19393,19599.994,206.994140625
11,22,1,14867,14553.004,313.99609375
12,25,18,15750,15789.746,39.74609375
6,8,16,16252,16751.162,499.162109375
5,16,12,14285,13814.543,470.45703125
11,6,10,15351,15929.289,578.2890625
2,18,1,17109,16400.91,708.08984375
9,29,18,14975,15566.017,591.0166015625
6,14,8,14209,14074.981,134.0185546875
3,3,11,16330,16272.561,57.439453125
2,20,14,14765,14208.354,556.646484375
12,30,2,12804,12752.895,51.10546875
12,10,20,17638,18501.555,863.5546875
8,4,9,16399,16763.314,364.314453125
1,17,17,18570,18144.35,425.650390625
12,12,1,15272,14744.906,527.09375
7,19,22,17451,17327.33,123.669921875
2,3,19,18257,17957.451,299.548828125
3,23,1,12408,13199.943,791.943359375
6,1,21,14527,15323.303,796.302734375
11,27,20,16755,16457.504,297.49609375
8,8,4,12094,11987.621,106.37890625
4,27,12,13806,13860.107,54.107421875
9,30,14,13904,15196.73,1292.73046875
11,6,18,18071,18522.08,451.080078125
4,3,11,13450,14805.642,1355.6416015625
6,20,16,14641,14832.07,191.0703125
2,13,10,17883,17545.086,337.9140625
4,18,19,15807,15730.957,76.04296875
9,28,4,11839,11617.768,221.232421875
3,27,5,13323,13528.287,205.287109375
10,20,12,16112,16197.816,85.81640625
12,12,4,12173,11875.9795,297.0205078125
11,12,19,17463,17201.322,261.677734375
11,9,19,16233,16649.92,416.919921875
1,28,6,13718,13555.471,162.529296875
3,5,9,15761,15081.232,679.767578125
2,10,9,18272,17847.408,424.591796875
2,12,14,19043,18818.166,224.833984375
3,16,6,15655,14613.779,1041.220703125
8,5,7,13182,13241.687,59.6865234375
4,24,10,15615,15007.9795,607.0205078125
1,14,1,14611,14710.252,99.251953125
11,5,22,13390,13841.407,451.4072265625
4,27,12,14238,14075.848,162.15234375
1,19,11,18978,18246.117,731.8828125
1,11,7,16679,16462.361,216.638671875
4,9,4,12373,13192.785,819.78515625
4,21,12,13163,13150.078,12.921875
8,30,17,15715,15564.342,150.658203125
11,16,18,18193,18042.416,150.583984375
12,27,22,16432,16211.418,220.58203125
9,13,21,14838,14568.307,269.693359375
2,21,17,17194,16584.947,609.052734375
3,29,2,12935,13002.425,67.4248046875
5,9,15,14646,15024.241,378.2412109375
5,9,12,14337,14536.595,199.5947265625
9,17,13,18214,18810.615,596.615234375
3,27,2,13834,14013.6875,179.6875
3,23,1,14543,15335.749,792.7490234375
2,4,2,13402,13359.906,42.09375
12,16,0,14968,14119.121,848.87890625
5,14,10,12527,12728.105,201.10546875
6,24,14,17759,17832.605,73.60546875
9,20,21,17590,17365.611,224.388671875
5,13,7,13697,13836.865,139.865234375
12,10,0,15620,15074.207,545.79296875
11,28,5,14674,13735.469,938.53125
3,27,17,14697,15219.259,522.2587890625
11,26,16,17491,17736.13,245.130859375
5,5,12,11933,12648.867,715.8671875
12,18,8,17709,17323.705,385.294921875
12,5,0,16476,15517.088,958.912109375
2,4,12,16802,16459.154,342.845703125
10,3,0,14068,14146.285,78.28515625
2,5,14,16780,17441.35,661.349609375
6,13,16,12088,12936.427,848.4267578125
8,10,20,15702,15920.639,218.638671875
4,2,3,13147,13126.993,20.0068359375
8,18,5,13444,13995.184,551.18359375
10,1,7,14751,13747.16,1003.83984375
9,26,4,12240,12759.734,519.734375
6,11,9,15669,15642.375,26.625
11,7,19,18011,18388.031,377.03125
9,28,13,15551,15465.345,85.6552734375
8,28,1,14094,13362.6,731.400390625
1,2,3,12724,12759.088,35.087890625
2,26,20,16761,17197.254,436.25390625
8,13,1,16642,16427.756,214.244140625
10,19,10,15613,15901.79,288.7900390625
12,9,22,16954,16876.736,77.263671875
7,28,13,17932,18913.225,981.224609375
4,16,3,13700,13457.695,242.3046875
1,3,22,17725,17960.607,235.607421875
1,30,7,17314,16851.26,462.740234375
11,5,10,13882,13878.869,3.130859375
1,2,23,15439,16058.229,619.228515625
11,8,8,15480,15164.425,315.5751953125
6,7,13,14818,14654.946,163.0537109375
6,1,23,13729,13490.957,238.04296875
10,13,23,13360,13311.82,48.1796875
2,3,0,15851,15134.305,716.6953125
11,8,13,14126,14814.454,688.4541015625
4,14,23,14621,14805.302,184.3017578125
3,27,4,13036,13010.42,25.580078125
9,10,2,12694,12557.283,136.716796875
9,1,4,12582,12379.695,202.3046875
1,17,20,18382,19098.137,716.13671875
2,25,23,17123,16217.771,905.228515625
12,21,23,17323,17119.152,203.84765625
1,29,17,18189,18407.703,218.703125
9,26,12,20404,20832.521,428.521484375
7,30,3,15645,15036.209,608.791015625
5,26,0,14407,14989.523,582.5234375
9,11,9,14244,14434.305,190.3046875
7,6,8,12958,12627.41,330.58984375
8,12,12,17207,17651.797,444.796875
12,31,15,15614,16083.035,469.03515625
1,31,14,18395,18163.486,231.513671875
8,18,7,14496,14020.52,475.48046875
11,18,0,14493,14353.49,139.509765625
3,3,14,15625,16279.461,654.4609375
5,18,12,16308,17073.791,765.791015625
7,2,18,17681,18025.15,344.150390625
11,24,23,15895,15637.325,257.6748046875
3,29,5,13634,13758.522,124.5224609375
12,15,15,15602,15708.787,106.787109375
9,25,5,11238,11252.285,14.28515625
1,26,12,17310,16747.393,562.607421875
9,21,4,12458,12269.129,188.87109375
2,23,11,13423,14134.819,711.8193359375
12,18,18,19768,19278.807,489.193359375
6,7,0,12284,12197.713,86.287109375
11,3,12,14955,14530.3,424.7001953125
5,13,16,12392,12573.494,181.494140625
7,11,4,13645,13829.007,184.0068359375
8,19,17,15607,15752.266,145.265625
7,8,8,15282,15032.252,249.748046875
9,7,0,11668,11756.901,88.9013671875
6,21,17,16947,17366.674,419.673828125
6,12,7,13949,13690.086,258.9140625
8,25,3,14413,15114.648,701.6484375
7,23,7,15872,16008.93,136.9296875
1,15,6,16788,16906.016,118.015625
11,30,6,14850,14596.258,253.7421875
7,16,9,18083,18608.365,525.365234375
12,12,5,15354,14839.592,514.408203125
6,26,14,19009,19051.143,42.142578125
8,8,22,16204,16661.293,457.29296875
2,27,20,16866,17096.764,230.763671875
9,17,6,12384,12357.604,26.396484375
4,8,16,13034,14738.818,1704.818359375
1,9,12,17618,17398.045,219.955078125
9,1,14,17342,18144.027,802.02734375
4,19,19,14065,14720.647,655.6474609375
6,9,5,11353,11663.501,310.5009765625
4,29,2,12252,12500.049,248.048828125
4,5,15,15242,14796.857,445.142578125
2,3,6,13992,13499.163,492.8369140625
3,18,8,17257,16977.805,279.1953125
7,3,9,12928,13297.133,369.1328125
4,18,22,15240,15184.035,55.96484375
9,25,0,11823,11640.171,182.8291015625
1,16,19,20483,20274.299,208.701171875
1,22,10,17959,17954.006,4.994140625
2,8,8,17108,17806.033,698.033203125
8,18,19,16045,16222.455,177.455078125
3,22,19,16373,15775.168,597.83203125
9,27,12,14681,15194.58,513.580078125
5,13,12,12747,13528.426,781.42578125
4,15,10,15538,15923.205,385.205078125
7,11,20,19811,20039.188,228.1875
9,25,0,13557,13135.428,421.572265625
4,24,21,14231,14859.377,628.376953125
11,21,23,16386,15897.934,488.06640625
3,2,11,16518,16495.727,22.2734375
6,27,20,17713,18277.492,564.4921875
12,14,20,17635,17650.729,15.728515625
1,15,7,16555,16484.537,70.462890625
1,26,6,15656,15724.447,68.447265625
3,17,4,12905,12204.25,700.75
1,24,19,19251,19363.62,112.619140625
3,11,17,16803,16672.564,130.435546875
11,8,4,13772,13549.441,222.55859375
5,22,23,13188,12759.043,428.95703125
6,19,18,19885,19634.64,250.359375
12,1,18,19406,18965.068,440.931640625
2,3,11,19387,18602.863,784.13671875
8,12,0,18510,18406.148,103.8515625
11,4,17,15621,15908.35,287.349609375
2,5,2,14317,14207.676,109.32421875
1,16,3,15126,14583.384,542.6162109375
8,1,3,12987,12713.564,273.435546875
10,23,13,13649,14829.526,1180.5263671875
2,7,19,19435,18974.209,460.791015625
5,13,14,13710,13465.201,244.798828125
12,17,10,18559,17848.854,710.146484375
10,4,2,11663,11884.671,221.6708984375
12,5,4,15123,14279.828,843.171875
1,19,15,19682,18238.703,1443.296875
4,21,21,15395,14928.473,466.52734375
3,29,14,14267,13770.633,496.3671875
2,16,17,18851,19373.824,522.82421875
5,8,0,12316,12255.52,60.48046875
2,15,16,16718,17336.824,618.82421875
6,7,9,14679,15010.849,331.8486328125
5,13,2,12154,12370.491,216.4912109375
11,11,18,17171,17477.455,306.455078125
6,1,7,14452,13254.988,1197.01171875
8,2,17,15985,18333.31,2348.310546875
8,15,2,13782,13503.5625,278.4375
7,7,10,20345,19867.969,477.03125
12,10,22,18537,18010.432,526.568359375
8,22,13,17232,16843.428,388.572265625
10,15,2,12126,12226.297,100.296875
1,1,18,17232,17408.082,176.08203125
2,28,14,15227,15487.0205,260.0205078125
3,5,9,15715,15315.305,399.6953125
8,23,8,14943,15360.227,417.2265625
9,9,5,15393,15900.049,507.048828125
10,1,17,13977,14020.173,43.1728515625
8,22,5,11890,11439.377,450.623046875
11,17,20,17318,17560.338,242.337890625
1,27,19,20296,19851.135,444.865234375
10,20,17,15091,14701.567,389.4326171875
2,9,5,15562,15486.859,75.140625
8,4,2,15033,14614.699,418.30078125
10,16,19,16838,17349.875,511.875
11,11,3,12282,12822.295,540.294921875
1,19,18,18944,19105.242,161.2421875
3,14,17,16745,16032.086,712.9140625
12,27,5,12505,13377.681,872.6806640625
3,6,23,15321,14834.631,486.369140625
10,6,20,15338,16386.271,1048.271484375
8,25,17,22360,22865.799,505.798828125
8,23,13,19652,19332.893,319.107421875
4,1,0,13808,13526.752,281.248046875
12,5,3,12642,13069.524,427.5244140625
6,26,22,17145,17028.97,116.029296875
6,11,10,14389,14830.266,441.265625
12,10,22,17185,16498.727,686.2734375
10,30,17,16943,16493.281,449.71875
2,2,4,13701,13550.878,150.1220703125
7,21,13,17965,18697.916,732.916015625
11,19,14,16658,16467.049,190.951171875
4,27,11,12451,13551.5625,1100.5625
9,25,6,13442,12958.662,483.337890625
6,25,19,19822,19702.9,119.099609375
2,15,7,16816,16572.748,243.251953125
6,18,10,13469,13970.518,501.517578125
7,27,2,13872,13234.518,637.482421875
3,25,6,14849,14508.16,340.83984375
1,15,6,16518,16837.607,319.607421875
12,30,7,14160,14012.521,147.478515625
7,29,9,15357,15476.314,119.314453125
9,11,18,16109,15824.689,284.310546875
8,14,18,21686,21116.197,569.802734375
9,16,7,14642,14232.002,409.998046875
12,14,0,15431,15073.869,357.130859375
11,5,2,13097,13587.201,490.201171875
9,13,22,15186,15312.367,126.3671875
5,27,1,11990,11556.457,433.54296875
12,17,14,17740,17887.428,147.427734375
8,15,0,14224,14299.723,75.72265625
10,16,23,12437,12277.512,159.48828125
5,19,17,14206,14356.666,150.666015625
12,16,3,14638,14066.334,571.666015625
10,22,13,13510,13901.082,391.08203125
8,9,23,17090,16712.777,377.22265625
1,27,9,19097,18856.57,240.4296875
7,4,6,12952,13020.749,68.7490234375
7,12,0,14538,14353.295,184.705078125
1,16,8,18238,17917.9,320.099609375
1,4,8,14563,15068.127,505.126953125
8,13,20,20793,21276.727,483.7265625
8,21,1,13222,13658.045,436.044921875
6,17,11,18029,18358.338,329.337890625
10,1,13,14220,15055.525,835.525390625
4,19,3,11408,11560.016,152.015625
9,24,23,13392,13319.078,72.921875
4,3,17,16571,16460.76,110.240234375
8,17,17,20966,20961.357,4.642578125
9,30,15,15121,15853.238,732.23828125
12,10,5,14069,13776.755,292.2451171875
12,28,15,18127,17941.47,185.529296875
10,14,2,12030,12622.731,592.7314453125
3,20,14,15024,14632.758,391.2421875
3,20,16,15207,15223.422,16.421875
3,16,13,14754,15207.603,453.6025390625
3,9,18,16490,15955.443,534.556640625
7,31,10,17190,17104.65,85.349609375
5,14,0,12288,12213.31,74.6904296875
8,11,20,17911,18290.92,379.919921875
6,12,19,16247,16092.917,154.0830078125
8,5,23,18233,18781.287,548.287109375
7,22,22,16546,16256.727,289.2734375
3,25,6,15463,15192.406,270.59375
7,10,23,16434,16180.872,253.1279296875
6,9,12,17438,17917.611,479.611328125
11,28,6,14258,14568.059,310.05859375
9,7,13,14096,13700.363,395.63671875
9,22,23,13349,12682.647,666.3525390625
7,18,20,16782,17875.98,1093.98046875
2,11,2,15769,15774.613,5.61328125
4,3,16,16661,16533.123,127.876953125
4,16,10,13318,15232.52,1914.51953125
12,31,5,12433,12743.346,310.345703125
12,4,4,13966,13441.518,524.482421875
8,31,23,17026,16933.584,92.416015625
12,27,6,13652,14515.939,863.939453125
3,23,5,12788,13114.102,326.1015625
9,3,15,16176,16182.246,6.24609375
3,9,20,18124,18062.121,61.87890625
12,14,17,18710,19061.018,351.017578125
9,30,8,14326,14382.262,56.26171875
11,16,13,16284,15737.492,546.5078125
7,14,22,17751,18158.297,407.296875
4,4,9,15908,16192.664,284.6640625
5,24,14,15699,16366.832,667.83203125
7,6,3,12372,12327.183,44.8173828125
10,21,9,15713,15911.748,198.748046875
7,4,23,16205,16164.236,40.763671875
7,7,10,14405,14981.91,576.91015625
4,23,10,14064,14130.508,66.5078125
6,18,13,15859,16623.744,764.744140625
6,21,20,17235,17023.74,211.259765625
4,6,6,14153,13495.131,657.869140625
2,16,4,14852,14026.634,825.3662109375
10,21,21,14521,15107.045,586.044921875
7,5,6,13246,13312.666,66.666015625
5,13,18,17595,17986.973,391.97265625
1,2,6,13574,13942.207,368.20703125
8,12,1,13345,13548.378,203.3779296875
10,20,23,13204,13832.074,628.07421875
7,9,11,16299,16087.354,211.646484375
8,6,23,18675,18581.025,93.974609375
9,9,17,16782,17218.959,436.958984375
3,31,5,14678,14381.719,296.28125
12,26,16,16234,15909.025,324.974609375
8,24,20,20576,21141.764,565.763671875
11,8,23,15714,16739.127,1025.126953125
4,10,22,15432,15517.373,85.373046875
12,20,2,13874,14146.238,272.23828125
7,23,5,12388,13651.722,1263.7216796875
8,29,20,21395,22394.775,999.775390625
6,4,5,11221,11226.566,5.56640625
1,4,1,13670,13836.4,166.400390625
2,15,8,16910,16655.887,254.11328125
3,7,14,15680,15227.172,452.828125
9,25,9,14792,15168.242,376.2421875
3,22,10,16318,16035.228,282.7724609375
6,19,17,18457,18128.33,328.669921875
9,23,16,15948,15353.155,594.8447265625
11,10,2,12273,12165.385,107.615234375
12,31,11,16394,16575.209,181.208984375
7,23,22,17516,17559.482,43.482421875
2,3,17,17908,17935.137,27.13671875
2,15,12,17891,17749.07,141.9296875
3,23,20,15850,15963.349,113.3486328125
5,12,23,13095,13807.173,712.1728515625
10,29,1,12189,11978.1455,210.8544921875
12,10,20,18148,17731.777,416.22265625
12,13,22,16892,16256.657,635.3427734375
1,26,10,20156,20635.82,479.8203125
10,2,19,17430,16365.252,1064.748046875
4,27,5,11873,11932.412,59.412109375
5,10,13,13785,14260.142,475.1416015625
8,10,6,14081,14170.871,89.87109375
9,3,10,13517,14081.526,564.5263671875
4,13,8,15250,15162.31,87.6904296875
9,13,12,14481,14690.058,209.0576171875
10,17,6,13521,13506.66,14.33984375
4,7,12,15460,15208.236,251.763671875
4,23,11,13596,14320.063,724.0634765625
8,29,17,17754,17453.94,300.060546875
8,17,0,14997,14637.195,359.8046875
10,12,0,12363,12694.453,331.453125
6,9,15,14274,14115.379,158.62109375
11,19,22,16245,15900.885,344.115234375
10,1,3,11443,11375.812,67.1884765625
5,1,14,12132,12358.639,226.638671875
1,15,6,13879,13866.656,12.34375
7,5,1,16542,16326.422,215.578125
11,10,21,15297,15663.016,366.015625
9,26,5,10572,10685.104,113.103515625
2,16,0,14604,13813.893,790.107421875
10,10,0,13217,13358.563,141.5634765625
3,14,12,17037,16839.818,197.181640625
4,28,11,14368,14567.121,199.12109375
7,24,18,21112,20413.977,698.0234375
3,6,16,16294,16567.018,273.017578125
3,27,15,12960,14701.804,1741.8037109375
10,23,12,15200,14882.398,317.6015625
4,2,2,13618,12775.654,842.345703125
9,17,13,15201,14824.645,376.35546875
10,4,20,16688,16525.611,162.388671875
2,5,13,18110,17222.404,887.595703125
2,8,11,17938,17679.895,258.10546875
12,14,7,13546,13236.29,309.7099609375
4,16,2,11613,11680.232,67.232421875
4,1,5,12708,12346.9795,361.0205078125
7,8,15,14811,14913.115,102.115234375
5,27,10,17783,18663.291,880.291015625
6,9,6,13589,13239.291,349.708984375
1,2,22,17361,17414.514,53.513671875
4,23,11,15847,15558.95,288.0498046875
6,6,18,16399,16097.645,301.35546875
11,30,8,16979,16288.77,690.23046875
8,24,2,12980,13056.234,76.234375
7,20,15,18189,18184.432,4.568359375
7,13,16,17921,18621.31,700.310546875
12,31,3,13108,13393.39,285.3896484375
9,3,8,15543,15320.646,222.353515625
3,24,6,13495,13321.859,173.140625
11,3,5,13472,12545.305,926.6953125
2,20,4,14557,14430.814,126.185546875
11,28,3,14767,14476.078,290.921875
10,22,5,12266,12501.289,235.2890625
1,14,19,18766,18917.646,151.646484375
11,19,15,17118,16658.951,459.048828125
5,27,1,11800,11756.017,43.9833984375
4,16,17,14429,15538.168,1109.16796875
11,9,22,16571,16643.432,72.431640625
1,16,9,18604,18124.707,479.29296875
9,1,23,17378,16918.361,459.638671875
6,17,14,14460,15667.672,1207.671875
3,28,8,16743,16343.061,399.939453125
7,27,5,12892,12788.418,103.58203125
10,25,0,13571,13923.141,352.140625
2,25,6,12412,13073.307,661.306640625
7,9,15,16844,16544.537,299.462890625
11,16,3,12381,12385.119,4.119140625
12,9,23,16866,16686.8,179.19921875
6,19,7,11509,11374.516,134.484375
12,14,1,14457,14322.533,134.466796875
2,16,1,15618,15120.068,497.931640625
5,7,13,12504,12642.484,138.484375
9,25,23,12016,12030.198,14.1982421875
8,5,20,19385,19347.232,37.767578125
3,24,15,15913,15893.422,19.578125
2,3,15,18812,18301.686,510.314453125
11,26,20,17099,16724.768,374.232421875
2,4,7,16249,16701.85,452.849609375
10,1,21,16561,15715.34,845.66015625
3,1,12,16764,16095.707,668.29296875
12,23,5,13693,13674.843,18.1572265625
10,7,19,16968,17381.062,413.0625
10,14,16,17025,17574.418,549.41796875
11,25,2,12137,12208.359,71.359375
3,7,8,16787,16895.193,108.193359375
4,25,0,12546,12618.867,72.8671875
3,2,16,17498,18154.713,656.712890625
11,24,17,17316,17562.58,246.580078125
9,28,1,12278,12716.916,438.916015625
3,30,3,12210,12247.918,37.91796875
12,2,11,16726,16605.396,120.603515625
12,5,5,12545,12965.502,420.501953125
5,14,15,15690,15622.9,67.099609375
7,17,23,17478,18128.875,650.875
5,18,23,13468,13054.066,413.93359375
4,8,7,15503,14699.916,803.083984375
2,10,22,17032,16332.658,699.341796875
11,16,9,16096,15883.939,212.060546875
6,5,19,15062,15645.752,583.751953125
8,4,21,18375,18439.53,64.529296875
12,12,2,13118,13026.754,91.24609375
11,16,0,12794,12901.742,107.7421875
2,16,12,17519,17433.463,85.537109375
3,13,11,16767,16392.6,374.400390625
1,8,20,20765,20172.012,592.98828125
3,28,1,12141,12215.053,74.052734375
2,13,7,18523,18169.133,353.8671875
2,10,6,16675,16174.764,500.236328125
2,2,22,18345,18289.9,55.099609375
6,10,10,12760,13432.205,672.205078125
2,3,18,18578,18300.068,277.931640625
6,2,14,15608,16257.336,649.3359375
1,3,9,14155,14254.379,99.37890625
8,13,8,15329,15152.554,176.4462890625
12,17,20,21718,20649.87,1068.130859375
12,31,12,15738,15320.621,417.37890625
11,13,21,15371,15627.995,256.9951171875
1,13,19,19738,19827.734,89.734375
11,22,18,20152,19667.92,484.080078125
11,7,23,15953,15657.494,295.505859375
2,1,23,18331,18449.098,118.09765625
11,4,15,16666,15691.425,974.5751953125
1,18,0,14675,14595.441,79.55859375
1,26,21,20286,19695.084,590.916015625
4,11,14,14048,14719.731,671.7314453125
12,16,12,18922,18564.027,357.97265625
2,18,6,17342,16533.035,808.96484375
3,24,15,13708,14168.93,460.9296875
4,21,15,14889,15476.273,587.2734375
12,9,14,15392,16309.412,917.412109375
10,19,4,11556,11610.753,54.7529296875
10,29,23,13356,13548.826,192.826171875
3,27,19,16685,17115.643,430.642578125
5,21,16,16154,16408.143,254.142578125
5,13,19,14351,15090.265,739.2646484375
3,24,7,13821,13324.945,496.0546875
8,27,7,12095,12094.006,0.994140625
5,3,13,15423,15018.282,404.7177734375
5,7,11,14530,14299.705,230.294921875
6,17,12,17059,17116.148,57.1484375
4,16,21,15144,15251.236,107.236328125
1,9,8,20136,19759.75,376.25
6,8,6,11129,11497.525,368.525390625
12,30,19,17798,17949.057,151.056640625
11,19,0,13511,12712.574,798.42578125
4,1,3,13306,13021.281,284.71875
4,1,2,14133,13913.241,219.7587890625
4,3,2,13307,13141.854,165.146484375
12,16,16,17266,17151.74,114.259765625
9,6,1,12680,12709.354,29.353515625
8,19,18,21662,22366.762,704.76171875
3,30,18,15608,15757.763,149.7626953125
3,13,23,16295,16859.613,564.61328125
5,16,2,12680,12431.179,248.8212890625
2,18,22,18257,18010.738,246.26171875
7,28,12,19749,19592.506,156.494140625
7,12,22,17140,17023.498,116.501953125
9,1,3,11343,11335.561,7.439453125
4,9,8,16753,16705.988,47.01171875
9,17,14,16221,17497.266,1276.265625
9,10,4,12125,11920.957,204.04296875
11,2,8,17299,16765.486,533.513671875
1,28,13,19592,18951.299,640.701171875
3,19,2,12642,12508.275,133.724609375
2,22,3,13799,13553.895,245.10546875
5,4,7,14926,14745.482,180.517578125
3,22,20,18080,18283.07,203.0703125
2,12,21,18763,18170.795,592.205078125
1,24,4,14665,14426.383,238.6171875
8,11,11,20834,20308.666,525.333984375
11,5,4,13013,13145.129,132.12890625
1,15,15,17900,18301.451,401.451171875
12,19,19,20622,20341.865,280.134765625
11,4,15,15421,15539.851,118.8505859375
2,6,2,13885,13413.417,471.5830078125
10,18,0,12818,12544.922,273.078125
8,21,9,15387,15010.005,376.9951171875
1,14,3,13516,13458.2295,57.7705078125
8,1,20,19343,19483.56,140.560546875
7,7,18,21262,22146.621,884.62109375
9,15,1,13626,14723.586,1097.5859375
1,29,13,17808,17717.322,90.677734375
1,2,1,13251,14201.793,950.79296875
12,23,19,17591,17838.744,247.744140625
1,10,6,15813,16000.609,187.609375
1,31,23,19388,19535.326,147.326171875
3,28,6,14546,14345.536,200.4638671875
12,26,10,14917,14361.086,555.9140625
9,29,15,14583,15008.871,425.87109375
11,9,19,17594,17921.893,327.892578125
5,19,4,10327,11333.969,1006.96875
8,4,3,12572,12702.391,130.390625
4,17,17,13556,14533.891,977.890625
2,12,3,13299,13593.344,294.34375
7,13,9,16166,16454.645,288.64453125
3,12,1,13673,13350.983,322.0166015625
6,25,10,14835,15582.235,747.2353515625
10,2,18,16678,16365.277,312.72265625
12,18,10,16993,16712.348,280.65234375
4,28,19,14571,14859.988,288.98828125
1,1,4,12605,12304.525,300.474609375
11,28,16,14703,15019.666,316.666015625
6,12,1,12330,12599.336,269.3359375
7,17,21,20351,21259.895,908.89453125
1,8,2,16212,15847.76,364.240234375
12,6,10,17464,18261.453,797.453125
7,24,2,14676,14926.633,250.6328125
5,2,19,16146,16780.041,634.041015625
7,5,13,15268,15458.873,190.873046875
1,20,23,17726,18045.822,319.822265625
3,9,6,16204,15475.35,728.650390625
3,8,12,15206,15742.124,536.1240234375
9,25,2,14125,14651.85,526.849609375
2,4,18,18307,18374.738,67.73828125
6,29,13,17204,18090.291,886.291015625
1,29,14,17441,17116.129,324.87109375
2,10,7,16574,15917.944,656.0556640625
12,13,22,19193,19258.148,65.1484375
11,26,18,17380,16704.893,675.107421875
7,17,22,17986,17463.068,522.931640625
9,21,22,15051,14964.48,86.51953125
3,14,1,13640,13888.297,248.296875
4,29,15,14373,14737.946,364.9462890625
12,22,4,13329,12837.992,491.0078125
12,10,7,14670,14758.666,88.666015625
1,10,22,18825,18818.502,6.498046875
1,22,20,18753,19312.523,559.5234375
9,30,8,15421,15131.007,289.9931640625
7,21,15,17418,17412.121,5.87890625
10,17,7,15354,14355.166,998.833984375
1,31,11,18018,17979.549,38.451171875
10,19,18,17294,17653.596,359.595703125
7,12,5,12210,12090.98,119.01953125
10,24,6,12802,12902.814,100.814453125
5,6,3,11284,11240.719,43.28125
11,19,19,19530,19402.412,127.587890625
7,5,13,17392,17535.31,143.310546875
4,19,22,13955,14241.371,286.37109375
1,27,4,14555,14554.8545,0.1455078125
6,11,21,16513,17090.174,577.173828125
9,16,15,20342,20013.885,328.115234375
2,4,21,17382,17575.947,193.947265625
1,18,21,17872,18127.033,255.033203125
6,15,7,14827,13616.764,1210.236328125
8,25,2,13612,13142.58,469.419921875
10,3,20,19454,19245.725,208.275390625
2,24,22,18581,18286.275,294.724609375
9,8,3,11305,11497.972,192.9716796875
9,25,2,12378,12721.484,343.484375
9,27,4,12286,12214.405,71.5947265625
1,20,19,20664,20200.754,463.24609375
7,21,3,14667,14590.959,76.041015625
8,19,3,14183,14423.322,240.322265625
1,13,13,17410,16517.201,892.798828125
11,5,23,12581,13324.674,743.673828125
8,17,18,19523,20151.213,628.212890625
10,15,14,13645,13327.859,317.140625
5,5,14,14821,14996.046,175.0458984375
2,7,4,14469,14515.877,46.876953125
8,7,12,21068,21162.965,94.96484375
3,6,12,18272,18238.732,33.267578125
5,22,9,15320,15217.258,102.7421875
5,17,13,15113,17755.24,2642.240234375
5,9,14,14201,14689.506,488.505859375
8,23,7,13113,13120.765,7.7646484375
7,19,5,13608,14226.195,618.1953125
12,25,14,13124,13755.816,631.81640625
4,10,8,16115,16286.518,171.517578125
11,22,18,19092,18904.459,187.541015625
10,11,21,14776,15348.461,572.4609375
1,16,10,16582,16887.354,305.353515625
10,18,16,15605,15671.094,66.09375
3,9,21,16454,16431.643,22.357421875
7,2,20,14880,16673.307,1793.306640625
9,27,22,14370,14123.197,246.802734375
6,3,10,13971,14385.414,414.4140625
1,8,1,15521,14375.831,1145.1689453125
9,10,3,11561,11372.591,188.4091796875
9,11,14,16789,17411.232,622.232421875
1,6,21,18731,18240.205,490.794921875
2,21,9,17612,17283.613,328.38671875
8,11,2,11734,11585.047,148.953125
3,28,11,17022,17953.863,931.86328125
9,23,18,16022,15799.298,222.7021484375
12,21,14,18291,17924.809,366.19140625
7,1,7,11980,11472.379,507.62109375
6,10,8,15120,15214.943,94.943359375
9,11,20,17088,17258.752,170.751953125
12,4,7,16374,15573.521,800.478515625
10,25,18,17429,17201.154,227.845703125
4,6,17,14836,14340.797,495.203125
1,28,4,12453,12509.832,56.83203125
12,10,13,16379,16430.98,51.98046875
4,3,3,12443,12538.2,95.2001953125
1,2,23,15145,15480.538,335.5380859375
10,10,8,13041,12953.583,87.4169921875
8,13,20,17666,17810.729,144.728515625
7,9,5,13064,12244.078,819.921875
10,7,16,16388,17301.805,913.8046875
11,9,14,14361,14786.592,425.591796875
3,23,0,15070,15727.81,657.8095703125
7,17,8,16054,16542.73,488.73046875
11,9,5,13162,12708.904,453.095703125
7,22,16,19444,19801.947,357.947265625
11,4,1,12947,12733.262,213.73828125
4,18,18,17124,17388.61,264.609375
10,18,11,14534,14355.549,178.451171875
2,27,11,17339,18091.902,752.90234375
6,1,7,14011,13450.286,560.7138671875
6,26,7,13722,13887.519,165.5185546875
10,9,15,14334,14357.299,23.298828125
10,16,7,12540,12783.73,243.73046875
3,22,15,15344,15735.064,391.064453125
4,27,17,13173,14566.717,1393.716796875
9,13,13,15545,15863.277,318.27734375
7,6,16,19873,19932.568,59.568359375
3,28,1,12077,12384.26,307.259765625
4,21,10,13622,14678.479,1056.478515625
5,16,8,14674,14411.549,262.451171875
7,31,16,17285,17918.701,633.701171875
1,2,11,16037,16938.207,901.20703125
5,6,18,13762,13789.228,27.2275390625
6,18,17,19562,20255.158,693.158203125
12,20,3,14607,14314.59,292.41015625
9,7,21,15324,15249.815,74.1845703125
4,28,4,10832,11936.872,1104.8720703125
8,13,10,18953,17633.434,1319.56640625
12,26,16,16171,16572.01,401.009765625
11,5,20,17702,17656.225,45.775390625
6,18,4,12070,12344.026,274.0263671875
9,14,19,15354,14811.467,542.533203125
3,9,6,14288,14293.203,5.203125
1,17,10,14981,15240.512,259.51171875
6,20,1,13327,13463.02,136.01953125
2,25,5,13952,14464.527,512.52734375
1,15,23,18159,18475.232,316.232421875
8,4,23,18709,18472.701,236.298828125
10,3,2,13009,13220.727,211.7265625
1,4,13,17465,17796.057,331.056640625
12,27,1,12669,12902.783,233.783203125
5,30,19,13632,14443.557,811.556640625
3,16,23,14529,14985.826,456.826171875
10,9,3,11385,11002.35,382.650390625
1,13,21,17884,16989.434,894.56640625
10,30,14,15394,15619.271,225.271484375
9,10,21,16644,16257.918,386.08203125
6,11,13,16304,16451.014,147.013671875
9,6,11,15975,14904.357,1070.642578125
6,5,16,16845,16224.704,620.2958984375
3,26,3,13413,13434.448,21.4482421875
6,25,7,14065,13955.09,109.91015625
1,11,8,17114,16444.766,669.234375
11,5,18,17345,17662.793,317.79296875
9,28,0,12661,13192.226,531.2255859375
2,24,13,16154,16826.982,672.982421875
4,20,4,11101,11418.916,317.916015625
11,24,12,14362,14354.684,7.31640625
7,18,4,12795,13280.424,485.423828125
8,16,21,19345,18988.03,356.970703125
7,11,10,17411,17539.979,128.978515625
5,4,13,15241,14993.85,247.150390625
12,17,1,14721,13729.421,991.5791015625
2,27,20,17771,18213.828,442.828125
12,19,0,16206,15282.867,923.1328125
7,7,2,14589,15437.729,848.728515625
2,22,9,17116,16659.924,456.076171875
8,22,10,17785,18041.822,256.822265625
1,2,2,12662,13324.691,662.69140625
10,27,12,15271,15286.744,15.744140625
7,16,9,19801,19565.145,235.85546875
8,2,15,19148,18739.1,408.900390625
3,17,18,16105,16638.838,533.837890625
4,21,14,15078,15609.26,531.259765625
11,27,12,16274,16328.79,54.7900390625
11,10,14,16141,15747.844,393.15625
4,24,1,13122,13350.81,228.8095703125
12,27,12,16622,17153.816,531.81640625
12,23,16,16772,16482.111,289.888671875
9,11,16,16267,15911.202,355.7978515625
12,22,20,20197,19942.021,254.978515625
3,15,23,14501,14797.831,296.8310546875
5,12,10,15323,14701.405,621.5947265625
6,7,19,15753,16148.982,395.982421875
1,7,13,16925,17309.748,384.748046875
11,24,12,15764,15386.725,377.275390625
5,2,7,12445,12439.578,5.421875
11,8,5,10808,10905.499,97.4990234375
8,13,22,17741,17463.139,277.861328125
5,29,10,15801,17077.025,1276.025390625
4,2,4,13396,12697.091,698.9091796875
3,27,16,14069,14988.797,919.796875
5,26,4,11892,12184.142,292.1416015625
11,29,11,15042,15043.65,1.650390625
12,5,9,14970,14854.129,115.87109375
3,8,23,16241,15946.074,294.92578125
10,13,3,12252,12466.575,214.5751953125
10,30,9,16484,15992.104,491.896484375
12,5,10,17797,18094.781,297.78125
3,23,14,13944,14169.652,225.65234375
8,22,13,19160,18957.635,202.365234375
10,4,0,12606,12473.566,132.43359375
8,31,18,17706,18163.63,457.630859375
3,15,2,14942,14803.186,138.814453125
11,15,2,14214,14527.33,313.330078125
12,4,15,16644,17412.223,768.22265625
12,28,5,11787,11796.611,9.611328125
7,31,9,14882,14918.503,36.5029296875
3,5,20,18299,18298.006,0.994140625
11,24,13,16960,16946.508,13.4921875
11,12,15,16356,15323.869,1032.130859375
9,3,16,14685,15888.712,1203.7119140625
8,10,19,21279,21514.264,235.263671875
1,6,21,17644,18318.912,674.912109375
3,17,0,14313,13502.001,810.9990234375
4,8,8,13941,15708.061,1767.060546875
12,18,9,18179,17426.836,752.1640625
8,24,9,18733,18189.63,543.369140625
7,6,6,14472,14175.492,296.5078125
3,10,12,15530,16278.531,748.53125
6,6,5,12118,11839.725,278.275390625
3,20,12,13643,13424.506,218.494140625
7,10,14,16649,16447.092,201.908203125
12,2,17,17569,17719.604,150.603515625
8,14,22,17683,17617.219,65.78125
9,14,11,16175,17423.752,1248.751953125
3,1,4,12673,12507.518,165.482421875
12,18,7,15120,15011.278,108.7216796875
12,12,11,18534,18295.707,238.29296875
1,13,22,19998,19875.371,122.62890625
10,10,18,15734,15918.277,184.27734375
6,30,21,17632,18239.404,607.404296875
2,24,22,15515,15098.6,416.400390625
5,3,14,14802,15474.124,672.1240234375
11,21,10,16769,16395.572,373.427734375
2,10,17,18427,18618.361,191.361328125
1,3,11,15759,16039.133,280.1328125
12,25,1,12083,12501.932,418.931640625
12,18,21,19516,18741.951,774.048828125
7,6,20,19314,19755.691,441.69140625
2,21,11,19196,18677.512,518.48828125
3,6,9,16705,16706.64,1.640625
10,17,3,11740,12241.864,501.8642578125
9,27,11,15134,15550.518,416.517578125
8,21,7,14475,15213.16,738.16015625
10,15,7,12833,12344.12,488.8798828125
6,15,23,15940,16502.502,562.501953125
5,30,8,11536,12414.156,878.15625
12,5,4,13451,13809.009,358.0087890625
2,7,7,16277,15449.529,827.470703125
10,2,9,12407,12671.033,264.033203125
12,31,16,16116,17086.496,970.49609375
5,19,6,13135,12616.412,518.587890625
5,14,1,12504,12472.703,31.296875
12,15,6,16019,15576.159,442.8408203125
12,18,17,18319,18452.658,133.658203125
10,27,21,17177,16502.803,674.197265625
9,15,18,17981,18933.746,952.74609375
4,19,1,11941,12379.623,438.623046875
5,3,10,14826,14918.407,92.4072265625
3,14,23,15960,15624.844,335.15625
10,6,23,13361,13255.3955,105.6044921875
2,26,9,14099,14843.074,744.07421875
11,8,7,13365,12760.543,604.45703125
12,3,19,19698,19701.557,3.556640625
2,24,22,17144,16575.111,568.888671875
6,22,4,12319,12829.521,510.521484375
10,31,22,15204,14831.691,372.30859375
5,17,7,14243,13936.628,306.3720703125
12,28,11,14761,15166.134,405.1337890625
11,28,4,13683,13621.016,61.984375
6,22,2,12072,11938.732,133.267578125
2,6,14,19181,18698.344,482.65625
1,9,15,16807,17202.506,395.505859375
6,3,8,16833,16391.057,441.943359375
10,30,22,15400,15265.367,134.6328125
10,17,15,12766,13228.697,462.697265625
2,7,4,12812,11925.601,886.3994140625
6,20,12,16392,15633.391,758.609375
2,9,15,16684,16512.006,171.994140625
8,27,9,17730,16735.947,994.052734375
9,13,16,15884,16496.428,612.427734375
3,14,1,14856,14644.115,211.884765625
8,1,2,12920,12418.939,501.060546875
10,20,15,15955,15923.933,31.0673828125
7,31,22,21495,21456.662,38.337890625
10,16,19,17191,17181.664,9.3359375
3,11,20,17529,17034.146,494.853515625
1,10,4,14083,14230.471,147.470703125
4,18,14,15835,14937.944,897.0556640625
6,5,11,16973,17343.318,370.318359375
10,3,4,11888,11575.541,312.458984375
11,21,21,18512,17796.299,715.701171875
8,6,8,14093,14969.851,876.8505859375
6,8,12,14519,14365.002,153.998046875
9,14,20,17307,17512.902,205.90234375
2,14,19,20016,19719.697,296.302734375
9,27,8,14855,15302.764,447.763671875
4,20,23,13554,13597.89,43.8896484375
11,1,14,13574,13247.18,326.8203125
9,22,9,14359,13939.98,419.01953125
10,18,6,13380,13170.719,209.28125
7,4,11,14072,14596.129,524.12890625
10,24,18,15954,16316.998,362.998046875
10,16,23,12799,13034.9,235.900390625
8,14,8,14021,13721.487,299.5126953125
11,3,19,16597,16191.164,405.8359375
3,21,21,15969,16226.376,257.3759765625
12,6,21,17167,17341.873,174.873046875
2,8,17,17393,17394.81,1.810546875
12,1,3,14097,13934.862,162.1376953125
7,10,5,13231,13405.36,174.3603515625
11,12,22,14721,15247.064,526.064453125
7,16,8,16045,16860.688,815.6875
5,9,10,14528,14881.115,353.115234375
12,25,2,12819,12663.033,155.966796875
4,4,2,12344,12159.724,184.2763671875
1,9,21,17727,17912.03,185.029296875
1,24,7,19621,18411.916,1209.083984375
7,4,7,11686,11756.178,70.177734375
7,1,21,16475,16965.994,490.994140625
4,24,9,15808,15333.828,474.171875
3,13,15,13436,13237.855,198.14453125
12,28,2,13129,13790.758,661.7578125
5,26,18,14256,14193.154,62.845703125
1,26,5,14939,14928.054,10.9462890625
6,19,18,18770,18380.621,389.37890625
4,13,22,13527,14624.803,1097.802734375
10,16,6,11143,11250.539,107.5390625
9,25,16,16709,16711.89,2.890625
4,28,2,12257,12206.264,50.736328125
7,22,23,14741,15633.109,892.109375
9,25,0,13254,13593.492,339.4921875
5,7,1,12411,12216.684,194.31640625
9,7,10,13472,13473.432,1.431640625
5,14,0,12068,12214.543,146.54296875
12,13,8,18752,18595.697,156.302734375
1,2,19,18657,19655.768,998.767578125
8,2,15,17617,17921.338,304.337890625
4,29,6,11343,11224.081,118.9189453125
3,5,22,16542,15781.32,760.6796875
11,5,13,15179,15636.881,457.880859375
10,14,3,11966,12117.545,151.544921875
4,24,1,11831,11601.25,229.75
4,25,1,12495,12789.379,294.37890625
1,17,22,18508,18247.592,260.408203125
2,2,9,19494,19311.412,182.587890625
5,16,14,14307,14545.146,238.146484375
5,14,12,12177,12481.733,304.7333984375
8,30,23,13494,13479.311,14.689453125
10,5,17,15342,15812.205,470.205078125
12,5,8,16783,17131.373,348.373046875
11,6,13,13564,13765.855,201.85546875
11,4,6,12502,12614.232,112.232421875
7,1,22,14274,14158.912,115.087890625
11,18,22,15785,15185.8545,599.1455078125
4,21,9,16162,16665.217,503.216796875
7,13,20,16836,16627.666,208.333984375
7,21,2,13510,13824.066,314.06640625
7,27,19,18861,20219.092,1358.091796875
5,5,23,13194,13059.254,134.74609375
8,28,12,16308,17513.75,1205.75
5,12,4,12020,12384.844,364.84375
2,24,20,17535,17246.629,288.37109375
3,1,22,17636,17423.088,212.912109375
3,5,6,15420,15564.984,144.984375
10,14,2,12116,11913.958,202.0419921875
7,29,7,15448,15801.656,353.65625
4,6,6,13819,12895.379,923.62109375
6,10,3,11543,11360.797,182.203125
1,23,6,16163,15817.814,345.185546875
7,31,12,15391,15575.531,184.53125
12,28,6,12802,14282.842,1480.841796875
4,2,20,14893,15161.561,268.560546875
8,7,20,15639,16981.936,1342.935546875
9,11,22,16479,15898.744,580.255859375
1,12,12,18516,18078.115,437.884765625
5,24,7,14217,13991.805,225.1953125
3,27,18,14596,15308.043,712.04296875
9,21,4,11611,12252.617,641.6171875
11,17,2,13586,13844.428,258.427734375
9,5,6,13185,13001.574,183.42578125
11,6,7,14847,14284.871,562.12890625
11,3,12,15114,16459.28,1345.279296875
2,28,4,13243,13070.475,172.525390625
9,26,16,21345,22157.775,812.775390625
2,22,17,19275,19175.557,99.443359375
7,5,21,18051,19075.736,1024.736328125
1,14,13,17571,17174.584,396.416015625
7,28,12,19020,18192.318,827.681640625
9,8,9,15244,15409.359,165.359375
8,15,20,20874,20573.676,300.32421875
4,20,23,13608,13659.302,51.3017578125
4,14,18,15824,15434.363,389.63671875
1,21,20,17776,18493.217,717.216796875
4,2,1,13195,13525.802,330.8017578125
4,14,13,14984,14436.445,547.5546875
3,20,21,16828,16349.907,478.0927734375
10,21,20,15718,15584.861,133.138671875
12,28,19,19697,20312.1,615.099609375
10,7,8,15376,14664.18,711.8203125
7,17,10,19048,19306.77,258.76953125
7,26,9,17607,17924.127,317.126953125
5,31,23,12721,12538.844,182.15625
7,7,2,13784,13090.016,693.984375
9,1,1,13869,13511.741,357.2587890625
11,19,13,16478,17108.97,630.970703125
8,14,3,12886,13754.462,868.4619140625
10,15,0,12904,13394.201,490.201171875
9,21,17,18543,19351.521,808.521484375
3,16,17,16596,15962.562,633.4384765625
7,17,14,18170,18746.592,576.591796875
1,22,7,16674,17315.723,641.72265625
6,17,5,11827,12453.543,626.54296875
2,27,12,19132,18750.281,381.71875
7,5,8,12286,12482.557,196.556640625
4,25,21,15575,15136.111,438.888671875
12,23,18,18051,17855.986,195.013671875
8,4,5,12748,13226.553,478.552734375
10,21,1,12202,11825.264,376.736328125
9,9,3,11956,12126.049,170.048828125
6,24,6,13205,13464.457,259.45703125
12,25,9,16150,15585.779,564.220703125
8,15,18,21649,21014.377,634.623046875
8,14,22,18571,18139.154,431.845703125
12,28,11,18676,18747.822,71.822265625
9,15,23,14671,14694.362,23.3623046875
12,10,11,16865,17048.14,183.140625
5,3,3,12068,11763.924,304.076171875
5,16,2,11733,11113.504,619.49609375
8,19,14,20797,20404.262,392.73828125
8,18,20,17510,17361.713,148.287109375
8,31,19,18665,19322.521,657.521484375
8,22,14,20483,20459.512,23.48828125
3,20,16,13817,13760.032,56.9677734375
11,12,7,16304,16140.15,163.849609375
11,28,16,17360,16758.096,601.904296875
6,14,2,11609,12202.832,593.83203125
5,25,13,16539,16666.57,127.5703125
12,4,6,13632,14547.208,915.2080078125
2,8,16,18113,18224.986,111.986328125
5,10,3,12079,11996.426,82.57421875
9,28,2,12130,12509.053,379.052734375
12,24,14,18279,18881.621,602.62109375
2,17,15,17820,17613.006,206.994140625
4,7,4,11920,12354.098,434.09765625
4,7,8,16737,16037.216,699.7841796875
10,15,7,15096,14404.15,691.849609375
2,4,4,14366,13799.906,566.09375
6,19,7,15459,15061.729,397.271484375
6,4,12,16349,17694.572,1345.572265625
9,5,6,16249,15612.082,636.91796875
10,7,0,13001,12868.586,132.4140625
7,11,6,13811,13773.838,37.162109375
3,15,0,15216,14499.128,716.8720703125
9,16,3,11233,11626.958,393.9580078125
10,25,6,13571,13178.273,392.7265625
9,5,11,14633,15573.894,940.8935546875
9,30,4,11578,11534.059,43.94140625
7,5,22,16401,16350.873,50.126953125
2,9,19,19008,18692.584,315.416015625
10,14,5,12521,13127.693,606.693359375
9,6,12,14285,14023.74,261.259765625
1,2,4,12473,13309.24,836.240234375
4,30,3,11848,12104.969,256.96875
12,17,21,18552,18084.0,468.0
9,19,8,12792,12403.137,388.86328125
12,5,22,17283,17662.559,379.55859375
11,4,12,14286,14984.217,698.216796875
10,17,23,13385,13958.427,573.4267578125
1,11,17,17375,17964.346,589.345703125
1,24,9,18714,18275.053,438.947265625
11,2,21,15794,15833.6,39.599609375
11,3,2,13005,12548.047,456.953125
3,9,16,16071,15632.807,438.193359375
2,26,9,18350,18341.451,8.548828125
11,6,10,16182,16025.381,156.619140625
5,7,23,13175,14296.857,1121.857421875
6,25,20,17089,17347.059,258.05859375
9,19,19,16489,16990.562,501.5625
9,14,5,13084,12442.806,641.1943359375
11,26,0,13453,13392.18,60.8203125
7,25,2,14115,13902.349,212.6513671875
12,18,9,18215,17669.125,545.875
10,8,12,15063,15414.538,351.5380859375
6,9,7,14471,13696.28,774.7197265625
3,28,10,15962,15549.812,412.1884765625
11,3,15,14612,14368.842,243.158203125
3,14,20,16322,15910.826,411.173828125
11,9,10,15398,14814.934,583.06640625
12,20,15,17792,17549.613,242.38671875
10,4,17,17232,18182.299,950.298828125
1,12,0,14589,14043.925,545.0751953125
3,16,14,14753,15414.494,661.494140625
9,29,1,11124,11208.514,84.513671875
5,28,10,16335,15795.081,539.9189453125
6,14,2,11407,11720.032,313.0322265625
5,7,17,12809,13111.85,302.849609375
6,2,8,12369,11973.301,395.69921875
7,31,7,12455,13339.372,884.3720703125
9,18,4,12072,11935.584,136.416015625
1,18,8,17433,17393.725,39.275390625
6,1,7,16729,15550.189,1178.810546875
9,4,23,13628,13593.632,34.3681640625
8,29,12,16227,16368.256,141.255859375
1,30,12,17957,17183.018,773.982421875
11,24,22,17396,16883.941,512.05859375
4,6,18,14376,14936.115,560.115234375
8,7,11,20705,20554.865,150.134765625
8,13,5,13655,13385.981,269.0185546875
8,2,4,13342,13821.893,479.892578125
11,8,17,17553,16867.1,685.900390625
10,5,20,16638,16695.256,57.255859375
7,6,4,12905,12879.905,25.0947265625
2,4,4,13509,13617.623,108.623046875
1,5,7,13641,13526.832,114.16796875
5,8,20,14063,15126.798,1063.7978515625
4,29,22,14686,14543.92,142.080078125
10,5,16,14270,13918.1045,351.8955078125
7,29,3,14297,14140.182,156.818359375
4,5,14,15305,16035.717,730.716796875
9,14,17,16356,17675.547,1319.546875
2,17,5,14702,14801.164,99.1640625
12,4,5,13483,14284.763,801.7626953125
2,14,17,16213,15718.748,494.251953125
10,27,17,16617,15995.719,621.28125
12,26,5,12063,12075.906,12.90625
1,5,20,18193,18996.615,803.615234375
10,13,12,13996,14223.558,227.5576171875
7,24,21,19497,19814.494,317.494140625
6,28,20,20339,20372.316,33.31640625
11,5,19,15108,15639.191,531.19140625
7,21,12,17239,16804.309,434.69140625
6,26,6,13033,13114.524,81.5244140625
12,10,12,17144,17250.81,106.810546875
11,16,22,16054,15643.362,410.6376953125
10,26,0,13200,13338.455,138.455078125
11,15,4,13542,13035.871,506.12890625
7,31,6,13768,14124.417,356.4169921875
10,5,13,14676,14725.162,49.162109375
5,7,18,13712,14450.333,738.3330078125
2,17,11,18421,18010.502,410.498046875
4,4,1,13517,13099.236,417.763671875
7,12,12,17048,18182.426,1134.42578125
10,10,7,15763,13959.158,1803.841796875
12,6,21,19009,18962.121,46.87890625
4,23,11,14792,14159.742,632.2578125
12,21,19,18427,18811.629,384.62890625
4,4,6,15764,14587.007,1176.9931640625
11,30,9,16495,15795.422,699.578125
3,25,0,12201,12607.212,406.2119140625
6,10,10,14554,15236.129,682.12890625
2,9,13,15531,15418.039,112.9609375
9,1,14,13924,14138.725,214.724609375
7,17,15,19101,19568.264,467.263671875
7,17,3,12468,12544.6455,76.6455078125
10,11,16,15780,15602.014,177.986328125
11,22,9,17350,16631.06,718.939453125
11,20,19,18197,18513.371,316.37109375
1,15,18,19131,18710.771,420.228515625
6,18,3,15132,14992.402,139.59765625
1,21,1,14297,14833.068,536.068359375
1,30,17,19429,19642.53,213.529296875
5,20,9,12283,12690.195,407.1953125
2,28,2,16439,15803.701,635.298828125
6,19,23,15229,15451.298,222.2978515625
2,17,11,16178,16331.148,153.1484375
7,25,19,20825,21262.656,437.65625
3,11,10,14670,14650.443,19.556640625
2,27,9,16149,16511.135,362.134765625
12,17,23,16927,16865.896,61.103515625
6,8,9,14461,15203.493,742.4931640625
3,18,0,14120,14069.418,50.58203125
4,16,21,16201,16272.957,71.95703125
2,13,6,14530,14865.554,335.5537109375
11,16,0,15309,14993.057,315.943359375
8,17,21,18529,18426.852,102.1484375
11,17,6,13256,13432.527,176.52734375
10,10,10,15581,15244.98,336.01953125
12,23,8,15254,15503.1875,249.1875
6,9,12,16617,17303.693,686.693359375
11,17,18,17115,16028.1,1086.900390625
7,25,5,12557,12278.483,278.5166015625
8,25,21,21528,21353.111,174.888671875
11,28,2,14417,14231.816,185.18359375
7,20,20,19952,22026.809,2074.80859375
7,16,6,14038,14162.416,124.416015625
1,14,10,16947,17161.58,214.580078125
4,3,5,12729,12926.217,197.216796875
12,17,9,18578,17821.037,756.962890625
5,3,15,15396,14685.149,710.8505859375
1,18,16,18071,18151.291,80.291015625
11,11,7,13901,13872.811,28.189453125
1,21,20,20875,21232.697,357.697265625
3,11,12,15447,15387.387,59.61328125
3,16,18,16216,16123.793,92.20703125
5,2,19,13759,13804.049,45.048828125
3,30,18,15874,15550.736,323.263671875
1,4,10,17157,17286.254,129.25390625
12,21,12,17470,17619.95,149.94921875
12,5,11,18675,17965.123,709.876953125
7,27,6,14960,15086.123,126.123046875
5,28,16,13583,14072.342,489.341796875
7,30,7,12356,12365.047,9.046875
5,18,17,13169,13391.143,222.142578125
12,11,13,17815,17677.926,137.07421875
7,5,19,21171,22422.193,1251.193359375
3,14,17,18276,18422.244,146.244140625
10,3,6,14446,14254.729,191.271484375
10,19,11,14500,14581.752,81.751953125
5,25,21,18378,18725.967,347.966796875
7,1,1,14233,14615.359,382.359375
6,3,4,11426,11722.697,296.697265625
9,26,12,16424,17176.72,752.720703125
1,18,13,18689,17902.033,786.966796875
5,16,16,12619,13499.101,880.1005859375
7,12,9,16932,17022.57,90.5703125
12,8,19,19971,20370.719,399.71875
8,10,12,17507,17391.96,115.0390625
8,28,8,18566,18088.645,477.35546875
8,5,6,13457,13965.424,508.423828125
12,4,13,15094,15876.048,782.0478515625
6,8,6,14062,13717.526,344.4736328125
1,15,4,16074,15711.969,362.03125
3,16,10,16688,16328.098,359.90234375
11,8,11,16481,17385.842,904.841796875
1,1,0,14665,14489.2705,175.7294921875
7,6,18,23173,22694.76,478.240234375
2,1,2,14841,14875.223,34.22265625
3,8,17,15951,15960.762,9.76171875
3,4,12,17016,17812.086,796.0859375
2,6,12,18307,17948.338,358.662109375
7,27,15,18199,19086.92,887.919921875
5,21,10,13078,12874.057,203.943359375
4,30,10,15180,15304.978,124.9775390625
1,22,15,17525,17098.393,426.607421875
3,5,8,15465,14486.998,978.001953125
9,19,8,16459,16857.889,398.888671875
6,12,7,11754,11975.645,221.64453125
12,15,7,17277,16907.719,369.28125
4,13,21,16209,16083.531,125.46875
3,1,5,13074,13156.826,82.826171875
11,9,3,12790,12683.189,106.810546875
5,20,17,18523,19365.408,842.408203125
3,7,19,17290,16389.98,900.01953125
3,22,21,17106,15851.843,1254.1572265625
2,19,4,12957,12754.889,202.111328125
3,16,0,13985,13918.214,66.7861328125
12,11,21,21070,20144.77,925.23046875
6,15,5,12135,11500.76,634.240234375
5,31,16,14424,15340.817,916.8173828125
8,9,6,13624,13933.24,309.240234375
4,3,2,11671,12155.728,484.7275390625
1,10,23,16995,17104.518,109.517578125
12,29,23,17483,18189.541,706.541015625
6,6,14,16029,15781.613,247.38671875
2,26,6,15134,15351.6875,217.6875
1,14,7,16147,15755.141,391.859375
10,3,9,15350,14952.174,397.826171875
4,5,19,15376,15747.811,371.810546875
2,15,21,18624,17617.732,1006.267578125
9,10,15,18668,18723.123,55.123046875
5,10,20,15459,16563.328,1104.328125
5,7,1,12101,12365.922,264.921875
11,22,18,17926,17437.98,488.01953125
6,5,11,14797,15196.318,399.318359375
8,28,15,19767,18865.137,901.86328125
9,5,21,17926,16949.166,976.833984375
8,15,1,14027,13734.447,292.552734375
6,24,13,17431,17415.19,15.810546875
1,4,23,15772,16404.682,632.681640625
10,9,20,15097,15345.221,248.220703125
12,28,0,14012,13651.074,360.92578125
10,19,23,12915,12563.203,351.796875
6,3,13,17056,17158.85,102.849609375
11,4,23,14757,13362.078,1394.921875
7,14,22,17675,17959.844,284.84375
1,25,22,18495,18555.418,60.41796875
9,27,19,16330,16749.604,419.603515625
1,13,8,20220,20153.686,66.314453125
1,27,22,17537,17192.043,344.95703125
1,11,20,18186,18503.35,317.349609375
11,29,16,18014,17500.305,513.6953125
4,26,0,12477,12402.456,74.5439453125
6,22,7,14383,13706.974,676.0263671875
12,11,17,16089,16452.549,363.548828125
1,23,14,17245,16944.66,300.33984375
11,11,5,11428,12477.324,1049.32421875
8,9,4,13984,14492.844,508.84375
11,1,13,14628,14807.59,179.58984375
3,31,19,15608,16269.854,661.853515625
5,15,4,12044,11700.009,343.9912109375
8,16,8,15636,15655.067,19.0673828125
3,7,2,13285,12625.316,659.68359375
11,14,4,14478,13868.369,609.630859375
12,5,17,17718,18346.031,628.03125
12,19,22,18006,17466.549,539.451171875
3,19,9,15530,14937.182,592.818359375
7,16,1,13123,12759.328,363.671875
3,28,16,15901,16092.815,191.8154296875
3,31,8,17012,16200.395,811.60546875
6,6,13,15003,14817.568,185.431640625
9,26,6,13748,13916.294,168.2939453125
12,26,7,13339,13096.191,242.80859375
3,11,4,13725,12912.131,812.869140625
7,6,16,21432,22593.87,1161.869140625
1,12,16,17278,16805.71,472.2890625
2,10,0,16186,15962.266,223.734375
1,10,12,17294,17494.08,200.080078125
11,20,11,16832,16633.094,198.90625
8,30,17,17611,18333.535,722.53515625
9,29,9,12204,12776.508,572.5078125
7,12,6,13063,13813.727,750.7265625
9,12,23,15597,14743.221,853.779296875
4,8,8,14086,13621.008,464.9921875
7,19,11,15333,15099.973,233.02734375
7,10,9,13015,14036.553,1021.552734375
8,27,14,16184,16239.875,55.875
9,28,1,11861,12342.041,481.041015625
9,21,3,12002,12188.75,186.75
7,26,2,14316,14785.354,469.353515625
10,5,15,18223,18202.762,20.23828125
12,26,0,13696,13304.395,391.60546875
7,27,8,19461,19804.334,343.333984375
9,28,21,15452,16014.451,562.451171875
6,10,4,11218,11349.785,131.78515625
7,18,0,13333,14311.011,978.0107421875
10,20,2,11293,11799.084,506.083984375
5,21,3,12023,12339.332,316.33203125
1,29,6,14475,14938.16,463.16015625
11,24,8,14469,14413.005,55.9951171875
2,29,23,17083,16468.8,614.19921875
5,21,2,10420,10844.354,424.353515625
2,10,17,16334,16034.029,299.970703125
11,18,10,14982,14974.33,7.669921875
7,23,23,17508,17499.725,8.275390625
4,14,16,13623,14197.183,574.1826171875
12,16,23,16559,16066.578,492.421875
6,4,23,13367,13592.484,225.484375
7,31,23,13068,13549.068,481.068359375
6,19,7,14564,14431.623,132.376953125
8,23,3,12542,12329.551,212.44921875
12,20,10,14967,15203.733,236.7333984375
1,4,11,15940,16624.674,684.673828125
2,8,12,18584,18201.225,382.775390625
10,27,8,15956,15667.975,288.025390625
8,1,2,13331,13196.575,134.4248046875
5,8,10,14462,14469.852,7.8515625
10,5,13,12635,13474.135,839.134765625
8,2,2,13209,13029.523,179.4765625
4,27,7,15371,14740.49,630.509765625
3,28,16,14904,14525.715,378.28515625
11,20,17,16609,16614.674,5.673828125
9,4,6,11353,11015.844,337.15625
10,3,7,15342,14228.809,1113.19140625
8,7,21,17500,18366.502,866.501953125
5,22,2,10855,11702.652,847.65234375
6,9,18,15658,16155.623,497.623046875
6,3,12,14310,13995.975,314.025390625
11,14,12,14018,14097.705,79.705078125
6,1,19,17163,16717.85,445.150390625
12,16,8,15836,16368.686,532.685546875
2,20,23,17509,17496.328,12.671875
3,13,8,16979,16576.354,402.646484375
8,7,16,17681,18846.229,1165.228515625
1,29,17,19441,18548.654,892.345703125
1,27,13,17328,16610.121,717.87890625
8,14,22,14909,14719.746,189.25390625
4,23,22,13701,13767.977,66.9765625
12,5,18,19643,18580.549,1062.451171875
9,19,10,12775,13510.799,735.798828125
2,2,10,17916,17240.113,675.88671875
3,14,18,17023,16977.654,45.345703125
10,4,13,15596,15681.889,85.888671875
10,13,3,10708,11745.748,1037.748046875
8,19,8,16408,16210.239,197.7607421875
11,21,9,14197,14121.421,75.5791015625
11,13,0,13917,14186.663,269.6630859375
8,11,10,16830,16454.965,375.03515625
1,12,16,16373,15943.595,429.4052734375
8,24,15,17559,17711.057,152.056640625
10,2,21,15783,15760.996,22.00390625
8,18,10,15764,16144.879,380.87890625
1,8,11,16576,15933.846,642.154296875
4,3,15,14382,14410.184,28.18359375
5,2,6,14494,13889.555,604.4453125
2,27,4,14120,13494.398,625.6015625
10,16,23,14383,14726.693,343.693359375
9,13,2,11435,11997.928,562.927734375
7,8,10,15642,15234.719,407.28125
5,10,2,11534,11600.114,66.1142578125
9,10,9,15505,15709.13,204.1298828125
1,30,10,19031,19307.393,276.392578125
3,24,2,13495,12982.465,512.53515625
3,10,14,14249,15141.87,892.8701171875
10,14,18,16129,16381.791,252.791015625
3,10,7,15628,15325.922,302.078125
3,27,21,14770,15661.355,891.35546875
12,5,0,14698,14664.738,33.26171875
10,18,9,15710,14977.117,732.8828125
4,2,5,11890,11443.503,446.4970703125
10,8,13,13978,13445.759,532.2412109375
6,4,19,16183,15576.8,606.2001953125
10,8,23,13278,13057.731,220.2685546875
2,8,10,17200,16951.396,248.603515625
12,30,14,17118,16534.873,583.126953125
5,4,1,10467,11652.359,1185.359375
10,6,0,12194,11679.523,514.4765625
3,14,6,14291,13698.0625,592.9375
2,24,12,18111,17276.469,834.53125
10,8,12,13956,14725.252,769.251953125
12,11,14,19106,18133.018,972.982421875
1,17,23,15383,15819.817,436.8173828125
4,16,22,13504,13577.171,73.1708984375
4,18,2,13371,13471.99,100.990234375
3,16,18,16104,16757.814,653.814453125
1,19,13,17117,17062.062,54.9375
3,26,6,15969,15569.012,399.98828125
11,6,15,13307,13244.26,62.740234375
1,18,11,17480,17971.127,491.126953125
1,18,11,17554,17591.18,37.1796875
10,14,18,15544,15322.455,221.544921875
3,30,16,15148,14770.175,377.8251953125
4,15,13,15486,15132.714,353.2861328125
10,31,3,12657,12285.609,371.390625
5,3,19,15406,17079.604,1673.603515625
1,26,19,18609,18501.016,107.984375
9,9,18,14270,13907.495,362.5048828125
4,30,6,14727,14165.264,561.736328125
11,22,6,13949,13392.844,556.15625
1,6,20,18547,18474.201,72.798828125
3,17,11,14590,14820.666,230.666015625
5,27,3,11467,11441.234,25.765625
12,1,8,15791,15277.941,513.05859375
8,7,21,17132,17363.041,231.041015625
12,18,11,17505,17303.025,201.974609375
5,2,2,11497,11707.789,210.7890625
12,27,2,12197,12994.174,797.173828125
7,25,3,11912,12024.717,112.716796875
9,5,12,18015,17663.865,351.134765625
3,18,8,17373,16439.162,933.837890625
1,28,17,17557,17069.883,487.1171875
11,30,10,16215,15787.771,427.228515625
9,27,6,13366,13381.131,15.130859375
12,19,17,19961,18781.072,1179.927734375
2,13,6,17581,17600.432,19.431640625
9,3,6,13572,13458.201,113.798828125
6,4,13,16833,17753.285,920.28515625
12,4,15,15111,16439.248,1328.248046875
1,22,10,19635,19416.568,218.431640625
7,3,10,14313,15141.742,828.7421875
3,23,20,16049,15959.486,89.513671875
2,12,8,15117,13852.898,1264.1015625
11,12,16,17771,17535.361,235.638671875
3,2,12,17662,17142.506,519.494140625
2,23,17,15447,16490.332,1043.33203125
8,17,1,15960,15818.655,141.3447265625
2,22,4,13548,13264.113,283.88671875
6,17,11,14628,15471.123,843.123046875
2,10,22,17889,17183.373,705.626953125
11,12,21,15361,15953.592,592.591796875
3,3,21,19406,18735.518,670.482421875
5,31,15,13250,12846.59,403.41015625
8,12,10,18301,17809.201,491.798828125
7,31,16,20349,20495.463,146.462890625
1,1,3,12531,12680.479,149.478515625
3,2,21,19812,19100.977,711.0234375
11,26,6,14812,15174.559,362.55859375
12,9,15,15894,15835.8125,58.1875
8,4,19,19783,20233.186,450.185546875
9,8,11,13327,13076.369,250.630859375
2,19,14,16989,16352.197,636.802734375
5,14,19,16499,16350.722,148.2783203125
6,5,23,13356,13228.82,127.1796875
11,6,10,13180,13165.022,14.9775390625
9,14,17,17082,16920.584,161.416015625
10,12,18,16255,16249.581,5.4189453125
9,17,23,12740,12524.348,215.65234375
12,15,22,17616,17494.541,121.458984375
3,2,23,16293,15731.316,561.68359375
9,4,17,15202,15614.357,412.357421875
9,26,17,16035,15609.9795,425.0205078125
3,11,11,14525,14848.633,323.6328125
12,29,10,16432,16412.768,19.232421875
11,16,7,15582,15043.471,538.529296875
8,18,4,13901,14464.598,563.59765625
10,15,16,14274,14876.68,602.6796875
5,19,10,13677,13766.194,89.1943359375
5,11,1,11635,11859.693,224.693359375
12,18,6,15355,15674.611,319.611328125
9,14,15,15083,16624.533,1541.533203125
10,30,5,13268,12845.444,422.5556640625
11,20,7,16756,15410.272,1345.7275390625
3,23,18,17399,17104.264,294.736328125
12,19,10,15985,15424.402,560.59765625
1,3,0,15879,15314.728,564.2724609375
4,6,20,17278,17430.807,152.806640625
8,1,6,13515,13637.85,122.849609375
4,5,11,15796,16103.742,307.7421875
3,10,14,15475,15866.76,391.759765625
1,2,17,18802,19310.17,508.169921875
8,16,14,21040,20754.31,285.689453125
11,3,7,14810,14479.883,330.1171875
9,25,7,11926,12257.826,331.826171875
7,11,10,19206,19604.098,398.09765625
12,10,19,20969,20655.17,313.830078125
5,8,5,12090,12042.92,47.080078125
9,26,16,13698,14503.363,805.36328125
8,13,9,17584,17331.027,252.97265625
5,5,10,14441,15461.96,1020.9599609375
10,16,12,14225,14807.934,582.93359375
6,7,8,15116,15530.795,414.794921875
1,3,1,15340,15765.924,425.923828125
10,25,13,16081,15853.312,227.6884765625
1,15,8,18989,19188.76,199.759765625
12,31,7,15897,15826.683,70.3173828125
4,22,11,13269,13432.711,163.7109375
6,25,1,14127,14746.89,619.8896484375
11,6,10,15604,15634.691,30.69140625
10,1,11,14458,15008.261,550.2607421875
6,11,1,11477,11719.584,242.583984375
8,12,18,18823,18181.725,641.275390625
1,12,16,19105,18286.777,818.22265625
9,23,5,12522,13116.846,594.845703125
7,13,21,18970,20332.941,1362.94140625
3,7,6,14342,13522.316,819.68359375
10,27,18,18052,17884.568,167.431640625
11,8,4,12683,12116.15,566.849609375
9,23,16,17756,18178.791,422.791015625
2,23,4,14536,14126.836,409.1640625
2,12,10,18675,17807.785,867.21484375
5,22,18,15473,15089.171,383.8291015625
12,9,14,17283,17421.145,138.14453125
11,20,16,16014,16173.436,159.435546875
1,11,22,16962,16862.207,99.79296875
7,5,8,16759,16883.518,124.517578125
10,19,5,12891,11749.202,1141.7978515625
3,2,22,19004,18028.748,975.251953125
3,4,7,14944,14011.592,932.408203125
11,27,17,17010,16901.227,108.7734375
2,23,0,14956,13766.975,1189.025390625
12,5,19,19271,19470.496,199.49609375
7,6,13,19675,19703.379,28.37890625
2,25,5,14315,13693.359,621.640625
8,29,5,13328,13992.511,664.5107421875
8,12,3,16262,16523.076,261.076171875
7,16,7,14437,14010.296,426.7041015625
8,19,17,16547,16214.883,332.1171875
12,26,17,14835,15072.109,237.109375
12,3,5,13290,12997.702,292.2978515625
6,5,16,15275,14919.541,355.458984375
6,7,8,15005,15105.777,100.77734375
11,9,23,14212,14901.602,689.6015625
8,25,18,19514,19265.861,248.138671875
6,2,19,14788,15325.578,537.578125
6,8,21,14403,14886.801,483.80078125
9,3,3,11859,11935.939,76.939453125
7,29,11,17292,16305.953,986.046875
1,3,17,18928,18597.438,330.5625
11,13,5,13551,13561.127,10.126953125
3,31,1,12657,12899.401,242.4013671875
9,21,6,14332,13775.352,556.6484375
9,16,16,15703,16992.879,1289.87890625
3,30,22,14028,14417.135,389.134765625
6,25,4,11740,11788.373,48.373046875
1,2,10,15819,16229.037,410.037109375
2,7,20,19620,20245.799,625.798828125
1,1,18,16324,16091.109,232.890625
4,19,18,15127,15269.703,142.703125
2,9,1,14630,14533.654,96.345703125
8,11,18,18360,19235.645,875.64453125
12,1,9,17833,16719.74,1113.259765625
4,24,6,12164,11844.676,319.32421875
8,13,2,12741,12513.281,227.71875
12,10,17,18910,19013.844,103.84375
3,1,17,16035,15809.804,225.1962890625
11,9,12,14994,15052.468,58.4677734375
9,10,13,16174,15810.67,363.330078125
10,25,22,14789,15461.424,672.423828125
3,17,18,18685,19201.4,516.400390625
11,27,10,16679,16782.959,103.958984375
8,2,6,14579,14296.852,282.1484375
7,8,2,12586,12221.121,364.87890625
8,19,17,21629,21844.46,215.4609375
4,9,10,14474,14990.217,516.216796875
1,29,14,17708,17745.135,37.134765625
9,20,13,18296,19066.99,770.990234375
6,24,12,16228,16072.65,155.349609375
2,5,18,18626,18296.398,329.6015625
5,2,9,11085,12460.527,1375.52734375
3,16,16,16238,15889.085,348.9150390625
5,12,8,13718,15685.852,1967.8515625
7,7,18,18692,18913.926,221.92578125
7,12,14,17076,17255.322,179.322265625
6,11,8,13256,12689.121,566.87890625
6,3,12,13802,13938.703,136.703125
12,13,12,18669,18267.117,401.8828125
1,30,6,15554,15557.139,3.138671875
11,6,19,17985,17581.01,403.990234375
2,21,19,18657,18546.016,110.984375
9,13,15,13735,13907.866,172.8662109375
10,19,16,14758,15878.673,1120.6728515625
2,14,23,15958,15874.495,83.5048828125
3,18,23,14538,14994.924,456.923828125
1,17,22,19286,18826.043,459.95703125
11,21,11,17873,17528.213,344.787109375
8,25,21,20563,19643.229,919.771484375
7,11,1,16127,15597.641,529.359375
10,18,10,15644,16299.975,655.974609375
10,30,22,16019,15004.129,1014.87109375
12,18,1,14042,14628.623,586.623046875
5,28,13,12766,13091.557,325.556640625
10,30,3,12581,12430.831,150.1689453125
5,9,22,13659,14298.297,639.296875
9,29,13,14003,14992.76,989.759765625
12,30,0,15635,15001.7295,633.2705078125
12,10,0,13975,13544.18,430.8203125
8,22,12,15377,15896.404,519.404296875
4,30,12,13671,14051.525,380.525390625
1,31,2,14782,15175.555,393.5546875
5,10,17,13544,14193.855,649.85546875
12,3,5,14163,14299.534,136.5341796875
7,18,9,18110,17907.514,202.486328125
3,1,23,16645,16467.72,177.279296875
5,13,13,16186,16897.29,711.2890625
5,6,22,13272,13381.369,109.369140625
3,4,16,17201,17730.865,529.865234375
4,28,7,14022,13950.117,71.8828125
1,21,21,20574,20450.398,123.6015625
5,2,6,13103,12712.572,390.427734375
9,25,8,16191,16335.761,144.7607421875
2,28,2,13011,13249.094,238.09375
6,22,21,18610,18129.727,480.2734375
2,8,20,19337,19903.627,566.626953125
7,4,12,14248,15069.482,821.482421875
3,1,2,12870,13030.04,160.0400390625
8,24,22,16385,16232.111,152.888671875
1,7,15,19265,19039.264,225.736328125
11,30,11,17529,16825.459,703.541015625
12,4,7,14308,14946.867,638.8671875
4,28,16,14937,15022.336,85.3359375
4,29,9,12844,13394.745,550.7451171875
12,20,17,18724,18038.01,685.990234375
4,27,23,13869,14060.588,191.587890625
8,30,3,14715,15138.797,423.796875
4,3,5,13891,13591.558,299.4423828125
8,25,18,20270,19454.877,815.123046875
10,23,4,12675,12649.008,25.9921875
9,10,10,15780,15932.41,152.41015625
2,26,4,14951,14417.895,533.10546875
11,30,19,18417,18819.654,402.654296875
12,23,4,13557,13367.0,190.0
11,14,3,13608,13743.941,135.94140625
12,18,5,13304,14177.006,873.005859375
7,11,2,13738,13708.069,29.9306640625
10,21,11,14227,15015.258,788.2578125
9,28,7,14035,14248.029,213.029296875
8,24,1,12357,12548.306,191.3056640625
7,24,2,14478,15146.902,668.90234375
3,7,0,14149,13422.374,726.6259765625
3,3,16,16826,17081.982,255.982421875
12,11,9,17888,17617.203,270.796875
6,20,19,18218,18133.574,84.42578125
11,7,12,16893,17427.55,534.55078125
12,9,3,13384,13410.443,26.443359375
11,21,23,16401,15864.53,536.4697265625
7,8,9,18253,17904.682,348.318359375
1,1,11,14078,14562.361,484.361328125
12,1,18,19273,18731.8,541.19921875
4,20,23,14132,14363.545,231.544921875
5,4,10,14696,14812.709,116.708984375
12,1,2,13155,13121.689,33.310546875
8,22,5,12703,12830.03,127.0302734375
11,22,6,12213,12241.021,28.021484375
9,27,14,16321,16958.525,637.525390625
3,29,11,14151,13859.545,291.455078125
1,24,3,14429,14178.122,250.8779296875
1,6,0,17619,16923.021,695.978515625
9,8,4,11444,12116.449,672.44921875
4,10,0,13189,12639.852,549.1484375
9,3,12,15910,15514.75,395.25
2,7,5,14405,13760.438,644.5615234375
3,21,4,15503,14936.015,566.9853515625
10,27,13,15464,15908.795,444.794921875
5,9,4,11462,11214.227,247.7734375
7,20,10,17660,18243.791,583.791015625
6,22,18,15534,15859.557,325.556640625
9,18,2,13137,13550.969,413.96875
6,21,14,15376,16412.334,1036.333984375
7,16,12,20147,20696.814,549.814453125
10,30,1,12206,12385.823,179.8232421875
11,23,7,15440,15397.302,42.6982421875
10,25,9,15902,15883.156,18.84375
10,5,23,13588,13930.235,342.2353515625
5,23,4,11526,11475.388,50.6123046875
12,9,12,15255,15517.198,262.1982421875
5,26,22,14422,14661.287,239.287109375
12,22,20,19098,19084.037,13.962890625
11,12,1,12686,13043.203,357.203125
7,28,15,20045,20004.662,40.337890625
7,27,22,16876,17549.049,673.048828125
10,2,14,14381,14995.219,614.21875
3,18,20,18557,18392.498,164.501953125
12,17,0,16473,16108.804,364.1962890625
7,27,10,17118,17858.012,740.01171875
9,19,19,19385,19563.045,178.044921875
8,8,1,13957,14018.541,61.541015625
12,6,12,16663,16451.129,211.87109375
9,4,21,20938,20101.63,836.369140625
8,20,16,18525,18955.531,430.53125
3,13,9,15637,16418.436,781.435546875
3,6,19,20193,20267.36,74.359375
10,14,17,15507,15893.121,386.12109375
10,15,7,15137,14024.168,1112.83203125
7,18,21,19331,20021.588,690.587890625
3,12,7,14742,14869.392,127.3916015625
6,1,21,20577,19672.938,904.0625
5,23,18,15888,16744.98,856.98046875
9,26,7,15153,14371.7,781.2998046875
11,7,6,13424,13456.365,32.365234375
3,23,15,16069,15876.584,192.416015625
7,3,11,16592,18037.342,1445.341796875
3,21,11,17151,17064.455,86.544921875
7,15,15,18445,18425.42,19.580078125
8,7,15,17411,17355.041,55.958984375
2,22,13,17450,16223.108,1226.8916015625
3,4,17,15481,16044.695,563.6953125
9,29,20,15373,15574.528,201.5283203125
12,3,9,15189,14910.117,278.8828125
6,28,5,13969,14315.701,346.701171875
5,20,18,12760,13341.912,581.912109375
11,24,12,16901,16132.162,768.837890625
12,22,13,18496,17894.787,601.212890625
11,17,20,16940,16754.486,185.513671875
11,1,12,16307,15197.908,1109.091796875
12,23,8,16114,17061.287,947.287109375
1,27,18,19391,19390.979,0.021484375
7,3,9,18509,18084.635,424.365234375
11,3,1,13185,14025.098,840.09765625
3,3,14,16832,17368.256,536.255859375
7,18,9,16164,16440.375,276.375
6,10,15,15034,15971.784,937.7841796875
7,20,19,18508,18266.568,241.431640625
11,4,8,16903,16499.771,403.228515625
4,13,0,12604,12198.338,405.662109375
1,27,8,15661,15322.09,338.91015625
2,27,6,14581,15130.521,549.521484375
12,24,17,16133,16151.677,18.6767578125
3,23,9,16970,16439.703,530.296875
9,20,14,13243,13276.807,33.806640625
11,21,8,17091,16217.914,873.0859375
3,19,10,15880,15544.227,335.7734375
11,12,10,17753,18103.121,350.12109375
12,22,15,17125,17471.686,346.685546875
11,8,10,12915,13376.821,461.8212890625
8,8,16,19879,19607.695,271.3046875
2,4,11,16726,16984.822,258.822265625
5,8,3,10881,10733.545,147.455078125
7,19,22,20650,20678.826,28.826171875
6,5,22,14459,14429.287,29.712890625
4,30,16,13874,14736.574,862.57421875
4,3,19,17592,17781.408,189.408203125
4,30,1,11071,11415.875,344.875
6,28,1,13415,14054.723,639.72265625
7,28,21,15394,15820.07,426.0703125
12,28,16,14891,15889.757,998.7568359375
4,15,18,15538,15817.609,279.609375
8,31,19,18510,18901.178,391.177734375
6,21,15,19320,19795.576,475.576171875
8,21,3,12299,12643.475,344.474609375
1,6,3,12462,12661.57,199.5703125
9,2,23,13657,13508.1,148.900390625
6,16,1,12018,12108.309,90.30859375
10,3,6,13683,13710.778,27.7783203125
3,29,2,13800,13589.875,210.125
11,25,5,14385,14452.492,67.4921875
7,20,4,15497,16111.307,614.306640625
7,1,17,19049,19081.662,32.662109375
3,16,17,16157,15502.113,654.88671875
4,7,23,13995,14072.051,77.05078125
6,27,12,18676,18458.025,217.974609375
3,29,13,14959,15160.59,201.58984375
11,29,10,17567,16837.629,729.37109375
2,2,3,13701,13690.643,10.357421875
11,30,14,17462,16046.679,1415.3212890625
9,12,3,13123,12778.367,344.6328125
4,2,8,16438,16993.885,555.884765625
2,9,4,15627,14975.821,651.1787109375
12,3,9,17741,18009.338,268.337890625
11,26,7,16011,16111.865,100.865234375
10,27,19,17317,16644.486,672.513671875
10,2,0,11943,11756.925,186.0751953125
3,8,16,15433,15546.058,113.0576171875
5,14,10,13212,13747.66,535.66015625
6,9,13,16354,16256.197,97.802734375
8,27,22,17150,17170.668,20.66796875
3,26,10,18102,18450.2,348.19921875
4,6,10,14957,15398.744,441.744140625
2,11,9,16538,15328.751,1209.2490234375
3,14,5,13274,12942.201,331.798828125
12,3,2,12958,13478.656,520.65625
3,4,13,15756,15911.398,155.3984375
8,3,7,15319,15395.3955,76.3955078125
6,16,8,16567,16698.066,131.06640625
2,14,20,19811,19817.56,6.560546875
8,8,10,15265,16160.7705,895.7705078125
8,14,15,16730,17187.764,457.763671875
1,7,9,15797,16087.326,290.326171875
6,23,20,19905,19752.814,152.185546875
1,23,11,17817,17315.615,501.384765625
9,20,10,15362,15710.667,348.6669921875
4,15,16,17467,17279.412,187.587890625
4,15,11,13565,13717.594,152.59375
8,1,23,15737,15428.3125,308.6875
12,2,17,16086,16748.752,662.751953125
9,13,10,15919,17070.855,1151.85546875
1,4,11,18076,18227.7,151.69921875
3,18,14,15884,15026.309,857.69140625
1,26,11,16912,17118.518,206.517578125
5,24,20,14340,15238.9,898.900390625
9,14,18,18616,19070.006,454.005859375
10,23,17,16954,16382.201,571.798828125
9,20,23,13968,14635.231,667.2314453125
3,3,3,13579,13189.416,389.583984375
9,3,12,17033,17401.44,368.439453125
9,17,2,12031,11873.256,157.744140625
7,4,16,15146,15291.162,145.162109375
3,14,7,15953,15512.916,440.083984375
1,5,18,19275,18623.846,651.154296875
12,20,1,14227,13955.691,271.30859375
2,15,3,14001,13755.168,245.83203125
5,17,14,15287,17392.734,2105.734375
2,1,10,17800,16964.508,835.4921875
12,3,22,16049,16362.236,313.236328125
3,5,5,13236,12925.499,310.5009765625
4,24,22,15452,14938.637,513.36328125
8,4,12,19973,20625.705,652.705078125
6,16,12,16490,16696.342,206.341796875
8,11,10,18211,18144.154,66.845703125
9,21,13,17496,17123.492,372.5078125
9,27,15,15178,15109.207,68.79296875
2,11,15,14718,14626.843,91.1572265625
12,30,14,16322,16578.459,256.458984375
7,22,12,18322,18429.264,107.263671875
9,10,5,13023,13367.227,344.2265625
8,3,11,18964,19594.432,630.431640625
11,12,21,16773,15650.507,1122.4931640625
5,18,11,14448,14469.363,21.36328125
7,5,0,13594,13677.053,83.052734375
3,21,13,14215,14937.35,722.349609375
12,27,15,16436,16306.184,129.81640625
2,28,8,13603,13616.592,13.591796875
6,30,17,20807,21900.46,1093.4609375
6,14,22,15072,14978.24,93.759765625
9,8,17,14738,15702.248,964.248046875
2,17,3,14118,13989.305,128.6953125
5,22,8,13772,13865.381,93.380859375
12,15,9,18848,18653.781,194.21875
7,10,19,17818,18187.781,369.78125
9,29,0,12584,12883.291,299.291015625
3,3,5,13916,13757.687,158.3134765625
3,17,2,14287,14022.4,264.599609375
8,17,13,18966,18508.438,457.5625
10,20,16,13688,13814.348,126.34765625
6,20,12,15959,16113.813,154.8134765625
1,17,19,20348,20329.09,18.91015625
5,26,16,17062,17300.055,238.0546875
6,24,1,13068,12803.596,264.404296875
3,19,11,18261,17488.465,772.53515625
2,11,8,14980,14371.357,608.642578125
7,24,7,15334,15413.5,79.5
4,27,12,14371,14149.656,221.34375
11,4,20,17336,17154.432,181.568359375
3,28,8,16362,15284.457,1077.54296875
8,23,10,16326,16420.11,94.109375
3,24,15,13984,14327.625,343.625
3,24,9,18642,18820.127,178.126953125
3,5,14,17440,17460.982,20.982421875
11,24,3,13809,13136.23,672.76953125
7,2,22,14292,14735.98,443.98046875
12,27,6,11906,12788.522,882.5224609375
2,22,4,13818,13182.776,635.2236328125
9,25,12,15332,15536.645,204.64453125
7,15,17,16907,16636.287,270.712890625
6,1,2,11487,11734.678,247.677734375
2,21,6,14648,14617.26,30.740234375
12,29,1,13902,13556.199,345.80078125
1,11,23,16907,16216.451,690.548828125
11,20,18,19909,19727.826,181.173828125
5,9,11,12122,12924.377,802.376953125
11,8,13,12940,13597.918,657.91796875
12,25,14,16813,16462.377,350.623046875
1,11,21,19938,19630.998,307.001953125
4,20,8,12926,12849.77,76.23046875
3,2,14,16510,16614.518,104.517578125
10,26,4,12779,12471.162,307.837890625
10,10,10,12983,13508.467,525.466796875
9,12,4,13117,13358.039,241.0390625
2,19,2,15301,15264.115,36.884765625
2,15,15,19127,18429.18,697.8203125
12,23,15,19583,18239.318,1343.681640625
3,4,7,17194,16698.666,495.333984375
4,21,21,15608,15058.213,549.787109375
9,25,3,12606,12624.577,18.5771484375
1,14,19,20784,20769.72,14.279296875
11,21,14,17312,17246.69,65.310546875
11,2,10,15562,15634.531,72.53125
12,23,16,15471,16747.064,1276.064453125
10,6,16,15870,16546.691,676.69140625
4,10,7,13316,12727.836,588.1640625
10,31,22,14808,15614.726,806.7255859375
9,17,2,12173,12850.279,677.279296875
1,20,11,18562,18450.883,111.1171875
11,13,20,18773,18799.082,26.08203125
12,28,1,13181,13424.465,243.46484375
10,25,1,12461,12547.283,86.283203125
5,2,10,12917,12920.623,3.623046875
6,28,2,13068,13558.557,490.556640625
2,23,5,12227,13009.988,782.98828125
4,11,7,16058,15677.132,380.8681640625
12,22,21,17438,17214.232,223.767578125
9,3,11,15682,15641.294,40.7060546875
7,14,12,19306,19739.926,433.92578125
12,29,1,13547,13586.452,39.4521484375
2,15,4,14623,14421.367,201.6328125
4,12,1,13413,13758.408,345.408203125
3,21,6,15829,15024.346,804.654296875
8,26,9,15411,15381.1,29.900390625
7,16,17,19123,18797.594,325.40625
5,18,20,15592,16105.1,513.099609375
12,22,6,13977,13944.359,32.640625
12,31,9,15360,16201.621,841.62109375
5,29,17,12737,12657.633,79.3671875
3,21,0,13797,13998.512,201.51171875
6,6,9,14419,14957.977,538.9765625
3,17,9,19004,18908.957,95.04296875
7,23,23,16913,18069.285,1156.28515625
4,18,5,12042,12678.006,636.005859375
7,14,5,15221,14854.246,366.75390625
10,16,4,11445,11693.066,248.06640625
7,20,13,21600,22058.432,458.431640625
11,16,1,13228,13316.922,88.921875
3,26,13,17271,17063.994,207.005859375
12,25,2,12981,13162.111,181.111328125
9,9,18,16113,16644.393,531.392578125
10,2,11,12493,12849.74,356.740234375
3,4,9,18053,17532.479,520.521484375
4,3,0,13042,13289.118,247.1181640625
3,14,23,14280,14269.604,10.396484375
5,22,8,14718,15057.803,339.802734375
7,7,0,14978,14349.785,628.21484375
1,2,1,13274,13706.617,432.6171875
3,19,23,14822,14631.158,190.841796875
8,5,15,19687,20744.404,1057.404296875
9,20,11,14439,14472.852,33.8515625
8,29,5,13794,13640.455,153.544921875
8,31,2,14547,14770.377,223.376953125
3,11,3,13956,13281.19,674.8095703125
5,8,17,12678,12947.842,269.841796875
8,15,14,21014,21442.482,428.482421875
2,4,6,15126,15645.782,519.7822265625
4,1,7,16364,15193.467,1170.533203125
2,16,14,17099,17421.4,322.400390625
9,16,4,11807,11644.943,162.056640625
8,13,17,19734,18800.932,933.068359375
8,10,13,18032,18291.107,259.107421875
11,9,3,12897,12892.23,4.76953125
12,2,19,19296,19524.262,228.26171875
9,16,13,14517,15582.672,1065.671875
3,18,1,14638,14234.045,403.955078125
12,29,23,15039,15614.935,575.9345703125
5,12,19,16034,16761.48,727.48046875
11,25,16,17531,17491.55,39.44921875
5,4,7,13028,12622.535,405.46484375
9,18,2,12008,11834.816,173.18359375
8,14,14,20211,20538.88,327.880859375
12,31,5,13451,13491.888,40.8876953125
2,25,21,20887,20148.295,738.705078125
8,16,10,16810,17287.785,477.78515625
6,2,8,14293,14362.508,69.5078125
11,11,18,16902,16552.752,349.248046875
5,22,22,13360,13580.013,220.0126953125
12,26,20,15841,15948.914,107.9140625
6,13,2,11704,11812.375,108.375
2,3,4,14053,13526.686,526.314453125
12,13,1,15003,14277.247,725.7529296875
12,18,3,13351,13245.74,105.259765625
10,12,12,14904,15128.197,224.197265625
11,7,9,16252,16142.03,109.9697265625
9,1,12,13869,14396.443,527.443359375
8,5,14,19586,20296.047,710.046875
4,3,16,17595,16472.725,1122.275390625
3,25,21,15909,15608.369,300.630859375
7,19,3,14617,14368.631,248.369140625
9,25,8,14894,15078.262,184.26171875
3,9,23,15441,15229.52,211.48046875
6,7,7,14673,13992.149,680.8505859375
4,2,13,14509,14560.387,51.38671875
7,17,15,18786,18926.504,140.50390625
4,27,20,15686,16706.025,1020.025390625
12,18,2,13225,13837.926,612.92578125
10,15,11,14765,15535.533,770.533203125
3,29,20,16171,16977.883,806.8828125
11,29,22,16957,16507.672,449.328125
7,9,16,17510,17061.492,448.5078125
5,30,21,13180,13615.9,435.900390625
2,19,21,17919,16666.574,1252.42578125
3,17,18,17022,17154.615,132.615234375
10,27,23,13210,13385.366,175.3662109375
9,20,17,17482,18361.904,879.904296875
1,24,7,14769,14638.311,130.689453125
5,19,10,15079,15451.76,372.759765625
11,2,22,14823,14508.283,314.716796875
8,2,0,15062,15317.619,255.619140625
1,8,4,14521,14041.75,479.25
2,21,10,18893,18403.97,489.029296875
3,5,17,18177,18336.639,159.638671875
10,7,2,12017,12026.059,9.05859375
4,11,5,13956,13002.814,953.185546875
12,12,5,14506,14194.977,311.0234375
11,4,3,13156,13422.481,266.4814453125
10,16,18,14898,14401.137,496.86328125
6,18,5,12448,12271.229,176.771484375
1,4,15,17758,18068.168,310.16796875
12,30,16,17135,17738.908,603.908203125
9,23,22,17167,17268.049,101.048828125
5,19,18,14031,14881.411,850.4111328125
5,4,14,15053,15771.178,718.177734375
9,25,10,15546,15780.514,234.513671875
8,25,0,12633,12523.508,109.4921875
11,14,4,13070,12620.644,449.3564453125
11,28,2,13009,12626.472,382.5283203125
8,8,14,18083,18587.084,504.083984375
10,9,15,15243,15371.701,128.701171875
7,6,10,20845,20920.74,75.740234375
6,23,11,13469,13678.232,209.232421875
9,22,5,12509,11789.436,719.564453125
12,13,8,15511,15411.281,99.71875
9,25,17,21786,23307.44,1521.439453125
3,15,14,17349,17252.02,96.98046875
11,29,11,13565,13634.007,69.0068359375
8,14,3,13138,13282.665,144.6650390625
11,12,11,16326,15832.777,493.22265625
3,14,2,13084,12602.651,481.3486328125
10,13,5,12246,12364.262,118.26171875
4,2,15,14270,14595.5205,325.5205078125
3,28,23,13943,14508.372,565.3720703125
3,12,7,15327,14321.307,1005.693359375
4,6,19,16679,17065.02,386.01953125
11,8,6,12825,12453.261,371.7392578125
5,8,14,13260,13669.534,409.5341796875
10,20,17,15096,15875.914,779.9140625
3,22,23,13367,14627.173,1260.1728515625
7,26,5,13140,13469.05,329.0498046875
4,14,22,13993,14246.223,253.22265625
9,4,0,13904,13534.902,369.09765625
1,24,18,21261,20629.373,631.626953125
7,11,21,18728,18432.021,295.978515625
4,23,5,13230,13552.7295,322.7294921875
6,8,17,16412,17156.812,744.8125
11,16,7,14072,13728.15,343.849609375
6,16,23,15158,14994.401,163.5986328125
9,2,16,19699,19885.225,186.224609375
10,3,15,16242,16582.87,340.869140625
9,22,8,14671,14653.049,17.951171875
9,4,16,21629,20962.252,666.748046875
2,13,22,18213,17730.9,482.099609375
5,26,21,15360,15126.771,233.228515625
11,5,3,13000,13373.6,373.599609375
4,7,3,13310,13218.295,91.705078125
7,4,15,16043,16690.643,647.642578125
11,17,19,17307,18025.814,718.814453125
11,18,15,14470,14728.602,258.6015625
7,23,9,17869,17373.086,495.9140625
3,6,3,13599,13310.024,288.9755859375
4,7,14,13138,14197.0625,1059.0625
3,18,2,13413,13617.059,204.05859375
1,2,14,18873,18954.012,81.01171875
8,9,18,20715,20785.928,70.927734375
8,19,3,13361,12998.707,362.29296875
5,2,4,11447,11467.187,20.1865234375
1,12,2,13150,12970.766,179.234375
8,23,18,20909,20625.895,283.10546875
7,20,6,14533,14628.351,95.3505859375
3,18,18,16707,16750.99,43.990234375
5,25,15,13648,13834.303,186.302734375
9,30,3,11876,11796.3125,79.6875
11,10,19,18011,18042.104,31.103515625
12,8,10,16844,16770.025,73.974609375
12,20,20,19211,19200.943,10.056640625
1,2,8,17897,19455.736,1558.736328125
8,19,15,19663,20124.256,461.255859375
8,30,16,16715,17060.436,345.435546875
12,9,18,18567,17954.951,612.048828125
8,6,9,16502,16408.3,93.69921875
1,31,14,16686,16438.795,247.205078125
9,5,21,17693,17182.611,510.388671875
7,24,21,19150,18346.584,803.416015625
10,12,3,11136,12007.754,871.75390625
5,25,19,15824,15590.059,233.94140625
3,8,5,13825,13998.575,173.5751953125
8,9,17,22428,22825.568,397.568359375
4,3,18,16717,16548.84,168.16015625
12,30,14,16529,16848.49,319.490234375
8,26,16,18957,19732.97,775.970703125
1,11,16,17542,17331.668,210.33203125
8,24,15,19963,20628.436,665.435546875
9,19,12,15195,15673.709,478.708984375
2,23,8,15214,14641.42,572.580078125
3,21,8,18635,17766.486,868.513671875
8,15,22,19492,19482.44,9.560546875
6,5,1,12367,12753.532,386.5322265625
12,22,3,16707,15454.672,1252.328125
4,5,23,15192,15006.613,185.38671875
4,25,8,12267,12653.543,386.54296875
6,27,14,14928,15082.211,154.2109375
3,25,5,12273,12710.174,437.173828125
7,20,12,15587,15365.09,221.91015625
12,30,4,13682,13100.049,581.951171875
9,25,3,11101,11181.535,80.53515625
8,24,3,12034,11570.965,463.03515625
1,1,14,13441,13767.772,326.7724609375
3,17,10,15245,16264.529,1019.529296875
10,8,18,15645,15854.426,209.42578125
8,30,2,14457,14944.896,487.896484375
8,17,1,14315,14240.08,74.919921875
8,30,13,15977,16525.53,548.529296875
3,28,21,18372,17982.186,389.814453125
5,3,0,11871,11896.518,25.517578125
7,14,3,13614,14198.424,584.423828125
12,3,21,18418,18411.115,6.884765625
5,15,7,11778,11747.63,30.3701171875
10,1,4,11598,11218.566,379.43359375
10,18,20,16283,16253.693,29.306640625
12,21,15,17013,16976.834,36.166015625
2,29,6,14960,15031.33,71.330078125
4,19,13,16105,15781.268,323.732421875
7,21,6,13165,13506.421,341.4208984375
4,12,20,15457,14456.684,1000.31640625
3,9,14,16022,16317.406,295.40625
7,15,5,13139,13610.168,471.16796875
6,12,17,16265,16115.728,149.2724609375
11,22,5,14037,13117.586,919.4140625
3,20,8,14032,13587.745,444.2548828125
12,7,5,15013,14543.94,469.0595703125
3,8,14,12756,13344.415,588.4150390625
5,7,15,13355,13273.418,81.58203125
7,2,21,14825,15571.85,746.849609375
1,15,8,19388,18804.508,583.4921875
2,12,12,18317,17312.521,1004.478515625
11,16,13,17577,17120.248,456.751953125
10,11,13,13943,14607.518,664.517578125
3,18,3,13437,13218.424,218.576171875
12,17,1,14899,14542.777,356.22265625
11,2,5,12278,12306.06,28.0595703125
7,29,23,15639,15967.346,328.345703125
6,13,7,12345,12519.805,174.8046875
9,15,4,12250,12033.854,216.146484375
8,13,5,12287,12327.489,40.4892578125
10,14,1,11683,12315.914,632.9140625
3,8,18,17718,17087.748,630.251953125
12,30,4,13693,13705.016,12.015625
2,5,19,19679,19266.715,412.28515625
7,17,14,19042,19238.502,196.501953125
4,27,8,15679,15354.5,324.5
12,4,20,17620,17767.055,147.0546875
10,6,15,15456,16181.215,725.21484375
5,23,15,14230,14529.201,299.201171875
5,5,1,11966,12280.574,314.57421875
10,3,16,14773,15597.857,824.857421875
6,16,1,12544,13079.519,535.5185546875
1,7,11,20515,19872.58,642.419921875
4,7,10,13934,13990.113,56.11328125
9,9,1,12087,12221.262,134.26171875
10,23,3,12496,12266.285,229.71484375
2,11,7,17676,17101.21,574.7890625
4,13,12,14117,13554.661,562.3388671875
7,27,21,17788,18139.207,351.20703125
7,2,9,18278,20074.44,1796.439453125
8,18,20,21161,20579.879,581.12109375
4,20,10,14961,14669.801,291.19921875
7,8,11,16194,15820.108,373.8916015625
1,3,7,15851,16194.485,343.4853515625
11,24,2,13748,13846.984,98.984375
3,14,19,18413,18520.7,107.69921875
3,30,6,14517,14425.871,91.12890625
7,6,3,14031,14055.192,24.1923828125
6,25,7,13224,13448.917,224.9169921875
1,19,0,16040,15974.666,65.333984375
10,15,4,11602,11301.67,300.330078125
2,1,9,18236,17978.748,257.251953125
7,24,9,16599,15953.866,645.1337890625
9,1,17,20225,19936.182,288.818359375
5,22,16,16537,16931.877,394.876953125
10,9,11,15541,16876.58,1335.580078125
11,23,8,17299,16721.795,577.205078125
6,10,18,15957,15570.689,386.310546875
12,18,1,14905,14760.973,144.02734375
2,26,16,15296,15671.922,375.921875
6,10,8,13057,12548.137,508.86328125
10,17,1,12029,12155.436,126.435546875
4,17,17,14604,15982.59,1378.58984375
5,4,17,13244,14137.277,893.27734375
9,29,10,14529,15086.04,557.0400390625
6,24,4,12416,12403.918,12.08203125
12,26,4,12029,11504.533,524.466796875
1,5,19,18649,18983.797,334.796875
7,27,5,14121,14820.349,699.3486328125
5,5,0,12660,12405.617,254.3828125
4,26,8,12920,12958.533,38.533203125
12,21,4,14174,14314.459,140.458984375
8,9,15,21212,21780.984,568.984375
12,15,5,14831,13687.721,1143.279296875
3,27,5,12560,12903.356,343.3564453125
6,7,15,21068,21127.627,59.626953125
3,13,12,17770,17509.58,260.419921875
4,30,22,13320,13120.951,199.048828125
8,3,16,20606,21105.607,499.607421875
6,21,3,12671,12589.147,81.8525390625
11,12,4,12401,12532.835,131.8349609375
9,20,22,15236,15414.733,178.7333984375
5,27,21,18280,18106.174,173.826171875
7,23,16,21073,20993.246,79.75390625
7,4,4,11247,11194.059,52.94140625
5,26,20,14777,14683.185,93.8154296875
7,18,19,18818,19969.67,1151.669921875
11,17,23,15617,15027.182,589.818359375
4,16,7,16112,15268.845,843.1552734375
12,14,23,16096,16124.441,28.44140625
2,19,17,18197,18441.707,244.70703125
10,19,19,15848,15522.134,325.8662109375
7,14,10,16687,17650.15,963.150390625
2,21,19,18487,18445.197,41.802734375
1,21,23,16841,16428.928,412.072265625
4,12,10,12909,13695.42,786.419921875
4,11,6,13145,13098.545,46.455078125
6,15,0,13361,13254.195,106.8046875
7,27,11,20156,20830.508,674.5078125
1,10,10,18649,18790.615,141.615234375
6,27,19,16269,17107.498,838.498046875
2,16,2,14469,14154.084,314.916015625
9,8,4,11010,10637.828,372.171875
9,18,12,15387,16091.078,704.078125
12,13,16,15949,16511.39,562.390625
2,7,19,19922,19984.135,62.134765625
1,29,0,14650,14687.04,37.0400390625
9,4,7,15278,14921.176,356.82421875
3,23,12,14467,14951.73,484.73046875
8,31,10,13281,14089.932,808.931640625
5,25,13,17534,18217.334,683.333984375
10,28,17,16343,16014.109,328.890625
2,25,17,14634,14505.305,128.6953125
10,31,3,12497,12203.738,293.26171875
9,22,21,17466,17637.287,171.287109375
12,6,22,17215,17129.152,85.84765625
10,9,15,17115,18716.691,1601.69140625
9,27,12,14340,14346.889,6.888671875
9,27,16,16654,17407.742,753.7421875
2,17,17,16645,16423.69,221.310546875
12,5,4,14353,13624.852,728.1484375
10,26,2,12223,12439.947,216.947265625
6,27,6,12474,12966.702,492.7021484375
5,3,1,12318,12807.76,489.759765625
1,28,9,16575,16385.34,189.66015625
1,19,13,19402,18136.697,1265.302734375
3,26,3,12719,12895.123,176.123046875
3,16,9,17338,17003.994,334.005859375
2,11,10,15966,15966.214,0.2138671875
9,15,2,12004,11820.188,183.8115234375
9,12,10,14515,15402.365,887.365234375
10,12,21,14701,14373.746,327.25390625
12,24,3,13450,13199.989,250.0107421875
12,30,21,17038,17329.234,291.234375
6,22,5,14495,14662.026,167.0263671875
7,11,4,12101,11792.728,308.2724609375
3,1,23,17182,16587.139,594.861328125
2,7,14,18476,19062.205,586.205078125
4,2,5,14232,13378.943,853.056640625
4,19,0,12296,12265.607,30.392578125
7,31,7,15101,14596.506,504.494140625
7,3,22,19105,19589.385,484.384765625
12,11,11,17907,17630.543,276.45703125
7,5,0,16859,16675.209,183.791015625
3,21,18,15652,15612.852,39.1484375
10,24,21,17248,16822.928,425.072265625
12,25,9,12922,13151.404,229.404296875
8,6,14,13604,14912.02,1308.01953125
6,15,8,15319,15294.323,24.6767578125
3,14,13,16694,16279.402,414.59765625
6,18,12,17228,17338.01,110.009765625
1,20,7,17922,17270.281,651.71875
5,25,16,17580,18592.152,1012.15234375
2,11,0,14447,13733.275,713.724609375
8,2,14,17628,17877.662,249.662109375
9,20,10,11911,12883.721,972.720703125
7,4,13,20290,20672.688,382.6875
9,15,2,11969,12114.432,145.431640625
12,5,13,16718,17089.768,371.767578125
3,27,9,17521,16562.354,958.646484375
12,28,13,16310,16451.475,141.474609375
5,27,10,13778,14475.263,697.2626953125
2,9,2,15747,15454.48,292.51953125
8,21,14,18527,17622.566,904.43359375
3,17,4,13298,12764.025,533.974609375
8,4,16,18318,18921.049,603.048828125
2,17,11,15719,15540.476,178.5244140625
1,8,20,18435,19392.793,957.79296875
6,17,15,19928,20387.037,459.037109375
4,11,13,15824,15449.516,374.484375
1,10,4,13718,13576.082,141.91796875
1,9,21,20846,19854.2,991.80078125
6,6,10,15755,15637.348,117.65234375
12,12,3,12896,13048.326,152.326171875
1,15,21,19837,20214.393,377.392578125
4,29,7,15011,14130.165,880.8349609375
1,29,13,18281,17829.18,451.8203125
6,6,2,12686,13034.485,348.4853515625
7,31,22,17724,18479.584,755.583984375
3,13,18,18833,19103.227,270.2265625
3,12,5,14295,14287.496,7.50390625
11,9,3,14186,13247.62,938.3798828125
7,1,6,12882,12819.18,62.8203125
11,30,4,14367,13261.891,1105.109375
2,8,13,16861,15269.689,1591.310546875
5,31,22,18819,17862.744,956.255859375
12,12,12,18355,18259.15,95.849609375
5,21,18,14048,14870.497,822.4970703125
3,1,16,15932,15522.508,409.4921875
5,22,21,14289,14178.672,110.328125
6,20,16,17436,17679.615,243.615234375
11,19,9,16080,16187.379,107.37890625
2,28,2,14731,14800.346,69.345703125
11,2,18,16735,16403.555,331.4453125
4,17,7,12125,12331.201,206.201171875
7,13,6,14123,13946.472,176.5283203125
2,13,18,18767,18959.94,192.939453125
2,9,7,17010,16772.459,237.541015625
8,18,4,13710,13334.143,375.857421875
9,20,4,13253,12801.949,451.05078125
12,9,23,14758,14971.711,213.7109375
8,6,11,18581,18952.6,371.599609375
9,21,2,12722,12720.133,1.8671875
9,22,17,19711,20640.135,929.134765625
4,30,13,14631,14150.225,480.775390625
10,26,3,11760,11138.137,621.86328125
9,13,13,15329,15676.869,347.869140625
11,3,20,17040,17100.87,60.869140625
3,20,1,13912,13747.137,164.86328125
9,22,1,12545,12844.547,299.546875
8,17,21,21675,21212.807,462.193359375
11,22,21,19240,18387.326,852.673828125
7,9,21,16095,16394.502,299.501953125
3,27,16,12566,12938.482,372.482421875
12,10,4,14393,14532.378,139.3779296875
2,1,11,17605,17778.822,173.822265625
11,16,15,16075,16604.844,529.84375
3,21,15,15126,14884.146,241.853515625
12,10,0,15498,14561.779,936.220703125
2,6,20,16965,16437.365,527.634765625
12,25,3,12552,12451.42,100.580078125
7,9,5,15014,15552.857,538.857421875
5,5,0,11477,11750.731,273.7314453125
1,28,0,17185,17127.014,57.986328125
6,6,17,17178,17292.977,114.9765625
3,1,4,15169,14356.3955,812.6044921875
12,8,1,14560,14430.273,129.7265625
4,16,8,17543,16979.844,563.15625
2,21,14,16185,16555.465,370.46484375
10,24,18,17402,17552.773,150.7734375
3,11,6,15547,14989.461,557.5390625
4,16,20,17540,17247.299,292.701171875
8,4,15,17459,19382.203,1923.203125
3,27,8,16285,16521.72,236.720703125
8,21,8,14871,14603.563,267.4365234375
8,10,2,15794,16033.189,239.189453125
8,2,18,16785,17176.555,391.5546875
3,12,16,16682,16014.946,667.0537109375
11,20,11,16732,16916.56,184.560546875
8,20,14,15206,15598.91,392.91015625
3,9,20,16339,16259.637,79.36328125
9,22,3,12491,12096.844,394.15625
1,20,3,15560,15180.304,379.6962890625
12,16,21,19095,18274.129,820.87109375
6,26,6,13688,13613.6455,74.3544921875
10,8,3,11251,12117.426,866.42578125
1,9,16,15869,16328.971,459.970703125
6,19,11,17484,17465.248,18.751953125
2,4,1,18035,17032.23,1002.76953125
5,25,3,11042,11373.741,331.7412109375
11,7,20,15267,15211.863,55.13671875
10,16,13,14291,14735.558,444.5576171875
7,6,10,19862,20343.584,481.583984375
2,17,12,15633,15528.087,104.9130859375
7,10,19,20678,21196.61,518.609375
4,4,23,14475,15006.939,531.939453125
2,17,23,17104,16844.434,259.56640625
6,3,17,15718,15507.889,210.111328125
11,6,4,11205,11601.488,396.48828125
1,16,1,15957,15337.326,619.673828125
5,3,22,14286,13348.584,937.416015625
3,2,1,15772,15277.076,494.923828125
7,11,4,12609,12278.422,330.578125
4,12,19,15587,16162.667,575.6669921875
11,2,20,15227,15487.588,260.587890625
5,10,21,14570,14593.763,23.7626953125
4,21,1,12529,12061.888,467.1123046875
2,18,2,13800,13500.262,299.73828125
8,18,20,20482,20689.318,207.318359375
6,4,8,13484,13275.819,208.1806640625
12,23,6,13989,14165.623,176.623046875
11,8,13,16765,15687.236,1077.763671875
12,26,2,12526,12791.671,265.6708984375
11,14,14,14624,15078.83,454.830078125
10,8,18,16302,17365.85,1063.849609375
7,4,2,11945,11900.004,44.99609375
11,4,18,16443,16716.97,273.970703125
7,21,15,18285,18816.658,531.658203125
3,26,4,13796,13268.16,527.83984375
8,19,3,14183,13608.083,574.9169921875
9,28,22,14834,15150.322,316.322265625
7,6,10,16091,17090.652,999.65234375
11,30,20,18018,17751.69,266.310546875
2,6,4,15112,14050.027,1061.97265625
3,9,5,13521,13773.955,252.955078125
1,28,20,17399,18125.752,726.751953125
12,19,6,15085,15283.719,198.71875
11,29,8,15981,15550.084,430.916015625
10,11,19,15633,16028.48,395.48046875
12,9,4,13543,13492.686,50.314453125
1,15,18,20880,20689.225,190.775390625
7,13,11,19776,19631.78,144.220703125
10,14,12,14641,14619.705,21.294921875
2,13,13,19189,18606.56,582.439453125
6,8,11,14430,14303.301,126.69921875
9,3,14,19062,19530.229,468.228515625
6,23,11,17417,17455.207,38.20703125
12,8,6,14507,14985.33,478.330078125
1,30,5,15331,14755.201,575.798828125
11,6,16,15609,15572.9,36.099609375
4,2,16,14733,14812.613,79.61328125
7,14,17,19563,19584.928,21.927734375
9,30,12,14394,14702.631,308.630859375
9,20,22,12894,13073.836,179.8359375
1,3,12,16358,16773.525,415.525390625
11,15,15,17625,17494.615,130.384765625
9,12,13,17814,18287.88,473.880859375
6,18,20,14236,14144.682,91.318359375
8,17,11,14342,14475.18,133.1796875
3,9,10,16567,16851.576,284.576171875
10,11,23,12852,13821.26,969.259765625
10,1,18,15443,16327.248,884.248046875
8,13,5,13730,14071.266,341.265625
5,1,0,12051,12597.842,546.841796875
3,3,19,18024,17579.299,444.701171875
6,27,16,17433,18187.412,754.412109375
6,21,11,15614,16160.402,546.40234375
5,13,4,11182,11004.273,177.7265625
11,4,19,17322,17205.627,116.373046875
11,3,15,15756,15531.594,224.40625
8,11,7,14754,14515.722,238.2783203125
12,27,5,13472,13658.227,186.2265625
10,21,15,15954,15996.266,42.265625
9,12,5,11734,11574.697,159.302734375
3,6,17,17331,17089.975,241.025390625
2,16,22,19561,19531.578,29.421875
6,21,13,18925,18440.178,484.822265625
12,2,1,13667,14045.33,378.330078125
8,4,17,20324,20411.521,87.521484375
5,23,11,15542,15030.899,511.1005859375
3,22,6,16075,15821.15,253.849609375
6,11,20,17788,17113.008,674.9921875
1,17,7,16464,16650.729,186.728515625
12,10,3,13042,12592.123,449.876953125
12,30,14,16383,16302.92,80.080078125
12,31,2,13018,13233.527,215.52734375
1,6,12,18228,18191.834,36.166015625
7,26,3,12845,12553.086,291.9140625
9,15,19,18574,19361.584,787.583984375
4,13,19,16488,16612.992,124.9921875
7,17,0,15069,14789.557,279.443359375
8,20,19,16282,16774.816,492.81640625
9,24,18,14533,14265.928,267.072265625
1,28,16,17357,16591.113,765.88671875
8,31,8,15116,14943.666,172.333984375
7,3,22,17859,18483.852,624.8515625
11,15,3,13944,13914.213,29.787109375
9,22,19,19184,19820.342,636.341796875
8,8,11,17010,16926.602,83.3984375
2,1,2,14378,13339.797,1038.203125
9,3,18,17827,17460.482,366.517578125
9,13,1,12815,13133.44,318.4404296875
1,13,16,17314,18158.816,844.81640625
12,14,12,18951,18218.848,732.15234375
9,14,13,16410,17638.94,1228.939453125
7,6,23,16489,15726.5625,762.4375
1,27,2,15187,14364.144,822.8564453125
6,25,6,12455,12895.757,440.7568359375
1,12,12,18685,18317.135,367.865234375
9,30,22,14315,14559.448,244.4482421875
7,7,22,15578,15627.925,49.9248046875
6,28,18,14370,14315.42,54.580078125
8,19,11,19601,19478.58,122.419921875
1,12,10,17202,16294.857,907.142578125
12,7,6,14212,14402.527,190.52734375
1,17,1,15618,15788.634,170.6337890625
7,15,4,12204,11880.451,323.548828125
4,4,16,15295,15895.562,600.5615234375
9,8,5,11764,12225.667,461.6669921875
6,4,22,14705,14837.284,132.2841796875
7,4,12,16293,16334.197,41.197265625
12,26,5,12680,13081.535,401.53515625
12,2,23,17134,17792.557,658.556640625
10,14,16,14901,15012.926,111.92578125
8,13,1,13823,13303.406,519.59375
11,25,17,18810,17722.137,1087.86328125
11,9,17,16204,16715.682,511.681640625
5,11,2,12009,12469.323,460.3232421875
5,19,20,16623,18544.525,1921.525390625
7,11,17,18025,18221.527,196.52734375
8,11,6,16536,16646.121,110.12109375
5,24,12,12584,12712.629,128.62890625
4,22,17,14797,14710.418,86.58203125
10,1,16,16997,17242.312,245.3125
12,18,3,14334,14081.799,252.201171875
9,30,2,11146,11373.135,227.134765625
8,9,15,17775,17551.97,223.029296875
11,15,14,16076,17169.064,1093.064453125
8,21,10,17907,17553.041,353.958984375
11,27,3,12330,12361.068,31.068359375
9,12,22,15795,15362.635,432.365234375
7,31,0,17925,17058.031,866.96875
12,23,12,17006,17599.28,593.279296875
7,5,2,12459,12360.549,98.451171875
4,23,1,12194,12010.264,183.736328125
5,30,22,17731,17765.064,34.064453125
9,24,4,11717,11926.113,209.11328125
3,27,7,14542,13921.441,620.55859375
12,11,19,18673,19057.268,384.267578125
2,15,23,17260,16383.726,876.2744140625
11,26,2,14440,14192.481,247.5185546875
7,20,16,16327,17047.682,720.681640625
6,23,23,15100,14823.174,276.826171875
5,3,23,14106,13855.459,250.541015625
4,22,23,13879,13980.133,101.1328125
8,13,10,17070,16750.904,319.095703125
8,10,18,21174,21495.777,321.77734375
8,17,9,16978,16450.514,527.486328125
4,15,7,15342,14194.775,1147.224609375
7,12,3,14470,14852.596,382.595703125
12,30,19,17314,17317.328,3.328125
3,25,0,13826,13596.257,229.7431640625
12,9,10,16055,16484.38,429.380859375
10,24,4,11517,11660.428,143.427734375
2,3,1,15370,15362.451,7.548828125
7,7,23,18177,18489.396,312.396484375
12,3,20,18356,18182.564,173.435546875
6,4,19,17997,17808.172,188.828125
8,16,21,20146,19164.504,981.49609375
12,19,16,17424,17865.037,441.037109375
10,16,14,15191,15074.724,116.2763671875
9,25,17,16914,17118.783,204.783203125
12,31,18,17372,17683.67,311.669921875
11,7,14,13800,13773.145,26.85546875
1,2,9,16839,17300.443,461.443359375
10,23,17,15425,15523.662,98.662109375
1,21,4,16722,16693.117,28.8828125
3,21,5,12451,12240.77,210.23046875
8,15,19,19523,20337.506,814.505859375
11,29,7,16233,15281.0625,951.9375
5,2,21,15479,15078.042,400.9580078125
8,19,23,17460,17259.201,200.798828125
6,6,9,14964,15347.162,383.162109375
10,30,18,16686,16607.95,78.05078125
4,22,10,12580,12369.844,210.15625
5,12,18,13338,13449.115,111.115234375
5,2,16,12724,12976.047,252.046875
11,4,22,13737,14158.449,421.44921875
12,27,16,16682,17564.945,882.9453125
10,23,4,11492,11596.27,104.26953125
4,4,21,14091,14548.382,457.3818359375
11,2,8,13741,13477.001,263.9990234375
5,11,18,14447,15280.172,833.171875
3,9,14,15383,15634.0,251.0
8,15,2,12967,12998.498,31.498046875
12,1,22,16582,16408.893,173.107421875
1,3,21,16669,17177.512,508.51171875
1,1,6,15502,15408.328,93.671875
4,30,4,12944,12240.643,703.357421875
1,12,20,18118,18385.799,267.798828125
2,28,23,15337,15726.67,389.669921875
4,19,21,14873,15139.471,266.470703125
2,17,19,20880,20962.664,82.6640625
2,23,21,17210,16903.93,306.0703125
1,4,8,18198,18680.217,482.216796875
7,26,15,18595,19177.48,582.48046875
2,19,21,19309,18035.672,1273.328125
6,9,20,15819,16712.434,893.43359375
8,10,19,19522,18525.514,996.486328125
6,21,17,15734,15492.629,241.37109375
10,18,5,12146,12903.916,757.916015625
3,8,0,14202,13045.161,1156.8388671875
11,19,13,16309,16103.121,205.87890625
5,11,7,14699,14227.726,471.2744140625
3,26,18,15285,14954.58,330.419921875
4,25,21,15135,15267.685,132.6845703125
6,23,5,13554,14223.092,669.091796875
5,3,19,15978,16508.555,530.5546875
1,26,8,16902,16331.546,570.4541015625
1,18,2,14071,13885.323,185.6767578125
1,3,17,18219,18387.143,168.142578125
7,6,16,19600,19883.912,283.912109375
5,8,16,15546,15606.655,60.6552734375
11,21,20,18645,18023.076,621.923828125
2,18,7,14082,13436.811,645.189453125
8,16,12,18632,19536.025,904.025390625
7,14,5,13749,14461.446,712.4462890625
8,18,19,21357,20689.742,667.2578125
7,14,18,17807,17877.197,70.197265625
2,22,14,16190,15538.353,651.6474609375
9,23,21,16957,16732.826,224.173828125
8,31,8,14654,15005.961,351.9609375
8,25,4,13669,13503.124,165.8759765625
10,19,2,12608,12948.794,340.7939453125
3,26,0,13390,13649.793,259.79296875
8,12,6,13709,14183.573,474.5732421875
10,18,15,14764,15046.585,282.5849609375
8,13,14,16018,16528.912,510.912109375
8,6,21,17313,17455.982,142.982421875
7,14,15,18976,18646.162,329.837890625
4,17,7,16400,15503.334,896.666015625
2,20,7,14116,13356.182,759.818359375
8,26,21,19011,18372.727,638.2734375
8,5,17,21258,21782.97,524.970703125
6,9,14,13707,14166.426,459.42578125
9,22,19,19492,19260.719,231.28125
8,2,19,17113,17609.326,496.326171875
3,14,13,16195,16475.758,280.7578125
1,31,10,15058,14931.825,126.1748046875
5,3,16,13794,13744.355,49.64453125
9,8,17,18045,18619.588,574.587890625
7,8,18,19650,19172.318,477.681640625
4,21,9,15346,14906.461,439.5390625
8,31,21,16474,16781.252,307.251953125
8,4,2,14119,13498.908,620.091796875
6,25,22,15570,15346.271,223.728515625
7,17,13,20144,19972.854,171.146484375
2,16,11,17447,17026.53,420.470703125
8,30,10,13218,13621.037,403.037109375
8,15,19,17203,16590.623,612.376953125
10,4,8,13210,13102.849,107.1513671875
1,16,1,14449,14658.454,209.4541015625
10,27,14,14891,14521.113,369.88671875
3,19,13,16033,16082.484,49.484375
7,12,11,17202,17680.424,478.423828125
4,16,11,17113,17322.365,209.365234375
2,4,5,14360,14313.66,46.33984375
8,12,22,20421,19846.53,574.470703125
6,12,21,15988,16094.883,106.8828125
12,13,11,14926,14799.37,126.6298828125
6,18,0,13010,12905.191,104.80859375
1,3,20,18359,19064.354,705.353515625
1,8,14,17035,16856.338,178.662109375
6,13,23,14373,14748.32,375.3203125
3,7,22,17423,16030.978,1392.0224609375
12,4,23,15287,16212.754,925.75390625
11,5,9,16121,16021.46,99.5400390625
5,28,0,13787,12824.572,962.427734375
10,13,22,14053,13961.381,91.619140625
1,21,17,17689,17750.564,61.564453125
11,11,2,12185,12101.875,83.125
11,15,4,11475,12059.901,584.9013671875
5,13,12,15892,16289.982,397.982421875
9,2,3,13581,14345.917,764.9169921875
10,4,21,18065,17922.127,142.873046875
1,13,2,14359,14182.229,176.771484375
6,4,23,14493,14197.562,295.4384765625
2,17,8,16946,16769.115,176.884765625
9,21,11,17041,17622.844,581.84375
3,2,19,19904,19454.951,449.048828125
4,11,5,13953,13719.713,233.287109375
6,28,11,17393,17222.83,170.169921875
8,28,16,18989,19663.504,674.50390625
6,15,9,15417,15596.578,179.578125
2,9,19,19902,20042.213,140.212890625
10,14,18,15467,14789.77,677.23046875
7,17,11,15249,15725.953,476.953125
5,1,19,15806,16281.082,475.08203125
10,12,22,13872,13559.943,312.056640625
12,14,19,18624,18099.81,524.189453125
5,1,20,13588,14355.359,767.359375
7,17,15,18991,19273.889,282.888671875
10,13,19,15516,14717.635,798.365234375
2,23,14,15459,15655.801,196.80078125
8,7,20,17286,17913.11,627.109375
6,29,14,18940,19031.299,91.298828125
6,7,9,14285,13767.324,517.67578125
5,23,19,15098,14716.985,381.0146484375
5,12,14,15868,16459.127,591.126953125
2,9,0,15474,15458.045,15.955078125
11,29,12,15058,15662.448,604.4482421875
11,2,6,15233,14656.15,576.849609375
12,6,5,13408,13118.541,289.458984375
8,27,5,12843,12586.25,256.75
9,13,13,13935,13878.539,56.4609375
7,17,9,16678,16850.697,172.697265625
4,21,0,12572,11930.469,641.53125
9,11,11,14216,13173.512,1042.48828125
12,7,15,17632,17869.332,237.33203125
10,18,23,13932,13432.578,499.421875
8,10,5,13099,13007.57,91.4296875
1,3,11,17858,17690.887,167.11328125
3,19,4,13187,13202.429,15.4287109375
11,2,0,13196,13402.609,206.609375
2,1,8,17206,16522.184,683.81640625
6,17,3,12538,12527.322,10.677734375
6,11,14,15928,16038.529,110.529296875
3,12,3,14033,13866.285,166.71484375
5,5,23,12191,12434.271,243.271484375
4,13,5,14250,13631.0625,618.9375
12,5,12,16198,16319.461,121.4609375
2,16,19,20663,20005.404,657.595703125
3,9,18,17371,17833.107,462.107421875
10,21,3,11600,11770.933,170.9326171875
2,14,8,18974,18063.219,910.78125
11,30,23,16072,15676.402,395.59765625
2,18,11,17579,17259.959,319.041015625
2,24,21,17347,17082.834,264.166015625
2,19,11,17735,17057.348,677.65234375
10,6,1,11986,12071.867,85.8671875
8,4,18,20636,20157.355,478.64453125
8,18,6,16379,15984.6,394.400390625
3,31,20,15177,15513.322,336.322265625
4,28,4,13426,13403.691,22.30859375
7,25,15,20322,20196.822,125.177734375
10,5,12,12964,13622.395,658.39453125
12,14,17,20865,19672.197,1192.802734375
11,3,20,17193,16972.764,220.236328125
8,17,20,19024,19046.44,22.439453125
10,26,6,14702,14388.92,313.080078125
11,3,10,15897,16973.46,1076.4609375
11,24,14,16052,15768.295,283.705078125
7,20,7,15309,15354.244,45.244140625
4,14,21,13463,13705.678,242.677734375
1,25,14,17884,17689.205,194.794921875
4,4,12,15059,15401.316,342.31640625
6,24,11,15605,16055.095,450.0947265625
1,12,1,13692,13199.432,492.568359375
12,15,6,12939,13646.461,707.4609375
4,28,4,12420,12110.329,309.6708984375
10,5,15,14369,14852.472,483.4716796875
8,5,0,15403,15511.4,108.400390625
5,30,5,11862,11640.126,221.8740234375
10,2,2,12305,12755.191,450.19140625
10,28,12,15708,15455.117,252.8828125
4,12,16,15895,14944.917,950.0830078125
2,13,16,18121,17970.383,150.6171875
6,27,20,19195,19630.916,435.916015625
4,9,17,15248,14842.17,405.830078125
1,22,0,14839,15166.75,327.75
2,7,2,14792,14914.033,122.033203125
11,15,12,17699,17623.377,75.623046875
6,28,2,12938,12792.5205,145.4794921875
7,15,4,13702,13343.185,358.8154296875
5,25,12,13584,14423.357,839.357421875
7,31,15,19940,19871.158,68.841796875
12,17,17,18372,18391.768,19.767578125
7,16,6,14793,15556.35,763.349609375
12,12,7,18103,18492.477,389.4765625
12,21,0,16135,15584.441,550.55859375
7,18,11,18843,18957.18,114.1796875
3,4,5,15285,15075.355,209.64453125
7,14,16,17504,18099.736,595.736328125
11,13,17,14573,14366.612,206.3876953125
11,1,13,14862,15655.496,793.49609375
5,24,20,17300,18571.025,1271.025390625
3,16,19,16739,16540.787,198.212890625
1,18,7,16859,16496.613,362.38671875
11,30,9,15908,15045.674,862.326171875
9,11,22,15007,14991.417,15.5830078125
9,17,5,11189,11428.852,239.8515625
6,29,14,17623,18378.482,755.482421875
8,20,12,16248,16450.342,202.341796875
4,3,17,16371,15728.143,642.857421875
9,22,14,18350,18702.986,352.986328125
10,18,2,12258,12488.012,230.01171875
11,8,19,17008,17581.531,573.53125
4,20,1,11988,12041.055,53.0546875
11,15,16,16756,16328.891,427.109375
6,13,6,12798,13114.748,316.748046875
2,19,9,18762,18803.197,41.197265625
9,3,9,14670,14546.373,123.626953125
12,10,13,17491,17615.412,124.412109375
5,12,3,11971,11770.181,200.8193359375
3,31,6,15304,14607.914,696.0859375
1,31,9,19038,18239.25,798.75
12,31,22,15744,16784.45,1040.44921875
3,3,8,16926,16736.717,189.283203125
4,29,12,15381,15433.348,52.34765625
11,24,1,14045,13676.416,368.583984375
4,10,18,16119,16645.45,526.44921875
3,18,19,18241,17917.797,323.203125
10,28,12,15695,15842.629,147.62890625
10,10,22,13411,13216.504,194.49609375
10,7,1,12181,12654.1,473.099609375
12,29,9,17937,17986.748,49.748046875
8,16,23,15391,16469.139,1078.138671875
4,15,2,12675,12661.354,13.646484375
1,20,3,14078,14383.27,305.26953125
1,6,10,17782,17877.682,95.681640625
4,1,11,13233,14527.3125,1294.3125
3,8,0,15700,14669.787,1030.212890625
2,9,15,16621,16496.67,124.330078125
6,27,22,18670,18039.664,630.3359375
3,18,15,16637,17102.521,465.521484375
2,10,7,17225,17384.951,159.951171875
12,27,7,15039,15728.826,689.826171875
8,18,0,15466,15378.567,87.4326171875
11,20,13,15517,15561.694,44.6943359375
9,20,5,13451,13930.818,479.818359375
11,12,4,12254,11930.4375,323.5625
3,3,0,14927,13769.716,1157.2841796875
1,9,21,18712,18974.822,262.822265625
5,22,5,12327,12247.623,79.376953125
12,29,20,17291,18367.107,1076.107421875
4,18,8,14783,15302.456,519.4560546875
7,4,7,14022,14392.556,370.5556640625
5,13,9,15088,14744.146,343.853515625
10,25,12,14439,15268.619,829.619140625
12,20,5,14720,14933.711,213.7109375
6,23,5,12645,13273.125,628.125
11,22,8,15431,13972.479,1458.521484375
1,6,8,18207,18069.814,137.185546875
7,19,4,13747,14424.176,677.17578125
4,13,2,13054,13188.975,134.974609375
11,29,19,17944,17064.736,879.263671875
9,29,7,12884,13148.781,264.78125
7,4,11,14760,15461.49,701.490234375
10,29,18,17199,16855.602,343.3984375
4,17,6,14630,13817.134,812.8662109375
6,8,20,15210,15310.156,100.15625
3,20,22,15831,14876.111,954.888671875
11,24,17,17882,17798.44,83.560546875
10,22,7,12933,12588.744,344.255859375
11,30,18,18596,17748.895,847.10546875
6,14,17,12924,13189.023,265.0234375
12,26,10,14269,14569.867,300.8671875
11,24,15,17140,16941.072,198.927734375
8,5,22,18663,19432.893,769.892578125
10,16,20,17224,16673.5,550.5
3,30,9,15702,16110.022,408.0224609375
4,9,19,15614,15704.826,90.826171875
11,2,3,12380,12033.139,346.861328125
8,4,21,17066,17878.229,812.228515625
6,26,14,18574,18218.955,355.044921875
7,26,6,15664,15930.008,266.0078125
5,20,2,11755,12035.951,280.951171875
5,27,0,12602,12211.055,390.9453125
3,13,4,12870,12606.623,263.376953125
8,6,8,16424,15888.3125,535.6875
3,22,8,16646,15813.17,832.830078125
12,3,16,15687,16149.707,462.70703125
12,2,22,16320,16798.723,478.72265625
11,18,8,17042,17039.984,2.015625
6,17,9,16858,16920.963,62.962890625
3,2,16,16554,17055.04,501.0390625
7,5,2,13418,13469.076,51.076171875
6,16,14,17651,17430.775,220.224609375
1,10,11,17425,17007.55,417.44921875
8,19,13,20416,20093.041,322.958984375
6,9,23,13435,13821.642,386.6416015625
11,21,16,15720,16134.315,414.3154296875
6,2,12,14344,15068.424,724.423828125
5,21,13,12165,12820.674,655.673828125
7,19,15,17645,17685.047,40.046875
7,30,6,16633,16466.973,166.02734375
3,31,10,15778,15856.532,78.5322265625
12,24,17,16422,17325.223,903.22265625
3,26,10,14947,15883.702,936.7021484375
5,11,7,13871,14287.448,416.4482421875
12,4,20,20112,20456.53,344.529296875
12,12,0,15806,15377.881,428.119140625
10,21,16,14164,15228.464,1064.4638671875
1,27,20,17176,17569.56,393.560546875
12,24,5,13067,13572.443,505.443359375
3,29,2,13733,14091.229,358.228515625
7,11,22,17692,17362.39,329.609375
11,25,19,19553,19329.02,223.98046875
9,28,7,15047,14648.029,398.970703125
12,17,9,20399,18707.205,1691.794921875
8,2,18,17790,17487.115,302.884765625
4,11,5,11846,12175.492,329.4921875
6,16,18,18152,18226.764,74.763671875
10,25,21,14708,15369.102,661.1015625
3,8,12,15489,15115.646,373.353515625
7,22,12,20705,20484.83,220.169921875
1,1,12,15637,15395.295,241.705078125
9,16,4,12084,12190.119,106.119140625
11,3,21,15533,15895.156,362.15625
12,26,2,11337,12002.066,665.06640625
7,19,12,21162,21798.229,636.228515625
10,14,20,15344,15093.801,250.19921875
4,30,10,12939,12584.441,354.55859375
6,25,12,13806,13225.486,580.513671875
2,10,18,18259,18742.018,483.017578125
10,29,14,15347,15721.623,374.623046875
8,5,2,14059,13970.554,88.4462890625
7,29,18,16444,16954.537,510.537109375
8,18,13,17235,16918.777,316.22265625
10,26,16,13771,13850.84,79.83984375
10,8,8,15900,15645.25,254.75
1,4,15,17163,17450.629,287.62890625
1,9,14,18419,18606.932,187.931640625
3,23,1,13178,13806.951,628.951171875
11,15,12,15807,15913.814,106.814453125
6,25,20,17753,19227.248,1474.248046875
5,24,0,12128,11401.429,726.5712890625
3,31,11,15028,16064.283,1036.283203125
9,21,11,13938,14454.658,516.658203125
11,12,6,13286,13876.631,590.630859375
3,1,8,15660,15832.947,172.947265625
1,3,2,13302,13697.461,395.4609375
12,14,15,17488,17205.6,282.400390625
11,15,5,13794,13987.33,193.330078125
10,28,23,13479,13647.646,168.646484375
9,12,16,18334,18938.357,604.357421875
5,7,11,13874,14640.427,766.4267578125
2,15,23,19085,19921.506,836.505859375
5,20,8,14963,14792.371,170.62890625
9,10,11,17252,17252.264,0.263671875
9,9,7,11202,11447.815,245.8154296875
4,24,15,13671,14654.745,983.7451171875
5,2,22,15332,14783.434,548.56640625
7,4,6,11229,11256.793,27.79296875
12,13,7,16040,15374.011,665.9892578125
10,3,14,15232,15235.377,3.376953125
2,21,23,15831,15271.791,559.208984375
1,26,8,19796,19888.902,92.90234375
6,18,9,15291,15706.075,415.0751953125
9,19,9,12780,13111.748,331.748046875
11,4,19,15378,16178.285,800.28515625
11,26,0,14126,13047.176,1078.82421875
10,2,15,14231,14827.784,596.7841796875
11,9,13,14498,14929.375,431.375
3,30,16,15364,14891.943,472.056640625
7,31,3,13433,12693.107,739.892578125
1,19,5,15022,14419.559,602.44140625
12,11,2,14824,14154.791,669.208984375
12,16,23,16856,17073.57,217.5703125
10,9,17,15905,16307.338,402.337890625
4,18,16,15986,15918.582,67.41796875
10,9,13,15189,14766.229,422.771484375
8,8,13,17476,17606.33,130.330078125
3,28,16,16276,15923.625,352.375
6,5,15,18028,17878.457,149.54296875
4,2,15,14520,15505.398,985.3984375
4,8,10,16114,16227.364,113.3642578125
9,25,8,15448,15068.665,379.3349609375
11,1,20,16639,17282.6,643.599609375
6,7,6,10545,10927.561,382.560546875
9,7,9,15971,15797.244,173.755859375
10,29,12,13240,14473.996,1233.99609375
9,29,21,14803,14589.492,213.5078125
2,28,15,17016,17017.883,1.8828125
11,1,6,13752,13578.609,173.390625
2,5,7,16454,16149.783,304.216796875
10,6,13,15700,15932.068,232.068359375
2,15,21,18892,18567.023,324.9765625
3,25,9,14701,14214.328,486.671875
11,4,21,14554,14810.871,256.87109375
3,17,1,13654,14228.227,574.2265625
8,14,19,21125,21711.607,586.607421875
7,1,3,12995,13577.89,582.8896484375
1,26,11,19931,19992.988,61.98828125
9,9,3,11842,11771.29,70.7099609375
8,25,10,13309,13803.293,494.29296875
10,18,11,14747,14889.693,142.693359375
1,9,14,19517,18509.35,1007.650390625
12,30,21,16992,17156.912,164.912109375
4,26,2,11760,11868.67,108.669921875
8,12,6,13709,13342.234,366.765625
11,6,6,12031,12761.814,730.814453125
8,29,11,19555,19684.709,129.708984375
5,6,18,15572,16304.051,732.05078125
5,17,11,14587,15251.502,664.501953125
9,26,12,14105,14800.311,695.310546875
3,2,6,14608,14747.832,139.83203125
3,8,13,15933,15270.406,662.59375
11,16,17,17157,17560.822,403.822265625
8,7,11,16486,17490.662,1004.662109375
8,28,22,17519,17049.492,469.5078125
10,1,10,13742,14462.268,720.267578125
1,21,2,16245,15423.287,821.712890625
5,31,14,13686,14700.386,1014.3857421875
1,19,18,18939,18123.092,815.908203125
12,25,16,14366,15393.838,1027.837890625
7,3,0,15293,15331.851,38.8505859375
10,25,22,14499,15012.541,513.541015625
7,10,16,20701,20841.68,140.6796875
8,22,23,14718,14436.402,281.59765625
2,27,15,18049,17824.33,224.669921875
9,4,0,11521,11942.32,421.3203125
12,10,19,17871,17839.373,31.626953125
5,12,13,12766,12609.906,156.09375
12,4,15,17546,17170.02,375.98046875
8,6,15,18277,18307.918,30.91796875
1,21,9,14955,14774.222,180.7783203125
6,19,22,16495,16715.41,220.41015625
1,11,13,19838,19530.354,307.646484375
10,26,8,16055,15549.212,505.7880859375
4,24,21,16379,15795.234,583.765625
9,22,3,12256,12361.076,105.076171875
6,29,11,16372,16939.496,567.49609375
4,9,17,16068,16751.982,683.982421875
9,6,10,15822,15787.578,34.421875
3,29,23,14358,15031.697,673.697265625
4,19,18,14947,15079.85,132.849609375
11,24,5,14737,14411.776,325.2236328125
1,23,15,18079,18049.664,29.3359375
9,12,8,13628,13070.717,557.283203125
7,31,8,19157,19064.775,92.224609375
10,20,16,15221,15747.289,526.2890625
8,26,5,15590,15937.928,347.927734375
3,25,19,16990,17375.541,385.541015625
11,25,0,14957,13657.732,1299.267578125
2,3,10,19090,18397.21,692.7890625
7,11,9,16963,16698.97,264.029296875
8,15,0,16026,15939.256,86.744140625
6,27,2,13624,13770.972,146.9716796875
8,29,10,15677,16536.115,859.115234375
7,16,2,13848,13882.311,34.310546875
8,19,23,14168,13360.98,807.01953125
6,29,21,17691,18205.457,514.45703125
4,16,18,16131,16208.0,77.0
8,26,15,13494,13954.923,460.9228515625
7,4,16,16310,16414.738,104.73828125
9,15,17,17291,17309.975,18.974609375
1,6,8,16598,17476.201,878.201171875
2,26,5,15091,14853.668,237.33203125
10,30,3,12794,12697.674,96.326171875
3,28,0,13513,13755.3,242.2998046875
4,28,21,13535,14634.709,1099.708984375
1,14,14,17010,17623.406,613.40625
5,7,3,10905,11041.196,136.1962890625
5,27,13,13361,13422.545,61.544921875
4,14,6,13434,13489.578,55.578125
6,21,1,12162,12314.895,152.89453125
7,5,1,12737,13234.957,497.95703125
7,23,7,15264,15376.002,112.001953125
6,3,14,18390,17675.69,714.310546875
11,27,3,14011,13990.535,20.46484375
7,1,16,16997,17220.05,223.05078125
3,31,16,14006,14272.891,266.890625
2,4,21,17241,16619.049,621.951171875
5,7,2,11280,11030.881,249.119140625
9,13,9,13059,13247.035,188.03515625
6,3,7,14090,14110.082,20.08203125
7,1,5,11565,10779.485,785.5146484375
2,10,4,14689,14042.34,646.66015625
9,6,9,12166,12555.124,389.1240234375
9,21,9,14105,14443.123,338.123046875
4,16,13,15005,14342.622,662.3779296875
12,3,5,12865,13043.106,178.1064453125
6,8,6,15283,15182.064,100.935546875
3,9,15,15340,15618.752,278.751953125
9,26,5,14285,14771.803,486.802734375
4,15,20,13598,13931.503,333.5029296875
12,24,1,14204,14366.718,162.7177734375
5,26,0,13926,14428.393,502.392578125
6,18,14,16014,16827.117,813.1171875
11,5,8,16442,16196.032,245.9677734375
4,27,23,14520,14385.318,134.681640625
1,16,15,18195,18172.158,22.841796875
1,22,20,18340,19261.941,921.94140625
9,11,18,16546,16999.541,453.541015625
6,24,9,17430,17533.855,103.85546875
5,5,10,12926,13910.816,984.81640625
2,9,1,15379,15402.652,23.65234375
12,21,1,14103,13758.989,344.0107421875
11,3,19,16450,17311.58,861.580078125
2,20,9,16131,15639.889,491.111328125
1,6,20,17860,18758.19,898.189453125
4,3,10,13489,13709.648,220.6484375
11,9,1,13849,14118.376,269.3759765625
1,22,19,19126,18811.828,314.171875
1,6,16,17706,17631.006,74.994140625
9,28,6,13717,13526.605,190.39453125
4,18,20,14254,14480.934,226.93359375
7,3,8,13657,14158.701,501.701171875
8,26,3,14200,14413.035,213.03515625
2,13,20,18025,18076.941,51.94140625
10,13,15,15179,15864.255,685.2548828125
10,16,7,15152,14514.047,637.953125
7,8,5,15523,16337.572,814.572265625
9,13,12,17707,17847.693,140.693359375
1,21,10,15349,15265.014,83.986328125
10,11,20,15408,16444.934,1036.93359375
9,23,22,13843,14169.625,326.625
9,1,0,14366,14088.773,277.2265625
11,29,12,13564,13895.516,331.515625
10,31,8,17037,15963.549,1073.451171875
1,2,12,20696,20364.543,331.45703125
11,25,3,13361,13272.695,88.3046875
12,10,18,18735,17945.771,789.228515625
5,20,18,13570,15115.15,1545.150390625
8,13,11,19251,19613.812,362.8125
12,18,0,15789,14798.656,990.34375
10,22,22,14039,14301.439,262.439453125
7,31,23,19927,19490.498,436.501953125
1,27,0,16633,15545.682,1087.318359375
9,11,5,12955,12770.045,184.955078125
10,14,21,14231,13841.644,389.3564453125
5,3,1,12022,12151.736,129.736328125
11,5,21,13943,14623.154,680.154296875
10,31,8,16278,15673.049,604.951171875
3,15,13,15685,15673.289,11.7109375
11,8,20,16801,17405.691,604.69140625
5,1,3,10554,11651.184,1097.18359375
2,4,8,16741,16964.154,223.154296875
7,28,22,18882,18295.807,586.193359375
3,28,5,13590,13851.543,261.54296875
8,12,22,16843,16299.627,543.373046875
3,21,8,16703,16250.549,452.451171875
11,7,15,15064,15406.968,342.9677734375
4,21,5,13554,13553.9,0.099609375
5,12,1,12260,12164.707,95.29296875
9,20,12,12200,12780.961,580.9609375
2,7,12,16601,16981.994,380.994140625
7,10,12,16983,17365.373,382.373046875
11,30,3,13906,13023.579,882.4208984375
12,22,4,13735,13081.568,653.431640625
7,3,15,21397,21957.87,560.869140625
2,23,18,19487,19632.082,145.08203125
8,17,13,18379,18234.697,144.302734375
4,10,11,15379,16430.377,1051.376953125
10,21,20,14094,14224.614,130.6142578125
5,19,1,11220,11702.783,482.783203125
7,2,0,12737,13103.23,366.23046875
10,4,14,16595,17330.588,735.587890625
10,7,3,12149,11849.975,299.025390625
6,9,15,14253,14397.002,144.001953125
1,22,8,17213,17708.67,495.669921875
7,13,1,14677,15574.126,897.1259765625
4,22,8,15928,15714.642,213.3583984375
7,29,4,14231,14222.559,8.44140625
8,5,20,19293,19956.012,663.01171875
8,29,3,13745,13967.513,222.5126953125
12,24,0,14925,14387.793,537.20703125
5,21,8,14754,14754.354,0.353515625
11,4,5,13005,12769.501,235.4990234375
6,5,2,11506,11497.851,8.1494140625
4,5,16,14826,15435.057,609.056640625
7,1,6,11581,11087.484,493.515625
12,8,0,15338,14617.645,720.35546875
3,20,20,19341,18790.482,550.517578125
12,22,1,15311,15305.162,5.837890625
2,24,20,16866,17490.137,624.13671875
8,18,13,20005,19843.459,161.541015625
9,23,22,13807,14010.591,203.5908203125
12,8,11,15737,14976.673,760.3271484375
11,24,2,13555,13585.4,30.400390625
10,28,4,11356,11874.502,518.501953125
2,25,6,14677,14803.067,126.0673828125
9,19,12,12840,13302.733,462.7333984375
3,3,7,16437,16247.985,189.0146484375
11,23,13,16569,16614.104,45.103515625
3,2,21,17245,17232.354,12.646484375
1,25,22,18301,18358.26,57.259765625
4,6,10,13852,14369.557,517.556640625
9,27,21,15283,15353.936,70.935546875
1,7,17,18087,17901.799,185.201171875
7,29,20,18704,19325.111,621.111328125
1,7,19,21595,21331.691,263.30859375
3,2,8,17482,17002.564,479.435546875
6,5,1,12009,11740.186,268.814453125
7,22,6,13118,13983.346,865.345703125
6,23,5,13119,13385.651,266.6513671875
11,8,20,17645,18625.521,980.521484375
11,2,16,16604,16790.826,186.826171875
7,14,19,20594,20676.63,82.630859375
10,19,5,11662,11976.281,314.28125
6,6,22,15344,15138.994,205.005859375
2,15,17,17285,17245.486,39.513671875
1,23,15,17118,17135.152,17.15234375
12,28,4,15509,15944.098,435.09765625
1,23,21,18638,18587.885,50.115234375
5,29,8,14544,14213.605,330.39453125
7,28,11,19742,19499.23,242.76953125
6,5,5,11726,11676.104,49.896484375
8,20,7,15376,15104.625,271.375
5,30,20,19942,20260.717,318.716796875
1,28,5,14072,14391.868,319.8681640625
4,6,1,11688,12672.595,984.5947265625
10,1,6,11961,11898.975,62.025390625
12,28,17,17095,17147.586,52.5859375
4,12,0,12416,12524.607,108.607421875
2,13,23,17198,16658.123,539.876953125
4,30,1,11757,11482.689,274.310546875
7,29,5,13971,14747.715,776.71484375
11,8,15,16849,16144.329,704.6708984375
10,18,2,12263,12832.486,569.486328125
7,13,11,18903,18850.723,52.27734375
7,18,19,18837,18619.818,217.181640625
8,12,1,14001,13928.928,72.072265625
8,20,20,19778,19538.117,239.8828125
5,17,12,14581,15540.622,959.6220703125
11,8,22,15706,15241.12,464.8798828125
5,11,22,14838,15270.168,432.16796875
3,3,13,15279,14619.545,659.455078125
12,13,4,14838,14249.673,588.3271484375
12,5,4,13495,13390.852,104.1484375
6,8,14,14511,14393.748,117.251953125
9,26,18,14980,15543.5,563.5
8,6,0,14991,15138.18,147.1796875
4,9,20,16217,16304.562,87.5615234375
7,11,13,14475,15042.484,567.484375
1,23,15,17317,16827.951,489.048828125
6,5,13,15176,15677.786,501.7861328125
6,10,22,14653,15276.885,623.884765625
11,20,10,16123,15465.447,657.552734375
9,26,22,14475,14484.659,9.6591796875
12,7,7,15806,15617.744,188.255859375
11,25,2,14050,13644.156,405.84375
3,27,10,15882,16061.838,179.837890625
6,28,4,12862,13373.543,511.54296875
3,15,20,17741,18549.777,808.77734375
6,28,16,17652,17448.367,203.6328125
5,4,17,15503,15553.6045,50.6044921875
11,2,4,11989,11879.509,109.4912109375
3,14,7,17505,16365.697,1139.302734375
6,11,1,12507,13007.301,500.30078125
1,9,18,19207,18707.684,499.31640625
1,16,16,16986,17446.271,460.271484375
12,25,9,16311,15505.256,805.744140625
9,12,14,17323,16962.025,360.974609375
6,30,19,19686,20727.686,1041.685546875
7,22,11,16282,16418.553,136.552734375
10,27,22,14945,14077.098,867.90234375
1,31,17,18851,19005.438,154.4375
11,12,10,15908,15478.907,429.0927734375
9,22,13,15292,14893.694,398.3056640625
12,17,8,15818,15288.09,529.91015625
10,5,9,14698,15141.592,443.591796875
8,4,18,18278,18095.979,182.021484375
9,13,21,18221,18373.338,152.337890625
5,30,19,16406,17175.426,769.42578125
9,6,18,15684,15009.697,674.302734375
4,21,18,14772,15601.171,829.1708984375
6,1,12,14576,15296.072,720.072265625
9,14,7,15951,15774.342,176.658203125
3,12,14,14942,16450.45,1508.44921875
6,3,10,14618,14670.686,52.685546875
7,20,12,21547,21634.69,87.689453125
4,7,20,16512,16149.672,362.328125
8,6,6,13597,13411.5,185.5
5,20,21,14079,13943.111,135.888671875
1,5,9,19660,20163.105,503.10546875
5,24,2,11082,10771.045,310.955078125
12,30,22,18047,18207.969,160.96875
1,23,10,19081,18114.215,966.78515625
12,23,0,16365,15897.167,467.8330078125
7,25,17,21298,21107.557,190.443359375
8,29,1,14495,14557.716,62.7158203125
9,4,18,15722,15995.6875,273.6875
6,16,19,16857,16645.506,211.494140625
5,10,0,12044,12088.408,44.408203125
10,13,14,14085,14882.572,797.572265625
5,10,11,15340,14623.469,716.53125
3,23,13,15276,15526.736,250.736328125
4,10,17,16044,16241.901,197.9013671875
3,21,1,13324,13886.523,562.5234375
12,18,22,19542,18776.646,765.353515625
3,24,1,13772,13918.773,146.7734375
7,1,18,20739,20867.818,128.818359375
4,27,20,17060,16662.17,397.830078125
11,8,21,16848,16795.646,52.353515625
7,30,6,12773,12794.332,21.33203125
9,5,23,19354,18482.928,871.072265625
3,8,16,16062,16395.4,333.400390625
7,31,19,19374,19435.164,61.1640625
6,1,5,11677,11799.123,122.123046875
10,13,0,11856,12720.742,864.7421875
9,21,14,13984,14582.82,598.8203125
8,17,4,14807,14897.557,90.556640625
10,1,18,14645,14262.086,382.9140625
8,18,19,20662,21156.057,494.056640625
7,9,14,16700,16377.514,322.486328125
7,21,5,13476,13848.983,372.9833984375
1,15,16,18147,18518.523,371.5234375
5,21,3,12075,12576.759,501.7587890625
2,8,21,19022,18920.123,101.876953125
11,19,22,15942,15528.936,413.064453125
2,3,1,15961,15769.191,191.80859375
10,12,5,12260,12483.979,223.978515625
6,14,23,14464,14396.105,67.89453125
10,12,15,14623,14825.959,202.958984375
10,23,14,13014,13463.451,449.451171875
3,30,4,13311,13476.363,165.36328125
10,29,22,15360,15429.572,69.572265625
1,18,3,13892,13595.172,296.828125
11,1,3,11530,11555.059,25.05859375
1,8,21,19503,18827.865,675.134765625
9,14,23,13673,13915.041,242.041015625
3,16,3,13354,12829.738,524.26171875
8,27,13,21591,21003.49,587.509765625
5,18,21,15750,15245.212,504.7880859375
6,3,11,15679,16118.002,439.001953125
10,11,12,15121,14833.739,287.2607421875
10,3,10,15537,15109.288,427.7119140625
2,17,21,19523,18216.604,1306.396484375
3,9,14,15934,15954.873,20.873046875
11,1,7,13982,12878.193,1103.806640625
3,17,23,14970,15516.024,546.0244140625
1,20,14,17571,17423.232,147.767578125
12,22,21,19690,19250.51,439.490234375
7,28,10,17513,17263.117,249.8828125
1,28,14,18593,18295.295,297.705078125
8,14,21,18826,19426.615,600.615234375
5,21,9,15273,15332.242,59.2421875
8,1,12,16269,16025.303,243.697265625
9,24,14,19447,20079.988,632.98828125
4,10,21,15437,15797.149,360.1494140625
9,26,1,10998,11019.23,21.23046875
4,18,15,15615,14761.684,853.31640625
4,20,4,11839,11672.381,166.619140625
1,31,15,15141,14966.33,174.669921875
10,17,23,13009,13601.414,592.4140625
12,3,19,19151,19299.043,148.04296875
4,4,12,17472,17300.951,171.048828125
10,8,22,14540,14907.925,367.9248046875
4,29,1,12935,12686.892,248.1083984375
3,8,17,17381,17217.855,163.14453125
4,21,21,13998,13986.629,11.37109375
6,19,16,13641,13957.726,316.7255859375
6,25,11,15010,15313.293,303.29296875
11,24,22,16725,16183.243,541.7568359375
1,20,9,18315,17302.453,1012.546875
7,11,20,19606,19753.49,147.490234375
2,8,13,17500,16777.344,722.65625
7,30,21,16738,16784.697,46.697265625
5,18,9,14567,14635.455,68.455078125
10,23,19,17452,16984.186,467.814453125
2,12,11,18573,17534.553,1038.447265625
2,16,5,13723,13908.156,185.15625
1,30,20,18778,19299.953,521.953125
4,23,1,11954,11864.826,89.173828125
10,1,5,12237,12355.953,118.953125
4,15,3,12390,12359.756,30.244140625
1,17,23,16022,16293.818,271.818359375
12,24,11,16151,15900.03,250.9697265625
6,27,22,14982,14697.771,284.228515625
5,16,23,13017,12805.563,211.4365234375
9,15,18,15453,16063.771,610.771484375
1,20,7,16414,16227.125,186.875
4,27,14,13522,13252.637,269.36328125
5,14,20,13960,13753.117,206.8828125
4,19,2,11076,11081.866,5.8662109375
8,29,8,13670,13173.689,496.310546875
3,31,0,12809,13005.967,196.966796875
7,5,18,19299,19255.885,43.115234375
10,1,13,13174,13280.743,106.7431640625
1,3,11,20428,20244.447,183.552734375
7,29,23,17823,18463.307,640.306640625
8,1,7,11590,12010.326,420.326171875
8,18,17,17813,17731.875,81.125
12,5,12,16476,16192.37,283.6298828125
1,5,8,16516,16733.91,217.91015625
7,25,5,14208,14286.01,78.009765625
1,19,23,17218,17516.107,298.107421875
8,26,18,16652,16663.4,11.400390625
1,4,19,18775,19205.24,430.240234375
2,22,7,16501,16527.873,26.873046875
7,30,5,12752,13577.666,825.666015625
8,17,2,13629,13815.122,186.1220703125
1,21,14,15652,16030.1,378.099609375
11,8,19,17173,17093.469,79.53125
1,4,21,19186,19010.594,175.40625
4,7,3,12526,12068.695,457.3046875
4,8,18,13506,13289.197,216.802734375
11,21,19,18741,18157.578,583.421875
12,28,18,16428,16636.857,208.857421875
5,24,21,14603,14449.902,153.09765625
8,11,5,13104,13270.157,166.1572265625
1,20,0,16950,16025.895,924.10546875
3,1,3,14972,14273.176,698.82421875
7,3,21,20020,20650.617,630.6171875
10,24,12,15058,15646.104,588.103515625
6,5,18,18447,17960.604,486.396484375
9,11,23,12751,12831.314,80.314453125
7,8,21,22330,22085.922,244.078125
5,4,19,14692,15797.664,1105.6640625
4,26,14,12150,12212.494,62.494140625
1,27,2,14795,14624.94,170.0595703125
1,17,0,16645,16289.854,355.146484375
10,24,6,13391,13605.863,214.86328125
8,30,23,14610,14080.23,529.76953125
10,10,8,16200,15848.826,351.173828125
2,4,10,19503,18590.947,912.052734375
2,24,23,18693,18182.889,510.111328125
2,11,7,15879,15002.391,876.609375
5,10,16,14721,15269.868,548.8681640625
2,8,8,17665,16803.164,861.8359375
11,8,13,12811,12715.281,95.71875
5,4,14,13701,13415.537,285.462890625
3,30,16,15268,15494.842,226.841796875
5,31,0,14549,14358.615,190.384765625
5,8,12,13139,13683.923,544.9228515625
1,17,18,18286,17771.357,514.642578125
9,17,20,19893,19138.064,754.935546875
8,6,21,17259,17406.158,147.158203125
8,19,21,20377,19253.846,1123.154296875
9,5,0,16470,15931.211,538.7890625
12,28,11,16476,17167.123,691.123046875
9,24,8,15056,14802.469,253.53125
7,18,5,12808,13607.4795,799.4794921875
12,24,11,18541,17988.623,552.376953125
8,8,17,15625,15649.445,24.4453125
8,10,14,17928,17956.03,28.029296875
6,23,11,18173,17709.914,463.0859375
1,27,4,14466,14608.109,142.109375
5,31,17,15277,15494.501,217.5009765625
4,26,17,16213,15913.733,299.2666015625
12,10,12,18074,17922.953,151.046875
8,3,1,14942,15044.499,102.4990234375
3,22,1,13645,13918.992,273.9921875
4,9,14,13964,14338.955,374.955078125
11,23,4,13482,13561.221,79.220703125
10,19,20,16431,17070.08,639.080078125
6,9,21,17013,17144.129,131.12890625
5,13,1,12090,12093.578,3.578125
11,14,13,15067,14788.93,278.0703125
4,27,16,14421,14123.787,297.212890625
3,26,4,13531,13387.593,143.4072265625
3,28,22,15561,14953.275,607.724609375
8,18,14,20131,20868.314,737.314453125
12,18,0,15816,14862.468,953.5322265625
2,3,22,16916,16378.029,537.970703125
8,7,0,13671,13810.609,139.609375
11,27,10,16180,15777.834,402.166015625
10,4,11,14849,14193.258,655.7421875
11,24,7,15724,15042.191,681.80859375
9,17,8,12620,12483.572,136.427734375
4,7,15,13181,13890.158,709.158203125
8,3,18,17511,18211.977,700.9765625
10,20,22,14503,14527.168,24.16796875
10,27,15,14739,14375.123,363.876953125
11,13,9,12751,13209.152,458.15234375
11,30,3,14330,13788.267,541.7333984375
4,3,6,14589,13919.211,669.7890625
4,17,14,15694,16420.514,726.513671875
11,25,20,17154,17345.393,191.392578125
4,26,2,12928,12817.983,110.0166015625
5,21,12,17527,18099.025,572.025390625
1,10,7,15811,15713.014,97.986328125
1,2,7,16874,17519.346,645.345703125
8,4,17,18189,18149.355,39.64453125
8,3,11,15659,17228.326,1569.326171875
5,9,2,12459,12275.368,183.6318359375
4,30,12,14463,14106.451,356.548828125
9,17,7,12820,13187.952,367.9521484375
9,20,2,13184,12671.578,512.421875
12,12,9,19169,18766.625,402.375
3,26,9,16896,16744.438,151.5625
6,9,12,14792,14865.891,73.890625
11,6,12,16693,16504.836,188.1640625
11,28,10,14458,14522.779,64.779296875
11,16,15,14941,15154.93,213.9296875
10,11,15,15060,15267.568,207.568359375
9,26,2,12446,12578.689,132.689453125
11,21,0,15432,14824.371,607.62890625
10,13,14,15401,15685.068,284.068359375
12,22,6,15461,15605.227,144.2265625
11,17,17,17186,18045.496,859.49609375
11,17,20,17365,17472.104,107.103515625
12,29,3,12401,12471.878,70.8779296875
2,15,20,19061,18660.098,400.90234375
6,27,18,21546,21748.232,202.232421875
11,10,10,14389,14570.357,181.357421875
6,22,17,19837,18803.93,1033.0703125
3,19,13,16002,15769.28,232.7197265625
5,14,17,15114,15127.734,13.734375
8,10,1,16520,16639.674,119.673828125
12,27,12,15393,16146.875,753.875
5,18,6,13232,13240.402,8.40234375
6,19,12,12340,12844.219,504.21875
9,7,6,11207,11439.418,232.41796875
11,24,0,13958,13411.47,546.5302734375
6,29,13,19815,19749.703,65.296875
1,4,1,14809,15183.364,374.3642578125
1,30,18,20701,19502.035,1198.96484375
4,8,8,14024,14425.662,401.662109375
1,18,14,16808,16228.879,579.12109375
11,17,16,15752,16212.088,460.087890625
7,24,0,14513,14170.209,342.791015625
8,11,21,22473,22265.775,207.224609375
9,3,2,14228,14764.727,536.7265625
9,25,4,11082,10881.795,200.205078125
3,7,2,14279,13869.28,409.7197265625
5,3,6,12577,12658.199,81.19921875
3,19,23,15240,15825.953,585.953125
2,1,14,18055,17731.064,323.935546875
8,25,21,18387,17612.414,774.5859375
9,10,21,17560,16922.783,637.216796875
11,23,0,15284,14798.961,485.0390625
12,30,2,13681,13666.648,14.3515625
11,9,13,13952,14135.777,183.77734375
5,7,13,14267,14293.404,26.404296875
5,13,12,14691,14355.004,335.99609375
8,22,3,12903,12944.178,41.177734375
11,28,14,18410,16993.11,1416.890625
10,4,20,15986,16332.204,346.2041015625
4,28,21,14857,14103.372,753.6279296875
11,3,10,16109,15504.764,604.236328125
1,23,23,16610,16862.078,252.078125
2,9,18,19202,19537.729,335.728515625
11,13,22,16862,16244.121,617.87890625
12,13,21,19220,18720.766,499.234375
9,24,1,12027,11769.309,257.69140625
12,20,13,17611,17454.416,156.583984375
7,2,13,18570,19120.635,550.634765625
6,24,10,16262,16501.021,239.021484375
7,15,14,18299,18514.49,215.490234375
4,19,22,13921,13835.018,85.982421875
6,10,11,12723,13700.537,977.537109375
11,28,19,16074,16102.961,28.9609375
9,25,18,21261,22679.586,1418.5859375
9,2,0,13185,13268.104,83.103515625
10,6,14,15345,14919.003,425.9970703125
1,29,10,18393,17825.95,567.05078125
10,16,23,13503,13937.609,434.609375
9,24,11,13489,13997.201,508.201171875
12,26,1,12939,13230.632,291.6318359375
6,5,21,15402,15427.67,25.669921875
10,27,7,15273,14032.27,1240.73046875
10,31,15,16767,16283.494,483.505859375
5,18,0,12190,12232.83,42.830078125
11,10,9,13932,13488.713,443.287109375
9,27,1,11977,11924.009,52.9912109375
2,23,17,19106,19738.451,632.451171875
5,3,5,13458,13109.92,348.080078125
3,10,2,12136,12611.777,475.77734375
12,31,9,15081,15928.859,847.859375
2,1,6,14957,14504.818,452.181640625
11,15,22,17193,17120.115,72.884765625
1,8,23,16513,16593.021,80.021484375
10,16,19,16554,16682.342,128.341796875
4,8,11,16411,15996.854,414.146484375
8,23,8,15600,15109.208,490.7919921875
5,10,13,14157,14660.807,503.806640625
8,31,18,20014,20138.49,124.490234375
12,11,8,14532,14362.141,169.859375
6,3,2,11218,11555.708,337.7080078125
1,18,20,20122,19942.398,179.6015625
3,15,8,16530,15918.699,611.30078125
7,17,7,15027,15210.879,183.87890625
10,30,6,14745,14191.769,553.2314453125
12,29,19,19520,19564.756,44.755859375
8,20,18,19467,18515.941,951.05859375
8,27,16,22407,22037.193,369.806640625
4,7,15,14384,14668.572,284.572265625
9,24,19,14939,14647.279,291.720703125
12,1,6,14213,14204.612,8.3876953125
4,21,9,13801,14261.203,460.203125
10,3,10,16892,16694.396,197.603515625
4,29,6,13265,13126.632,138.3681640625
11,22,18,18064,17299.639,764.361328125
6,28,16,16146,16265.898,119.8984375
3,16,6,15440,15753.727,313.7265625
10,26,10,16267,16163.866,103.1337890625
2,11,1,15708,15254.876,453.1240234375
12,17,21,18595,18695.559,100.55859375
3,3,1,14072,13528.695,543.3046875
8,4,4,13465,13225.753,239.2470703125
5,15,15,14811,14376.498,434.501953125
3,28,7,15880,15192.113,687.88671875
10,2,7,14974,14492.262,481.73828125
3,7,9,16445,15879.553,565.447265625
11,25,22,16081,15765.926,315.07421875
11,22,8,16194,16231.713,37.712890625
5,6,2,10712,10845.812,133.8115234375
12,9,6,13768,13771.867,3.8671875
3,20,0,13246,12672.658,573.341796875
1,18,20,19118,20137.84,1019.83984375
10,3,16,14605,14466.137,138.86328125
2,14,3,15735,15492.914,242.0859375
3,7,0,14847,14393.303,453.697265625
7,27,15,21617,21769.904,152.904296875
9,2,14,15868,16224.349,356.3486328125
12,23,23,16844,17484.955,640.955078125
12,13,16,17964,18588.592,624.591796875
10,14,23,12477,12988.586,511.5859375
4,23,14,13661,13790.35,129.349609375
9,5,2,14945,14723.595,221.4052734375
3,10,6,14850,14080.9,769.099609375
11,19,21,16727,15937.342,789.658203125
6,3,6,12327,13328.08,1001.080078125
12,29,11,15960,15398.258,561.7421875
7,29,7,14930,15114.166,184.166015625
5,18,11,13871,13432.235,438.7646484375
9,21,10,17046,17345.395,299.39453125
2,18,19,19277,19973.768,696.767578125
2,7,7,16440,16148.98,291.01953125
6,5,12,15291,15269.612,21.3876953125
9,12,20,14769,14775.325,6.3251953125
6,26,8,16437,16812.9,375.900390625
9,6,4,12232,12436.326,204.326171875
12,19,14,19286,18219.918,1066.08203125
7,27,19,18181,19026.781,845.78125
12,4,23,15514,15990.822,476.822265625
3,7,9,16851,15788.932,1062.068359375
11,18,11,16973,15895.058,1077.9423828125
12,21,0,15952,15490.388,461.6123046875
1,31,13,17883,17651.555,231.4453125
7,8,22,21162,20372.26,789.740234375
12,20,6,13217,13235.071,18.0712890625
9,17,23,13880,14098.133,218.1328125
8,23,8,14831,14412.631,418.369140625
9,25,13,16975,17424.814,449.814453125
7,29,8,18470,17987.855,482.14453125
1,16,14,19051,18896.121,154.87890625
12,26,5,14618,14355.178,262.822265625
3,26,23,13992,14811.232,819.232421875
1,28,21,18696,17801.857,894.142578125
8,1,3,11404,11434.086,30.0859375
1,25,5,14065,13979.221,85.779296875
12,16,2,14715,14736.801,21.80078125
2,28,22,15401,15340.877,60.123046875
10,17,21,15493,15659.832,166.83203125
5,23,16,15103,14915.764,187.236328125
5,15,0,11468,12255.114,787.1142578125
12,14,19,18470,18292.453,177.546875
7,28,11,18443,17764.486,678.513671875
12,27,4,11753,12191.961,438.9609375
2,8,23,17516,17279.96,236.0390625
7,6,22,15520,15690.375,170.375
3,18,19,16287,16734.53,447.529296875
5,20,9,14558,14407.584,150.416015625
9,9,20,14116,14606.955,490.955078125
8,22,23,14011,13755.048,255.9521484375
7,3,5,11150,11091.161,58.8388671875
5,16,0,12385,12174.85,210.150390625
11,4,2,12431,13034.163,603.1630859375
10,21,22,15490,14616.442,873.5576171875
6,19,23,15198,15526.084,328.083984375
7,26,12,19628,20464.055,836.0546875
2,13,5,17058,16845.883,212.1171875
5,5,7,14972,14097.454,874.5458984375
3,10,18,17896,18590.238,694.23828125
5,23,0,11275,12038.973,763.97265625
11,19,20,16596,17041.64,445.640625
9,21,7,15602,14851.195,750.8046875
2,16,1,15207,14669.218,537.7822265625
10,3,19,16212,16504.998,292.998046875
11,11,12,14761,14838.219,77.21875
12,19,5,13942,13719.895,222.10546875
2,20,13,14704,14569.349,134.6513671875
3,12,20,18006,18184.697,178.697265625
12,10,17,17059,16568.85,490.150390625
10,16,16,15327,15520.355,193.35546875
11,21,7,15832,14823.113,1008.88671875
1,25,4,13151,13197.82,46.8203125
7,14,15,16524,17114.904,590.904296875
11,4,7,14141,13795.631,345.369140625
1,22,1,17370,16786.033,583.966796875
11,15,0,15213,14695.712,517.2880859375
3,5,21,16328,16544.13,216.130859375
7,3,2,14447,14324.498,122.501953125
11,19,13,16874,17209.824,335.82421875
11,17,9,16298,16701.896,403.896484375
9,24,3,12911,12504.561,406.439453125
9,23,3,10871,10659.789,211.2109375
11,5,1,12127,12564.584,437.583984375
2,17,23,17795,17727.537,67.462890625
4,18,13,14589,14637.566,48.56640625
8,11,17,18638,19133.62,495.619140625
10,30,22,13885,14267.148,382.1484375
1,7,0,15256,15014.594,241.40625
5,13,10,14855,15112.425,257.4248046875
5,22,12,12242,12322.945,80.9453125
3,14,22,15599,15549.924,49.076171875
6,5,3,11312,10942.371,369.62890625
10,1,18,16329,16580.07,251.0703125
10,8,10,15328,15817.4375,489.4375
7,9,15,15440,15946.443,506.443359375
5,29,7,13680,14138.223,458.22265625
2,20,15,16493,16672.936,179.935546875
9,16,22,14798,14640.598,157.40234375
4,3,4,12602,12876.035,274.03515625
5,8,11,13981,14651.201,670.201171875
10,9,1,11777,11626.305,150.6953125
8,10,11,17427,17604.533,177.533203125
5,30,19,15606,15750.484,144.484375
3,8,15,15294,15488.875,194.875
6,24,20,18624,18886.443,262.443359375
7,9,6,15652,16060.043,408.04296875
6,12,7,15129,14366.132,762.8681640625
4,20,6,13818,13184.063,633.9365234375
8,25,23,17403,17609.15,206.150390625
6,1,21,15668,15549.17,118.830078125
9,22,14,15801,15467.027,333.97265625
12,14,23,15619,15236.65,382.349609375
2,2,10,17290,17492.193,202.193359375
11,11,8,14974,15006.035,32.03515625
9,13,20,15353,15323.302,29.6982421875
10,27,21,15494,16461.09,967.08984375
12,26,22,15001,14714.195,286.8046875
8,23,10,15509,15413.018,95.982421875
3,18,8,17782,17434.572,347.427734375
1,13,0,15152,14776.441,375.55859375
12,19,7,14504,13674.834,829.166015625
2,14,1,16182,15865.664,316.3359375
12,2,1,13777,13633.617,143.3828125
1,25,17,17664,17929.037,265.037109375
5,17,5,12061,11972.461,88.5390625
8,15,16,17796,18142.021,346.021484375
12,23,5,14192,13441.6,750.400390625
4,23,5,12388,12609.158,221.158203125
6,30,7,14824,14403.896,420.103515625
10,26,13,15813,16453.74,640.740234375
1,20,22,17769,17325.023,443.9765625
3,9,8,17943,16971.26,971.740234375
3,23,5,13638,13374.425,263.5751953125
8,26,19,20770,21210.498,440.498046875
5,2,20,16342,16735.97,393.970703125
5,2,21,15982,16375.555,393.5546875
6,24,22,14595,14807.59,212.58984375
4,18,3,13438,12783.213,654.787109375
8,28,13,17347,17397.61,50.609375
10,19,1,11878,12202.416,324.416015625
5,29,0,12823,12495.586,327.4140625
5,3,13,12573,12517.5205,55.4794921875
2,6,9,15834,14754.646,1079.353515625
4,20,4,12040,11931.855,108.14453125
4,23,5,13557,13340.61,216.3896484375
10,11,12,12762,13410.275,648.275390625
12,23,3,13630,13011.707,618.29296875
11,6,5,11976,12549.809,573.80859375
10,15,14,15023,15080.383,57.3828125
7,14,7,14865,14395.821,469.1787109375
10,15,10,13545,13884.676,339.67578125
3,24,11,14789,15111.471,322.470703125
11,6,12,15346,15445.1,99.099609375
1,30,20,18972,19399.457,427.45703125
11,17,18,17936,17978.14,42.140625
1,18,4,16032,15571.369,460.630859375
9,11,20,17240,16644.674,595.326171875
7,11,14,14517,15216.133,699.1328125
2,3,21,17606,17764.37,158.369140625
12,19,19,19818,19671.365,146.634765625
2,4,21,17569,16687.947,881.052734375
2,15,6,15861,14989.363,871.63671875
6,18,10,16134,15726.948,407.0517578125
10,24,9,16063,16345.01,282.009765625
7,5,8,15318,15398.85,80.849609375
3,26,13,15249,15207.219,41.78125
11,17,11,15060,14803.431,256.5693359375
5,7,19,13958,14788.711,830.7109375
2,4,22,16804,16391.625,412.375
9,11,8,14362,14596.457,234.45703125
4,20,15,13055,12827.866,227.1337890625
4,22,18,16430,16936.297,506.296875
11,18,22,17226,17061.053,164.947265625
12,24,15,16669,18221.59,1552.58984375
1,11,6,15214,15356.086,142.0859375
3,5,5,13724,14141.305,417.3046875
11,8,3,12870,12891.629,21.62890625
6,23,9,14198,15232.293,1034.29296875
6,9,3,12107,11655.664,451.3359375
9,29,18,17674,17338.016,335.984375
6,4,1,13016,13295.543,279.54296875
9,11,19,16958,17215.1,257.099609375
8,31,2,13500,13815.199,315.19921875
11,12,18,18240,18168.145,71.85546875
2,15,16,18335,18906.365,571.365234375
10,4,9,15386,15541.449,155.44921875
2,25,13,16412,16496.09,84.08984375
2,17,21,18847,18418.451,428.548828125
1,22,11,17879,18293.709,414.708984375
1,15,15,17882,18196.896,314.896484375
1,30,21,18655,18208.86,446.140625
5,26,19,14530,14551.893,21.892578125
9,21,7,13983,13837.283,145.716796875
11,7,10,15706,16352.511,646.5107421875
8,20,1,15136,15077.502,58.498046875
11,10,8,14201,14666.41,465.41015625
9,13,14,16876,18866.693,1990.693359375
5,14,8,13582,14125.111,543.111328125
10,25,1,13201,13602.213,401.212890625
12,6,15,19249,18340.76,908.240234375
2,6,23,17739,18018.283,279.283203125
9,29,8,14684,14650.016,33.984375
11,25,1,14089,13937.318,151.681640625
9,5,20,16406,17271.803,865.802734375
9,12,0,14277,14130.258,146.7421875
7,14,15,18800,19260.875,460.875
1,4,0,14424,14602.556,178.5556640625
11,30,20,17684,17018.783,665.216796875
12,28,9,15751,15073.239,677.7607421875
3,9,1,14385,13955.5625,429.4375
11,10,17,16734,16406.342,327.658203125
7,31,5,13369,13103.566,265.43359375
10,9,13,13533,14346.951,813.951171875
10,8,18,14227,14444.652,217.65234375
8,22,3,12384,12231.485,152.5146484375
12,8,10,16625,16492.707,132.29296875
7,16,6,14873,14486.197,386.802734375
3,10,6,13389,13198.0,191.0
12,31,15,17158,16837.871,320.12890625
9,1,5,14462,13109.63,1352.3701171875
8,16,10,16339,16853.326,514.326171875
5,31,4,11101,11482.098,381.09765625
3,20,21,18079,17753.178,325.822265625
12,18,21,18637,18446.28,190.720703125
8,18,14,20320,19881.637,438.36328125
7,11,5,12060,11987.695,72.3046875
9,26,9,13554,13637.577,83.5771484375
7,16,15,18481,19206.195,725.1953125
3,2,19,19691,19751.74,60.740234375
9,28,12,14538,14836.028,298.0283203125
9,23,11,14091,14985.545,894.544921875
2,15,22,16413,15741.223,671.77734375
3,5,20,17348,16676.873,671.126953125
12,29,16,16702,17463.643,761.642578125
12,27,20,16202,17403.547,1201.546875
2,6,11,18296,17689.773,606.2265625
10,15,21,15887,15332.717,554.283203125
9,4,1,13139,12763.801,375.19921875
5,6,8,14367,14557.633,190.6328125
11,7,5,12804,12890.412,86.412109375
10,12,4,11937,11984.346,47.345703125
3,1,2,13445,13592.203,147.203125
4,11,10,16149,16598.574,449.57421875
9,20,23,13774,13759.75,14.25
10,27,23,13261,13896.295,635.294921875
8,28,8,15089,14120.115,968.884765625
4,26,14,15203,14692.648,510.3515625
1,11,21,17481,17365.604,115.396484375
9,25,3,11586,11640.999,54.9990234375
7,20,18,20104,20119.47,15.470703125
3,25,23,13124,13605.103,481.1025390625
4,13,12,14294,14709.608,415.6083984375
12,4,22,16380,16549.35,169.349609375
7,31,16,16475,17777.81,1302.810546875
10,20,18,16271,16577.229,306.228515625
10,28,21,15594,15571.297,22.703125
1,24,2,14728,14802.437,74.4365234375
1,19,9,17252,17510.59,258.58984375
2,13,3,15811,15209.467,601.533203125
10,28,13,14381,15499.035,1118.03515625
1,22,14,20233,19644.346,588.654296875
6,8,21,16422,17021.346,599.345703125
9,14,21,15750,15459.963,290.037109375
1,20,10,18693,18074.125,618.875
9,26,3,11283,11043.847,239.1533203125
10,10,1,11632,12171.611,539.611328125
7,14,21,20077,20006.01,70.990234375
1,7,14,18021,16901.22,1119.779296875
12,28,16,18338,18222.057,115.943359375
11,3,16,15439,15803.674,364.673828125
12,30,0,13971,13282.025,688.974609375
2,9,20,16815,16796.822,18.177734375
7,15,16,20898,20695.59,202.41015625
12,6,16,16293,16347.702,54.7021484375
9,1,8,12221,12286.287,65.287109375
7,10,11,16745,17007.713,262.712890625
10,16,10,16377,16167.938,209.0615234375
3,28,7,12745,12787.296,42.2958984375
3,18,10,17468,17418.168,49.83203125
4,10,18,15304,15552.421,248.4208984375
3,23,3,14726,14564.672,161.328125
7,16,6,12210,11927.023,282.9765625
1,10,10,17599,17863.12,264.119140625
9,21,23,15411,15242.524,168.4755859375
7,28,11,16474,15890.704,583.2958984375
8,7,2,13829,14554.8545,725.8544921875
1,10,20,17564,18174.83,610.830078125
7,10,15,16781,16096.432,684.568359375
1,24,18,19185,19281.588,96.587890625
11,2,14,16348,16416.588,68.587890625
2,14,22,17551,17147.346,403.654296875
5,12,11,13151,13315.9795,164.9794921875
12,21,15,17515,17683.998,168.998046875
9,28,19,18048,18203.348,155.34765625
8,19,23,17602,17359.584,242.416015625
8,20,13,21149,21236.977,87.9765625
7,20,2,13386,13317.461,68.5390625
9,23,9,14954,14532.415,421.5849609375
5,1,23,13854,13339.837,514.1630859375
10,9,1,12093,12006.061,86.939453125
8,15,17,20055,19997.121,57.87890625
11,26,15,18475,17019.568,1455.431640625
10,14,14,14578,14600.013,22.0126953125
3,15,6,15635,15247.999,387.0009765625
10,25,2,12209,12229.653,20.6533203125
7,6,1,15133,15995.418,862.41796875
12,19,17,18379,18313.145,65.85546875
7,16,0,13403,13237.396,165.603515625
12,13,17,18889,19111.32,222.3203125
3,11,9,16242,15797.107,444.892578125
7,11,22,16351,16402.771,51.771484375
1,22,10,16435,16274.66,160.33984375
6,18,23,14476,13443.129,1032.87109375
10,25,13,15122,14700.722,421.2783203125
1,8,14,17011,17811.498,800.498046875
9,1,11,16260,16074.705,185.294921875
12,13,2,16602,16171.514,430.486328125
10,6,11,13943,13782.464,160.5361328125
5,27,18,15294,15823.787,529.787109375
5,11,2,11978,11975.995,2.0048828125
7,29,4,13826,14341.159,515.1591796875
6,4,12,13376,13296.027,79.97265625
10,3,23,13093,12742.366,350.6337890625
4,3,15,14959,15366.645,407.64453125
6,1,4,12142,11601.458,540.5419921875
5,11,8,14197,14794.758,597.7578125
9,15,22,14705,14726.385,21.384765625
6,5,22,15284,15360.117,76.1171875
3,30,12,15171,14191.266,979.734375
6,21,16,15349,15270.943,78.056640625
3,11,17,17416,17291.549,124.451171875
3,22,4,13676,13368.459,307.541015625
2,24,18,17933,17221.482,711.517578125
1,13,17,18389,17851.646,537.353515625
3,17,21,16551,16150.199,400.80078125
12,30,0,14110,13513.604,596.396484375
1,4,1,16223,15838.68,384.3203125
2,7,19,19838,19398.186,439.814453125
8,12,20,19040,19350.518,310.517578125
3,10,22,17588,16865.756,722.244140625
9,11,22,16824,16640.986,183.013671875
6,20,13,14283,14453.257,170.2568359375
5,30,7,16171,14810.66,1360.33984375
6,19,23,15042,15586.414,544.4140625
9,20,8,16311,15858.35,452.650390625
12,8,14,15871,15661.2,209.7998046875
8,18,17,16002,16140.172,138.171875
10,5,21,15448,14951.943,496.056640625
11,4,13,14788,15177.055,389.0546875
2,5,5,14338,14178.346,159.654296875
6,20,23,13884,13671.548,212.4521484375
11,11,8,15229,14783.071,445.9287109375
1,6,14,18895,18681.42,213.580078125
1,13,10,17595,17063.32,531.6796875
4,29,19,15540,16043.568,503.568359375
5,17,21,14595,15045.645,450.64453125
12,19,15,18337,18309.791,27.208984375
2,24,17,19217,19022.021,194.978515625
6,7,3,11791,11790.201,0.798828125
4,20,8,15982,16424.518,442.517578125
3,19,13,13912,14449.279,537.279296875
1,12,7,15101,14861.421,239.5791015625
10,19,13,15014,15093.228,79.2275390625
8,20,3,14066,14167.257,101.2568359375
2,1,7,16691,16876.432,185.431640625
7,14,16,18208,17406.941,801.05859375
7,28,19,20576,19833.11,742.890625
2,12,21,17248,17216.41,31.58984375
10,18,15,14557,14615.998,58.998046875
4,19,5,13746,13152.534,593.4658203125
8,28,21,19421,18752.197,668.802734375
3,1,3,15257,15255.432,1.568359375
5,1,2,11877,11945.613,68.61328125
3,27,6,13972,13510.158,461.841796875
11,3,10,14236,13958.75,277.25
6,19,11,21564,20696.527,867.47265625
2,12,9,18818,18521.123,296.876953125
1,29,0,16389,15976.835,412.1650390625
11,20,21,18306,18193.37,112.630859375
12,18,8,16677,16851.1,174.099609375
4,14,4,11958,12161.721,203.720703125
3,16,16,15554,15777.828,223.828125
6,26,19,19994,20112.398,118.3984375
10,6,22,14955,15029.432,74.431640625
1,7,21,21274,20944.014,329.986328125
8,1,12,17413,17968.355,555.35546875
5,6,23,12827,13114.42,287.419921875
5,24,5,11975,12261.99,286.990234375
9,9,9,15462,15622.42,160.419921875
12,12,13,18161,17518.102,642.8984375
5,13,3,11228,11369.459,141.458984375
10,16,16,14991,15299.598,308.59765625
9,8,10,16075,15792.302,282.6982421875
10,20,8,14994,14857.772,136.2275390625
11,24,15,17025,16353.279,671.720703125
4,9,18,13884,15470.462,1586.4619140625
11,19,22,15427,15309.176,117.82421875
6,21,12,15829,16038.378,209.3779296875
3,31,5,12691,12795.371,104.37109375
2,9,14,15707,15271.539,435.4609375
10,25,7,15911,15135.967,775.033203125
6,24,5,11489,11951.998,462.998046875
7,29,17,16613,17397.494,784.494140625
12,28,22,16473,16701.62,228.619140625
8,30,14,16943,17834.234,891.234375
9,27,6,12680,12804.791,124.791015625
3,6,21,17573,16698.15,874.849609375
6,9,2,12592,12620.191,28.19140625
5,14,14,16169,16784.588,615.587890625
2,26,16,18770,18200.375,569.625
11,6,7,13880,13927.279,47.279296875
9,3,16,21750,21528.816,221.18359375
12,11,21,17921,17909.293,11.70703125
3,20,18,16177,16197.033,20.033203125
5,2,0,13095,12597.396,497.603515625
8,3,0,17555,16600.074,954.92578125
3,19,16,15798,15631.488,166.51171875
6,14,5,11172,11452.596,280.595703125
3,14,12,15140,15099.775,40.224609375
7,15,1,15088,14868.236,219.763671875
1,18,16,18590,18383.74,206.259765625
10,20,19,16730,16887.996,157.99609375
5,10,0,11880,12491.908,611.908203125
10,19,6,13994,13402.264,591.736328125
4,1,5,13383,13001.859,381.140625
1,28,21,18847,18851.402,4.40234375
2,22,23,15832,15168.487,663.5126953125
5,14,17,13412,12983.466,428.5341796875
11,13,0,12853,12285.407,567.5927734375
7,2,1,14425,15227.601,802.6005859375
1,8,19,19080,18611.45,468.55078125
10,10,18,14534,14797.62,263.6201171875
3,30,1,12631,12869.074,238.07421875
5,7,9,15153,14672.488,480.51171875
10,11,17,15939,16947.96,1008.9609375
10,12,17,15579,15796.998,217.998046875
1,18,5,14915,14942.475,27.474609375
11,15,23,15134,15303.122,169.1220703125
12,15,15,15986,16123.334,137.333984375
8,8,22,16747,16611.322,135.677734375
2,28,9,17821,17627.734,193.265625
7,26,8,18085,18092.664,7.6640625
1,10,12,17967,17490.438,476.5625
12,20,12,17250,16791.139,458.861328125
12,22,16,17813,17931.498,118.498046875
4,26,23,13333,13569.992,236.9921875
6,19,10,16057,16927.645,870.64453125
7,12,8,16687,16691.006,4.005859375
2,17,11,18307,17805.65,501.349609375
1,27,20,19013,19622.666,609.666015625
9,21,2,11212,11234.135,22.134765625
12,8,15,17853,17875.62,22.619140625
1,4,8,16075,17043.596,968.595703125
12,31,21,15668,16802.098,1134.09765625
1,19,21,18050,17869.127,180.873046875
9,30,6,11322,11340.084,18.083984375
10,25,18,16854,17150.006,296.005859375
12,5,19,19063,18496.299,566.701171875
8,10,9,19910,19487.521,422.478515625
9,30,10,16724,15996.508,727.4921875
9,29,20,15989,16078.012,89.01171875
11,21,21,19425,18780.475,644.525390625
9,29,0,13380,13920.055,540.0546875
1,10,17,18607,18918.322,311.322265625
10,8,0,12321,13489.213,1168.212890625
8,9,16,16897,17467.012,570.01171875
6,28,17,22248,23540.13,1292.130859375
2,21,16,15074,15317.067,243.0673828125
2,23,9,17392,16679.217,712.783203125
11,2,4,12255,11971.951,283.048828125
11,14,15,16872,17154.998,282.998046875
12,25,20,14816,15987.503,1171.5029296875
8,1,19,19196,20472.725,1276.724609375
12,21,11,17767,17982.537,215.537109375
2,7,4,14418,14197.57,220.4296875
10,19,16,15363,15298.572,64.427734375
6,3,15,14862,15012.637,150.63671875
1,30,2,14922,15079.565,157.5654296875
6,25,5,12071,12299.949,228.94921875
9,21,16,18370,18785.814,415.814453125
11,20,15,14735,14828.568,93.568359375
5,31,5,13182,13229.242,47.2421875
4,18,10,15918,15385.63,532.3701171875
8,14,8,16737,17515.896,778.896484375
6,11,0,13595,13528.448,66.5517578125
9,26,1,12648,13031.537,383.537109375
9,12,4,12480,11954.162,525.837890625
1,28,6,12892,13291.727,399.7265625
4,23,10,14594,14029.826,564.173828125
10,22,0,12479,12345.252,133.748046875
9,24,9,14623,15908.385,1285.384765625
3,18,12,15718,15795.885,77.884765625
9,23,12,15528,16304.791,776.791015625
7,1,1,13635,13951.236,316.236328125
3,13,14,17613,17947.0,334.0
5,28,17,19338,19372.47,34.470703125
10,26,13,16173,15638.898,534.1015625
1,7,14,18388,18018.42,369.580078125
5,20,18,18622,19133.717,511.716796875
3,19,2,13613,13657.735,44.7353515625
12,4,15,16379,16647.572,268.572265625
10,24,17,15919,16139.418,220.41796875
11,25,21,17061,16383.164,677.8359375
11,19,20,16933,17120.4,187.400390625
3,11,11,17083,16726.838,356.162109375
12,4,16,16554,16917.672,363.671875
8,26,21,17080,17062.361,17.638671875
5,9,7,14461,14220.584,240.416015625
5,18,1,11819,11999.855,180.85546875
4,17,15,12927,12922.454,4.5458984375
5,24,4,11504,11523.109,19.109375
3,13,6,16589,16141.223,447.77734375
5,8,16,14331,15011.67,680.669921875
10,18,21,15192,15662.084,470.083984375
7,22,13,17199,17344.244,145.244140625
12,15,9,17543,16810.502,732.498046875
4,9,1,11465,11471.541,6.541015625
12,1,18,18946,17976.064,969.935546875
10,9,9,14741,15447.215,706.21484375
7,2,16,22150,22105.85,44.150390625
6,19,21,17559,18068.74,509.740234375
6,17,12,17373,16848.088,524.912109375
1,14,14,17147,18058.06,911.060546875
9,17,17,20361,19740.44,620.560546875
11,27,3,12441,12604.648,163.6484375
1,1,21,16961,16375.111,585.888671875
8,25,13,19202,18978.762,223.23828125
6,15,14,17816,18573.299,757.298828125
11,29,17,16973,16953.541,19.458984375
12,8,8,16169,16236.895,67.89453125
10,17,23,13630,14917.572,1287.572265625
4,16,5,12015,11767.348,247.65234375
9,11,6,14231,13842.992,388.0078125
7,18,4,12686,12826.232,140.232421875
11,17,9,15881,15656.238,224.76171875
7,27,8,16079,17300.844,1221.84375
4,3,7,16420,15724.498,695.501953125
11,20,0,15014,13725.196,1288.8037109375
4,9,22,13915,14245.104,330.103515625
2,3,8,19131,18935.023,195.9765625
11,4,6,14157,13789.602,367.3984375
10,15,2,11500,11987.991,487.9912109375
5,15,2,10937,11733.564,796.564453125
6,27,21,17630,17814.361,184.361328125
3,3,17,17933,18429.076,496.076171875
4,7,13,13360,14408.782,1048.7822265625
2,6,21,17971,17797.959,173.041015625
12,5,11,17848,17574.693,273.306640625
9,13,12,13721,13886.383,165.3828125
10,30,13,15028,15824.588,796.587890625
3,10,18,17071,16854.443,216.556640625
7,1,4,12665,12930.341,265.3408203125
5,11,5,12131,12468.72,337.7197265625
9,5,9,15539,15105.682,433.318359375
1,4,17,19437,19659.084,222.083984375
2,26,7,18982,17835.764,1146.236328125
8,14,20,19159,19331.484,172.484375
3,25,12,14025,14689.935,664.9345703125
1,8,17,20771,19678.23,1092.76953125
9,30,2,11675,12041.752,366.751953125
9,16,0,12230,12419.708,189.7080078125
12,17,13,17631,17471.566,159.43359375
1,2,20,21981,22095.426,114.42578125
11,10,2,12773,13066.565,293.5654296875
5,14,1,11714,11836.493,122.4931640625
12,18,1,15203,14666.537,536.462890625
2,21,21,18503,17952.203,550.796875
3,23,0,13803,13903.525,100.525390625
4,24,11,15454,14823.599,630.4013671875
4,5,16,12462,12903.747,441.7470703125
7,18,5,14176,14107.966,68.0341796875
7,16,22,18945,18753.402,191.59765625
8,19,15,16986,17357.129,371.12890625
12,11,22,18832,18445.332,386.66796875
1,1,9,15923,16559.615,636.615234375
8,24,6,13730,13950.111,220.111328125
12,28,6,13255,13906.496,651.49609375
10,31,2,12686,12421.639,264.361328125
9,11,7,15055,14415.8,639.2001953125
2,6,3,14123,14659.316,536.31640625
12,10,1,15177,14941.278,235.7216796875
7,3,0,14450,14590.93,140.9296875
4,6,15,13048,13074.731,26.7314453125
5,12,22,13769,13540.179,228.8212890625
8,9,11,20683,20165.033,517.966796875
7,30,4,15615,15927.418,312.41796875
12,17,7,15405,14987.93,417.0703125
9,16,14,15298,16314.033,1016.033203125
5,18,10,14240,14452.492,212.4921875
5,8,13,13983,14566.811,583.810546875
12,31,8,14543,15483.969,940.96875
12,3,0,14174,14336.649,162.6494140625
10,19,20,15854,16627.783,773.783203125
8,15,22,17324,17287.219,36.78125
3,23,8,17195,16701.934,493.06640625
12,17,20,17530,17586.373,56.373046875
5,3,18,16148,15768.174,379.826171875
6,21,8,16325,16462.752,137.751953125
11,3,19,16428,16053.92,374.080078125
7,18,12,16159,17151.912,992.912109375
2,26,5,15367,15258.631,108.369140625
7,30,12,15547,15669.885,122.884765625
9,7,20,15576,15950.726,374.7255859375
12,11,19,17550,17313.713,236.287109375
6,21,16,15459,16525.186,1066.185546875
1,13,4,13609,13600.168,8.83203125
5,18,18,15139,15521.168,382.16796875
12,12,0,15629,15177.218,451.7822265625
7,10,14,20378,20134.914,243.0859375
9,17,10,14676,15196.748,520.748046875
3,17,3,13591,13588.842,2.158203125
1,2,9,16090,17639.678,1549.677734375
10,23,13,15271,15415.143,144.142578125
10,5,19,14690,14726.742,36.7421875
10,13,14,15122,15533.676,411.67578125
3,3,18,17893,17474.104,418.896484375
11,21,16,17623,17986.521,363.521484375
1,6,9,18213,17350.08,862.919921875
5,1,6,13119,13150.4375,31.4375
4,27,18,14324,13864.029,459.970703125
8,19,20,20807,20438.719,368.28125
10,25,19,16019,16815.475,796.474609375
10,17,10,15610,15668.412,58.412109375
6,1,13,14093,14194.125,101.125
10,5,4,12071,12101.692,30.6923828125
4,16,0,12869,13606.055,737.0546875
8,20,23,16403,15932.815,470.1845703125
10,15,10,13814,13674.175,139.8251953125
2,19,9,15107,14473.939,633.060546875
8,30,17,16924,16972.244,48.244140625
12,3,21,17193,17100.904,92.095703125
3,21,12,16213,15671.75,541.25
12,31,3,15425,15207.189,217.810546875
6,25,22,17722,17266.883,455.1171875
3,29,8,17877,17856.877,20.123046875
7,23,9,18217,18040.637,176.36328125
11,26,23,15841,15328.92,512.080078125
2,13,21,19881,20131.01,250.009765625
12,28,23,15528,15002.235,525.7646484375
10,12,23,13785,14650.391,865.390625
9,11,16,17974,18378.57,404.5703125
12,6,8,16062,17001.771,939.771484375
2,19,14,18983,18856.533,126.466796875
11,4,13,15305,15410.242,105.2421875
1,17,11,18540,18831.826,291.826171875
10,2,10,16076,15169.52,906.48046875
9,28,15,16993,17360.998,367.998046875
6,13,22,12880,13010.929,130.9287109375
6,23,14,18625,18720.797,95.796875
9,27,18,16063,16665.812,602.8125
2,15,21,18833,18569.809,263.19140625
3,20,0,13414,13186.596,227.404296875
2,4,15,18776,18485.63,290.369140625
12,1,6,13550,13675.21,125.2099609375
9,5,0,12753,12765.163,12.1630859375
12,28,14,15728,15551.763,176.2373046875
12,21,3,12717,13273.48,556.48046875
2,15,4,16068,15407.326,660.673828125
1,16,21,20113,19772.828,340.171875
10,9,23,13901,14213.248,312.248046875
12,23,5,13645,13137.404,507.595703125
3,31,17,15041,15212.975,171.974609375
2,13,6,16019,15864.788,154.2119140625
6,1,11,17490,17169.043,320.95703125
4,9,20,16536,15974.738,561.26171875
10,11,5,12197,12071.751,125.2490234375
8,15,18,19234,19588.977,354.9765625
3,28,1,14648,15374.762,726.76171875
3,16,19,17155,17822.746,667.74609375
5,28,19,15754,15495.561,258.439453125
1,8,16,17275,18058.395,783.39453125
2,2,20,19126,19560.805,434.8046875
2,6,22,17995,17219.184,775.81640625
2,21,23,15592,16028.226,436.2255859375
5,2,1,11620,11927.841,307.8408203125
1,10,1,14716,14844.172,128.171875
7,18,14,16888,16486.504,401.49609375
3,18,16,13986,14572.977,586.9765625
4,2,15,14062,14311.994,249.994140625
11,28,6,12962,12402.317,559.6826171875
11,20,9,17397,17339.053,57.947265625
2,8,22,17753,18375.877,622.876953125
12,4,14,17748,17777.58,29.580078125
10,4,18,15335,15570.512,235.51171875
12,23,18,18780,19706.062,926.0625
4,13,10,15482,15675.375,193.375
4,16,5,13849,13755.584,93.416015625
2,8,21,19194,18989.002,204.998046875
2,22,12,16331,15687.386,643.6142578125
12,13,7,16541,16262.036,278.9638671875
3,31,16,15774,15473.633,300.3671875
5,8,20,14055,14593.719,538.71875
12,12,6,14715,14371.825,343.1748046875
11,21,1,14560,14514.979,45.021484375
3,7,1,16049,15958.447,90.552734375
9,6,13,22295,21719.047,575.953125
8,25,22,15614,15560.57,53.4296875
5,11,15,12782,13190.628,408.6279296875
12,30,9,14694,15248.772,554.7724609375
12,28,2,13007,13186.709,179.708984375
6,4,16,13322,13314.773,7.2265625
5,21,8,14773,15944.329,1171.3291015625
12,27,11,16456,16730.783,274.783203125
12,15,16,18724,17650.986,1073.013671875
6,11,16,15265,15488.445,223.4453125
10,19,19,16165,17179.162,1014.162109375
3,26,11,14667,15301.088,634.087890625
8,21,3,13917,13881.67,35.330078125
2,23,12,16648,16245.486,402.513671875
6,7,13,15900,15948.679,48.6787109375
8,20,10,13759,14414.601,655.6005859375
8,10,12,17904,18955.475,1051.474609375
1,5,13,18431,18641.145,210.14453125
9,25,2,12154,12760.638,606.6376953125
2,21,20,17267,17551.553,284.552734375
12,23,0,15520,14695.496,824.50390625
12,8,20,19085,18499.12,585.880859375
8,14,17,18949,19672.375,723.375
12,31,0,15819,15663.834,155.166015625
7,26,0,16186,16865.258,679.2578125
1,31,21,17672,17905.607,233.607421875
10,30,10,15287,14808.82,478.1796875
1,31,14,17828,18202.127,374.126953125
7,9,7,12802,13014.82,212.8203125
2,22,10,16626,16022.78,603.2197265625
12,21,22,16738,16615.453,122.546875
5,13,23,14317,14060.277,256.72265625
7,16,11,16263,16396.541,133.541015625
7,31,10,13056,14379.717,1323.716796875
6,3,22,15321,16341.341,1020.3408203125
3,23,4,12404,12538.549,134.548828125
11,17,0,14023,13510.658,512.341796875
2,8,2,15620,15727.819,107.8193359375
10,10,19,14966,15341.512,375.51171875
1,5,11,17920,18404.33,484.330078125
11,28,19,20438,19882.396,555.603515625
1,26,18,21138,20547.787,590.212890625
1,3,17,16991,17076.625,85.625
8,26,4,11798,11839.9375,41.9375
7,8,13,23499,22434.174,1064.826171875
1,17,3,13798,13532.305,265.6953125
9,1,10,15345,16030.158,685.158203125
1,18,10,17577,17710.232,133.232421875
4,4,13,15133,15899.4795,766.4794921875
8,9,17,16613,17197.236,584.236328125
9,9,9,12564,12323.209,240.791015625
2,21,6,14591,14893.25,302.25
4,22,23,13087,13038.025,48.974609375
11,5,13,14966,14777.107,188.892578125
1,15,1,15659,15213.111,445.888671875
10,1,4,11804,11745.174,58.826171875
7,17,19,20634,21224.926,590.92578125
7,22,21,21269,22432.06,1163.060546875
9,27,0,13227,13096.451,130.548828125
7,24,22,15704,16758.889,1054.888671875
8,26,11,19366,18975.652,390.34765625
10,30,17,16612,16774.865,162.865234375
9,21,18,18155,19588.553,1433.552734375
2,3,18,18549,19491.291,942.291015625
12,11,23,15393,15711.843,318.8427734375
8,28,4,12850,13012.49,162.490234375
12,10,10,17494,17336.627,157.373046875
2,14,9,17465,16910.447,554.552734375
8,20,0,16182,15595.846,586.154296875
8,17,0,14767,14652.008,114.9921875
7,16,10,14748,15152.653,404.6533203125
11,12,1,13185,13471.322,286.322265625
1,29,17,18474,18889.303,415.302734375
12,7,10,18248,17201.492,1046.5078125
7,23,3,12237,12966.14,729.1396484375
2,23,17,15616,16421.504,805.50390625
7,8,21,17768,17541.213,226.787109375
7,19,9,16287,15935.275,351.724609375
10,2,10,15981,15944.546,36.4541015625
5,24,7,13890,13796.72,93.2802734375
8,18,20,17902,18510.559,608.55859375
6,28,9,14128,14688.463,560.462890625
8,11,8,12407,12058.201,348.798828125
4,1,18,16151,16360.523,209.5234375
1,8,2,15129,14186.857,942.142578125
3,7,10,17078,17337.023,259.0234375
5,17,18,13798,13613.238,184.76171875
9,5,8,13021,12959.106,61.8935546875
6,25,23,13145,12706.347,438.6533203125
2,6,16,19129,19272.334,143.333984375
11,14,1,12968,13122.792,154.7919921875
3,28,23,14181,14518.757,337.7568359375
12,17,13,16139,16905.37,766.369140625
10,4,4,11561,11441.824,119.17578125
7,13,5,14006,14245.164,239.1640625
12,3,10,17620,17610.055,9.9453125
9,8,20,14974,14821.557,152.443359375
7,15,15,18584,18431.564,152.435546875
6,24,21,15271,15697.575,426.5751953125
8,28,8,15071,14931.678,139.322265625
8,31,19,18157,19375.98,1218.98046875
1,22,17,18171,17736.572,434.427734375
4,15,2,11803,11829.799,26.798828125
10,4,10,13686,14230.838,544.837890625
6,18,11,20865,19888.402,976.59765625
12,2,19,17731,18050.861,319.861328125
5,4,0,12687,12097.189,589.810546875
8,28,8,14868,14848.457,19.54296875
10,13,0,12815,12894.287,79.287109375
3,18,8,15879,16385.826,506.826171875
10,7,2,12166,11925.027,240.97265625
9,23,9,15038,15626.801,588.80078125
3,24,18,15628,15673.967,45.966796875
5,13,6,12948,14038.426,1090.42578125
4,1,14,14952,15517.9,565.900390625
2,7,22,18792,18621.021,170.978515625
8,2,21,16417,16956.871,539.87109375
12,2,11,15237,15450.443,213.443359375
6,8,8,14606,15030.506,424.505859375
4,4,21,17322,17438.178,116.177734375
12,3,12,17318,17434.8,116.80078125
3,14,16,16280,16585.705,305.705078125
11,22,13,16792,16757.846,34.154296875
5,23,6,10844,11306.938,462.9384765625
4,24,8,14756,14964.972,208.9716796875
7,23,22,15926,15789.217,136.783203125
2,22,17,18913,19114.613,201.61328125
9,20,1,13923,13582.424,340.576171875
2,26,13,16554,16743.146,189.146484375
3,1,0,14377,14036.32,340.6796875
3,16,2,13319,12891.982,427.017578125
9,4,5,13647,13747.301,100.30078125
11,16,15,15736,15720.4375,15.5625
7,1,1,14011,15025.514,1014.513671875
4,5,4,14179,14462.758,283.7578125
10,7,1,11313,11625.084,312.083984375
6,23,7,14765,14540.82,224.1796875
4,15,22,13453,13578.113,125.11328125
7,18,16,20143,20034.959,108.041015625
1,22,21,19386,18357.037,1028.962890625
5,31,16,14952,15425.738,473.73828125
12,3,7,14903,14893.884,9.1162109375
11,1,0,12684,12981.189,297.189453125
4,13,4,13113,12410.484,702.515625
12,20,18,19582,19110.105,471.89453125
7,12,6,12152,12258.166,106.166015625
3,27,8,18547,17766.525,780.474609375
4,14,6,13111,12263.756,847.244140625
2,8,15,16925,16660.752,264.248046875
11,21,15,15576,15563.209,12.791015625
12,22,13,17316,16833.654,482.345703125
5,26,21,18133,18576.076,443.076171875
9,30,19,14696,14731.656,35.65625
10,24,20,16793,16966.92,173.919921875
7,9,6,13048,13494.732,446.732421875
10,12,17,16035,16237.804,202.8037109375
1,18,0,16577,16206.735,370.2646484375
3,17,20,16254,16465.645,211.64453125
1,26,23,17130,16994.328,135.671875
10,29,17,16316,17253.557,937.556640625
12,18,4,14530,13565.057,964.943359375
1,6,17,20263,20417.01,154.009765625
6,8,20,16290,17328.395,1038.39453125
1,19,1,16312,15654.893,657.107421875
10,23,20,17822,17272.19,549.810546875
12,28,14,16719,17047.115,328.115234375
7,23,2,12686,13061.967,375.966796875
12,4,0,14772,14433.361,338.638671875
11,18,22,14976,14783.858,192.1416015625
8,13,15,19090,18255.656,834.34375
6,25,22,17489,17436.676,52.32421875
10,5,21,15369,15577.702,208.7021484375
12,27,14,15319,16357.096,1038.095703125
1,19,3,14185,13962.067,222.9326171875
11,8,3,10979,10973.066,5.93359375
12,23,13,17323,17322.307,0.693359375
2,16,19,19639,19097.826,541.173828125
9,7,0,14111,13712.828,398.171875
4,25,21,14655,14186.093,468.9072265625
2,28,21,20467,20839.857,372.857421875
5,28,4,12608,12587.408,20.591796875
9,30,1,11840,12316.191,476.19140625
10,28,15,15377,14926.634,450.3662109375
1,29,13,18547,17552.086,994.9140625
3,12,22,16505,16335.607,169.392578125
8,8,16,18028,18195.555,167.5546875
4,1,8,14606,14007.834,598.166015625
8,8,23,17296,17114.002,181.998046875
3,24,19,16136,16206.592,70.591796875
3,19,6,16684,15741.783,942.216796875
2,10,6,15130,14883.443,246.556640625
8,18,19,17307,17388.295,81.294921875
6,26,16,16758,17451.404,693.404296875
11,9,8,15992,16833.342,841.341796875
8,27,11,13799,14047.089,248.0888671875
10,13,18,16031,16353.36,322.3603515625
3,30,3,11124,11237.092,113.091796875
11,22,3,14280,14090.312,189.6884765625
3,6,11,15863,15639.699,223.30078125
11,24,16,16577,17040.615,463.615234375
11,21,11,17109,16254.208,854.7919921875
7,24,21,17706,16693.71,1012.2890625
9,1,19,18397,17973.99,423.009765625
9,27,4,11033,11527.256,494.255859375
10,4,7,14705,14097.501,607.4990234375
2,20,17,16604,17196.531,592.53125
8,6,19,18009,18473.768,464.767578125
12,25,15,15329,15424.144,95.1435546875
8,5,4,12379,11811.661,567.3388671875
2,17,23,17347,17604.693,257.693359375
10,30,22,13685,14025.218,340.2177734375
4,16,19,17322,17494.076,172.076171875
2,5,7,13944,13278.801,665.19921875
2,12,10,15190,14665.618,524.3818359375
10,10,21,13534,13947.616,413.6162109375
5,4,15,14387,14938.217,551.216796875
5,11,11,14206,14501.421,295.4208984375
8,27,16,15307,15530.684,223.68359375
6,10,2,13158,13639.121,481.12109375
12,22,1,15040,14390.907,649.0927734375
1,4,4,12814,13124.518,310.517578125
8,15,12,17529,18743.479,1214.478515625
1,31,7,18501,18713.05,212.05078125
1,27,19,19651,19621.904,29.095703125
2,8,4,14273,14117.297,155.703125
4,18,11,16000,15642.59,357.41015625
2,26,8,16816,16752.049,63.951171875
2,6,18,16775,16164.084,610.916015625
12,23,17,17007,16708.127,298.873046875
10,31,20,15792,15440.444,351.5556640625
6,29,16,16108,17814.137,1706.13671875
8,31,13,19806,19718.393,87.607421875
4,27,20,15369,15188.389,180.611328125
9,27,14,15415,16654.217,1239.216796875
2,20,0,15757,15600.483,156.5166015625
8,30,18,16972,17361.705,389.705078125
8,17,3,13208,13193.042,14.9580078125
2,1,20,20301,20519.191,218.19140625
4,5,9,16327,16648.787,321.787109375
9,25,13,15928,16522.574,594.57421875
1,24,1,15173,15030.275,142.724609375
12,18,11,18433,18430.27,2.73046875
11,17,17,17183,17004.896,178.103515625
2,11,15,18003,18154.72,151.720703125
5,17,23,12589,12854.932,265.931640625
11,28,23,15385,15266.982,118.017578125
9,22,21,14018,13909.865,108.134765625
9,3,8,13648,13795.65,147.650390625
6,30,14,17377,17322.26,54.740234375
2,9,11,18117,18265.828,148.828125
12,19,22,19641,18917.924,723.076171875
5,11,12,12929,12398.449,530.55078125
2,15,9,17167,15976.098,1190.90234375
5,30,1,13718,14597.148,879.1484375
3,18,4,13202,13985.567,783.5673828125
10,4,16,14758,14906.233,148.2333984375
12,1,6,14604,14803.789,199.7890625
7,4,22,20745,20643.115,101.884765625
1,14,22,17509,17487.223,21.77734375
2,28,16,14244,14987.685,743.6845703125
4,7,18,14697,14002.559,694.44140625
8,13,22,17824,17622.15,201.849609375
9,29,1,12239,12477.104,238.103515625
9,17,13,14848,15131.781,283.78125
10,16,11,15670,15906.346,236.345703125
5,16,8,14810,14631.172,178.828125
12,5,20,18744,19265.842,521.841796875
6,19,14,19664,19147.59,516.41015625
12,1,15,15966,16142.661,176.6611328125
7,8,2,13059,12878.436,180.564453125
1,21,11,17924,17201.441,722.55859375
10,9,6,14158,13902.505,255.4951171875
11,17,4,13354,13504.02,150.01953125
2,13,2,15297,15349.494,52.494140625
1,12,15,16244,15624.773,619.2265625
4,21,1,11881,11950.867,69.8671875
3,9,19,16985,16229.6045,755.3955078125
4,30,10,13546,13372.932,173.068359375
5,11,1,11687,12027.553,340.552734375
3,2,4,13427,13327.025,99.974609375
6,29,5,14762,15425.904,663.904296875
9,21,10,14034,14430.356,396.3564453125
2,14,12,14811,15460.711,649.7109375
5,11,19,16228,17181.318,953.318359375
6,21,7,14037,13414.078,622.921875
8,9,2,12687,12921.796,234.7958984375
3,17,11,14900,16080.197,1180.197265625
9,24,18,16870,17404.484,534.484375
6,24,13,19480,19133.527,346.47265625
11,29,16,19177,17466.604,1710.396484375
3,26,20,15552,15387.034,164.9658203125
7,31,18,17515,17984.834,469.833984375
10,20,14,16258,16028.218,229.7822265625
9,24,20,17126,17094.357,31.642578125
6,26,19,20478,20050.58,427.419921875
12,28,21,17787,18323.834,536.833984375
11,1,16,16600,16634.3,34.30078125
9,1,9,14080,14669.304,589.3037109375
10,19,15,12950,13610.325,660.3251953125
5,31,4,11827,11379.771,447.228515625
7,13,10,16774,17378.56,604.560546875
2,16,13,18397,18064.557,332.443359375
3,29,15,13579,13225.924,353.076171875
7,31,17,16969,17835.688,866.6875
7,4,15,21342,21657.395,315.39453125
9,6,4,11458,11617.834,159.833984375
8,29,18,17862,18102.467,240.466796875
3,2,14,15837,15936.174,99.173828125
9,24,6,14457,14285.135,171.865234375
8,26,15,18550,18769.305,219.3046875
10,2,16,15306,16138.877,832.876953125
8,18,6,13818,13993.212,175.2119140625
8,15,19,21208,21705.541,497.541015625
5,3,19,15496,15364.92,131.080078125
1,12,8,16170,16343.09,173.08984375
4,7,20,15547,15208.021,338.978515625
4,14,11,16590,16370.516,219.484375
10,19,4,12739,12911.059,172.05859375
1,18,6,14361,15234.773,873.7734375
8,24,16,16782,17084.205,302.205078125
5,24,11,12525,12861.04,336.0400390625
12,4,10,17948,18085.559,137.55859375
1,31,12,18595,18513.904,81.095703125
7,16,6,15829,15268.086,560.9140625
10,26,22,14790,15159.846,369.845703125
8,11,17,18685,19164.385,479.384765625
4,9,6,12383,13211.442,828.4423828125
6,8,5,12496,12542.205,46.205078125
12,15,17,18930,18483.762,446.23828125
4,28,4,11594,11458.265,135.7353515625
11,28,3,13994,13220.545,773.455078125
3,9,3,14761,14348.174,412.826171875
4,4,10,17388,17101.049,286.951171875
11,26,16,14526,14148.568,377.431640625
3,20,3,13726,13579.303,146.697265625
9,12,13,14818,16270.771,1452.771484375
9,4,16,21292,21191.867,100.1328125
11,1,20,16181,16004.29,176.7099609375
9,11,4,12683,12833.847,150.8466796875
11,7,14,16604,17355.195,751.1953125
9,16,14,15599,15801.435,202.4345703125
12,17,4,13444,12924.967,519.033203125
12,29,12,16562,16459.229,102.771484375
3,27,4,12393,12652.855,259.85546875
11,4,2,12309,12382.078,73.078125
8,23,22,15669,15681.339,12.3388671875
10,13,8,15925,15459.186,465.814453125
10,3,11,14418,14653.135,235.134765625
11,20,22,18866,18297.844,568.15625
4,29,14,12395,12388.32,6.6796875
8,16,1,12555,12855.302,300.3017578125
12,26,13,15156,15462.666,306.666015625
3,11,20,18269,18016.832,252.16796875
2,29,20,18853,18577.365,275.634765625
2,16,8,15663,15426.547,236.453125
7,21,0,15119,14630.082,488.91796875
3,11,18,16311,16104.09,206.91015625
3,11,1,14996,15070.228,74.2275390625
2,18,16,16375,15736.859,638.140625
12,3,2,14906,14574.31,331.6904296875
11,2,7,15990,14365.6455,1624.3544921875
11,11,4,11335,11906.222,571.2216796875
12,30,20,18900,19110.74,210.740234375
1,27,7,16675,16246.279,428.720703125
10,17,7,13921,13431.923,489.0771484375
1,20,7,17280,16326.559,953.44140625
11,23,7,15604,15658.425,54.4248046875
4,2,19,16534,16755.9,221.900390625
8,9,2,12823,12609.203,213.796875
8,30,7,16922,16760.893,161.107421875
9,21,15,14545,14349.469,195.53125
6,28,21,19805,20413.059,608.05859375
10,18,18,16190,16336.497,146.4970703125
5,16,18,13949,14636.371,687.37109375
9,26,12,14957,14889.91,67.08984375
2,17,20,19863,19962.877,99.876953125
8,24,16,21079,21235.94,156.939453125
7,1,5,12821,13416.495,595.4951171875
7,2,20,19147,19344.87,197.869140625
10,3,9,15698,15219.029,478.970703125
11,12,4,13477,12736.557,740.443359375
3,26,20,17059,17197.605,138.60546875
11,3,3,11979,12067.869,88.869140625
8,15,17,16841,16198.699,642.30078125
9,4,1,14979,14830.16,148.83984375
3,19,1,13287,13709.621,422.62109375
3,16,1,14320,14443.848,123.84765625
11,10,12,14617,15358.963,741.962890625
10,19,1,12402,12432.037,30.037109375
10,23,12,14065,14794.928,729.927734375
10,12,16,15256,15691.148,435.1484375
7,10,10,15816,15708.016,107.984375
5,4,5,13166,12609.697,556.302734375
4,28,16,12568,12996.904,428.904296875
4,29,5,12797,13046.075,249.0751953125
2,4,23,16247,15817.525,429.474609375
8,8,5,13479,13530.717,51.716796875
8,28,19,16638,17719.03,1081.029296875
8,30,0,13220,13802.321,582.3212890625
10,15,6,13672,13708.036,36.0361328125
4,15,15,13841,14389.066,548.06640625
9,3,0,13158,12963.598,194.40234375
12,8,3,13290,12867.824,422.17578125
12,19,23,15979,16018.168,39.16796875
8,19,14,14848,15359.826,511.826171875
3,26,19,16480,16731.01,251.009765625
2,18,21,16261,16330.467,69.466796875
7,22,13,17068,17167.32,99.3203125
6,1,23,14470,13892.793,577.20703125
12,17,10,16679,16574.227,104.7734375
6,4,8,15166,14974.52,191.48046875
12,30,12,15979,16081.379,102.37890625
2,13,23,17435,17575.88,140.880859375
3,17,0,14187,14372.409,185.4091796875
7,15,19,19902,20325.596,423.595703125
3,11,16,14580,14902.379,322.37890625
5,29,7,14121,13866.211,254.7890625
1,2,0,14173,14958.172,785.171875
4,13,7,15545,14467.156,1077.84375
10,17,20,14489,13940.317,548.6826171875
10,16,1,12559,12668.795,109.794921875
9,11,18,15447,15961.371,514.37109375
10,30,11,15311,16106.542,795.5419921875
5,14,17,17567,17605.63,38.630859375
6,19,19,20038,20114.545,76.544921875
6,27,3,11723,12160.346,437.345703125
9,6,12,12730,13379.055,649.0546875
5,25,1,11920,12922.6,1002.599609375
7,1,7,13380,13490.807,110.806640625
4,26,0,13410,13559.0625,149.0625
2,10,16,15587,15544.928,42.072265625
4,23,11,16057,15532.285,524.71484375
7,14,2,13701,14458.099,757.0986328125
4,13,10,15904,16281.977,377.9765625
9,14,15,16324,15880.42,443.580078125
10,11,6,11316,11758.735,442.7353515625
9,23,13,17387,18249.746,862.74609375
2,10,5,13952,13306.062,645.9384765625
4,29,23,12796,12770.228,25.7724609375
10,13,12,12454,13146.527,692.52734375
3,14,3,14879,14173.207,705.79296875
4,3,0,13880,14188.102,308.1015625
10,4,21,16288,16617.861,329.861328125
7,15,8,15735,15831.559,96.55859375
7,10,9,17027,16899.451,127.548828125
7,24,18,18023,17569.498,453.501953125
3,5,11,14860,15282.848,422.84765625
6,18,8,15638,15474.099,163.9013671875
10,13,14,14733,14358.406,374.59375
10,16,23,13680,13678.479,1.521484375
6,6,19,14554,14519.639,34.361328125
7,31,6,12205,12755.768,550.767578125
2,27,2,14302,14471.187,169.1865234375
8,13,14,19845,19541.83,303.169921875
7,21,1,13987,13650.885,336.115234375
12,16,1,15349,14227.32,1121.6796875
11,17,2,12446,12487.088,41.087890625
3,11,11,15599,16073.982,474.982421875
1,24,4,13986,14144.799,158.798828125
2,15,15,16128,16938.645,810.64453125
8,15,8,14791,14491.957,299.04296875
11,30,19,18063,17508.49,554.509765625
7,29,4,14744,15200.304,456.3037109375
6,20,1,13307,13273.414,33.5859375
4,24,10,13941,14900.121,959.12109375
6,30,1,13307,13863.322,556.322265625
2,25,10,16878,16665.33,212.669921875
7,8,7,12083,12071.064,11.935546875
6,21,2,13673,14236.061,563.060546875
5,11,3,11631,11582.832,48.16796875
12,6,22,17352,17487.135,135.134765625
2,22,9,15726,14735.547,990.453125
9,17,21,15637,15661.889,24.888671875
1,8,5,15929,15410.227,518.7734375
5,6,18,14243,14169.129,73.87109375
8,21,0,15205,14895.047,309.953125
3,15,13,15681,16058.844,377.84375
3,16,2,13483,13695.3125,212.3125
6,18,19,17520,18012.533,492.533203125
10,3,9,16445,16054.607,390.392578125
8,7,20,20978,21081.273,103.2734375
5,15,10,13995,13737.156,257.84375
6,6,6,13314,13444.066,130.06640625
5,5,2,12025,11929.361,95.638671875
8,9,0,13904,13905.086,1.0859375
10,1,21,15965,15739.715,225.28515625
3,24,18,15570,16489.473,919.47265625
3,1,18,16995,16471.342,523.658203125
8,27,10,18462,18302.03,159.970703125
10,6,4,11536,11445.119,90.880859375
2,15,11,16588,16421.623,166.376953125
7,23,5,13432,13933.18,501.1796875
11,25,6,13963,13890.619,72.380859375
3,20,17,16134,16026.324,107.67578125
6,2,12,17258,16776.908,481.091796875
8,22,12,18222,18024.924,197.076171875
2,10,4,14482,14514.595,32.5947265625
3,24,16,17895,17581.86,313.140625
10,1,5,12275,11943.171,331.8291015625
10,6,17,14875,16184.449,1309.44921875
8,15,18,20250,20064.973,185.02734375
10,9,6,11981,11367.176,613.82421875
6,5,20,14564,14628.166,64.166015625
12,9,9,18131,17914.67,216.330078125
10,2,17,15915,16353.285,438.28515625
8,25,16,19916,19877.695,38.3046875
10,2,18,16240,16479.158,239.158203125
4,8,19,14885,15675.455,790.455078125
1,5,8,16427,17006.994,579.994140625
3,20,23,15180,15100.858,79.1416015625
12,12,15,17427,17430.967,3.966796875
8,30,2,13961,13254.973,706.02734375
11,30,21,17680,17151.97,528.029296875
1,30,14,18921,18297.373,623.626953125
3,19,16,16192,16149.086,42.9140625
7,11,2,13125,12590.061,534.939453125
10,17,21,13799,13401.393,397.607421875
11,7,13,14897,15369.293,472.29296875
12,5,12,16909,17087.652,178.65234375
1,8,15,16901,17596.08,695.080078125
3,2,19,18979,18430.064,548.935546875
7,16,7,13275,13703.299,428.298828125
7,25,6,13096,13420.311,324.310546875
3,8,1,13584,12703.838,880.162109375
1,3,6,13552,14504.125,952.125
9,4,21,15493,15896.41,403.41015625
11,22,17,17272,16804.88,467.119140625
12,27,18,17358,17705.488,347.48828125
11,25,14,16326,16000.248,325.751953125
6,28,19,16249,16371.397,122.3974609375
1,19,15,18000,17706.28,293.720703125
4,16,14,13578,13354.006,223.994140625
2,2,5,14810,14466.009,343.9912109375
7,29,7,16435,15616.504,818.49609375
4,5,2,10847,11247.4,400.400390625
12,17,3,14557,14260.477,296.5234375
4,11,21,16309,15725.347,583.6533203125
2,13,11,16144,16043.421,100.5791015625
2,4,7,15484,15381.034,102.9658203125
10,8,16,14810,14805.995,4.0048828125
1,3,4,13721,14068.232,347.232421875
8,16,7,13451,13154.041,296.958984375
9,12,19,16911,16667.227,243.7734375
8,22,20,16953,17452.77,499.76953125
10,19,16,15233,14865.286,367.7138671875
12,1,17,18248,17898.473,349.52734375
8,19,13,16057,15647.492,409.5078125
6,5,16,14841,14915.973,74.97265625
4,7,7,15127,14607.412,519.587890625
12,29,21,17427,17872.613,445.61328125
2,10,19,20501,20100.453,400.546875
9,28,1,12215,12771.468,556.4677734375
6,14,7,10609,11111.639,502.638671875
8,4,4,12445,12745.022,300.0224609375
11,10,4,12620,12866.265,246.2646484375
11,27,9,17677,17109.002,567.998046875
7,15,12,17473,17947.312,474.3125
4,16,14,14898,14308.549,589.451171875
7,10,22,19091,18903.148,187.8515625
6,21,14,16088,15688.713,399.287109375
8,31,2,12425,12197.93,227.0703125
9,5,20,23109,22653.627,455.373046875
1,21,21,17149,17256.143,107.142578125
9,6,15,14584,14784.558,200.5576171875
12,30,11,15512,15413.599,98.4013671875
11,11,13,16647,16006.611,640.388671875
4,18,3,11337,11383.396,46.396484375
12,17,2,15012,14756.128,255.8720703125
9,14,15,14359,14999.27,640.26953125
2,22,18,19080,18821.463,258.537109375
11,12,9,16595,16863.59,268.58984375
4,1,4,13494,12784.623,709.376953125
4,26,18,16209,15691.127,517.873046875
4,3,17,16771,16376.15,394.849609375
8,2,1,14429,15173.848,744.84765625
8,9,18,21160,20578.396,581.603515625
10,12,8,15112,14959.509,152.4912109375
3,11,19,17460,17695.42,235.419921875
9,26,8,13182,12980.895,201.10546875
1,25,6,13732,13838.479,106.478515625
2,14,10,16700,17474.477,774.4765625
6,10,12,14660,15110.627,450.626953125
9,21,23,14790,15863.913,1073.9130859375
9,28,23,12326,12470.288,144.2880859375
2,11,23,15632,15534.537,97.462890625
6,15,10,15522,15305.03,216.9697265625
10,13,13,12241,13061.855,820.85546875
10,9,7,12390,11883.871,506.12890625
6,8,9,14640,15191.088,551.087890625
10,7,8,13625,13358.672,266.328125
10,31,6,13825,12458.158,1366.841796875
3,17,3,13202,12979.732,222.267578125
11,5,19,16969,17025.63,56.630859375
12,3,1,13444,14031.607,587.607421875
8,7,3,13817,13934.0625,117.0625
4,6,4,12933,13366.282,433.2822265625
2,29,7,15652,15684.545,32.544921875
5,15,4,10906,10779.235,126.7646484375
1,28,7,16017,15703.223,313.77734375
9,24,10,17018,16592.662,425.337890625
8,5,23,17453,18652.709,1199.708984375
10,21,13,15318,15553.807,235.806640625
10,30,11,15884,15796.355,87.64453125
12,13,6,15070,14430.721,639.279296875
12,11,4,13650,13600.922,49.078125
9,22,13,17976,18321.154,345.154296875
11,20,6,13050,13372.734,322.734375
1,4,1,13984,14040.403,56.4033203125
5,4,6,12984,12759.846,224.154296875
8,3,20,18486,18854.346,368.345703125
11,29,15,13998,14115.441,117.44140625
2,28,0,15784,15957.713,173.712890625
9,5,12,15381,15598.902,217.90234375
11,5,17,14918,14931.45,13.4501953125
4,20,20,16330,16806.21,476.2109375
8,24,23,15688,15833.959,145.958984375
7,14,14,18533,18793.24,260.240234375
11,30,7,15886,15488.92,397.080078125
11,21,16,16129,15955.235,173.7646484375
2,10,19,19274,19221.123,52.876953125
10,26,7,15415,14227.881,1187.119140625
3,11,20,18295,18550.805,255.8046875
9,18,4,11811,12164.874,353.8740234375
9,20,1,11946,12483.8545,537.8544921875
3,10,15,16188,15477.625,710.375
9,29,14,16936,17691.445,755.4453125
9,16,11,15311,15608.432,297.431640625
9,13,4,12621,12315.631,305.369140625
4,22,9,14557,14030.404,526.595703125
9,6,14,15970,16290.08,320.080078125
11,6,5,12555,12881.574,326.57421875
9,29,12,14849,15593.542,744.5419921875
6,1,13,15069,14492.174,576.826171875
9,25,14,15850,16430.455,580.455078125
6,21,20,19091,19634.977,543.9765625
12,26,12,15582,14752.045,829.955078125
9,17,16,16174,16938.018,764.017578125
4,22,16,14638,14309.1045,328.8955078125
11,25,19,17733,18377.646,644.646484375
12,18,14,16608,16333.289,274.7109375
12,25,7,12436,12716.832,280.83203125
5,15,22,14689,13860.378,828.6220703125
2,29,22,18445,17832.654,612.345703125
6,13,1,12267,12553.37,286.3701171875
4,14,17,15043,14914.588,128.412109375
2,21,6,13416,14008.998,592.998046875
7,25,8,15746,15978.374,232.3740234375
1,6,14,17758,17492.186,265.814453125
12,3,20,19286,19140.648,145.3515625
3,8,10,15753,15801.345,48.3447265625
9,1,5,11798,11792.77,5.23046875
8,11,22,19315,19444.404,129.404296875
10,15,1,12573,13564.372,991.3720703125
6,3,19,15288,14794.375,493.625
2,6,10,19242,18810.238,431.76171875
4,17,6,15136,14246.537,889.462890625
9,14,20,18473,18841.78,368.779296875
2,3,20,17922,18381.045,459.044921875
1,14,5,15228,15544.209,316.208984375
2,17,13,17668,17496.426,171.57421875
5,1,7,14724,13838.548,885.4521484375
1,19,23,18076,17664.018,411.982421875
1,8,12,17321,16947.746,373.25390625
9,5,9,13691,13648.564,42.435546875
4,30,23,13343,13628.402,285.40234375
4,20,13,15230,14514.078,715.921875
9,30,11,12798,13879.737,1081.7373046875
3,11,23,15655,15712.391,57.390625
9,25,6,15539,15522.552,16.4482421875
10,20,23,12547,13072.906,525.90625
12,27,11,14701,15127.065,426.0654296875
9,24,5,11653,11853.101,200.1005859375
1,16,10,17572,18189.164,617.1640625
8,7,19,17942,18299.451,357.451171875
3,19,18,18333,17989.893,343.107421875
2,2,10,19796,19233.643,562.357421875
10,22,2,12484,12309.576,174.423828125
12,10,18,17906,17195.756,710.244140625
6,11,23,13666,13049.951,616.048828125
4,27,18,15055,16117.457,1062.45703125
2,16,19,18444,18844.268,400.267578125
4,30,1,11055,11540.186,485.185546875
6,3,3,13573,13825.207,252.20703125
10,10,20,14456,15270.746,814.74609375
1,10,16,18287,17609.754,677.24609375
9,28,10,16133,16452.592,319.591796875
11,25,13,15634,15320.965,313.03515625
6,14,23,14827,14512.17,314.830078125
3,21,2,12953,13182.383,229.3828125
8,29,5,12440,13315.518,875.517578125
10,20,10,13499,13901.788,402.7880859375
2,28,7,13533,13489.379,43.62109375
6,3,1,14856,14921.535,65.53515625
6,16,17,19452,19718.229,266.228515625
9,30,10,15235,14843.256,391.744140625
3,21,0,13544,13570.123,26.123046875
4,20,10,16442,15750.654,691.345703125
2,24,0,14073,13915.419,157.5810546875
5,6,8,15511,15394.414,116.5859375
9,23,4,11506,11846.385,340.384765625
11,28,12,14044,14402.428,358.427734375
7,13,23,14460,14412.943,47.056640625
4,12,4,12621,12185.563,435.4365234375
12,8,13,16673,16953.174,280.173828125
6,13,5,12810,12646.025,163.974609375
5,26,22,16932,16093.184,838.81640625
10,19,0,12645,12565.678,79.322265625
5,10,10,14443,14567.289,124.2890625
1,30,1,15318,15024.693,293.306640625
9,8,3,12737,12954.693,217.693359375
3,13,14,15995,16574.82,579.8203125
11,2,5,12739,13055.421,316.4208984375
4,14,16,13767,14178.357,411.357421875
1,21,12,17109,17055.633,53.3671875
8,14,9,16947,16611.303,335.697265625
7,20,6,12555,12768.63,213.6298828125
5,7,13,11969,12550.311,581.310546875
6,4,15,14282,14441.764,159.763671875
11,29,2,12563,13134.521,571.521484375
6,10,18,15797,16006.811,209.810546875
1,6,12,17614,17351.168,262.83203125
12,8,12,16721,16803.148,82.1484375
2,17,12,14599,15336.543,737.54296875
4,13,2,13664,13468.451,195.548828125
11,18,20,16756,18069.795,1313.794921875
11,29,10,14895,14432.229,462.771484375
8,7,11,17518,17745.877,227.876953125
11,14,6,12583,12510.744,72.255859375
1,13,19,19383,19617.557,234.556640625
10,7,18,15542,16036.371,494.37109375
7,15,2,12588,12649.613,61.61328125
12,19,3,13151,13578.492,427.4921875
11,11,11,17348,16819.389,528.611328125
2,12,18,20591,20963.36,372.359375
5,18,8,12296,12359.045,63.044921875
4,15,6,13338,13143.547,194.453125
8,24,18,21203,21694.152,491.15234375
9,29,5,12027,11885.529,141.470703125
5,8,10,15292,15429.656,137.65625
1,22,12,19490,18125.525,1364.474609375
7,5,3,11914,12170.006,256.005859375
11,10,0,13980,13781.762,198.23828125
10,12,15,13064,13986.934,922.93359375
4,4,10,12598,14082.234,1484.234375
9,24,23,12519,12909.388,390.3876953125
2,21,23,15799,15943.802,144.8017578125
8,8,13,17425,17553.912,128.912109375
6,16,20,18475,18743.092,268.091796875
1,8,13,17388,17783.76,395.759765625
4,22,6,12498,12366.773,131.2265625
1,27,1,13825,14250.295,425.294921875
7,13,8,16374,17342.201,968.201171875
2,25,0,16970,16475.691,494.30859375
6,10,11,16246,16048.282,197.7177734375
5,7,10,12146,12471.162,325.162109375
4,26,16,14134,14479.209,345.208984375
11,25,21,19491,18208.965,1282.03515625
1,23,1,14813,15111.678,298.677734375
3,27,11,14944,15718.221,774.220703125
7,24,14,19296,19760.21,464.2109375
6,8,1,12057,12308.789,251.7890625
7,6,9,19252,19579.79,327.7890625
5,12,7,14123,13697.819,425.1806640625
2,27,11,16616,17259.627,643.626953125
4,4,5,12835,12561.078,273.921875
2,26,15,18670,18008.807,661.193359375
7,15,1,12819,13188.967,369.966796875
11,18,7,13832,13877.254,45.25390625
12,5,1,13765,14252.499,487.4990234375
7,11,6,14199,14159.219,39.78125
4,20,6,14534,13549.346,984.654296875
1,7,10,17132,17553.57,421.5703125
1,14,21,19474,20360.658,886.658203125
4,24,17,14597,15036.859,439.859375
3,18,11,15392,16038.217,646.216796875
5,4,22,14376,14421.903,45.9033203125
2,27,12,17609,17518.264,90.736328125
12,4,19,17918,17967.127,49.126953125
7,7,16,23753,23801.941,48.94140625
6,20,12,15458,16161.103,703.1025390625
12,15,12,17816,17789.445,26.5546875
6,9,23,13670,14079.288,409.2880859375
2,19,2,15262,15263.897,1.8974609375
1,24,0,16125,14866.848,1258.15234375
6,12,2,12020,12045.437,25.4365234375
9,9,6,14207,13949.136,257.8642578125
1,15,8,17223,17125.97,97.029296875
12,27,16,14684,15730.63,1046.6298828125
1,30,1,15498,15669.252,171.251953125
12,29,17,16864,16574.723,289.27734375
3,7,5,13998,13778.086,219.9140625
10,11,7,15876,14512.532,1363.4677734375
1,7,5,14356,14602.852,246.8515625
8,31,5,13125,12907.092,217.908203125
5,29,13,15621,14944.093,676.9072265625
7,9,16,15595,16128.27,533.26953125
7,8,6,16164,16492.96,328.9609375
7,21,1,14112,14335.018,223.017578125
7,15,6,12107,12431.145,324.14453125
2,4,9,19764,19517.291,246.708984375
5,23,3,11837,11882.041,45.041015625
7,21,0,17059,17502.137,443.13671875
8,4,23,17712,17560.95,151.05078125
12,26,16,15500,15626.72,126.7197265625
1,8,14,18499,17770.264,728.736328125
3,19,20,17519,17680.203,161.203125
11,15,10,16327,16065.938,261.0615234375
3,30,14,17643,17198.877,444.123046875
5,20,6,12915,13023.078,108.078125
11,26,10,14821,14512.635,308.365234375
7,4,5,14305,14119.137,185.86328125
11,15,10,16449,16696.604,247.603515625
1,3,21,19754,20250.02,496.01953125
7,27,17,21509,21947.666,438.666015625
11,1,8,15850,15606.322,243.677734375
8,10,2,14147,14246.8125,99.8125
12,18,8,15197,15206.758,9.7578125
12,21,11,17274,16922.48,351.51953125
9,4,6,12229,12360.899,131.8994140625
7,28,12,20786,20555.217,230.783203125
1,28,7,18227,17989.03,237.970703125
7,7,3,13390,13090.395,299.60546875
3,27,17,17370,17574.93,204.9296875
4,23,19,13804,14634.629,830.62890625
3,1,10,18260,17910.857,349.142578125
8,10,11,20428,20174.432,253.568359375
5,2,18,13325,13210.177,114.8232421875
3,6,12,15806,15830.495,24.4951171875
9,4,1,12624,12959.134,335.1337890625
9,18,19,19071,19649.508,578.5078125
8,9,7,16884,16536.412,347.587890625
11,25,9,14187,13876.183,310.8173828125
9,8,13,13516,13119.368,396.6318359375
5,31,21,15183,14941.109,241.890625
12,26,2,12695,12859.594,164.59375
12,13,12,16417,16162.784,254.2158203125
9,26,7,15680,16769.834,1089.833984375
6,10,14,13024,13849.608,825.6083984375
1,1,20,16327,16440.521,113.521484375
8,26,13,20050,19515.686,534.314453125
7,7,3,14340,13944.481,395.5185546875
12,21,2,13628,13455.193,172.806640625
7,28,7,16203,15382.614,820.3857421875
10,4,9,15097,15108.255,11.2548828125
9,22,3,12688,12002.982,685.017578125
9,4,15,21192,20435.174,756.826171875
3,5,0,16871,15366.448,1504.5517578125
5,15,6,12961,12725.905,235.0947265625
10,24,13,15019,14850.173,168.8271484375
8,21,0,16569,16572.35,3.349609375
12,5,3,14616,13967.502,648.498046875
8,14,8,15533,15280.313,252.6865234375
5,10,4,11074,11671.732,597.732421875
6,20,0,13932,13918.458,13.5419921875
9,6,5,12467,12809.466,342.4658203125
9,27,3,10873,11524.902,651.90234375
1,31,22,17921,17737.434,183.56640625
12,28,14,15089,15267.212,178.2119140625
1,22,5,14933,14879.5,53.5
3,10,17,17240,15930.422,1309.578125
8,21,9,17348,17032.041,315.958984375
5,27,17,15591,17158.74,1567.740234375
12,23,12,16339,15937.939,401.060546875
12,11,16,17245,18076.053,831.052734375
8,20,12,20785,20994.434,209.43359375
9,3,3,12059,11662.608,396.3916015625
5,17,15,13103,13822.281,719.28125
3,23,11,14715,15326.087,611.0869140625
10,5,21,14459,14731.156,272.15625
3,25,3,12625,12424.028,200.9716796875
9,15,16,20035,20167.396,132.396484375
1,22,0,17851,16893.322,957.677734375
11,11,21,16624,16021.363,602.63671875
7,26,21,16567,16963.627,396.626953125
4,25,1,11752,12069.614,317.6142578125
5,22,12,16626,17542.115,916.115234375
6,23,0,12550,12621.193,71.193359375
6,20,14,18138,18622.53,484.529296875
10,27,16,17229,17426.166,197.166015625
2,9,3,14212,14245.215,33.21484375
12,3,16,14960,16284.976,1324.9755859375
4,10,5,12570,12296.309,273.69140625
6,24,15,17173,17246.969,73.96875
8,22,20,16228,16674.564,446.564453125
7,7,7,15644,15158.255,485.7451171875
9,11,4,12578,12185.381,392.619140625
11,6,1,13068,13645.748,577.748046875
5,2,11,15804,15438.745,365.2548828125
10,2,1,12414,12534.543,120.54296875
1,8,12,20193,19422.004,770.99609375
2,24,5,13297,13014.4375,282.5625
2,9,5,14068,14181.495,113.4951171875
12,6,10,15207,15923.076,716.076171875
7,12,5,13476,13254.295,221.705078125
3,6,2,14000,13759.287,240.712890625
2,18,20,19517,19341.559,175.44140625
2,28,10,17719,17856.19,137.189453125
8,14,5,12537,12932.03,395.0302734375
9,24,20,17738,17663.322,74.677734375
7,19,5,12967,12733.08,233.919921875
5,23,23,13364,13362.112,1.8876953125
7,15,14,20177,19675.092,501.908203125
9,4,12,14774,15435.177,661.1767578125
3,4,3,13283,12860.439,422.560546875
1,8,21,21202,20599.053,602.947265625
4,11,5,11473,12409.407,936.4072265625
12,16,7,16387,16849.021,462.021484375
5,12,19,16499,17327.447,828.447265625
5,6,10,13601,14706.141,1105.140625
9,2,19,16440,16756.768,316.767578125
4,28,12,15453,15010.646,442.353515625
7,17,20,21086,21280.756,194.755859375
11,4,6,12839,13501.971,662.970703125
9,6,2,12833,13045.295,212.294921875
3,23,20,17365,17338.516,26.484375
10,25,3,11793,12543.729,750.728515625
3,2,10,17873,17555.596,317.404296875
10,6,7,14948,14409.014,538.986328125
12,22,19,17844,18453.912,609.912109375
11,30,3,14395,13471.614,923.3857421875
10,6,5,12483,12622.189,139.189453125
7,22,22,18944,18286.559,657.44140625
9,22,20,18925,19238.51,313.509765625
11,9,12,14199,14862.247,663.2470703125
8,21,10,16457,16320.729,136.271484375
10,19,15,13673,13946.039,273.0390625
2,3,2,13249,13207.426,41.57421875
10,24,10,14601,15095.8545,494.8544921875
10,19,22,14920,15481.85,561.849609375
11,27,8,16096,16271.07,175.0703125
11,25,21,16626,16784.541,158.541015625
9,16,19,15952,16682.605,730.60546875
1,10,18,19651,19399.121,251.87890625
5,16,23,13223,12833.691,389.30859375
2,24,16,16764,17381.607,617.607421875
12,18,15,18296,18441.312,145.3125
6,24,23,15047,15331.515,284.5146484375
3,10,10,15555,15553.397,1.6025390625
5,13,3,11973,11560.709,412.291015625
1,18,15,16870,16506.951,363.048828125
5,19,11,14431,14581.279,150.279296875
6,4,6,12191,12879.348,688.34765625
8,21,4,13759,13865.164,106.1640625
2,21,7,15081,15276.762,195.76171875
9,20,21,16265,16723.71,458.7109375
8,8,1,12814,12857.574,43.57421875
3,2,17,17895,17444.684,450.31640625
4,1,8,17181,15693.156,1487.84375
5,20,10,12018,13652.133,1634.1328125
6,16,0,14595,14709.068,114.068359375
10,20,3,11071,11529.469,458.46875
9,5,16,19334,18644.943,689.056640625
12,1,11,16009,15645.346,363.654296875
6,10,0,13263,13381.228,118.2275390625
1,25,8,15586,15499.192,86.8076171875
8,19,20,17964,18190.652,226.65234375
5,16,19,15502,15522.691,20.69140625
1,10,2,15122,15271.33,149.330078125
11,9,7,14014,14158.673,144.6728515625
8,2,14,19810,20108.205,298.205078125
7,12,10,18565,18995.662,430.662109375
6,6,22,15581,15006.158,574.841796875
8,4,2,13822,13856.321,34.3212890625
7,5,21,20756,20503.451,252.548828125
3,18,23,15505,15546.889,41.888671875
2,10,17,18215,18409.463,194.462890625
1,21,3,13842,14367.059,525.05859375
4,10,2,13547,13720.08,173.080078125
10,1,20,15322,16597.756,1275.755859375
8,12,16,17786,18044.61,258.609375
3,23,12,17111,17076.629,34.37109375
11,4,14,14555,15199.59,644.58984375
4,14,16,14542,14415.139,126.861328125
7,9,0,13408,13237.106,170.8935546875
3,15,8,14655,13666.665,988.3349609375
11,13,13,17153,16078.176,1074.82421875
9,5,13,15406,15226.207,179.79296875
5,12,22,13907,14697.464,790.4638671875
8,10,9,14756,14359.017,396.9833984375
4,29,10,14308,15009.369,701.369140625
12,14,11,15942,16873.031,931.03125
6,5,3,10841,10589.097,251.9033203125
2,4,23,15749,15774.936,25.935546875
8,8,11,20642,20140.975,501.025390625
10,18,6,13525,13416.395,108.60546875
6,28,13,21764,21586.342,177.658203125
4,18,7,14743,14017.861,725.138671875
5,21,22,13373,15241.89,1868.8896484375
8,6,5,14311,15893.787,1582.787109375
12,29,0,14968,14183.194,784.8056640625
3,24,14,17498,17109.69,388.310546875
10,1,19,17705,17634.94,70.060546875
6,6,7,14629,13818.217,810.783203125
1,5,16,15992,16412.879,420.87890625
11,24,8,14678,14079.543,598.45703125
5,15,11,13884,14632.217,748.216796875
3,8,4,13333,13290.144,42.8564453125
1,12,12,17015,16613.03,401.970703125
5,24,16,15127,15667.0,540.0
9,28,0,12775,12585.253,189.7470703125
5,20,9,14310,14895.249,585.2490234375
8,21,4,14159,14837.977,678.9765625
5,24,9,14806,14765.635,40.365234375
11,21,20,16227,16111.241,115.7587890625
6,19,17,19643,19592.645,50.35546875
1,20,12,19555,17853.188,1701.8125
6,29,21,17427,18713.752,1286.751953125
11,10,14,14482,14810.402,328.40234375
5,3,4,11879,11967.604,88.603515625
8,21,10,17771,17897.55,126.55078125
12,31,7,14005,14949.363,944.36328125
10,24,8,13515,13652.033,137.033203125
1,2,18,18821,19605.258,784.2578125
1,8,19,19084,19094.88,10.880859375
1,9,2,14427,14203.639,223.361328125
8,30,15,14690,14494.041,195.958984375
5,7,13,14206,14459.492,253.4921875
8,10,15,17909,18399.525,490.525390625
4,21,19,16060,16534.932,474.931640625
9,17,19,17739,18174.877,435.876953125
10,9,5,11052,11113.332,61.33203125
6,20,2,12080,12265.397,185.3974609375
3,15,18,17295,17718.295,423.294921875
11,8,9,16761,16254.777,506.22265625
4,30,6,14031,13758.015,272.9853515625
8,28,17,19371,18616.299,754.701171875
7,9,7,12494,12660.15,166.150390625
10,26,5,12932,12761.305,170.6953125
5,17,0,12423,12268.861,154.138671875
4,30,23,12534,12752.598,218.59765625
10,18,11,14005,13463.102,541.8984375
4,25,7,15110,14662.217,447.783203125
9,20,23,15123,15279.311,156.310546875
5,11,12,14023,15268.022,1245.0224609375
3,24,12,16144,16330.084,186.083984375
5,17,21,17110,17869.17,759.169921875
6,16,15,16239,16317.471,78.470703125
12,24,17,16318,18429.857,2111.857421875
11,15,21,16817,16816.553,0.447265625
11,11,8,15780,15542.311,237.689453125
5,3,17,14220,14266.756,46.755859375
7,28,20,18054,19199.572,1145.572265625
11,26,21,17617,17080.559,536.44140625
2,23,9,15412,15566.986,154.986328125
12,7,18,19528,19206.652,321.34765625
2,5,0,17494,16344.257,1149.7431640625
5,20,21,16044,15535.737,508.2626953125
7,6,19,20722,21199.879,477.87890625
11,5,9,16481,15721.583,759.4169921875
6,3,23,13152,12886.367,265.6328125
1,28,8,17611,18205.412,594.412109375
3,14,0,13413,13219.141,193.859375
5,13,23,12563,13021.053,458.052734375
6,24,0,13479,13777.191,298.19140625
10,15,14,14274,13978.993,295.0068359375
10,29,11,15296,15118.139,177.861328125
1,9,23,16986,17464.482,478.482421875
2,4,4,13542,13528.248,13.751953125
6,10,22,14642,14396.862,245.1376953125
2,1,15,16532,17131.38,599.380859375
12,8,4,14189,12614.451,1574.548828125
5,9,11,13757,14478.031,721.03125
1,7,5,14074,14048.148,25.8515625
1,20,22,16040,16121.422,81.421875
9,9,23,13330,13504.32,174.3203125
1,18,23,16494,16883.768,389.767578125
2,6,3,15177,15207.473,30.47265625
1,28,16,15426,15826.342,400.341796875
5,11,5,12178,12245.008,67.0078125
4,18,6,11997,11676.307,320.693359375
7,19,23,17285,18185.09,900.08984375
10,10,4,11393,11632.552,239.5517578125
9,1,21,16609,16898.107,289.107421875
5,9,18,13958,13895.936,62.064453125
3,29,17,15430,16627.152,1197.15234375
8,8,6,14541,14481.712,59.2880859375
2,22,0,17046,16026.389,1019.611328125
6,27,16,19627,20105.557,478.556640625
9,20,13,18625,18703.584,78.583984375
8,21,11,16617,15215.285,1401.71484375
4,19,22,14361,14911.133,550.1328125
12,17,11,17883,17045.498,837.501953125
3,5,9,17052,16945.102,106.8984375
5,4,16,15084,15779.247,695.2470703125
8,22,22,16130,16033.64,96.3603515625
8,4,7,15441,14883.602,557.3984375
1,8,14,17376,16879.16,496.83984375
1,4,11,17685,17931.203,246.203125
9,3,14,18266,18421.307,155.306640625
8,8,23,15017,14806.267,210.7333984375
12,20,23,16141,15664.287,476.712890625
5,17,12,14243,14168.926,74.07421875
8,16,13,17782,18331.568,549.568359375
5,23,1,10834,11706.701,872.701171875
5,19,9,14341,14249.73,91.26953125
9,18,22,13665,14036.55,371.5498046875
4,25,13,15759,15387.971,371.029296875
11,15,15,16912,16400.672,511.328125
6,27,11,16920,17194.424,274.423828125
8,16,6,15647,15238.305,408.6953125
3,17,3,14138,13642.307,495.693359375
4,4,9,17451,16600.992,850.0078125
2,6,4,14150,14371.28,221.2802734375
5,16,5,12166,12117.678,48.322265625
12,26,10,14791,14667.533,123.466796875
12,6,20,18371,18485.984,114.984375
8,7,5,14389,15252.739,863.7392578125
11,24,1,14908,14729.679,178.3212890625
12,20,13,19259,18437.865,821.134765625
1,8,3,14659,14569.652,89.34765625
5,30,20,16140,16845.656,705.65625
4,17,18,14761,15064.219,303.21875
12,9,10,17799,17785.938,13.0625
12,27,11,17002,17380.125,378.125
11,6,13,16555,16277.797,277.203125
11,15,20,16006,15141.839,864.1611328125
9,5,22,17997,16609.791,1387.208984375
4,28,3,11589,11659.724,70.7236328125
11,21,0,13718,13438.027,279.97265625
11,2,6,14597,13694.593,902.4072265625
12,12,6,15253,15217.368,35.6318359375
6,16,18,15686,16381.66,695.66015625
2,4,2,17628,16969.395,658.60546875
10,14,9,15286,15136.576,149.423828125
8,4,15,17660,17487.865,172.134765625
8,9,10,17051,16876.148,174.8515625
2,26,19,18148,18155.455,7.455078125
10,8,10,13697,13086.699,610.30078125
8,22,20,18595,18541.037,53.962890625
7,11,23,15997,15808.888,188.1123046875
8,21,6,14296,14968.789,672.7890625
5,29,12,16863,15990.471,872.529296875
11,10,15,16113,16560.17,447.169921875
1,16,13,17064,17694.584,630.583984375
1,15,11,19183,19019.105,163.89453125
6,5,3,12191,11798.199,392.80078125
1,17,22,17695,17682.125,12.875
5,21,13,12555,12470.643,84.357421875
7,19,19,20229,20045.139,183.861328125
9,1,11,15831,16622.775,791.775390625
5,2,4,11934,11620.054,313.9462890625
1,19,9,17414,17433.855,19.85546875
10,4,1,11445,11651.972,206.9716796875
4,24,21,15940,15680.828,259.171875
9,15,7,14668,14436.59,231.41015625
5,29,10,16417,16340.445,76.5546875
8,15,23,15599,15510.486,88.513671875
11,6,7,13578,13616.617,38.6171875
3,17,17,14598,14817.799,219.798828125
8,13,15,17448,18406.412,958.412109375
2,2,18,19700,19905.113,205.11328125
3,1,2,12699,12484.529,214.470703125
6,27,15,19402,19357.682,44.318359375
2,13,16,17952,17831.143,120.857421875
6,29,21,17433,17292.062,140.9375
11,16,12,15248,15007.869,240.130859375
4,26,1,11929,12121.715,192.71484375
2,19,1,15604,15534.531,69.46875
9,7,13,22279,21564.709,714.291015625
9,28,2,12338,12352.709,14.708984375
3,7,17,16274,15874.579,399.4208984375
2,10,8,17144,16477.186,666.814453125
9,1,18,21160,21115.977,44.0234375
10,28,11,15448,15321.745,126.2548828125
6,4,18,14595,14850.809,255.80859375
9,7,8,18816,18077.527,738.47265625
4,10,3,12279,12057.223,221.77734375
12,1,15,17666,16995.482,670.517578125
10,4,1,12140,12854.104,714.103515625
9,29,5,12245,13111.644,866.6435546875
3,22,11,15774,16152.271,378.271484375
2,9,12,18142,17882.717,259.283203125
9,16,23,13567,13640.758,73.7578125
7,15,18,17413,17522.092,109.091796875
11,29,4,13910,13494.795,415.205078125
5,3,2,11958,12042.725,84.724609375
1,9,12,18917,18798.408,118.591796875
2,24,16,16144,17480.45,1336.44921875
1,5,14,17663,17732.73,69.73046875
5,22,4,10750,11561.952,811.9521484375
5,26,15,13861,14017.465,156.46484375
1,19,19,20660,19997.037,662.962890625
5,31,20,14676,15070.303,394.302734375
3,10,13,15742,15286.742,455.2578125
9,27,3,11863,12048.893,185.892578125
5,9,20,15818,15662.54,155.4599609375
6,25,23,15596,15541.031,54.96875
7,12,8,16990,16767.016,222.984375
8,16,2,12203,12606.479,403.478515625
8,21,6,15402,15440.603,38.6025390625
9,23,2,12181,12435.341,254.3408203125
9,9,6,10951,10963.225,12.224609375
1,8,14,16740,17502.518,762.517578125
10,15,16,13883,13772.272,110.7275390625
7,31,8,15243,15407.674,164.673828125
6,29,13,20191,20871.605,680.60546875
3,4,7,13772,13689.176,82.82421875
2,10,16,18061,17553.307,507.693359375
7,30,0,16333,16244.794,88.2060546875
8,28,11,15806,15781.051,24.94921875
7,17,5,11273,11193.103,79.8974609375
6,23,7,15524,15988.762,464.76171875
1,2,0,14476,14621.111,145.111328125
1,19,11,18853,18901.107,48.107421875
3,26,17,15811,17017.35,1206.349609375
5,11,10,13931,13790.355,140.64453125
3,18,16,15854,15254.214,599.7861328125
5,22,8,12804,14179.979,1375.978515625
8,17,17,20364,20395.98,31.98046875
1,1,7,12528,13116.076,588.076171875
1,22,13,20354,19883.953,470.046875
1,4,5,15412,14780.998,631.001953125
4,18,18,16090,15878.985,211.0146484375
12,10,7,13589,13031.437,557.5634765625
1,8,18,18801,18021.967,779.033203125
4,17,19,14167,13816.102,350.8984375
11,9,2,12104,11943.312,160.6884765625
10,1,18,17844,18077.8,233.80078125
3,26,10,17438,16898.06,539.939453125
1,2,23,16334,16687.959,353.958984375
6,10,4,11553,11290.895,262.10546875
9,12,22,14975,14643.803,331.197265625
12,22,16,19042,18674.371,367.62890625
8,24,17,15878,16149.686,271.685546875
9,30,13,16731,16912.965,181.96484375
1,5,23,16046,16422.334,376.333984375
10,7,12,14352,14205.238,146.76171875
9,22,12,17522,17947.729,425.728515625
8,28,4,13026,12458.612,567.3876953125
4,18,13,11896,12566.045,670.044921875
2,27,12,15531,14593.318,937.681640625
12,29,23,15383,15455.117,72.1171875
1,4,7,15370,15960.443,590.443359375
3,22,22,16634,16305.719,328.28125
11,12,9,15786,15309.9,476.099609375
12,13,4,15124,15057.742,66.2578125
12,10,18,18658,18786.045,128.044921875
10,7,14,15829,16811.332,982.33203125
8,11,5,13335,13657.701,322.701171875
6,9,15,16407,16126.846,280.154296875
6,9,18,17941,18603.627,662.626953125
3,1,22,16593,16364.863,228.13671875
5,17,19,15150,15652.742,502.7421875
12,22,10,17935,17566.916,368.083984375
11,23,10,16465,16237.367,227.6328125
8,24,12,15813,15492.623,320.376953125
10,24,15,14135,14143.77,8.76953125
10,25,22,14242,14497.463,255.462890625
11,24,12,17617,17074.527,542.47265625
6,1,13,13744,13449.192,294.8076171875
3,16,9,16487,16126.291,360.708984375
12,19,10,18405,17450.123,954.876953125
5,1,17,14553,13689.847,863.1533203125
10,11,8,12378,12518.104,140.103515625
2,8,18,19237,18888.852,348.1484375
10,1,20,15596,16018.275,422.275390625
7,29,8,16116,16099.158,16.841796875
10,29,7,15045,13777.135,1267.865234375
7,5,13,21473,22087.615,614.615234375
2,24,19,16901,17489.518,588.517578125
7,10,9,15665,15592.961,72.0390625
5,18,1,12015,12234.228,219.2275390625
3,21,11,17258,17429.127,171.126953125
4,2,0,14476,13774.675,701.3251953125
9,13,15,15502,16071.914,569.9140625
2,15,7,15367,15358.616,8.3837890625
10,7,23,13777,14258.659,481.6591796875
6,28,23,14742,14611.232,130.767578125
5,25,21,17997,18595.9,598.900390625
8,26,3,11783,11721.436,61.564453125
4,9,1,13622,13289.3125,332.6875
8,2,11,15297,15623.133,326.1328125
9,13,19,18938,19262.502,324.501953125
5,10,21,16134,15823.013,310.9873046875
1,28,15,19597,18963.275,633.724609375
3,7,4,13648,13110.67,537.330078125
10,25,5,11588,11954.6875,366.6875
12,10,14,18111,17821.252,289.748046875
3,6,23,17955,16694.102,1260.8984375
10,27,5,12787,13090.003,303.0029296875
2,8,12,17276,17463.803,187.802734375
12,11,0,13881,13271.451,609.548828125
7,6,12,19730,19642.527,87.47265625
1,5,21,17962,18474.398,512.3984375
2,6,6,14614,14569.981,44.0185546875
9,9,23,13791,13961.223,170.22265625
8,13,12,14661,15235.011,574.0107421875
8,11,11,14323,14650.384,327.3837890625
6,13,15,18790,18879.887,89.88671875
3,18,9,14791,14175.42,615.580078125
3,11,12,16136,16942.098,806.09765625
11,20,4,13205,13035.338,169.662109375
7,14,0,14268,14209.278,58.7216796875
9,26,7,15050,14480.646,569.353515625
1,31,16,18340,18285.176,54.82421875
11,17,11,15152,15776.736,624.736328125
9,4,1,11028,11641.283,613.283203125
9,24,7,14090,14148.96,58.9599609375
9,1,8,17024,15484.113,1539.88671875
6,7,15,12838,13195.393,357.392578125
5,3,3,11789,11886.162,97.162109375
9,13,1,11554,11536.937,17.0634765625
8,11,11,17707,18403.12,696.119140625
11,30,16,17785,17613.111,171.888671875
8,16,4,14225,13938.963,286.037109375
3,4,18,17809,18360.633,551.6328125
2,27,23,15070,15093.452,23.4521484375
6,28,9,16067,16094.012,27.01171875
6,9,22,17173,17935.783,762.783203125
4,17,23,13520,13793.754,273.75390625
5,21,2,10735,11579.727,844.7265625
3,19,20,17916,18871.578,955.578125
3,27,17,16985,16880.295,104.705078125
12,28,19,17879,18688.418,809.41796875
8,29,16,20510,21052.318,542.318359375
8,5,22,16859,16889.396,30.396484375
11,30,17,18380,17120.006,1259.994140625
6,12,22,17213,15764.165,1448.8349609375
1,31,6,15188,15822.758,634.7578125
11,21,6,13309,14419.733,1110.7333984375
4,7,13,16179,15290.588,888.412109375
10,14,19,15729,16228.909,499.9091796875
10,20,2,12338,12649.654,311.654296875
3,4,22,17119,17119.738,0.73828125
12,17,0,14266,14174.391,91.609375
2,1,1,15275,15112.078,162.921875
4,6,1,13396,13054.89,341.1103515625
3,21,18,16816,17483.441,667.44140625
9,7,21,21880,21331.62,548.380859375
8,11,21,17049,17450.346,401.345703125
1,28,18,17483,17421.207,61.79296875
3,7,11,14838,14744.694,93.3056640625
6,27,11,16410,16476.873,66.873046875
4,2,2,13035,13218.171,183.1708984375
9,23,8,13294,13364.465,70.46484375
4,17,18,16635,17135.264,500.263671875
10,7,15,15336,15373.099,37.0986328125
9,18,1,12300,12485.004,185.00390625
4,13,23,14177,14537.842,360.841796875
4,26,0,12588,12262.679,325.3212890625
10,31,2,13471,14025.683,554.6826171875
12,11,18,16816,16758.357,57.642578125
12,5,4,12516,12815.649,299.6494140625
11,10,11,16042,16731.773,689.7734375
5,1,12,15279,14783.234,495.765625
10,28,2,11609,11764.925,155.9248046875
7,25,23,17170,17068.072,101.927734375
10,27,5,11105,10969.615,135.384765625
4,6,18,14688,14094.977,593.0234375
3,5,10,16613,16644.72,31.720703125
11,22,11,14308,14361.717,53.716796875
4,18,21,15305,15507.419,202.4189453125
11,6,3,11387,11540.961,153.9609375
3,14,21,17877,17576.234,300.765625
5,25,0,11982,12702.193,720.193359375
8,7,5,13194,13575.815,381.8154296875
11,21,14,19233,17612.686,1620.314453125
9,9,22,14871,14393.322,477.677734375
9,30,20,15521,16579.588,1058.587890625
10,12,21,13665,13239.165,425.8349609375
3,30,10,17718,17142.607,575.392578125
1,31,19,19359,19106.041,252.958984375
6,4,2,12018,11319.018,698.982421875
2,5,12,16509,17034.117,525.1171875
12,26,19,16005,15784.92,220.080078125
6,15,17,14732,14471.605,260.39453125
12,31,3,12641,12904.678,263.677734375
11,17,1,13787,13871.211,84.2109375
9,18,0,14396,14728.606,332.6064453125
12,11,23,17284,17362.219,78.21875
12,8,12,18030,17668.385,361.615234375
11,21,17,18678,18986.22,308.220703125
11,19,6,12302,12248.32,53.6796875
6,10,5,12036,12414.805,378.8046875
6,21,17,21204,20813.719,390.28125
1,14,18,19244,18570.932,673.068359375
3,21,19,17438,17468.557,30.556640625
10,17,9,15531,15087.745,443.2548828125
9,9,9,14599,15173.975,574.974609375
8,22,12,16368,16538.861,170.861328125
1,11,7,18566,18607.014,41.013671875
5,7,21,14291,14344.585,53.5849609375
1,9,5,14022,13455.189,566.810546875
6,13,16,16898,16336.508,561.4921875
11,13,17,17955,18290.72,335.720703125
10,18,17,15224,14771.495,452.5048828125
10,30,4,11495,11800.561,305.560546875
12,19,23,16231,15805.432,425.568359375
5,1,16,12669,12864.217,195.216796875
3,19,16,16067,15150.066,916.93359375
5,7,5,11040,11188.795,148.794921875
9,4,7,13841,14051.287,210.287109375
3,18,19,17179,16545.41,633.58984375
6,14,3,11973,11894.218,78.7822265625
9,6,1,11952,12485.643,533.642578125
7,21,7,14487,14366.02,120.98046875
1,26,7,18615,18187.771,427.228515625
10,1,21,14612,15756.232,1144.232421875
4,9,9,13500,14006.736,506.736328125
2,1,2,15761,16045.796,284.7958984375
5,20,19,13878,15492.232,1614.232421875
2,7,23,16626,16002.375,623.625
7,13,6,15941,16529.443,588.443359375
11,27,15,18064,17307.87,756.130859375
10,28,11,16443,16128.427,314.5732421875
7,28,17,19391,19571.42,180.419921875
8,21,10,19311,18545.432,765.568359375
10,1,9,15590,15299.78,290.2197265625
7,1,15,16144,16589.78,445.779296875
8,9,4,14798,14754.901,43.0986328125
11,6,15,13581,13976.498,395.498046875
4,6,1,13811,13881.482,70.482421875
4,21,22,14508,14992.902,484.90234375
3,12,9,17057,17200.455,143.455078125
11,28,5,14804,14474.701,329.298828125
5,19,9,12610,12961.52,351.51953125
1,11,23,15427,15441.191,14.19140625
12,30,11,17876,17200.344,675.65625
11,26,0,14080,13008.782,1071.2177734375
10,17,6,13635,12870.76,764.240234375
3,12,4,12934,13108.182,174.181640625
3,14,7,13377,12540.436,836.564453125
2,4,17,19559,19117.236,441.763671875
5,26,7,14314,14727.395,413.39453125
7,9,2,13182,12625.93,556.0703125
11,21,6,12599,12861.319,262.3193359375
4,1,20,15186,16663.14,1477.140625
9,2,21,16197,16285.939,88.939453125
10,4,3,11604,11782.576,178.576171875
11,30,2,13472,13062.533,409.466796875
11,23,3,13628,13827.871,199.87109375
3,31,22,16436,15853.476,582.5244140625
3,11,13,15384,15248.312,135.6884765625
12,12,6,12350,12151.631,198.369140625
3,24,22,14515,15270.934,755.93359375
2,25,13,18901,18391.938,509.0625
8,6,15,18109,18069.428,39.572265625
6,16,16,13432,12958.04,473.9599609375
11,5,18,15109,15240.775,131.775390625
12,4,12,16336,16591.713,255.712890625
12,2,15,16105,16741.25,636.25
1,3,1,15236,14883.762,352.23828125
5,9,0,12351,12157.414,193.5859375
1,20,20,18446,19396.615,950.615234375
10,15,9,15994,15434.215,559.78515625
8,8,6,15428,16022.903,594.9033203125
9,14,1,11584,11830.682,246.681640625
1,15,5,13705,14187.797,482.796875
4,22,3,11652,11383.133,268.8671875
2,22,22,16757,16158.238,598.76171875
7,14,6,16135,15791.565,343.4345703125
11,14,16,17324,17352.387,28.38671875
10,23,21,15274,14742.299,531.701171875
5,31,15,11738,12281.114,543.1142578125
7,10,2,12294,12307.882,13.8818359375
2,11,9,17589,16680.46,908.5390625
6,26,10,16404,17068.162,664.162109375
8,20,20,19093,20181.697,1088.697265625
9,30,14,16072,15816.984,255.015625
12,30,5,12964,13150.149,186.1494140625
7,27,20,18641,18819.574,178.57421875
10,31,18,17234,16599.822,634.177734375
7,4,11,16386,17017.871,631.87109375
9,14,2,12120,12189.306,69.3056640625
2,5,7,17678,16152.598,1525.40234375
12,19,22,18524,17567.105,956.89453125
12,13,3,14207,14661.887,454.88671875
1,14,0,16052,15774.773,277.2265625
3,20,3,13021,13332.494,311.494140625
8,17,4,12592,12161.684,430.31640625
12,20,2,13667,14376.689,709.689453125
5,16,5,11010,10616.86,393.1396484375
9,29,11,15032,15386.021,354.021484375
11,30,15,16841,16393.092,447.908203125
12,17,15,17524,17226.98,297.01953125
6,28,6,15484,16292.4375,808.4375
2,10,19,19431,18656.643,774.357421875
3,2,18,17436,17022.938,413.0625
5,15,3,11358,11233.188,124.8115234375
7,31,7,14341,14764.77,423.76953125
6,18,18,17744,17368.166,375.833984375
11,17,16,17558,17798.344,240.34375
8,24,10,16607,17109.285,502.28515625
3,26,7,14638,14138.248,499.751953125
6,12,9,15721,15947.153,226.1533203125
9,25,14,12874,12877.055,3.0546875
2,22,2,13947,13616.362,330.6376953125
7,30,6,14014,13857.557,156.443359375
6,24,15,17160,17062.877,97.123046875
7,9,13,16450,16119.531,330.46875
1,26,9,18039,18358.232,319.232421875
7,18,7,14273,13944.32,328.6796875
6,22,13,13893,14332.246,439.24609375
8,8,4,14189,14272.455,83.455078125
4,17,6,12715,13270.07,555.0703125
12,2,14,16494,16459.318,34.681640625
2,28,7,16971,16438.592,532.408203125
12,28,5,12404,12705.154,301.154296875
12,24,7,13612,13719.416,107.416015625
8,12,3,13053,12690.035,362.96484375
3,30,4,13545,12663.816,881.18359375
1,15,5,15441,16108.883,667.8828125
4,12,20,15572,15848.095,276.0947265625
10,23,21,17101,16430.148,670.8515625
3,12,23,14376,14470.328,94.328125
4,27,8,14774,15283.299,509.298828125
7,26,17,19765,20050.084,285.083984375
11,20,1,13874,13569.939,304.060546875
1,7,12,19385,19203.787,181.212890625
2,25,14,14777,14728.6875,48.3125
4,2,4,13325,13149.31,175.6904296875
5,2,18,15965,16549.367,584.3671875
5,2,3,11354,11583.1875,229.1875
10,13,6,13376,12949.882,426.1181640625
1,8,18,19597,19023.516,573.484375
9,19,1,11466,11678.771,212.771484375
12,23,10,16736,17178.75,442.75
10,5,12,14363,15124.753,761.7529296875
10,1,7,12889,12839.334,49.666015625
11,22,13,17715,16859.725,855.275390625
12,21,12,17243,16974.764,268.236328125
2,7,9,18235,17184.639,1050.361328125
9,22,6,11664,11839.121,175.12109375
7,7,22,21130,21069.838,60.162109375
7,11,18,18016,18829.318,813.318359375
1,21,11,17829,16408.51,1420.490234375
5,28,2,12638,12190.992,447.0078125
6,4,3,11608,11817.499,209.4990234375
10,14,3,11973,11710.234,262.765625
4,29,19,16813,17264.664,451.6640625
5,27,14,13434,13749.148,315.1484375
7,15,10,17852,18164.45,312.44921875
11,7,9,16022,15825.96,196.0400390625
9,9,5,12701,12230.989,470.0107421875
1,10,5,15617,14813.114,803.8857421875
2,12,13,14419,14498.645,79.64453125
8,16,14,19821,19328.602,492.3984375
8,11,15,21513,22325.635,812.634765625
10,1,16,13793,13680.27,112.73046875
4,6,4,12672,12361.104,310.896484375
7,24,13,19607,19815.057,208.056640625
12,19,9,15684,15528.48,155.51953125
12,17,12,17455,17218.738,236.26171875
8,28,4,13093,13164.852,71.8515625
11,23,1,15641,15114.143,526.857421875
6,4,6,13214,13057.121,156.87890625
7,28,4,13073,12483.332,589.66796875
8,4,8,15148,15304.733,156.7333984375
2,25,6,13890,14232.849,342.8486328125
3,16,17,16443,16509.422,66.421875
8,24,13,16887,17158.994,271.994140625
4,16,12,16610,16160.815,449.1845703125
10,30,20,15844,15777.145,66.85546875
3,7,17,14814,14842.612,28.6123046875
1,25,7,14111,13936.615,174.384765625
6,21,20,16754,17652.842,898.841796875
12,17,23,16871,17077.16,206.16015625
10,18,4,11517,11486.37,30.6298828125
5,31,23,12007,12627.952,620.9521484375
8,8,15,17871,18053.986,182.986328125
9,26,20,21050,20570.438,479.5625
6,13,9,16979,16659.352,319.6484375
4,16,19,16545,16551.48,6.48046875
7,12,6,12330,12649.713,319.712890625
8,17,20,18695,18914.158,219.158203125
2,13,14,17943,17908.47,34.529296875
12,20,0,16931,15448.414,1482.5859375
9,16,1,12358,11967.846,390.154296875
10,31,9,14922,14565.832,356.16796875
12,30,21,16862,16592.506,269.494140625
2,11,15,16185,16378.789,193.7890625
1,29,15,17909,17927.549,18.548828125
5,5,9,15707,14680.697,1026.302734375
7,15,12,16886,17145.941,259.94140625
10,5,9,15724,15795.379,71.37890625
8,4,14,21637,22505.03,868.029296875
5,28,7,13411,13246.56,164.4404296875
10,18,2,11440,11766.461,326.4609375
1,3,5,15656,15463.88,192.1201171875
7,16,10,18305,19447.229,1142.228515625
2,3,7,16121,15734.908,386.091796875
6,29,18,21015,21908.648,893.6484375
1,10,6,14350,14424.538,74.5380859375
8,24,9,16079,16235.0625,156.0625
7,8,23,14640,14440.414,199.5859375
5,14,22,14750,14810.021,60.021484375
6,21,15,15252,16587.268,1335.267578125
10,8,22,15146,14564.317,581.6826171875
1,15,11,15406,15516.363,110.36328125
4,2,22,14623,14762.0205,139.0205078125
10,4,0,12393,12226.275,166.724609375
11,28,3,12343,12445.617,102.6171875
4,18,1,11753,11840.359,87.359375
1,18,5,15054,15532.914,478.9140625
9,9,14,18239,18572.764,333.763671875
2,20,18,20261,20474.643,213.642578125
7,18,21,19226,19640.314,414.314453125
3,5,4,14123,13425.07,697.9296875
12,6,12,17909,18091.756,182.755859375
8,28,6,13537,13280.168,256.83203125
6,21,7,15457,14568.961,888.0390625
11,17,6,13091,13475.484,384.484375
3,18,15,15858,14712.916,1145.083984375
12,4,2,12832,13149.576,317.576171875
6,5,9,13831,13507.844,323.15625
3,12,0,14275,13619.002,655.998046875
3,4,9,16330,16091.328,238.671875
3,28,1,13102,13536.571,434.5712890625
12,7,22,17837,17825.443,11.556640625
4,25,19,16309,16006.021,302.978515625
7,2,9,12817,13170.5205,353.5205078125
2,7,10,14735,14408.584,326.416015625
3,1,12,15882,15717.525,164.474609375
9,14,19,18662,19395.436,733.435546875
7,18,1,13559,14545.402,986.40234375
2,23,23,14488,14755.228,267.2275390625
4,11,2,11348,11930.087,582.0869140625
10,14,4,12069,11761.179,307.8212890625
9,17,19,17003,17619.611,616.611328125
11,18,15,15608,15089.467,518.533203125
10,11,0,12263,12836.957,573.95703125
10,2,1,12759,13202.74,443.740234375
3,17,8,16204,16106.293,97.70703125
12,5,3,14641,14736.742,95.7421875
1,4,23,18358,19031.18,673.1796875
11,7,21,16950,17457.143,507.142578125
11,20,23,15440,14906.377,533.623046875
12,5,3,13608,13244.551,363.44921875
5,24,15,12819,13705.285,886.28515625
2,20,23,15222,15298.115,76.115234375
10,6,7,15074,14517.869,556.130859375
10,29,22,14308,14446.253,138.2529296875
5,3,19,12765,13771.611,1006.611328125
5,3,3,10869,11133.99,264.990234375
10,8,16,14430,14256.487,173.5126953125
11,5,10,14651,14370.697,280.302734375
5,2,23,13425,13905.153,480.1533203125
3,9,4,12416,12908.166,492.166015625
10,30,13,13092,12863.727,228.2734375
3,15,13,17276,17326.791,50.791015625
11,25,8,13584,13031.832,552.16796875
10,24,16,14469,14675.072,206.072265625
2,13,0,16222,16085.346,136.654296875
12,28,8,14061,14277.018,216.017578125
4,7,17,16148,15918.786,229.2138671875
2,17,11,19608,19459.686,148.314453125
5,8,5,11999,12750.014,751.013671875
12,14,5,13784,14133.988,349.98828125
8,7,18,19016,18841.096,174.904296875
2,8,23,16407,16429.521,22.521484375
1,10,21,16996,17114.852,118.8515625
10,13,16,15322,15904.463,582.462890625
3,6,6,17395,17091.22,303.779296875
7,27,12,17668,17623.303,44.697265625
8,25,11,13707,13910.27,203.26953125
7,14,8,15844,15816.497,27.5029296875
3,7,15,16683,17287.248,604.248046875
6,15,12,13729,13481.109,247.890625
1,7,2,15098,14663.623,434.376953125
6,27,6,13894,13796.17,97.830078125
9,4,20,15824,16201.676,377.67578125
11,5,22,13672,13824.656,152.65625
12,1,11,17413,17329.576,83.423828125
4,8,4,12338,12069.614,268.3857421875
5,7,23,12680,13046.857,366.857421875
5,9,8,15351,15013.865,337.134765625
1,31,12,19202,19300.049,98.048828125
5,4,7,14557,13924.211,632.7890625
6,22,7,15771,15908.385,137.384765625
12,30,4,15038,14647.48,390.51953125
6,16,6,14541,14506.385,34.615234375
9,12,18,16328,16725.068,397.068359375
7,5,20,21038,21138.533,100.533203125
2,25,2,14156,14076.186,79.814453125
12,11,1,14762,14277.285,484.71484375
6,1,8,14142,14211.533,69.533203125
2,2,20,18416,18484.45,68.44921875
10,10,20,16510,16763.932,253.931640625
10,31,19,16337,17372.209,1035.208984375
5,5,23,13685,14422.041,737.041015625
1,23,20,18357,18049.217,307.783203125
11,6,21,16399,16778.867,379.8671875
4,10,17,14515,14650.621,135.62109375
10,28,12,15445,16352.432,907.431640625
7,31,21,19092,19373.92,281.919921875
1,1,23,15410,15969.805,559.8046875
8,1,9,16439,16578.031,139.03125
10,28,15,15077,15908.421,831.4208984375
5,26,0,13537,14130.896,593.896484375
10,7,15,14765,15415.716,650.7158203125
12,12,5,14480,14019.055,460.9453125
3,20,6,13192,12638.814,553.185546875
12,28,20,16085,16591.26,506.259765625
11,29,2,12762,12722.147,39.8525390625
10,31,0,12306,12037.625,268.375
12,15,11,17640,17689.643,49.642578125
2,8,1,15410,14856.703,553.296875
5,11,20,15478,15324.803,153.197265625
4,14,19,16425,16423.97,1.029296875
6,26,11,15364,15487.242,123.2421875
7,13,15,22044,22883.6,839.599609375
5,13,8,13457,14935.883,1478.8828125
7,21,5,15053,15263.769,210.7685546875
8,22,9,15207,15302.268,95.267578125
3,1,22,17307,17188.855,118.14453125
3,14,23,14480,14768.748,288.748046875
4,30,10,13922,14678.736,756.736328125
11,10,15,15625,15656.549,31.548828125
8,18,14,17399,17137.707,261.29296875
4,1,9,16525,16824.799,299.798828125
10,13,9,15365,15015.762,349.23828125
5,10,18,14296,15088.654,792.654296875
4,3,0,13608,13269.097,338.9033203125
2,28,8,15894,15830.928,63.072265625
11,5,7,14014,14331.527,317.52734375
1,17,22,17053,17300.002,247.001953125
11,8,6,12739,13057.186,318.185546875
5,28,20,14655,14554.805,100.1953125
3,5,18,16263,16222.625,40.375
6,6,14,14985,14772.621,212.37890625
12,3,17,17486,17328.22,157.779296875
8,24,6,11942,11503.91,438.08984375
1,7,23,17172,16981.623,190.376953125
3,23,16,16680,16635.287,44.712890625
12,30,10,15355,15528.031,173.03125
2,11,9,18961,18367.504,593.49609375
9,10,17,17143,17813.082,670.08203125
12,4,23,17104,17164.77,60.76953125
12,2,1,14784,14061.469,722.53125
10,19,21,15229,15553.193,324.193359375
2,25,21,17266,16821.547,444.453125
10,27,6,13621,13541.728,79.2724609375
3,17,2,12867,12446.566,420.43359375
9,18,5,13191,13605.055,414.0546875
7,8,2,14889,14778.603,110.3974609375
10,27,19,16249,17084.197,835.197265625
12,4,2,12780,12941.937,161.9365234375
11,6,17,16779,16791.115,12.115234375
8,12,7,13033,13073.221,40.220703125
12,5,5,14635,14355.0625,279.9375
11,13,0,15304,14289.143,1014.857421875
6,27,14,17146,17718.111,572.111328125
2,1,4,13816,13608.555,207.4453125
2,26,3,16550,16069.089,480.9111328125
2,21,12,16001,15580.547,420.453125
6,25,19,17965,19520.605,1555.60546875
7,22,7,16032,15358.96,673.0400390625
11,6,15,15333,15299.805,33.1953125
7,22,8,19221,19046.932,174.068359375
5,9,12,14469,14752.314,283.314453125
9,24,15,16828,17232.584,404.583984375
12,28,2,14105,13787.52,317.48046875
5,17,6,13451,13578.488,127.48828125
1,30,15,17766,18330.443,564.443359375
9,7,3,12506,12770.527,264.52734375
12,17,12,18215,17883.322,331.677734375
11,1,13,15388,15540.984,152.984375
2,16,0,16278,15471.911,806.0888671875
1,21,10,17193,17204.768,11.767578125
11,21,15,15345,15095.318,249.681640625
12,6,15,17999,18510.541,511.541015625
6,6,19,20353,19741.87,611.130859375
7,23,17,19888,19255.826,632.173828125
4,22,8,15806,16135.953,329.953125
8,23,15,16439,16856.496,417.49609375
8,10,22,17335,16414.87,920.130859375
3,27,6,15950,14586.386,1363.6142578125
8,11,15,17898,18839.67,941.669921875
2,6,1,14922,15328.086,406.0859375
9,18,6,12470,13376.9,906.900390625
12,8,15,16845,17224.553,379.552734375
10,4,15,14475,15509.98,1034.98046875
10,30,12,15491,15664.93,173.9296875
4,8,23,14933,15175.227,242.2265625
3,6,15,16279,16487.76,208.759765625
10,29,19,17392,17652.975,260.974609375
8,29,4,13569,14449.577,880.5771484375
12,13,3,14886,14422.055,463.9453125
5,26,13,15155,15217.231,62.2314453125
4,28,3,12357,12292.618,64.3818359375
9,10,20,15903,16514.844,611.84375
2,9,6,15960,15767.931,192.0693359375
9,6,17,16036,16484.506,448.505859375
5,7,10,13212,12440.469,771.53125
8,17,0,15886,15350.293,535.70703125
3,1,4,13039,12994.99,44.009765625
12,8,13,15655,15691.602,36.6015625
6,3,21,15366,15397.425,31.4248046875
2,2,8,15406,15086.898,319.1015625
10,17,17,16259,15595.26,663.740234375
12,30,23,14888,14996.072,108.072265625
10,27,15,15090,15189.958,99.9580078125
7,24,6,15266,16053.518,787.517578125
12,20,2,15834,15197.355,636.64453125
3,13,21,17125,16757.967,367.033203125
10,23,6,12600,13030.418,430.41796875
11,21,13,14792,15290.506,498.505859375
12,13,8,17467,17657.17,190.169921875
1,31,16,16935,16732.518,202.482421875
4,25,11,14279,14960.369,681.369140625
6,18,18,13850,13927.434,77.43359375
6,26,22,18849,19380.902,531.90234375
8,3,17,21549,21903.877,354.876953125
6,3,8,14818,14133.174,684.826171875
1,27,16,17470,16887.014,582.986328125
8,10,5,11850,11443.25,406.75
1,11,20,20386,20434.074,48.07421875
12,30,10,16157,17015.74,858.740234375
10,29,21,16237,16488.773,251.7734375
7,3,1,11711,12349.713,638.712890625
5,2,14,12264,12401.066,137.06640625
12,17,10,20467,19048.69,1418.310546875
12,31,19,16381,17104.834,723.833984375
6,28,16,18942,18364.979,577.021484375
10,11,6,13682,13631.285,50.71484375
7,6,22,19552,20125.564,573.564453125
12,25,13,17482,16424.74,1057.259765625
9,10,23,14382,14250.655,131.3447265625
5,2,18,15609,16654.047,1045.046875
4,21,5,12564,12329.5,234.5
6,14,5,13553,13455.545,97.455078125
9,16,14,18209,19361.834,1152.833984375
10,14,3,11760,11372.515,387.4853515625
10,7,16,14865,15266.854,401.853515625
2,2,16,17335,17147.332,187.66796875
3,7,19,18140,18147.865,7.865234375
12,23,10,18139,18332.928,193.927734375
12,13,18,18663,17917.404,745.595703125
10,18,8,15638,15520.786,117.2138671875
5,25,6,12946,12539.191,406.80859375
4,16,8,11406,11660.67,254.669921875
4,15,22,14237,14228.592,8.408203125
10,10,15,12534,13774.994,1240.994140625
8,11,4,12925,13265.096,340.095703125
11,23,10,16725,16547.688,177.3125
5,31,22,12809,13445.792,636.7919921875
1,13,9,16248,15697.229,550.771484375
3,13,19,18143,17985.334,157.666015625
8,15,8,16019,16113.59,94.58984375
11,27,5,14336,14028.721,307.279296875
5,10,20,14317,14184.209,132.791015625
10,15,10,16117,15692.852,424.1484375
1,13,4,14438,14209.749,228.2509765625
11,18,4,13240,12706.878,533.1220703125
11,3,5,13332,13965.09,633.08984375
11,1,16,14128,14142.704,14.7041015625
11,21,10,17923,17074.293,848.70703125
12,12,2,14675,14780.727,105.7265625
1,29,7,16407,16364.021,42.978515625
8,17,3,14425,13843.803,581.197265625
3,5,20,20827,20571.44,255.560546875
3,3,21,18545,18629.207,84.20703125
8,16,5,14612,15104.081,492.0810546875
10,5,20,16273,16533.025,260.025390625
10,9,4,11098,11480.61,382.6103515625
1,8,17,18172,18494.559,322.55859375
8,2,5,13120,13021.897,98.1025390625
6,2,5,12445,12162.344,282.65625
4,20,23,13771,13412.967,358.033203125
5,31,14,14533,14846.133,313.1328125
4,21,2,12867,13618.707,751.70703125
3,18,5,13629,13099.811,529.189453125
12,16,22,17549,17624.613,75.61328125
3,30,13,14951,14087.343,863.6572265625
4,28,18,14158,14451.829,293.8291015625
8,28,11,19970,19144.049,825.951171875
2,11,3,15552,15402.284,149.7158203125
4,1,11,15542,16233.156,691.15625
10,7,10,15546,15925.144,379.1435546875
6,2,8,14912,14577.054,334.9462890625
12,1,9,15820,16608.748,788.748046875
1,30,6,16035,15887.181,147.8193359375
7,9,5,10839,10964.814,125.814453125
12,17,7,15133,14996.092,136.908203125
9,25,20,14235,14169.717,65.283203125
10,20,17,15926,15953.498,27.498046875
10,14,16,14692,15233.631,541.630859375
6,14,9,15435,15987.461,552.4609375
8,9,13,17070,17172.725,102.724609375
10,16,5,11627,12095.83,468.830078125
7,1,23,15970,15434.539,535.4609375
10,30,8,15869,15301.627,567.373046875
5,30,23,15236,15355.961,119.9609375
7,6,14,19531,19681.88,150.880859375
10,6,18,16427,16172.522,254.4775390625
4,24,4,11745,12237.781,492.78125
11,22,11,17677,16821.168,855.83203125
12,3,11,16468,16528.568,60.568359375
3,19,17,16113,15711.333,401.6669921875
5,28,0,12208,12212.674,4.673828125
6,30,5,11692,12033.888,341.8876953125
7,31,14,18860,18790.914,69.0859375
8,28,11,15528,16886.469,1358.46875
4,1,13,15589,15328.863,260.13671875
1,14,4,15385,15378.918,6.08203125
5,7,19,15992,15568.152,423.84765625
8,26,0,12443,12304.996,138.00390625
2,7,11,19499,19349.87,149.130859375
5,14,14,12173,12116.598,56.40234375
12,16,20,17290,17529.701,239.701171875
1,31,22,17084,17302.053,218.052734375
5,18,14,12556,12177.1875,378.8125
10,19,14,15352,15143.346,208.654296875
9,24,12,16967,16958.482,8.517578125
9,21,21,16782,17407.12,625.119140625
11,10,17,17419,17385.596,33.404296875
5,13,18,13542,14765.004,1223.00390625
11,10,19,17526,16583.826,942.173828125
11,14,6,14161,14499.631,338.630859375
12,3,8,15075,14601.25,473.75
1,17,22,18527,18018.084,508.916015625
12,5,1,15230,14526.775,703.224609375
8,16,8,13829,14023.111,194.111328125
3,23,1,14986,15227.281,241.28125
8,4,19,20561,20925.775,364.775390625
1,8,8,16686,16963.883,277.8828125
8,1,18,19093,20387.148,1294.1484375
11,14,12,16166,15848.734,317.265625
11,17,0,13996,13187.683,808.3173828125
7,12,21,19028,18561.04,466.9609375
10,31,19,14372,14999.25,627.25
7,4,14,14440,14973.316,533.31640625
10,4,23,13576,14189.586,613.5859375
10,13,1,12111,12211.341,100.3408203125
10,12,12,14566,14959.027,393.02734375
3,25,14,14700,15172.57,472.5703125
9,27,15,14793,14977.079,184.0791015625
8,29,19,16584,17305.803,721.802734375
9,26,3,13831,14210.481,379.4814453125
4,4,22,15222,15896.339,674.3388671875
9,25,2,11236,11457.496,221.49609375
3,17,21,16122,16239.424,117.423828125
3,8,8,16382,16341.191,40.80859375
7,13,10,15842,16101.349,259.3486328125
9,23,18,17396,18230.572,834.572265625
8,19,12,19575,19705.48,130.48046875
1,21,23,14569,14561.095,7.9052734375
9,10,4,11563,11390.21,172.7900390625
10,3,8,15505,15234.18,270.8203125
11,14,12,15214,14961.17,252.830078125
11,29,5,11802,11852.768,50.767578125
4,30,18,15329,14873.547,455.453125
6,23,14,17116,17776.25,660.25
3,16,5,15153,14204.118,948.8818359375
8,28,9,15317,15650.121,333.12109375
12,9,21,17516,17486.717,29.283203125
10,26,4,12884,13052.854,168.853515625
12,8,19,18629,19351.424,722.423828125
6,5,19,17577,17330.43,246.5703125
3,3,21,17462,17153.568,308.431640625
6,22,21,20555,19831.31,723.689453125
7,21,11,17111,17908.896,797.896484375
3,29,15,14848,15832.22,984.2197265625
11,3,10,13551,13540.367,10.6328125
4,15,14,14923,15293.413,370.4130859375
2,27,14,18184,17953.158,230.841796875
4,25,6,11362,11529.607,167.607421875
5,5,6,13644,12867.092,776.908203125
6,26,8,14143,14656.055,513.0546875
3,26,5,12378,12409.32,31.3203125
7,28,18,19371,19403.0,32.0
8,23,17,16855,17800.643,945.642578125
8,10,17,23039,23346.875,307.875
10,27,10,14831,14387.062,443.9384765625
12,14,14,17222,16461.002,760.998046875
11,28,15,17101,16864.107,236.892578125
12,25,6,12614,12597.0625,16.9375
2,14,4,16360,15549.037,810.962890625
8,27,2,12276,13158.052,882.0517578125
10,11,14,15375,15478.42,103.419921875
8,17,14,14368,14773.551,405.55078125
12,8,6,14731,15047.076,316.076171875
6,29,21,19546,20189.865,643.865234375
11,23,1,14177,14756.742,579.7421875
2,14,14,18418,17908.943,509.056640625
1,30,10,18661,19035.354,374.353515625
9,28,17,15467,15995.006,528.005859375
1,7,4,14862,14010.519,851.4814453125
11,3,11,14916,15330.426,414.42578125
2,7,3,14669,14212.179,456.8212890625
1,16,8,19611,19019.998,591.001953125
9,13,4,12271,12817.652,546.65234375
10,13,2,12137,12969.7,832.7001953125
2,1,14,16755,16646.494,108.505859375
7,22,8,14333,14030.124,302.8759765625
1,14,20,20682,20942.799,260.798828125
11,8,2,13047,13210.116,163.1162109375
9,28,22,14717,14091.588,625.412109375
9,11,19,16276,17274.916,998.916015625
8,30,10,15945,16088.866,143.8662109375
5,3,4,11770,11669.52,100.48046875
2,8,5,14688,14013.186,674.814453125
12,17,16,17755,17426.28,328.720703125
1,29,1,15071,14908.108,162.8916015625
2,19,5,14739,14473.26,265.740234375
11,30,0,15730,14557.15,1172.849609375
2,18,17,17560,17117.129,442.87109375
1,27,19,18772,18736.36,35.640625
9,30,21,16892,16311.021,580.978515625
8,25,3,11370,11206.332,163.66796875
4,12,0,11339,11778.529,439.529296875
6,19,7,14793,13911.383,881.6171875
4,9,0,14016,13622.316,393.68359375
8,16,21,18637,18369.088,267.912109375
9,12,10,15413,16207.398,794.3984375
12,12,7,13620,14364.948,744.9482421875
5,22,7,12946,13235.971,289.970703125
1,7,3,15053,14931.478,121.5224609375
4,10,16,14710,15518.602,808.6015625
4,27,0,13191,12623.488,567.51171875
10,5,20,15019,14971.77,47.23046875
10,8,11,13920,13491.654,428.345703125
8,2,23,15865,16566.451,701.451171875
3,28,4,11881,11607.3125,273.6875
9,12,16,14062,14634.047,572.046875
6,18,20,20466,20087.139,378.861328125
1,15,2,15302,15113.912,188.087890625
1,14,16,17750,18328.57,578.5703125
10,10,8,12775,12877.806,102.8056640625
9,10,15,15887,15764.465,122.53515625
3,14,23,15296,15340.055,44.0546875
7,22,14,18728,17893.326,834.673828125
9,5,22,20877,19940.184,936.81640625
2,2,13,17908,17164.006,743.994140625
11,16,2,14360,14281.242,78.7578125
6,18,19,18984,18881.584,102.416015625
3,2,11,17587,17151.58,435.419921875
12,6,4,14554,14373.961,180.0390625
5,9,16,15868,16401.354,533.353515625
3,12,19,17067,17388.346,321.345703125
1,23,18,18859,18828.654,30.345703125
3,30,18,16496,16560.537,64.537109375
6,2,8,15910,16192.029,282.029296875
7,8,2,16070,17027.574,957.57421875
1,16,17,18386,18569.615,183.615234375
12,2,4,12973,12594.949,378.05078125
12,12,13,14090,14274.911,184.9111328125
7,23,17,18009,18049.596,40.595703125
9,29,11,14967,15260.299,293.298828125
6,30,21,16174,16376.859,202.859375
7,6,23,14282,14293.118,11.1181640625
5,17,12,13875,13815.301,59.69921875
5,30,23,13670,13717.631,47.630859375
1,5,0,16736,16159.918,576.08203125
12,2,10,16585,16522.309,62.69140625
4,1,20,17645,17546.123,98.876953125
4,21,14,14620,13937.914,682.0859375
1,24,8,17417,17459.064,42.064453125
3,5,2,13914,13893.617,20.3828125
10,27,23,13993,14527.077,534.0771484375
12,28,21,15992,16460.957,468.95703125
4,4,13,14893,15180.806,287.8056640625
4,23,2,11647,11702.69,55.6904296875
5,6,19,14317,14326.57,9.5703125
7,5,21,21695,22063.496,368.49609375
1,12,22,18203,17881.432,321.568359375
12,24,3,11307,12127.423,820.4228515625
7,31,20,19062,20218.701,1156.701171875
8,31,2,12364,12768.283,404.283203125
6,23,2,11246,11433.854,187.853515625
2,10,21,20000,19363.826,636.173828125
8,25,6,12991,13655.194,664.1943359375
1,7,16,17174,17622.254,448.25390625
2,13,8,18104,17255.56,848.439453125
6,20,9,16087,15952.991,134.0087890625
10,20,4,12154,11848.84,305.16015625
4,17,13,14085,14666.806,581.8056640625
7,29,10,18096,17685.0,411.0
9,27,8,12410,12957.68,547.6796875
5,6,8,14416,14403.332,12.66796875
5,13,23,13899,13942.339,43.3388671875
3,11,16,14981,14771.662,209.337890625
8,1,6,14391,13786.086,604.9140625
10,26,13,14552,15434.486,882.486328125
4,30,7,13724,13435.217,288.783203125
4,9,13,11963,12060.898,97.8984375
12,7,15,16830,16979.76,149.759765625
5,11,10,14250,14253.868,3.8681640625
12,2,18,18353,18112.604,240.396484375
4,21,0,12358,12172.647,185.3525390625
8,23,1,13293,13265.635,27.365234375
1,1,5,12116,12607.75,491.75
3,13,6,12004,11122.172,881.828125
4,7,3,12225,12292.493,67.4931640625
12,23,16,17117,18531.607,1414.607421875
1,18,22,17856,19157.63,1301.630859375
11,2,23,14055,14603.3955,548.3955078125
1,13,12,18249,18243.213,5.787109375
8,8,1,15138,15042.098,95.90234375
5,2,15,12806,13288.598,482.59765625
11,11,9,14449,15507.994,1058.994140625
3,14,21,18520,18305.342,214.658203125
12,29,1,13252,13173.607,78.392578125
2,19,19,19279,19073.68,205.3203125
3,24,9,15175,15522.936,347.935546875
9,8,2,14264,13237.221,1026.779296875
12,8,14,16469,17067.576,598.576171875
12,19,12,18389,17758.197,630.802734375
2,2,0,15518,15373.725,144.275390625
9,20,16,14675,15417.6,742.599609375
11,7,13,14671,14677.5205,6.5205078125
3,24,14,14852,15872.535,1020.53515625
1,25,17,17178,16792.926,385.07421875
2,3,12,17300,16921.87,378.130859375
5,7,20,16427,16590.234,163.234375
10,30,20,16690,17001.62,311.619140625
8,7,6,15144,15757.231,613.2314453125
1,21,23,17225,17288.814,63.814453125
12,25,18,15795,15956.355,161.35546875
1,2,3,13177,13719.869,542.869140625
2,18,5,13349,13288.259,60.7412109375
8,9,17,17430,17855.078,425.078125
2,9,21,17483,17070.979,412.021484375
5,22,19,14299,14800.794,501.7939453125
2,11,16,18045,18020.928,24.072265625
3,29,8,14738,14935.099,197.0986328125
3,4,0,14413,13355.363,1057.63671875
12,17,6,15037,15067.732,30.732421875
3,14,1,14669,14530.021,138.978515625
2,1,8,15803,15908.761,105.7607421875
9,15,15,15145,15217.252,72.251953125
6,2,9,13068,12615.469,452.53125
2,25,20,20706,21204.566,498.56640625
9,27,17,16760,18161.785,1401.78515625
10,31,11,14344,14762.287,418.287109375
8,13,23,15386,14621.271,764.728515625
12,9,11,15361,15234.008,126.9921875
9,20,19,19303,19394.893,91.892578125
12,15,3,13438,13362.248,75.751953125
10,12,18,16087,16292.288,205.2880859375
8,25,11,19443,19059.193,383.806640625
3,29,4,13682,13364.536,317.4638671875
8,28,4,12895,13314.953,419.953125
2,16,8,17912,17554.365,357.634765625
11,26,2,12810,12725.506,84.494140625
2,17,9,17176,16399.863,776.13671875
1,26,14,15907,16710.58,803.580078125
10,11,22,14191,14442.538,251.5380859375
7,20,17,21795,22764.326,969.326171875
6,1,14,14539,15173.857,634.857421875
4,9,0,13231,12637.623,593.376953125
9,18,22,14791,14558.684,232.31640625
12,31,8,14368,14176.701,191.298828125
4,24,20,13863,13970.322,107.322265625
11,8,4,12677,12231.57,445.4296875
3,9,23,15900,15925.239,25.2392578125
4,20,0,12357,12953.145,596.14453125
11,18,18,20100,19924.217,175.783203125
11,29,17,17015,16454.99,560.009765625
1,28,5,16025,15227.626,797.3740234375
4,5,19,16786,17413.791,627.791015625
9,2,21,17710,18011.838,301.837890625
11,18,13,17479,17324.248,154.751953125
12,19,15,18218,18141.531,76.46875
6,2,20,14972,15311.125,339.125
7,5,23,15540,15512.695,27.3046875
4,19,15,15653,15401.596,251.404296875
4,7,10,12799,13338.402,539.40234375
5,30,2,11769,11466.674,302.326171875
7,27,0,17162,17578.447,416.447265625
12,30,7,14253,14523.193,270.193359375
11,26,16,17100,17537.615,437.615234375
9,18,13,15274,15056.205,217.794921875
3,6,23,15135,14380.824,754.17578125
9,23,17,17456,18207.775,751.775390625
2,4,23,17835,18147.508,312.5078125
6,18,9,20718,20555.033,162.966796875
8,13,8,18415,18739.38,324.380859375
4,14,8,13615,15110.056,1495.0556640625
8,22,17,21228,20537.396,690.603515625
5,25,8,15630,14953.748,676.251953125
8,20,22,15124,14924.831,199.1689453125
8,14,19,17600,18079.67,479.669921875
6,10,11,14923,14519.918,403.08203125
10,23,23,13856,13691.596,164.404296875
6,20,5,12337,12945.299,608.298828125
10,13,8,15457,14890.854,566.146484375
8,18,13,16793,16219.193,573.806640625
8,16,21,18185,18518.775,333.775390625
9,23,21,14738,15107.078,369.078125
12,30,3,13279,13619.586,340.5859375
5,27,11,17511,16919.898,591.1015625
11,28,16,15387,15776.167,389.1669921875
10,1,17,14299,14403.184,104.18359375
7,26,22,19092,18733.475,358.525390625
3,30,13,15579,15664.018,85.017578125
8,8,0,14691,14440.074,250.92578125
7,8,9,14506,13796.664,709.3359375
12,27,4,13036,13015.026,20.9736328125
2,7,22,17363,16764.572,598.427734375
5,12,0,12370,12417.06,47.0595703125
1,17,16,16367,16193.567,173.4326171875
6,8,7,16306,15818.035,487.96484375
4,30,22,13401,13520.879,119.87890625
8,2,12,13365,16147.734,2782.734375
7,25,23,16094,16111.572,17.572265625
6,4,2,11661,11567.014,93.986328125
6,25,8,16063,15605.705,457.294921875
6,30,7,14418,14670.461,252.4609375
7,2,16,14090,15204.731,1114.7314453125
10,10,20,14797,15155.994,358.994140625
2,6,13,15792,14923.757,868.2431640625
11,27,0,15758,14375.18,1382.8203125
7,18,12,16629,16774.717,145.716796875
10,2,6,13426,12401.766,1024.234375
11,11,20,16963,17553.795,590.794921875
7,19,1,13827,13675.779,151.220703125
3,8,16,16347,16656.104,309.103515625
1,3,11,17526,17634.457,108.45703125
9,11,1,13221,13278.992,57.9921875
11,14,19,15938,16644.52,706.51953125
1,8,21,18054,17929.678,124.322265625
3,3,9,20035,20015.945,19.0546875
10,25,15,16161,15407.18,753.8203125
4,20,19,15426,15561.451,135.451171875
10,9,1,11901,12103.029,202.029296875
2,5,22,18609,18289.678,319.322265625
2,15,8,15722,15701.683,20.3173828125
4,5,14,14529,14952.637,423.63671875
3,13,5,14532,14545.679,13.6787109375
10,9,12,14975,15642.076,667.076171875
10,22,21,14886,14387.881,498.119140625
6,19,23,13807,14321.406,514.40625
10,17,6,14352,14027.876,324.1240234375
12,24,10,16455,17459.443,1004.443359375
10,28,23,13444,13481.2,37.2001953125
1,8,10,20158,19511.734,646.265625
11,16,15,17868,17592.867,275.1328125
2,12,15,16579,15975.111,603.888671875
4,26,19,14955,15436.685,481.6845703125
9,6,17,20554,20167.12,386.880859375
8,14,4,13438,14108.93,670.9296875
5,8,9,15179,15246.656,67.65625
4,1,10,13406,14868.557,1462.556640625
12,9,20,18214,18288.658,74.658203125
11,23,12,17391,17117.432,273.568359375
7,6,17,21655,22737.035,1082.03515625
12,5,17,18573,18715.477,142.4765625
11,27,18,19597,18554.012,1042.98828125
2,13,11,19799,19476.48,322.51953125
11,11,16,17851,17281.613,569.38671875
6,1,13,18059,17037.252,1021.748046875
8,21,18,20308,20095.193,212.806640625
2,9,12,15558,15534.412,23.587890625
4,26,5,12874,13514.105,640.10546875
5,31,16,13797,13244.248,552.751953125
1,2,13,17648,17346.625,301.375
9,22,13,16589,15870.004,718.99609375
12,22,9,15479,15571.614,92.6142578125
3,13,1,14323,14835.297,512.296875
7,31,22,16390,16157.227,232.7734375
2,24,15,15139,15134.895,4.10546875
8,16,6,13125,12555.195,569.8046875
2,8,19,19508,19346.299,161.701171875
3,15,0,13629,13242.179,386.8212890625
4,2,12,12470,13109.018,639.017578125
7,29,6,13605,14056.816,451.81640625
1,18,12,17394,17966.883,572.8828125
3,19,23,13853,14390.062,537.0615234375
5,17,5,10787,10575.924,211.076171875
4,20,1,12992,12398.275,593.724609375
12,9,14,18968,18263.217,704.783203125
2,12,12,18677,18853.701,176.701171875
1,14,20,19800,19747.822,52.177734375
4,30,12,12612,12298.822,313.177734375
5,29,5,12019,12679.219,660.21875
7,4,5,11175,11142.723,32.27734375
4,28,16,14641,14841.887,200.88671875
9,2,14,18349,18118.146,230.853515625
6,3,20,16667,17638.072,971.072265625
7,10,21,19332,19088.254,243.74609375
8,8,21,20463,19898.334,564.666015625
1,13,6,15306,15700.547,394.546875
6,19,5,13303,13548.295,245.294921875
1,25,15,15740,16840.354,1100.353515625
5,2,21,16116,15799.826,316.173828125
7,15,0,16020,15447.154,572.845703125
12,1,3,14403,13695.709,707.291015625
5,16,2,11658,11440.578,217.421875
12,27,23,14798,14904.168,106.16796875
8,27,18,17730,18298.42,568.419921875
7,1,16,14562,15391.065,829.0654296875
2,27,22,19093,19051.408,41.591796875
3,13,14,16234,16362.117,128.1171875
7,8,6,11413,11816.453,403.453125
12,3,17,18783,18379.568,403.431640625
12,5,13,17131,16707.336,423.6640625
12,19,6,15214,15086.609,127.390625
8,20,8,18529,19148.033,619.033203125
5,13,11,14770,14523.003,246.9970703125
10,6,15,13504,13638.79,134.7900390625
3,6,15,16693,16543.896,149.103515625
3,26,7,13211,13026.902,184.09765625
12,5,3,15077,14207.86,869.1396484375
5,23,3,10893,11454.596,561.595703125
6,17,13,14430,15562.465,1132.46484375
3,28,1,14939,14816.459,122.541015625
2,21,19,18018,17240.59,777.41015625
9,6,8,12616,13023.91,407.91015625
10,6,0,13032,12622.683,409.3173828125
3,11,15,17999,17624.438,374.5625
9,12,10,17237,17096.393,140.607421875
12,23,23,15182,15733.186,551.185546875
5,7,3,10923,10561.825,361.1748046875
7,7,14,19454,20182.754,728.75390625
2,27,18,16451,17077.0,626.0
12,8,0,15695,14993.592,701.408203125
1,4,22,15788,16212.764,424.763671875
11,23,16,15858,15715.3545,142.6455078125
8,10,12,15689,15117.714,571.2861328125
9,11,7,15838,15594.661,243.3388671875
3,31,14,15597,15491.278,105.7216796875
2,13,18,19829,18677.877,1151.123046875
2,19,5,15485,15268.596,216.404296875
11,10,1,13190,13434.342,244.341796875
1,31,16,17601,17450.096,150.904296875
3,20,10,17794,16958.58,835.419921875
9,8,6,11814,11502.297,311.703125
11,29,9,14563,13879.715,683.28515625
7,28,13,21115,21274.553,159.552734375
12,9,13,18534,18016.037,517.962890625
11,1,14,16167,16634.506,467.505859375
10,23,20,17118,16599.418,518.58203125
11,10,18,17144,17199.178,55.177734375
1,9,10,18258,18236.326,21.673828125
11,28,12,15851,15851.965,0.96484375
11,20,7,14688,14272.924,415.076171875
1,28,19,20490,19980.379,509.62109375
11,13,11,15823,16444.32,621.3203125
9,29,15,14779,15887.244,1108.244140625
6,6,23,14033,13884.747,148.2529296875
12,23,8,15210,14669.848,540.15234375
9,15,23,13666,13912.66,246.66015625
8,3,10,18568,18494.16,73.83984375
11,26,8,15431,15475.249,44.2490234375
2,25,7,15167,15425.994,258.994140625
3,22,0,14190,14296.121,106.12109375
6,11,0,12485,12411.105,73.89453125
3,4,1,16187,16080.992,106.0078125
3,7,3,12756,12458.824,297.17578125
4,23,16,13938,14749.48,811.48046875
7,20,1,13685,13681.574,3.42578125
10,9,19,14595,15833.574,1238.57421875
10,16,12,15728,15676.19,51.8095703125
1,30,15,16502,16821.562,319.5625
10,13,2,12419,12144.455,274.544921875
8,16,13,18938,19851.658,913.658203125
4,11,2,13063,13340.201,277.201171875
6,16,18,17733,18274.812,541.8125
9,26,5,13194,13376.382,182.3818359375
4,13,1,11870,11939.28,69.2802734375
11,27,6,14228,14358.017,130.0166015625
11,11,12,16152,15564.54,587.4599609375
3,15,3,13861,14110.449,249.44921875
6,16,2,11241,11403.74,162.740234375
9,22,14,14492,14323.098,168.90234375
8,7,0,13843,13457.615,385.384765625
6,15,13,17520,18003.72,483.720703125
3,2,2,15370,15381.314,11.314453125
12,26,12,15804,15542.063,261.9365234375
6,25,4,11498,11836.188,338.1884765625
12,13,1,14765,14754.708,10.2919921875
4,15,13,15207,15321.881,114.880859375
3,11,22,16415,16163.691,251.30859375
6,21,10,15017,15341.787,324.787109375
2,16,10,15329,15187.588,141.412109375
12,9,18,17204,17126.084,77.916015625
11,15,20,18155,18932.83,777.830078125
1,23,1,14768,15027.947,259.947265625
4,9,21,14543,14849.925,306.9248046875
7,24,15,18057,18285.877,228.876953125
1,30,13,17080,16767.033,312.966796875
11,5,19,17050,16973.135,76.865234375
12,19,20,17529,17934.178,405.177734375
10,12,0,12222,12501.064,279.064453125
7,30,3,12867,12947.564,80.564453125
12,9,1,14812,14465.237,346.7626953125
9,23,7,13002,12975.238,26.76171875
8,18,22,18685,18569.822,115.177734375
11,15,16,13926,14281.344,355.34375
11,10,16,15481,15896.09,415.08984375
11,1,13,15736,15649.26,86.740234375
9,11,5,11411,11389.168,21.83203125
4,7,10,15287,15631.705,344.705078125
11,9,17,17936,17931.486,4.513671875
11,21,11,17835,16328.033,1506.966796875
10,7,1,11423,12301.406,878.40625
4,26,10,14569,15214.34,645.33984375
1,10,7,14189,14087.412,101.587890625
4,22,7,12851,12330.895,520.10546875
11,25,12,15979,15868.658,110.341796875
5,11,0,12507,12363.998,143.001953125
5,27,0,13808,13526.968,281.0322265625
6,13,18,18963,18711.713,251.287109375
5,9,4,11687,11727.302,40.3017578125
6,24,17,18881,18914.135,33.134765625
10,24,17,17010,17000.182,9.818359375
2,1,23,16224,16082.016,141.984375
12,14,13,18467,17861.398,605.6015625
1,19,15,18117,17647.43,469.5703125
8,24,1,13301,13315.441,14.44140625
9,26,9,18340,17636.936,703.064453125
1,26,11,18541,18121.916,419.083984375
2,28,5,13297,13432.428,135.427734375
12,8,13,17818,17376.74,441.259765625
2,8,23,17464,18291.336,827.3359375
12,14,2,12352,12905.744,553.744140625
6,27,21,18847,18767.117,79.8828125
10,29,21,16644,16297.621,346.37890625
2,2,19,19558,19450.246,107.75390625
10,12,18,14182,14589.221,407.220703125
7,4,4,11408,11329.504,78.49609375
2,24,1,16361,16361.044,0.0439453125
11,19,9,17017,17100.477,83.4765625
7,6,2,15598,15965.205,367.205078125
4,7,0,13070,12381.652,688.34765625
9,3,23,14531,14893.723,362.72265625
10,8,22,13462,13964.324,502.32421875
9,1,1,12679,12803.947,124.947265625
1,2,6,14196,15556.993,1360.9931640625
2,28,18,19569,19591.992,22.9921875
12,4,3,14137,14164.942,27.9423828125
12,30,5,13935,13919.605,15.39453125
3,11,1,12551,12528.57,22.4296875
7,23,19,17594,17067.104,526.896484375
10,3,15,15532,15750.565,218.5654296875
5,11,14,12765,12719.527,45.47265625
10,7,3,11704,12198.138,494.1376953125
11,1,12,16048,15646.279,401.720703125
8,7,14,17401,17967.22,566.220703125
10,7,17,15543,16014.361,471.361328125
7,15,5,12868,13107.932,239.931640625
7,29,19,21072,21739.635,667.634765625
11,28,9,18408,17223.898,1184.1015625
7,27,12,22459,21957.424,501.576171875
11,22,7,14995,14549.276,445.7236328125
5,10,0,12435,12059.512,375.48828125
9,13,4,10927,10700.57,226.4296875
1,5,14,18099,17988.932,110.068359375
3,23,21,18650,18582.07,67.9296875
3,20,20,17247,16987.646,259.353515625
6,8,22,14734,14441.143,292.857421875
6,16,21,18640,18101.938,538.0625
10,25,8,15692,15704.017,12.0166015625
4,12,9,14290,14931.557,641.556640625
2,13,5,15869,15502.738,366.26171875
7,29,0,15461,15748.657,287.6572265625
9,5,8,18222,18280.535,58.53515625
7,9,4,14996,15122.162,126.162109375
10,10,8,14937,15045.25,108.25
9,8,19,16736,16842.188,106.1875
5,19,20,14223,14565.213,342.212890625
4,14,11,13079,14202.947,1123.947265625
7,19,16,18835,19291.846,456.845703125
3,30,10,14556,14942.502,386.501953125
1,26,18,19639,19284.002,354.998046875
8,10,9,19168,18369.03,798.970703125
1,26,7,16868,16366.669,501.3310546875
6,1,9,13553,13320.15,232.849609375
7,11,2,15020,15257.1875,237.1875
7,30,3,12491,12870.299,379.298828125
10,2,19,15687,15875.435,188.4345703125
12,9,2,13451,13679.545,228.544921875
8,13,8,13774,13534.254,239.74609375
12,7,15,15826,16735.041,909.041015625
7,19,18,18530,18667.367,137.3671875
12,21,14,17591,17910.043,319.04296875
7,15,23,14510,14692.58,182.580078125
12,30,18,17426,17161.652,264.34765625
4,29,0,12619,12546.115,72.884765625
12,20,15,17913,18095.178,182.177734375
3,21,7,14685,14530.148,154.8515625
3,13,11,16779,16739.37,39.630859375
4,14,15,11112,12130.136,1018.1357421875
8,10,22,17275,16854.25,420.75
8,8,6,12900,13004.588,104.587890625
10,27,23,13714,13659.078,54.921875
9,25,4,13684,14110.508,426.5078125
5,27,5,11605,11816.308,211.3076171875
9,16,6,14162,14114.357,47.642578125
7,3,19,22306,21837.01,468.990234375
8,6,18,21761,22209.45,448.44921875
5,3,8,15000,14790.712,209.2880859375
11,27,11,14526,14452.548,73.4521484375
8,22,16,20866,20460.807,405.193359375
9,12,17,17207,18562.727,1355.7265625
8,17,22,17321,16977.535,343.46484375
7,31,16,19920,19717.021,202.978515625
8,13,0,13554,13303.833,250.1669921875
2,8,11,18744,18121.867,622.1328125
9,16,14,16185,16853.67,668.669921875
6,22,9,17700,18237.574,537.57421875
5,20,21,17538,18433.334,895.333984375
9,3,1,11102,12359.625,1257.625
9,23,4,10841,10700.289,140.7109375
7,11,22,14811,15517.965,706.96484375
10,19,0,12734,12506.381,227.619140625
1,19,17,17224,17673.803,449.802734375
3,9,2,14913,14681.628,231.3720703125
7,27,12,18274,18609.408,335.408203125
8,26,2,12453,12493.396,40.396484375
9,8,15,21306,21402.521,96.521484375
2,5,19,19309,19404.518,95.517578125
4,11,22,15486,15109.087,376.9130859375
2,8,6,14558,14421.523,136.4765625
9,1,15,16669,16719.74,50.740234375
11,23,17,17629,17532.88,96.119140625
6,3,16,17651,17710.754,59.75390625
9,29,22,15755,14193.297,1561.703125
10,9,12,15842,17256.686,1414.685546875
11,19,5,13636,13928.097,292.0966796875
10,16,17,15163,15577.399,414.3994140625
4,27,22,15724,15593.285,130.71484375
8,19,19,21150,21675.57,525.5703125
11,25,13,17522,16868.053,653.947265625
11,26,12,17446,16252.553,1193.447265625
11,30,16,17772,17015.643,756.357421875
8,15,15,15796,15720.578,75.421875
11,29,17,18093,17418.697,674.302734375
8,27,4,14762,14453.048,308.9521484375
6,20,20,16898,17541.775,643.775390625
10,12,2,11514,11825.266,311.265625
4,30,2,12037,11604.787,432.212890625
2,27,22,16114,16646.107,532.107421875
1,21,0,17331,16461.107,869.892578125
11,21,8,18193,17497.166,695.833984375
6,8,21,16892,17737.662,845.662109375
11,21,7,12825,13020.18,195.1796875
11,19,0,14370,13619.051,750.94921875
1,28,16,16960,16823.746,136.25390625
11,6,20,17597,18333.53,736.529296875
3,18,22,17260,16608.213,651.787109375
2,15,13,17188,16720.516,467.484375
10,4,12,17998,18755.402,757.40234375
4,12,5,11799,12090.923,291.9228515625
2,14,1,16488,15777.825,710.1748046875
12,31,12,16218,16851.53,633.529296875
10,27,9,14553,14076.398,476.6015625
5,9,8,14625,14077.405,547.5947265625
9,8,9,15619,15425.83,193.169921875
1,10,20,19965,19879.096,85.904296875
5,1,22,13863,14514.363,651.36328125
5,19,23,14103,14999.422,896.421875
10,12,0,11500,11625.634,125.6337890625
5,8,21,15665,16374.594,709.59375
5,1,4,11901,11991.12,90.1201171875
1,8,17,17795,17904.287,109.287109375
9,22,14,15881,16277.0,396.0
7,17,14,18562,18715.244,153.244140625
12,5,20,16553,16814.623,261.623046875
9,18,21,16801,16946.652,145.65234375
11,7,19,18221,18310.04,89.0390625
3,15,19,17381,17455.9,74.900390625
6,20,13,15751,16184.681,433.6806640625
7,3,20,16866,17316.258,450.2578125
10,22,1,13159,12528.096,630.904296875
4,26,6,14137,14233.321,96.3212890625
3,19,15,15698,15281.041,416.958984375
1,20,19,19756,20131.953,375.953125
6,29,12,16100,15934.292,165.7080078125
9,3,14,21826,22144.498,318.498046875
7,9,2,13182,12854.271,327.728515625
6,14,4,13319,12975.134,343.8662109375
2,24,16,18413,17155.111,1257.888671875
11,9,16,15324,16104.344,780.34375
8,12,8,17094,17031.652,62.34765625
6,22,17,20442,21479.182,1037.181640625
6,27,6,15784,15092.928,691.072265625
2,1,0,15647,15486.827,160.1728515625
3,12,19,17725,17712.605,12.39453125
10,6,18,17143,17171.367,28.3671875
8,21,8,16088,16324.442,236.4423828125
10,2,17,14288,14775.351,487.3505859375
1,27,3,14935,14348.049,586.951171875
11,25,20,17657,16930.486,726.513671875
9,3,21,18088,18505.885,417.884765625
9,25,12,15730,16230.296,500.2958984375
12,15,5,13283,12954.328,328.671875
4,5,9,16400,16279.084,120.916015625
10,16,15,15080,15374.549,294.548828125
2,3,1,15623,14866.89,756.1103515625
1,20,14,19089,17826.947,1262.052734375
4,12,4,13023,12652.316,370.68359375
12,31,21,15767,17164.33,1397.330078125
2,14,16,17383,17691.533,308.533203125
3,18,12,14035,13734.908,300.091796875
1,10,18,19538,19266.332,271.66796875
6,26,8,15331,15188.208,142.7919921875
7,25,2,13773,13520.262,252.73828125
1,29,20,19222,20143.713,921.712890625
5,12,2,11571,11637.769,66.7685546875
10,12,15,14842,15248.27,406.26953125
9,3,2,12009,12287.551,278.55078125
10,16,15,15075,15572.901,497.9013671875
9,25,18,17036,17441.076,405.076171875
11,5,17,17357,16980.658,376.341796875
8,13,5,11311,11305.255,5.7451171875
11,26,15,15098,15291.31,193.3095703125
9,20,15,12168,13066.533,898.533203125
1,2,0,13847,14475.861,628.861328125
9,23,21,17057,16461.664,595.3359375
10,19,7,15455,14396.369,1058.630859375
1,23,17,17107,17478.44,371.439453125
2,9,9,16744,16232.338,511.662109375
4,8,17,16531,15686.348,844.65234375
1,29,16,17430,17087.953,342.046875
5,2,11,11610,12425.166,815.166015625
9,23,5,12228,12316.152,88.15234375
6,11,0,13007,13372.701,365.701171875
3,15,4,13212,12649.453,562.546875
1,17,9,18892,18839.979,52.021484375
3,18,18,16751,16244.4795,506.5205078125
9,27,12,14869,15563.431,694.4306640625
2,1,20,18589,19512.824,923.82421875
5,29,16,17278,17696.34,418.33984375
6,16,10,12705,12889.682,184.681640625
12,18,18,21033,19655.951,1377.048828125
10,30,7,12486,12788.363,302.36328125
5,5,16,14156,14525.797,369.796875
6,23,13,18238,17821.678,416.322265625
2,26,0,16063,14814.144,1248.8564453125
6,11,4,11611,11498.256,112.744140625
3,2,17,17127,17285.459,158.458984375
2,10,12,17888,17495.865,392.134765625
8,5,14,16306,16168.621,137.37890625
5,26,21,19423,20156.205,733.205078125
5,10,3,11140,11502.203,362.203125
6,14,16,17303,17040.314,262.685546875
8,16,12,16570,16483.545,86.455078125
4,22,3,12228,12572.003,344.0029296875
9,25,22,15236,15720.426,484.42578125
7,7,4,12630,12219.67,410.330078125
8,24,21,18010,17665.521,344.478515625
6,3,3,11610,11830.949,220.94921875
8,8,15,18601,18592.717,8.283203125
5,9,5,12141,11975.953,165.046875
7,29,3,11524,11966.784,442.7841796875
6,1,0,16014,15568.195,445.8046875
3,26,20,15667,16162.961,495.9609375
4,18,0,12871,13029.771,158.771484375
9,12,22,14685,15788.457,1103.45703125
7,4,9,13395,14035.61,640.6103515625
11,30,10,17021,16353.885,667.115234375
12,25,2,14378,14249.838,128.162109375
11,3,5,11711,11766.108,55.1083984375
11,4,22,15491,15272.814,218.185546875
7,9,14,24079,24314.137,235.13671875
9,30,5,12014,12042.261,28.2607421875
1,6,18,19369,18630.629,738.37109375
3,20,21,14810,14710.093,99.9072265625
10,6,13,16242,16206.023,35.9765625
11,13,0,13661,13316.87,344.1298828125
4,13,10,13079,13101.239,22.2392578125
6,2,10,13166,12964.562,201.4384765625
8,13,7,12880,12591.565,288.4345703125
11,13,2,13165,13338.916,173.916015625
2,8,22,18478,18199.053,278.947265625
4,26,22,14290,14010.157,279.8427734375
1,11,2,14228,13605.377,622.623046875
8,21,8,16804,16759.662,44.337890625
12,16,23,16170,15572.756,597.244140625
10,5,13,15070,15260.148,190.1484375
1,8,0,17070,16243.794,826.2060546875
8,4,22,19028,18945.031,82.96875
6,7,12,14545,15217.9,672.900390625
1,1,8,13234,13323.023,89.0234375
7,3,19,16941,17471.518,530.517578125
6,10,11,14334,15037.127,703.126953125
1,25,8,14877,14461.453,415.546875
3,28,8,13126,13594.148,468.1484375
5,12,18,14524,14281.012,242.98828125
7,5,7,15619,14848.827,770.1728515625
12,29,4,12895,13017.98,122.98046875
2,22,19,19130,18898.938,231.0625
11,23,17,17819,18130.209,311.208984375
8,13,18,18155,17192.36,962.640625
8,3,19,21484,21850.121,366.12109375
2,20,10,14905,14545.554,359.4462890625
9,17,1,12336,12257.427,78.5732421875
9,23,12,14676,16231.454,1555.4541015625
11,12,23,14299,14588.041,289.041015625
11,11,0,13584,13456.128,127.8720703125
6,1,5,14203,14071.85,131.150390625
6,9,6,13160,12903.722,256.2783203125
12,16,17,19906,18933.06,972.939453125
2,14,20,18539,18853.064,314.064453125
1,9,15,16915,16049.261,865.7392578125
3,12,11,15257,15636.482,379.482421875
1,19,18,20324,20062.648,261.3515625
9,7,21,16660,16682.541,22.541015625
10,16,6,11979,12279.713,300.712890625
1,20,1,16159,16080.5,78.5
1,20,10,17289,16911.836,377.1640625
3,5,18,17409,17906.521,497.521484375
12,5,11,18365,17961.994,403.005859375
1,20,23,17636,17138.623,497.376953125
8,12,22,15832,16310.043,478.04296875
5,8,2,11441,11784.25,343.25
1,2,0,13698,14125.481,427.4814453125
11,1,15,15349,15046.23,302.76953125
1,12,11,16292,15618.154,673.845703125
11,6,6,12247,13221.578,974.578125
1,17,23,17299,17342.75,43.75
8,7,13,14317,16468.596,2151.595703125
6,13,18,13283,13437.426,154.42578125
1,5,5,13634,14470.746,836.74609375
4,26,8,15024,15013.479,10.521484375
7,18,19,20113,20258.621,145.62109375
7,2,2,13314,13732.685,418.6845703125
6,2,6,11215,10892.559,322.44140625
1,30,7,15828,15393.156,434.84375
3,28,22,17316,17238.982,77.017578125
10,27,23,14695,14948.541,253.541015625
1,7,4,15844,15506.326,337.673828125
4,6,4,12578,12548.076,29.923828125
11,12,3,12523,12754.6,231.599609375
10,25,19,15848,16379.792,531.7919921875
7,21,14,18388,17309.783,1078.216796875
5,12,15,16052,16149.4,97.400390625
7,26,9,14712,14832.79,120.7900390625
10,24,17,16339,15899.393,439.607421875
8,23,20,21632,21936.945,304.9453125
8,10,20,17922,18784.986,862.986328125
8,29,0,14915,14913.393,1.607421875
6,9,21,18108,18090.47,17.529296875
3,19,2,14386,14049.059,336.94140625
4,30,3,11895,11273.539,621.4609375
4,22,13,13580,14255.073,675.0732421875
4,13,3,11659,11854.121,195.12109375
1,22,6,16077,15968.323,108.6767578125
6,11,13,15338,15403.554,65.5537109375
7,12,2,13831,13978.275,147.275390625
8,18,10,18314,18729.025,415.025390625
11,19,20,17508,17397.537,110.462890625
9,2,6,13648,14443.568,795.568359375
11,25,15,15785,15958.695,173.6953125
1,5,13,16056,15737.413,318.5869140625
2,14,19,18620,19198.98,578.98046875
1,31,16,17828,17946.2,118.19921875
2,11,0,15722,15191.313,530.6865234375
8,3,4,13366,12645.511,720.4892578125
12,15,11,17764,17362.764,401.236328125
7,2,0,16997,17181.312,184.3125
11,10,9,16924,16367.396,556.603515625
11,30,1,14587,13632.119,954.880859375
7,4,0,15206,14943.236,262.763671875
5,16,18,14845,15486.314,641.314453125
2,1,4,14313,13934.737,378.2626953125
1,28,18,20757,20372.97,384.029296875
7,4,20,22081,22712.125,631.125
6,29,11,17787,18104.938,317.9375
4,23,2,12301,13196.994,895.994140625
10,13,22,14367,14238.774,128.2255859375
7,11,11,17756,17861.684,105.68359375
9,28,20,18073,18240.3,167.30078125
5,20,17,12419,12948.62,529.6201171875
9,23,14,15712,15074.43,637.5703125
11,18,10,17282,17294.51,12.509765625
5,20,16,12799,12858.975,59.974609375
9,10,11,15417,15661.891,244.890625
9,23,4,12062,12568.701,506.701171875
5,14,9,13341,12961.112,379.8876953125
11,28,19,17860,17978.3,118.30078125
11,17,0,14991,14857.273,133.7265625
2,11,0,16061,15635.919,425.0810546875
9,29,6,11880,11733.924,146.076171875
3,17,18,16709,16609.252,99.748046875
2,18,1,15686,15855.531,169.53125
8,13,3,12066,11970.096,95.904296875
12,16,5,12657,13553.97,896.9697265625
1,7,17,21390,21135.455,254.544921875
10,12,7,11844,11835.584,8.416015625
4,6,7,16695,15655.719,1039.28125
5,27,9,17125,18892.365,1767.365234375
4,18,23,14157,13982.039,174.9609375
10,4,2,12076,11833.598,242.40234375
3,29,1,13577,14116.89,539.8896484375
9,18,23,12688,13102.262,414.26171875
4,7,2,12502,12159.504,342.49609375
6,21,5,12626,12849.084,223.083984375
6,2,1,11579,12051.103,472.1025390625
9,26,0,12624,12825.937,201.9365234375
1,22,4,15506,14888.217,617.783203125
3,10,18,17270,16770.035,499.96484375
1,12,14,18345,18301.947,43.052734375
6,21,13,15305,16020.878,715.8779296875
10,5,23,13614,13643.07,29.0703125
8,8,12,15056,14998.413,57.5869140625
2,4,22,16678,16037.342,640.658203125
11,5,21,14989,14973.251,15.7490234375
6,4,0,13773,13864.941,91.94140625
11,2,9,14149,13854.652,294.34765625
4,24,0,12068,11459.813,608.1865234375
6,10,13,14549,14775.249,226.2490234375
9,16,0,12849,12866.033,17.033203125
11,1,1,12650,12927.439,277.439453125
1,7,17,17509,17748.268,239.267578125
4,25,20,16175,16057.798,117.2021484375
3,14,14,13531,13862.605,331.60546875
7,18,22,18418,18650.396,232.396484375
10,16,15,14491,14779.328,288.328125
4,1,21,16863,16723.434,139.56640625
12,16,8,17728,17228.94,499.060546875
8,15,12,17019,17019.744,0.744140625
4,15,14,13720,14052.747,332.7470703125
3,29,19,16821,15386.506,1434.494140625
4,4,16,15059,15113.887,54.88671875
1,20,9,17830,18205.844,375.84375
7,18,4,12802,12688.141,113.859375
12,21,9,17771,16910.273,860.7265625
1,5,17,16846,16775.096,70.904296875
12,13,19,18150,18328.545,178.544921875
11,2,5,13923,13982.196,59.1962890625
9,11,15,16436,17022.742,586.7421875
9,2,5,12534,12167.082,366.91796875
5,19,15,13586,14128.396,542.396484375
11,7,17,16699,17566.916,867.916015625
3,2,13,17425,16866.188,558.8125
10,5,5,12582,12824.299,242.298828125
1,26,8,17018,16745.041,272.958984375
10,18,9,15796,16316.105,520.10546875
4,27,18,16253,16288.579,35.5791015625
9,14,2,13229,13814.391,585.390625
4,10,2,12430,12543.912,113.912109375
11,6,9,14629,15190.953,561.953125
11,20,3,13261,13564.436,303.435546875
10,9,23,13124,13362.873,238.873046875
5,9,10,12800,14163.861,1363.861328125
12,20,9,18270,17644.1,625.900390625
9,29,18,14474,14564.701,90.701171875
10,8,16,14625,15785.415,1160.4150390625
5,3,9,15035,14651.383,383.6171875
8,11,22,16820,16243.863,576.13671875
3,23,0,14301,14295.273,5.7265625
7,24,18,18819,18746.902,72.09765625
10,14,11,14721,14855.348,134.34765625
4,18,17,16304,16134.523,169.4765625
7,11,17,20149,21034.19,885.189453125
8,6,22,18106,18010.594,95.40625
12,17,5,14077,12975.396,1101.603515625
9,25,19,15345,15574.217,229.216796875
8,30,15,17282,18571.209,1289.208984375
4,18,16,15804,14981.807,822.193359375
5,27,21,19219,18339.387,879.61328125
10,8,4,12777,12464.642,312.3583984375
5,8,6,13917,13216.4375,700.5625
12,4,13,16836,16016.574,819.42578125
10,28,23,12819,13346.713,527.712890625
7,14,7,14659,14709.483,50.4833984375
3,9,4,14555,13815.269,739.7314453125
1,25,21,19031,19041.502,10.501953125
9,3,17,13668,14234.273,566.2734375
11,8,20,16765,17045.396,280.396484375
2,11,8,17132,16428.654,703.345703125
9,16,0,12879,12316.439,562.560546875
5,20,11,14199,15363.986,1164.986328125
8,23,2,12660,12599.55,60.4501953125
12,12,20,16526,16522.338,3.662109375
11,21,4,14455,13933.184,521.81640625
1,5,3,15335,15329.822,5.177734375
5,10,18,15893,16208.574,315.57421875
3,21,17,15233,14974.252,258.748046875
12,1,23,15314,15459.91,145.91015625
1,27,12,17396,17836.957,440.95703125
5,9,9,14176,14538.44,362.4404296875
7,16,1,14700,14900.887,200.88671875
3,4,5,14128,13434.838,693.162109375
3,13,5,15040,14201.987,838.0126953125
5,5,18,14961,15242.924,281.923828125
2,25,9,19393,19010.508,382.4921875
1,2,8,13780,14269.23,489.23046875
3,25,6,14057,13633.762,423.23828125
1,22,16,18210,18390.635,180.634765625
8,5,7,17694,17534.803,159.197265625
1,18,16,18360,18401.125,41.125
3,24,2,13197,13685.362,488.3623046875
4,5,7,15989,15390.004,598.99609375
5,28,9,16163,15223.119,939.880859375
2,28,2,13199,12969.711,229.2890625
12,13,21,17365,18107.604,742.603515625
3,29,12,14493,15343.213,850.212890625
8,27,3,12136,12606.49,470.490234375
8,6,8,15257,15229.559,27.44140625
3,21,16,15549,15728.027,179.02734375
10,18,14,14246,14705.568,459.568359375
2,8,4,13723,13497.902,225.09765625
11,22,11,16899,17545.58,646.580078125
4,15,19,15714,16447.28,733.279296875
6,8,4,12317,12151.525,165.474609375
12,7,14,16902,16999.701,97.701171875
3,26,21,16269,16392.562,123.5625
10,8,20,17207,16834.787,372.212890625
7,2,19,17476,17681.26,205.259765625
3,5,5,12892,13181.037,289.037109375
10,17,12,15614,15051.518,562.482421875
12,23,21,17196,16592.186,603.814453125
6,13,0,12906,12974.875,68.875
1,29,3,15593,15509.8,83.2001953125
2,21,14,14907,15774.249,867.2490234375
6,20,17,16850,16561.094,288.90625
7,13,21,18167,18447.002,280.001953125
1,26,20,20510,20188.498,321.501953125
8,4,1,15612,15416.191,195.80859375
1,21,5,15101,15263.859,162.859375
3,2,11,16557,16913.418,356.41796875
4,11,5,13758,13624.114,133.8857421875
5,31,5,12157,11852.1,304.900390625
3,3,15,16542,16907.432,365.431640625
10,11,23,13114,13675.607,561.607421875
12,28,18,18156,18809.205,653.205078125
7,28,9,15187,15879.734,692.734375
11,24,9,14562,15216.377,654.376953125
2,3,10,18553,18380.607,172.392578125
12,19,3,13767,13607.531,159.46875
11,7,11,16259,15967.451,291.548828125
10,7,4,12101,12059.525,41.474609375
6,19,13,19566,18657.871,908.12890625
1,9,20,17456,17766.496,310.49609375
10,16,14,14882,15494.499,612.4990234375
3,11,15,16220,16132.271,87.728515625
5,3,23,13646,13524.436,121.564453125
4,5,2,13125,12866.486,258.513671875
11,16,3,13570,12920.684,649.31640625
2,29,3,12590,12872.236,282.236328125
8,6,1,15713,16300.744,587.744140625
12,15,14,17672,17245.217,426.783203125
4,22,1,13156,13715.406,559.40625
1,12,23,16705,16710.055,5.0546875
1,3,4,12834,12753.24,80.759765625
10,21,21,14936,15822.381,886.380859375
12,12,8,17769,18393.896,624.896484375
8,27,3,12535,12487.047,47.953125
11,13,16,17466,17351.521,114.478515625
1,7,18,20513,19533.416,979.583984375
9,2,16,19404,19325.678,78.322265625
12,13,17,17758,17478.12,279.880859375
1,8,20,17746,18354.457,608.45703125
11,18,19,17288,17308.373,20.373046875
12,22,19,17889,18290.297,401.296875
6,22,17,16512,16835.39,323.390625
9,2,7,12014,12132.529,118.529296875
10,14,13,16384,16431.229,47.228515625
4,17,18,15720,16854.7,1134.69921875
10,18,5,12054,12345.917,291.9169921875
11,22,3,12000,12448.513,448.5126953125
4,13,5,11928,11320.456,607.5439453125
2,18,0,14560,14865.451,305.451171875
9,12,13,14364,13826.268,537.732421875
12,11,0,15297,14444.707,852.29296875
10,12,10,12940,13336.846,396.845703125
4,24,20,15532,15836.264,304.263671875
8,12,23,16086,16313.497,227.4970703125
11,11,9,15830,15644.322,185.677734375
2,13,10,19339,19000.418,338.58203125
5,25,4,12238,11600.132,637.8681640625
8,28,10,19759,19021.838,737.162109375
6,12,9,15112,15467.039,355.0390625
1,6,4,14625,14279.172,345.828125
11,20,20,18701,18553.113,147.88671875
9,2,7,15630,15618.043,11.95703125
4,15,8,14621,14569.772,51.2275390625
1,31,13,17852,17249.068,602.931640625
10,9,16,17755,19715.916,1960.916015625
2,14,12,16298,16241.32,56.6796875
4,17,12,13311,14185.055,874.0546875
10,20,3,12789,12920.348,131.34765625
7,20,16,20689,20539.531,149.46875
5,25,16,14169,15576.714,1407.7138671875
7,14,13,19582,19930.803,348.802734375
7,18,2,13621,13502.756,118.244140625
1,13,17,18413,17650.926,762.07421875
6,14,21,16127,16458.443,331.443359375
3,30,17,16436,16060.414,375.5859375
7,9,11,16677,16432.174,244.826171875
2,21,10,15774,15842.324,68.32421875
8,10,0,16737,16599.541,137.458984375
6,5,21,16510,15784.665,725.3349609375
12,24,3,12674,12994.598,320.59765625
3,11,8,17379,16471.107,907.892578125
6,26,21,16775,17002.146,227.146484375
1,21,1,15709,15722.2295,13.2294921875
2,25,15,18404,18516.486,112.486328125
12,21,15,17317,17013.51,303.490234375
6,19,12,16837,17332.352,495.3515625
8,20,14,18050,18194.775,144.775390625
12,31,14,17013,16636.693,376.306640625
2,1,6,15761,16075.625,314.625
4,15,9,12494,13439.102,945.1015625
8,25,14,16234,15952.92,281.080078125
4,19,9,15258,14411.686,846.314453125
7,25,11,16823,17259.656,436.65625
1,3,4,14024,13773.912,250.087890625
12,7,21,18437,18535.855,98.85546875
7,16,2,14072,14311.868,239.8681640625
4,20,13,14269,13944.021,324.978515625
10,9,10,15727,15688.715,38.28515625
4,30,15,12238,12618.381,380.380859375
7,9,3,11813,11815.629,2.62890625
1,11,21,18437,17717.412,719.587890625
6,25,17,16941,17400.027,459.02734375
8,9,14,17851,17324.951,526.048828125
6,30,14,19412,19225.28,186.720703125
10,30,13,15127,15854.117,727.1171875
3,27,3,12697,13066.071,369.0712890625
4,26,6,13767,13798.02,31.01953125
1,6,22,17133,17512.256,379.255859375
9,2,5,12471,12074.469,396.53125
10,6,14,15555,15503.92,51.080078125
1,25,16,18593,18827.05,234.05078125
1,22,9,17207,17298.701,91.701171875
3,25,15,15081,15234.924,153.923828125
4,9,8,16515,16068.971,446.029296875
6,14,12,11724,12185.008,461.0078125
3,6,10,17035,16803.154,231.845703125
3,31,3,12073,12354.744,281.744140625
4,10,3,11127,11752.416,625.416015625
10,29,4,12077,12074.545,2.455078125
12,19,7,15361,14643.932,717.068359375
5,5,21,16488,15893.772,594.2275390625
6,25,15,19712,19874.025,162.025390625
11,22,23,16525,16620.434,95.43359375
8,3,22,17120,17535.873,415.873046875
12,21,12,16000,16233.697,233.697265625
7,24,19,16403,17318.088,915.087890625
12,15,9,17474,16961.062,512.9375
8,30,16,17156,17814.768,658.767578125
3,18,18,15401,16043.635,642.634765625
10,9,13,15101,15225.217,124.216796875
8,22,8,13518,13086.116,431.8837890625
7,19,4,12791,12594.334,196.666015625
11,24,5,12774,12894.65,120.650390625
6,11,19,15097,15485.777,388.77734375
11,27,15,16336,15550.852,785.1484375
3,7,20,16485,16197.211,287.7890625
10,25,15,13250,14193.125,943.125
9,29,10,14229,15566.074,1337.07421875
9,9,7,17297,15890.874,1406.1259765625
8,24,2,12665,13184.513,519.5126953125
4,6,9,14547,13849.322,697.677734375
1,7,8,17642,17507.795,134.205078125
7,22,9,18702,18609.037,92.962890625
7,24,18,21022,21311.4,289.400390625
8,29,8,15069,15241.06,172.0595703125
6,18,3,12659,12158.426,500.57421875
2,12,8,17793,17782.965,10.03515625
7,30,11,17286,18392.027,1106.02734375
12,28,18,16671,17101.215,430.21484375
6,15,6,13345,13338.954,6.0458984375
10,17,5,12274,12784.055,510.0546875
8,13,2,14067,13894.006,172.994140625
10,26,21,15461,14882.853,578.1474609375
3,15,22,16074,16680.84,606.83984375
2,22,6,14507,14860.488,353.48828125
9,22,10,15826,15514.08,311.919921875
8,3,5,13080,12383.857,696.142578125
6,13,17,18258,18266.604,8.603515625
12,31,14,16402,16359.553,42.447265625
4,22,10,14514,14863.791,349.791015625
9,8,16,17355,17608.861,253.861328125
1,20,6,13399,13144.103,254.8974609375
7,12,4,13106,12604.008,501.9921875
7,20,10,16094,15755.764,338.236328125
3,16,10,15355,15093.064,261.935546875
3,19,12,14966,14982.572,16.572265625
3,15,8,15860,14411.775,1448.224609375
11,25,9,16827,16144.827,682.1728515625
10,31,5,12880,12697.89,182.1103515625
12,17,2,13550,13103.406,446.59375
8,13,22,17608,17439.775,168.224609375
6,11,20,14714,14889.182,175.181640625
12,5,14,18642,17943.703,698.296875
4,4,18,16718,16513.354,204.646484375
11,3,12,14822,16255.013,1433.0126953125
9,9,12,18699,18662.266,36.734375
11,19,8,14112,13988.356,123.6435546875
1,28,7,17873,17728.422,144.578125
6,3,20,17784,17485.828,298.171875
10,28,23,13584,14463.257,879.2568359375
5,21,9,12693,14162.018,1469.017578125
3,31,2,12158,12538.532,380.5322265625
6,29,11,16423,17229.422,806.421875
12,13,14,17293,17453.074,160.07421875
8,9,10,15419,15249.508,169.4921875
4,15,5,13344,12621.697,722.302734375
1,22,19,18773,18536.264,236.736328125
1,20,13,18550,18662.408,112.408203125
4,2,12,16483,16205.1875,277.8125
10,8,15,13435,13404.523,30.4765625
4,14,17,14071,14328.571,257.5712890625
3,24,23,15165,14853.411,311.5888671875
3,1,7,17108,16088.016,1019.984375
11,7,22,16209,16431.4,222.400390625
2,16,4,14404,13930.792,473.2080078125
4,11,1,12764,12328.525,435.474609375
1,25,19,19165,19939.342,774.341796875
3,15,22,15426,15259.836,166.1640625
3,6,15,17778,17692.336,85.6640625
9,24,10,13314,13453.523,139.5234375
5,20,1,12008,12321.305,313.3046875
2,25,21,17949,17926.006,22.994140625
6,11,18,15605,15962.439,357.439453125
3,13,23,14086,14396.885,310.884765625
11,21,12,17513,16321.467,1191.533203125
5,17,13,13192,13348.527,156.52734375
8,30,4,13120,12803.273,316.7265625
1,6,0,15425,15396.564,28.435546875
8,17,1,13654,13369.153,284.8466796875
3,7,8,16247,15409.415,837.5849609375
4,21,2,12248,11681.708,566.2919921875
10,30,14,15087,16087.776,1000.7763671875
5,31,4,12887,12592.637,294.36328125
11,19,21,16872,16520.771,351.228515625
1,13,19,19368,19685.154,317.154296875
2,25,4,15545,15442.732,102.267578125
8,30,6,14179,13944.92,234.080078125
3,6,8,14668,14281.116,386.8837890625
4,7,17,14884,14629.74,254.259765625
6,19,18,18118,17610.787,507.212890625
6,30,11,14475,14042.882,432.1181640625
10,15,8,15614,15518.746,95.25390625
10,19,13,13898,14952.396,1054.396484375
3,8,11,16831,16923.924,92.923828125
4,15,4,11620,11520.027,99.97265625
5,19,21,15949,15216.654,732.345703125
1,3,8,16668,17212.162,544.162109375
4,4,6,15379,14680.869,698.130859375
10,2,18,15359,15346.072,12.927734375
10,30,23,13130,13458.26,328.259765625
9,22,9,12913,13345.983,432.9833984375
1,24,19,19182,19485.928,303.927734375
12,13,23,18280,18025.662,254.337890625
1,25,7,17376,17070.225,305.775390625
6,5,1,11796,11717.502,78.498046875
4,12,21,12929,13701.418,772.41796875
3,12,7,16754,15528.209,1225.791015625
9,26,9,15748,15458.391,289.609375
3,27,21,14254,14098.457,155.54296875
8,5,6,13101,13237.094,136.09375
2,1,4,14200,13395.065,804.9345703125
7,8,18,16818,16767.883,50.1171875
11,16,20,17512,18159.826,647.826171875
1,25,16,18286,18324.521,38.521484375
8,14,8,14877,14988.285,111.28515625
2,5,4,15843,15272.314,570.685546875
8,8,14,18777,18611.229,165.771484375
6,24,21,17978,18483.61,505.609375
10,29,17,17512,16985.076,526.923828125
9,11,19,16237,15946.118,290.8818359375
8,13,15,16287,16643.45,356.44921875
5,15,10,13733,15022.695,1289.6953125
8,25,0,16076,16556.541,480.541015625
10,10,9,15013,15397.527,384.52734375
8,19,7,16099,15310.924,788.076171875
4,24,20,15023,14700.3955,322.6044921875
5,23,23,12904,13785.326,881.326171875
6,29,4,11532,11784.0,252.0
11,29,5,12625,12868.839,243.8388671875
6,7,1,11920,12246.309,326.30859375
1,4,0,14858,14355.473,502.52734375
12,6,15,17856,18015.795,159.794921875
7,4,2,12410,12863.384,453.3837890625
6,10,9,13540,13752.395,212.39453125
7,14,21,17663,17397.838,265.162109375
8,20,13,19884,19169.076,714.923828125
5,2,3,10502,10983.153,481.1533203125
3,13,15,17653,17860.553,207.552734375
9,24,1,13338,13324.365,13.634765625
3,9,11,16463,17053.127,590.126953125
12,8,5,14127,12724.293,1402.70703125
3,15,1,13175,13094.093,80.9072265625
9,16,9,15121,15237.561,116.560546875
8,15,1,14222,14177.969,44.03125
2,4,18,18154,17838.459,315.541015625
4,30,2,11935,11496.187,438.8134765625
9,12,13,15374,15613.478,239.4775390625
3,18,20,15951,16007.908,56.908203125
5,30,9,15552,15356.795,195.205078125
5,6,11,14304,13838.894,465.1064453125
8,30,8,14973,15020.689,47.689453125
6,9,23,13950,14027.012,77.01171875
2,5,4,14577,13486.211,1090.7890625
12,27,17,18694,19407.936,713.935546875
11,11,8,14099,15366.037,1267.037109375
4,27,8,15271,14941.447,329.552734375
7,11,12,16305,17030.19,725.189453125
6,21,2,13223,13342.574,119.57421875
1,14,0,15353,14989.653,363.3466796875
4,12,10,13891,14586.359,695.359375
3,5,7,14821,14363.884,457.1162109375
9,26,6,11937,11932.638,4.3623046875
4,16,15,13679,14517.166,838.166015625
9,20,5,12693,12833.259,140.2587890625
9,30,8,16019,15545.219,473.78125
5,12,13,15590,15899.284,309.2841796875
10,2,10,14645,15599.275,954.275390625
7,20,18,19363,18548.94,814.060546875
6,20,5,12837,13145.684,308.68359375
10,31,0,13055,13018.838,36.162109375
3,9,10,16748,16686.44,61.560546875
3,21,3,13645,13234.069,410.9306640625
10,21,17,15681,15790.17,109.169921875
3,26,14,14737,15083.382,346.3818359375
9,25,9,12471,12373.715,97.28515625
9,14,1,12238,12759.727,521.7265625
11,4,9,15815,15012.285,802.71484375
10,2,19,15347,16008.215,661.21484375
9,20,11,16357,16374.655,17.6552734375
11,17,2,13333,13192.477,140.5234375
5,2,2,11001,12171.273,1170.2734375
3,18,21,15542,15466.91,75.08984375
10,13,8,14707,14953.568,246.568359375
3,21,13,14602,14383.256,218.744140625
12,11,5,14444,14186.703,257.296875
11,27,15,17856,17616.586,239.4140625
3,13,4,13670,13973.266,303.265625
4,30,21,13846,14643.653,797.6533203125
11,25,7,15254,14634.647,619.3525390625
3,11,17,15367,15522.525,155.525390625
5,3,6,11114,10991.436,122.564453125
3,12,1,14594,14411.649,182.3505859375
6,19,6,13463,13540.175,77.1748046875
12,19,0,15122,15364.779,242.779296875
6,20,15,20936,20650.686,285.314453125
11,4,5,12121,12132.891,11.890625
9,18,14,13583,14260.686,677.685546875
4,2,10,13872,14398.707,526.70703125
5,20,11,11854,12370.34,516.33984375
6,6,18,17161,17447.611,286.611328125
8,4,0,15465,15703.811,238.810546875
9,17,15,16086,16716.678,630.677734375
11,17,22,16764,16944.137,180.13671875
8,31,19,17502,18347.203,845.203125
3,4,2,13957,14021.283,64.283203125
2,8,5,13841,13611.779,229.220703125
11,16,2,13274,13942.776,668.7763671875
1,2,8,14615,14656.371,41.37109375
5,27,14,17964,18463.084,499.083984375
6,9,18,15087,15568.371,481.37109375
1,18,4,13689,14116.258,427.2578125
1,15,20,18322,18739.785,417.78515625
10,12,6,13362,13467.334,105.333984375
2,25,3,14320,13589.904,730.095703125
7,2,13,15822,16623.44,801.439453125
10,7,16,15090,15447.223,357.22265625
4,27,4,11850,11423.036,426.9638671875
10,27,21,16428,16293.49,134.509765625
7,11,21,19664,19665.613,1.61328125
4,18,3,11354,11331.625,22.375
12,5,8,17761,17721.914,39.0859375
6,23,19,17680,18251.627,571.626953125
12,5,18,19312,18350.102,961.8984375
9,22,18,16062,15992.606,69.3935546875
11,23,12,15967,15577.443,389.556640625
2,13,18,19152,19121.14,30.859375
9,16,12,18671,18671.324,0.32421875
6,11,1,11696,12167.055,471.0546875
2,26,4,16503,15995.867,507.1328125
7,14,5,11999,12154.065,155.0654296875
3,31,7,13674,13232.08,441.919921875
1,29,19,19400,19894.977,494.9765625
1,26,19,19510,19449.78,60.220703125
2,10,3,14106,13870.967,235.033203125
10,17,13,15493,16065.7705,572.7705078125
5,27,13,18851,19331.664,480.6640625
10,30,8,14227,13765.24,461.759765625
8,19,3,11825,11247.789,577.2109375
9,11,13,16397,17012.846,615.845703125
3,20,17,14521,14188.541,332.458984375
10,15,8,13249,12655.267,593.7333984375
5,31,6,13099,12645.231,453.7685546875
2,9,14,16756,16551.861,204.138671875
1,31,20,16927,16737.701,189.298828125
2,23,16,19358,19415.662,57.662109375
5,22,20,13335,14828.766,1493.765625
11,29,23,16512,16257.348,254.65234375
10,25,21,16505,16721.82,216.8203125
5,5,15,15129,14974.525,154.474609375
10,8,22,14061,15171.82,1110.8203125
5,9,13,14507,14388.527,118.47265625
8,19,1,14429,14806.876,377.8759765625
4,18,7,14549,14244.984,304.015625
3,4,0,15891,15765.432,125.568359375
12,22,3,13764,13685.955,78.044921875
12,18,11,17403,17224.502,178.498046875
9,5,13,18602,18216.055,385.9453125
2,3,10,18110,18122.268,12.267578125
5,15,3,10870,11530.159,660.1591796875
3,5,6,16765,16717.537,47.462890625
12,16,18,17978,17525.037,452.962890625
4,9,4,13944,13818.774,125.2255859375
5,31,8,14467,14389.316,77.68359375
6,5,15,14575,14540.728,34.2724609375
11,21,11,16722,16543.54,178.4609375
7,18,20,18389,19365.53,976.529296875
5,16,16,14975,14993.582,18.58203125
2,27,6,17603,17176.705,426.294921875
6,19,19,14710,14485.295,224.705078125
8,16,22,16031,15449.722,581.2783203125
8,5,10,15155,15839.43,684.4296875
9,3,4,11900,12086.744,186.744140625
2,11,3,13947,13827.935,119.0654296875
5,13,18,14621,15111.848,490.84765625
9,21,12,16749,17197.076,448.076171875
8,5,15,20047,20393.877,346.876953125
3,23,15,14074,14542.447,468.447265625
4,18,10,15888,16213.982,325.982421875
10,20,15,13397,13528.01,131.009765625
12,20,4,15456,14749.916,706.083984375
2,8,23,17235,17113.654,121.345703125
9,30,14,14356,15099.669,743.6689453125
7,21,9,15232,15905.4795,673.4794921875
4,10,22,14380,15077.803,697.802734375
7,9,13,14398,14876.49,478.490234375
8,27,13,17073,17606.166,533.166015625
6,14,5,12784,12606.424,177.576171875
7,24,23,17327,17943.861,616.861328125
4,2,19,16607,17507.783,900.783203125
11,18,6,14355,14488.189,133.189453125
11,20,3,12000,12779.2295,779.2294921875
9,30,13,13917,14969.709,1052.708984375
12,27,20,17900,18809.154,909.154296875
5,21,7,12322,13383.579,1061.5791015625
2,12,7,15898,15897.608,0.3916015625
9,27,17,15708,16474.627,766.626953125
10,20,8,15963,15662.151,300.8486328125
9,1,22,17026,17053.127,27.126953125
4,15,1,13333,13615.239,282.2392578125
4,21,10,16132,16772.264,640.263671875
6,23,17,18652,18179.592,472.408203125
5,31,8,10816,11892.388,1076.3876953125
1,12,20,18413,18973.898,560.8984375
12,14,16,18150,18027.24,122.759765625
6,1,17,15643,14692.381,950.619140625
8,12,13,16877,17271.58,394.580078125
12,27,11,15223,16159.844,936.84375
6,11,9,14398,14789.834,391.833984375
10,8,1,12355,12822.977,467.9765625
6,12,6,11240,11472.485,232.4853515625
9,15,13,15833,15746.727,86.2734375
4,7,19,14756,14298.977,457.0234375
8,3,10,18900,18172.934,727.06640625
2,21,14,15082,15636.249,554.2490234375
1,4,4,14699,14600.62,98.3798828125
5,30,12,18527,18513.816,13.18359375
3,7,14,17448,16563.867,884.1328125
7,3,1,13663,14014.484,351.484375
7,12,2,13490,12984.938,505.0615234375
3,1,1,16105,15376.76,728.240234375
4,6,2,13764,13368.587,395.4130859375
4,18,7,12219,11954.732,264.267578125
5,13,16,14296,14316.74,20.740234375
11,9,1,12482,12270.348,211.65234375
5,16,22,14549,14429.639,119.361328125
8,1,17,19859,20476.219,617.21875
3,13,15,13743,13575.299,167.701171875
3,30,15,15559,15367.661,191.3388671875
9,6,14,15750,14853.027,896.97265625
12,16,4,12633,12694.191,61.19140625
1,21,18,20785,20553.898,231.1015625
5,22,23,12435,13004.285,569.28515625
4,28,9,14926,15090.893,164.892578125
2,7,16,16742,17297.617,555.6171875
5,7,17,13524,12945.374,578.6259765625
5,5,13,12801,13165.027,364.02734375
6,25,2,11663,11892.283,229.283203125
10,25,10,16152,16148.705,3.294921875
2,3,23,15877,16023.127,146.126953125
12,5,3,14394,14188.047,205.953125
12,9,2,14066,14520.623,454.623046875
6,22,5,12625,13303.604,678.603515625
10,6,2,11843,11057.88,785.1201171875
1,10,22,17972,17771.758,200.2421875
11,9,17,16771,16373.398,397.6015625
4,17,21,15427,15348.611,78.388671875
8,31,9,15465,15868.314,403.314453125
5,2,2,11336,11802.713,466.712890625
7,31,0,14133,14256.061,123.060546875
12,12,19,21597,20723.912,873.087890625
5,15,5,12221,12398.2,177.2001953125
10,17,4,11741,11545.519,195.4814453125
9,12,6,13848,13228.603,619.3974609375
9,29,15,17184,17028.578,155.421875
8,18,17,19335,18311.467,1023.533203125
10,18,21,15628,15062.408,565.591796875
1,7,21,17595,17746.664,151.6640625
6,2,22,17692,16753.572,938.427734375
2,13,6,15137,15423.113,286.11328125
10,3,13,13802,13835.728,33.7275390625
8,1,12,16686,16494.885,191.115234375
3,11,14,14331,14364.532,33.5322265625
10,28,2,12957,13052.588,95.587890625
1,11,4,14091,14436.693,345.693359375
3,10,21,17446,16656.322,789.677734375
1,10,13,17898,17322.086,575.9140625
11,2,0,12698,12760.889,62.888671875
11,10,20,16612,16663.738,51.73828125
11,29,17,15551,15447.678,103.322265625
1,14,11,17025,16892.936,132.064453125
7,19,18,15647,15734.482,87.482421875
9,2,6,13984,13258.118,725.8818359375
12,18,9,15725,15827.842,102.841796875
1,29,10,18875,18087.637,787.36328125
5,25,23,15436,16530.127,1094.126953125
12,24,4,14941,13883.555,1057.4453125
5,31,20,15165,15143.361,21.638671875
2,18,1,15005,14636.561,368.439453125
4,13,0,13235,13215.393,19.607421875
2,28,3,12737,13013.762,276.76171875
4,9,16,13163,14562.021,1399.021484375
7,7,0,13339,13250.186,88.814453125
3,2,9,18304,17862.342,441.658203125
7,28,13,19374,18482.666,891.333984375
10,4,20,15900,15674.736,225.263671875
8,6,13,17590,17014.092,575.908203125
4,27,12,14193,14866.134,673.1337890625
12,10,8,14418,14370.512,47.48828125
3,30,18,14977,15054.334,77.333984375
9,16,8,16417,15694.264,722.736328125
11,3,22,15451,16000.086,549.0859375
9,5,12,15141,15929.905,788.9052734375
5,31,9,14616,14521.525,94.474609375
3,11,22,15421,14757.665,663.3349609375
12,28,12,15876,16419.434,543.43359375
2,14,0,16714,16184.794,529.2060546875
12,15,18,19848,18856.814,991.185546875
4,23,0,12072,12499.104,427.103515625
8,30,5,13113,13115.574,2.57421875
8,11,5,11969,11568.475,400.525390625
10,12,6,13641,13213.991,427.0087890625
8,30,16,16572,17190.514,618.513671875
9,16,15,16282,17435.033,1153.033203125
5,3,12,15299,15389.869,90.869140625
7,22,1,14207,14348.639,141.638671875
11,13,8,16362,16533.479,171.478515625
4,24,14,15230,15295.129,65.12890625
5,6,9,12825,12981.152,156.15234375
8,3,18,21512,22148.445,636.4453125
12,17,5,14184,13955.818,228.181640625
10,27,10,13921,13552.553,368.447265625
7,18,9,18905,19835.158,930.158203125
5,31,18,15136,15694.237,558.2373046875
1,3,18,20380,20355.807,24.193359375
8,11,4,12867,12610.754,256.24609375
5,4,23,12981,13622.211,641.2109375
12,7,11,18358,17943.102,414.8984375
11,27,17,17596,16633.908,962.091796875
10,1,20,17893,17243.758,649.2421875
3,13,4,14027,14105.422,78.421875
9,23,18,15756,15989.209,233.208984375
3,1,5,14990,14763.687,226.3134765625
10,15,5,13386,13344.401,41.5986328125
12,30,14,15568,15616.977,48.9765625
4,10,14,13723,14273.75,550.75
10,22,18,16796,17287.271,491.271484375
8,12,10,17467,17516.715,49.71484375
5,22,13,16317,17604.787,1287.787109375
12,23,8,15187,15298.953,111.953125
7,28,5,13243,13838.127,595.126953125
1,24,16,19265,18808.662,456.337890625
9,30,15,16041,15629.395,411.60546875
12,5,10,17107,16990.32,116.6796875
1,7,23,16353,16919.764,566.763671875
5,15,15,14507,14507.875,0.875
6,20,21,17673,17283.734,389.265625
3,8,21,17062,15939.741,1122.2587890625
6,27,11,17657,17487.15,169.849609375
7,23,21,19922,20616.21,694.2109375
7,26,18,20752,21453.258,701.2578125
6,16,13,12919,12993.244,74.244140625
2,8,9,18323,18164.742,158.2578125
11,29,12,17598,17601.875,3.875
4,24,17,15011,15068.154,57.154296875
9,28,12,14679,14337.4375,341.5625
3,20,16,13076,13034.254,41.74609375
5,1,0,11759,11980.498,221.498046875
6,2,20,18567,18297.24,269.759765625
4,1,0,12706,13432.092,726.091796875
12,4,19,18098,18472.205,374.205078125
5,1,16,15406,15285.3955,120.6044921875
11,24,7,14948,14062.448,885.5517578125
4,2,16,15592,14296.875,1295.125
10,11,0,11544,11748.262,204.26171875
6,17,17,15752,16229.602,477.6015625
4,25,4,11063,10865.933,197.0673828125
4,24,13,12028,12711.973,683.97265625
8,20,18,20056,21378.861,1322.861328125
5,10,11,14081,13641.018,439.982421875
9,13,8,15496,15928.729,432.728515625
9,27,23,13529,13658.914,129.9140625
8,19,6,14928,14442.2295,485.7705078125
3,8,11,16912,15396.347,1515.6533203125
5,2,16,14921,14461.231,459.7685546875
6,9,11,14444,14244.553,199.447265625
2,19,14,15724,15929.177,205.1767578125
12,8,20,17780,18136.967,356.966796875
8,29,13,17814,17430.943,383.056640625
2,2,16,16400,16231.885,168.115234375
12,31,20,17114,17824.744,710.744140625
7,17,4,13367,13516.424,149.423828125
1,26,1,13852,13350.201,501.798828125
8,14,5,13377,13175.335,201.6650390625
4,4,18,13997,13851.58,145.419921875
3,19,22,16489,15731.235,757.7646484375
5,19,4,10879,10297.379,581.62109375
3,25,4,12538,12212.424,325.576171875
6,2,2,12411,12170.933,240.0673828125
7,16,5,13913,14741.781,828.78125
11,22,23,16205,15300.984,904.015625
7,12,1,13505,13818.375,313.375
6,17,9,16323,17087.742,764.7421875
9,26,18,15729,16624.076,895.076171875
4,29,20,15774,15525.639,248.361328125
8,17,8,15938,15715.997,222.0029296875
5,16,1,12021,12063.551,42.55078125
7,5,7,18142,17126.025,1015.974609375
7,16,23,14758,15325.783,567.783203125
1,1,14,17040,16561.082,478.91796875
7,28,20,19891,20727.777,836.77734375
1,5,1,16429,16293.564,135.435546875
5,12,12,15294,15684.979,390.978515625
9,19,2,12759,13227.178,468.177734375
6,6,18,16119,15832.121,286.87890625
2,4,21,20310,19337.508,972.4921875
12,22,10,18014,18005.234,8.765625
5,27,2,12765,12376.101,388.8994140625
7,28,5,14481,14796.246,315.24609375
10,25,4,12922,12847.662,74.337890625
12,10,21,17148,16491.96,656.0390625
5,4,20,14187,15670.756,1483.755859375
3,1,18,16799,16775.273,23.7265625
7,8,12,19331,18908.754,422.24609375
7,19,16,20867,21054.799,187.798828125
7,28,16,21290,21561.156,271.15625
12,14,7,14245,13845.094,399.90625
6,21,19,17613,17303.23,309.76953125
9,17,7,14446,13762.025,683.974609375
11,7,15,16809,16516.975,292.025390625
4,16,14,13882,14402.497,520.4970703125
2,7,9,19115,18698.3,416.69921875
5,13,4,11046,10420.611,625.388671875
2,22,16,15560,16149.752,589.751953125
12,23,15,17937,18757.37,820.369140625
2,15,0,14354,14503.329,149.3291015625
1,21,23,18243,18244.139,1.138671875
2,12,5,14064,14021.691,42.30859375
7,2,10,13470,13564.066,94.06640625
3,29,10,14120,14713.795,593.794921875
1,28,22,19383,19494.291,111.291015625
1,18,3,14711,14322.951,388.048828125
12,25,23,13322,13327.66,5.66015625
7,26,20,18559,19852.197,1293.197265625
11,10,10,14406,15023.589,617.5888671875
1,10,11,15696,15485.957,210.04296875
9,15,2,13179,14125.24,946.240234375
10,24,16,15149,15131.291,17.708984375
5,5,6,13541,12972.939,568.060546875
12,24,7,13738,14198.014,460.013671875
4,10,21,16631,16422.705,208.294921875
5,15,17,15249,16495.68,1246.6796875
11,11,3,11881,11849.546,31.4541015625
9,10,3,12979,12944.8125,34.1875
3,14,6,14724,14714.131,9.869140625
2,9,12,19754,19336.363,417.63671875
3,29,9,13330,13049.413,280.5869140625
12,5,22,17992,18099.6,107.599609375
11,4,1,13199,13159.029,39.970703125
5,31,14,14423,14322.658,100.341796875
7,22,19,19807,19642.404,164.595703125
9,23,9,17218,16226.932,991.068359375
3,16,22,15323,15018.727,304.2734375
10,26,23,14164,14921.955,757.955078125
3,19,11,15264,14939.377,324.623046875
10,31,14,13720,14060.789,340.7890625
4,26,4,12546,12442.105,103.89453125
10,25,4,12165,12293.273,128.2734375
8,20,20,18940,18640.9,299.099609375
10,24,23,14355,14972.391,617.390625
4,21,22,15286,15352.99,66.990234375
12,25,15,14734,14980.232,246.232421875
8,20,18,20988,20738.396,249.603515625
1,16,10,18317,18108.283,208.716796875
8,6,9,16487,15606.984,880.015625
12,11,21,19767,18787.58,979.419921875
11,29,3,12548,12348.482,199.517578125
11,3,16,16137,15330.781,806.21875
7,8,22,15538,14833.777,704.22265625
10,1,9,12311,12154.161,156.8388671875
1,1,19,16859,16447.658,411.341796875
6,2,3,11613,11820.803,207.802734375
10,3,23,13556,14002.663,446.6630859375
12,4,2,13137,13147.018,10.017578125
9,21,0,13341,13871.125,530.125
1,7,10,18027,17770.396,256.603515625
11,6,18,17141,16579.016,561.984375
10,7,9,15438,14830.756,607.244140625
12,29,3,13511,13543.234,32.234375
11,5,14,14769,14637.484,131.515625
1,20,22,18654,17762.895,891.10546875
1,4,14,17173,17290.06,117.060546875
4,30,13,14041,14095.895,54.89453125
2,11,10,16566,16339.76,226.240234375
7,21,17,20179,19696.672,482.328125
10,16,21,15059,14857.889,201.111328125
9,25,6,13794,13732.592,61.408203125
10,4,16,14426,15340.743,914.7431640625
6,15,6,13491,13120.969,370.03125
3,25,20,15864,15993.436,129.435546875
6,17,1,11847,12528.668,681.66796875
7,30,21,17175,17301.947,126.947265625
6,20,6,13616,13753.514,137.513671875
1,8,23,16286,16588.678,302.677734375
4,6,18,17367,17131.041,235.958984375
12,3,18,18863,18096.957,766.04296875
7,10,3,13106,13143.833,37.8330078125
5,25,16,17210,18178.953,968.953125
8,20,6,14849,15040.605,191.60546875
3,22,10,17207,17332.533,125.533203125
3,6,5,12903,12231.67,671.330078125
12,25,0,14495,13613.647,881.3525390625
6,6,9,14977,14629.455,347.544921875
12,26,4,11398,11642.858,244.8583984375
3,9,20,18250,18586.682,336.681640625
1,5,12,19773,19730.836,42.1640625
11,10,8,13270,13319.199,49.19921875
6,7,13,14793,15496.171,703.1708984375
3,4,9,20233,19890.062,342.9375
11,19,9,16534,16752.3,218.30078125
12,18,9,17142,16948.62,193.380859375
4,15,3,12042,12027.311,14.689453125
8,20,2,13116,13281.438,165.4384765625
11,9,4,13072,12692.617,379.3828125
1,16,11,18346,18056.88,289.119140625
12,9,4,14101,13463.893,637.107421875
1,7,8,18000,17850.545,149.455078125
5,13,7,12235,12076.135,158.865234375
9,9,4,12364,12280.752,83.248046875
9,1,11,17578,17525.729,52.271484375
8,29,8,15323,15746.105,423.10546875
1,18,10,18465,18390.412,74.587890625
10,30,20,17489,16733.857,755.142578125
10,27,21,15871,14706.461,1164.5390625
12,28,18,17410,17546.27,136.26953125
11,7,0,14147,13507.047,639.953125
7,12,4,13056,12791.011,264.9892578125
4,23,20,15925,15844.512,80.48828125
5,12,7,14671,13893.289,777.7109375
12,17,15,16284,16377.37,93.3701171875
11,19,9,15313,15262.553,50.447265625
1,1,21,16165,16037.08,127.919921875
5,16,19,15300,15369.209,69.208984375
7,4,17,16572,17094.605,522.60546875
11,28,22,17792,16582.041,1209.958984375
11,3,13,14559,15087.17,528.169921875
11,30,8,16124,15008.46,1115.5400390625
11,11,23,15231,14814.412,416.587890625
4,20,8,13252,13094.174,157.826171875
7,22,1,13838,13910.84,72.83984375
6,18,10,15636,16053.554,417.5537109375
5,10,10,14042,13579.923,462.0771484375
8,26,15,15998,16629.932,631.931640625
8,18,10,15721,16453.43,732.4296875
8,27,9,12185,12718.035,533.03515625
10,19,7,15409,13730.504,1678.49609375
5,10,11,13522,14598.185,1076.1845703125
3,2,23,17725,17172.031,552.96875
1,29,8,18637,18008.69,628.310546875
1,28,12,14664,14958.376,294.3759765625
12,9,18,18234,18007.639,226.361328125
3,16,0,14463,14201.833,261.1669921875
1,11,21,16771,16905.004,134.00390625
8,31,19,15483,16120.248,637.248046875
7,16,12,14972,14072.625,899.375
3,26,7,17076,15873.301,1202.69921875
9,25,9,15533,15380.166,152.833984375
1,21,11,17097,17049.77,47.23046875
3,15,21,16556,16374.043,181.95703125
10,26,23,13839,14312.012,473.01171875
12,31,2,13404,13726.854,322.853515625
7,29,6,14680,15009.115,329.115234375
1,3,4,14920,15001.82,81.8203125
2,13,3,15111,15075.895,35.10546875
12,10,3,13908,13743.815,164.1845703125
10,28,9,16654,16036.557,617.443359375
8,17,1,13337,13061.134,275.8662109375
1,5,11,18547,18421.824,125.17578125
5,22,7,11416,11769.841,353.8408203125
12,19,20,19566,19681.328,115.328125
5,4,9,14190,13529.035,660.96484375
10,4,21,15412,15631.331,219.3310546875
6,19,9,17017,17280.496,263.49609375
4,12,21,15211,14837.677,373.3232421875
7,25,8,16057,15935.513,121.4873046875
10,18,21,14252,14832.207,580.20703125
2,19,7,13988,13531.1455,456.8544921875
4,3,22,14543,14313.537,229.462890625
10,17,6,14038,13495.838,542.162109375
3,23,0,14285,14210.48,74.51953125
7,12,10,17037,17455.607,418.607421875
7,9,20,19335,19978.416,643.416015625
11,3,8,14214,13523.83,690.169921875
7,10,17,17187,17090.408,96.591796875
10,27,14,16973,16494.35,478.650390625
11,21,22,18153,17891.514,261.486328125
2,22,10,18048,18150.008,102.0078125
10,23,6,11769,11716.531,52.46875
5,10,20,15434,15606.165,172.1650390625
8,4,14,18911,18301.568,609.431640625
2,27,14,19255,19018.225,236.775390625
2,19,12,16322,16805.76,483.759765625
11,15,12,16810,16294.616,515.3837890625
11,3,20,16113,16382.258,269.2578125
7,6,9,14123,13923.67,199.330078125
5,7,4,11275,11222.305,52.6953125
8,2,23,14728,15314.446,586.4462890625
10,27,1,12244,12293.666,49.666015625
12,2,17,19607,18878.13,728.869140625
10,18,8,16225,16233.783,8.783203125
10,28,10,15279,15189.261,89.7392578125
1,1,23,17218,17313.777,95.77734375
3,31,11,15538,15347.864,190.1357421875
7,30,18,17160,16857.502,302.498046875
12,21,10,17718,17345.555,372.4453125
6,17,3,11885,12153.743,268.7431640625
9,6,9,18593,17606.717,986.283203125
12,13,9,16313,16178.376,134.6240234375
11,7,23,15772,16508.924,736.923828125
10,9,5,11583,11107.805,475.1953125
8,24,2,12107,11853.4375,253.5625
1,11,22,18563,18610.307,47.306640625
6,3,1,13464,13782.312,318.3115234375
8,10,5,13377,13159.769,217.2314453125
11,20,17,17395,17531.963,136.962890625
11,4,15,16232,16562.19,330.189453125
7,9,9,15866,15036.645,829.35546875
8,9,14,15259,16561.879,1302.87890625
5,15,16,16551,16583.65,32.650390625
7,27,18,20360,19050.01,1309.990234375
11,22,16,17375,16745.627,629.373046875
4,9,18,13833,14055.825,222.8251953125
10,16,1,11653,12244.687,591.6865234375
6,5,18,17801,17556.084,244.916015625
10,30,1,12294,12439.533,145.533203125
6,26,14,18984,19203.127,219.126953125
10,28,15,16124,16426.105,302.10546875
11,5,7,14264,14547.922,283.921875
12,1,2,13084,12940.23,143.76953125
6,20,0,15655,15073.721,581.279296875
7,12,12,18355,18796.984,441.984375
12,12,23,14584,14796.387,212.38671875
10,5,12,15473,16132.863,659.86328125
6,6,1,11844,11950.5625,106.5625
12,30,10,15083,15480.07,397.0703125
12,30,17,17635,16363.102,1271.8984375
8,31,13,17644,17621.97,22.029296875
9,1,10,13070,13549.901,479.9013671875
1,23,8,20985,20593.916,391.083984375
12,15,17,19415,18360.92,1054.080078125
12,2,0,15409,14679.773,729.2265625
6,13,6,11704,12082.375,378.375
10,4,22,15017,15269.431,252.4306640625
11,25,2,14901,14710.963,190.037109375
11,7,7,14817,14822.748,5.748046875
12,4,5,12904,12904.262,0.26171875
12,4,14,18307,17727.494,579.505859375
7,7,11,15365,15119.637,245.36328125
4,30,0,13749,13006.574,742.42578125
11,5,4,11961,11894.371,66.62890625
2,18,14,16611,15692.963,918.037109375
2,16,9,18179,17623.193,555.806640625
8,2,22,20221,19743.799,477.201171875
10,26,5,12593,12844.115,251.115234375
2,9,11,17027,16844.395,182.60546875
7,11,20,17492,18713.346,1221.345703125
11,21,14,16669,16995.865,326.865234375
2,28,0,16520,15682.281,837.71875
3,31,18,16264,16801.088,537.087890625
1,29,9,18963,18316.807,646.193359375
10,26,16,16105,15491.575,613.4248046875
7,8,21,16068,16619.842,551.841796875
1,16,17,18473,18711.65,238.650390625
7,30,21,15417,16189.375,772.375
4,14,1,13399,12855.141,543.859375
7,20,10,18214,18143.389,70.611328125
7,3,11,13395,15073.635,1678.634765625
7,22,17,19706,19986.725,280.724609375
2,19,22,15534,15148.488,385.51171875
6,27,7,15118,14778.436,339.564453125
9,23,12,12963,13510.209,547.208984375
3,12,11,14736,15897.471,1161.470703125
8,7,10,13777,15654.629,1877.62890625
6,25,13,19138,19253.336,115.3359375
4,3,19,16466,16877.152,411.15234375
8,16,9,15773,15982.191,209.19140625
9,28,20,15655,15580.824,74.17578125
12,12,22,18863,18261.135,601.865234375
7,1,22,18276,17229.533,1046.466796875
5,6,7,14348,13775.828,572.171875
9,25,19,17173,16909.207,263.79296875
4,17,10,16358,16292.213,65.787109375
3,10,17,18188,18290.033,102.033203125
5,20,1,12121,11934.624,186.3759765625
1,2,17,17131,16380.847,750.1533203125
8,17,21,18461,18412.592,48.408203125
7,16,21,15557,15721.22,164.2197265625
4,20,3,11804,11655.66,148.33984375
5,7,22,14383,15233.609,850.609375
8,14,14,18181,17637.121,543.87890625
11,7,10,14263,14271.596,8.595703125
6,18,23,14683,14721.549,38.548828125
4,17,23,13558,14006.271,448.271484375
12,29,6,12373,12207.736,165.263671875
6,5,7,12543,12919.459,376.458984375
12,1,18,18081,18273.943,192.943359375
9,19,18,15956,16541.713,585.712890625
2,4,5,13671,13853.872,182.8720703125
7,6,22,16472,16462.908,9.091796875
3,12,4,13918,13550.588,367.412109375
3,15,22,16209,15871.537,337.462890625
5,22,23,14532,13968.034,563.9658203125
1,20,1,14674,14849.703,175.703125
2,4,14,19523,18572.53,950.470703125
6,6,23,13148,12961.865,186.134765625
7,6,18,21390,22473.205,1083.205078125
6,1,19,15296,15445.558,149.5576171875
6,29,7,15017,14541.358,475.6416015625
11,14,22,17416,17346.174,69.826171875
3,11,8,14840,15320.889,480.888671875
1,19,10,17402,17495.807,93.806640625
10,12,14,14713,15185.353,472.3525390625
7,27,7,15502,14998.219,503.78125
8,31,14,20344,20138.072,205.927734375
2,9,19,20899,20287.969,611.03125
10,16,21,15001,14855.3545,145.6455078125
1,5,4,12882,12671.691,210.30859375
2,21,11,16793,16737.152,55.84765625
5,11,13,12819,12535.602,283.3984375
10,3,18,16867,17305.842,438.841796875
6,25,1,13511,13889.018,378.017578125
9,13,18,18926,20154.002,1228.001953125
3,24,13,17789,17357.744,431.255859375
12,7,8,16756,17292.889,536.888671875
12,18,15,16672,17076.326,404.326171875
3,29,23,14109,14271.576,162.576171875
5,1,14,14262,14592.861,330.861328125
1,15,21,18308,18489.283,181.283203125
11,16,14,16391,16289.227,101.7734375
5,9,9,14220,14584.299,364.298828125
2,12,23,17961,17369.785,591.21484375
9,19,8,14367,14575.511,208.5107421875
8,12,23,16762,16743.975,18.025390625
4,2,2,12965,13449.814,484.814453125
4,15,20,15350,16565.783,1215.783203125
11,3,7,14580,15074.145,494.14453125
7,28,5,14298,14853.682,555.681640625
12,7,0,15089,14845.251,243.7490234375
10,12,21,13968,14042.672,74.671875
10,4,7,15722,14913.185,808.8154296875
3,17,14,14145,15032.318,887.318359375
5,1,19,16382,15927.605,454.39453125
2,3,16,17139,17211.475,72.474609375
10,20,18,16373,16697.584,324.583984375
1,21,21,22194,22363.21,169.2109375
3,12,19,18081,18186.133,105.1328125
8,24,13,19417,19686.729,269.728515625
8,24,18,17870,17745.56,124.439453125
9,13,23,13979,14419.186,440.185546875
5,8,22,15136,14822.557,313.443359375
4,12,0,13496,13303.096,192.904296875
5,27,17,13508,13930.541,422.541015625
1,22,4,13748,13687.137,60.86328125
2,24,12,15637,16023.626,386.6259765625
6,1,18,18197,16915.533,1281.466796875
7,15,3,12465,12264.119,200.880859375
6,11,2,11624,11640.951,16.951171875
11,1,1,13798,14052.717,254.716796875
12,22,0,15035,14453.293,581.70703125
6,5,9,15843,16312.207,469.20703125
10,8,12,14974,14631.26,342.740234375
9,10,23,13575,14098.299,523.298828125
2,5,22,18078,18135.664,57.6640625
9,12,18,19341,18735.945,605.0546875
2,17,6,14186,13887.67,298.330078125
10,26,18,17158,17412.174,254.173828125
5,29,13,14879,15144.123,265.123046875
11,4,22,14916,15560.971,644.970703125
11,7,21,16024,15577.752,446.248046875
9,2,6,14670,14754.293,84.29296875
8,5,8,14671,15167.633,496.6328125
12,28,9,14789,15234.698,445.6982421875
4,29,15,13299,13377.213,78.212890625
10,6,14,15373,15912.24,539.240234375
9,27,10,14729,15577.18,848.1796875
9,9,19,18721,18560.451,160.548828125
5,25,9,15109,15959.025,850.025390625
1,26,14,18601,18274.275,326.724609375
7,1,10,17082,16978.742,103.2578125
5,20,16,13952,13440.417,511.5830078125
11,10,14,16052,16094.207,42.20703125
6,10,15,13317,13902.549,585.548828125
9,20,19,17091,17384.312,293.3125
1,21,7,18773,18664.568,108.431640625
11,2,19,15799,16176.231,377.2314453125
12,1,5,13486,13515.787,29.787109375
11,7,4,11158,11386.678,228.677734375
8,9,13,20356,20595.854,239.853515625
3,6,6,13042,12208.889,833.111328125
3,24,7,18545,18247.127,297.873046875
6,19,23,16884,16183.928,700.072265625
2,6,22,18697,17879.512,817.48828125
6,7,8,13574,13122.82,451.1796875
10,13,17,13207,13655.367,448.3671875
10,20,1,12131,11946.337,184.6630859375
11,18,23,16022,16247.213,225.212890625
10,16,12,13377,13787.88,410.8798828125
3,24,7,17458,15822.043,1635.95703125
11,20,14,17498,17782.521,284.521484375
3,18,1,13804,14308.35,504.349609375
9,11,12,15466,16112.73,646.73046875
9,16,17,16192,17048.182,856.181640625
1,19,13,16634,16458.2,175.80078125
11,4,12,15446,15845.45,399.4501953125
4,6,5,13715,13098.622,616.3779296875
11,5,14,13623,13793.336,170.3359375
1,27,12,19335,18603.719,731.28125
8,10,11,21545,21137.756,407.244140625
7,1,17,17956,18645.537,689.537109375
1,18,0,15480,15045.504,434.49609375
7,5,17,22652,22712.64,60.640625
11,8,11,12539,13092.488,553.48828125
8,30,9,15334,15475.414,141.4140625
12,22,12,17546,16398.662,1147.337890625
6,2,16,18783,19606.064,823.064453125
6,7,3,11457,11407.961,49.0390625
11,26,12,15430,14808.749,621.2509765625
2,13,3,15655,15487.611,167.388671875
3,13,12,14461,15420.516,959.515625
6,6,20,15378,15460.139,82.138671875
1,30,13,18735,17969.008,765.9921875
1,22,16,20416,19964.502,451.498046875
10,26,7,16274,14941.531,1332.46875
11,12,1,12509,12351.889,157.111328125
9,4,6,13964,13518.901,445.0986328125
1,18,10,17324,17286.184,37.81640625
9,8,19,14805,14630.713,174.287109375
5,7,9,12320,12152.604,167.396484375
2,10,1,15404,15235.322,168.677734375
3,16,4,13005,12768.811,236.189453125
8,2,23,17349,17071.174,277.826171875
1,29,6,16050,15790.119,259.880859375
1,21,17,19541,19461.326,79.673828125
12,23,11,15276,15554.358,278.3583984375
10,8,9,13627,13309.774,317.2255859375
9,8,13,13282,13185.395,96.60546875
8,13,3,12888,12642.279,245.720703125
6,12,7,16503,14422.456,2080.5439453125
1,13,15,18495,18307.682,187.318359375
11,8,23,14654,14160.318,493.681640625
3,11,21,16949,16587.895,361.10546875
12,10,18,18232,17320.562,911.4375
1,6,9,17118,17205.08,87.080078125
12,15,1,15695,15882.119,187.119140625
8,30,6,15655,16215.908,560.908203125
3,30,2,13326,13618.636,292.6357421875
4,30,8,13411,14428.35,1017.349609375
4,3,7,15208,13760.127,1447.873046875
7,2,2,11702,12045.501,343.5009765625
7,9,12,23236,22734.15,501.849609375
3,6,19,17949,17967.027,18.02734375
10,3,9,14948,15117.316,169.31640625
11,25,3,12773,12686.257,86.7431640625
11,19,8,15164,15205.74,41.740234375
11,21,22,15073,14710.174,362.826171875
11,11,20,16160,16798.445,638.4453125
5,22,13,14779,14020.129,758.87109375
10,2,11,16271,16361.04,90.0400390625
11,2,22,15012,15250.839,238.8388671875
12,15,5,13561,13646.125,85.125
5,28,8,12124,12356.612,232.6123046875
4,8,22,14820,14803.338,16.662109375
11,20,16,17922,18245.787,323.787109375
7,29,9,16844,16517.184,326.81640625
6,26,6,13317,13063.637,253.36328125
4,20,7,13428,14435.205,1007.205078125
3,5,10,15236,15656.707,420.70703125
6,30,2,12505,13305.445,800.4453125
1,11,19,20915,20700.879,214.12109375
4,20,0,13389,12767.741,621.2587890625
5,4,1,12208,11598.247,609.7529296875
7,25,1,14462,14156.422,305.578125
2,10,14,17545,17455.09,89.91015625
5,3,21,16058,15764.254,293.74609375
2,28,0,14544,14392.689,151.310546875
12,12,14,17617,17444.656,172.34375
12,11,12,15917,16517.748,600.748046875
4,22,7,14932,14117.41,814.58984375
3,8,12,16343,16567.621,224.62109375
9,20,13,12142,12720.664,578.6640625
8,29,19,20668,20535.936,132.064453125
10,9,20,14077,14892.881,815.880859375
4,23,14,15947,14948.765,998.2353515625
4,13,6,11922,12706.566,784.56640625
1,24,16,20202,19344.303,857.697265625
11,25,0,15123,14110.271,1012.728515625
7,24,22,18124,17042.592,1081.408203125
7,29,12,17075,16015.209,1059.791015625
2,10,22,17266,16726.484,539.515625
1,29,13,17254,17521.838,267.837890625
8,15,3,13030,12804.596,225.404296875
12,19,15,17263,17652.338,389.337890625
4,22,18,14507,15047.946,540.9462890625
12,22,13,17640,17725.975,85.974609375
7,10,12,18385,18683.639,298.638671875
1,21,6,15747,16094.859,347.859375
9,16,16,16139,16719.4,580.400390625
1,17,13,18151,17662.637,488.36328125
11,28,7,14871,14258.562,612.4384765625
5,20,7,11364,11679.923,315.9228515625
6,19,5,12350,12757.842,407.841796875
3,5,14,15517,15368.602,148.3984375
8,22,10,14725,14987.024,262.0244140625
7,13,1,13237,13387.709,150.708984375
11,20,7,15334,14939.166,394.833984375
11,20,3,13206,13361.278,155.2783203125
3,20,8,17996,16648.76,1347.240234375
10,26,0,12669,13067.215,398.21484375
9,17,5,13374,13396.791,22.791015625
5,13,13,12505,13418.611,913.611328125
11,9,14,16122,16716.793,594.79296875
7,8,19,19408,18911.904,496.095703125
9,27,22,14513,14131.219,381.78125
1,21,21,19507,18714.033,792.966796875
12,7,16,18753,18821.24,68.240234375
9,1,19,14674,15372.717,698.716796875
8,22,16,18941,18956.783,15.783203125
5,24,16,13846,14212.4,366.400390625
10,5,14,13618,14112.912,494.912109375
11,9,21,16249,15631.578,617.421875
1,6,23,18723,19275.63,552.630859375
11,24,5,12965,13055.385,90.384765625
5,1,2,12233,11820.387,412.61328125
7,24,10,18051,18104.842,53.841796875
12,17,22,17280,16826.748,453.251953125
8,15,6,13690,13791.244,101.244140625
2,8,10,17477,16421.535,1055.46484375
1,5,16,15859,16099.389,240.388671875
7,9,20,20767,21492.0,725.0
7,18,0,14355,14226.111,128.888671875
10,2,11,16034,16148.661,114.6611328125
8,10,21,15842,15198.569,643.4306640625
5,31,23,16858,16183.33,674.669921875
1,7,2,14398,14179.784,218.2158203125
10,6,1,12525,12423.785,101.21484375
6,28,23,17140,17346.17,206.169921875
11,23,23,15839,15161.178,677.822265625
8,23,2,14995,15228.635,233.634765625
10,8,8,15278,14983.22,294.7802734375
4,25,4,11669,11727.922,58.921875
7,6,16,21312,22007.55,695.55078125
7,28,20,20119,20257.16,138.16015625
3,22,20,17603,16306.939,1296.060546875
9,17,18,16064,16620.264,556.263671875
8,10,23,16403,16540.766,137.765625
10,5,15,12646,13339.848,693.84765625
9,24,19,16635,16896.096,261.095703125
6,26,2,12778,12580.671,197.3291015625
3,22,11,17359,17737.5,378.5
9,5,7,17445,16090.418,1354.58203125
8,13,20,19820,20096.969,276.96875
7,25,20,17472,18034.068,562.068359375
4,20,23,12468,12958.332,490.33203125
1,13,22,17814,17698.568,115.431640625
9,30,5,11345,11589.734,244.734375
11,2,22,15773,14870.053,902.947265625
12,19,3,13613,13144.375,468.625
4,18,7,16464,15997.13,466.8701171875
4,12,15,14840,15001.654,161.654296875
12,31,13,16257,15680.527,576.47265625
8,20,10,19128,19048.906,79.09375
6,2,5,11852,12422.211,570.2109375
1,5,6,15135,15528.839,393.8388671875
4,14,6,13552,13206.477,345.5234375
12,15,0,16036,15015.169,1020.8310546875
11,5,5,12620,12748.145,128.14453125
1,3,20,18580,18677.988,97.98828125
1,12,8,18583,17783.453,799.546875
12,9,0,15296,14596.936,699.064453125
11,23,20,18590,18021.518,568.482421875
6,29,4,14513,15293.393,780.392578125
1,28,23,16062,16084.404,22.404296875
3,29,16,16214,16492.97,278.970703125
5,6,14,13403,14029.602,626.6015625
7,13,23,19383,19733.256,350.255859375
12,28,23,15455,15535.078,80.078125
3,1,19,20063,20041.887,21.11328125
10,14,20,16035,15908.379,126.62109375
8,20,2,11590,11802.029,212.029296875
6,5,18,15953,15044.776,908.2236328125
12,9,18,20975,19551.332,1423.66796875
11,11,4,12095,11804.717,290.283203125
7,13,17,19115,18703.86,411.140625
5,8,0,12037,12532.468,495.4677734375
10,3,20,16006,16574.498,568.498046875
3,22,5,13735,13529.919,205.0810546875
7,23,6,13001,14149.162,1148.162109375
9,7,23,13249,12331.461,917.5390625
9,21,1,12397,12732.465,335.46484375
9,30,15,14635,15066.626,431.6259765625
10,26,18,16771,17524.77,753.76953125
4,14,13,13591,14367.829,776.8291015625
12,25,20,15124,15194.2295,70.2294921875
12,2,8,17509,17324.44,184.560546875
1,21,5,16326,16129.232,196.767578125
10,12,11,15161,15119.216,41.7841796875
9,20,15,13364,13638.93,274.9296875
11,3,15,15913,16125.045,212.044921875
9,25,15,15875,16603.47,728.470703125
8,11,14,19466,19689.77,223.76953125
8,31,8,12607,12539.178,67.822265625
5,18,20,16428,16072.851,355.1494140625
1,18,14,18017,17897.78,119.220703125
4,24,4,12653,12273.271,379.728515625
9,30,17,17295,17381.232,86.232421875
3,7,22,16158,15517.929,640.0712890625
10,10,16,12822,13929.888,1107.8876953125
10,18,5,12053,12153.117,100.1171875
4,27,15,13771,14587.264,816.263671875
10,29,20,16263,16503.14,240.140625
4,15,14,14054,14237.314,183.314453125
1,21,18,21525,21139.857,385.142578125
1,15,3,14553,14608.277,55.27734375
6,17,11,17040,16077.47,962.5302734375
5,29,1,11584,11754.322,170.322265625
8,26,22,18195,17690.521,504.478515625
11,20,2,13323,13162.873,160.126953125
1,3,14,17749,17041.756,707.244140625
2,15,6,14138,14237.703,99.703125
8,8,1,17095,16691.697,403.302734375
1,17,4,16371,16141.148,229.8515625
2,11,0,16859,16255.995,603.0048828125
11,5,5,12256,12565.859,309.859375
12,14,10,15660,15706.315,46.3154296875
12,7,17,18497,18688.951,191.951171875
12,22,11,16681,16525.867,155.1328125
8,10,5,13725,13739.815,14.8154296875
11,6,18,16514,16380.428,133.572265625
4,26,20,13801,13950.399,149.3994140625
9,28,21,15846,16132.817,286.8173828125
6,19,4,12372,11869.706,502.2939453125
9,27,19,16649,16768.744,119.744140625
1,17,5,15597,15483.623,113.376953125
6,17,3,13673,14964.077,1291.0771484375
4,2,1,13230,13674.727,444.7265625
4,26,23,14116,13579.738,536.26171875
5,23,15,14795,15331.669,536.6689453125
5,1,17,13696,12942.104,753.896484375
3,4,11,17025,16988.174,36.826171875
1,23,8,16360,15830.097,529.9033203125
12,8,14,17955,17667.258,287.7421875
4,27,11,14043,14926.047,883.046875
5,2,16,15980,15380.485,599.5146484375
4,6,16,16159,16250.98,91.98046875
4,15,21,15869,16016.272,147.2724609375
7,17,1,14526,14928.9795,402.9794921875
10,15,12,15962,15305.984,656.015625
11,22,2,13236,13336.325,100.3251953125
10,12,10,14703,15234.022,531.0224609375
12,22,3,14923,14782.309,140.69140625
3,2,8,15956,16287.324,331.32421875
11,12,12,16922,16210.541,711.458984375
11,25,5,13052,13475.654,423.654296875
1,22,3,13730,13803.248,73.248046875
2,12,3,13776,13639.537,136.462890625
9,14,7,14784,14078.951,705.048828125
8,25,15,19347,18795.48,551.51953125
7,4,6,13143,13213.252,70.251953125
8,6,16,18446,18379.42,66.580078125
11,25,3,13248,12685.671,562.3291015625
2,5,14,17938,17620.602,317.3984375
4,16,3,11608,11376.431,231.5693359375
9,26,5,12709,13692.16,983.16015625
9,23,19,16119,16605.703,486.703125
7,16,10,18983,19615.932,632.931640625
4,21,23,14065,13913.553,151.447265625
3,19,5,14475,14337.71,137.2900390625
3,24,11,16628,16333.32,294.6796875
1,16,13,17150,17095.26,54.740234375
7,31,7,16115,15140.645,974.35546875
7,10,0,16434,16196.089,237.9111328125
10,11,11,15907,15729.199,177.80078125
10,12,21,14578,14539.061,38.939453125
11,28,16,15343,15706.793,363.79296875
3,20,3,13565,13831.313,266.3134765625
1,31,10,16275,16181.3,93.7001953125
10,4,15,15316,15638.916,322.916015625
7,26,20,17276,17817.06,541.060546875
1,28,1,14741,14529.482,211.517578125
10,15,15,15288,15132.77,155.23046875
5,26,22,18266,18634.54,368.5390625
3,26,18,16417,16731.863,314.86328125
10,30,9,15857,16330.012,473.01171875
5,24,9,11636,12624.674,988.673828125
10,1,14,15482,15285.271,196.728515625
8,24,21,17370,16773.602,596.3984375
9,23,11,14209,14698.74,489.740234375
3,2,14,16588,16838.443,250.443359375
4,12,1,11883,12351.183,468.1826171875
4,14,16,13770,14308.248,538.248046875
10,21,3,11829,11425.002,403.998046875
5,9,6,11425,11408.556,16.4443359375
6,14,5,10340,10719.746,379.74609375
7,26,14,16676,16981.625,305.625
3,24,14,18116,18244.557,128.556640625
8,3,4,15447,14995.977,451.0234375
4,11,0,13638,13868.3125,230.3125
2,5,7,16689,16213.985,475.0146484375
3,15,8,17614,17089.275,524.724609375
3,16,3,13262,13065.986,196.013671875
12,17,18,19337,18989.746,347.25390625
6,14,22,14244,14583.916,339.916015625
11,19,11,15123,14911.447,211.552734375
7,2,22,16612,16738.023,126.0234375
12,15,19,18862,18584.584,277.416015625
5,1,14,15637,15795.212,158.2119140625
5,8,11,14303,13810.545,492.455078125
1,23,21,19295,19658.322,363.322265625
4,26,12,14185,14261.918,76.91796875
2,26,21,17246,17007.164,238.8359375
6,4,0,11750,11734.865,15.134765625
1,15,6,15394,14583.545,810.455078125
8,20,22,17673,17525.348,147.65234375
3,29,20,17381,17044.854,336.146484375
2,6,7,16626,16306.305,319.6953125
9,25,21,16004,15981.169,22.8310546875
6,15,23,13495,13452.617,42.3828125
5,24,16,13814,14201.18,387.1796875
2,23,4,13744,12977.5205,766.4794921875
1,23,15,17147,17255.525,108.525390625
4,3,13,17308,16425.916,882.083984375
3,9,12,15778,16180.193,402.193359375
1,25,8,17526,17916.379,390.37890625
9,18,6,14494,14081.91,412.08984375
2,5,20,17996,17825.986,170.013671875
6,19,2,12497,13614.828,1117.828125
11,15,0,15457,15005.822,451.177734375
5,5,23,13101,13154.797,53.796875
10,1,10,14665,14983.051,318.05078125
12,11,13,16721,16911.873,190.873046875
6,18,5,12337,12964.82,627.8203125
12,12,13,17492,18150.666,658.666015625
9,11,20,16463,15809.1,653.900390625
3,8,10,13563,13927.181,364.1806640625
2,27,20,19354,18953.855,400.14453125
8,21,16,19116,18350.178,765.822265625
1,25,9,18965,18625.092,339.908203125
12,19,2,13460,13941.568,481.568359375
9,5,1,12720,13006.676,286.67578125
10,4,4,12681,12237.219,443.78125
10,25,20,16385,16977.625,592.625
9,29,15,13137,13211.952,74.9521484375
9,29,2,11765,11679.068,85.931640625
11,21,18,17252,17305.78,53.779296875
4,13,16,15211,15605.529,394.529296875
10,31,7,13974,13735.035,238.96484375
10,20,12,13317,13584.824,267.82421875
8,15,14,15756,15816.126,60.1259765625
1,23,12,17576,17275.088,300.912109375
3,17,8,17076,16339.618,736.3818359375
4,6,1,12848,13373.621,525.62109375
10,8,5,13291,13149.249,141.7509765625
3,6,14,16378,16825.82,447.8203125
9,7,19,15864,15034.027,829.97265625
6,19,17,17732,18707.34,975.33984375
6,19,11,18750,18157.035,592.96484375
1,17,16,17754,17524.135,229.865234375
1,19,12,17279,17087.54,191.4609375
11,2,16,15560,15141.917,418.0830078125
12,1,5,13215,13017.818,197.181640625
6,29,0,17038,17158.5,120.5
5,7,11,15188,14538.628,649.3720703125
6,10,12,14838,14822.063,15.9365234375
1,20,7,16943,16345.422,597.578125
2,13,7,16381,16228.592,152.408203125
7,3,10,13784,13743.033,40.966796875
2,9,11,17850,18408.814,558.814453125
7,10,13,17990,17989.805,0.1953125
11,1,13,16407,16266.25,140.75
11,4,21,15193,14884.326,308.673828125
3,2,17,16701,16032.982,668.017578125
8,12,17,18409,18885.15,476.150390625
8,14,8,16200,16010.807,189.193359375
9,17,18,16290,17180.004,890.00390625
8,18,18,21189,20479.498,709.501953125
8,12,0,14225,14347.078,122.078125
8,12,18,20403,20044.793,358.20703125
2,28,6,16425,16783.299,358.298828125
9,19,10,17125,17197.771,72.771484375
8,8,5,16232,16085.212,146.7880859375
5,9,18,14979,15525.914,546.9140625
1,21,3,13103,13410.75,307.75
8,20,19,19076,18490.803,585.197265625
12,23,23,17497,16880.436,616.564453125
9,11,21,15804,15143.972,660.0283203125
5,26,23,15778,15520.245,257.7548828125
2,2,12,16856,16784.506,71.494140625
9,22,23,13584,13975.35,391.349609375
8,6,10,19011,18659.395,351.60546875
7,25,9,16143,16166.184,23.18359375
6,9,13,14265,14024.5205,240.4794921875
12,18,6,13883,14522.879,639.87890625
11,8,0,14109,13581.917,527.0830078125
9,17,6,13023,12916.678,106.322265625
11,19,21,17857,17427.607,429.392578125
2,7,22,18010,17261.707,748.29296875
3,29,2,13259,12514.783,744.216796875
2,6,22,17917,17336.62,580.380859375
10,5,9,15042,14998.274,43.7255859375
7,5,5,13147,13756.594,609.59375
11,22,12,17485,16844.7,640.30078125
7,23,2,12677,12661.814,15.185546875
8,2,19,19142,19518.256,376.255859375
11,6,13,12769,13081.535,312.53515625
12,28,16,16390,16631.965,241.96484375
8,16,2,13595,13552.211,42.7890625
7,14,4,12147,12128.178,18.822265625
3,30,5,12571,12566.863,4.13671875
11,15,18,17972,17500.82,471.1796875
9,21,23,13550,13814.18,264.1796875
7,29,2,14943,14429.625,513.375
2,1,15,17884,17625.438,258.5625
1,30,17,18182,18241.58,59.580078125
1,6,9,18115,18221.193,106.193359375
10,19,22,14047,14725.318,678.318359375
5,11,20,14384,14796.232,412.232421875
4,25,6,13346,12806.258,539.7421875
6,19,21,17666,17449.611,216.388671875
2,14,7,15942,15380.71,561.2900390625
11,11,4,12254,12089.682,164.318359375
8,7,17,18420,18725.08,305.080078125
5,11,1,12149,12190.3955,41.3955078125
11,15,12,16585,15146.788,1438.2119140625
4,11,6,13746,12898.48,847.51953125
12,7,8,16000,15422.885,577.115234375
1,14,3,16702,16662.963,39.037109375
11,13,13,15166,15807.15,641.150390625
4,3,3,11791,12088.462,297.4619140625
8,14,0,14865,15130.232,265.232421875
12,28,16,16384,17635.902,1251.90234375
5,21,15,11994,12527.467,533.466796875
6,18,2,15196,15446.713,250.712890625
8,23,8,18418,18128.346,289.654296875
7,22,10,14434,14155.613,278.38671875
6,6,7,14072,13437.826,634.173828125
8,8,9,14452,14229.76,222.240234375
10,15,20,15548,15418.969,129.03125
11,26,3,13956,13245.936,710.064453125
6,28,4,11952,12241.475,289.474609375
5,3,3,10984,11066.046,82.0458984375
1,7,16,17142,17196.568,54.568359375
2,23,7,14680,14194.979,485.021484375
5,11,9,14171,14813.465,642.46484375
11,10,21,18048,18293.164,245.1640625
7,14,4,13869,13803.525,65.474609375
9,17,1,12514,13215.193,701.193359375
5,17,20,12846,13650.92,804.919921875
1,10,7,16628,16459.887,168.11328125
8,26,14,16700,16757.164,57.1640625
10,17,16,13308,13657.525,349.525390625
8,17,2,12955,12828.368,126.6318359375
1,5,20,20429,21481.658,1052.658203125
4,8,11,13560,14454.5,894.5
12,24,15,16149,16363.963,214.962890625
10,31,8,15775,15413.185,361.8154296875
11,13,20,15588,15463.338,124.662109375
8,16,16,19945,19785.111,159.888671875
5,29,17,18959,18158.674,800.326171875
10,3,1,12027,12151.822,124.822265625
6,7,2,12231,12189.296,41.7041015625
5,15,16,12443,12982.361,539.361328125
12,10,2,14671,14598.441,72.55859375
1,12,16,17135,17119.828,15.171875
11,2,11,15478,15486.622,8.6220703125
6,4,9,15401,15454.775,53.775390625
1,18,4,13633,13688.807,55.806640625
12,16,14,18084,17657.72,426.279296875
12,24,22,14975,16687.826,1712.826171875
11,13,14,17276,17205.846,70.154296875
7,8,8,16714,16710.047,3.953125
6,13,12,15218,15949.73,731.73046875
8,27,19,21961,22097.389,136.388671875
6,2,2,11359,11701.959,342.958984375
7,3,3,11284,11799.246,515.24609375
8,13,23,16230,16062.836,167.1640625
1,29,19,19439,19791.258,352.2578125
12,29,0,14521,13994.822,526.177734375
10,29,0,12808,12740.34,67.66015625
3,16,10,15399,15535.441,136.44140625
11,19,15,15258,15548.841,290.8408203125
5,22,18,17060,17484.916,424.916015625
3,4,13,17501,17266.307,234.693359375
7,11,19,19443,19470.2,27.19921875
6,5,9,15401,15055.294,345.7060546875
7,18,11,19816,20872.488,1056.48828125
7,8,6,15493,15167.371,325.62890625
11,18,21,16457,17468.295,1011.294921875
10,14,3,12086,11371.938,714.0615234375
7,18,12,19384,19308.277,75.72265625
1,16,22,16989,16861.1,127.900390625
8,4,11,18289,18457.922,168.921875
3,30,5,13163,13587.082,424.08203125
11,29,9,17701,17213.58,487.419921875
1,16,8,17207,17495.598,288.59765625
1,10,15,17396,17881.969,485.96875
7,1,3,13055,12987.8125,67.1875
10,26,21,14773,15107.184,334.18359375
12,12,10,18882,18708.814,173.185546875
2,19,20,19758,19747.146,10.853515625
8,24,7,15025,14913.525,111.474609375
3,11,5,14268,13254.352,1013.6484375
2,15,18,19858,19456.348,401.65234375
9,3,22,15748,15653.002,94.998046875
12,9,22,16968,16544.17,423.830078125
12,16,20,19432,18910.52,521.48046875
9,11,11,15749,16347.1875,598.1875
7,9,20,16097,16384.678,287.677734375
10,2,12,12690,13089.535,399.53515625
2,28,1,16416,16152.478,263.5224609375
5,3,3,12905,12529.729,375.271484375
9,2,22,16498,16841.604,343.603515625
10,12,1,11795,12083.27,288.26953125
6,15,18,19724,20076.504,352.50390625
12,29,7,14574,14700.543,126.54296875
8,10,3,15362,15793.027,431.02734375
1,8,15,16796,17237.248,441.248046875
9,28,4,11860,12635.689,775.689453125
8,16,16,20369,20184.223,184.77734375
3,17,10,14534,15410.275,876.275390625
6,6,3,11244,11278.669,34.6689453125
7,14,9,16496,16653.863,157.86328125
11,13,6,12556,12513.047,42.953125
7,1,6,12024,12394.369,370.369140625
1,7,19,19110,19488.309,378.30859375
11,11,21,16771,15870.933,900.0673828125
5,30,13,14638,15419.458,781.4580078125
6,16,6,13605,13318.848,286.15234375
5,4,3,11462,11556.941,94.94140625
3,31,10,14852,15846.098,994.09765625
9,19,15,19715,19902.143,187.142578125
2,14,7,17912,17560.447,351.552734375
9,11,8,13101,12217.789,883.2109375
2,16,1,15420,15166.02,253.98046875
10,18,14,14626,14907.578,281.578125
9,23,16,19374,20672.092,1298.091796875
12,20,20,17249,17059.084,189.916015625
11,21,17,16401,16975.266,574.265625
1,16,18,19218,19005.49,212.509765625
2,18,2,14682,14589.316,92.68359375
9,7,0,12660,12698.719,38.71875
12,23,7,14510,14385.429,124.5712890625
10,10,13,15314,16011.658,697.658203125
5,5,16,15656,15252.027,403.97265625
11,14,1,12884,13343.227,459.2265625
12,18,6,13891,13662.505,228.4951171875
3,27,22,15251,15603.84,352.83984375
4,27,1,12223,12186.584,36.416015625
7,13,23,17106,17406.654,300.654296875
11,19,7,12707,12792.698,85.6982421875
6,4,18,16805,16409.229,395.771484375
4,1,18,14194,14254.947,60.947265625
12,27,5,11851,12911.617,1060.6171875
3,23,16,14866,15002.75,136.75
10,14,10,15172,15063.236,108.763671875
5,27,9,13098,12914.876,183.1240234375
8,12,5,13036,12552.51,483.490234375
9,9,3,10801,11014.841,213.8408203125
1,7,23,19414,19662.146,248.146484375
8,27,23,19025,18531.387,493.61328125
1,5,6,13167,13022.677,144.3232421875
4,22,10,14747,15611.446,864.4462890625
8,2,16,17462,19682.307,2220.306640625
10,13,20,16457,16797.127,340.126953125
9,5,8,13483,13755.9375,272.9375
11,21,14,15130,15495.348,365.34765625
5,8,15,12982,13936.721,954.720703125
7,18,17,17888,17402.707,485.29296875
10,13,7,14842,14684.643,157.357421875
12,29,19,17603,17796.92,193.919921875
1,8,0,18283,17560.908,722.091796875
1,8,7,16550,16151.693,398.306640625
8,31,15,18990,18710.33,279.669921875
12,10,1,14503,14424.068,78.931640625
9,17,5,13782,13641.896,140.103515625
5,30,21,13767,13832.24,65.240234375
1,5,9,17235,17782.672,547.671875
1,6,17,18238,18078.56,159.439453125
11,3,21,16386,16686.523,300.5234375
8,8,19,17999,18762.834,763.833984375
7,29,2,13005,12917.429,87.5712890625
12,25,14,14987,15438.206,451.2060546875
9,25,17,17143,17246.025,103.025390625
7,25,3,14044,14241.34,197.33984375
2,5,18,18001,17220.982,780.017578125
2,15,8,16155,15916.636,238.3642578125
9,8,15,13361,13646.097,285.0966796875
2,11,20,18255,17693.072,561.927734375
10,19,9,16054,16183.654,129.654296875
8,29,0,13263,13040.227,222.7734375
12,1,20,16641,16973.67,332.669921875
10,14,22,13831,13646.343,184.6572265625
11,23,16,16431,16369.923,61.0771484375
1,8,22,17814,17190.572,623.427734375
12,3,23,15715,15966.105,251.10546875
3,9,19,17003,17232.848,229.84765625
3,31,14,13381,13827.176,446.17578125
2,9,8,16496,16027.623,468.376953125
3,13,1,13969,14067.523,98.5234375
11,8,12,16793,15714.173,1078.8271484375
4,8,3,11257,11541.144,284.1435546875
6,13,5,11971,12125.787,154.787109375
9,14,21,19315,18696.61,618.390625
10,21,12,15568,15187.682,380.318359375
10,26,7,15016,14113.87,902.1298828125
2,22,23,17510,17745.33,235.330078125
11,21,5,14641,14358.344,282.65625
12,24,2,13660,13639.398,20.6015625
5,4,11,14988,14994.904,6.904296875
9,20,3,12031,11987.881,43.119140625
2,19,12,15456,15023.012,432.98828125
4,3,21,15622,15330.674,291.326171875
10,23,10,12741,13893.176,1152.17578125
10,28,21,14424,14695.035,271.03515625
4,29,23,14519,14603.986,84.986328125
12,6,6,13633,13470.82,162.1796875
12,9,4,13669,13689.115,20.115234375
1,8,2,14996,14982.83,13.169921875
10,20,16,16169,16043.667,125.3330078125
4,23,16,15577,14871.891,705.109375
2,24,3,13289,12986.5,302.5
1,8,22,17369,17487.75,118.75
7,31,2,12853,13087.361,234.361328125
8,4,15,18095,18198.049,103.048828125
12,26,12,15225,15629.335,404.3349609375
3,6,18,19267,19733.406,466.40625
3,1,13,15755,15365.434,389.56640625
12,23,16,16524,16633.404,109.404296875
12,18,7,16317,15923.2705,393.7294921875
12,29,1,13917,14202.693,285.693359375
7,26,21,17157,17754.908,597.908203125
5,11,13,14522,14789.168,267.16796875
10,22,23,12858,13224.37,366.3701171875
8,6,20,21141,21699.537,558.537109375
9,6,13,16104,16352.682,248.681640625
9,24,3,11993,11933.551,59.44921875
3,26,21,15383,15738.833,355.8330078125
2,18,11,16772,16621.73,150.26953125
7,26,6,14518,14275.955,242.044921875
12,14,18,19223,19346.26,123.259765625
3,9,10,15675,15599.711,75.2890625
11,10,6,13508,13490.516,17.484375
5,1,23,13251,13600.674,349.673828125
2,12,9,17052,16913.586,138.4140625
8,17,18,19607,18924.51,682.490234375
4,23,9,16340,15892.012,447.98828125
3,8,5,14812,14525.48,286.51953125
5,29,9,15326,15711.939,385.939453125
10,17,1,11432,11576.279,144.279296875
4,17,14,15903,15574.994,328.005859375
8,22,19,17971,17847.291,123.708984375
9,1,2,14410,13305.081,1104.9189453125
1,3,1,13369,13523.74,154.740234375
12,17,22,16794,17300.033,506.033203125
9,27,6,11291,12116.891,825.890625
4,29,9,15018,14597.586,420.4140625
1,29,23,17653,16641.307,1011.693359375
10,4,11,14987,15702.537,715.537109375
4,23,3,11529,11600.985,71.9853515625
6,25,20,14835,14968.213,133.212890625
5,7,5,12506,12839.044,333.0439453125
10,16,18,16611,16737.832,126.83203125
1,19,6,15697,16282.669,585.6689453125
10,7,13,15040,15314.551,274.55078125
3,15,15,15319,15417.525,98.525390625
3,4,4,14852,14524.69,327.3095703125
4,29,21,14677,14300.029,376.970703125
3,23,6,15568,14780.148,787.8515625
5,2,13,14580,14449.226,130.7744140625
12,30,0,14765,14018.793,746.20703125
12,29,22,16649,16281.936,367.064453125
3,27,0,13683,13599.582,83.41796875
8,10,22,17728,17694.664,33.3359375
2,11,22,16177,15505.908,671.091796875
10,3,9,15362,15411.805,49.8046875
2,18,19,18565,17923.076,641.923828125
5,4,9,15057,14977.601,79.3994140625
6,27,7,14132,13784.016,347.984375
1,21,3,13326,12983.957,342.04296875
7,10,12,20042,19878.984,163.015625
11,3,2,12349,12248.508,100.4921875
9,30,18,14115,14314.378,199.3779296875
2,7,12,18138,18079.686,58.314453125
1,10,13,16250,16428.424,178.423828125
11,4,16,14934,15885.703,951.703125
12,31,19,16961,18486.521,1525.521484375
12,23,22,18421,17694.834,726.166015625
1,11,23,15708,15630.153,77.8466796875
12,27,8,15753,17034.668,1281.66796875
10,24,18,16175,15465.452,709.5478515625
12,28,22,18930,19096.373,166.373046875
8,24,17,23415,23274.877,140.123046875
8,7,13,17226,18154.355,928.35546875
4,30,6,11025,11724.416,699.416015625
1,26,12,18684,18155.533,528.466796875
9,29,4,11693,11647.221,45.779296875
7,23,20,20136,20981.67,845.669921875
11,28,6,13501,13446.951,54.048828125
5,18,9,14354,14423.916,69.916015625
4,29,12,14466,14067.037,398.962890625
4,25,21,16185,15680.35,504.650390625
10,15,14,14487,14513.559,26.55859375
6,30,5,12483,12870.092,387.091796875
3,27,16,16698,16587.068,110.931640625
4,23,14,15583,14400.591,1182.4091796875
11,6,23,14892,14769.209,122.791015625
12,2,7,15352,14924.277,427.72265625
3,3,14,16990,16797.057,192.943359375
2,16,8,16777,16667.316,109.68359375
10,16,5,13809,13919.129,110.12890625
11,23,19,18199,18264.592,65.591796875
7,2,9,15014,15911.145,897.14453125
8,28,19,21574,22596.197,1022.197265625
9,29,23,13652,13654.848,2.84765625
11,17,15,16775,16127.957,647.04296875
12,18,3,14797,14791.394,5.6064453125
12,31,10,15138,14977.393,160.607421875
4,28,13,14693,14013.201,679.798828125
12,15,10,18019,17832.4,186.599609375
4,25,20,13414,14398.586,984.5859375
5,30,21,15723,15593.493,129.5068359375
12,15,23,15845,15974.541,129.541015625
7,26,20,19292,19927.174,635.173828125
9,29,18,16032,16147.6,115.599609375
9,10,16,15961,16111.082,150.08203125
8,11,21,17840,18276.512,436.51171875
6,11,8,12868,13062.721,194.720703125
3,14,15,16300,15872.31,427.6904296875
4,16,23,13292,13668.182,376.181640625
8,30,8,15583,15503.123,79.876953125
2,13,5,15656,15658.947,2.947265625
11,30,20,17836,17341.451,494.548828125
12,2,23,15585,15444.656,140.34375
5,10,23,13884,13635.504,248.49609375
3,12,10,18200,18113.434,86.56640625
8,2,12,19299,19605.982,306.982421875
3,19,16,13742,13857.051,115.05078125
2,8,22,17272,17364.322,92.322265625
11,25,14,17620,17061.678,558.322265625
9,27,6,13250,12887.4375,362.5625
12,23,4,14104,13400.52,703.48046875
8,21,12,20469,20515.836,46.8359375
8,18,9,17367,17892.69,525.689453125
4,3,20,17347,17227.072,119.927734375
7,14,3,13947,13960.533,13.533203125
12,3,0,13505,13160.653,344.3466796875
2,25,0,14989,14519.615,469.384765625
6,30,19,18532,18749.611,217.611328125
3,13,16,15975,16093.107,118.107421875
11,16,18,18454,18369.312,84.6875
7,14,1,12755,12852.117,97.1171875
9,23,10,17122,16200.282,921.7177734375
9,9,18,19823,19631.344,191.65625
11,5,18,17738,17527.54,210.4609375
11,16,9,16733,16006.961,726.0390625
1,20,6,16034,15688.687,345.3134765625
3,9,8,15755,15008.569,746.4306640625
9,26,8,16223,16836.361,613.361328125
4,29,23,13088,13479.954,391.9541015625
10,19,19,17149,16961.219,187.78125
1,4,15,17292,17560.205,268.205078125
4,7,15,13092,14196.074,1104.07421875
11,14,22,15789,16178.658,389.658203125
2,4,16,16833,16411.234,421.765625
9,13,15,16360,18059.703,1699.703125
12,10,2,13076,12907.193,168.806640625
2,12,14,17486,16759.91,726.08984375
3,17,9,16652,17108.482,456.482421875
8,5,19,19500,19230.69,269.310546875
3,5,17,18675,18869.732,194.732421875
5,5,20,14289,15582.232,1293.232421875
3,4,2,15412,15176.412,235.587890625
6,8,20,16523,17035.799,512.798828125
3,26,2,12158,12465.764,307.763671875
3,29,5,13664,13208.189,455.810546875
9,20,0,14561,14274.779,286.220703125
5,14,12,13359,13383.71,24.7099609375
2,20,6,15802,15782.215,19.78515625
3,14,14,15990,16415.13,425.130859375
4,25,12,13088,12838.838,249.162109375
4,1,11,15561,15885.418,324.41796875
9,14,16,16720,16706.146,13.853515625
1,26,1,15249,14740.863,508.13671875
4,20,18,16065,16171.15,106.150390625
3,14,20,17274,16815.812,458.1875
1,15,21,20085,19016.594,1068.40625
2,7,18,19715,19324.879,390.12109375
5,20,16,12312,12860.103,548.1025390625
3,1,3,15141,15147.528,6.5283203125
7,6,5,13023,13273.625,250.625
7,22,5,13989,14350.752,361.751953125
9,8,14,16703,16278.291,424.708984375
5,27,9,17047,16601.154,445.845703125
9,10,11,14832,15176.127,344.126953125
11,20,23,17743,16999.506,743.494140625
2,15,12,17528,16341.576,1186.423828125
5,10,1,11572,11829.674,257.673828125
5,4,18,14587,14849.68,262.6796875
3,23,8,16877,16277.648,599.3515625
7,16,14,19335,19375.592,40.591796875
2,27,18,18068,17903.932,164.068359375
11,27,22,15763,15095.696,667.3037109375
8,3,17,20934,21605.018,671.017578125
9,15,0,12120,11983.848,136.15234375
5,16,11,15700,15931.158,231.158203125
7,20,20,21073,22742.57,1669.5703125
1,11,1,15897,16058.553,161.552734375
6,29,15,17759,18448.041,689.041015625
2,3,0,16419,15491.043,927.95703125
11,1,23,13547,13569.077,22.0771484375
1,1,14,16772,17170.508,398.5078125
8,14,4,12631,13289.426,658.42578125
9,2,21,15657,15407.016,249.984375
3,25,11,15260,14367.086,892.9140625
8,7,12,18544,18230.658,313.341796875
12,23,19,17205,17186.54,18.4609375
8,6,3,11045,11031.217,13.783203125
7,21,15,18575,17873.822,701.177734375
12,4,9,18100,17796.797,303.203125
8,4,11,18487,18175.832,311.16796875
2,4,16,18556,18555.402,0.59765625
11,13,2,12738,12970.191,232.19140625
9,8,15,13782,13464.523,317.4765625
3,6,7,14485,13910.213,574.787109375
12,2,22,16322,16064.289,257.7109375
3,28,22,15463,15232.205,230.794921875
4,26,12,15355,15164.39,190.6103515625
3,24,21,16286,16197.322,88.677734375
6,26,15,16080,16692.879,612.87890625
6,20,1,14736,14656.256,79.744140625
6,28,15,19178,19180.787,2.787109375
7,30,3,12238,11791.031,446.96875
1,12,14,17616,17348.303,267.697265625
7,8,3,12314,11727.655,586.3447265625
5,21,23,13450,13223.197,226.802734375
1,18,17,19880,18938.484,941.515625
3,2,21,19889,20135.19,246.189453125
9,13,15,18951,18752.14,198.859375
6,13,20,17390,16879.154,510.845703125
2,22,20,19702,20096.174,394.173828125
5,20,5,10867,11544.843,677.8427734375
1,2,2,13536,14236.361,700.361328125
10,20,10,15147,15568.001,421.0009765625
5,25,12,15631,15508.1875,122.8125
7,20,4,13221,13739.622,518.6220703125
11,20,10,16803,16664.838,138.162109375
12,24,20,18296,19001.857,705.857421875
12,12,11,14211,14298.25,87.25
3,22,1,13772,14804.497,1032.4970703125
5,16,21,16306,14870.006,1435.994140625
7,29,2,14665,14393.16,271.83984375
12,8,22,17489,17615.0,126.0
2,3,17,20459,19745.85,713.150390625
3,21,3,13142,13489.425,347.4248046875
12,3,10,15257,15250.624,6.3759765625
11,4,21,16538,16297.762,240.23828125
10,21,19,15995,16790.268,795.267578125
1,2,1,13207,13390.73,183.73046875
8,21,3,14329,14728.652,399.65234375
6,23,17,15847,16304.131,457.130859375
9,30,8,13104,13283.383,179.3828125
7,29,5,14118,13975.166,142.833984375
2,26,12,17392,17870.643,478.642578125
10,8,15,14340,14742.98,402.98046875
7,7,9,17831,17864.672,33.671875
3,26,19,17860,17344.021,515.978515625
4,12,20,17743,17296.268,446.732421875
12,17,2,14404,14284.334,119.666015625
5,31,8,14650,14337.68,312.3203125
2,8,22,17442,17304.32,137.6796875
12,25,13,15016,15158.738,142.73828125
9,20,23,14580,14879.318,299.318359375
1,26,13,18729,18110.223,618.77734375
3,26,4,12031,12462.407,431.4072265625
12,21,15,16716,16214.113,501.88671875
3,21,12,15051,16125.583,1074.5830078125
11,22,21,17886,16776.373,1109.626953125
1,13,10,18600,18726.62,126.619140625
11,8,8,16828,17018.842,190.841796875
9,24,8,15573,15543.572,29.427734375
7,14,4,12563,12706.4,143.400390625
5,8,18,15480,16127.821,647.8212890625
11,11,14,17761,18211.598,450.59765625
9,1,23,14497,13777.365,719.634765625
5,6,14,14594,15103.559,509.55859375
10,14,16,13545,13812.662,267.662109375
8,11,23,16032,16460.154,428.154296875
12,30,14,15802,15561.195,240.8046875
10,8,18,15974,16145.957,171.95703125
10,23,0,12198,12080.592,117.408203125
10,8,16,15700,15446.736,253.263671875
12,6,3,13656,13315.6,340.400390625
8,30,22,16804,17214.533,410.533203125
2,25,23,14733,14766.69,33.6904296875
7,15,13,19760,19533.047,226.953125
8,6,7,14853,14447.345,405.6552734375
4,20,6,13746,13392.57,353.4296875
6,3,8,14911,15611.012,700.01171875
7,7,23,16006,15598.777,407.22265625
9,14,14,16563,17931.705,1368.705078125
8,5,11,18327,18535.955,208.955078125
1,20,15,19082,19105.541,23.541015625
2,4,13,16588,16450.398,137.6015625
1,12,19,18532,18909.691,377.69140625
4,27,13,14400,13942.544,457.4560546875
7,27,1,16282,16894.611,612.611328125
12,30,11,15779,16096.886,317.8857421875
8,26,4,15295,15353.816,58.81640625
2,12,23,16203,15866.473,336.52734375
3,20,0,14013,14094.932,81.931640625
5,15,14,16104,16391.49,287.490234375
6,21,18,21025,20918.422,106.578125
1,25,12,18006,17901.955,104.044921875
1,10,18,19794,18456.555,1337.4453125
1,1,0,14350,13497.06,852.9404296875
2,20,15,17678,17785.379,107.37890625
10,1,6,13619,13641.603,22.6025390625
9,7,11,14564,14929.123,365.123046875
11,21,19,16845,17072.033,227.033203125
3,2,1,13892,14132.697,240.697265625
7,24,20,19885,20647.178,762.177734375
12,18,14,16631,16978.22,347.220703125
4,17,0,11885,11676.191,208.80859375
9,14,8,14367,14533.493,166.4931640625
7,9,13,19715,20239.018,524.017578125
3,25,19,16091,16039.59,51.41015625
3,23,13,14152,14391.481,239.4814453125
3,17,11,14470,15081.991,611.9912109375
6,21,17,20305,20568.686,263.685546875
2,10,18,18839,19145.977,306.9765625
7,18,6,13375,13521.125,146.125
4,10,23,13041,13762.613,721.61328125
1,26,17,18158,18425.912,267.912109375
3,22,22,14403,15093.043,690.04296875
1,13,0,15758,14799.932,958.068359375
6,8,21,16158,16755.709,597.708984375
7,23,2,13705,14021.312,316.3115234375
9,28,2,12247,12615.395,368.39453125
6,26,17,17810,17634.271,175.728515625
12,30,0,14645,14299.393,345.607421875
11,19,17,16472,15863.395,608.60546875
11,2,12,15549,15947.6875,398.6875
1,21,5,15907,14869.187,1037.8134765625
9,13,11,15967,17784.426,1817.42578125
12,30,17,16890,16917.76,27.759765625
6,18,11,16949,17312.375,363.375
12,21,21,17305,17183.541,121.458984375
9,3,22,17756,16707.01,1048.990234375
5,12,1,12162,12444.693,282.693359375
3,6,6,16589,16641.297,52.296875
2,16,2,13772,13875.627,103.626953125
8,23,5,12661,12802.034,141.0341796875
8,4,16,20558,21488.96,930.9609375
6,11,8,15680,15310.4,369.599609375
3,29,9,15860,15749.4,110.599609375
1,6,2,16058,15798.963,259.037109375
1,28,20,17966,17889.201,76.798828125
1,11,10,19016,18504.846,511.154296875
2,10,8,18238,18038.857,199.142578125
12,8,16,17226,17142.818,83.181640625
3,23,22,15190,15333.566,143.56640625
6,1,21,15688,16785.09,1097.08984375
5,18,9,12678,12887.182,209.181640625
3,16,14,14681,14317.227,363.7734375
5,24,23,13246,14016.994,770.994140625
3,8,4,12817,12221.736,595.263671875
9,19,11,16280,16297.276,17.2763671875
11,15,11,14880,14960.331,80.3310546875
7,27,18,19698,19659.432,38.568359375
10,8,6,13064,13120.461,56.4609375
10,1,10,15785,15246.061,538.939453125
12,13,7,12313,12578.43,265.4296875
8,21,18,20122,21268.51,1146.509765625
3,2,15,16812,16419.27,392.73046875
1,9,14,17011,15854.192,1156.8076171875
2,12,19,19509,19181.553,327.447265625
1,11,15,19498,19328.713,169.287109375
4,26,5,10464,10885.862,421.8623046875
6,10,17,16253,16215.364,37.6357421875
9,10,7,14042,13248.564,793.435546875
4,2,14,12345,12799.201,454.201171875
9,12,13,16007,17208.459,1201.458984375
2,22,10,14754,14774.525,20.525390625
8,3,17,17467,18771.77,1304.76953125
4,18,17,16332,15306.219,1025.78125
8,29,2,15704,15646.913,57.0869140625
12,24,12,16758,17360.611,602.611328125
6,9,22,14947,15381.121,434.12109375
1,29,21,19057,18872.037,184.962890625
8,1,13,17387,19169.553,1782.552734375
8,11,18,19392,19965.139,573.138671875
9,29,8,15042,15131.746,89.74609375
12,5,18,18170,17837.44,332.560546875
7,30,5,12625,12269.027,355.97265625
9,6,2,13963,14101.096,138.095703125
6,15,7,14778,15382.6875,604.6875
4,27,2,12722,12641.225,80.775390625
2,11,19,18354,18449.877,95.876953125
4,21,5,13272,13299.922,27.921875
2,25,21,18038,17508.95,529.05078125
5,14,2,12013,11384.43,628.5703125
6,8,12,15570,15206.318,363.681640625
1,13,4,14953,14732.044,220.9560546875
3,26,9,15841,15295.295,545.705078125
9,23,21,16361,16772.955,411.955078125
8,31,15,20350,20329.496,20.50390625
2,15,11,18287,17822.53,464.470703125
2,28,1,13612,13432.064,179.935546875
11,23,23,15688,15236.587,451.4130859375
11,8,17,16756,17170.66,414.66015625
3,26,13,17720,17286.74,433.259765625
11,25,8,16784,16249.739,534.2607421875
4,3,7,16323,14797.221,1525.779296875
1,3,2,15835,16149.669,314.6689453125
8,27,21,14890,14688.273,201.7265625
10,22,16,16524,16231.998,292.001953125
7,16,23,14795,14158.975,636.025390625
3,30,8,15998,15928.662,69.337890625
3,1,10,16817,16585.2,231.80078125
12,10,4,13885,13461.019,423.9814453125
6,28,19,18626,18782.18,156.1796875
5,10,3,11092,11575.697,483.697265625
10,31,16,16410,16656.992,246.9921875
6,29,17,20640,21278.428,638.427734375
4,13,19,16472,16474.918,2.91796875
2,2,23,16288,15879.523,408.4765625
8,23,5,14072,14456.256,384.255859375
8,26,14,16778,16417.865,360.134765625
5,20,16,17904,19396.67,1492.669921875
10,24,15,16634,16595.883,38.1171875
8,3,5,13685,13342.314,342.685546875
5,30,2,12055,12219.674,164.673828125
6,24,11,15115,15564.338,449.337890625
7,19,4,12818,12082.602,735.3984375
7,29,8,16505,17295.947,790.947265625
1,29,4,16365,15943.455,421.544921875
11,11,17,16473,16767.367,294.3671875
11,28,9,16437,15812.153,624.8466796875
12,15,0,14022,13387.205,634.794921875
11,7,13,14653,14794.902,141.90234375
3,25,13,17566,17823.107,257.107421875
4,15,6,13295,14186.761,891.7607421875
5,31,7,13101,14075.965,974.96484375
5,17,18,15017,15457.547,440.546875
11,23,1,14423,13708.238,714.76171875
2,25,23,14593,14861.052,268.0517578125
3,28,22,15418,15661.863,243.86328125
1,24,7,14962,14964.1,2.099609375
10,15,6,13870,13525.27,344.73046875
2,13,11,18512,18014.574,497.42578125
10,27,7,15119,14381.079,737.9208984375
2,19,20,19068,18480.607,587.392578125
11,23,17,18511,17932.777,578.22265625
3,28,23,14321,14695.566,374.56640625
4,29,0,12563,12079.362,483.6376953125
11,24,18,19443,18792.607,650.392578125
4,4,20,17958,17917.49,40.509765625
4,26,21,15331,15331.181,0.1806640625
5,13,2,11329,11522.8,193.7998046875
1,28,16,18540,18752.691,212.69140625
5,21,17,13784,14016.03,232.0302734375
6,2,5,11235,12028.303,793.302734375
7,10,1,17641,17299.656,341.34375
3,11,23,14847,15290.641,443.640625
4,18,7,14527,14759.41,232.41015625
1,13,12,17122,17383.896,261.896484375
1,1,18,17805,17115.781,689.21875
10,8,15,15711,17067.396,1356.396484375
10,1,22,14536,14624.516,88.515625
6,28,12,19064,18737.281,326.71875
9,19,10,17065,16763.885,301.115234375
1,10,3,13965,13327.615,637.384765625
11,8,10,16228,16195.064,32.935546875
2,8,10,17669,16969.783,699.216796875
12,30,6,13753,13586.264,166.736328125
1,11,9,14770,14288.195,481.8046875
7,17,6,13759,14515.742,756.7421875
6,28,1,15004,15074.048,70.0478515625
8,19,11,15567,15959.0625,392.0625
10,18,4,11641,12172.966,531.9658203125
12,19,2,14676,14298.525,377.474609375
9,15,4,13065,13073.465,8.46484375
2,26,4,15173,15069.969,103.03125
9,26,22,18660,18261.791,398.208984375
12,5,23,16483,17077.791,594.791015625
8,4,17,20957,21594.066,637.06640625
8,14,17,19683,18789.168,893.83203125
7,18,14,20134,19872.482,261.517578125
6,23,22,16448,17673.559,1225.55859375
10,14,4,12033,12390.325,357.3251953125
5,21,2,11128,10778.038,349.9619140625
5,14,8,15459,15536.767,77.7666015625
9,5,7,12770,13256.587,486.5869140625
5,20,15,13857,13988.822,131.822265625
2,2,6,14794,14860.367,66.3671875
3,9,18,17255,17957.725,702.724609375
9,13,18,15722,15892.924,170.923828125
8,13,18,22058,21424.85,633.150390625
5,11,21,14786,14360.359,425.640625
2,27,3,14183,14182.362,0.6376953125
12,8,23,15958,16657.674,699.673828125
10,8,18,16645,16135.186,509.814453125
5,25,13,13506,13975.4375,469.4375
2,11,19,19984,20049.615,65.615234375
4,6,20,14841,15572.447,731.447265625
12,9,1,14567,14860.73,293.73046875
9,5,16,17119,18316.018,1197.017578125
5,1,3,11942,11500.768,441.232421875
3,7,10,17891,17324.654,566.345703125
1,20,14,18115,17901.564,213.435546875
5,31,12,14468,14025.627,442.373046875
1,22,0,18090,17064.012,1025.98828125
4,14,20,16718,16740.049,22.048828125
3,26,12,16229,15613.055,615.9453125
10,21,22,14943,15730.711,787.7109375
3,30,18,15893,15913.859,20.859375
6,6,11,13314,13151.25,162.75
3,21,20,18813,18299.275,513.724609375
2,6,18,19051,18994.51,56.490234375
8,9,5,13474,13681.947,207.947265625
10,14,14,14107,14759.434,652.43359375
3,16,14,15022,15868.966,846.9658203125
10,12,8,14852,15013.1,161.099609375
9,14,10,15394,15649.7295,255.7294921875
2,28,22,16176,16396.918,220.91796875
11,22,13,16242,15854.518,387.482421875
2,8,14,17126,17627.146,501.146484375
2,24,19,17862,17648.008,213.9921875
7,25,11,18444,18842.879,398.87890625
9,30,23,13326,13622.3545,296.3544921875
2,3,3,14769,15040.154,271.154296875
9,22,0,13828,13734.498,93.501953125
12,2,5,14161,14099.277,61.72265625
9,18,19,15009,15605.355,596.35546875
11,9,8,14601,14003.225,597.775390625
12,23,2,15210,15231.146,21.146484375
10,25,13,14502,14053.535,448.46484375
7,23,17,18796,18892.025,96.025390625
3,16,18,17026,17037.32,11.3203125
12,18,16,17343,17371.576,28.576171875
2,6,16,18172,17884.201,287.798828125
6,26,7,12778,12338.004,439.99609375
7,7,0,13904,13916.62,12.6201171875
4,14,15,16333,16143.385,189.615234375
12,31,7,13750,14047.012,297.01171875
3,10,1,14721,15036.825,315.8251953125
12,20,8,18680,17697.246,982.75390625
12,7,2,14961,15419.86,458.8603515625
1,18,13,17312,17448.418,136.41796875
1,10,9,17492,16866.814,625.185546875
5,20,22,14987,14351.005,635.9951171875
12,11,13,18214,18394.846,180.845703125
8,31,5,14188,13915.295,272.705078125
9,9,13,18902,18400.73,501.26953125
1,9,4,14051,13935.4375,115.5625
5,21,21,15848,15333.762,514.23828125
7,29,22,15708,15128.459,579.541015625
4,27,16,15436,15107.26,328.740234375
10,21,3,12241,12472.367,231.3671875
9,24,20,15211,16022.652,811.65234375
3,25,13,14535,15258.773,723.7734375
8,6,17,16722,17267.393,545.392578125
9,18,21,17441,17356.398,84.6015625
7,16,16,19495,19732.705,237.705078125
8,1,21,17934,18535.863,601.86328125
9,4,12,13767,14498.136,731.1357421875
12,5,9,16972,16903.842,68.158203125
3,24,4,13446,13566.557,120.556640625
11,8,20,17274,17801.215,527.21484375
10,12,6,13498,12831.339,666.6611328125
10,29,20,15327,15354.242,27.2421875
2,10,20,19569,19811.818,242.818359375
8,11,23,15275,15128.35,146.650390625
6,25,1,12095,12047.855,47.14453125
8,24,22,16977,16682.084,294.916015625
12,27,21,17129,16872.246,256.75390625
1,2,5,15275,15469.828,194.828125
12,7,0,15491,15540.576,49.576171875
12,27,22,16970,17202.752,232.751953125
7,19,11,16748,16807.31,59.310546875
7,18,16,19256,19222.865,33.134765625
4,2,19,15722,15593.281,128.71875
11,3,2,12232,11893.199,338.80078125
9,30,16,15760,16193.301,433.30078125
5,20,13,15638,15208.413,429.5869140625
1,17,10,18769,18780.682,11.681640625
10,13,1,12291,13310.924,1019.923828125
11,13,4,12270,12324.669,54.6689453125
1,17,12,18312,17852.932,459.068359375
10,25,21,15531,15948.736,417.736328125
1,28,12,19033,18634.906,398.09375
9,27,11,15127,15531.709,404.708984375
2,15,18,17655,17750.986,95.986328125
3,16,15,15669,15677.763,8.7626953125
1,12,9,18511,17710.994,800.005859375
8,22,9,14380,14160.895,219.10546875
11,4,9,15152,15803.258,651.2578125
11,1,15,14781,15283.305,502.3046875
7,4,0,16559,16308.842,250.158203125
2,10,8,17208,17133.219,74.78125
3,4,12,15976,15834.125,141.875
7,28,11,17008,18135.81,1127.810546875
6,19,14,17159,17952.254,793.25390625
9,9,9,15131,15457.517,326.5166015625
11,10,4,12552,13065.893,513.892578125
12,27,21,16363,16901.305,538.3046875
8,30,9,16628,16481.385,146.615234375
2,12,23,17468,17388.732,79.267578125
4,1,3,12052,12659.67,607.669921875
12,7,11,16803,17735.678,932.677734375
3,17,21,17609,16910.998,698.001953125
6,11,4,12297,12297.031,0.03125
3,10,7,17509,15925.886,1583.1142578125
10,20,21,15621,15398.75,222.25
12,29,13,15712,15575.522,136.4775390625
4,6,12,14465,15055.127,590.126953125
4,18,19,13755,14608.418,853.41796875
9,25,16,13897,14080.622,183.6220703125
3,31,12,16114,16437.307,323.306640625
10,3,11,16044,15360.706,683.2939453125
5,31,10,13123,12720.939,402.060546875
5,6,10,12676,13250.51,574.509765625
1,7,22,18019,17381.297,637.703125
8,2,10,17794,17678.229,115.771484375
4,29,15,13612,14686.312,1074.3115234375
8,22,17,16460,17528.2,1068.19921875
3,22,4,13145,13381.817,236.8173828125
10,22,13,15046,15709.539,663.5390625
10,8,21,15863,15304.293,558.70703125
12,13,21,18619,18275.066,343.93359375
8,7,14,17014,16904.271,109.728515625
12,25,15,14551,14319.478,231.5224609375
12,24,17,17705,19077.84,1372.83984375
10,4,20,17243,17108.945,134.0546875
11,26,5,14018,12821.777,1196.22265625
11,19,22,16062,15815.855,246.14453125
6,11,10,15889,16005.111,116.111328125
7,23,1,13197,14395.346,1198.345703125
11,12,3,11699,11952.762,253.76171875
8,27,22,14971,14466.819,504.1806640625
12,27,3,11752,12915.962,1163.9619140625
6,15,0,13942,14081.665,139.6650390625
2,19,20,16243,16082.523,160.4765625
10,17,18,16595,16221.41,373.58984375
7,27,20,22424,22335.53,88.470703125
5,25,23,13476,13194.936,281.064453125
11,30,6,13874,13403.356,470.6435546875
7,21,0,13991,14078.773,87.7734375
10,28,16,15242,15062.969,179.03125
9,20,18,19516,20085.365,569.365234375
8,31,2,12418,12482.559,64.55859375
9,21,18,18435,19475.469,1040.46875
6,25,0,14302,13883.918,418.08203125
8,9,8,15526,15118.704,407.2958984375
10,23,23,12458,13318.037,860.037109375
12,2,15,17817,17688.35,128.650390625
3,17,22,18055,17917.58,137.419921875
6,2,15,15388,15086.5,301.5
11,15,21,14789,14670.805,118.1953125
5,17,9,13907,14595.328,688.328125
3,6,16,14096,13824.022,271.9775390625
10,14,14,14264,14308.928,44.927734375
3,10,20,17715,17900.889,185.888671875
2,23,3,14586,14100.383,485.6171875
3,7,10,16632,15909.492,722.5078125
6,11,19,16956,16886.65,69.349609375
11,29,14,17225,17019.842,205.158203125
10,28,1,12574,13153.594,579.59375
7,30,12,16883,17116.697,233.697265625
9,28,8,14618,14880.211,262.2109375
12,28,15,16056,16726.666,670.666015625
4,7,22,15298,15224.376,73.6240234375
4,14,0,13560,13145.554,414.4462890625
7,10,18,17010,17050.254,40.25390625
7,24,16,19276,19469.523,193.5234375
2,25,18,18513,17724.459,788.541015625
10,11,22,13859,13957.643,98.642578125
1,10,6,15803,15106.269,696.7314453125
8,1,11,17381,19300.605,1919.60546875
2,19,14,14318,14076.625,241.375
10,17,22,13058,12916.422,141.578125
8,6,13,15971,16402.963,431.962890625
7,24,3,12146,12588.033,442.033203125
10,5,20,15510,15260.738,249.26171875
12,15,7,15379,16141.008,762.0078125
1,16,11,18299,17613.256,685.744140625
2,16,17,18545,18055.99,489.009765625
4,15,17,14151,13721.457,429.54296875
10,23,11,13110,13612.346,502.345703125
1,1,20,18976,18922.084,53.916015625
12,9,23,16154,16139.763,14.2373046875
6,8,18,14561,14715.104,154.103515625
6,14,17,14702,15952.33,1250.330078125
2,6,2,14989,14391.035,597.96484375
6,23,16,18566,18624.574,58.57421875
8,28,12,15957,15859.799,97.201171875
7,9,20,18014,18031.33,17.330078125
5,11,11,14120,15081.357,961.357421875
9,3,21,20235,19238.744,996.255859375
9,21,4,12206,12608.518,402.517578125
10,17,13,12969,12937.898,31.1015625
3,20,5,14778,13744.9,1033.099609375
2,12,12,14562,14509.917,52.0830078125
9,18,7,15745,14884.639,860.361328125
12,19,3,14411,13742.375,668.625
12,20,4,13157,12952.82,204.1796875
1,24,11,16272,16007.035,264.96484375
5,14,2,11351,11359.939,8.939453125
3,13,23,15142,15215.067,73.0673828125
11,4,10,15589,15610.749,21.7490234375
6,30,9,18356,18781.496,425.49609375
12,3,21,16238,16060.203,177.796875
9,6,17,15706,15035.636,670.3642578125
12,16,13,18046,18610.176,564.17578125
11,9,11,14234,14414.633,180.6328125
11,20,8,15296,14855.503,440.4970703125
9,5,1,13862,14127.855,265.85546875
10,24,7,16089,14418.861,1670.138671875
11,6,12,15818,15544.6875,273.3125
3,25,12,16545,16065.895,479.10546875
9,25,15,16426,16312.406,113.59375
6,17,19,16214,16375.782,161.7822265625
4,17,1,11486,11636.95,150.9501953125
12,12,12,14063,14257.869,194.869140625
11,11,6,12536,12895.549,359.548828125
12,5,0,15730,14770.246,959.75390625
9,14,12,14190,14849.844,659.84375
10,14,5,12597,12571.4,25.599609375
8,26,2,13105,13669.271,564.271484375
8,9,8,16054,16061.703,7.703125
10,8,8,14922,15371.135,449.134765625
1,23,20,18359,18781.178,422.177734375
7,27,14,21189,21943.604,754.603515625
4,17,21,15993,15908.602,84.3984375
4,16,7,14047,15255.373,1208.373046875
4,4,16,16430,16089.969,340.03125
4,18,2,12578,12506.383,71.6171875
8,5,3,13535,13580.82,45.8203125
7,24,13,19081,19223.39,142.390625
1,4,11,17912,17826.404,85.595703125
11,17,18,18601,18651.418,50.41796875
7,17,14,16723,16822.117,99.1171875
8,24,6,12912,12565.092,346.908203125
9,15,17,16380,16091.25,288.75
10,20,17,16607,16615.152,8.15234375
4,2,5,12237,12756.365,519.365234375
6,20,19,16091,16172.051,81.05078125
1,11,22,19109,18897.334,211.666015625
8,28,14,17405,18328.951,923.951171875
1,1,0,14153,13758.166,394.833984375
1,10,13,17743,17974.33,231.330078125
7,11,9,17064,16897.94,166.060546875
9,14,20,17833,17818.182,14.818359375
1,18,13,18731,18422.256,308.744140625
12,19,11,18343,17649.936,693.064453125
12,19,2,14053,14673.949,620.94921875
9,5,8,14826,14793.522,32.4775390625
9,15,7,14252,14608.376,356.3759765625
4,20,17,15085,15702.715,617.71484375
11,23,8,17855,17892.932,37.931640625
7,17,3,14686,14987.533,301.533203125
7,27,1,15051,15161.459,110.458984375
7,28,21,22063,21883.318,179.681640625
12,5,0,15893,14833.458,1059.5419921875
12,29,8,15220,16053.051,833.05078125
6,18,21,17002,17100.977,98.9765625
6,9,8,14734,14488.3545,245.6455078125
5,25,14,13447,13764.209,317.208984375
2,9,20,17831,17560.045,270.955078125
4,28,17,15236,15317.227,81.2265625
11,15,15,15730,15631.125,98.875
4,10,7,16750,15744.129,1005.87109375
6,19,15,19566,19384.764,181.236328125
4,22,14,13432,14194.347,762.3466796875
1,13,18,18678,18231.455,446.544921875
7,30,4,11367,11920.643,553.642578125
3,27,21,16990,16528.594,461.40625
1,14,8,16662,17843.188,1181.1875
10,30,19,18116,17560.156,555.84375
10,25,16,16716,15995.918,720.08203125
10,8,19,17363,16365.637,997.36328125
6,5,20,17411,17415.92,4.919921875
2,2,10,16610,16309.224,300.7763671875
7,23,1,13575,13302.0,273.0
10,9,9,15115,15683.328,568.328125
12,25,14,15799,14990.5205,808.4794921875
8,31,22,16703,16809.934,106.93359375
7,1,6,11723,11757.037,34.037109375
7,14,1,13551,13693.428,142.427734375
6,14,19,18005,17293.037,711.962890625
12,19,1,14934,14487.719,446.28125
1,22,11,16894,16514.213,379.787109375
3,9,3,12702,12975.666,273.666015625
8,19,17,16287,16356.418,69.41796875
5,25,22,16841,17808.209,967.208984375
12,24,10,17681,17819.045,138.044921875
7,26,15,20620,20097.455,522.544921875
8,14,11,19083,19316.42,233.419921875
4,17,13,15966,15864.2705,101.7294921875
10,4,9,14985,15289.916,304.916015625
11,19,12,15039,14969.434,69.56640625
10,25,8,16382,16209.425,172.5751953125
9,7,10,13470,13500.591,30.5908203125
3,19,11,15020,14627.689,392.310546875
10,15,9,15382,15914.375,532.375
8,24,13,21919,21409.172,509.828125
8,3,15,17888,17455.043,432.95703125
4,28,18,15250,15567.858,317.8583984375
1,16,23,18177,18415.61,238.609375
4,6,15,13855,13872.418,17.41796875
6,8,15,15463,16331.092,868.091796875
7,18,11,15458,16131.851,673.8505859375
9,8,16,16864,16887.734,23.734375
2,19,4,13538,12612.221,925.779296875
11,28,13,15763,15770.771,7.771484375
2,13,20,19090,18821.668,268.33203125
4,25,17,14816,15136.211,320.2109375
3,29,8,14674,14468.043,205.95703125
2,19,1,15497,15084.219,412.78125
6,9,6,11480,11961.863,481.86328125
4,25,5,12369,12263.916,105.083984375
5,28,8,14260,14323.885,63.884765625
9,12,23,14994,14651.293,342.70703125
2,22,15,16674,16420.031,253.96875
3,13,17,18201,18535.584,334.583984375
12,4,0,14819,13730.473,1088.52734375
4,11,16,13797,13548.069,248.9306640625
9,14,23,15515,17050.88,1535.880859375
7,12,16,17747,17471.9,275.099609375
12,3,12,16215,16411.037,196.037109375
9,7,16,14850,15802.516,952.515625
3,16,13,15954,15839.373,114.626953125
3,14,12,17863,18153.826,290.826171875
4,25,15,14918,14957.969,39.96875
10,21,3,11193,12063.24,870.240234375
1,24,14,17371,17984.932,613.931640625
6,19,13,17559,17245.799,313.201171875
7,27,12,17961,18520.93,559.9296875
7,25,6,14447,14137.001,309.9990234375
7,23,21,20137,20043.018,93.982421875
1,25,3,13889,13523.939,365.060546875
8,29,4,13446,13253.423,192.5771484375
8,17,18,19179,19394.03,215.029296875
4,8,9,16968,16107.293,860.70703125
6,24,22,16507,16577.352,70.3515625
3,21,17,16172,16126.512,45.48828125
11,11,5,12619,13338.661,719.6611328125
8,10,12,17787,17740.53,46.470703125
2,13,23,16012,15361.886,650.1142578125
12,22,17,18364,18123.404,240.595703125
7,12,4,13088,12890.422,197.578125
11,4,16,17003,16523.875,479.125
5,23,7,14598,13597.787,1000.212890625
4,21,7,12350,12240.119,109.880859375
2,16,22,16941,16587.957,353.04296875
6,7,2,11607,11613.848,6.84765625
11,1,4,12136,12057.216,78.7841796875
1,15,20,20278,19801.115,476.884765625
7,20,19,16670,17564.713,894.712890625
4,7,9,13099,14357.262,1258.26171875
8,10,6,15027,14774.584,252.416015625
5,8,22,14186,14636.033,450.033203125
3,12,13,15053,16537.95,1484.94921875
6,8,11,13275,13686.152,411.15234375
12,26,15,17039,16494.572,544.427734375
10,3,1,13464,13694.729,230.728515625
1,30,6,16518,16880.182,362.181640625
12,15,10,17266,16459.322,806.677734375
2,3,12,16192,16071.791,120.208984375
11,7,13,14601,15279.843,678.8427734375
4,28,8,12886,12513.154,372.845703125
12,15,1,14264,13639.792,624.2080078125
7,5,0,13036,13598.421,562.4208984375
12,11,10,18492,18610.525,118.525390625
11,29,8,18884,17805.648,1078.3515625
12,25,15,15544,15186.705,357.294921875
7,26,12,20348,20709.344,361.34375
12,2,14,16165,16433.607,268.607421875
2,18,23,18734,18689.85,44.150390625
4,7,21,17508,16344.021,1163.978515625
2,12,12,19005,18613.896,391.103515625
12,8,22,17778,17279.781,498.21875
1,25,3,14014,14282.879,268.87890625
11,1,13,16195,15569.184,625.81640625
3,17,11,14596,14618.473,22.47265625
11,15,15,13525,13694.172,169.171875
1,10,5,14831,14970.762,139.76171875
3,1,17,18782,19080.795,298.794921875
6,14,16,14393,15126.067,733.0673828125
7,18,19,21092,20997.39,94.609375
12,1,0,15199,14391.369,807.630859375
3,3,23,15260,14671.5,588.5
4,13,12,14257,14402.102,145.1015625
11,3,21,15616,15554.798,61.2021484375
3,25,19,16388,15824.387,563.61328125
5,9,5,12311,12165.151,145.8486328125
5,12,21,16283,17092.064,809.064453125
6,9,12,16278,16246.406,31.59375
2,16,6,15849,15590.805,258.1953125
11,21,3,12582,13060.126,478.1259765625
8,26,20,17098,17504.018,406.017578125
12,18,10,16968,16795.527,172.47265625
4,5,21,15777,15893.959,116.958984375
12,5,8,16941,17328.043,387.04296875
4,1,22,15210,14996.403,213.5966796875
2,23,19,17038,17166.627,128.626953125
12,21,6,14889,14779.304,109.6962890625
6,26,6,11964,11903.703,60.296875
7,6,14,17266,17639.879,373.87890625
11,28,17,18503,18075.39,427.609375
10,20,9,15673,16153.844,480.84375
10,23,15,14972,15306.139,334.138671875
10,6,19,17042,16991.416,50.583984375
2,11,13,19337,18924.648,412.3515625
11,12,16,15844,15638.208,205.7919921875
4,20,8,13485,15042.668,1557.66796875
12,22,17,18553,18763.537,210.537109375
11,6,19,17161,17114.854,46.146484375
11,8,23,13931,14889.934,958.93359375
2,11,14,18096,17951.682,144.318359375
6,6,4,12235,11656.826,578.173828125
9,30,13,14270,14033.868,236.1318359375
9,4,3,14323,13950.537,372.462890625
11,20,11,14948,14884.764,63.236328125
7,13,12,16516,16143.794,372.2060546875
11,9,13,15294,15177.234,116.765625
4,5,10,14049,14146.598,97.59765625
3,15,2,14038,14006.131,31.869140625
4,21,15,13626,14411.174,785.173828125
2,28,17,16643,17077.697,434.697265625
7,26,0,13618,13365.542,252.4580078125
12,27,19,19769,20663.512,894.51171875
1,13,12,19013,18157.184,855.81640625
3,28,0,14791,15572.809,781.80859375
10,13,18,15098,15266.91,168.91015625
9,7,19,17134,17517.39,383.390625
9,6,11,15911,15643.965,267.03515625
6,5,7,13871,14299.45,428.4501953125
6,30,8,16811,18618.088,1807.087890625
3,14,0,14105,13961.3,143.7001953125
10,17,16,15247,15122.0625,124.9375
4,24,10,14159,14148.715,10.28515625
1,4,21,17778,18464.002,686.001953125
2,29,5,14587,14722.801,135.80078125
8,23,4,12311,11946.783,364.216796875
11,23,13,16093,15577.345,515.6552734375
2,26,2,15303,15681.786,378.7861328125
2,7,1,15279,15294.936,15.935546875
3,10,5,13507,13285.475,221.525390625
10,1,8,16196,16145.885,50.115234375
4,2,6,13279,12562.305,716.6953125
12,21,7,16742,16372.006,369.994140625
10,17,19,16318,16313.463,4.537109375
3,4,19,19407,20098.908,691.908203125
6,4,21,15711,15934.314,223.314453125
9,24,2,11650,11705.24,55.240234375
3,19,9,16055,15998.332,56.66796875
12,20,8,18149,17906.775,242.224609375
12,6,7,15154,15226.145,72.14453125
8,18,17,17609,17791.148,182.1484375
7,29,16,16507,16830.896,323.896484375
7,16,11,19766,20016.2,250.19921875
10,6,10,13757,13438.623,318.376953125
7,8,3,12640,12794.423,154.4228515625
7,8,21,18417,18418.947,1.947265625
2,9,14,16423,16527.951,104.951171875
11,24,9,16122,15649.814,472.185546875
9,19,21,18536,17977.713,558.287109375
11,17,15,16282,15364.92,917.080078125
10,2,8,15486,15062.809,423.19140625
4,19,11,13289,14020.304,731.3037109375
6,12,5,11983,12374.828,391.828125
5,5,20,15450,16250.951,800.951171875
4,6,5,14129,13518.935,610.0654296875
6,8,7,15477,15292.805,184.1953125
12,15,4,12107,12568.686,461.685546875
8,27,12,15069,15518.638,449.6376953125
12,17,20,17415,17046.777,368.22265625
8,12,20,21071,21410.137,339.13671875
11,24,15,17061,16941.514,119.486328125
9,26,0,13244,13566.611,322.611328125
1,26,3,13315,13120.736,194.263671875
11,19,10,18255,18429.143,174.142578125
11,25,12,17266,16969.895,296.10546875
1,21,16,17548,17272.266,275.734375
10,8,9,14511,15324.79,813.7900390625
10,10,22,14303,14438.923,135.9228515625
9,2,13,15715,15908.252,193.251953125
3,31,4,14236,13888.899,347.1005859375
9,30,20,16432,16769.156,337.15625
11,15,7,15627,14826.091,800.9091796875
11,17,7,15490,15671.412,181.412109375
2,1,8,17758,18188.283,430.283203125
2,14,14,15452,16749.768,1297.767578125
9,21,22,15029,15767.29,738.2900390625
2,27,8,18678,18804.76,126.759765625
9,8,1,11545,11631.738,86.73828125
11,22,14,16367,16341.082,25.91796875
3,9,4,13635,13358.833,276.1669921875
4,29,21,14735,14369.1,365.900390625
12,27,16,15614,16610.473,996.47265625
2,15,23,16550,16030.305,519.6953125
9,28,15,17298,18237.574,939.57421875
11,21,19,16885,16916.232,31.232421875
5,30,9,15247,15630.765,383.7646484375
12,28,7,13520,14993.91,1473.91015625
4,27,5,11545,12067.047,522.046875
5,16,20,15804,15310.434,493.56640625
6,19,13,17084,17737.326,653.326171875
8,16,8,17910,17462.225,447.775390625
8,8,17,19610,19096.787,513.212890625
2,5,19,18298,18069.307,228.693359375
5,21,15,12551,12867.282,316.2822265625
7,30,19,18432,18693.31,261.310546875
4,4,21,17561,17424.332,136.66796875
11,26,4,12572,12462.576,109.423828125
5,24,22,14309,14799.965,490.96484375
1,1,14,14733,14996.279,263.279296875
3,2,23,16366,15759.862,606.1376953125
1,20,16,19362,18006.21,1355.7890625
12,28,10,15681,15921.504,240.50390625
1,23,13,17698,17026.723,671.27734375
6,5,9,12151,12586.593,435.5927734375
2,12,2,14048,13565.647,482.3525390625
3,1,16,15935,16116.777,181.77734375
12,16,14,15307,15325.623,18.623046875
7,9,0,13664,13298.531,365.46875
6,27,0,14998,14985.803,12.197265625
8,15,10,16661,17177.646,516.646484375
2,10,22,17109,16562.088,546.912109375
6,2,4,13670,13881.995,211.9951171875
5,4,9,14561,14531.155,29.8447265625
2,25,19,18544,18758.363,214.36328125
11,25,11,16306,16372.12,66.1201171875
12,26,13,15339,14889.138,449.8623046875
5,4,8,13872,13375.186,496.814453125
3,16,13,15727,16265.1455,538.1455078125
7,24,14,19780,19298.312,481.6875
11,27,16,16780,17299.346,519.345703125
11,19,9,18211,18136.389,74.611328125
2,16,12,16732,16455.951,276.048828125
6,8,6,13381,13484.5625,103.5625
6,30,20,19398,20100.33,702.330078125
3,17,8,16353,16257.068,95.931640625
7,31,10,15741,16133.802,392.8017578125
6,25,21,17794,18260.418,466.41796875
4,23,0,12514,12029.337,484.6630859375
2,10,5,13046,12703.596,342.404296875
10,12,1,11980,12147.921,167.9208984375
9,5,0,14742,14628.555,113.4453125
11,27,10,16667,17053.889,386.888671875
12,19,16,17473,17906.514,433.513671875
7,10,11,13910,15028.744,1118.744140625
11,16,3,14265,14350.624,85.6240234375
12,12,12,17491,17050.521,440.478515625
7,2,5,14705,15295.641,590.640625
4,5,15,15455,15314.75,140.25
6,14,22,16223,16262.677,39.6767578125
9,12,5,12586,12719.697,133.697265625
9,30,2,11965,12543.822,578.822265625
4,18,16,13923,14605.982,682.982421875
12,9,2,14315,14177.85,137.150390625
5,16,3,11522,11079.653,442.3466796875
5,27,2,11550,11387.305,162.6953125
7,14,10,19308,19098.37,209.630859375
5,12,0,11927,11706.12,220.8798828125
1,12,19,18971,18948.168,22.83203125
10,13,17,14610,15052.535,442.53515625
3,12,21,15145,14715.42,429.580078125
8,7,15,14297,16111.299,1814.298828125
9,27,9,18283,17616.967,666.033203125
10,31,13,13485,13865.301,380.30078125
8,29,14,16624,16412.725,211.275390625
2,1,13,17872,17647.307,224.693359375
6,1,9,14787,14448.153,338.8466796875
11,15,0,14766,14228.527,537.47265625
6,10,9,16418,16622.33,204.330078125
5,5,7,13958,14132.154,174.154296875
11,11,2,12627,11921.098,705.90234375
8,24,10,13786,13877.168,91.16796875
3,4,15,19422,19474.041,52.041015625
7,18,9,16004,16258.449,254.44921875
3,10,21,17516,16899.447,616.552734375
10,10,23,14419,13822.471,596.529296875
12,27,22,15376,15988.619,612.619140625
10,6,19,16786,16195.4795,590.5205078125
7,6,0,14420,14676.307,256.306640625
7,15,8,15536,15246.685,289.3154296875
10,3,6,11829,12356.685,527.6845703125
8,13,2,12373,12266.016,106.984375
12,16,15,18066,17685.023,380.9765625
4,8,22,14686,14940.695,254.6953125
3,7,10,17693,17059.863,633.13671875
8,5,22,15445,15423.868,21.1318359375
8,10,22,15094,14474.421,619.5791015625
1,29,11,18313,17786.947,526.052734375
3,31,22,14855,15236.635,381.634765625
8,10,22,17048,17030.982,17.017578125
8,8,21,18788,18691.936,96.064453125
10,2,17,15130,15818.321,688.3212890625
11,23,10,16998,17290.959,292.958984375
3,20,2,14125,14852.787,727.787109375
11,29,8,17107,16368.427,738.5732421875
6,7,7,11180,11392.7295,212.7294921875
10,17,15,15808,15861.573,53.5732421875
4,17,15,14137,13660.365,476.634765625
12,29,9,13746,13699.402,46.59765625
8,18,4,14973,15027.49,54.490234375
11,15,13,17561,17411.533,149.466796875
1,18,3,15316,15357.998,41.998046875
5,8,15,11668,12648.648,980.6484375
10,6,8,15208,15145.875,62.125
5,31,3,11743,11221.82,521.1796875
8,31,2,11908,11880.906,27.09375
2,3,4,13173,12569.453,603.546875
11,20,20,18269,18734.068,465.068359375
6,15,3,11971,11851.537,119.462890625
11,9,7,12983,12847.384,135.6162109375
4,1,3,13197,13039.104,157.896484375
8,21,0,13745,14011.436,266.435546875
9,3,23,14886,15028.361,142.361328125
4,7,13,13304,13387.896,83.896484375
6,19,18,16296,17235.213,939.212890625
2,13,23,18535,19056.557,521.556640625
8,6,17,14674,15457.675,783.6748046875
1,20,13,17224,17488.432,264.431640625
9,30,22,15163,14390.494,772.505859375
1,20,14,17961,17655.451,305.548828125
6,3,18,16955,16703.242,251.7578125
9,13,15,17542,19061.684,1519.68359375
3,20,19,18902,18719.352,182.6484375
10,6,10,14632,14488.478,143.5224609375
1,28,17,20090,19838.14,251.859375
12,4,22,16676,16395.613,280.38671875
6,11,15,14164,14083.547,80.453125
3,28,3,12806,12634.775,171.224609375
5,29,8,12231,12234.227,3.2265625
7,3,16,15206,15717.359,511.359375
11,14,12,14616,14904.469,288.46875
8,30,22,17989,17468.123,520.876953125
5,3,18,14156,14318.229,162.228515625
9,18,17,16960,17268.742,308.7421875
4,2,15,12327,13742.06,1415.0595703125
4,30,16,14693,15115.706,422.7060546875
1,18,18,19250,18896.822,353.177734375
1,8,3,13994,14157.455,163.455078125
9,27,13,14850,15187.51,337.509765625
7,25,7,16998,16859.252,138.748046875
5,8,19,14963,15127.988,164.98828125
8,1,8,17375,18132.482,757.482421875
4,15,21,13974,14227.6045,253.6044921875
9,1,10,18446,17072.275,1373.724609375
6,1,2,11418,11450.369,32.369140625
7,31,18,18628,18469.979,158.021484375
2,27,17,16771,17119.703,348.703125
1,6,7,17155,17255.512,100.51171875
1,22,20,20071,19930.807,140.193359375
2,3,4,16165,15827.195,337.8046875
12,2,3,14417,13980.821,436.1787109375
9,9,16,12714,13276.455,562.455078125
2,21,20,19624,18874.965,749.03515625
3,19,9,17486,16834.896,651.103515625
10,17,11,14621,15138.244,517.244140625
11,29,4,14870,14384.45,485.5498046875
10,25,0,12393,12936.281,543.28125
6,15,5,12232,12201.5625,30.4375
3,5,16,16127,16241.07,114.0703125
6,17,11,16939,16693.584,245.416015625
9,17,0,14907,14471.793,435.20703125
5,5,12,14224,14747.232,523.232421875
12,13,6,15162,15749.46,587.4599609375
2,20,14,16791,16861.484,70.484375
4,24,11,12330,12458.538,128.5380859375
7,29,21,17636,17856.086,220.0859375
7,31,5,12849,13310.707,461.70703125
4,1,1,13581,13347.949,233.05078125
12,24,18,16998,17909.99,911.990234375
11,28,6,15358,14940.0205,417.9794921875
11,1,21,16020,16163.135,143.134765625
9,15,8,15138,15251.722,113.7216796875
6,6,20,15560,16186.991,626.9912109375
5,29,6,12635,13283.881,648.880859375
4,30,3,11857,12077.402,220.40234375
9,25,21,15241,15681.868,440.8681640625
5,10,12,12547,12567.766,20.765625
12,21,15,18333,18003.713,329.287109375
4,7,17,14669,13878.713,790.287109375
7,24,5,12775,13300.154,525.154296875
2,6,12,18845,18297.41,547.58984375
8,4,18,17574,17231.266,342.734375
9,9,5,11038,11149.545,111.544921875
9,20,7,15546,14795.8545,750.1455078125
7,3,12,14643,15939.969,1296.96875
8,21,21,16505,15995.338,509.662109375
4,18,20,13752,14227.311,475.310546875
2,1,16,16412,16108.89,303.1103515625
3,11,4,13657,12770.484,886.515625
8,5,8,17090,17894.9,804.900390625
4,20,12,14599,14857.471,258.470703125
7,22,15,21606,22619.318,1013.318359375
3,4,21,18433,18097.938,335.0625
4,10,20,13854,14572.077,718.0771484375
8,15,13,18012,18608.445,596.4453125
11,20,17,16515,17276.34,761.33984375
4,2,5,14147,13111.625,1035.375
1,16,14,15884,16263.315,379.3154296875
7,7,10,14986,14261.701,724.298828125
10,19,21,14093,13805.414,287.5859375
5,2,7,15914,14593.437,1320.5634765625
11,6,0,13382,13342.088,39.912109375
11,30,21,17679,16463.33,1215.669921875
4,11,17,16582,17088.572,506.572265625
6,9,18,14805,14510.956,294.0439453125
12,20,7,16769,16008.515,760.4853515625
12,10,22,16998,17562.314,564.314453125
1,14,3,14979,14901.845,77.1552734375
4,13,20,15785,15708.409,76.5908203125
7,2,18,17698,17533.354,164.646484375
1,15,0,16055,15800.936,254.064453125
1,7,7,15931,15868.806,62.1943359375
2,1,0,16251,15400.152,850.84765625
4,5,10,12744,13303.773,559.7734375
5,25,22,16923,16972.42,49.419921875
1,26,1,16917,16698.812,218.1875
2,3,18,17720,17981.373,261.373046875
2,10,21,18002,17666.928,335.072265625
12,26,4,13979,13302.906,676.09375
8,23,1,12349,12318.093,30.9072265625
2,20,8,16548,16562.268,14.267578125
3,21,14,14365,15136.657,771.6572265625
6,14,5,12207,12696.915,489.9150390625
1,23,11,19147,18558.201,588.798828125
4,25,15,13915,14399.908,484.908203125
11,27,6,14663,15076.393,413.392578125
5,23,6,13238,12827.588,410.412109375
4,9,6,14113,13275.883,837.1171875
4,6,4,13554,13792.371,238.37109375
12,26,6,11188,11974.949,786.94921875
1,9,18,18794,18677.938,116.0625
4,26,13,15275,14787.293,487.70703125
9,3,3,10630,11332.857,702.857421875
4,2,5,13867,13423.118,443.8818359375
7,31,18,20497,20019.197,477.802734375
3,25,5,13634,13337.084,296.916015625
4,1,10,14761,14505.771,255.228515625
1,11,17,18593,18187.62,405.380859375
5,4,12,14181,13461.344,719.65625
2,18,21,19875,18835.354,1039.646484375
5,6,2,11461,11356.92,104.080078125
10,7,23,13515,14208.9,693.900390625
3,9,5,12850,12745.283,104.716796875
1,15,19,18667,18827.049,160.048828125
4,26,22,15206,14477.027,728.97265625
8,9,17,20502,19202.857,1299.142578125
1,16,3,13913,13571.458,341.5419921875
5,17,10,13704,14463.827,759.8271484375
3,8,13,16669,16644.229,24.771484375
9,17,20,16801,17655.887,854.88671875
7,9,9,14547,14643.211,96.2109375
4,8,19,14452,15460.839,1008.8388671875
5,24,8,11092,11849.938,757.9384765625
12,6,7,15157,14877.33,279.669921875
11,16,6,13121,13766.549,645.548828125
10,28,10,15783,15551.584,231.416015625
12,27,20,16176,16626.492,450.4921875
12,28,7,12392,12745.419,353.4189453125
12,8,23,15680,16061.939,381.939453125
5,7,21,15516,16200.173,684.1728515625
9,5,6,11736,11255.639,480.361328125
10,20,18,16911,16630.785,280.21484375
9,27,10,14824,15417.99,593.990234375
1,28,8,19597,18966.088,630.912109375
3,24,8,15721,15187.203,533.796875
5,21,11,13047,12911.234,135.765625
7,12,21,17227,17553.12,326.119140625
12,11,13,15920,16590.748,670.748046875
4,24,20,16074,16513.01,439.009765625
11,13,16,15937,16169.789,232.7890625
8,18,6,15026,14587.389,438.611328125
10,6,14,14942,14568.032,373.9677734375
9,18,11,13661,14154.426,493.42578125
2,20,23,15781,16146.715,365.71484375
9,22,17,18803,19392.557,589.556640625
3,27,11,17135,16771.73,363.26953125
9,11,15,14969,15742.518,773.517578125
11,16,11,16152,16728.271,576.271484375
8,28,17,19745,20476.717,731.716796875
1,19,8,15681,14898.007,782.9931640625
5,25,23,15127,15691.767,564.7666015625
2,8,10,19249,18805.92,443.080078125
10,31,4,12397,11863.938,533.0615234375
12,27,8,13721,15569.178,1848.177734375
7,17,19,16985,17443.844,458.84375
5,2,15,15500,14953.406,546.59375
3,12,23,15301,15438.002,137.001953125
5,21,19,14137,14966.109,829.109375
8,4,1,13135,13636.199,501.19921875
6,12,23,13716,13776.296,60.2958984375
12,16,12,18413,17502.979,910.021484375
9,7,10,14446,15292.601,846.6005859375
2,15,1,16519,16207.432,311.568359375
11,9,19,16928,17624.432,696.431640625
9,23,2,11672,11842.216,170.2158203125
8,14,17,21155,21656.373,501.373046875
6,12,13,16678,16445.275,232.724609375
3,4,21,18237,17531.393,705.607421875
8,26,11,18106,18228.33,122.330078125
8,26,7,13265,13379.95,114.9501953125
10,29,17,15944,15733.132,210.8681640625
7,20,15,21780,22415.62,635.619140625
4,27,21,16221,15314.197,906.802734375
4,26,17,14243,15451.703,1208.703125
5,5,21,15320,15707.864,387.8642578125
8,23,0,13049,12842.993,206.0068359375
7,5,21,15856,16417.35,561.349609375
5,21,19,13556,14631.154,1075.154296875
5,25,17,14838,14790.125,47.875
2,20,12,14855,14955.908,100.908203125
2,2,14,17041,16632.676,408.32421875
7,9,8,13216,13145.027,70.97265625
3,10,8,17710,16862.477,847.5234375
12,22,14,18377,17928.033,448.966796875
8,30,19,17369,17286.162,82.837890625
6,17,19,17007,16759.678,247.322265625
2,25,12,17915,17767.557,147.443359375
9,19,15,16016,16624.088,608.087890625
4,27,22,14563,14768.949,205.94921875
11,14,0,15079,14670.096,408.904296875
9,12,17,18846,19047.564,201.564453125
11,19,23,15483,15244.192,238.8076171875
6,10,5,12259,12499.2705,240.2705078125
6,18,22,17123,16824.896,298.103515625
8,26,22,17815,16960.764,854.236328125
11,15,21,17745,17391.732,353.267578125
4,3,22,15957,16764.916,807.916015625
6,17,7,13934,13770.894,163.1064453125
8,30,9,16360,15896.263,463.7373046875
10,18,2,12567,13003.082,436.08203125
7,1,9,15144,15623.16,479.16015625
8,21,18,19137,18322.559,814.44140625
8,3,10,14899,16187.35,1288.349609375
3,19,14,15671,15673.48,2.48046875
7,24,16,16388,16613.041,225.041015625
10,4,6,13660,13814.844,154.84375
8,8,21,19214,19273.455,59.455078125
6,15,2,12520,12470.91,49.08984375
5,19,3,11949,11370.974,578.0263671875
2,1,22,17447,17890.303,443.302734375
12,27,4,14651,14700.59,49.58984375
6,1,21,15415,15716.295,301.294921875
4,4,15,16185,15847.174,337.826171875
12,23,21,18586,18844.195,258.1953125
5,28,17,17925,18061.262,136.26171875
8,13,22,17897,18120.334,223.333984375
9,2,11,17345,17549.793,204.79296875
3,9,22,15298,15221.807,76.193359375
2,16,18,18336,19154.854,818.853515625
4,11,8,12099,13367.478,1268.4775390625
7,18,3,12896,13273.295,377.294921875
2,13,21,19030,18531.883,498.1171875
11,15,8,12650,13349.442,699.4423828125
1,8,6,17131,17207.443,76.443359375
12,28,17,17097,17678.912,581.912109375
12,26,19,16646,16823.201,177.201171875
12,14,13,17623,17507.432,115.568359375
3,25,5,13583,13430.735,152.2646484375
10,5,18,15588,15858.631,270.630859375
3,20,20,15238,14531.662,706.337890625
10,17,1,11999,12435.524,436.5244140625
4,7,18,14959,15139.198,180.1982421875
11,14,9,17274,16311.249,962.7509765625
7,14,6,13461,13410.83,50.169921875
2,26,14,17390,17555.87,165.869140625
11,17,12,16034,16245.026,211.0263671875
6,30,16,20244,19997.63,246.369140625
5,13,8,14006,14234.594,228.59375
7,20,16,18115,18132.996,17.99609375
9,23,14,17370,17882.17,512.169921875
11,26,14,16111,15758.288,352.7119140625
2,25,23,16244,15870.426,373.57421875
7,30,17,22109,21865.564,243.435546875
6,18,12,17412,16580.373,831.626953125
5,20,1,11085,11901.758,816.7578125
4,3,3,12888,12580.787,307.212890625
8,5,15,20939,21089.406,150.40625
8,24,4,11464,11268.484,195.515625
6,6,22,18305,17839.613,465.38671875
10,11,17,16144,16741.77,597.76953125
7,20,22,19758,20873.88,1115.880859375
4,24,10,15867,15867.071,0.0712890625
10,10,22,15338,14367.34,970.66015625
4,24,10,12518,12568.184,50.18359375
4,20,8,15297,15215.289,81.7109375
6,7,11,14827,14955.873,128.873046875
9,8,6,16876,16458.535,417.46484375
3,22,19,18528,18538.043,10.04296875
10,16,22,14179,14313.742,134.7421875
9,25,19,15309,14370.304,938.6962890625
10,31,0,13911,14312.594,401.59375
6,1,4,11402,12027.534,625.5341796875
11,27,11,17649,17155.299,493.701171875
11,3,22,15863,15042.632,820.3681640625
12,28,21,16965,17294.69,329.689453125
8,13,20,20555,20676.691,121.69140625
12,7,4,12784,13057.3545,273.3544921875
2,7,6,15188,15269.322,81.322265625
1,6,13,16619,16245.902,373.09765625
7,18,12,20109,20758.385,649.384765625
12,16,16,18591,17893.996,697.00390625
3,28,2,13857,13704.981,152.0185546875
5,18,2,10979,10899.197,79.802734375
6,9,20,17843,18537.467,694.466796875
12,12,21,20198,19765.992,432.0078125
12,19,21,16974,16580.54,393.4609375
9,21,15,16632,17764.912,1132.912109375
10,30,11,17060,16822.916,237.083984375
9,24,23,12647,12720.195,73.1953125
12,10,3,12920,12833.797,86.203125
11,7,20,17585,17903.271,318.271484375
5,5,21,13853,13954.416,101.416015625
6,22,0,15774,15985.678,211.677734375
3,31,18,16479,16379.756,99.244140625
9,10,17,18062,17748.555,313.4453125
4,20,0,12652,12174.333,477.6669921875
9,21,22,13709,13986.701,277.701171875
7,20,23,16813,17120.646,307.646484375
1,22,10,17938,17463.55,474.44921875
4,3,22,16361,15714.544,646.4560546875
7,25,20,18073,18481.635,408.634765625
8,26,21,16713,16717.705,4.705078125
1,5,3,12984,12908.994,75.005859375
10,18,14,16263,17376.9,1113.900390625
11,6,5,11758,12404.184,646.18359375
11,22,14,16080,17166.822,1086.822265625
10,17,1,12707,12891.686,184.685546875
1,31,5,15867,15325.998,541.001953125
11,13,12,17101,17578.084,477.083984375
11,9,11,15118,15420.574,302.57421875
12,9,10,17333,17196.672,136.328125
10,1,20,17664,17826.018,162.017578125
2,14,11,16663,16434.975,228.025390625
4,9,2,12294,13018.331,724.3310546875
2,17,0,15847,15353.693,493.306640625
12,27,19,18236,17614.102,621.8984375
2,15,15,16450,16526.992,76.9921875
1,9,9,18170,17500.406,669.59375
11,5,8,15560,15779.576,219.576171875
3,1,7,16784,16332.729,451.271484375
7,15,5,12539,12432.821,106.1787109375
4,12,7,16034,15175.085,858.9150390625
11,19,4,12055,12132.32,77.3203125
8,17,6,13480,13526.174,46.173828125
12,1,21,17568,17201.266,366.734375
10,15,13,15285,15566.999,281.9990234375
11,23,11,16914,17128.248,214.248046875
12,11,3,14141,13835.877,305.123046875
7,7,1,14324,14704.139,380.138671875
9,12,7,14625,13450.319,1174.6806640625
12,10,21,19686,18554.533,1131.466796875
10,24,4,11968,12190.908,222.908203125
12,17,5,12745,13070.984,325.984375
5,9,5,12455,12522.207,67.20703125
6,3,21,16273,17457.996,1184.99609375
8,25,11,16424,16382.226,41.7744140625
3,27,8,15090,16084.715,994.71484375
1,8,0,15403,15128.176,274.82421875
8,7,6,13251,14663.086,1412.0859375
10,4,8,16387,15608.154,778.845703125
7,22,19,18248,18201.734,46.265625
9,6,18,22300,21875.262,424.73828125
8,30,13,16395,16735.61,340.609375
7,28,22,16369,17444.87,1075.869140625
12,1,10,17233,17195.129,37.87109375
6,7,15,14316,15060.092,744.091796875
5,27,2,13516,14239.803,723.802734375
6,10,19,20374,20645.924,271.923828125
4,17,22,14324,14683.555,359.5546875
7,13,20,18244,18654.418,410.41796875
11,4,3,12071,12108.215,37.21484375
5,16,7,14676,14144.012,531.98828125
12,14,0,14882,14599.8955,282.1044921875
1,22,14,17625,16853.807,771.193359375
9,6,5,16040,15547.498,492.501953125
9,9,2,15192,16618.9,1426.900390625
10,26,0,12469,12130.109,338.890625
6,24,2,11832,11952.776,120.7763671875
8,23,13,15249,15553.587,304.5869140625
3,14,3,12348,12363.389,15.388671875
4,9,9,14369,14784.156,415.15625
11,5,15,15219,15516.192,297.1923828125
2,22,0,15121,14992.118,128.8818359375
10,18,0,12740,12891.747,151.7470703125
6,29,6,12794,13301.256,507.255859375
4,9,15,15434,15400.098,33.90234375
11,26,13,15272,14963.078,308.921875
4,1,16,13384,14773.932,1389.931640625
5,25,9,15273,16351.971,1078.970703125
3,30,7,15339,14841.059,497.94140625
12,20,6,14340,14700.864,360.8642578125
8,23,15,16154,16225.52,71.51953125
3,9,7,14379,14249.324,129.67578125
6,13,20,19596,19095.998,500.001953125
11,23,9,17164,17664.855,500.85546875
7,17,18,22400,21219.352,1180.6484375
12,29,14,16704,17513.182,809.181640625
7,13,3,12545,12556.785,11.78515625
9,12,0,14065,13335.952,729.0478515625
2,18,8,15799,16286.871,487.87109375
7,8,11,16234,15883.8125,350.1875
7,21,9,15050,14766.094,283.90625
3,3,12,14669,14231.352,437.6484375
10,12,7,14886,13730.069,1155.9306640625
6,20,7,13828,14103.997,275.9970703125
3,18,10,15830,15621.512,208.48828125
10,1,14,13205,13440.085,235.0849609375
4,2,8,13437,15016.25,1579.25
5,17,1,11474,12163.3,689.2998046875
5,30,9,15182,14803.404,378.595703125
9,28,16,15376,16038.339,662.3388671875
12,6,19,18660,19222.443,562.443359375
12,10,12,17786,17649.943,136.056640625
11,7,5,13334,13443.932,109.931640625
3,20,10,15683,16602.398,919.3984375
10,5,3,11533,11731.251,198.2509765625
12,6,12,15682,15963.252,281.251953125
2,22,3,12837,13781.271,944.271484375
7,5,10,16272,16821.045,549.044921875
6,13,8,14680,14982.012,302.01171875
3,6,0,15076,14177.426,898.57421875
5,26,19,20437,21400.889,963.888671875
11,21,3,12616,12947.75,331.75
9,9,17,13103,13713.36,610.3603515625
4,24,20,16409,16788.723,379.72265625
5,21,3,10249,10575.742,326.7421875
5,26,20,16402,17127.115,725.115234375
4,19,20,17233,17150.213,82.787109375
6,11,11,14147,14415.518,268.517578125
11,14,15,16930,16956.697,26.697265625
10,3,12,15989,15634.652,354.34765625
1,4,2,15787,15201.296,585.7041015625
12,20,8,18632,17824.008,807.9921875
10,4,16,14529,15000.059,471.05859375
11,28,10,15781,15770.494,10.505859375
2,19,15,16756,17149.322,393.322265625
6,12,10,16380,16119.709,260.291015625
12,27,5,14607,14952.385,345.384765625
7,3,14,15128,15736.291,608.291015625
7,28,5,12213,12590.805,377.8046875
4,30,15,13550,13730.215,180.21484375
11,18,5,13572,13029.943,542.056640625
1,7,1,14453,14461.865,8.865234375
6,6,6,11482,11324.182,157.818359375
12,23,19,20069,19444.871,624.12890625
1,20,17,18472,18708.605,236.60546875
4,1,14,14332,14950.27,618.26953125
10,31,8,16130,15391.447,738.552734375
8,20,2,13239,13472.303,233.302734375
6,2,21,15986,15790.936,195.064453125
12,20,15,17443,17424.908,18.091796875
12,9,6,15403,14762.584,640.416015625
9,10,18,17734,17820.754,86.75390625
5,20,21,13315,13503.473,188.47265625
7,2,10,14794,15461.658,667.658203125
1,11,20,19557,20012.658,455.658203125
12,6,7,15698,15909.113,211.11328125
9,3,3,13960,14824.67,864.669921875
11,23,19,16911,17284.494,373.494140625
6,6,9,14782,14666.436,115.564453125
12,27,14,16631,16486.57,144.4296875
5,17,4,11466,11664.971,198.970703125
3,4,14,17371,17019.37,351.630859375
3,28,18,18167,18631.73,464.73046875
6,5,18,18753,18749.938,3.0625
1,4,21,17319,18030.78,711.779296875
2,7,0,15579,15257.439,321.560546875
8,25,20,19058,18872.436,185.564453125
4,27,11,13752,13172.508,579.4921875
1,17,12,16719,16773.814,54.814453125
11,6,16,17023,16111.758,911.2421875
4,3,15,13384,14000.945,616.9453125
1,9,1,14900,14405.868,494.1318359375
11,6,22,16242,15640.848,601.15234375
10,22,0,13088,13138.856,50.8564453125
4,8,1,13372,13484.651,112.6513671875
9,10,12,17843,17900.871,57.87109375
4,13,21,14137,15187.859,1050.859375
7,30,5,15116,14581.617,534.3828125
12,13,7,16212,15572.396,639.603515625
10,27,21,14227,13985.552,241.4482421875
5,3,12,15134,15270.85,136.849609375
1,29,16,19741,19104.445,636.5546875
10,17,4,12491,12396.613,94.38671875
7,19,18,20536,21503.955,967.955078125
10,15,0,11909,12470.531,561.53125
6,13,14,17916,17473.97,442.029296875
4,30,5,13498,12946.736,551.263671875
11,14,10,17160,16326.52,833.48046875
12,10,20,19138,19664.596,526.595703125
10,28,13,14539,14985.177,446.1767578125
1,19,10,16855,16187.261,667.7392578125
6,8,18,16118,16932.395,814.39453125
6,3,14,15897,16834.584,937.583984375
8,15,7,16550,15991.678,558.322265625
4,16,4,12279,13533.145,1254.14453125
3,5,9,17231,17238.326,7.326171875
7,12,1,12598,13665.305,1067.3046875
4,21,3,11706,11273.615,432.384765625
7,28,10,16223,15854.04,368.9599609375
9,19,11,13099,13316.021,217.021484375
8,5,1,13894,13847.846,46.154296875
5,2,19,13778,14306.842,528.841796875
10,17,6,11445,11507.946,62.9462890625
1,25,10,18109,18139.758,30.7578125
1,12,18,18935,18542.771,392.228515625
10,27,1,12352,12437.607,85.607421875
11,27,18,18211,17727.822,483.177734375
2,4,2,16225,15785.89,439.1103515625
5,12,12,12979,12302.338,676.662109375
7,8,7,14698,14946.141,248.140625
9,5,1,12037,12110.012,73.01171875
2,22,18,17554,17512.945,41.0546875
7,13,4,12181,12003.623,177.376953125
2,28,5,13240,12784.029,455.970703125
11,14,4,13733,13501.987,231.0126953125
12,23,10,16715,16415.664,299.3359375
9,27,3,12578,11942.496,635.50390625
6,24,15,17884,17405.395,478.60546875
12,12,2,14777,14912.352,135.3515625
8,14,4,13359,14174.631,815.630859375
5,2,2,10650,11043.149,393.1494140625
10,25,3,11451,11616.467,165.466796875
10,31,12,16121,16093.902,27.09765625
10,5,11,15545,15918.325,373.3251953125
4,25,21,14806,14011.562,794.4384765625
8,27,11,16764,17377.908,613.908203125
9,9,23,16322,16336.5625,14.5625
3,18,9,18523,17953.857,569.142578125
11,28,1,14863,14426.65,436.349609375
1,5,19,20706,21587.965,881.96484375
1,5,18,19055,18820.812,234.1875
11,1,19,16970,17854.432,884.431640625
9,3,4,11429,11008.05,420.9501953125
10,20,4,12382,11755.428,626.572265625
12,22,21,17304,17281.287,22.712890625
6,20,9,15732,15500.84,231.16015625
3,30,17,15346,15380.734,34.734375
7,28,16,15610,16361.764,751.763671875
11,8,1,13477,13359.123,117.876953125
7,25,20,19594,19889.662,295.662109375
6,26,8,14609,15716.491,1107.4912109375
8,10,11,14538,14394.924,143.076171875
3,21,22,15768,15420.69,347.3095703125
5,31,7,15909,14909.766,999.234375
6,18,0,12594,12543.233,50.7666015625
11,26,3,12762,12995.124,233.1240234375
10,7,22,13971,14333.164,362.1640625
3,24,10,14809,14732.768,76.232421875
2,26,15,17488,17714.6,226.599609375
8,2,7,13334,13106.089,227.9111328125
9,29,9,13344,13393.168,49.16796875
2,25,15,16180,15874.57,305.4296875
4,11,18,14665,14627.84,37.16015625
2,13,17,19108,18741.094,366.90625
1,29,1,16446,15342.007,1103.9931640625
10,8,5,11003,10621.157,381.8427734375
12,19,13,18475,17805.346,669.654296875
7,11,7,15796,15265.893,530.107421875
2,12,5,13867,13026.151,840.8486328125
7,23,6,13575,13830.918,255.91796875
8,4,22,16348,16232.741,115.2587890625
6,2,18,16825,17494.334,669.333984375
7,10,10,13413,14890.576,1477.576171875
2,5,19,19198,18800.133,397.8671875
7,2,0,12980,13384.158,404.158203125
11,22,16,16712,17884.256,1172.255859375
8,23,13,16366,17472.031,1106.03125
6,5,17,15464,15291.373,172.626953125
7,14,21,16961,17184.893,223.892578125
9,1,19,19239,19214.506,24.494140625
7,11,14,18569,18704.467,135.466796875
3,16,5,14059,14137.348,78.34765625
5,30,12,16168,15636.181,531.8193359375
10,15,4,11383,11664.146,281.146484375
3,7,1,13446,13112.045,333.955078125
9,24,9,13012,13479.779,467.779296875
8,31,10,14796,15134.057,338.056640625
11,23,6,14151,14026.145,124.85546875
4,1,19,17134,17248.932,114.931640625
8,6,7,14300,13629.344,670.65625
7,29,9,19627,18935.234,691.765625
11,10,2,12939,13013.002,74.001953125
1,19,20,19125,19677.348,552.34765625
3,29,3,15052,15041.223,10.77734375
3,15,4,14170,13805.4795,364.5205078125
9,2,10,17757,17942.582,185.58203125
8,21,1,14929,15141.471,212.470703125
5,1,11,14329,14313.943,15.056640625
11,8,19,17284,18004.207,720.20703125
6,25,5,12217,12290.887,73.88671875
4,3,8,16727,16767.07,40.0703125
5,20,10,12562,12995.332,433.33203125
11,21,1,12464,12418.125,45.875
10,13,2,11772,12469.121,697.12109375
7,7,16,15982,16454.135,472.134765625
12,16,21,16490,16508.664,18.6640625
6,10,5,11536,11259.064,276.935546875
9,19,15,15153,15940.238,787.23828125
8,21,1,12834,12535.803,298.197265625
12,27,23,15737,15427.488,309.51171875
11,23,15,16880,16779.283,100.716796875
3,24,10,16732,17547.518,815.517578125
9,27,8,15148,15051.121,96.87890625
3,19,7,13873,13244.166,628.833984375
7,1,19,20138,19899.201,238.798828125
7,20,19,20371,21705.424,1334.423828125
5,1,3,11201,11424.205,223.205078125
3,11,18,17448,17667.352,219.3515625
9,28,15,14850,15091.611,241.611328125
2,25,14,14879,15359.083,480.0830078125
2,9,23,18526,18081.229,444.771484375
1,7,0,15126,14821.297,304.703125
11,21,22,17662,16914.31,747.689453125
10,24,3,12286,12517.917,231.9169921875
1,23,19,19074,19057.623,16.376953125
10,29,7,15245,14057.895,1187.10546875
12,2,12,16580,16362.461,217.5390625
10,6,9,14190,14188.492,1.5078125
12,19,1,14490,15049.316,559.31640625
3,29,23,14017,14597.523,580.5234375
3,31,12,15531,15009.439,521.560546875
11,27,23,15198,14748.473,449.52734375
10,13,18,17280,17564.672,284.671875
12,11,7,14293,14438.607,145.607421875
11,17,7,14462,14848.77,386.76953125
10,1,17,15010,15846.069,836.0693359375
4,7,0,11979,12290.273,311.2734375
9,6,21,16714,15537.243,1176.7568359375
10,6,11,16607,16179.783,427.216796875
4,6,12,14013,14601.556,588.5556640625
9,2,15,19348,19482.852,134.8515625
10,22,0,12070,12112.596,42.595703125
10,17,21,15296,15193.666,102.333984375
9,20,18,19173,19411.432,238.431640625
8,24,4,13532,13182.952,349.0478515625
7,6,18,20920,21529.809,609.80859375
6,14,7,11633,11968.975,335.974609375
6,26,14,17593,17639.205,46.205078125
1,11,1,14338,13639.3125,698.6875
12,4,17,17226,17351.947,125.947265625
10,28,0,12810,12654.878,155.1220703125
3,5,18,19225,20030.049,805.048828125
4,26,19,15867,16469.562,602.5625
12,9,17,18691,18500.684,190.31640625
10,18,9,15600,15556.617,43.3828125
3,5,8,19272,18712.096,559.904296875
1,28,18,19988,19359.006,628.994140625
3,13,2,14363,14069.653,293.3466796875
6,28,21,21225,21859.822,634.822265625
11,11,21,18701,17867.912,833.087890625
12,18,16,17718,18004.81,286.810546875
4,14,10,14842,14802.8955,39.1044921875
6,24,19,15302,15705.716,403.7158203125
1,18,20,18990,19514.184,524.18359375
4,28,13,13524,14038.709,514.708984375
9,19,1,12968,13573.186,605.185546875
1,24,6,14586,14240.586,345.4140625
10,12,20,14195,14015.184,179.81640625
11,1,16,16979,16853.729,125.271484375
4,23,13,14328,13703.44,624.5595703125
12,30,20,17015,16767.158,247.841796875
10,17,13,15298,15044.833,253.1669921875
3,11,23,15083,15035.736,47.263671875
9,4,12,19409,19314.36,94.640625
3,16,18,16698,16687.158,10.841796875
11,7,22,13361,13542.66,181.66015625
1,25,15,18093,18219.791,126.791015625
8,12,13,17998,16915.111,1082.888671875
1,9,10,19371,19176.719,194.28125
7,4,12,19851,20335.012,484.01171875
5,27,8,16539,16025.588,513.412109375
3,8,13,14774,14235.782,538.2177734375
10,10,9,15767,14983.781,783.21875
10,26,16,15944,16372.871,428.87109375
7,23,10,18875,18612.371,262.62890625
7,29,6,13783,13855.887,72.88671875
12,27,16,14663,15333.659,670.6591796875
11,13,16,15712,15997.309,285.30859375
8,20,22,17734,17988.61,254.609375
7,14,23,16711,17106.51,395.509765625
9,18,22,15661,15873.053,212.052734375
2,4,7,17777,17279.377,497.623046875
3,16,23,14841,15939.836,1098.8359375
2,23,5,14226,14111.285,114.71484375
6,6,13,15931,15444.094,486.90625
6,13,22,17332,17015.594,316.40625
2,21,22,17711,17092.787,618.212890625
11,12,1,13589,13689.016,100.015625
3,20,23,13288,14210.89,922.8896484375
7,26,2,12412,12463.802,51.8017578125
2,20,16,17183,16788.846,394.154296875
1,5,17,19897,20002.717,105.716796875
5,26,9,16011,16049.373,38.373046875
6,19,14,17408,17304.59,103.41015625
3,10,15,16473,15994.676,478.32421875
8,17,20,18129,18587.053,458.052734375
10,22,9,15979,16407.44,428.439453125
9,16,7,14705,14029.162,675.837890625
4,21,16,15013,14437.442,575.5576171875
10,17,21,15852,14988.369,863.630859375
3,1,17,18626,18344.361,281.638671875
11,19,2,13077,13739.613,662.61328125
9,5,1,13476,13062.825,413.1748046875
10,18,0,12282,12412.945,130.9453125
9,24,23,14247,14447.252,200.251953125
11,25,11,18218,16533.982,1684.017578125
8,3,6,14794,14741.702,52.2978515625
4,17,20,15003,14873.8545,129.1455078125
2,19,5,14834,14589.841,244.1591796875
4,11,4,12040,12325.186,285.185546875
3,18,15,17438,16826.951,611.048828125
5,23,12,12387,13089.556,702.5556640625
8,12,13,19355,19546.014,191.013671875
11,20,1,14045,14255.768,210.767578125
11,26,18,17924,17751.297,172.703125
6,3,11,15109,15787.102,678.1015625
12,22,12,17941,17537.71,403.2890625
4,8,11,13782,14694.747,912.7470703125
3,29,18,15838,16736.682,898.681640625
9,12,17,18064,17823.697,240.302734375
7,22,5,13555,13875.092,320.091796875
12,27,17,16377,17143.576,766.576171875
11,30,1,14603,13949.889,653.111328125
8,18,13,16947,17244.36,297.359375
12,13,20,17843,17679.762,163.23828125
8,13,18,20791,20359.795,431.205078125
2,22,23,17806,17058.037,747.962890625
11,1,0,13135,13254.17,119.169921875
4,17,11,13685,14440.168,755.16796875
7,6,8,19136,18767.553,368.447265625
2,19,20,18328,18339.459,11.458984375
10,20,19,16435,17037.041,602.041015625
12,8,15,18028,17722.281,305.71875
11,26,13,14972,15200.687,228.6865234375
6,9,7,14213,13461.525,751.474609375
4,2,20,16022,15499.949,522.05078125
4,24,2,11955,11847.174,107.826171875
8,29,1,12521,13225.117,704.1171875
12,18,16,16988,18290.867,1302.8671875
8,7,2,11672,12392.974,720.9736328125
8,22,23,17747,18100.08,353.080078125
12,8,13,18803,19033.178,230.177734375
6,4,20,15940,15912.696,27.3037109375
4,8,0,13688,13605.297,82.703125
6,12,4,13071,12800.194,270.8056640625
5,1,1,11017,11973.441,956.44140625
11,12,10,15076,15001.582,74.41796875
5,28,21,14590,14380.367,209.6328125
2,21,7,16112,15754.139,357.861328125
11,8,22,16679,17306.37,627.369140625
11,26,14,17610,17633.213,23.212890625
4,11,1,13347,13303.347,43.6533203125
11,22,6,13628,14710.994,1082.994140625
8,30,0,12345,12586.937,241.9365234375
8,25,2,14726,15690.246,964.24609375
3,9,8,15313,14840.578,472.421875
6,28,7,17018,16765.541,252.458984375
1,31,11,15299,14917.426,381.57421875
12,27,8,14710,13946.387,763.61328125
6,13,4,14139,13487.754,651.24609375
7,3,2,12110,12512.535,402.53515625
6,22,16,18995,19244.182,249.181640625
5,4,11,15196,15624.854,428.853515625
3,19,8,14240,13748.523,491.4765625
6,28,1,14604,14839.048,235.0478515625
11,10,5,12603,12838.467,235.466796875
5,1,17,16190,15341.92,848.080078125
9,5,18,16701,16882.8,181.80078125
4,22,11,14490,14919.598,429.59765625
4,4,23,15532,16067.573,535.5732421875
8,2,8,16767,16823.178,56.177734375
7,5,2,12186,12578.618,392.6181640625
3,2,12,17222,16935.252,286.748046875
9,21,19,17978,18407.23,429.23046875
12,2,19,18422,18682.498,260.498046875
10,28,20,16737,17633.275,896.275390625
7,19,4,12660,13359.49,699.490234375
8,3,21,18092,18902.404,810.404296875
1,30,7,16552,16111.739,440.2607421875
11,6,17,17558,18185.418,627.41796875
9,1,2,12694,12632.468,61.5322265625
10,10,23,14651,14799.295,148.294921875
7,17,5,12628,12814.641,186.640625
7,6,20,20733,20817.342,84.341796875
12,23,22,18017,18584.447,567.447265625
10,3,20,14483,14439.91,43.08984375
4,19,0,11492,11685.126,193.1259765625
7,1,8,14078,14382.199,304.19921875
3,16,20,19338,18402.752,935.248046875
5,24,18,15131,15909.461,778.4609375
7,25,11,17317,17248.5,68.5
2,8,7,15853,15900.715,47.71484375
9,21,1,12500,12816.451,316.451171875
6,24,19,20715,19945.43,769.5703125
1,24,23,17542,17909.162,367.162109375
4,23,0,12704,13492.887,788.88671875
3,20,13,15226,15790.211,564.2109375
2,1,9,17709,16744.455,964.544921875
9,1,16,17141,17568.87,427.869140625
8,24,19,18490,19020.97,530.970703125
8,7,11,16209,15988.659,220.3408203125
5,4,11,14395,14749.002,354.001953125
6,20,15,22133,21421.008,711.9921875
12,5,23,14944,15505.4375,561.4375
4,28,15,14542,14791.182,249.181640625
8,28,8,16219,16676.668,457.66796875
8,19,22,17787,17780.074,6.92578125
12,27,0,13432,13637.582,205.58203125
4,5,13,14567,14954.485,387.4853515625
8,3,22,19907,19484.707,422.29296875
6,30,0,16266,16760.857,494.857421875
3,30,13,17363,17243.96,119.0390625
10,2,12,17000,17112.617,112.6171875
11,25,0,14719,14122.437,596.5634765625
4,4,14,15510,15459.932,50.068359375
1,13,16,18327,18350.219,23.21875
9,20,15,14353,14935.394,582.3935546875
2,25,19,19438,19878.332,440.33203125
9,7,17,17675,18299.023,624.0234375
3,16,5,13986,13324.07,661.9296875
12,30,20,16204,16960.611,756.611328125
6,4,10,15337,15276.145,60.85546875
1,12,2,15365,15270.195,94.8046875
8,7,17,17568,18252.162,684.162109375
1,18,5,13736,14350.426,614.42578125
3,4,13,16711,17807.6,1096.599609375
1,5,18,19536,18562.25,973.75
1,10,10,17915,17133.172,781.828125
10,16,21,13762,13743.47,18.5302734375
8,26,10,19177,18363.264,813.736328125
10,22,17,17193,17294.143,101.142578125
1,9,16,17142,17306.914,164.9140625
5,20,1,12001,11829.432,171.568359375
7,29,19,21887,22258.354,371.353515625
2,4,21,18610,18059.484,550.515625
9,13,23,15506,15411.416,94.583984375
9,15,20,17175,16361.524,813.4755859375
3,8,5,13672,14121.437,449.4365234375
3,26,1,14013,14529.2,516.2001953125
8,20,11,19092,18402.502,689.498046875
12,10,15,17741,18179.672,438.671875
1,29,22,19207,19244.357,37.357421875
7,9,19,20079,20009.889,69.111328125
7,19,16,18344,17810.887,533.11328125
7,25,16,17428,17753.443,325.443359375
12,16,8,20026,19029.318,996.681640625
1,16,16,17217,17827.254,610.25390625
12,28,16,16470,17071.828,601.828125
5,25,19,14929,16085.84,1156.83984375
3,14,2,14966,14467.049,498.951171875
1,14,17,17555,17844.268,289.267578125
6,23,10,16908,16668.041,239.958984375
5,24,13,14004,13458.556,545.4443359375
1,4,5,14723,15193.7705,470.7705078125
10,2,1,12068,12608.497,540.4970703125
1,29,15,17369,17960.062,591.0625
9,18,6,14057,13680.043,376.95703125
8,25,10,20199,20062.162,136.837890625
11,6,7,14236,14308.161,72.1611328125
7,28,18,21073,21068.24,4.759765625
3,31,6,13460,12815.366,644.6337890625
7,28,7,15953,16147.74,194.740234375
6,18,4,11977,12055.327,78.3271484375
3,8,8,15444,14621.4375,822.5625
3,2,13,15913,16432.635,519.634765625
12,18,22,17256,16919.732,336.267578125
3,2,17,16719,17361.096,642.095703125
8,20,0,16180,16203.532,23.5322265625
11,5,5,11562,11233.795,328.205078125
8,2,20,19272,19280.434,8.43359375
6,27,19,21275,21655.459,380.458984375
2,22,21,16613,16964.898,351.8984375
12,22,5,16746,15469.344,1276.65625
3,19,16,18495,17736.025,758.974609375
9,8,12,13581,13568.025,12.974609375
9,2,17,16803,16806.89,3.890625
10,10,19,16282,15999.929,282.0712890625
4,30,18,14031,14698.434,667.43359375
6,1,16,20872,21766.115,894.115234375
6,9,19,14811,14844.793,33.79296875
4,10,7,13850,13051.495,798.5048828125
8,25,21,15593,16025.283,432.283203125
11,14,12,18017,17596.854,420.146484375
11,11,13,14438,14877.696,439.6962890625
6,18,7,13810,14434.6,624.599609375
5,21,2,12085,12593.021,508.021484375
3,30,0,13352,12569.385,782.615234375
11,10,20,16639,16462.738,176.26171875
1,4,16,17612,17862.191,250.19140625
7,20,21,19669,19570.887,98.11328125
9,28,23,13450,14313.55,863.5498046875
7,4,10,17137,17048.137,88.86328125
9,9,17,15818,16506.041,688.041015625
4,7,14,16070,16082.369,12.369140625
10,21,7,12635,12652.027,17.02734375
1,11,14,17106,16472.166,633.833984375
10,4,16,16492,16569.338,77.337890625
1,10,3,14134,14291.695,157.6953125
3,5,17,15924,16110.267,186.2666015625
3,25,7,14589,14558.073,30.9267578125
5,18,20,16066,17032.646,966.646484375
11,17,14,15613,16461.61,848.609375
11,13,18,16501,16982.291,481.291015625
10,12,13,13482,13611.486,129.486328125
1,13,0,15921,15599.85,321.150390625
8,1,4,12684,12150.111,533.888671875
12,15,23,15274,15286.191,12.19140625
1,12,3,15204,15047.934,156.06640625
4,21,13,15452,14958.757,493.2431640625
8,16,0,16538,16101.125,436.875
5,21,13,12823,13993.116,1170.1162109375
2,22,3,14442,14318.318,123.681640625
10,5,2,11907,12062.326,155.326171875
5,2,14,15155,15568.127,413.126953125
9,5,3,11884,11785.022,98.9775390625
2,19,17,17566,17901.777,335.77734375
10,2,22,13903,14162.881,259.880859375
9,13,7,14184,13486.869,697.130859375
12,5,7,13476,13866.11,390.1103515625
12,13,13,19373,18388.861,984.138671875
12,25,6,12029,12277.3545,248.3544921875
2,17,11,14694,15315.144,621.1435546875
8,26,2,14303,14364.569,61.5693359375
11,26,15,16497,16261.702,235.2978515625
11,8,21,16168,16024.691,143.30859375
8,17,0,16086,15817.084,268.916015625
8,21,1,14997,14836.428,160.572265625
3,21,6,17303,16470.93,832.0703125
11,5,13,13502,13814.55,312.5498046875
8,28,1,11940,12106.728,166.7275390625
4,21,9,15927,16048.822,121.822265625
5,17,2,11995,12241.486,246.486328125
12,13,3,12855,12825.6,29.400390625
1,10,5,13789,13954.948,165.9482421875
11,14,17,17397,17633.318,236.318359375
9,6,12,15972,14817.573,1154.4267578125
7,24,4,11921,12468.676,547.67578125
9,7,11,20999,20600.514,398.486328125
6,12,9,16545,16062.986,482.013671875
7,21,17,20297,21158.178,861.177734375
2,9,23,16047,15863.411,183.5888671875
11,4,8,16202,15892.793,309.20703125
10,16,13,15949,15589.836,359.1640625
5,23,13,14557,14763.805,206.8046875
4,11,18,16568,17210.393,642.392578125
3,26,9,15684,15248.854,435.146484375
9,20,14,12084,12823.57,739.5703125
3,29,4,11132,11045.269,86.7314453125
4,16,11,13775,14554.382,779.3818359375
10,12,12,12889,13047.057,158.056640625
10,11,7,14505,14072.352,432.6484375
10,18,5,13176,12926.117,249.8828125
10,2,18,19389,19234.566,154.43359375
1,17,12,19550,18566.836,983.1640625
11,29,6,14832,13953.375,878.625
5,26,13,17944,18348.768,404.767578125
5,9,18,15841,16169.354,328.353515625
6,27,7,15654,14995.414,658.5859375
1,28,8,15713,15635.639,77.361328125
12,26,8,15402,15000.338,401.662109375
9,24,17,15869,16034.225,165.224609375
1,20,0,15480,15266.969,213.03125
9,24,18,14748,14994.476,246.4755859375
11,1,11,15372,15414.981,42.9814453125
8,5,17,14219,14555.277,336.27734375
3,18,0,14239,13749.555,489.4453125
2,26,21,16428,16278.942,149.0576171875
10,19,10,13844,13737.468,106.5322265625
4,11,17,16662,15788.003,873.9970703125
6,16,0,13017,13643.662,626.662109375
9,30,1,11924,12341.146,417.146484375
12,9,5,12785,12902.975,117.974609375
10,4,15,14115,13379.004,735.99609375
12,31,7,13051,13150.65,99.650390625
1,11,5,13289,13232.484,56.515625
10,16,15,16285,16102.538,182.4619140625
1,5,7,17025,16603.111,421.888671875
10,30,12,14439,14294.734,144.265625
10,14,0,12720,12503.893,216.107421875
5,18,22,14801,15421.619,620.619140625
10,14,17,17038,17389.945,351.9453125
5,29,11,15399,16041.734,642.734375
7,5,2,13502,13905.66,403.66015625
1,28,23,17209,17522.418,313.41796875
10,12,5,10757,10973.496,216.49609375
12,22,23,16256,16815.668,559.66796875
12,1,8,17125,16704.283,420.716796875
9,29,13,17203,18005.803,802.802734375
3,5,0,13815,14340.678,525.677734375
12,12,20,16396,15944.057,451.943359375
9,22,6,13049,13222.88,173.8798828125
12,17,10,16968,16916.201,51.798828125
9,8,1,12227,11649.338,577.662109375
6,5,17,18555,18533.596,21.404296875
3,2,9,17174,17297.424,123.423828125
5,22,4,11132,11449.685,317.6845703125
8,10,20,22534,21807.795,726.205078125
2,2,6,15800,15032.977,767.0234375
4,13,20,16817,17049.283,232.283203125
5,15,6,12143,11687.56,455.4404296875
10,9,16,15528,15593.195,65.1953125
5,15,13,14776,13819.268,956.732421875
1,18,6,13864,13415.377,448.623046875
2,1,17,16742,16914.977,172.9765625
10,19,21,15840,16124.764,284.763671875
6,4,6,12944,12727.253,216.7470703125
11,11,22,16000,15986.982,13.017578125
5,25,20,18394,19139.615,745.615234375
11,26,19,19526,19024.53,501.470703125
11,19,1,13418,13978.083,560.0830078125
12,15,7,15848,15225.552,622.4482421875
10,11,18,14192,14569.895,377.89453125
4,5,2,12863,13186.498,323.498046875
10,15,6,12016,11745.3125,270.6875
8,27,20,21103,21073.705,29.294921875
10,21,4,11802,11943.27,141.26953125
8,3,0,14547,13645.73,901.26953125
2,27,2,12999,13346.922,347.921875
1,7,2,16531,16358.411,172.5888671875
5,5,5,12406,12113.531,292.46875
4,3,13,14676,14701.3,25.2998046875
8,11,16,22686,23116.264,430.263671875
7,25,1,14124,14559.17,435.169921875
9,4,23,15786,16012.949,226.94921875
9,27,15,14761,14696.106,64.8935546875
1,8,3,16479,16493.703,14.703125
4,3,22,16188,16298.435,110.4345703125
1,14,13,17884,17985.443,101.443359375
10,18,17,16174,15972.234,201.765625
2,27,16,19286,19096.11,189.890625
1,18,2,14278,13868.668,409.33203125
8,27,6,15948,15431.855,516.14453125
3,9,17,16733,16084.89,648.1103515625
2,14,14,16831,17545.463,714.462890625
7,24,15,21132,21256.344,124.34375
8,13,3,15459,15331.71,127.2900390625
1,23,6,14683,14856.626,173.6259765625
4,24,12,15277,14440.773,836.2265625
6,20,7,12202,12019.0205,182.9794921875
8,28,12,17586,17628.562,42.5625
1,1,16,16139,16009.559,129.44140625
3,1,15,16791,16361.225,429.775390625
6,1,10,13094,14319.169,1225.1689453125
7,3,4,11230,11715.474,485.4736328125
4,16,21,14989,16142.883,1153.8828125
12,2,9,18819,18242.05,576.94921875
12,29,16,16681,16914.717,233.716796875
11,15,6,11719,12471.742,752.7421875
7,5,3,14589,14558.865,30.134765625
8,2,19,19703,19568.783,134.216796875
7,31,3,12701,12044.425,656.5751953125
3,23,2,13125,13755.676,630.67578125
12,23,9,15980,15405.107,574.892578125
4,19,11,15746,15787.395,41.39453125
8,28,5,12707,12414.576,292.423828125
7,24,9,16115,16608.033,493.033203125
9,19,0,13992,14387.88,395.8798828125
3,20,7,16579,16655.45,76.44921875
4,22,13,12116,12412.506,296.505859375
1,9,17,18786,18626.643,159.357421875
12,12,16,17872,18258.748,386.748046875
1,3,5,13607,14142.467,535.466796875
3,20,16,13857,13848.982,8.017578125
12,20,1,15815,15888.524,73.5244140625
4,25,18,15499,15934.621,435.62109375
8,20,9,17324,16333.404,990.595703125
12,16,13,17149,16692.81,456.189453125
4,29,11,12649,12776.134,127.1337890625
10,29,10,16256,16128.363,127.63671875
6,17,12,17719,16671.123,1047.876953125
2,9,18,18508,18208.217,299.783203125
4,18,9,16108,15586.029,521.970703125
10,26,20,16357,16992.557,635.556640625
9,3,10,17082,16660.732,421.267578125
12,10,23,15261,14696.467,564.533203125
8,8,11,18177,18172.082,4.91796875
2,29,21,19108,18568.193,539.806640625
5,19,5,12518,12782.892,264.8916015625
8,13,8,13491,13445.189,45.810546875
12,27,20,15839,15684.988,154.01171875
10,31,3,12056,11701.428,354.572265625
6,11,19,17454,18200.154,746.154296875
1,31,23,16212,16325.682,113.681640625
7,28,23,18712,18362.123,349.876953125
4,10,7,15186,14359.686,826.314453125
8,6,7,13477,13719.645,242.64453125
4,15,17,15554,15810.522,256.5224609375
7,5,21,21220,20856.676,363.32421875
4,25,13,15260,14592.986,667.013671875
7,25,3,13378,13085.789,292.2109375
11,24,19,18712,18987.746,275.74609375
7,30,12,19855,19293.25,561.75
2,25,1,13143,13153.141,10.140625
12,10,3,13283,13404.975,121.974609375
5,6,12,14194,13836.748,357.251953125
1,4,8,15999,15963.035,35.96484375
4,28,23,12674,13101.707,427.70703125
11,22,2,14392,13976.1875,415.8125
4,1,5,13356,13089.971,266.029296875
10,17,22,14591,13996.118,594.8818359375
4,8,22,16180,16104.414,75.5859375
2,22,7,14932,14180.893,751.107421875
9,27,2,11960,12250.1875,290.1875
6,24,20,15328,15941.328,613.328125
12,29,3,12854,13211.705,357.705078125
3,17,2,13730,13976.38,246.3798828125
12,1,13,17393,17259.414,133.5859375
9,25,3,11612,11444.808,167.1923828125
2,20,2,15658,15400.713,257.287109375
3,6,0,14368,13138.13,1229.8701171875
3,30,21,17311,16634.268,676.732421875
1,2,11,15839,16020.547,181.546875
10,28,18,17670,17514.258,155.7421875
1,11,0,16737,16267.504,469.49609375
11,30,3,12466,12316.915,149.0849609375
10,5,3,11975,12076.225,101.224609375
7,1,14,16889,17305.732,416.732421875
1,4,10,18225,18496.957,271.95703125
3,26,7,13907,14389.052,482.0517578125
12,25,22,14376,14827.721,451.720703125
11,23,9,15851,15391.239,459.7607421875
4,1,2,13300,13211.553,88.447265625
8,26,9,15179,14937.034,241.9658203125
2,24,23,14955,15077.297,122.296875
11,10,14,16141,16678.318,537.318359375
1,31,21,19203,19047.734,155.265625
3,7,6,13303,13566.127,263.126953125
5,16,14,13972,13596.41,375.58984375
10,30,17,17216,16809.24,406.759765625
9,16,15,15376,16592.338,1216.337890625
6,24,11,14624,14715.749,91.7490234375
10,27,12,14657,15595.012,938.01171875
5,21,21,18317,18944.99,627.990234375
1,4,23,15890,16455.348,565.34765625
3,31,0,14380,14298.319,81.6806640625
3,8,5,13168,12944.3125,223.6875
1,8,7,16257,16137.848,119.15234375
6,24,12,17254,17200.52,53.48046875
10,24,23,13276,14086.404,810.404296875
12,4,12,19268,18077.502,1190.498046875
2,10,3,15212,15458.035,246.03515625
8,25,16,15291,15829.645,538.64453125
4,22,23,13252,13673.585,421.5849609375
8,11,14,15697,16230.9,533.900390625
6,20,7,13140,13360.951,220.951171875
8,18,15,20675,20362.81,312.189453125
10,3,15,15567,15578.436,11.435546875
4,3,8,17094,15746.52,1347.48046875
3,1,15,15955,16615.781,660.78125
11,16,23,15500,15154.973,345.02734375
7,13,21,17922,18105.176,183.17578125
6,23,4,13224,13579.627,355.626953125
4,30,22,13920,13763.768,156.232421875
8,21,21,16501,16398.06,102.939453125
11,26,5,12523,12660.14,137.1396484375
9,18,20,16485,16483.266,1.734375
1,1,12,14215,15008.887,793.88671875
10,20,14,16156,16275.546,119.5458984375
7,17,18,15997,16939.352,942.3515625
6,25,20,18567,18157.135,409.865234375
4,28,6,13709,13908.517,199.5166015625
2,26,23,14921,15094.494,173.494140625
11,13,22,16471,16657.15,186.150390625
4,5,20,14240,14503.0,263.0
6,10,3,11778,11483.518,294.482421875
10,21,22,13838,13632.112,205.8876953125
6,23,22,15555,14611.745,943.2548828125
11,13,12,15018,14984.289,33.7109375
2,23,22,16591,15886.161,704.8388671875
9,20,8,16765,16794.9,29.900390625
2,7,20,17093,17000.686,92.314453125
1,28,21,16994,17498.621,504.62109375
12,16,6,16180,16068.189,111.810546875
9,18,11,16200,16754.283,554.283203125
1,24,15,17387,17440.875,53.875
2,3,21,17684,16988.047,695.953125
1,5,15,15750,16210.857,460.857421875
8,7,16,18177,18896.031,719.03125
1,9,1,16615,15739.029,875.970703125
6,18,21,18219,17918.62,300.380859375
3,21,7,16644,15809.961,834.0390625
1,31,6,16510,15998.261,511.7392578125
5,10,11,13890,13843.026,46.9736328125
4,3,1,13194,13046.181,147.8193359375
9,29,20,17149,16708.508,440.4921875
9,28,12,15257,15818.878,561.8779296875
5,29,20,17090,17339.543,249.54296875
3,8,2,14351,14100.828,250.171875
10,6,7,14847,14441.6875,405.3125
11,21,10,15798,15737.516,60.484375
9,22,15,15683,15503.581,179.4189453125
11,1,21,15569,15763.508,194.5078125
7,20,11,19443,19438.709,4.291015625
12,26,11,14769,14604.936,164.064453125
5,9,2,11342,11869.9375,527.9375
11,12,14,14048,14918.647,870.6474609375
8,21,21,18881,19250.406,369.40625
4,28,1,12439,11897.279,541.720703125
1,23,9,18315,18050.482,264.517578125
10,10,7,12738,12610.682,127.318359375
9,8,2,15949,15931.172,17.828125
4,9,18,15451,16790.617,1339.6171875
7,26,5,14016,14227.361,211.361328125
9,11,21,16426,16372.758,53.2421875
12,19,10,18321,18200.074,120.92578125
9,1,15,16826,17343.598,517.59765625
1,13,3,14669,14558.293,110.70703125
3,13,9,14811,14689.199,121.80078125
4,21,11,14782,14532.885,249.115234375
9,11,12,16009,15851.5625,157.4375
3,18,5,14565,14233.242,331.7578125
4,3,1,12963,13311.378,348.3779296875
8,28,12,15705,16402.025,697.025390625
12,10,21,17343,17560.627,217.626953125
7,4,19,17895,17928.324,33.32421875
8,20,3,13459,13300.365,158.634765625
5,30,22,15512,14853.367,658.6328125
2,17,10,19894,19521.398,372.6015625
5,16,4,11821,11532.234,288.765625
10,7,15,14705,14780.82,75.8203125
8,28,21,16730,16661.322,68.677734375
5,1,0,12501,12142.916,358.083984375
4,8,20,15513,16174.715,661.71484375
1,24,4,13800,13803.945,3.9453125
12,1,4,12938,12710.167,227.8330078125
7,2,8,17160,18881.81,1721.810546875
2,21,21,19103,18169.758,933.2421875
10,6,22,14556,14150.347,405.6533203125
8,17,4,12466,12094.094,371.90625
1,30,10,16282,15709.895,572.10546875
6,18,11,12677,12770.188,93.1884765625
11,23,18,19239,18807.928,431.072265625
8,2,13,16473,17117.285,644.28515625
7,16,15,20664,21238.43,574.4296875
5,10,16,13611,14410.982,799.982421875
6,12,10,16047,16078.646,31.646484375
10,1,21,14915,15033.617,118.6171875
7,30,22,16989,16917.396,71.603515625
8,3,15,20457,20806.86,349.859375
8,17,9,16344,16202.979,141.021484375
12,16,3,14682,13623.107,1058.892578125
12,28,3,15599,16103.141,504.140625
10,6,2,11583,11764.907,181.9072265625
9,15,20,19102,18660.69,441.310546875
5,16,15,11134,12660.916,1526.916015625
11,12,11,17761,18072.412,311.412109375
2,16,2,17299,17022.45,276.55078125
12,10,14,16841,16075.904,765.095703125
5,16,12,15764,14887.994,876.005859375
7,19,17,21327,21651.342,324.341796875
10,4,13,14124,14473.551,349.55078125
9,16,21,16242,15965.612,276.3876953125
10,23,9,15725,15506.78,218.2197265625
11,10,3,12366,13065.865,699.865234375
9,20,12,13249,13385.836,136.8359375
12,26,14,17017,16289.434,727.56640625
11,24,7,15443,15466.946,23.9462890625
2,7,6,15569,14651.639,917.361328125
4,28,18,15478,15284.729,193.271484375
6,18,23,14693,14833.295,140.294921875
11,2,10,16667,15967.636,699.3642578125
6,23,21,17330,18007.111,677.111328125
7,18,21,19678,20406.213,728.212890625
7,31,10,17817,18332.434,515.43359375
1,9,13,19412,18545.812,866.1875
11,17,19,17547,17699.135,152.134765625
11,11,11,14841,14820.389,20.611328125
9,24,4,12862,12589.536,272.4638671875
11,17,1,14619,14306.1,312.900390625
12,26,22,14797,14691.846,105.154296875
4,9,12,12060,12073.209,13.208984375
5,4,10,15131,15131.892,0.8916015625
9,2,22,14254,14815.811,561.810546875
11,9,20,17468,17542.7,74.69921875
8,22,14,17394,17366.955,27.044921875
4,29,15,12458,12515.242,57.2421875
8,6,7,14650,14329.209,320.791015625
1,9,1,15613,15363.508,249.4921875
3,1,17,16710,16747.37,37.369140625
10,29,22,13808,13850.782,42.7822265625
8,2,0,15139,15850.277,711.27734375
1,1,23,14426,15000.872,574.8720703125
6,19,8,15183,14914.188,268.8115234375
2,23,12,17095,16351.905,743.0947265625
10,31,9,15807,15882.871,75.87109375
2,18,10,16454,15819.389,634.611328125
12,6,0,13965,13491.965,473.03515625
5,26,18,17391,17612.56,221.560546875
9,2,4,12137,11638.609,498.390625
8,4,5,12931,13338.524,407.5244140625
10,27,8,15879,15633.593,245.4072265625
5,13,15,12161,13351.398,1190.3984375
6,15,17,19720,20095.41,375.41015625
5,16,22,15327,14525.363,801.63671875
1,9,5,14226,14577.465,351.46484375
3,25,4,13335,13190.304,144.6962890625
8,6,18,20528,20482.496,45.50390625
10,30,19,16967,17882.537,915.537109375
7,5,3,12718,12730.527,12.52734375
6,9,4,11367,11588.888,221.8876953125
3,16,21,16845,16698.43,146.5703125
10,5,13,13522,13104.693,417.306640625
2,10,21,18257,17526.48,730.51953125
2,22,2,14019,13678.342,340.658203125
8,17,14,19025,18757.85,267.150390625
9,25,16,13642,13476.094,165.90625
6,1,23,12617,13265.088,648.087890625
2,19,3,15373,15716.366,343.3662109375
7,18,2,14588,14696.855,108.85546875
7,5,14,19725,20057.178,332.177734375
6,12,6,12654,13071.164,417.1640625
2,16,23,17554,18221.863,667.86328125
11,7,9,13365,13398.135,33.134765625
10,12,7,15086,14068.016,1017.984375
2,11,12,19597,19084.217,512.783203125
9,7,9,15596,15967.477,371.4765625
1,17,8,18909,18668.848,240.15234375
11,22,1,13366,13270.311,95.689453125
5,19,16,15211,15749.047,538.046875
11,10,14,16181,15673.041,507.958984375
7,15,7,15619,15769.707,150.70703125
2,16,14,18385,16951.484,1433.515625
10,26,21,15604,15958.387,354.38671875
6,2,0,13465,13132.516,332.484375
9,24,0,12863,12821.146,41.853515625
3,29,17,14824,14635.543,188.45703125
5,2,8,13972,14167.801,195.80078125
11,17,3,12885,12993.07,108.0703125
7,10,20,21826,22135.889,309.888671875
9,22,14,17093,16469.074,623.92578125
9,28,8,15222,15340.15,118.150390625
9,16,20,15231,15440.508,209.5078125
10,30,16,15547,15534.889,12.111328125
3,29,16,14264,14241.676,22.32421875
2,25,11,16808,16839.64,31.640625
6,13,13,14112,14379.651,267.6513671875
10,25,19,16292,17217.154,925.154296875
11,24,5,13819,13834.295,15.294921875
12,25,19,16634,16408.486,225.513671875
11,13,8,16346,16693.057,347.056640625
6,1,23,13713,14039.875,326.875
5,16,6,11007,10923.131,83.869140625
1,24,22,16781,16835.34,54.33984375
5,8,11,13183,14073.502,890.501953125
8,1,8,12198,12534.112,336.1123046875
7,19,22,16800,16726.943,73.056640625
10,14,12,13245,13328.27,83.26953125
10,13,20,15902,16031.32,129.3203125
1,24,17,18504,18435.168,68.83203125
5,3,12,12696,12669.614,26.3857421875
3,22,6,14937,13935.639,1001.361328125
4,18,3,11822,12582.076,760.076171875
10,24,4,11224,11149.684,74.31640625
4,27,5,12049,11415.867,633.1328125
4,12,6,15293,13877.594,1415.40625
1,3,23,16077,16419.922,342.921875
10,17,14,15187,15140.844,46.15625
3,11,10,16203,15791.121,411.87890625
9,1,3,12512,12370.091,141.9091796875
5,20,18,14413,14063.684,349.31640625
8,21,12,16925,15634.713,1290.287109375
5,6,22,13584,13269.288,314.7119140625
8,11,18,18859,18093.934,765.06640625
1,24,4,15235,14884.49,350.509765625
1,16,18,19164,18696.672,467.328125
11,25,11,17371,16894.78,476.220703125
6,17,22,15874,15373.848,500.15234375
12,17,20,18972,18401.99,570.009765625
11,3,18,17185,16955.979,229.021484375
7,27,16,19384,19035.943,348.056640625
11,6,0,13705,14119.452,414.4521484375
3,1,10,16773,16263.389,509.611328125
6,18,6,16022,16143.217,121.216796875
9,4,10,18770,18348.748,421.251953125
1,26,0,16734,16143.7,590.2998046875
2,8,9,17385,16830.76,554.240234375
10,19,1,12193,12288.691,95.69140625
2,1,22,18424,17900.031,523.96875
12,8,10,17204,17497.633,293.6328125
4,10,0,12808,12718.358,89.6416015625
10,22,17,16061,16257.979,196.978515625
9,3,10,15497,15785.473,288.47265625
10,14,9,15436,15028.521,407.478515625
3,23,13,15594,15915.003,321.0029296875
2,20,8,15734,14913.829,820.1708984375
3,30,16,17997,17347.465,649.53515625
8,6,8,15855,15659.332,195.66796875
9,3,11,15346,15293.049,52.951171875
10,6,4,12876,12431.446,444.5537109375
7,25,22,17984,17896.99,87.009765625
10,29,12,14470,14108.865,361.134765625
2,14,18,18183,18434.867,251.8671875
6,7,5,12139,11914.021,224.978515625
7,27,23,16741,17167.393,426.392578125
8,9,20,17349,17799.707,450.70703125
1,3,9,16590,17244.516,654.515625
3,20,18,18264,17902.951,361.048828125
11,4,23,14490,15762.471,1272.470703125
9,10,0,13000,13025.906,25.90625
11,13,19,16945,17715.072,770.072265625
11,14,17,17487,16616.672,870.328125
3,6,21,16659,15717.315,941.6845703125
5,6,8,13619,12646.287,972.712890625
4,6,10,13576,14416.492,840.4921875
8,7,21,20545,20865.479,320.478515625
12,11,7,14172,13912.18,259.8203125
1,17,10,18164,18141.896,22.103515625
1,17,11,18509,18554.486,45.486328125
1,8,11,17379,17348.115,30.884765625
12,3,9,18024,17612.295,411.705078125
9,25,13,16482,16039.484,442.515625
8,8,21,15412,16001.087,589.0869140625
8,27,16,20262,20543.557,281.556640625
5,6,20,14798,14923.02,125.01953125
1,11,0,15138,15271.77,133.76953125
3,2,18,18973,18939.398,33.6015625
11,11,22,16065,15470.252,594.748046875
7,4,7,15586,15261.692,324.3076171875
9,30,16,14920,14815.618,104.3818359375
10,23,11,15259,15473.511,214.5107421875
2,19,16,16649,16724.17,75.169921875
7,3,18,15710,16546.787,836.787109375
3,14,21,16314,15973.984,340.015625
10,7,19,14878,15607.424,729.423828125
9,29,11,15275,15103.765,171.2353515625
5,15,12,13789,14642.484,853.484375
2,5,13,17686,17783.637,97.63671875
12,23,7,16559,16604.766,45.765625
3,9,10,15428,14864.611,563.388671875
7,27,3,13234,13447.172,213.171875
1,21,23,15623,16265.549,642.548828125
4,21,14,12632,13087.785,455.78515625
4,3,12,13621,14602.455,981.455078125
2,24,10,16282,16288.795,6.794921875
6,30,9,17142,17385.805,243.8046875
10,5,23,15076,14732.628,343.3720703125
6,7,11,15814,16178.771,364.771484375
9,19,14,18113,19049.932,936.931640625
9,21,19,17137,18225.234,1088.234375
5,30,10,18133,18288.209,155.208984375
8,10,3,12357,11977.354,379.646484375
7,13,1,13825,14254.398,429.3984375
2,26,15,15004,15214.396,210.396484375
2,4,0,14696,14725.198,29.1982421875
10,16,23,13204,13221.643,17.642578125
8,19,22,19565,19448.248,116.751953125
8,14,8,15937,15570.97,366.0302734375
1,25,0,16006,15982.276,23.7236328125
10,13,0,12617,12529.352,87.6484375
10,20,9,15714,15786.069,72.0693359375
1,12,21,17750,17625.492,124.5078125
10,31,5,12605,13038.121,433.12109375
8,14,10,15051,15287.767,236.7666015625
6,29,2,12740,13338.758,598.7578125
6,26,5,12049,12281.85,232.849609375
12,11,14,16774,17281.602,507.6015625
6,25,6,13739,13549.133,189.8671875
7,13,12,17082,17733.945,651.9453125
11,19,14,16858,16289.541,568.458984375
7,20,15,18097,17452.107,644.892578125
2,6,20,19283,19906.545,623.544921875
4,10,20,15508,14832.676,675.32421875
8,4,8,15647,14590.121,1056.87890625
4,7,14,14250,14854.686,604.685546875
11,25,17,17755,17430.578,324.421875
9,23,19,16983,17309.488,326.48828125
2,26,19,19879,19999.674,120.673828125
1,28,15,16687,16318.927,368.0732421875
10,22,21,14994,14793.918,200.08203125
9,30,4,11702,12024.305,322.3046875
8,26,8,12638,12231.601,406.3994140625
2,10,20,18942,18928.242,13.7578125
8,13,13,21171,20883.703,287.296875
12,6,11,18060,18064.512,4.51171875
5,16,9,14479,14356.768,122.232421875
7,27,5,13480,13697.745,217.7451171875
12,8,21,18292,18334.697,42.697265625
4,24,15,13432,13981.955,549.955078125
6,13,14,18554,18389.809,164.19140625
3,3,14,14263,13817.195,445.8046875
8,29,19,21259,22096.498,837.498046875
3,30,16,16080,16429.545,349.544921875
11,27,18,19213,18212.203,1000.796875
6,23,6,12232,12437.33,205.330078125
2,12,22,17952,17628.416,323.583984375
1,4,9,16178,15833.74,344.259765625
12,11,10,15333,15472.594,139.59375
10,8,15,14216,15367.189,1151.189453125
8,24,23,18770,18963.373,193.373046875
3,24,13,15056,15659.268,603.267578125
1,9,5,14246,14171.291,74.708984375
3,3,19,18792,19124.047,332.046875
7,22,20,17613,18223.635,610.634765625
2,3,7,18389,17650.033,738.966796875
2,19,7,15947,15604.258,342.7421875
12,29,23,15676,16108.001,432.0009765625
6,24,22,17041,16625.322,415.677734375
2,7,15,15281,15323.258,42.2578125
3,5,5,14046,13631.086,414.9140625
11,15,16,16083,16154.58,71.580078125
3,28,5,12044,11869.45,174.5498046875
12,16,10,16137,16395.168,258.16796875
10,6,11,15886,15714.996,171.00390625
9,10,5,12363,12308.331,54.6689453125
1,21,13,15616,15803.205,187.205078125
5,7,4,11794,11478.339,315.6611328125
4,27,17,14769,14537.438,231.5615234375
11,23,16,18147,17514.023,632.9765625
4,8,4,11452,11538.605,86.60546875
3,3,22,17162,17127.873,34.126953125
1,14,1,15367,15702.914,335.9140625
12,2,20,19768,18889.99,878.009765625
1,14,9,17751,17241.002,509.998046875
1,24,4,14370,13954.282,415.7177734375
12,7,18,19251,18618.107,632.892578125
7,27,21,18490,19825.213,1335.212890625
11,27,4,12583,12510.445,72.5546875
10,31,3,11984,12133.014,149.013671875
1,10,4,14508,14532.423,24.4228515625
2,19,17,17587,17555.541,31.458984375
9,24,1,11722,12405.509,683.5087890625
11,2,5,12508,12453.832,54.16796875
3,6,1,14326,13973.225,352.775390625
4,23,20,14617,14651.748,34.748046875
1,8,4,13733,14280.177,547.1767578125
6,12,13,13413,12474.041,938.958984375
7,31,3,13260,13426.217,166.216796875
9,16,1,12966,13582.004,616.00390625
8,24,10,15308,15848.514,540.513671875
3,4,9,16046,15533.022,512.9775390625
9,22,4,12274,11921.596,352.404296875
5,12,20,14474,15733.902,1259.90234375
8,28,16,18408,18759.984,351.984375
9,5,13,15442,16692.105,1250.10546875
12,14,19,20159,20081.467,77.533203125
9,7,1,15709,15189.453,519.546875
6,19,3,12655,12052.326,602.673828125
10,12,5,11741,12654.865,913.865234375
9,7,11,14022,14323.473,301.47265625
1,21,16,19584,18971.152,612.84765625
11,10,5,12550,13095.861,545.861328125
2,1,8,20007,19655.553,351.447265625
10,2,21,14659,14607.496,51.50390625
11,2,7,15706,14111.61,1594.3896484375
3,23,19,18689,18569.12,119.880859375
4,22,21,14976,15068.107,92.107421875
7,16,6,13230,13344.153,114.1533203125
8,22,3,12004,11729.074,274.92578125
11,28,22,14775,14478.726,296.2744140625
5,19,8,12120,12305.891,185.890625
12,11,12,17780,17598.26,181.740234375
8,14,18,18873,18626.021,246.978515625
4,5,13,16413,15979.041,433.958984375
6,19,12,16245,17159.123,914.123046875
1,19,22,19254,18611.31,642.689453125
4,23,9,14035,14855.869,820.869140625
8,10,14,15845,15538.529,306.470703125
11,14,14,17876,17439.05,436.94921875
7,9,17,17232,17385.158,153.158203125
11,8,2,11293,11252.639,40.361328125
9,8,23,14284,14657.396,373.396484375
11,3,0,13397,12731.4375,665.5625
6,20,7,11952,12303.516,351.515625
6,2,16,18444,17528.709,915.291015625
3,1,6,13334,13795.559,461.55859375
9,3,15,16631,16082.742,548.2578125
4,1,17,14000,14339.709,339.708984375
5,7,20,14304,15607.217,1303.216796875
5,16,1,13257,12885.333,371.6669921875
8,7,6,11579,13432.021,1853.021484375
8,17,0,13968,14202.277,234.27734375
8,18,14,16803,17177.42,374.419921875
8,23,5,12879,12932.269,53.2685546875
11,10,21,16190,16193.045,3.044921875
2,26,1,13250,13548.801,298.80078125
12,12,3,14155,14349.296,194.2958984375
1,17,3,15353,15591.091,238.0908203125
2,12,18,19282,18760.479,521.521484375
9,22,23,15094,14892.031,201.96875
10,27,12,15499,16014.712,515.7119140625
12,16,11,18051,18072.256,21.255859375
9,13,18,16149,16488.0,339.0
12,20,1,16360,15590.504,769.49609375
8,6,7,11295,11446.338,151.337890625
9,26,21,13738,13747.124,9.1240234375
7,29,16,18544,19223.004,679.00390625
10,18,8,15884,16139.978,255.9775390625
10,12,12,14550,15252.633,702.6328125
11,1,11,16066,17081.71,1015.7109375
9,13,7,12173,12980.658,807.658203125
5,4,16,12510,13762.15,1252.150390625
11,25,16,16039,16067.844,28.84375
7,21,16,19144,18687.506,456.494140625
9,27,11,14846,15285.037,439.037109375
11,11,3,12646,12803.82,157.8203125
12,20,15,17408,17311.73,96.26953125
10,19,14,13573,13381.031,191.96875
12,31,8,16115,16901.7,786.69921875
4,24,9,14078,15253.618,1175.6181640625
11,23,21,16140,16058.488,81.51171875
4,4,9,13008,13559.882,551.8818359375
8,9,15,17001,16837.932,163.068359375
2,28,16,17496,17192.54,303.4609375
8,2,9,14897,14774.781,122.21875
12,25,13,17343,16852.475,490.525390625
4,3,21,16576,16769.072,193.072265625
12,30,23,15132,15543.309,411.30859375
3,7,19,18409,18058.764,350.236328125
11,8,8,16040,15994.506,45.494140625
3,1,17,16456,16717.932,261.931640625
3,1,6,15570,15505.148,64.8515625
3,2,6,15185,14895.436,289.564453125
3,28,4,11885,12187.244,302.244140625
4,24,7,13399,13658.018,259.017578125
4,9,15,13910,14368.413,458.4130859375
9,2,23,15647,15784.696,137.6962890625
12,24,19,18707,20104.865,1397.865234375
6,15,5,10883,11093.465,210.46484375
7,28,9,18036,17632.203,403.796875
12,9,19,17912,18259.094,347.09375
3,8,21,17038,16548.404,489.595703125
8,10,22,16777,16073.354,703.646484375
8,28,20,19055,19179.164,124.1640625
1,11,10,15641,14999.948,641.0517578125
3,27,18,14908,15345.754,437.75390625
9,28,7,14951,14611.814,339.185546875
4,16,0,11216,11761.69,545.6904296875
7,19,3,12768,13428.018,660.017578125
12,1,17,18607,18301.014,305.986328125
10,2,12,14373,14524.8125,151.8125
2,26,3,13470,13455.855,14.14453125
5,31,3,11375,11384.63,9.6298828125
11,22,23,15805,16218.653,413.6533203125
9,11,18,16341,16527.432,186.431640625
7,23,20,18272,19052.42,780.419921875
11,22,5,12722,13575.645,853.64453125
1,14,6,15963,15979.68,16.6796875
8,24,23,17218,17325.521,107.521484375
2,9,8,19396,18635.658,760.341796875
10,2,13,14523,15051.574,528.57421875
2,5,18,18810,18299.424,510.576171875
1,3,3,13050,13240.145,190.14453125
1,15,11,17013,16623.62,389.380859375
5,11,2,11506,11838.643,332.642578125
7,12,2,13012,13057.2295,45.2294921875
4,25,0,12269,12032.699,236.30078125
2,8,21,18595,18788.672,193.671875
6,30,10,17119,17657.701,538.701171875
2,14,10,17133,17046.025,86.974609375
4,11,11,15643,15070.426,572.57421875
8,14,7,15281,16027.962,746.9619140625
8,19,12,19131,19108.229,22.771484375
10,14,18,16761,17571.887,810.88671875
3,31,11,16803,17004.525,201.525390625
8,22,9,15742,14775.317,966.6826171875
7,21,22,16975,16471.836,503.1640625
2,20,2,13525,12716.532,808.4677734375
2,24,16,16120,16253.776,133.7763671875
6,4,4,10558,10395.781,162.21875
9,17,17,16367,17312.592,945.591796875
2,28,20,17407,18177.646,770.646484375
7,17,3,12260,13041.76,781.759765625
6,29,18,21292,21058.822,233.177734375
2,9,18,19575,19706.168,131.16796875
10,24,20,15028,14989.521,38.478515625
10,15,18,15842,16235.264,393.263671875
11,8,12,15669,14996.19,672.8095703125
8,2,15,16633,17611.596,978.595703125
6,17,21,16083,16588.268,505.267578125
11,12,14,15358,15575.009,217.0087890625
8,26,23,18137,17557.102,579.8984375
5,14,22,15254,15140.285,113.71484375
11,25,13,14971,14651.303,319.697265625
3,10,0,15388,14725.229,662.771484375
12,4,0,16064,15208.523,855.4765625
11,30,0,15520,14630.896,889.103515625
6,14,18,14757,15522.476,765.4755859375
7,29,3,14132,14041.767,90.2333984375
4,5,5,14510,13853.9795,656.0205078125
12,14,10,16138,16481.47,343.470703125
12,5,2,13939,14294.115,355.115234375
5,10,10,13904,13765.551,138.44921875
12,23,20,19763,19398.684,364.31640625
5,4,23,13920,13869.547,50.453125
2,21,17,17023,17258.486,235.486328125
12,30,14,15829,16089.568,260.568359375
5,1,6,12559,11988.315,570.6845703125
11,6,12,16432,16603.9,171.900390625
6,25,12,17567,18237.586,670.5859375
12,16,6,13211,14279.457,1068.45703125
6,17,20,19373,19249.492,123.5078125
12,19,0,16329,15028.785,1300.21484375
4,27,5,12810,13111.425,301.4248046875
4,29,6,12193,11869.624,323.3759765625
5,3,17,15882,16150.963,268.962890625
4,16,4,13202,13319.386,117.3857421875
2,2,18,19406,18297.22,1108.779296875
12,1,11,16775,17731.201,956.201171875
8,13,21,19255,19047.162,207.837890625
3,20,17,18131,17204.387,926.61328125
9,1,4,11897,12481.453,584.453125
10,24,12,15076,15138.605,62.60546875
7,20,22,18546,18817.482,271.482421875
12,29,21,16138,16308.055,170.0546875
12,20,13,18005,18197.773,192.7734375
5,6,17,15571,15958.252,387.251953125
12,30,9,15723,16027.834,304.833984375
11,22,11,17512,16835.158,676.841796875
4,16,12,16920,17379.322,459.322265625
6,29,11,15484,16575.363,1091.36328125
1,14,6,14668,14781.723,113.72265625
4,10,5,11241,11941.9,700.900390625
9,20,8,16316,16373.281,57.28125
5,5,6,13105,13096.246,8.75390625
10,11,19,16335,16422.416,87.416015625
4,6,17,14984,14961.0,23.0
7,25,17,19578,19789.627,211.626953125
7,21,21,17258,17413.547,155.546875
9,13,7,15093,14218.326,874.673828125
5,5,8,14537,14798.745,261.7451171875
7,9,7,14935,14276.991,658.0087890625
3,25,14,15032,15214.505,182.5048828125
5,5,21,14910,14765.08,144.919921875
5,17,12,13976,13611.587,364.4130859375
6,18,18,16760,16579.066,180.93359375
4,24,4,11723,11780.5625,57.5625
12,6,22,17015,16370.389,644.611328125
4,18,23,12596,13128.76,532.759765625
8,8,1,14108,14184.023,76.0234375
3,30,4,14922,14572.863,349.13671875
12,31,9,16532,17246.713,714.712890625
10,21,2,11745,12301.931,556.9306640625
9,15,11,15155,14962.887,192.11328125
8,16,9,16588,16725.201,137.201171875
12,9,11,19348,18240.002,1107.998046875
12,26,9,13896,13941.716,45.7158203125
1,23,13,18336,18220.742,115.2578125
8,30,18,21075,20806.41,268.58984375
12,6,20,18631,18702.178,71.177734375
12,10,12,18312,18120.291,191.708984375
12,21,13,17036,16961.182,74.818359375
1,10,2,14564,13959.297,604.703125
7,10,8,19551,19207.764,343.236328125
1,11,19,20494,20432.268,61.732421875
2,6,9,19851,19947.307,96.306640625
3,3,7,18815,19247.88,432.880859375
3,21,8,17394,17147.863,246.13671875
4,16,4,11232,11076.365,155.634765625
3,9,5,12510,13003.524,493.5244140625
4,24,14,12792,12176.033,615.966796875
3,14,22,17514,17208.998,305.001953125
10,23,8,14161,13872.084,288.916015625
1,7,18,19268,19131.979,136.021484375
3,17,22,16602,15865.752,736.248046875
10,21,14,15120,15090.047,29.953125
11,20,14,14713,14756.855,43.85546875
2,27,4,13323,13563.861,240.861328125
6,24,3,12472,12333.612,138.3876953125
8,17,13,18663,18691.328,28.328125
9,9,19,20227,19749.074,477.92578125
3,20,12,14200,14862.391,662.390625
4,1,19,16981,17401.406,420.40625
9,7,8,13137,13000.57,136.4296875
10,19,18,14730,14895.95,165.9501953125
7,30,1,13214,13410.611,196.611328125
11,29,5,14133,13250.078,882.921875
3,5,21,17051,16633.467,417.533203125
3,28,14,15337,15203.768,133.232421875
7,28,3,12317,12404.695,87.6953125
1,18,13,18392,17793.973,598.02734375
6,1,19,19135,19313.35,178.349609375
11,5,15,14834,14800.529,33.470703125
4,24,16,15069,14911.769,157.2314453125
12,31,12,16044,16504.848,460.84765625
7,26,7,16847,16455.076,391.923828125
7,13,0,14657,14985.265,328.2646484375
3,15,22,16315,16642.926,327.92578125
1,4,18,19935,20511.904,576.904296875
8,11,14,14976,14627.475,348.525390625
11,10,23,15083,14880.503,202.4970703125
12,5,7,15140,15542.799,402.798828125
4,8,11,15358,16045.205,687.205078125
8,30,15,19967,19569.242,397.7578125
2,15,1,15309,15493.988,184.98828125
12,19,11,18620,17959.318,660.681640625
7,23,22,18568,19296.943,728.943359375
2,25,8,13620,14109.265,489.2646484375
8,28,6,16077,15902.676,174.32421875
9,24,5,12117,12752.412,635.412109375
10,14,13,12787,13325.048,538.0478515625
11,12,17,18162,17324.424,837.576171875
11,4,6,13458,13773.043,315.04296875
11,10,7,14608,14905.676,297.67578125
2,9,1,14836,14680.01,155.990234375
7,3,10,19314,18993.148,320.8515625
8,22,13,15494,16013.597,519.5966796875
7,14,9,17932,18224.307,292.306640625
6,22,6,13249,13227.564,21.435546875
9,3,20,20803,21164.037,361.037109375
9,6,22,14592,14614.655,22.6552734375
2,23,7,14061,14266.515,205.5146484375
1,20,20,20736,21641.307,905.306640625
5,30,18,15467,16015.654,548.654296875
1,14,10,18275,18340.326,65.326171875
2,9,15,18355,18794.65,439.650390625
3,19,4,12464,12306.672,157.328125
11,12,19,17264,18078.627,814.626953125
8,23,1,12976,12746.981,229.0185546875
8,16,10,18727,18143.293,583.70703125
4,28,13,14927,14863.078,63.921875
12,24,7,13049,13457.04,408.0400390625
8,15,0,14125,13777.633,347.3671875
10,15,12,13204,13496.352,292.3515625
8,9,19,21682,22334.703,652.703125
4,23,8,14496,13815.121,680.87890625
6,25,19,17426,17922.717,496.716796875
10,11,6,13421,12925.135,495.865234375
11,16,5,14205,14010.136,194.8642578125
8,30,14,20698,20384.947,313.052734375
11,22,7,12756,12837.034,81.0341796875
4,12,7,13812,13745.292,66.7080078125
3,15,7,15418,14534.137,883.86328125
1,2,14,15932,16827.797,895.796875
7,9,14,16455,15762.003,692.9970703125
3,1,9,16926,16181.964,744.0361328125
9,5,0,12643,12487.228,155.7724609375
3,10,10,15090,15017.172,72.828125
3,21,2,13180,13814.55,634.5498046875
4,18,2,11946,12630.266,684.265625
2,23,15,16575,16482.89,92.109375
4,20,23,13166,13651.071,485.0712890625
9,23,7,15032,14594.032,437.9677734375
8,26,13,18658,19144.947,486.947265625
10,25,2,13023,13145.276,122.2763671875
3,16,2,12420,12409.892,10.1083984375
1,12,19,18759,19102.451,343.451171875
3,10,20,16759,16083.137,675.86328125
3,3,8,18811,18050.172,760.828125
2,22,15,16159,16161.622,2.6220703125
1,31,11,16486,16709.209,223.208984375
4,10,10,12448,13157.216,709.2158203125
10,15,0,12217,12204.887,12.11328125
1,23,5,14278,14593.927,315.9267578125
12,17,19,18117,18241.186,124.185546875
12,17,19,19468,18800.82,667.1796875
3,6,12,16958,16469.09,488.91015625
3,5,11,16262,15841.164,420.8359375
11,19,19,17161,17074.166,86.833984375
2,28,9,18321,18366.217,45.216796875
11,2,9,15019,14215.156,803.84375
3,5,3,14278,13854.699,423.30078125
8,22,3,13400,13034.044,365.9560546875
3,19,7,17453,16648.29,804.7109375
3,16,0,14077,14153.43,76.4296875
11,14,15,16887,17493.822,606.822265625
8,5,20,18073,18427.432,354.431640625
7,12,2,13321,13117.924,203.076171875
12,29,12,18386,18232.861,153.138671875
8,2,21,18481,18810.049,329.048828125
2,6,10,16075,15220.963,854.037109375
6,29,16,17959,18449.2,490.19921875
11,22,22,16845,16717.258,127.7421875
9,6,18,20415,20352.373,62.626953125
4,15,17,14436,14115.461,320.5390625
4,26,15,15442,15020.848,421.15234375
11,8,19,16378,16553.076,175.076171875
8,27,15,18859,18273.768,585.232421875
3,9,20,17821,17880.258,59.2578125
6,29,0,15721,15816.205,95.205078125
4,24,13,15197,14696.405,500.5947265625
9,17,19,19543,19312.693,230.306640625
12,2,15,16465,16432.408,32.591796875
12,14,22,16396,16060.87,335.1298828125
2,4,21,18448,17730.13,717.869140625
10,14,6,13905,13228.969,676.03125
2,24,19,19530,19623.064,93.064453125
1,5,15,17943,18422.963,479.962890625
9,29,9,13368,13032.482,335.517578125
7,25,22,18717,18421.959,295.041015625
11,17,5,12782,13136.192,354.1923828125
4,2,10,14848,16421.676,1573.67578125
4,18,16,13133,12983.465,149.53515625
1,24,21,19332,19545.572,213.572265625
6,2,7,16136,15490.201,645.798828125
5,25,7,14444,14605.518,161.517578125
12,31,1,13605,13593.6455,11.3544921875
6,21,11,14939,15571.774,632.7744140625
2,27,5,14693,14293.424,399.576171875
2,8,3,15022,14552.551,469.44921875
1,2,17,21276,21005.201,270.798828125
12,23,12,15998,16007.625,9.625
9,5,5,12308,12157.818,150.181640625
9,2,0,15990,15694.334,295.666015625
10,10,8,15872,16054.399,182.3994140625
7,31,0,13894,14817.264,923.263671875
11,30,22,16935,16335.465,599.53515625
10,25,17,16457,17007.607,550.607421875
4,23,19,14903,15604.387,701.38671875
9,6,17,22966,22426.266,539.734375
1,9,10,17980,17835.775,144.224609375
10,31,18,16847,17558.404,711.404296875
6,10,18,18031,18153.594,122.59375
9,19,19,16979,17619.479,640.478515625
3,17,12,14591,15264.483,673.4833984375
8,11,19,18012,18333.238,321.23828125
10,3,17,16205,17905.883,1700.8828125
10,20,8,13277,13085.72,191.2802734375
3,23,22,16229,15614.932,614.068359375
8,19,12,20730,21136.482,406.482421875
2,5,3,14147,13873.979,273.021484375
10,8,1,12370,12552.24,182.240234375
3,21,23,16516,16362.428,153.572265625
4,22,4,11765,11390.531,374.46875
10,15,13,14015,13921.279,93.720703125
4,19,21,13710,13813.272,103.2724609375
10,24,1,11730,12440.852,710.8515625
5,19,20,16073,16838.152,765.15234375
7,19,12,20234,20890.475,656.474609375
9,27,18,16493,17111.379,618.37890625
8,18,8,17066,17905.176,839.17578125
9,7,20,15284,14786.697,497.302734375
4,12,12,13322,13569.434,247.43359375
7,14,7,16557,15503.782,1053.2177734375
1,15,2,15583,16049.434,466.43359375
3,15,13,15058,14667.324,390.67578125
11,12,20,17820,18242.191,422.19140625
1,27,17,17990,18123.248,133.248046875
2,27,20,18428,17967.256,460.744140625
8,27,4,11629,11177.716,451.2841796875
5,15,10,12229,12460.0625,231.0625
4,13,11,14414,14874.029,460.029296875
3,17,18,16260,16347.179,87.1787109375
2,22,20,18465,18688.195,223.1953125
7,26,20,21561,21583.09,22.08984375
6,5,17,19028,18144.797,883.203125
4,8,23,13801,13974.605,173.60546875
4,11,17,15859,15504.151,354.8486328125
6,29,3,12660,12840.627,180.626953125
1,25,9,15642,14972.941,669.05859375
11,21,13,15434,14944.857,489.142578125
12,16,10,18757,18712.473,44.52734375
5,22,17,17081,17640.533,559.533203125
8,19,18,20365,20260.705,104.294921875
3,7,17,16961,16784.863,176.13671875
1,25,11,16275,16255.122,19.8779296875
2,4,15,15995,16243.666,248.666015625
3,18,22,14960,15103.526,143.5263671875
8,19,12,15534,15266.197,267.802734375
5,18,11,16212,16630.28,418.279296875
11,8,0,14810,13359.709,1450.291015625
3,7,0,15055,13974.848,1080.15234375
8,9,21,19569,18887.969,681.03125
7,26,23,14680,15575.801,895.80078125
8,30,20,20953,20352.396,600.603515625
12,13,11,17151,16458.49,692.509765625
3,31,14,15387,15698.875,311.875
3,31,19,16096,16508.824,412.82421875
8,11,2,13772,13416.174,355.826171875
9,5,22,14761,14740.736,20.263671875
3,17,13,14238,14102.967,135.033203125
9,5,9,19915,19200.232,714.767578125
1,30,3,14935,14593.324,341.67578125
9,17,23,14272,14227.205,44.794921875
10,26,2,12575,12868.668,293.66796875
12,18,3,13358,14179.896,821.896484375
7,14,14,18150,18992.184,842.18359375
7,1,15,18608,19437.654,829.654296875
1,25,23,17404,17932.723,528.72265625
8,17,11,18332,18701.555,369.5546875
3,22,6,17253,15592.811,1660.189453125
12,7,23,16438,16652.74,214.740234375
7,4,13,15476,15539.919,63.9189453125
12,26,12,15647,15692.057,45.056640625
10,2,20,15464,15079.18,384.8203125
5,22,15,13448,14993.23,1545.23046875
11,29,12,17547,16929.229,617.771484375
8,26,23,14827,15196.705,369.705078125
8,29,10,15923,15994.44,71.4404296875
5,28,16,17720,17266.977,453.0234375
3,11,13,14941,14982.445,41.4453125
2,13,2,14373,14390.781,17.78125
12,23,17,18203,17557.799,645.201171875
12,31,11,15926,15817.234,108.765625
12,20,20,19168,19294.646,126.646484375
4,28,14,14647,14027.791,619.208984375
12,9,23,16907,16851.697,55.302734375
11,7,5,12882,12874.832,7.16796875
12,6,4,15650,14844.479,805.521484375
12,23,13,17488,16891.773,596.2265625
3,12,4,13384,13517.496,133.49609375
9,29,19,16346,16240.8125,105.1875
4,15,16,13948,13243.731,704.2685546875
2,10,3,12854,12277.461,576.5390625
12,21,6,13544,14016.996,472.99609375
8,22,17,17897,18498.924,601.923828125
10,29,13,15854,15747.098,106.90234375
11,4,22,13936,14327.627,391.626953125
1,2,23,16811,17143.092,332.091796875
8,19,19,20117,20459.49,342.490234375
2,21,16,16771,16476.12,294.880859375
1,11,14,19730,19348.771,381.228515625
12,30,21,18616,18634.926,18.92578125
1,9,23,16450,17041.234,591.234375
1,25,16,16844,16530.912,313.087890625
12,17,23,15801,16641.123,840.123046875
9,6,15,17479,17821.055,342.0546875
6,28,9,12850,12866.175,16.1748046875
8,16,17,20493,20373.006,119.994140625
3,14,3,13726,13466.385,259.615234375
2,2,21,19227,18776.951,450.048828125
2,9,17,18331,18204.537,126.462890625
2,2,3,15267,14340.477,926.5234375
10,17,19,16502,16794.762,292.76171875
2,12,15,17838,18428.951,590.951171875
2,27,9,15618,15419.515,198.4853515625
8,15,16,15844,15651.293,192.70703125
4,15,22,15686,15245.284,440.7158203125
8,1,14,19180,19526.145,346.14453125
7,9,19,21011,21778.01,767.009765625
5,10,9,14019,14161.3,142.2998046875
7,7,6,14704,14776.71,72.7099609375
9,16,7,14714,14287.3125,426.6875
4,26,20,15700,15053.699,646.30078125
12,2,10,18050,17623.836,426.1640625
3,1,14,15629,15414.37,214.6298828125
11,8,22,13666,13647.279,18.720703125
4,21,19,15591,16092.48,501.48046875
4,14,10,11832,12368.703,536.703125
1,6,1,15187,14594.378,592.6220703125
12,28,23,14756,14768.855,12.85546875
8,6,22,16269,16081.784,187.2158203125
1,31,10,18996,18407.184,588.81640625
12,13,22,19178,18926.041,251.958984375
12,18,13,18147,17744.635,402.365234375
2,28,13,14694,14540.29,153.7099609375
7,27,8,15834,16833.027,999.02734375
12,31,9,15402,15486.154,84.154296875
2,9,6,14899,14992.652,93.65234375
9,9,15,16036,16549.877,513.876953125
10,2,19,18009,17745.506,263.494140625
1,7,21,18821,18154.643,666.357421875
8,19,10,14269,14349.5,80.5
4,17,4,11424,11281.679,142.3212890625
12,29,17,17692,17901.643,209.642578125
1,3,6,13419,13896.527,477.52734375
12,2,1,15338,14695.379,642.62109375
11,1,17,16279,15699.156,579.84375
3,4,8,16580,16458.535,121.46484375
4,13,23,12949,12654.7705,294.2294921875
11,24,19,16757,16582.352,174.6484375
12,9,10,18561,18191.197,369.802734375
5,8,19,15475,16071.586,596.5859375
9,17,19,16533,17140.973,607.97265625
7,20,4,14821,15068.068,247.068359375
10,17,20,16773,16676.807,96.193359375
8,13,9,16548,16201.507,346.4931640625
12,18,21,18388,18286.432,101.568359375
7,14,18,18487,18429.979,57.021484375
3,20,22,15879,15603.823,275.1767578125
8,5,0,16327,16279.969,47.03125
8,6,10,14926,16316.516,1390.515625
3,19,4,12862,12526.047,335.953125
5,8,4,11559,11655.419,96.4189453125
3,15,20,17617,17672.848,55.84765625
10,12,19,14477,14668.54,191.5400390625
2,23,3,12822,12906.897,84.8974609375
2,15,0,14809,13988.033,820.966796875
7,17,3,13050,12664.152,385.84765625
3,27,10,18109,17805.38,303.619140625
8,13,22,18751,18758.299,7.298828125
4,28,20,13873,15412.652,1539.65234375
3,7,21,17927,17364.613,562.38671875
3,20,1,14220,14071.792,148.2080078125
11,3,14,15041,15911.051,870.05078125
4,6,8,14367,14072.784,294.2158203125
5,6,7,11164,11064.583,99.4169921875
9,9,22,15007,14863.096,143.904296875
6,14,11,15691,15982.056,291.0556640625
5,3,10,14237,14415.494,178.494140625
10,26,4,11922,12302.995,380.9951171875
9,11,5,11962,11618.773,343.2265625
10,11,19,15429,15192.005,236.9951171875
8,23,0,13046,13312.39,266.3896484375
2,22,9,17907,17969.553,62.552734375
9,22,1,13441,13519.943,78.943359375
3,15,1,12940,12796.954,143.0458984375
1,18,1,16543,16361.986,181.013671875
8,14,17,21361,21895.508,534.5078125
7,30,18,15910,16452.568,542.568359375
12,19,18,18231,17506.957,724.04296875
1,30,22,15918,15560.742,357.2578125
5,16,8,11623,11982.037,359.037109375
1,20,16,18145,17977.186,167.814453125
5,3,16,15462,15550.72,88.7197265625
1,16,23,16641,16775.951,134.951171875
10,2,11,14874,15365.311,491.310546875
8,3,1,13133,13607.797,474.796875
9,1,4,13159,12049.484,1109.515625
11,18,6,12890,12966.057,76.056640625
3,1,17,17963,17997.916,34.916015625
10,4,10,13524,13576.131,52.130859375
6,5,19,15396,15394.351,1.6494140625
5,1,14,13522,13871.303,349.302734375
8,4,11,18230,18928.324,698.32421875
9,14,17,14754,15137.53,383.5302734375
1,28,0,13862,13254.092,607.908203125
7,19,10,18938,19250.596,312.595703125
10,20,18,15271,14568.776,702.2236328125
7,30,19,19145,20051.479,906.478515625
10,13,14,14777,14884.827,107.8271484375
6,5,5,11536,11353.082,182.91796875
1,21,3,16992,16220.782,771.2177734375
11,23,14,16144,16923.627,779.626953125
8,3,2,13732,13896.497,164.4970703125
11,21,1,14058,13488.341,569.6591796875
4,23,18,13604,13789.799,185.798828125
5,17,18,16468,18516.209,2048.208984375
4,15,21,15079,15213.961,134.9609375
9,18,7,12548,12888.535,340.53515625
12,1,20,17391,17838.322,447.322265625
2,21,20,18879,19059.807,180.806640625
5,10,22,14530,14184.131,345.869140625
5,28,16,16133,15613.249,519.7509765625
11,17,8,16987,17198.56,211.560546875
11,15,14,15851,15450.123,400.876953125
3,6,4,15781,15407.904,373.095703125
12,9,13,16583,16078.76,504.240234375
9,29,10,13753,13368.287,384.712890625
7,14,13,17649,16987.861,661.138671875
3,31,20,16918,16963.201,45.201171875
7,4,17,20392,20567.219,175.21875
1,14,20,19122,19534.64,412.640625
7,23,6,12417,12512.274,95.2744140625
1,3,9,20002,20362.166,360.166015625
1,26,21,17702,17636.354,65.646484375
1,21,1,15764,15745.539,18.4609375
10,26,17,15407,15413.987,6.9873046875
6,6,19,15138,15323.559,185.55859375
9,14,4,12053,12059.268,6.267578125
12,9,20,18828,19094.818,266.818359375
7,29,16,22274,23305.63,1031.630859375
12,15,6,14903,14894.189,8.810546875
10,17,23,13852,14842.228,990.2275390625
10,13,23,13508,14040.443,532.443359375
3,4,15,16091,16134.477,43.4765625
11,16,13,16395,16417.764,22.763671875
11,17,18,17823,17310.504,512.49609375
9,4,11,13491,14157.064,666.064453125
6,25,12,17831,17487.746,343.25390625
4,25,19,13059,14098.592,1039.591796875
4,22,21,16727,16670.734,56.265625
5,18,15,14293,14207.333,85.6669921875
5,23,0,13436,13230.988,205.01171875
10,30,13,15886,15700.906,185.09375
12,20,16,17941,17765.22,175.779296875
4,28,7,15020,14324.635,695.365234375
6,7,21,20295,19727.17,567.830078125
9,30,21,13920,13958.672,38.671875
7,29,19,19444,20088.596,644.595703125
4,2,5,13318,13334.42,16.419921875
1,13,4,16442,16519.385,77.384765625
5,24,15,13800,14614.967,814.966796875
3,8,5,14586,14231.1875,354.8125
11,30,1,13760,13666.53,93.4697265625
10,31,8,13256,13145.651,110.3486328125
1,15,18,20586,19489.406,1096.59375
12,12,19,18964,19785.162,821.162109375
6,22,3,11884,11550.348,333.65234375
1,12,7,15534,15542.855,8.85546875
1,25,23,18150,18666.424,516.423828125
10,29,14,15177,15222.599,45.5986328125
9,24,17,15012,15806.991,794.9912109375
12,2,10,14981,15039.953,58.953125
2,23,10,15503,15909.432,406.431640625
8,30,3,14344,14695.624,351.6240234375
12,15,0,15491,14387.218,1103.7822265625
9,9,19,16652,16944.135,292.134765625
2,2,11,17717,17055.396,661.603515625
8,18,23,15070,14662.039,407.9609375
7,7,15,17428,17237.69,190.310546875
6,30,20,17578,18442.24,864.240234375
12,29,14,16198,16188.666,9.333984375
1,13,8,16449,16855.4,406.400390625
12,20,18,18446,18462.527,16.52734375
7,16,20,17150,17108.08,41.919921875
7,25,8,17703,18235.518,532.517578125
5,3,15,14936,14686.113,249.88671875
1,25,3,14155,14233.274,78.2744140625
10,17,22,14858,14312.0625,545.9375
10,5,16,15892,16315.53,423.5302734375
5,18,17,13948,13956.546,8.5458984375
4,6,19,16946,16394.256,551.744140625
5,1,1,12342,12216.766,125.234375
2,9,0,16045,15926.426,118.57421875
7,12,13,19884,20242.99,358.990234375
5,20,7,14195,13900.236,294.763671875
4,21,13,15763,15419.076,343.923828125
9,30,7,12483,12434.471,48.529296875
11,22,7,14825,14304.176,520.82421875
12,8,18,19911,18727.701,1183.298828125
9,6,11,21377,20465.781,911.21875
2,4,5,13865,13496.412,368.587890625
4,16,9,17078,16840.602,237.3984375
9,30,16,15087,15349.476,262.4755859375
12,11,16,17798,18085.873,287.873046875
12,21,0,17001,15815.554,1185.4462890625
11,29,13,17227,16930.264,296.736328125
10,7,9,15070,15045.777,24.22265625
8,31,18,17960,18189.486,229.486328125
11,30,1,13038,13156.844,118.84375
4,13,18,16102,16082.924,19.076171875
12,10,1,13337,12641.121,695.87890625
5,4,21,15942,15728.588,213.412109375
3,4,12,17573,16781.408,791.591796875
2,25,8,17222,17405.127,183.126953125
4,20,16,15983,15633.771,349.228515625
8,2,11,13163,15854.646,2691.646484375
12,10,10,15399,15561.345,162.3447265625
1,1,17,16064,16613.627,549.626953125
11,8,6,12746,13087.368,341.3681640625
12,14,3,13380,13916.711,536.7109375
12,8,13,16971,16986.963,15.962890625
3,3,23,17205,16420.002,784.998046875
3,24,13,16039,15694.92,344.080078125
2,10,2,13971,13968.584,2.416015625
11,5,18,16659,16583.062,75.9375
9,6,22,18144,18406.533,262.533203125
12,26,13,15231,14939.122,291.8779296875
2,21,15,15926,15805.471,120.529296875
12,16,12,17230,16825.072,404.927734375
12,31,9,15300,16143.376,843.3759765625
4,28,23,13046,13760.574,714.57421875
12,26,3,12808,13150.123,342.123046875
3,4,5,13419,13152.865,266.134765625
2,5,14,17621,17619.23,1.76953125
8,28,5,13313,13469.984,156.984375
2,3,15,15817,15505.798,311.2021484375
6,19,6,14242,14146.571,95.4287109375
7,3,0,12547,12882.424,335.423828125
9,8,16,21426,21501.02,75.01953125
7,6,7,15780,15873.348,93.34765625
7,25,8,14724,15266.767,542.7666015625
1,29,13,19164,18705.584,458.416015625
1,23,21,18603,18565.027,37.97265625
3,11,6,14391,14420.508,29.5078125
12,29,1,16038,15617.82,420.1796875
9,5,22,16522,15701.139,820.861328125
12,12,7,16289,15856.946,432.0537109375
3,11,23,16148,15815.661,332.3388671875
2,9,23,16169,15776.619,392.380859375
1,2,21,18027,18271.59,244.58984375
9,10,14,15174,16318.164,1144.1640625
8,27,22,16160,16262.209,102.208984375
8,5,4,12465,12060.262,404.73828125
7,23,17,21049,20997.562,51.4375
12,19,18,20682,20129.693,552.306640625
9,9,19,17200,17639.877,439.876953125
1,23,14,16515,16159.69,355.3095703125
4,12,18,15163,16011.488,848.48828125
6,19,12,15461,15202.086,258.9140625
11,5,16,14956,15169.191,213.19140625
1,17,19,19797,20080.057,283.056640625
11,25,14,15013,14822.445,190.5546875
3,18,7,15784,14994.706,789.2939453125
12,28,1,13822,13516.431,305.5693359375
6,22,6,13830,13951.565,121.5654296875
3,5,19,17390,17003.29,386.7109375
11,3,6,11933,12056.375,123.375
12,24,18,18980,19814.037,834.037109375
8,3,12,18102,18239.299,137.298828125
9,28,23,13872,13830.211,41.7890625
1,13,13,19306,19058.984,247.015625
1,27,21,18185,17868.346,316.654296875
11,25,10,14968,14693.042,274.9580078125
2,19,12,17340,16811.76,528.240234375
6,4,16,16342,16705.299,363.298828125
4,3,11,13190,13300.023,110.0234375
2,20,8,14196,13580.959,615.041015625
8,10,22,20139,19835.953,303.046875
2,4,23,18258,18164.387,93.61328125
1,31,3,14424,13575.565,848.4345703125
6,11,6,11434,11559.154,125.154296875
8,22,12,18791,19125.871,334.87109375
9,1,21,16556,17274.664,718.6640625
10,20,22,14881,15328.993,447.9931640625
4,6,18,14253,14006.417,246.5830078125
4,23,10,16145,15702.123,442.876953125
8,25,15,18421,18596.713,175.712890625
9,10,14,18022,17586.262,435.73828125
10,4,6,13364,12994.618,369.3818359375
4,10,3,10995,10863.135,131.865234375
9,15,17,20388,19910.018,477.982421875
7,11,8,13744,13447.852,296.1484375
2,21,17,16216,15910.535,305.46484375
3,10,20,18676,18530.648,145.3515625
6,22,5,12290,12414.715,124.71484375
10,28,22,14348,14331.701,16.298828125
10,31,17,16893,16691.625,201.375
7,30,18,17244,17556.676,312.67578125
5,16,23,11612,11799.805,187.8046875
10,15,16,16354,15992.582,361.41796875
6,6,17,15587,16217.73,630.73046875
10,1,3,11726,12203.844,477.84375
2,5,10,16570,15847.707,722.29296875
7,12,5,13553,13775.109,222.109375
5,17,14,11471,11953.891,482.890625
7,3,11,17464,16762.854,701.146484375
7,7,23,15780,16011.391,231.390625
9,29,5,11433,11221.627,211.373046875
3,14,8,14713,14160.307,552.693359375
9,6,8,14723,14004.428,718.572265625
7,20,14,21037,21627.094,590.09375
8,6,23,15080,14940.087,139.9130859375
6,9,18,15534,15658.543,124.54296875
6,29,7,13925,13531.391,393.609375
3,9,20,16357,16109.778,247.2216796875
10,29,2,11932,11850.496,81.50390625
11,6,20,16773,17504.393,731.392578125
6,19,4,10726,10464.664,261.3359375
4,14,17,14650,14967.355,317.35546875
11,1,14,16348,16496.664,148.6640625
6,4,14,13833,14002.626,169.6259765625
11,28,19,17378,17578.844,200.84375
9,19,20,19361,18711.523,649.4765625
1,21,9,17433,16572.193,860.806640625
2,16,10,18860,18822.393,37.607421875
1,22,8,19277,19170.443,106.556640625
9,9,16,15979,16470.473,491.47265625
10,22,2,12897,12169.681,727.3193359375
8,14,2,14119,15260.469,1141.46875
3,25,14,14402,15114.586,712.5859375
1,10,20,18887,19279.992,392.9921875
9,5,17,16016,16397.742,381.7421875
3,4,19,19727,19267.432,459.568359375
8,20,2,14519,14665.964,146.9638671875
4,12,22,14252,14471.088,219.087890625
12,28,3,12768,12513.959,254.041015625
3,16,7,16901,16300.383,600.6171875
1,28,2,12855,12680.962,174.0380859375
5,16,3,11589,11504.48,84.51953125
10,18,20,16618,16751.78,133.779296875
4,10,4,12662,12845.572,183.572265625
3,28,16,14544,15322.864,778.8642578125
3,8,0,13981,12936.093,1044.9072265625
8,4,10,17658,17440.443,217.556640625
10,8,14,13993,14014.781,21.78125
11,14,13,16595,17250.877,655.876953125
2,6,5,15377,15405.338,28.337890625
7,8,18,18599,18997.4,398.400390625
1,18,18,20440,19548.28,891.720703125
8,30,8,16190,15701.037,488.962890625
11,8,0,13360,13248.969,111.03125
9,10,21,15562,16056.599,494.5986328125
11,24,20,18457,17798.271,658.728515625
4,2,8,16481,15598.471,882.529296875
12,11,11,17443,17292.54,150.4609375
3,17,8,16755,15893.091,861.9091796875
10,31,15,15879,15502.237,376.7626953125
10,15,1,12589,13014.73,425.73046875
2,27,0,15987,14878.239,1108.7607421875
8,31,2,11895,11853.332,41.66796875
10,20,23,12597,12688.469,91.46875
2,9,15,16156,16149.084,6.916015625
11,12,13,16136,16451.645,315.64453125
8,24,0,14178,13597.721,580.279296875
12,6,20,17795,17587.244,207.755859375
8,1,4,12778,12156.801,621.19921875
1,27,17,18365,18372.455,7.455078125
3,12,2,14115,14141.235,26.2353515625
7,27,18,18646,18970.777,324.77734375
3,17,16,15394,14943.137,450.86328125
10,13,15,16137,16583.873,446.873046875
5,2,5,13141,12945.886,195.1142578125
7,21,8,15762,15850.257,88.2568359375
5,8,3,11333,11536.514,203.513671875
10,29,17,16215,16490.9,275.900390625
5,2,1,11343,12519.674,1176.673828125
4,20,15,14153,14487.873,334.873046875
6,13,9,11720,12957.971,1237.970703125
5,5,9,14462,14540.158,78.158203125
6,18,5,14925,15409.866,484.8662109375
9,14,2,11409,11433.992,24.9921875
1,28,21,19996,19752.748,243.251953125
7,3,1,15289,15217.905,71.0947265625
7,11,21,18942,18819.662,122.337890625
12,20,6,13293,13186.54,106.4599609375
9,14,15,13787,14196.955,409.955078125
7,1,1,12836,12635.039,200.9609375
6,13,6,13744,13350.148,393.8515625
4,19,17,16396,16207.352,188.6484375
10,14,12,14015,14524.656,509.65625
9,27,10,15022,15242.17,220.169921875
8,8,10,20485,19742.143,742.857421875
4,14,4,11365,11180.094,184.90625
6,3,22,16593,16036.375,556.625
9,28,15,14973,15513.883,540.8828125
5,6,6,12239,11741.645,497.35546875
5,27,18,18496,18393.15,102.849609375
4,18,4,11299,10998.998,300.001953125
10,18,5,13820,13196.771,623.228515625
6,24,16,18483,18666.959,183.958984375
8,29,4,11851,11527.082,323.91796875
11,19,2,12091,11721.942,369.0576171875
4,22,5,12351,11787.299,563.701171875
12,26,12,15082,14923.616,158.3837890625
8,20,23,15126,14999.044,126.9560546875
5,16,15,14202,13992.16,209.83984375
5,23,16,15320,15691.557,371.556640625
11,27,12,15676,15365.933,310.0673828125
11,12,0,14301,13940.757,360.2431640625
8,3,10,14603,14993.707,390.70703125
3,2,11,16370,15724.613,645.38671875
4,14,0,12022,12647.323,625.3232421875
2,7,16,18918,18680.63,237.369140625
7,4,21,16888,17105.979,217.978515625
9,17,12,14858,14734.283,123.716796875
7,14,11,19415,19561.15,146.150390625
4,10,14,15460,15839.457,379.45703125
12,19,20,20142,19420.318,721.681640625
10,17,18,16342,16020.082,321.91796875
9,9,22,16767,16194.494,572.505859375
10,24,17,15857,16069.02,212.01953125
3,14,11,16241,16127.262,113.73828125
11,25,10,17194,16383.547,810.453125
4,20,20,16405,16167.591,237.4091796875
4,5,17,15530,16071.185,541.1845703125
2,19,2,13237,13078.441,158.55859375
11,1,4,12586,12901.834,315.833984375
1,4,13,16990,17382.49,392.490234375
8,5,2,14778,15357.291,579.291015625
12,26,15,15706,15852.377,146.376953125
10,16,6,14310,13597.262,712.73828125
5,6,16,13074,13143.908,69.908203125
3,13,12,13452,13149.271,302.728515625
1,30,12,18917,19163.88,246.880859375
6,24,17,15093,14637.891,455.109375
10,1,18,16660,17051.182,391.181640625
5,16,21,12823,13451.498,628.498046875
5,11,13,13858,13963.252,105.251953125
1,10,15,18118,17550.283,567.716796875
6,7,6,12967,12742.082,224.91796875
8,9,22,19875,20234.525,359.525390625
1,1,17,18081,18518.791,437.791015625
9,29,2,12102,12652.531,550.53125
6,12,11,19195,18404.074,790.92578125
2,24,5,15671,15268.672,402.328125
9,4,10,15801,15773.552,27.4482421875
10,14,13,14573,14921.93,348.9296875
4,24,6,13360,13167.658,192.341796875
4,12,16,13997,14329.496,332.49609375
5,5,17,14374,14864.855,490.85546875
10,30,20,17800,16809.39,990.609375
4,1,8,14305,13466.734,838.265625
1,22,13,18122,18181.85,59.849609375
1,17,11,18205,18342.715,137.71484375
5,18,11,11982,11770.219,211.78125
6,19,20,19801,19794.342,6.658203125
9,2,14,19653,19158.025,494.974609375
10,10,11,15715,15970.117,255.1171875
12,6,7,15941,15776.704,164.2958984375
6,28,11,17731,18356.393,625.392578125
1,14,10,18353,18575.82,222.8203125
8,28,23,15100,14944.545,155.455078125
12,19,23,16524,17163.998,639.998046875
3,13,0,15799,15179.464,619.5361328125
4,22,20,14644,15281.785,637.78515625
6,18,12,16065,15926.582,138.41796875
8,5,6,12768,12777.826,9.826171875
9,27,4,11916,12145.051,229.05078125
2,6,23,16851,16606.846,244.154296875
11,25,13,17552,17235.15,316.849609375
1,23,13,20411,19756.357,654.642578125
3,4,18,16865,17444.422,579.421875
1,18,9,16746,16690.375,55.625
1,22,16,17838,18089.926,251.92578125
10,28,21,15396,15697.824,301.82421875
11,23,22,17673,17019.81,653.189453125
3,20,3,13012,13192.276,180.2763671875
3,14,19,18961,18715.018,245.982421875
2,17,22,18361,17898.62,462.380859375
7,13,18,22659,23120.209,461.208984375
2,27,3,15567,15496.964,70.0361328125
4,6,23,13752,13439.5,312.5
2,23,23,15749,15135.531,613.46875
1,8,14,19705,18723.188,981.8125
11,3,13,15065,16228.355,1163.35546875
9,8,4,15114,15363.652,249.65234375
9,14,8,14803,15277.351,474.3505859375
6,17,2,11370,11313.332,56.66796875
1,29,15,17292,17099.725,192.275390625
7,19,1,14531,14788.897,257.8974609375
4,28,8,15311,14517.575,793.4248046875
3,16,0,14799,14656.284,142.7158203125
7,22,13,18599,17721.934,877.06640625
11,25,23,15287,15167.689,119.310546875
10,6,19,16282,16146.836,135.1640625
10,6,15,15169,15152.707,16.29296875
3,23,8,18179,17458.287,720.712890625
9,23,4,13301,13009.6,291.400390625
10,11,14,15642,15414.379,227.62109375
12,20,16,17820,17641.885,178.115234375
12,30,6,13852,14056.549,204.548828125
2,7,0,15758,15290.532,467.4677734375
1,31,16,18053,18614.656,561.65625
2,12,15,19189,18640.914,548.0859375
12,12,3,14653,14209.742,443.2578125
11,19,4,12869,12626.855,242.14453125
6,28,1,12310,12286.344,23.65625
9,24,9,16835,16334.541,500.458984375
12,12,2,15365,15232.744,132.255859375
2,4,9,17072,16622.959,449.041015625
4,11,22,15647,15868.724,221.7236328125
9,20,15,17298,17818.873,520.873046875
3,16,11,16326,17327.254,1001.25390625
12,16,8,14389,14115.319,273.6806640625
2,15,5,16418,16389.914,28.0859375
7,26,7,13486,13753.178,267.177734375
5,20,10,11762,12345.114,583.1142578125
10,15,14,12978,13383.371,405.37109375
7,11,22,18596,18245.924,350.076171875
5,5,15,12333,12951.662,618.662109375
10,10,15,13980,14113.289,133.2890625
10,24,14,14813,14820.381,7.380859375
6,28,9,19676,19717.838,41.837890625
9,30,21,15282,14916.693,365.306640625
6,4,2,11701,11542.571,158.4287109375
6,27,16,17991,17165.611,825.388671875
8,22,20,19062,19425.62,363.619140625
5,22,9,11865,12160.903,295.9033203125
3,4,8,18177,17832.225,344.775390625
10,25,14,14323,14028.768,294.232421875
10,16,15,14374,14907.213,533.212890625
9,11,8,12911,13552.17,641.169921875
4,6,16,17367,16493.463,873.537109375
8,11,0,13421,13259.957,161.04296875
11,4,21,16638,17261.889,623.888671875
10,15,13,15951,15833.785,117.21484375
1,18,16,17927,17855.379,71.62109375
9,30,12,16477,16767.523,290.5234375
6,18,0,16595,16620.428,25.427734375
3,3,4,15430,14801.953,628.046875
2,24,19,20801,20700.492,100.5078125
5,14,17,12657,12717.986,60.986328125
8,20,15,20154,19902.488,251.51171875
8,25,19,19193,19451.45,258.44921875
9,9,19,19372,19355.334,16.666015625
2,13,10,20095,19777.945,317.0546875
9,13,16,16903,18958.684,2055.68359375
9,27,8,15098,15349.576,251.576171875
4,26,12,15735,15455.129,279.87109375
5,11,6,12617,13284.178,667.177734375
11,14,23,15339,15029.753,309.2470703125
9,7,23,18092,17920.969,171.03125
9,20,5,10935,10847.963,87.037109375
6,25,13,17681,18220.518,539.517578125
6,2,15,16007,16720.17,713.169921875
10,21,14,14975,15805.975,830.974609375
10,19,2,11795,11716.409,78.5908203125
5,19,0,12802,12643.852,158.1484375
2,11,1,14873,14662.353,210.6474609375
2,5,1,15170,15240.949,70.94921875
1,29,9,18127,17821.832,305.16796875
9,5,11,15129,15448.049,319.048828125
3,1,15,17994,17861.693,132.306640625
5,24,9,14625,15091.609,466.609375
12,30,2,13018,12720.388,297.6123046875
4,11,2,10593,11004.199,411.19921875
2,25,21,19242,19192.92,49.080078125
9,11,4,12746,12762.273,16.2734375
12,10,15,16497,16423.361,73.638671875
12,17,23,16824,16682.557,141.443359375
8,18,23,15154,16673.385,1519.384765625
9,2,2,13825,14571.393,746.392578125
8,1,8,15027,14764.211,262.7890625
3,17,1,13004,12460.131,543.869140625
2,4,2,14368,13487.995,880.0048828125
5,30,18,16219,16040.151,178.8486328125
11,30,7,15120,14433.817,686.1826171875
5,25,7,13317,13855.328,538.328125
7,1,2,13668,14176.207,508.20703125
7,15,1,14746,14818.965,72.96484375
10,27,9,15739,16035.664,296.6640625
2,17,7,14753,14478.723,274.27734375
4,30,17,14596,14616.766,20.765625
10,28,8,16791,16083.162,707.837890625
5,28,23,12693,12922.113,229.11328125
12,14,10,18094,18078.717,15.283203125
8,31,10,16217,16668.07,451.0703125
12,24,16,15597,16153.449,556.44921875
2,25,16,16426,16141.791,284.208984375
2,1,6,16481,16791.479,310.478515625
2,27,15,18520,17774.775,745.224609375
11,7,18,18228,17837.29,390.7109375
9,1,11,16864,16578.367,285.6328125
12,7,3,14101,14426.357,325.357421875
8,13,23,16235,16457.467,222.466796875
5,13,7,13629,14237.527,608.52734375
12,3,15,14372,15652.09,1280.08984375
10,10,21,15519,15470.714,48.2861328125
6,15,16,14147,13532.847,614.1533203125
3,24,10,16420,16589.455,169.455078125
9,13,12,15335,16943.945,1608.9453125
3,6,11,14421,14288.82,132.1796875
9,29,14,16258,16210.812,47.1884765625
5,15,22,13127,14017.402,890.40234375
12,16,7,13592,13511.504,80.49609375
8,27,5,14206,14497.863,291.86328125
11,20,19,19856,20191.02,335.01953125
6,8,17,14276,14678.532,402.5322265625
6,19,13,16432,17500.197,1068.197265625
9,25,23,13807,14698.708,891.7080078125
2,20,10,17318,17654.064,336.064453125
7,23,0,14359,13992.931,366.0693359375
7,14,6,12004,12324.074,320.07421875
8,29,10,18342,17803.545,538.455078125
2,23,12,19611,18853.197,757.802734375
9,14,6,13436,12774.951,661.048828125
7,3,17,15651,16367.832,716.83203125
11,13,6,12736,13193.273,457.2734375
12,9,1,14895,14873.288,21.7119140625
11,17,3,13001,12929.704,71.2958984375
5,31,19,20693,20483.885,209.115234375
12,5,8,15836,15697.0,139.0
2,12,18,19819,19224.324,594.67578125
9,8,8,19582,19116.42,465.580078125
1,16,3,15954,15872.739,81.2607421875
12,31,4,12521,12355.109,165.890625
2,16,23,15757,16028.391,271.390625
8,2,12,19582,19972.41,390.41015625
1,25,6,14538,14350.101,187.8994140625
4,5,22,14047,14738.416,691.416015625
9,26,8,15489,15193.876,295.1240234375
3,28,23,12515,13287.986,772.986328125
4,18,8,13079,12831.398,247.6015625
3,30,19,17939,18164.02,225.01953125
5,2,15,15069,15219.383,150.3828125
1,7,12,17075,17386.498,311.498046875
4,9,3,12765,12857.713,92.712890625
9,21,8,12854,12795.615,58.384765625
12,20,10,17674,18055.344,381.34375
1,19,22,18535,18768.951,233.951171875
7,12,12,16644,16541.133,102.8671875
11,19,20,18175,18634.322,459.322265625
5,18,8,15397,15596.384,199.3837890625
10,20,21,14590,14416.463,173.537109375
8,2,18,20561,19352.229,1208.771484375
11,3,14,14953,14837.102,115.8984375
1,26,21,18028,18230.443,202.443359375
4,2,10,13123,13668.555,545.5546875
10,8,4,11324,11646.68,322.6796875
12,6,6,13869,14519.006,650.005859375
2,12,20,18639,18610.785,28.21484375
9,13,4,13071,12665.01,405.990234375
1,7,20,18681,19231.518,550.517578125
4,17,0,13886,13444.594,441.40625
10,30,7,16361,15131.794,1229.2060546875
9,30,11,14376,14875.232,499.232421875
12,7,5,13572,13317.608,254.3916015625
2,3,15,17085,16762.098,322.90234375
11,9,18,16728,16380.229,347.771484375
12,7,22,17100,17364.637,264.63671875
1,27,13,16892,16285.82,606.1796875
3,24,7,15581,14678.7295,902.2705078125
4,15,5,11883,11825.156,57.84375
1,12,19,18658,18476.34,181.66015625
6,18,14,17719,17940.592,221.591796875
12,31,15,16418,16621.992,203.9921875
4,20,17,16592,16124.448,467.5517578125
2,14,2,15402,15311.834,90.166015625
8,27,17,20719,21358.223,639.22265625
4,28,20,15259,15597.454,338.4541015625
11,15,16,15671,15861.283,190.283203125
11,6,18,17793,17604.203,188.796875
6,20,22,16475,16183.676,291.32421875
10,8,9,13761,13280.564,480.435546875
11,7,5,12657,12689.838,32.837890625
2,18,6,14808,14337.131,470.869140625
9,11,4,12159,11877.292,281.7080078125
1,20,11,18066,17995.85,70.150390625
10,27,18,16154,16850.451,696.451171875
12,5,16,18148,17652.19,495.810546875
3,22,7,16337,15122.487,1214.5126953125
1,27,6,14296,14472.525,176.525390625
11,9,14,14608,14829.824,221.82421875
3,5,13,14960,15154.571,194.5712890625
5,6,4,11723,11179.686,543.314453125
6,17,15,19254,19076.99,177.009765625
10,13,13,14339,14719.625,380.625
2,20,10,18476,17912.371,563.62890625
8,16,2,13538,13581.485,43.4853515625
8,7,1,13106,12745.012,360.98828125
2,22,19,17863,17885.412,22.412109375
3,21,0,13911,13088.047,822.953125
4,5,15,14796,15309.682,513.681640625
10,3,14,13405,13947.547,542.546875
4,15,19,17919,18163.525,244.525390625
11,14,22,15573,15936.088,363.087890625
6,30,18,18471,18787.117,316.1171875
7,24,13,17649,17460.295,188.705078125
11,20,12,15280,15349.216,69.2158203125
9,5,9,15943,16193.672,250.671875
9,21,12,17277,18088.99,811.990234375
5,2,13,15120,14550.048,569.9521484375
1,9,12,15932,15696.627,235.373046875
9,9,23,15516,15063.17,452.830078125
12,29,14,16965,15881.168,1083.83203125
10,15,15,14193,14630.875,437.875
11,18,14,17406,16702.342,703.658203125
10,23,14,12397,13341.991,944.9912109375
1,29,2,14125,14014.296,110.7041015625
10,22,1,11774,11889.492,115.4921875
11,7,11,17051,17404.266,353.265625
8,11,19,18539,18197.35,341.650390625
4,11,15,14965,14675.507,289.4931640625
11,3,17,15872,16066.162,194.162109375
3,19,6,13422,12868.297,553.703125
7,4,7,11788,12184.995,396.9951171875
12,13,9,14656,14945.938,289.9384765625
3,16,10,17142,17369.748,227.748046875
3,31,17,15988,16275.232,287.232421875
5,16,20,16167,16996.209,829.208984375
11,26,10,16087,15656.355,430.64453125
7,19,23,17140,17957.115,817.115234375
5,8,10,12704,13543.871,839.87109375
6,29,11,15929,16436.217,507.216796875
7,4,22,16841,16893.318,52.318359375
12,19,22,18689,18110.07,578.9296875
9,29,3,11911,12646.628,735.6279296875
8,10,3,13006,12765.003,240.9970703125
12,14,22,17638,17196.268,441.732421875
9,24,19,15446,16590.066,1144.06640625
3,2,20,17920,18106.799,186.798828125
3,7,6,14582,14201.217,380.783203125
5,28,11,16752,17329.152,577.15234375
6,10,20,15959,16058.248,99.248046875
1,27,8,15879,15018.3,860.7001953125
11,27,15,16475,16366.742,108.2578125
11,19,18,20102,19395.084,706.916015625
11,11,1,13418,13329.744,88.255859375
1,10,19,18386,17702.53,683.470703125
2,5,8,18471,18536.297,65.296875
10,3,0,12251,12489.682,238.681640625
1,14,16,17060,17169.268,109.267578125
1,6,6,14206,14594.663,388.6630859375
12,26,23,14972,14520.98,451.01953125
7,6,12,21218,21241.385,23.384765625
10,26,12,13085,13770.639,685.638671875
2,2,15,18466,18615.01,149.009765625
10,17,16,16323,16622.193,299.193359375
3,10,18,16421,16545.662,124.662109375
9,20,2,11746,12103.017,357.0166015625
4,12,13,15837,15071.416,765.583984375
12,20,5,15550,14621.354,928.646484375
10,28,5,12484,12322.27,161.73046875
9,5,5,14979,15195.293,216.29296875
1,26,2,13619,13612.058,6.9423828125
1,18,14,19554,18194.662,1359.337890625
11,5,17,16680,15780.235,899.7646484375
8,6,9,16778,16218.725,559.275390625
10,28,4,13170,12545.059,624.94140625
6,29,19,18273,19443.12,1170.119140625
3,28,15,14508,14747.029,239.029296875
1,19,6,14503,14942.771,439.771484375
10,30,0,12107,12589.915,482.9150390625
8,8,22,19100,18670.78,429.220703125
10,13,18,16060,16539.488,479.48828125
8,5,3,12462,12221.082,240.91796875
3,5,7,18124,17679.326,444.673828125
6,20,12,22015,21057.178,957.822265625
4,16,16,13774,13795.066,21.06640625
12,13,1,12798,12519.383,278.6171875
8,15,14,18637,18594.559,42.44140625
7,31,9,15651,16075.551,424.55078125
8,16,4,12736,12858.478,122.4775390625
5,5,23,12642,12896.289,254.2890625
12,8,12,16956,15607.574,1348.42578125
9,2,12,18788,18695.025,92.974609375
12,3,6,13448,14216.871,768.87109375
2,25,15,17433,16853.959,579.041015625
11,23,2,13827,14245.01,418.009765625
1,23,2,14448,14948.58,500.580078125
3,26,8,18988,18741.334,246.666015625
3,18,22,16115,16313.166,198.166015625
11,13,12,14464,14764.89,300.8896484375
12,9,15,19693,18763.334,929.666015625
5,9,23,13313,13211.466,101.5341796875
1,14,7,17157,16988.877,168.123046875
11,4,17,17552,16904.041,647.958984375
9,7,12,14624,14551.703,72.296875
10,3,18,16417,16437.824,20.82421875
1,2,3,12435,13035.738,600.73828125
8,7,12,14298,16861.47,2563.470703125
9,17,12,16614,17629.672,1015.671875
6,13,16,15417,15789.303,372.302734375
8,27,0,11915,12297.37,382.3701171875
7,25,2,12973,13203.75,230.75
10,13,13,15239,14657.611,581.388671875
2,21,19,19062,17928.477,1133.5234375
8,24,0,15266,15187.745,78.2548828125
8,24,12,14259,14145.598,113.40234375
1,3,19,19015,19117.717,102.716796875
4,22,1,12398,12608.257,210.2568359375
4,18,2,12316,12362.808,46.8076171875
5,2,10,15901,15166.273,734.7265625
3,13,8,18114,17094.256,1019.744140625
3,21,9,15536,16640.014,1104.013671875
10,30,0,13270,13380.986,110.986328125
9,21,14,19120,20531.72,1411.720703125
11,4,15,14034,14984.021,950.021484375
5,28,5,12593,13259.655,666.6552734375
6,17,10,17258,17574.861,316.861328125
9,17,6,13474,13823.754,349.75390625
9,19,4,13228,12987.73,240.26953125
9,14,15,17262,18539.105,1277.10546875
8,14,8,15346,14912.412,433.587890625
11,7,12,14882,15356.273,474.2734375
4,27,19,15116,15696.268,580.267578125
8,23,22,16002,15832.616,169.3837890625
12,8,15,18513,18971.324,458.32421875
5,25,21,17621,17598.332,22.66796875
1,24,15,16380,16185.248,194.751953125
11,20,7,15331,15316.447,14.552734375
12,5,3,12493,12631.944,138.9443359375
5,13,13,15638,15770.512,132.51171875
2,11,7,17166,16985.23,180.76953125
11,18,7,15851,15762.082,88.91796875
3,25,14,17232,16813.283,418.716796875
2,19,13,15860,15238.159,621.8408203125
4,25,13,14174,14374.908,200.908203125
10,14,1,12332,11902.766,429.234375
11,5,3,12266,11769.121,496.87890625
3,29,19,17659,17628.209,30.791015625
4,25,7,13736,13103.698,632.3017578125
9,6,13,18928,18762.79,165.2109375
10,26,16,16517,16603.234,86.234375
7,6,11,16515,16613.357,98.357421875
9,11,3,12468,12181.857,286.142578125
2,28,23,17518,17304.387,213.61328125
5,14,2,11343,11819.395,476.39453125
8,24,1,15639,15746.529,107.529296875
7,5,20,20673,21283.615,610.615234375
9,22,15,17397,18400.377,1003.376953125
10,2,8,14894,14991.957,97.95703125
3,4,1,15904,15522.384,381.6162109375
11,10,14,14533,15403.036,870.0361328125
4,12,12,15392,15340.682,51.318359375
2,4,9,17632,17750.264,118.263671875
11,8,14,16824,16176.256,647.744140625
11,27,19,18757,18488.285,268.71484375
7,11,19,19434,19329.086,104.9140625
9,8,8,12214,12393.068,179.068359375
3,29,22,16794,16774.582,19.41796875
4,11,3,13155,13024.251,130.7490234375
2,9,23,17411,17260.219,150.78125
6,24,9,16155,16111.423,43.5771484375
2,14,22,17074,16798.248,275.751953125
8,28,18,20296,20416.85,120.849609375
2,20,11,16854,17614.785,760.78515625
6,10,14,16544,16382.338,161.662109375
6,17,17,21486,21379.256,106.744140625
1,18,7,16699,17117.076,418.076171875
2,7,23,16369,16376.287,7.287109375
3,29,11,14337,14483.639,146.638671875
8,30,11,15207,15472.992,265.9921875
10,2,10,15858,15735.402,122.59765625
4,6,7,15218,14910.341,307.6591796875
11,2,0,13698,13503.99,194.009765625
9,21,15,14102,14838.117,736.1171875
1,23,1,15131,14991.137,139.86328125
11,25,4,13356,12788.598,567.40234375
3,10,19,17256,16445.701,810.298828125
12,21,14,16613,16284.953,328.046875
6,15,10,14027,13638.658,388.341796875
6,16,22,15404,15752.135,348.134765625
9,3,22,17567,16779.678,787.322265625
4,5,3,14001,14499.808,498.8076171875
5,8,19,13317,14023.174,706.173828125
12,3,4,14778,14069.754,708.24609375
9,4,8,14319,13961.271,357.728515625
1,18,14,18248,17949.182,298.818359375
8,6,23,16718,17202.322,484.322265625
4,9,18,16450,17192.729,742.728515625
11,16,8,15663,15512.666,150.333984375
2,23,18,18001,18470.072,469.072265625
10,1,18,15771,16081.498,310.498046875
3,28,21,16314,16730.63,416.630859375
11,25,0,14201,14266.779,65.779296875
11,10,20,15873,16306.931,433.9306640625
6,8,8,12367,12509.478,142.4775390625
7,18,10,16210,16602.879,392.87890625
10,24,4,11652,11785.028,133.0283203125
2,27,9,17801,17589.09,211.91015625
8,16,13,17156,17663.795,507.794921875
6,30,14,14582,14337.805,244.1953125
2,7,3,14500,14812.072,312.072265625
1,20,12,18034,17771.418,262.58203125
2,21,5,12993,13302.448,309.4482421875
8,31,12,18185,17925.973,259.02734375
11,8,4,11881,11741.709,139.291015625
8,14,12,17817,17167.43,649.5703125
11,28,12,17469,17527.146,58.146484375
8,25,12,16996,16668.422,327.578125
10,15,16,16359,16284.021,74.978515625
2,5,17,18066,17861.438,204.5625
6,13,1,11648,11815.473,167.47265625
10,14,8,15233,14861.142,371.8583984375
11,13,11,17045,17464.492,419.4921875
11,26,15,16720,16339.728,380.2724609375
10,10,17,16349,16147.669,201.3310546875
5,8,5,10930,10833.4795,96.5205078125
9,25,16,16692,16886.56,194.560546875
3,5,3,12848,13094.777,246.77734375
10,28,22,14707,14847.387,140.38671875
4,9,12,15422,15832.78,410.7802734375
10,2,4,11432,11021.91,410.08984375
11,11,4,13872,13222.669,649.3310546875
1,5,7,17974,17600.701,373.298828125
12,18,22,18841,17957.459,883.541015625
7,29,16,21351,21485.07,134.0703125
2,25,19,20762,20704.652,57.34765625
11,12,7,16179,15427.453,751.546875
12,30,10,16152,16297.538,145.5380859375
11,26,17,17993,18139.715,146.71484375
1,12,0,16548,16229.14,318.8603515625
8,19,8,17348,17879.717,531.716796875
11,25,23,15238,14552.445,685.5546875
10,15,18,16615,16468.275,146.724609375
3,14,13,15703,16078.271,375.271484375
5,30,7,11144,11845.898,701.8984375
2,14,7,15904,16046.233,142.2333984375
4,10,1,13759,14014.4375,255.4375
3,6,7,13434,12467.548,966.4521484375
10,3,12,16234,15538.838,695.162109375
1,22,3,16683,16317.977,365.0234375
10,10,3,10670,11043.66,373.66015625
1,20,1,14761,14974.567,213.5673828125
6,11,18,17903,17318.541,584.458984375
7,5,17,19140,19571.686,431.685546875
4,28,17,14403,14286.27,116.73046875
8,27,14,18050,17692.168,357.83203125
10,9,2,12777,12880.428,103.427734375
3,6,12,13685,13100.4,584.599609375
2,2,17,17910,18134.262,224.26171875
8,27,0,15292,15028.204,263.7958984375
7,21,7,17163,16819.877,343.123046875
11,21,3,13841,13583.311,257.689453125
9,5,14,18993,19071.299,78.298828125
4,1,6,14620,14409.02,210.98046875
2,1,8,17680,18281.322,601.322265625
3,16,0,13809,13763.213,45.787109375
8,5,0,13712,13710.717,1.283203125
10,27,23,13979,14504.297,525.296875
5,4,17,13657,13829.164,172.1640625
8,20,5,13215,13142.22,72.7802734375
10,22,0,12554,12450.574,103.42578125
10,25,20,17073,17415.219,342.21875
12,12,2,12695,12523.855,171.14453125
8,26,8,17633,17153.877,479.123046875
5,15,16,15075,15080.6045,5.6044921875
11,30,8,15720,14608.543,1111.45703125
9,22,0,12285,12907.368,622.3681640625
10,11,2,11421,11970.069,549.0693359375
2,11,14,18734,18822.61,88.609375
11,13,8,17555,17112.523,442.4765625
3,11,4,14524,14879.761,355.7607421875
1,23,0,15684,15251.328,432.671875
5,22,6,10660,11263.059,603.05859375
4,16,14,12742,12804.398,62.3984375
5,16,18,14309,14638.664,329.6640625
3,23,16,16419,16009.258,409.7421875
4,20,13,14397,14739.801,342.80078125
1,18,9,17422,17665.553,243.552734375
4,10,4,12495,12109.085,385.9150390625
7,9,13,16543,16154.449,388.55078125
12,12,3,15230,14601.38,628.6201171875
6,22,23,16276,15658.6045,617.3955078125
11,16,8,15853,15928.762,75.76171875
2,20,14,19164,19096.35,67.650390625
4,17,23,14434,13990.101,443.8994140625
10,17,8,15024,14522.912,501.087890625
10,9,6,13127,13076.914,50.0859375
12,26,16,13980,14625.451,645.451171875
6,20,1,12082,12523.361,441.361328125
8,6,3,13375,13855.906,480.90625
10,14,6,13273,13584.337,311.3369140625
1,3,0,14236,14340.941,104.94140625
12,6,14,17699,18130.307,431.306640625
5,4,2,12053,11853.975,199.025390625
1,26,23,16597,17102.49,505.490234375
4,9,22,14500,14596.291,96.291015625
10,5,22,13889,13412.223,476.77734375
5,13,9,15997,15364.744,632.255859375
9,17,14,15632,15107.037,524.962890625
8,4,4,13368,13222.43,145.5703125
3,1,7,14966,14674.979,291.021484375
9,16,0,13681,14548.652,867.65234375
8,4,19,20194,19938.072,255.927734375
3,19,0,13873,13741.6875,131.3125
2,7,1,16022,15561.375,460.625
12,17,21,19076,18403.729,672.271484375
6,3,2,14126,14565.685,439.6845703125
10,11,7,11808,11811.032,3.0322265625
2,17,23,15593,15433.5,159.5
7,30,2,16179,16498.049,319.048828125
12,4,1,14766,14617.822,148.177734375
11,7,20,17732,18309.48,577.48046875
8,1,14,18257,19127.74,870.740234375
3,8,19,18250,18222.676,27.32421875
4,25,3,11773,12365.49,592.490234375
9,15,12,15294,15336.859,42.859375
5,6,23,12614,12155.045,458.955078125
3,6,21,19614,18698.11,915.890625
5,6,18,15500,15524.486,24.486328125
8,26,16,16639,17003.346,364.345703125
12,19,8,18841,18556.678,284.322265625
7,24,13,20928,21297.023,369.0234375
5,18,2,11475,11590.879,115.87890625
3,24,11,17983,18174.955,191.955078125
9,15,6,13569,12919.025,649.974609375
1,6,19,19778,19642.012,135.98828125
10,27,18,16470,16667.602,197.6015625
3,5,2,14756,14904.073,148.0732421875
7,24,16,20356,20318.428,37.572265625
11,21,19,19568,19639.008,71.0078125
3,25,3,13367,13204.355,162.64453125
8,1,17,16984,16632.32,351.6796875
3,29,19,16815,15923.552,891.4482421875
1,17,4,14591,14271.069,319.9306640625
2,27,0,16956,16572.367,383.6328125
1,1,9,13558,13791.797,233.796875
7,9,16,16591,16636.732,45.732421875
7,8,6,13682,13800.682,118.681640625
9,9,22,17958,17763.658,194.341796875
6,25,1,12168,12439.901,271.9013671875
7,12,3,13445,13371.67,73.330078125
8,6,6,14777,14342.07,434.9296875
12,29,7,13257,12956.893,300.107421875
5,24,12,14600,15042.486,442.486328125
12,22,22,18274,17991.412,282.587890625
8,8,5,12602,12897.275,295.275390625
10,13,10,12573,13037.984,464.984375
8,29,0,15375,14783.271,591.728515625
10,15,22,13245,13254.205,9.205078125
7,19,20,18228,18364.06,136.060546875
5,1,4,12258,11459.115,798.884765625
2,19,20,19170,19233.873,63.873046875
3,5,16,17655,17889.596,234.595703125
7,10,13,16547,16350.29,196.7099609375
12,16,9,15429,14959.051,469.94921875
11,5,12,15202,15529.766,327.765625
6,27,13,18878,18524.488,353.51171875
8,25,15,20025,19672.062,352.9375
10,5,11,14944,15350.198,406.1982421875
7,11,0,16351,16177.42,173.580078125
6,21,10,15715,15407.65,307.349609375
1,12,10,18379,17948.799,430.201171875
3,24,16,14431,14486.285,55.28515625
10,2,21,17606,17446.621,159.37890625
12,12,10,17482,17660.004,178.00390625
10,7,2,11230,12000.401,770.4013671875
6,22,16,15984,15960.8125,23.1875
5,3,12,14240,14300.641,60.640625
1,25,22,17939,18025.479,86.478515625
7,28,8,18094,17540.37,553.630859375
3,3,0,14300,13491.449,808.55078125
11,10,8,13200,12978.689,221.310546875
4,17,1,13718,13195.207,522.79296875
9,13,1,13485,13178.8125,306.1875
12,31,4,14225,14196.477,28.5234375
4,1,8,16030,16416.1,386.099609375
5,9,14,14617,14829.928,212.927734375
10,13,2,12536,12448.418,87.58203125
4,15,16,14178,14862.348,684.34765625
12,12,11,16303,16473.338,170.337890625
8,18,0,14090,14658.747,568.7470703125
7,25,1,13198,13996.0,798.0
3,31,21,15392,15449.73,57.73046875
6,15,8,13335,14108.84,773.83984375
1,6,11,18173,18004.09,168.91015625
10,20,3,12075,11539.814,535.185546875
11,15,18,17417,17250.182,166.818359375
6,21,22,19558,19220.516,337.484375
2,17,21,19558,19059.514,498.486328125
2,12,21,19119,19507.127,388.126953125
10,15,20,15840,16155.026,315.0263671875
2,6,6,14908,14865.349,42.6513671875
3,5,0,14881,14313.248,567.751953125
11,26,6,13402,12946.391,455.609375
1,29,15,16555,16892.908,337.908203125
12,19,20,17477,17313.69,163.310546875
6,3,8,14640,14262.633,377.3671875
4,25,16,16164,15188.507,975.4931640625
6,22,9,13154,13306.716,152.7158203125
11,24,20,16531,16123.305,407.6953125
7,3,5,13708,13646.234,61.765625
3,4,21,17507,16907.979,599.021484375
12,3,12,17058,17304.615,246.615234375
8,20,1,13601,13648.877,47.876953125
8,4,15,18432,19563.69,1131.689453125
3,20,19,15876,15403.282,472.7177734375
5,21,18,16060,16545.482,485.482421875
7,26,10,18711,18528.29,182.7109375
6,10,16,16206,15688.179,517.8212890625
2,3,8,17520,17230.469,289.53125
8,23,0,13583,13428.703,154.296875
12,23,7,13971,13641.092,329.908203125
9,12,12,17574,18226.885,652.884765625
11,8,0,13739,12900.273,838.7265625
6,15,2,12883,13212.399,329.3994140625
11,20,18,19393,19198.7,194.30078125
1,11,18,19657,17966.344,1690.65625
12,10,16,16481,17811.268,1330.267578125
9,14,14,17776,17466.057,309.943359375
10,15,9,13693,13899.139,206.138671875
4,29,17,14634,15388.383,754.3828125
2,27,5,13489,13801.294,312.2939453125
8,5,7,16066,16618.12,552.119140625
9,25,15,16369,16001.615,367.384765625
1,19,18,20586,19646.732,939.267578125
11,24,4,13041,12762.621,278.37890625
10,10,22,13002,13232.547,230.546875
5,5,10,14656,15174.435,518.4345703125
3,24,21,17192,16816.889,375.111328125
1,15,15,18897,18876.21,20.7890625
12,28,4,14064,13109.243,954.7568359375
12,10,2,14786,14836.121,50.12109375
8,17,17,19441,18663.826,777.173828125
8,11,6,13792,13963.733,171.7333984375
6,27,8,18950,17754.049,1195.951171875
3,5,18,17641,17212.1,428.900390625
2,7,14,17797,17579.824,217.17578125
5,24,8,14629,14612.406,16.59375
10,9,0,12559,12242.393,316.607421875
5,7,21,14478,15329.814,851.814453125
7,28,10,16691,16958.914,267.9140625
6,27,12,16880,17077.744,197.744140625
3,30,5,14122,13231.689,890.310546875
10,26,8,12738,12109.05,628.9501953125
6,26,9,17216,17515.191,299.19140625
6,2,7,13350,13817.837,467.8369140625
10,26,8,16248,16292.742,44.7421875
12,13,3,14497,14764.649,267.6494140625
5,11,19,14496,15538.585,1042.5849609375
3,23,1,13218,13769.715,551.71484375
9,20,19,17965,18448.771,483.771484375
2,22,15,15848,15034.109,813.890625
12,8,6,14783,14747.213,35.787109375
10,15,15,14394,15112.578,718.578125
9,27,12,14438,14877.1045,439.1044921875
10,3,21,15647,15543.469,103.53125
8,23,11,17886,18290.283,404.283203125
11,4,10,14875,14662.488,212.51171875
9,29,22,13277,12954.281,322.71875
2,23,15,17543,17664.105,121.10546875
10,29,2,12172,12151.204,20.7958984375
5,2,14,12709,13080.779,371.779296875
5,8,16,12888,13977.968,1089.9677734375
6,24,18,18100,18461.635,361.634765625
5,18,3,11271,11484.632,213.6318359375
1,3,2,14369,14715.088,346.087890625
3,28,11,14862,14362.98,499.01953125
12,20,23,17721,17014.18,706.8203125
5,30,14,18836,19013.385,177.384765625
1,6,3,15873,15858.879,14.12109375
9,15,3,11935,11701.887,233.11328125
1,31,18,17485,16530.863,954.13671875
7,19,3,12677,12889.349,212.3486328125
3,6,9,16671,16429.709,241.291015625
2,10,11,17799,17631.701,167.298828125
8,17,22,20256,20089.555,166.4453125
2,13,23,17112,16913.842,198.158203125
5,29,14,11773,11954.347,181.3466796875
11,11,12,15427,15618.203,191.203125
3,21,13,14899,15595.738,696.73828125
11,9,23,14499,14927.5,428.5
11,29,20,16081,16027.639,53.361328125
3,26,11,15203,15414.095,211.0947265625
3,13,11,15565,15302.09,262.91015625
1,11,14,17318,16604.115,713.884765625
6,13,16,19325,19303.03,21.970703125
1,8,19,18682,18493.635,188.365234375
11,26,1,14159,13719.568,439.431640625
3,19,17,18687,18210.37,476.630859375
10,10,1,12192,13098.111,906.111328125
4,18,18,13513,14206.104,693.103515625
4,8,3,11319,12209.156,890.15625
11,5,16,14580,14781.214,201.2138671875
4,14,16,16513,16225.882,287.1181640625
3,20,9,17835,16839.451,995.548828125
7,14,11,18791,19205.725,414.724609375
8,23,4,12823,12621.195,201.8046875
9,19,18,16327,16994.416,667.416015625
9,25,5,12687,13068.307,381.306640625
6,22,15,20228,20478.248,250.248046875
10,14,8,13682,13654.83,27.169921875
10,27,16,15208,15902.594,694.59375
3,22,14,14655,15133.453,478.453125
1,26,1,15521,15159.768,361.232421875
10,20,9,13576,13621.118,45.1181640625
11,24,13,16655,15969.848,685.15234375
6,14,1,12482,12789.178,307.177734375
3,21,5,13239,12758.206,480.7939453125
10,15,22,13502,13857.83,355.830078125
12,21,1,14360,14030.485,329.5146484375
2,2,21,17998,17775.459,222.541015625
2,17,21,18983,18560.096,422.904296875
6,7,14,15980,16768.004,788.00390625
2,2,14,16758,16986.223,228.22265625
2,21,23,17966,17170.533,795.466796875
2,8,3,14135,13602.871,532.12890625
2,26,12,19346,18220.85,1125.150390625
1,26,0,15392,14969.678,422.322265625
8,14,16,18917,18479.717,437.283203125
2,24,12,19624,19109.967,514.033203125
10,1,11,14038,15186.604,1148.603515625
11,1,11,15679,15465.687,213.3134765625
10,21,10,16178,15757.73,420.26953125
12,12,1,14848,14782.785,65.21484375
4,24,8,13919,14532.758,613.7578125
12,9,8,17655,17817.09,162.08984375
5,16,4,12645,12734.676,89.67578125
10,4,2,13330,13751.659,421.6591796875
1,7,9,19774,19123.918,650.08203125
3,1,13,17637,17472.518,164.482421875
10,6,17,15741,15397.684,343.31640625
8,31,20,18530,19236.729,706.728515625
5,11,0,12092,12249.809,157.80859375
12,7,9,15353,15527.656,174.65625
1,25,1,14551,14916.129,365.12890625
5,31,12,13312,12711.902,600.09765625
6,29,9,19776,19787.412,11.412109375
11,28,5,12609,12183.626,425.3740234375
2,16,20,19344,19016.744,327.255859375
1,6,17,18054,18180.893,126.892578125
10,31,10,14973,15622.112,649.1123046875
1,2,0,14682,15167.268,485.267578125
7,6,17,18217,18902.736,685.736328125
8,13,1,14343,14481.81,138.8095703125
9,4,19,16083,16628.502,545.501953125
1,5,11,18552,18514.69,37.310546875
8,9,17,20658,19574.732,1083.267578125
1,27,4,15806,14781.195,1024.8046875
2,14,1,16020,15863.007,156.9931640625
1,18,19,18929,18331.955,597.044921875
6,22,22,14344,14527.73,183.73046875
3,10,22,16991,16302.939,688.060546875
6,12,7,13277,13759.83,482.830078125
6,25,21,18695,18183.57,511.4296875
10,12,13,14844,15184.045,340.044921875
11,3,18,17206,16824.492,381.5078125
4,6,9,13382,15253.3125,1871.3125
12,22,15,17453,17323.201,129.798828125
2,3,23,16411,16590.527,179.52734375
6,10,4,11996,11936.963,59.037109375
11,8,3,11694,11641.821,52.1787109375
3,25,4,14194,13936.896,257.103515625
5,27,10,13089,12968.756,120.244140625
2,26,7,15642,15739.813,97.8134765625
8,19,3,12329,12125.252,203.748046875
4,20,8,14804,14252.891,551.109375
6,15,12,17577,18030.81,453.810546875
4,4,19,16778,17290.006,512.005859375
12,28,23,15373,15922.676,549.67578125
10,31,22,14970,15012.651,42.6513671875
7,22,10,18091,17262.604,828.396484375
2,24,20,19625,19771.559,146.55859375
7,10,18,16289,16909.012,620.01171875
12,25,2,13263,13001.071,261.9287109375
8,9,10,16353,16123.096,229.904296875
1,29,3,13946,13757.207,188.79296875
12,12,20,19426,20042.045,616.044921875
9,3,16,16914,16599.945,314.0546875
1,25,8,17680,17543.451,136.548828125
4,23,23,14749,14515.193,233.806640625
11,21,9,14738,14915.748,177.748046875
4,26,13,15057,15241.92,184.919921875
8,20,19,21246,22094.988,848.98828125
8,3,21,20960,21044.576,84.576171875
12,14,10,17260,17741.693,481.693359375
3,25,19,15796,15940.361,144.361328125
5,16,1,11870,11837.031,32.96875
8,1,15,19198,19430.637,232.63671875
6,29,15,16015,17378.545,1363.544921875
8,6,2,14024,13942.864,81.1357421875
1,25,14,15847,16475.127,628.126953125
8,31,11,18897,19117.178,220.177734375
12,26,5,14075,13810.899,264.1005859375
11,10,16,15296,15522.819,226.8193359375
10,6,18,15671,16159.748,488.748046875
10,30,3,12644,12542.649,101.3505859375
4,19,9,12353,12848.245,495.2451171875
1,30,18,18860,18995.928,135.927734375
6,18,16,20659,20702.71,43.7109375
7,16,1,13676,14112.576,436.576171875
6,4,11,15491,15355.543,135.45703125
5,16,13,14133,13556.766,576.234375
9,30,13,12911,13393.182,482.181640625
8,17,12,18820,18939.719,119.71875
9,5,19,19344,18510.588,833.412109375
8,21,12,20182,19829.982,352.017578125
7,19,6,13755,14492.227,737.2265625
2,29,15,15493,15746.842,253.841796875
3,11,10,14993,14786.695,206.3046875
10,17,6,13791,12955.49,835.509765625
12,27,22,16715,17047.031,332.03125
4,19,20,13942,14232.91,290.91015625
3,16,21,16335,16412.822,77.822265625
9,21,15,15589,16076.344,487.34375
6,24,9,14198,14312.809,114.80859375
6,1,2,14244,13904.525,339.474609375
11,30,11,16290,16019.205,270.794921875
4,15,7,12608,12497.058,110.9423828125
9,10,21,15838,15724.993,113.0068359375
1,30,8,18739,18460.441,278.55859375
12,22,14,17725,17540.588,184.412109375
2,2,17,17863,17676.062,186.9375
2,6,14,17566,17796.457,230.45703125
10,3,5,11541,11689.499,148.4990234375
5,12,6,12766,13233.951,467.951171875
10,21,13,13463,13559.169,96.1689453125
4,22,15,11992,12616.939,624.939453125
2,3,13,16280,16317.901,37.9013671875
7,26,4,12659,13645.654,986.654296875
10,22,6,14496,13855.498,640.501953125
9,30,9,16236,15765.211,470.7890625
9,2,2,13067,12884.678,182.322265625
12,17,21,18520,18957.19,437.189453125
1,30,21,20672,21644.615,972.615234375
9,5,0,12933,13041.172,108.171875
9,19,6,14464,14736.006,272.005859375
10,17,18,16755,17132.568,377.568359375
1,25,19,21000,21802.941,802.94140625
1,23,20,19184,19258.791,74.791015625
4,25,11,14511,14515.838,4.837890625
6,19,22,15458,15345.459,112.541015625
8,11,21,17781,17214.824,566.17578125
12,24,3,14791,15411.715,620.71484375
5,14,6,13035,13324.418,289.41796875
3,27,0,13095,13597.325,502.3251953125
4,17,9,15120,14995.947,124.052734375
1,8,2,14460,14516.074,56.07421875
11,22,21,16564,16191.048,372.9521484375
4,2,1,13183,13392.472,209.4716796875
4,16,5,10227,10357.648,130.6484375
9,10,22,14691,15254.584,563.583984375
6,6,2,11827,12143.751,316.7509765625
7,11,9,18266,17941.846,324.154296875
8,25,19,16702,17804.146,1102.146484375
7,20,7,14769,14006.9375,762.0625
11,5,13,14979,15830.645,851.64453125
2,12,6,16337,15550.694,786.3056640625
12,9,5,14933,15079.4795,146.4794921875
11,17,8,14676,14677.99,1.990234375
3,2,10,16701,16335.545,365.455078125
2,16,19,18571,17840.05,730.94921875
4,18,1,12632,13277.78,645.7802734375
12,28,21,16559,16473.158,85.841796875
10,5,8,13417,12403.82,1013.1796875
1,3,19,17228,17464.121,236.12109375
12,20,12,19335,18316.578,1018.421875
11,7,0,12617,12388.862,228.1376953125
2,26,1,15448,14748.016,699.984375
7,25,10,18881,18997.654,116.654296875
1,26,10,18058,17849.764,208.236328125
12,9,11,16703,17245.916,542.916015625
8,3,12,15833,16406.496,573.49609375
1,23,3,14384,14471.455,87.455078125
1,28,6,14455,14035.429,419.5712890625
5,19,5,12297,12598.681,301.6806640625
1,22,2,15408,15072.435,335.5654296875
10,24,5,12170,12266.661,96.6611328125
11,25,14,16586,16329.306,256.6943359375
11,30,20,18003,18188.385,185.384765625
6,11,9,14343,15177.898,834.8984375
4,19,2,11558,11910.246,352.24609375
4,22,5,13351,13080.249,270.7509765625
12,21,20,17984,17898.174,85.826171875
7,1,11,16498,15843.77,654.23046875
12,30,2,14008,13766.801,241.19921875
10,5,20,16366,16956.104,590.103515625
5,6,9,14329,14550.421,221.4208984375
7,30,6,12929,13959.088,1030.087890625
12,9,21,18531,18411.992,119.0078125
9,11,7,15476,14566.689,909.310546875
5,17,20,15549,15548.378,0.6220703125
8,18,11,16896,16360.369,535.630859375
10,28,12,14467,14575.348,108.34765625
9,24,15,13174,13258.498,84.498046875
6,4,0,12460,12824.391,364.390625
6,14,19,13596,13985.597,389.5966796875
10,2,3,11027,11288.609,261.609375
9,3,1,12606,12890.48,284.48046875
12,17,12,17967,17111.129,855.87109375
9,19,3,10860,10995.636,135.6357421875
4,23,13,11988,11990.198,2.1982421875
6,28,4,13781,13968.451,187.451171875
9,22,12,13133,13632.378,499.3779296875
12,11,1,14631,14403.672,227.328125
7,12,23,15340,15258.391,81.609375
6,18,8,14123,14635.127,512.126953125
4,12,10,15353,15408.126,55.1259765625
12,16,19,19583,19547.715,35.28515625
6,29,5,12657,13116.801,459.80078125
8,3,16,19345,20147.643,802.642578125
7,28,19,20645,20574.541,70.458984375
1,27,12,17448,16718.887,729.11328125
10,4,1,12197,12278.488,81.48828125
12,20,10,18851,18086.145,764.85546875
9,30,2,11576,11961.969,385.96875
1,8,5,14133,14610.59,477.58984375
11,25,2,12928,12965.626,37.6259765625
9,1,16,21280,21097.752,182.248046875
2,19,14,16770,16920.676,150.67578125
12,21,11,17863,17711.709,151.291015625
3,12,20,17519,17565.94,46.939453125
2,23,19,16832,17708.25,876.25
7,29,9,16532,17062.271,530.271484375
3,10,15,16393,15974.467,418.533203125
7,10,3,12294,11976.998,317.001953125
4,18,0,12236,11638.57,597.4296875
1,13,0,16441,15545.922,895.078125
4,9,22,13157,13592.617,435.6171875
2,6,8,18079,18412.736,333.736328125
3,27,14,15679,16202.808,523.8076171875
5,6,16,13774,13756.09,17.91015625
6,8,10,14406,14327.62,78.3798828125
7,15,3,13729,14209.722,480.7216796875
7,26,14,20571,20312.75,258.25
9,1,5,13085,13079.301,5.69921875
11,25,15,15539,16131.151,592.1513671875
6,28,0,13328,13113.416,214.583984375
12,28,1,14557,14290.469,266.53125
8,28,7,13371,13454.334,83.333984375
5,14,11,15640,15651.088,11.087890625
1,29,10,17714,18238.834,524.833984375
11,27,14,16332,16485.994,153.994140625
3,19,12,16129,15912.318,216.681640625
11,17,13,15979,15642.19,336.8095703125
3,28,8,18112,17287.816,824.18359375
10,18,14,14613,14937.522,324.5224609375
8,11,15,17935,18841.436,906.435546875
1,28,19,17761,18002.248,241.248046875
10,13,17,14322,14598.433,276.4326171875
12,12,10,19534,19168.088,365.912109375
4,13,20,15731,16198.399,467.3994140625
12,22,12,16908,16728.217,179.783203125
10,26,10,15405,16123.469,718.46875
12,11,18,18262,18034.693,227.306640625
5,28,14,14085,14843.5,758.5
12,5,6,13948,14125.449,177.44921875
6,9,23,14623,14410.25,212.75
1,28,9,15577,15362.97,214.0302734375
12,6,19,17508,17552.562,44.5625
8,22,7,16143,16102.092,40.908203125
12,11,10,16878,16609.371,268.62890625
3,8,17,16097,16179.757,82.7568359375
1,31,12,18697,18057.018,639.982421875
12,30,1,13472,13141.151,330.8486328125
4,3,15,16388,15952.604,435.396484375
3,2,1,13662,13481.984,180.015625
4,15,5,10973,11194.942,221.9423828125
6,15,12,13835,14412.43,577.4296875
1,19,6,14646,14531.834,114.166015625
9,12,6,11643,11672.691,29.69140625
4,19,15,12570,12914.865,344.865234375
4,11,19,16869,17378.445,509.4453125
12,1,7,15435,15105.037,329.962890625
7,10,7,15345,15311.924,33.076171875
9,21,10,14828,15359.639,531.638671875
10,26,4,12314,12096.861,217.138671875
10,1,7,12742,12190.426,551.57421875
8,23,7,15015,14724.66,290.33984375
9,27,20,16331,17805.271,1474.271484375
7,29,20,16458,17374.137,916.13671875
10,6,10,14553,14307.77,245.23046875
6,20,9,16057,16357.763,300.7626953125
2,3,23,17066,17124.564,58.564453125
2,6,21,18794,18341.568,452.431640625
9,2,17,15544,15116.946,427.0537109375
6,15,8,12526,12646.236,120.236328125
1,10,13,18082,17985.756,96.244140625
9,6,1,13821,14066.688,245.6884765625
10,3,20,17589,17424.094,164.90625
4,4,6,12765,12516.31,248.6904296875
3,3,22,15853,15047.293,805.70703125
12,12,13,18158,17764.947,393.052734375
7,30,1,13734,13857.52,123.51953125
7,16,12,19260,19729.654,469.654296875
3,9,15,15414,15057.504,356.49609375
1,25,2,14231,14427.662,196.662109375
1,3,21,17992,18069.117,77.1171875
6,29,9,15630,15403.473,226.52734375
12,19,20,19703,18932.342,770.658203125
9,17,2,11774,12223.432,449.431640625
7,16,20,16463,17180.11,717.109375
1,16,20,18522,19056.78,534.779296875
2,26,13,17220,17897.654,677.654296875
7,26,13,20003,19990.855,12.14453125
10,25,16,13898,14076.385,178.384765625
2,2,14,16097,16544.56,447.560546875
10,28,3,11423,12130.742,707.7421875
4,23,0,12080,12063.832,16.16796875
7,5,7,14389,13894.0,495.0
3,5,7,17314,16850.682,463.318359375
10,19,12,14955,15053.598,98.59765625
7,26,1,14019,14406.77,387.76953125
7,30,4,12694,12599.389,94.611328125
1,1,20,16385,16738.865,353.865234375
10,23,17,16601,16448.982,152.017578125
8,17,21,18510,18359.6,150.400390625
7,5,11,14947,14735.39,211.6103515625
4,10,10,12192,13358.09,1166.08984375
1,16,5,13332,13726.691,394.69140625
10,24,8,13234,13419.614,185.6142578125
2,24,10,18678,18317.611,360.388671875
2,14,9,16599,16169.504,429.49609375
9,9,15,12407,12974.969,567.96875
6,30,1,13030,13845.396,815.396484375
12,14,15,17638,17665.475,27.474609375
11,13,1,14559,14002.77,556.23046875
5,7,14,13862,14192.645,330.64453125
1,23,8,18494,17746.277,747.72265625
8,25,1,12130,12098.751,31.2490234375
8,19,18,17275,17252.928,22.072265625
7,22,9,20275,20076.537,198.462890625
10,1,16,15874,15660.336,213.6640625
10,14,17,15273,15104.461,168.5390625
12,22,18,19278,19010.568,267.431640625
10,29,14,14403,14447.383,44.3828125
6,19,0,15493,15472.851,20.1494140625
11,13,7,16570,15635.569,934.4306640625
11,4,12,15624,16413.488,789.48828125
3,27,10,14908,16361.768,1453.767578125
3,5,0,14473,14018.996,454.00390625
10,6,7,11841,11916.373,75.373046875
10,19,7,15900,15137.416,762.583984375
11,13,22,16617,16188.015,428.9853515625
10,26,9,16262,15881.672,380.328125
3,22,9,16519,15838.109,680.890625
3,25,6,13058,12544.0205,513.9794921875
10,1,10,14055,13621.691,433.30859375
2,18,20,17987,17805.828,181.171875
11,11,0,14324,13575.248,748.751953125
4,2,21,16731,16818.05,87.05078125
3,26,2,13908,13092.682,815.318359375
11,11,4,12981,12537.45,443.5498046875
2,20,12,15997,16286.193,289.193359375
7,1,14,15551,15774.477,223.4765625
7,24,13,18046,18790.986,744.986328125
11,5,22,14838,15195.478,357.4775390625
5,1,19,14899,15400.645,501.64453125
1,8,0,15568,14509.84,1058.16015625
5,30,20,19504,19147.193,356.806640625
6,27,4,13087,12874.22,212.7802734375
11,17,23,16020,16348.93,328.9296875
11,20,12,16604,15855.811,748.189453125
8,9,4,13244,13145.305,98.6953125
9,19,18,19841,19658.389,182.611328125
9,5,10,13968,14647.914,679.9140625
3,24,10,14368,14893.777,525.77734375
3,7,10,16981,15937.929,1043.0712890625
1,12,14,16357,15473.172,883.828125
7,21,22,17101,17452.934,351.93359375
9,7,1,11166,11282.242,116.2421875
6,6,9,15420,15025.551,394.44921875
9,2,4,11351,11180.664,170.3359375
12,26,14,15680,15936.748,256.748046875
2,3,9,16661,16028.748,632.251953125
10,17,17,16886,17045.113,159.11328125
9,1,6,13069,12314.429,754.5712890625
4,28,15,13391,14024.68,633.6796875
6,26,13,18945,19557.594,612.59375
10,19,3,11851,11844.088,6.912109375
11,13,7,11882,12233.125,351.125
9,11,1,11269,11521.404,252.404296875
10,26,23,13900,14836.099,936.0986328125
8,27,10,18153,17907.445,245.5546875
3,21,2,13680,13261.211,418.7890625
9,21,23,14500,14585.463,85.462890625
2,18,5,15339,15481.744,142.744140625
3,25,10,17985,18266.414,281.4140625
10,17,12,13047,13941.561,894.560546875
9,30,18,15565,16297.243,732.2431640625
11,8,21,16499,16752.045,253.044921875
8,30,18,15879,15736.444,142.5556640625
7,24,23,17173,17166.209,6.791015625
6,19,10,15490,15242.045,247.955078125
10,6,15,15388,15558.953,170.953125
7,27,5,14131,14819.146,688.146484375
7,12,16,17693,17810.59,117.58984375
5,3,5,12826,12274.574,551.42578125
6,23,19,16913,16733.432,179.568359375
10,10,0,12260,12300.723,40.72265625
12,18,15,16610,17990.258,1380.2578125
8,16,23,16013,16477.678,464.677734375
6,5,14,15519,15398.746,120.25390625
3,29,3,13047,12989.616,57.3837890625
12,12,17,19166,18539.834,626.166015625
2,7,5,14649,13737.598,911.40234375
2,14,8,17358,16734.143,623.857421875
7,30,4,13255,13323.377,68.376953125
4,7,21,16050,15645.391,404.609375
9,14,11,15592,15763.594,171.59375
10,13,0,12803,12640.652,162.34765625
8,9,19,17351,18354.195,1003.1953125
10,2,6,13911,13506.189,404.810546875
10,3,16,15834,16301.59,467.58984375
7,23,14,20242,20379.61,137.609375
4,23,19,14029,14677.578,648.578125
10,2,14,17104,17403.994,299.994140625
1,7,4,13867,13476.439,390.560546875
12,19,6,15921,16005.753,84.7529296875
3,9,4,14460,13862.6875,597.3125
4,9,4,12946,12719.186,226.814453125
10,3,12,13432,14047.538,615.5380859375
3,3,21,18086,18003.477,82.5234375
6,24,12,15273,15760.11,487.1103515625
10,31,9,16370,15620.196,749.8037109375
10,23,0,12354,12299.209,54.791015625
2,2,23,17059,17281.752,222.751953125
7,18,23,17688,18045.086,357.0859375
3,11,7,15261,14747.583,513.4169921875
8,16,9,13990,13045.415,944.5849609375
9,9,15,16072,16298.192,226.1923828125
7,2,8,13494,15096.924,1602.923828125
7,26,4,13615,13756.446,141.4462890625
1,11,10,20233,20889.588,656.587890625
8,18,18,19182,18893.123,288.876953125
6,12,9,16200,15888.873,311.126953125
6,5,6,13276,13351.691,75.69140625
11,2,8,14321,13619.507,701.4931640625
11,3,21,16563,16330.243,232.7568359375
12,26,6,14962,14770.785,191.21484375
7,15,9,16194,16150.846,43.154296875
4,9,9,16197,16731.916,534.916015625
7,13,9,17070,17703.049,633.048828125
1,19,3,14996,15169.607,173.607421875
6,22,20,16569,17028.436,459.435546875
5,14,20,16897,17372.854,475.853515625
7,2,20,16928,17545.854,617.853515625
8,3,3,12270,12632.087,362.0869140625
7,22,8,14676,14887.492,211.4921875
1,14,12,18579,18359.553,219.447265625
8,31,4,12268,12320.9375,52.9375
10,30,21,15428,15521.752,93.751953125
10,30,10,15505,15351.001,153.9990234375
8,25,17,20076,19894.746,181.25390625
8,29,23,14055,14632.046,577.0458984375
3,3,10,17931,17705.457,225.54296875
6,28,7,14078,14149.439,71.439453125
7,17,0,13656,13806.029,150.029296875
9,10,12,16611,16695.768,84.767578125
2,11,6,13617,13200.198,416.8017578125
10,21,8,14037,13665.391,371.609375
2,10,13,14758,15024.521,266.521484375
5,21,0,11113,11321.068,208.068359375
9,25,8,15532,15036.844,495.15625
6,20,16,16824,16525.398,298.6015625
8,12,18,22023,22245.707,222.70703125
12,10,7,13779,13835.403,56.4033203125
2,14,3,15270,14923.018,346.982421875
8,28,15,16155,16739.31,584.310546875
8,16,19,20465,20458.232,6.767578125
1,11,23,16971,17095.625,124.625
8,10,1,14925,14991.454,66.4541015625
9,22,2,12978,12552.092,425.908203125
10,17,8,15686,14749.093,936.9072265625
2,22,9,17469,17185.35,283.650390625
7,20,19,19962,20016.832,54.83203125
4,6,16,14338,14662.782,324.7822265625
9,6,10,15788,14711.879,1076.12109375
6,3,5,10922,11087.001,165.0009765625
1,6,6,16591,16610.451,19.451171875
8,18,20,17277,17546.707,269.70703125
1,28,9,17631,17213.633,417.3671875
9,29,19,15549,16197.041,648.041015625
8,16,16,21252,20853.258,398.7421875
8,10,15,22888,21415.383,1472.6171875
2,6,10,19683,19710.59,27.58984375
5,6,18,14603,15068.785,465.78515625
11,29,13,15364,15426.647,62.6474609375
1,28,15,15105,15472.837,367.8369140625
2,21,20,18569,18651.18,82.1796875
6,24,11,17551,16932.791,618.208984375
8,16,20,19835,19886.76,51.759765625
8,22,4,12417,12228.822,188.177734375
6,19,2,12262,12683.188,421.1884765625
7,24,14,18569,18240.75,328.25
5,20,18,13210,13218.523,8.5234375
1,21,3,14439,14780.07,341.0703125
10,27,3,12547,12536.763,10.2373046875
11,3,9,15759,15564.148,194.8515625
7,3,8,12331,13112.339,781.3388671875
10,28,9,14197,14369.142,172.1416015625
10,6,7,15244,13770.433,1473.5673828125
12,30,15,16406,16562.121,156.12109375
9,1,9,14802,14733.599,68.4013671875
10,27,4,12847,12557.672,289.328125
9,8,15,16857,16983.736,126.736328125
2,3,9,20198,19828.773,369.2265625
7,17,14,20519,20567.941,48.94140625
11,3,16,15367,15944.59,577.58984375
8,22,16,16068,16732.512,664.51171875
2,21,5,13921,13915.154,5.845703125
10,17,17,14738,14962.066,224.06640625
3,25,16,14960,15051.973,91.97265625
3,3,12,19329,19171.963,157.037109375
2,15,11,17354,17101.764,252.236328125
12,11,7,15190,14975.781,214.21875
5,2,3,12472,12137.876,334.1240234375
4,22,19,13567,14192.398,625.3984375
6,22,14,15617,15336.881,280.119140625
12,14,12,15679,16474.447,795.447265625
6,5,14,18013,18207.752,194.751953125
3,25,13,16370,15999.001,370.9990234375
4,12,13,12965,13244.818,279.818359375
7,22,3,13551,13317.799,233.201171875
5,18,10,14034,14638.101,604.1005859375
12,23,11,17050,16884.932,165.068359375
2,25,19,16734,15719.997,1014.0029296875
9,23,17,16430,18568.91,2138.91015625
12,4,12,15001,15640.15,639.150390625
3,22,12,17030,16874.477,155.5234375
4,6,3,13625,13186.342,438.658203125
5,26,16,14354,14604.904,250.904296875
2,21,20,18679,18668.139,10.861328125
2,25,5,13237,13641.934,404.93359375
1,23,22,17587,17468.03,118.970703125
10,13,1,11261,11521.436,260.435546875
6,28,18,19312,19056.182,255.818359375
12,12,3,15054,14898.394,155.6064453125
3,24,6,16237,15046.379,1190.62109375
1,18,18,18982,18604.398,377.6015625
7,30,19,20245,19475.28,769.720703125
8,17,19,18015,17637.576,377.423828125
7,30,4,12126,11648.66,477.33984375
3,18,0,14168,14423.125,255.125
7,10,23,18631,18375.361,255.638671875
10,1,22,15339,14770.264,568.736328125
6,8,8,16223,15884.529,338.470703125
7,9,12,16488,16308.988,179.01171875
10,25,1,13392,13207.281,184.71875
10,29,10,17034,16230.337,803.6630859375
1,5,1,17475,16930.771,544.228515625
4,30,11,15024,15174.205,150.205078125
2,24,8,14838,15508.273,670.2734375
11,21,20,18799,18559.875,239.125
9,11,21,16498,15428.0625,1069.9375
10,26,22,13751,14211.484,460.484375
7,6,14,21059,21430.15,371.150390625
3,19,6,15566,15550.766,15.234375
3,10,19,16835,17329.342,494.341796875
3,19,17,16111,15696.667,414.3330078125
7,3,21,16626,16970.816,344.81640625
6,16,22,16640,17262.92,622.919921875
3,3,19,21194,22003.006,809.005859375
4,28,3,11901,11260.083,640.9169921875
8,27,21,17167,16864.662,302.337890625
3,5,17,15887,16148.584,261.583984375
6,21,1,13851,14700.1875,849.1875
5,12,16,12527,12714.619,187.619140625
5,8,7,14329,14018.271,310.728515625
12,1,18,19160,18806.947,353.052734375
6,29,15,20565,20975.406,410.40625
2,15,9,16293,15992.845,300.1552734375
9,1,23,14009,13435.813,573.1865234375
12,15,22,16690,16470.184,219.81640625
5,30,2,11718,11812.832,94.83203125
1,22,19,20139,19210.938,928.0625
2,23,12,19316,19039.432,276.568359375
5,11,6,13688,13260.027,427.97265625
11,29,23,14372,14274.27,97.73046875
3,28,6,15447,14406.924,1040.076171875
1,12,15,18208,18157.34,50.66015625
10,26,21,13698,13856.285,158.28515625
6,6,0,12387,12376.838,10.162109375
10,12,23,11622,12498.47,876.4697265625
12,16,16,19679,18740.797,938.203125
3,13,10,18075,17877.861,197.138671875
8,5,3,11802,11903.105,101.10546875
4,5,16,15312,15096.223,215.77734375
12,30,15,17188,16674.826,513.173828125
3,17,13,18125,18071.738,53.26171875
11,4,12,13157,13534.203,377.203125
5,17,11,14046,13861.979,184.021484375
7,3,23,17678,18013.521,335.521484375
2,7,12,18061,18315.281,254.28125
11,2,13,15379,16081.511,702.5107421875
9,29,18,15554,16235.596,681.595703125
11,3,16,16553,16680.463,127.462890625
8,7,16,18467,18717.15,250.150390625
6,2,18,16430,16723.475,293.474609375
3,19,1,13453,13315.863,137.13671875
10,21,2,11691,12282.5,591.5
11,29,18,18254,17272.115,981.884765625
2,20,3,13135,13183.296,48.2958984375
9,25,14,15827,15585.995,241.0048828125
3,27,8,17148,16631.197,516.802734375
5,28,10,15479,14923.64,555.3603515625
6,13,3,12039,11799.778,239.2216796875
5,23,10,12245,13707.002,1462.001953125
9,8,14,13612,13809.896,197.896484375
12,20,20,17003,16960.15,42.849609375
9,8,1,11833,12871.86,1038.8603515625
12,24,18,17404,17274.357,129.642578125
2,10,5,14484,14625.479,141.478515625
5,9,12,14118,14377.684,259.68359375
4,28,17,13971,14519.164,548.1640625
3,31,8,16056,15076.025,979.974609375
7,4,4,12270,12635.174,365.173828125
12,5,19,19318,19266.959,51.041015625
9,30,5,12167,12478.85,311.849609375
9,26,11,19867,20020.271,153.271484375
5,15,5,12120,11609.605,510.39453125
10,29,8,16255,16028.165,226.8349609375
8,22,20,18178,18097.705,80.294921875
9,4,6,13159,13018.277,140.72265625
10,13,17,16003,15759.09,243.91015625
11,3,18,18152,17067.404,1084.595703125
1,6,10,18562,18168.303,393.697265625
8,14,9,18183,18239.395,56.39453125
3,28,2,11954,12094.358,140.3583984375
1,10,7,16289,15840.755,448.2451171875
12,22,13,17758,17610.451,147.548828125
2,5,5,15975,15502.583,472.4169921875
10,12,15,13536,13467.041,68.958984375
8,25,18,20876,21161.889,285.888671875
6,28,10,16759,16886.736,127.736328125
6,1,6,12432,12869.248,437.248046875
1,31,17,18231,17974.06,256.939453125
10,27,12,16323,16850.953,527.953125
3,31,19,16690,16923.156,233.15625
5,5,22,13104,13225.764,121.763671875
4,7,0,13217,13461.675,244.6748046875
11,15,15,16568,16095.637,472.36328125
10,22,2,10706,10707.027,1.02734375
12,3,11,17341,17871.65,530.650390625
10,11,13,15616,15744.053,128.052734375
8,26,13,13407,13620.894,213.8935546875
7,21,14,20699,21144.596,445.595703125
8,4,20,19021,19044.893,23.892578125
6,1,0,11351,11984.391,633.390625
9,10,19,17151,16887.64,263.359375
10,31,12,15964,16577.324,613.32421875
8,14,5,13845,13928.598,83.59765625
8,21,11,16736,16336.654,399.345703125
2,4,10,17174,16990.441,183.55859375
7,4,18,15881,16133.951,252.951171875
6,3,18,14040,14185.123,145.123046875
4,1,20,15315,15377.332,62.33203125
6,18,8,14878,16122.805,1244.8046875
7,16,14,20124,20708.404,584.404296875
5,30,4,10647,10972.957,325.95703125
5,17,9,14021,13846.188,174.8115234375
5,11,13,14218,14107.036,110.9638671875
12,25,12,15018,14884.568,133.431640625
7,5,14,22805,23290.205,485.205078125
11,16,17,17822,18284.986,462.986328125
6,16,3,12084,12126.674,42.673828125
1,2,19,17331,17087.928,243.072265625
11,23,6,14454,14842.873,388.873046875
11,13,21,17567,16948.262,618.73828125
7,6,20,19269,19226.18,42.8203125
12,23,17,16337,17427.148,1090.1484375
3,7,10,14652,15059.518,407.517578125
7,18,10,18499,18412.363,86.63671875
3,4,0,14888,14628.901,259.0986328125
11,15,9,16798,16918.037,120.037109375
6,15,8,15908,16617.338,709.337890625
9,30,23,13213,13164.249,48.7509765625
11,28,15,17088,16413.184,674.81640625
2,18,13,14532,14905.387,373.38671875
5,7,4,11271,11727.104,456.103515625
12,28,12,16123,16438.008,315.0078125
9,4,18,16037,16798.227,761.2265625
1,19,7,14457,13967.118,489.8818359375
10,20,3,11229,11368.091,139.0908203125
6,19,2,13075,12953.308,121.6923828125
1,24,4,14281,13690.862,590.1376953125
1,17,14,17984,17753.74,230.259765625
3,14,22,17168,16753.852,414.1484375
7,8,16,16674,16953.371,279.37109375
11,27,23,16503,15476.589,1026.4111328125
12,22,20,18354,18967.803,613.802734375
9,24,13,14541,14891.937,350.9365234375
5,7,11,12613,12774.682,161.681640625
6,11,14,16633,16936.473,303.47265625
8,26,16,19061,19503.977,442.9765625
2,28,18,16394,16773.682,379.681640625
2,7,6,15591,15570.174,20.826171875
11,19,21,18960,18630.688,329.3125
11,24,10,15749,15351.874,397.1259765625
9,2,2,12106,11811.6045,294.3955078125
4,12,18,15545,15349.391,195.609375
1,7,5,15186,15297.992,111.9921875
12,8,12,16798,17561.889,763.888671875
5,4,13,14487,14893.143,406.142578125
1,12,23,18507,18645.943,138.943359375
5,16,9,13673,13248.615,424.384765625
10,5,19,16624,17122.893,498.892578125
4,27,3,11112,11598.465,486.46484375
9,10,10,16557,16306.056,250.9443359375
3,1,20,19223,19561.059,338.05859375
8,18,22,15057,14957.064,99.935546875
3,23,7,18313,16831.668,1481.33203125
4,23,2,12619,12987.8125,368.8125
3,2,0,15020,13997.938,1022.0615234375
3,29,18,15154,16020.039,866.0390625
4,11,11,15962,16355.764,393.763671875
3,27,19,13863,14279.674,416.673828125
4,14,5,12446,12472.626,26.6259765625
9,22,16,15556,15640.021,84.021484375
9,12,13,15201,16069.521,868.521484375
1,3,4,13423,13689.564,266.564453125
6,9,1,12999,12774.656,224.34375
10,30,11,14390,14840.164,450.1640625
11,10,18,17368,17082.404,285.595703125
1,15,7,14514,15039.996,525.99609375
3,29,17,15134,15425.559,291.55859375
3,17,4,13199,12772.034,426.9658203125
6,28,3,12070,11831.178,238.822265625
2,15,22,18076,16827.729,1248.271484375
6,6,17,15374,14687.157,686.8427734375
11,23,13,14704,15090.949,386.94921875
7,31,8,16610,16916.78,306.779296875
10,6,11,14552,14786.675,234.6748046875
7,8,4,12301,11793.283,507.716796875
11,10,6,12251,12340.621,89.62109375
3,17,1,14007,13877.704,129.2958984375
8,28,14,16008,16777.162,769.162109375
11,13,4,11991,11963.714,27.2861328125
5,6,17,14229,14084.363,144.63671875
4,17,21,15249,15420.1045,171.1044921875
10,22,1,12073,12012.184,60.81640625
5,29,20,16257,16447.363,190.36328125
4,6,16,13395,13864.635,469.634765625
8,25,6,15854,15947.706,93.7060546875
6,25,14,13568,13096.375,471.625
1,31,14,17788,17657.592,130.408203125
9,6,2,16241,15419.849,821.1513671875
1,24,2,16316,16374.645,58.64453125
9,27,18,15607,15774.146,167.146484375
9,2,15,14865,15270.143,405.142578125
3,4,18,17465,17460.264,4.736328125
4,20,10,15475,15265.872,209.1279296875
12,13,22,17819,17692.719,126.28125
3,26,6,13756,13823.822,67.822265625
7,25,22,16980,16566.133,413.8671875
9,7,15,20277,20366.36,89.359375
2,13,11,17471,17416.744,54.255859375
5,18,5,12323,12229.539,93.4609375
3,13,11,14494,14545.734,51.734375
8,4,4,14290,14124.085,165.9150390625
1,31,7,13210,13386.886,176.8857421875
12,24,2,15253,14357.26,895.740234375
8,20,9,13233,13671.208,438.2080078125
2,5,0,14855,14569.95,285.0498046875
9,27,4,11991,11453.949,537.05078125
10,7,3,11797,11454.994,342.005859375
8,24,23,18272,18558.24,286.240234375
9,27,21,15296,15774.984,478.984375
8,3,7,15919,15783.583,135.4169921875
11,26,18,16345,15481.63,863.3701171875
8,3,15,17404,18547.846,1143.845703125
4,2,20,15376,15524.334,148.333984375
6,5,8,14906,14566.546,339.4541015625
7,31,17,18386,18672.416,286.416015625
8,14,6,14058,13933.979,124.021484375
9,26,5,11955,12222.276,267.2763671875
8,24,16,15711,15585.762,125.23828125
6,8,12,14682,15654.062,972.0615234375
4,8,0,13696,13713.726,17.7255859375
4,24,2,11560,11163.099,396.9013671875
1,3,4,15554,15254.827,299.1728515625
4,21,14,12605,13142.818,537.818359375
12,16,22,18458,18184.941,273.05859375
12,12,11,18763,18542.46,220.5390625
12,9,10,19044,18064.365,979.634765625
1,15,13,17361,17126.717,234.283203125
7,2,10,19328,20928.412,1600.412109375
9,12,4,11670,11603.883,66.1171875
2,2,18,20355,20623.72,268.720703125
11,9,14,15779,14970.57,808.4296875
10,24,6,13474,13105.394,368.6064453125
1,3,15,16516,16463.217,52.783203125
10,27,2,11779,12355.334,576.333984375
4,17,18,14871,16019.153,1148.1533203125
6,3,14,17209,17390.26,181.259765625
8,13,14,16442,16179.769,262.2314453125
11,9,9,14991,14728.039,262.9609375
6,24,14,18644,18051.057,592.943359375
2,8,9,19209,18840.43,368.5703125
12,27,21,17253,17599.861,346.861328125
10,3,13,15593,15165.032,427.9677734375
2,2,12,18041,17113.088,927.912109375
10,5,19,15519,15223.361,295.638671875
1,7,2,15370,15442.523,72.5234375
5,29,16,18699,18441.828,257.171875
6,11,21,17034,17545.105,511.10546875
10,7,21,15884,15603.719,280.28125
4,4,1,13551,14309.647,758.6474609375
2,5,8,14590,14033.871,556.12890625
4,9,4,12688,12706.197,18.197265625
2,27,23,17518,16728.969,789.03125
9,30,6,13342,12985.32,356.6796875
10,30,0,12456,12393.016,62.984375
1,14,23,16086,15920.394,165.6064453125
8,1,4,12460,12820.69,360.6904296875
8,24,3,12817,13287.51,470.509765625
8,6,7,16096,15478.547,617.453125
10,23,2,12379,12420.699,41.69921875
11,11,13,14771,14715.052,55.9482421875
11,17,20,16591,15589.823,1001.1767578125
8,18,21,17906,17523.162,382.837890625
3,22,4,12329,12545.512,216.51171875
2,4,14,15016,15284.778,268.7783203125
7,28,2,15275,15272.473,2.52734375
3,6,10,16762,16518.209,243.791015625
11,21,7,16234,15058.367,1175.6328125
1,24,5,14290,14200.587,89.4130859375
2,6,13,16830,16292.32,537.6796875
3,11,17,15992,15767.035,224.96484375
10,25,14,14861,14789.293,71.70703125
12,8,19,18771,17899.998,871.001953125
3,19,3,13544,13557.343,13.3427734375
5,6,15,13414,13827.037,413.037109375
12,10,5,12539,12650.264,111.263671875
3,1,5,15351,15250.006,100.994140625
2,10,23,17970,18084.986,114.986328125
2,22,19,18140,16907.236,1232.763671875
8,4,10,17602,17270.775,331.224609375
6,29,0,14963,14792.996,170.00390625
3,13,17,14475,13867.963,607.037109375
11,13,2,13645,13535.279,109.720703125
3,30,22,14657,14825.027,168.02734375
11,24,6,14175,14544.451,369.451171875
3,30,6,14408,14114.324,293.67578125
2,9,8,17407,17672.72,265.720703125
1,28,19,21041,20682.066,358.93359375
2,4,18,20053,19762.197,290.802734375
4,6,21,14121,14793.631,672.630859375
7,4,22,16068,16008.863,59.13671875
7,11,1,13244,13414.354,170.353515625
9,14,3,11974,12693.012,719.01171875
3,1,21,16764,16048.248,715.751953125
7,31,13,19011,19634.72,623.720703125
6,2,16,15427,15031.402,395.59765625
6,28,1,12106,12172.484,66.484375
3,23,21,16938,16687.445,250.5546875
12,30,17,17939,18334.438,395.4375
12,14,13,17556,17682.03,126.029296875
8,11,19,21120,20367.963,752.037109375
8,11,19,19058,19680.814,622.814453125
6,29,23,17624,18180.885,556.884765625
7,3,1,15188,15867.893,679.892578125
2,15,21,18032,18136.947,104.947265625
5,15,20,15702,16192.65,490.650390625
5,19,21,15447,15113.486,333.513671875
5,17,8,14976,14647.423,328.5771484375
1,24,12,20054,19222.451,831.548828125
2,5,0,16219,15535.327,683.6728515625
5,26,14,16594,17141.979,547.978515625
3,21,11,14597,15438.402,841.40234375
8,10,22,19573,19880.295,307.294921875
7,12,15,17483,17703.598,220.59765625
1,11,10,17840,18007.795,167.794921875
3,26,18,15707,16130.883,423.8828125
3,31,3,13863,13165.514,697.486328125
1,15,20,20456,19794.377,661.623046875
6,30,7,15048,15377.799,329.798828125
5,27,12,17779,17842.107,63.107421875
1,22,11,19046,17909.354,1136.646484375
6,17,23,18948,18813.936,134.064453125
10,5,11,14529,15323.715,794.71484375
7,16,5,12637,13320.3545,683.3544921875
11,23,15,16442,16596.42,154.419921875
9,23,21,14625,14584.399,40.6005859375
4,10,12,13993,14141.59,148.58984375
4,10,17,16301,15403.44,897.5595703125
11,13,13,15859,15523.214,335.7861328125
2,12,11,16434,16447.756,13.755859375
12,6,12,15469,15879.77,410.76953125
9,30,13,14454,15086.273,632.2734375
1,29,14,17293,17714.316,421.31640625
7,23,15,17625,18222.479,597.478515625
7,28,8,13985,13649.87,335.1298828125
2,10,10,18323,18134.932,188.068359375
11,29,12,17472,17216.861,255.138671875
10,11,20,16548,16756.32,208.3203125
12,18,19,18395,18154.668,240.33203125
3,5,3,13539,13620.132,81.1318359375
4,20,12,13613,13287.074,325.92578125
5,21,15,12278,12912.088,634.087890625
3,13,15,13952,14497.461,545.4609375
2,9,17,18433,18379.057,53.943359375
12,26,15,14053,14342.309,289.30859375
3,3,10,17968,17672.094,295.90625
11,5,14,15196,15452.049,256.048828125
4,27,5,13634,13681.387,47.38671875
3,8,5,12505,12941.516,436.515625
3,23,9,16671,17245.607,574.607421875
1,20,16,15125,15471.429,346.4287109375
10,1,1,13187,13093.05,93.9501953125
9,20,11,14836,14688.821,147.1787109375
5,10,17,14763,14941.535,178.53515625
8,12,0,14905,14971.51,66.509765625
12,19,22,18331,17550.008,780.9921875
8,6,3,14143,13701.48,441.51953125
8,21,14,20830,20424.184,405.81640625
11,29,2,13963,14089.308,126.3076171875
10,24,14,13926,14356.335,430.3349609375
8,2,3,12313,11845.527,467.47265625
9,24,11,16095,16531.883,436.8828125
2,24,14,16839,17320.71,481.7109375
7,12,13,17303,17090.416,212.583984375
7,23,23,15970,16148.84,178.83984375
2,29,22,16608,16533.174,74.826171875
7,4,12,20767,21266.074,499.07421875
4,3,15,17501,16209.113,1291.88671875
10,3,22,14433,14729.107,296.107421875
7,17,4,12789,12627.481,161.5185546875
3,1,14,16642,16119.332,522.66796875
12,2,22,16984,16888.217,95.783203125
7,27,16,18368,18607.564,239.564453125
9,4,5,12053,12196.571,143.5712890625
1,22,21,19625,19159.617,465.3828125
4,19,14,12413,12743.336,330.3359375
12,22,6,14456,14189.256,266.744140625
12,15,16,16199,16191.977,7.0234375
1,9,16,19131,18517.068,613.931640625
12,16,4,14717,13745.047,971.953125
1,23,5,14277,14269.65,7.349609375
12,24,10,16072,17362.328,1290.328125
7,19,20,20131,21636.713,1505.712890625
12,8,2,14163,14079.678,83.322265625
7,27,9,18499,18758.334,259.333984375
2,15,13,16214,15827.224,386.7763671875
2,22,18,18155,18419.275,264.275390625
2,2,16,17225,18085.543,860.54296875
11,20,12,17245,16729.059,515.94140625
2,9,12,18486,17654.209,831.791015625
3,13,10,14571,14572.308,1.3076171875
8,23,5,13450,13574.723,124.72265625
9,18,9,16717,16624.436,92.564453125
6,10,21,15763,15690.197,72.802734375
8,27,11,20943,20060.287,882.712890625
9,21,20,15563,16424.494,861.494140625
10,6,4,11685,10764.147,920.8525390625
12,5,21,17430,17268.03,161.970703125
4,10,13,13914,13800.271,113.728515625
3,4,10,15995,16050.795,55.794921875
2,1,5,15160,14655.777,504.22265625
8,12,17,21678,21994.338,316.337890625
5,29,10,16430,15432.646,997.353515625
9,8,21,18053,18049.291,3.708984375
9,11,4,11159,11154.951,4.048828125
3,13,11,18131,17697.39,433.609375
10,29,16,15802,16647.854,845.853515625
4,23,8,14705,14337.831,367.1689453125
8,29,23,15622,15349.611,272.388671875
11,5,21,14275,14522.523,247.5234375
8,20,17,20546,21280.389,734.388671875
2,29,12,16137,16141.67,4.669921875
4,5,2,14111,13987.354,123.646484375
11,27,9,16560,16474.787,85.212890625
6,19,3,12228,12382.755,154.7548828125
12,25,17,17773,17320.318,452.681640625
10,10,14,16000,15349.057,650.943359375
3,9,23,16275,15981.098,293.90234375
12,7,21,18550,18661.664,111.6640625
8,8,0,14338,14052.503,285.4970703125
7,6,13,15847,16335.745,488.7451171875
2,22,15,16575,16733.918,158.91796875
7,3,17,17363,17236.98,126.01953125
8,28,3,11520,11615.375,95.375
9,15,10,15517,14726.751,790.2490234375
12,30,6,15254,14718.768,535.232421875
10,26,17,16416,16098.247,317.7529296875
5,21,6,11529,12599.069,1070.0693359375
8,2,9,15682,16046.893,364.892578125
8,21,20,17096,17187.783,91.783203125
5,31,9,12709,12191.312,517.6884765625
6,12,23,12651,12343.713,307.287109375
10,4,6,14188,13536.208,651.7919921875
5,7,21,13699,13420.139,278.861328125
6,16,13,17999,18180.918,181.91796875
1,15,23,16010,16608.385,598.384765625
12,2,21,17160,17097.764,62.236328125
4,8,6,13994,13510.332,483.66796875
12,23,20,17010,17214.479,204.478515625
8,22,12,16723,16770.783,47.783203125
9,3,5,15545,14915.007,629.9931640625
2,15,1,15445,15339.783,105.216796875
3,10,17,17207,17085.092,121.908203125
8,2,14,16598,17268.498,670.498046875
3,26,7,14300,13295.593,1004.4072265625
1,30,8,18151,18109.74,41.259765625
7,31,10,20890,20052.162,837.837890625
10,20,23,13294,13574.3545,280.3544921875
10,12,5,12162,12128.568,33.431640625
4,21,16,15103,15139.857,36.857421875
7,9,15,17177,16769.154,407.845703125
9,26,17,18374,18251.465,122.53515625
11,17,4,12733,12874.405,141.4052734375
9,17,4,11724,11840.194,116.1943359375
6,13,11,17307,17189.6,117.400390625
8,3,9,17721,17310.63,410.369140625
1,3,7,15140,15881.255,741.2548828125
5,1,10,15785,14934.295,850.705078125
11,20,23,16407,16588.406,181.40625
8,15,7,13358,13217.584,140.416015625
1,18,6,14832,14622.557,209.443359375
8,30,16,17174,17998.717,824.716796875
8,9,4,11414,11179.697,234.302734375
10,3,19,16596,17305.861,709.861328125
3,14,0,14943,15099.885,156.884765625
4,15,8,12525,13020.809,495.80859375
3,29,18,15385,14876.475,508.525390625
8,15,14,19726,19379.488,346.51171875
1,23,10,17483,17296.723,186.27734375
8,4,8,18081,18442.793,361.79296875
12,13,15,18459,18481.338,22.337890625
6,10,15,14845,15041.891,196.890625
2,28,20,19608,19559.496,48.50390625
11,1,7,15942,14177.5205,1764.4794921875
10,19,8,15169,14876.366,292.6337890625
2,2,6,14556,14668.457,112.45703125
10,13,14,14405,13796.434,608.56640625
11,15,2,13770,13953.672,183.671875
11,4,14,15815,15978.844,163.84375
11,8,21,15568,16256.265,688.2646484375
11,18,7,16588,16041.818,546.181640625
12,6,18,18953,18671.145,281.85546875
3,11,17,15828,16229.91,401.91015625
7,7,13,19749,20166.316,417.31640625
3,25,8,14941,15295.285,354.28515625
6,19,1,13165,13796.381,631.380859375
6,26,8,14939,14502.984,436.015625
5,2,21,16082,15929.168,152.83203125
7,24,10,16980,16430.775,549.224609375
6,5,2,11390,11076.216,313.7841796875
2,1,14,16474,16656.938,182.9375
10,18,19,16832,16538.201,293.798828125
12,26,19,17752,17528.729,223.271484375
1,27,9,14959,15049.775,90.775390625
7,25,12,16746,16830.43,84.4296875
6,28,4,14382,14902.223,520.22265625
3,8,3,12502,12707.219,205.21875
8,26,3,12810,13065.018,255.017578125
3,7,13,15612,15042.205,569.794921875
11,12,10,16290,17195.924,905.923828125
10,27,3,12048,11820.721,227.279296875
2,12,16,16377,16610.424,233.423828125
3,18,22,15549,15729.276,180.2763671875
2,17,5,15813,16367.359,554.359375
3,29,17,16266,16137.889,128.111328125
7,15,21,17160,16833.18,326.8203125
8,22,4,12393,12154.067,238.9326171875
5,19,12,14591,14462.654,128.345703125
8,31,20,18089,19182.996,1093.99609375
4,27,4,12092,12075.258,16.7421875
12,15,4,13555,13051.832,503.16796875
6,29,3,12352,12807.669,455.6689453125
7,15,9,17916,17781.512,134.48828125
8,31,15,17065,17151.178,86.177734375
8,15,17,17994,18364.174,370.173828125
11,16,2,12866,13001.148,135.1484375
2,10,4,14082,13927.168,154.83203125
12,8,16,17208,17810.596,602.595703125
11,16,7,15822,15982.825,160.8251953125
11,18,4,14106,14293.662,187.662109375
5,8,20,15933,16394.943,461.943359375
6,23,3,13308,14028.251,720.2509765625
1,24,17,18393,18465.873,72.873046875
2,11,18,20853,21318.314,465.314453125
1,24,1,16615,16352.529,262.470703125
10,25,18,16912,17197.664,285.6640625
6,10,11,14520,14700.507,180.5068359375
3,28,0,12421,12339.096,81.904296875
12,15,19,19473,19127.498,345.501953125
11,13,20,18501,19408.572,907.572265625
10,30,5,11505,11411.273,93.7265625
5,25,11,14035,13469.312,565.6884765625
11,3,8,16706,16742.256,36.255859375
7,7,12,21167,20595.629,571.37109375
3,9,15,14320,15297.594,977.59375
4,22,6,14247,14386.492,139.4921875
3,24,23,14031,14047.374,16.3740234375
6,6,21,15942,15940.979,1.021484375
8,28,23,18478,18527.744,49.744140625
1,7,23,17033,17177.932,144.931640625
6,28,12,13682,13376.416,305.583984375
8,12,20,20770,20955.824,185.82421875
11,3,16,16161,15428.357,732.642578125
8,25,14,20017,19387.969,629.03125
3,20,2,13630,13979.141,349.140625
10,20,22,14295,14198.282,96.7177734375
12,14,1,15541,15390.842,150.158203125
11,13,19,18534,19621.969,1087.96875
8,9,22,18698,18334.018,363.982421875
10,1,3,11807,11436.836,370.1640625
3,8,9,15107,15541.249,434.2490234375
12,12,13,16760,16665.883,94.1171875
9,15,22,14557,14666.832,109.83203125
7,24,14,19877,19459.873,417.126953125
10,8,3,11535,11672.23,137.23046875
10,25,12,14569,13789.486,779.513671875
3,10,16,16841,16193.713,647.287109375
11,26,1,13572,13642.943,70.943359375
5,1,20,15888,16031.25,143.25
3,20,21,15992,16036.715,44.71484375
7,10,23,15356,15831.486,475.486328125
7,25,10,17051,17694.18,643.1796875
10,4,20,14895,15101.051,206.05078125
7,13,18,18645,18834.914,189.9140625
8,19,20,16477,16787.965,310.96484375
3,26,21,15202,15116.611,85.388671875
6,16,17,16514,16151.51,362.490234375
12,29,6,13863,13965.066,102.06640625
11,10,10,14691,13822.025,868.974609375
7,30,10,16897,17826.121,929.12109375
11,7,9,14518,14481.466,36.5341796875
3,29,6,14835,14571.061,263.939453125
4,16,18,16951,17667.422,716.421875
10,2,19,15140,15515.559,375.55859375
11,15,18,18649,18456.705,192.294921875
1,26,18,17646,16975.057,670.943359375
2,22,18,17807,18236.387,429.38671875
12,29,5,13098,13411.762,313.76171875
12,7,18,19648,19266.596,381.404296875
3,8,23,15455,14856.299,598.701171875
4,18,14,15431,15500.617,69.6171875
5,11,5,12362,12451.074,89.07421875
7,9,10,21177,21188.35,11.349609375
8,5,8,15283,17079.018,1796.017578125
4,26,10,13065,13195.062,130.0615234375
4,21,16,15151,15455.021,304.021484375
11,2,3,11980,11957.502,22.498046875
6,18,10,16238,16031.241,206.7587890625
5,19,16,15021,14970.425,50.5751953125
9,3,5,11493,11071.462,421.5380859375
4,14,15,15299,14929.691,369.30859375
7,29,21,16169,16623.742,454.7421875
6,21,18,17301,17205.303,95.697265625
4,27,22,14210,13551.91,658.08984375
1,4,5,13560,13491.1455,68.8544921875
9,11,6,13041,13104.764,63.763671875
10,13,13,14732,14367.236,364.763671875
11,29,14,17514,17216.963,297.037109375
8,8,4,12831,12402.439,428.560546875
6,8,7,14189,13452.973,736.02734375
10,26,15,15440,15201.291,238.708984375
9,17,16,19818,19179.572,638.427734375
7,20,21,18932,19302.244,370.244140625
11,26,8,17575,16964.562,610.4375
9,2,22,17743,17961.4,218.400390625
4,14,1,11970,11762.392,207.6083984375
10,5,2,12140,12344.248,204.248046875
7,6,11,18022,17879.467,142.533203125
12,1,13,16641,16774.615,133.615234375
10,21,23,12763,13770.829,1007.8291015625
6,19,12,17687,17270.549,416.451171875
4,2,13,13018,12963.068,54.931640625
9,30,10,14432,14503.887,71.88671875
2,26,0,14521,14229.968,291.0322265625
10,6,2,12315,11927.886,387.1142578125
9,25,11,15184,15545.633,361.6328125
4,21,5,12651,12888.263,237.2626953125
6,19,5,11802,12027.786,225.7861328125
9,25,2,10981,11253.556,272.5556640625
3,17,17,15836,15648.404,187.595703125
12,25,3,11921,11907.1875,13.8125
9,25,3,12034,12301.415,267.4150390625
3,27,15,16809,16355.767,453.2333984375
10,13,11,14609,14569.846,39.154296875
3,2,1,15644,14613.689,1030.310546875
4,4,20,16841,16582.482,258.517578125
7,15,5,13920,13688.576,231.423828125
11,17,15,17285,17416.447,131.447265625
5,3,9,15621,15213.714,407.2861328125
8,11,8,16441,17094.19,653.189453125
10,22,19,18118,17754.467,363.533203125
1,27,12,17790,17174.139,615.861328125
11,23,23,14896,14089.924,806.076171875
3,15,22,17194,16549.654,644.345703125
5,3,2,11805,12301.969,496.96875
6,26,8,17453,17532.492,79.4921875
10,11,6,11248,11226.193,21.806640625
11,13,14,15520,15537.761,17.7607421875
2,16,8,17710,17593.229,116.771484375
10,13,23,12391,12607.173,216.1728515625
4,25,14,15692,15567.091,124.9091796875
1,11,14,18459,18156.344,302.65625
3,18,23,14076,13869.887,206.11328125
3,2,14,16721,16524.334,196.666015625
6,3,20,15839,15869.451,30.451171875
8,8,2,14544,14836.18,292.1796875
11,11,23,15056,15332.841,276.8408203125
2,20,16,17981,17924.652,56.34765625
10,11,8,12554,13024.714,470.7138671875
10,16,11,15208,15829.59,621.58984375
7,29,9,13618,14100.209,482.208984375
7,11,11,17677,17579.42,97.580078125
2,13,1,16328,15325.662,1002.337890625
9,4,7,15063,14218.727,844.2734375
11,25,15,16733,16425.38,307.619140625
11,24,18,17069,16728.77,340.23046875
9,17,21,18157,17468.5,688.5
7,22,6,12448,12119.982,328.017578125
1,23,1,15563,15557.542,5.4580078125
2,24,4,13734,13685.797,48.203125
11,20,17,15753,15908.842,155.841796875
8,12,22,14814,14821.755,7.7548828125
3,5,22,16467,15926.689,540.310546875
3,13,20,17734,17714.11,19.890625
8,19,0,14503,14225.739,277.2607421875
12,26,18,16870,16788.678,81.322265625
1,7,12,17386,17449.535,63.53515625
8,5,20,17079,17717.658,638.658203125
9,1,22,17388,17671.055,283.0546875
2,23,15,15386,15624.541,238.541015625
11,29,22,16510,15812.876,697.1240234375
8,3,14,18943,19755.846,812.845703125
4,25,23,11670,12642.934,972.93359375
9,25,17,16520,17281.518,761.517578125
9,1,0,13305,13250.484,54.515625
4,23,15,15313,14567.611,745.388671875
6,22,5,13417,13538.486,121.486328125
8,22,9,15598,15636.729,38.728515625
6,27,23,17028,16646.111,381.888671875
1,17,14,18071,17598.25,472.75
5,13,17,14803,14369.177,433.8232421875
1,26,18,17907,18012.45,105.44921875
11,13,18,18293,18141.08,151.919921875
1,27,17,19192,18392.076,799.923828125
7,11,12,17915,18496.02,581.01953125
3,11,21,17415,17702.469,287.46875
2,2,15,17467,17379.201,87.798828125
7,2,17,21012,22199.334,1187.333984375
9,17,22,15423,15460.746,37.74609375
6,29,17,16848,17800.74,952.740234375
8,20,21,16055,16242.939,187.939453125
11,2,23,13319,13862.542,543.5419921875
1,14,14,17809,18241.693,432.693359375
5,6,10,14225,13833.852,391.1484375
12,10,22,16593,15640.549,952.451171875
12,9,9,18451,17678.295,772.705078125
11,22,14,17691,17050.678,640.322265625
3,10,1,14187,13647.108,539.8916015625
5,26,22,16908,17480.65,572.650390625
1,8,22,16705,17039.678,334.677734375
12,30,6,14472,14465.379,6.62109375
1,8,7,15005,14287.794,717.2060546875
5,26,20,18103,17779.443,323.556640625
11,20,2,13534,13586.951,52.951171875
1,18,15,18040,18234.709,194.708984375
7,30,8,14226,13577.498,648.501953125
6,17,2,12967,12966.783,0.216796875
5,1,20,15420,15378.361,41.638671875
4,23,23,12774,12734.475,39.525390625
10,26,19,16841,16716.389,124.611328125
3,14,15,14721,14594.465,126.53515625
5,20,17,12774,12992.32,218.3203125
1,18,9,17913,17635.232,277.767578125
5,12,9,13347,14130.565,783.5654296875
3,13,17,17445,17594.26,149.259765625
9,2,16,19562,18982.775,579.224609375
12,23,9,15867,15920.957,53.95703125
8,25,11,16786,16887.111,101.111328125
12,8,9,17558,17707.104,149.103515625
6,4,13,15795,15684.912,110.087890625
2,8,7,16986,16846.885,139.115234375
7,30,0,17304,16495.264,808.736328125
1,22,12,20620,20168.979,451.021484375
12,7,10,18361,18422.48,61.48046875
12,30,13,15878,15811.891,66.109375
4,2,22,13756,14624.909,868.9091796875
3,31,13,17573,16803.688,769.3125
10,23,1,11736,11840.262,104.26171875
10,15,23,12351,12589.363,238.36328125
2,10,17,18556,18818.486,262.486328125
8,26,3,12367,12151.951,215.048828125
9,4,2,12667,12207.65,459.349609375
6,8,5,10997,11434.705,437.705078125
9,13,0,12433,12499.095,66.0947265625
5,27,20,18380,18627.002,247.001953125
12,1,5,12300,12700.722,400.7216796875
5,31,17,15132,14659.052,472.9482421875
5,13,22,13599,13888.65,289.650390625
1,3,1,14212,14499.82,287.8203125
9,7,7,12470,12589.952,119.9521484375
2,19,2,15279,14968.756,310.244140625
1,3,13,17506,17853.443,347.443359375
9,13,5,12156,12343.455,187.455078125
12,27,19,17081,18194.617,1113.6171875
4,4,4,13998,13463.486,534.513671875
5,27,16,14112,13976.62,135.3798828125
2,17,14,17346,17769.936,423.935546875
12,17,13,18004,17987.178,16.822265625
9,8,19,14540,14810.918,270.91796875
12,8,9,16123,15925.004,197.99609375
8,11,19,16649,16107.596,541.404296875
11,22,19,17432,18166.283,734.283203125
9,29,4,11317,11029.104,287.896484375
2,12,4,14030,13620.896,409.103515625
10,2,3,11134,10880.288,253.7119140625
5,12,7,12428,12548.162,120.162109375
11,9,15,14629,15145.75,516.75
5,29,12,17502,17050.727,451.2734375
10,24,5,11437,11459.245,22.2451171875
9,19,5,13007,13149.074,142.07421875
9,7,10,20390,19763.725,626.275390625
1,11,2,13821,13163.236,657.763671875
3,13,19,19110,19816.064,706.064453125
10,15,5,12576,12495.385,80.615234375
3,18,14,14755,15190.976,435.9755859375
7,13,13,18045,17391.355,653.64453125
7,9,11,15508,15804.179,296.1787109375
4,25,9,15617,14497.724,1119.2763671875
3,3,11,14891,14344.051,546.94921875
11,28,9,17232,16773.164,458.8359375
3,20,2,12773,12715.785,57.21484375
9,4,22,14546,15089.398,543.3984375
2,2,18,18363,18065.695,297.3046875
3,22,3,13457,13241.004,215.99609375
5,9,10,13995,14163.908,168.908203125
8,31,4,11708,11874.879,166.87890625
3,15,17,16673,16680.54,7.5390625
2,21,18,16657,16522.117,134.8828125
9,3,9,15348,15367.565,19.5654296875
11,19,17,17236,17127.672,108.328125
8,6,1,11683,11860.956,177.9560546875
9,25,10,16735,16986.031,251.03125
6,27,1,12875,13218.414,343.4140625
5,11,10,16086,15753.743,332.2568359375
9,22,6,13345,13247.146,97.853515625
3,29,0,11910,12242.667,332.6669921875
11,15,6,13648,14143.009,495.0087890625
4,11,14,15751,15628.218,122.7822265625
7,21,16,19192,18734.201,457.798828125
3,13,0,13079,11575.156,1503.84375
6,2,21,15822,16452.314,630.314453125
5,21,3,10958,10534.753,423.2470703125
1,1,23,15504,15391.394,112.6064453125
10,30,23,14607,14376.403,230.5966796875
4,26,17,15112,14544.994,567.005859375
3,13,4,11717,10929.28,787.7197265625
5,30,1,12245,11682.537,562.462890625
5,10,18,13812,14273.807,461.806640625
6,17,21,17087,17116.416,29.416015625
6,13,21,16732,16745.938,13.9375
4,25,4,13098,12558.667,539.3330078125
7,21,21,18127,18380.219,253.21875
6,21,5,12701,12928.326,227.326171875
3,22,15,14543,15151.145,608.14453125
10,28,17,15891,16111.074,220.07421875
2,2,19,19477,18331.88,1145.119140625
9,14,1,12338,12708.561,370.560546875
10,14,7,14830,14591.272,238.7275390625
10,26,19,16211,17052.736,841.736328125
6,10,23,14186,15245.967,1059.966796875
2,22,12,15909,16651.314,742.314453125
1,13,17,17804,18057.191,253.19140625
5,10,7,11589,12068.038,479.0380859375
8,9,11,18143,18318.213,175.212890625
8,8,0,14946,14545.972,400.0283203125
11,30,11,17256,16217.906,1038.09375
7,15,1,13346,13408.496,62.49609375
11,19,16,17464,17115.566,348.43359375
4,21,14,14523,14986.272,463.2724609375
5,1,13,12419,13557.027,1138.02734375
1,25,17,19098,19288.428,190.427734375
11,12,6,12674,12926.707,252.70703125
1,9,8,18620,18225.148,394.8515625
4,5,9,16408,16486.273,78.2734375
3,6,14,16705,16554.21,150.7890625
11,3,1,12748,12925.148,177.1484375
11,16,17,17159,17361.787,202.787109375
7,19,16,18814,17774.008,1039.9921875
12,5,18,19844,19371.016,472.984375
3,29,9,14383,15117.271,734.271484375
5,13,10,15085,15723.063,638.0634765625
7,22,9,16523,17592.727,1069.7265625
12,3,10,16360,15858.994,501.005859375
8,28,22,15573,15436.002,136.998046875
3,3,10,16898,16595.361,302.638671875
4,26,13,15167,14957.173,209.8271484375
12,28,13,16768,17070.73,302.73046875
11,15,13,15869,15552.77,316.23046875
3,21,12,12883,12843.424,39.576171875
8,21,21,18412,18839.021,427.021484375
6,24,0,14975,14863.2705,111.7294921875
2,19,5,15690,15874.478,184.4775390625
1,6,7,15726,16124.83,398.830078125
8,13,4,13503,13476.777,26.22265625
9,15,9,15423,15571.581,148.5810546875
11,17,10,17416,17411.266,4.734375
2,28,19,16991,18299.346,1308.345703125
2,9,13,18431,18342.393,88.607421875
8,30,11,13708,13740.486,32.486328125
7,8,20,16399,16609.352,210.3515625
12,6,9,14962,15334.571,372.5712890625
2,17,6,14085,14185.243,100.2431640625
12,11,0,14618,14528.139,89.861328125
1,16,10,17991,17789.502,201.498046875
5,17,3,11220,11132.538,87.4619140625
7,1,10,14428,14014.299,413.701171875
9,5,1,11680,12699.194,1019.1943359375
8,8,7,15239,14498.099,740.9013671875
4,17,14,13094,13133.848,39.84765625
11,13,14,17005,16215.422,789.578125
3,25,1,13518,13621.033,103.033203125
5,11,5,12450,12575.547,125.546875
8,12,14,18292,17342.338,949.662109375
3,31,9,15254,15316.93,62.9296875
6,30,2,13698,13912.5625,214.5625
4,22,20,14075,14782.712,707.7119140625
4,25,17,15099,15016.223,82.77734375
10,2,17,17705,18387.014,682.013671875
3,17,18,15552,15532.144,19.8564453125
12,24,2,11739,12327.378,588.3779296875
3,1,16,15020,15066.167,46.1669921875
2,11,12,15941,15482.475,458.525390625
2,8,5,14296,14708.82,412.8203125
8,30,17,19787,19801.574,14.57421875
3,16,5,13524,13332.414,191.5859375
9,17,9,14452,15280.902,828.90234375
7,24,16,20224,20120.254,103.74609375
4,26,12,14065,14526.867,461.8671875
1,9,9,19110,18512.553,597.447265625
1,25,15,18643,18019.97,623.029296875
7,6,3,13995,13497.88,497.1201171875
3,17,5,13736,13265.657,470.3427734375
10,26,9,15320,15925.342,605.341796875
7,15,8,15529,15328.402,200.59765625
6,18,14,20720,20932.574,212.57421875
4,8,2,13116,13326.312,210.3115234375
10,14,5,11523,11887.221,364.220703125
11,16,3,13075,13689.781,614.78125
1,30,13,17723,17222.928,500.072265625
11,28,8,16435,15868.708,566.2919921875
6,15,1,12404,12769.374,365.3740234375
3,9,1,14143,13609.615,533.384765625
6,19,18,19874,19599.332,274.66796875
6,6,8,14657,14995.446,338.4462890625
12,7,13,17413,17728.996,315.99609375
5,4,12,14071,14087.91,16.91015625
6,12,16,17786,18906.576,1120.576171875
4,27,15,12276,13268.771,992.771484375
9,4,10,15064,14675.648,388.3515625
8,3,20,20017,20403.428,386.427734375
4,6,4,13185,12424.659,760.3408203125
1,17,3,14705,14802.207,97.20703125
3,11,19,18874,18620.654,253.345703125
7,7,13,21182,21301.13,119.130859375
1,10,20,19066,19307.238,241.23828125
11,13,9,17296,17041.877,254.123046875
5,14,5,12579,12372.336,206.6640625
11,13,20,17786,17549.998,236.001953125
12,23,15,15631,16123.137,492.13671875
5,30,7,14538,14395.705,142.294921875
1,10,0,15824,14669.122,1154.8779296875
1,30,3,15144,14545.732,598.267578125
5,7,16,15271,14726.297,544.703125
8,30,15,16398,16368.412,29.587890625
7,17,19,17147,17412.227,265.2265625
12,26,11,13060,13605.531,545.53125
10,27,18,16509,17087.123,578.123046875
9,30,1,12317,12399.68,82.6796875
1,17,13,18087,18209.025,122.025390625
12,5,23,16049,16537.63,488.630859375
4,23,16,12927,13379.76,452.759765625
8,16,3,14295,14143.441,151.55859375
7,3,8,16889,16863.732,25.267578125
6,5,22,14827,14104.994,722.005859375
4,28,23,13581,13688.763,107.7626953125
7,9,11,16417,15980.123,436.876953125
10,8,10,14842,15303.632,461.6318359375
10,20,12,14737,15634.4,897.400390625
12,18,14,17507,17596.004,89.00390625
7,30,22,16154,15537.657,616.3427734375
9,23,9,17442,17718.44,276.439453125
12,15,3,15518,15233.237,284.7626953125
12,2,12,17843,17680.152,162.84765625
4,24,15,11967,12899.948,932.9482421875
3,13,7,17438,15696.21,1741.7900390625
4,18,3,12733,12353.307,379.693359375
4,22,18,13625,13624.959,0.041015625
11,1,20,17616,17535.768,80.232421875
10,11,20,16591,16775.436,184.435546875
2,18,15,17428,17996.451,568.451171875
10,14,3,11369,11511.602,142.6015625
1,25,18,19332,18734.709,597.291015625
11,9,14,15619,15457.441,161.55859375
3,13,15,16534,16697.666,163.666015625
5,6,14,12235,12285.631,50.630859375
9,15,1,13143,13874.598,731.59765625
1,9,2,14691,14640.248,50.751953125
8,11,20,19345,19389.943,44.943359375
5,28,1,11217,10934.988,282.01171875
8,12,5,12529,12553.039,24.0390625
12,21,23,15613,15184.098,428.90234375
7,21,6,14202,13749.971,452.029296875
4,18,23,14605,14705.277,100.27734375
10,17,8,12511,12682.725,171.724609375
11,28,13,16462,16014.565,447.4345703125
9,15,8,13729,13392.088,336.912109375
4,11,13,16599,16190.833,408.1669921875
3,20,6,16084,14939.929,1144.0712890625
11,23,9,18110,17896.63,213.369140625
3,2,7,15576,15612.23,36.23046875
10,18,12,15051,15641.694,590.6943359375
4,25,9,14888,14316.133,571.8671875
3,10,3,12838,13279.588,441.587890625
1,16,7,16309,16255.3545,53.6455078125
11,17,20,16404,16155.141,248.859375
3,7,11,16405,15877.408,527.591796875
10,23,15,16458,16030.844,427.15625
8,7,18,21663,21700.205,37.205078125
3,23,17,17671,17431.066,239.93359375
1,21,19,19983,19433.373,549.626953125
2,12,5,15506,15276.268,229.732421875
8,20,12,18756,19258.158,502.158203125
12,18,11,16710,16823.143,113.142578125
9,21,17,18924,18427.838,496.162109375
5,24,4,11547,11164.209,382.791015625
6,1,7,15721,14655.889,1065.111328125
11,16,19,16903,16717.367,185.6328125
1,5,10,14727,15229.674,502.673828125
1,22,4,13919,13303.814,615.185546875
11,13,0,13623,13382.227,240.7734375
12,27,20,17667,18370.639,703.638671875
1,24,15,17258,17708.326,450.326171875
10,19,13,14334,14575.225,241.224609375
9,8,6,17174,16795.598,378.40234375
6,6,19,17118,17038.305,79.6953125
11,13,17,17303,17439.053,136.052734375
3,31,12,15702,15248.34,453.66015625
11,3,9,16255,15981.934,273.06640625
9,29,3,11513,11500.246,12.75390625
2,10,14,17334,17412.68,78.6796875
9,3,12,18025,17738.76,286.240234375
7,24,5,13617,14098.021,481.021484375
11,19,2,13764,14043.504,279.50390625
3,12,9,16798,16455.986,342.013671875
7,17,23,16302,15758.857,543.142578125
2,15,7,15419,14981.694,437.3056640625
10,9,13,15769,15116.959,652.041015625
2,7,9,18391,17886.357,504.642578125
9,17,4,11839,12410.835,571.8349609375
3,27,4,13752,14171.01,419.009765625
7,14,12,18992,18971.016,20.984375
8,31,23,15310,14942.811,367.189453125
10,13,9,15543,15478.68,64.3203125
12,6,9,16639,16524.465,114.53515625
4,21,14,14429,14094.336,334.6640625
10,20,17,16756,16804.229,48.228515625
8,10,9,14263,14217.379,45.62109375
12,21,5,12721,13605.02,884.01953125
6,17,5,11883,12069.054,186.0537109375
3,6,21,16485,15775.022,709.9775390625
4,30,13,12664,12734.049,70.048828125
11,13,14,12573,12863.039,290.0390625
12,26,23,14483,13973.742,509.2578125
3,10,2,13703,13830.894,127.8935546875
10,6,20,15089,15212.1045,123.1044921875
4,8,1,12006,12012.498,6.498046875
3,16,3,13976,13737.016,238.984375
8,18,7,16295,15464.435,830.5654296875
12,19,13,17467,17351.223,115.77734375
7,29,18,19703,19914.873,211.873046875
4,21,7,13129,13857.677,728.6767578125
6,19,10,15248,16445.043,1197.04296875
9,5,14,13633,14359.865,726.865234375
8,16,9,18073,17398.145,674.85546875
2,22,12,16649,16767.162,118.162109375
12,14,14,17679,17589.562,89.4375
5,7,23,12885,12703.855,181.14453125
1,23,8,18062,17652.084,409.916015625
11,1,17,16594,16434.463,159.537109375
10,3,22,14576,14516.303,59.697265625
10,12,21,16063,16620.816,557.81640625
1,15,7,18078,17483.24,594.759765625
9,26,14,13126,14073.803,947.802734375
7,6,12,20787,21097.924,310.923828125
2,19,6,15749,16000.132,251.1318359375
6,23,13,14058,14420.326,362.326171875
8,26,22,15978,16154.426,176.42578125
1,29,4,13636,13972.034,336.0341796875
1,29,9,18772,18036.58,735.419921875
8,11,22,16619,16619.69,0.689453125
5,2,4,12629,12590.572,38.427734375
10,12,13,13584,14043.344,459.34375
11,2,5,13144,12967.621,176.37890625
3,19,10,15977,17213.451,1236.451171875
2,19,13,16986,16903.074,82.92578125
5,14,8,15027,14812.934,214.06640625
2,15,1,14264,13914.756,349.244140625
12,11,20,16303,16958.768,655.767578125
11,30,0,14538,13777.67,760.330078125
5,25,20,14325,14792.762,467.76171875
5,2,4,11788,11803.189,15.189453125
9,19,7,14847,14440.1875,406.8125
1,10,10,18250,17867.158,382.841796875
12,12,20,19149,19061.477,87.5234375
4,30,4,12039,12470.508,431.5078125
2,9,6,16129,16256.215,127.21484375
11,14,6,12416,13237.051,821.05078125
8,17,17,17546,17988.275,442.275390625
5,19,7,13486,14083.505,597.5048828125
11,21,7,14705,15118.882,413.8818359375
11,22,0,14090,13626.512,463.48828125
8,15,15,18876,18928.69,52.689453125
4,4,1,13500,13278.929,221.0712890625
5,14,19,13289,13409.469,120.46875
8,3,5,15376,15200.619,175.380859375
5,11,21,16011,16440.986,429.986328125
6,9,19,16901,17180.213,279.212890625
4,1,12,15326,15825.632,499.6318359375
12,19,2,15100,14827.801,272.19921875
3,16,4,13806,14198.461,392.4609375
3,16,19,16123,16185.742,62.7421875
10,7,17,15170,15748.014,578.013671875
12,2,16,17771,17831.33,60.330078125
8,29,19,16849,17762.71,913.7109375
9,16,8,14950,15202.291,252.291015625
10,12,18,15436,14993.214,442.7861328125
5,24,6,12604,13039.449,435.44921875
1,15,12,17012,16777.182,234.818359375
7,29,11,15988,16434.969,446.96875
6,28,18,19188,19769.6,581.599609375
9,29,2,12511,12982.8125,471.8125
7,23,15,17755,17691.346,63.654296875
1,8,3,14284,14273.592,10.408203125
10,12,16,13580,13675.238,95.23828125
9,25,18,16735,17339.975,604.974609375
9,8,10,13079,13577.647,498.6474609375
1,20,13,18307,18219.393,87.607421875
11,26,20,16889,16401.963,487.037109375
9,14,22,17848,17258.01,589.990234375
8,5,16,20295,20398.402,103.40234375
12,24,12,13102,14603.045,1501.044921875
8,20,8,12423,12653.254,230.25390625
11,30,10,17317,15681.533,1635.466796875
11,27,20,18390,18767.1,377.099609375
11,18,1,12975,12814.525,160.474609375
8,6,7,12192,12194.608,2.6083984375
8,17,2,15188,15383.758,195.7578125
9,5,3,14880,14635.6,244.400390625
9,1,0,13927,13706.13,220.8701171875
9,4,6,15351,15062.449,288.55078125
11,5,6,13002,13384.073,382.0732421875
1,9,1,15020,14429.185,590.8154296875
5,7,15,13750,14170.06,420.0595703125
5,20,17,15765,16406.604,641.603515625
3,24,20,15484,16004.884,520.8837890625
5,16,13,15764,14900.986,863.013671875
3,28,19,16669,16996.42,327.419921875
4,24,13,13868,14673.284,805.2841796875
8,17,5,12897,13084.128,187.1279296875
1,3,22,17677,17110.553,566.447265625
4,5,8,16315,16074.77,240.23046875
9,17,1,12288,12799.55,511.5498046875
6,24,7,12723,12745.328,22.328125
8,2,22,17094,17493.22,399.220703125
4,12,15,15017,14502.572,514.427734375
6,8,4,12152,12071.4795,80.5205078125
6,28,20,18494,19044.146,550.146484375
9,2,19,18991,18016.24,974.759765625
7,23,14,20623,19675.133,947.8671875
6,14,8,14605,14233.045,371.955078125
5,27,12,17623,17314.088,308.912109375
11,20,16,16672,16582.268,89.732421875
3,23,17,15180,14890.375,289.625
2,6,3,14298,14267.951,30.048828125
2,2,20,18035,17996.28,38.720703125
8,26,17,19210,19548.992,338.9921875
1,20,8,17099,17866.303,767.302734375
7,22,17,21300,21507.705,207.705078125
1,22,3,13678,14067.684,389.68359375
10,23,17,14986,15182.93,196.9296875
5,22,4,10426,10775.45,349.4501953125
12,2,18,20025,18719.434,1305.56640625
1,31,15,17782,18486.752,704.751953125
9,13,15,14763,15616.016,853.015625
12,9,17,17346,17610.223,264.22265625
3,17,2,13324,13637.759,313.7587890625
4,18,22,14585,14797.595,212.5947265625
2,7,2,13018,12452.87,565.1298828125
4,10,2,12277,12608.67,331.669921875
8,28,3,12238,11825.47,412.5302734375
6,29,5,12489,13173.068,684.068359375
3,12,5,14547,14273.152,273.84765625
11,6,4,11638,11462.226,175.7744140625
9,5,12,21587,21805.146,218.146484375
1,3,9,17643,17623.477,19.5234375
10,17,21,15510,16173.987,663.9873046875
6,12,8,12726,12574.346,151.654296875
4,5,3,11757,11266.914,490.0859375
4,1,21,16103,16439.783,336.783203125
5,14,20,14290,14986.487,696.4873046875
10,6,5,10878,11051.085,173.0849609375
8,30,14,18984,19102.52,118.51953125
2,8,12,17020,17514.172,494.171875
3,14,20,16936,16922.133,13.8671875
3,17,3,13438,13614.652,176.65234375
10,3,4,12055,11795.55,259.4501953125
12,9,10,15763,15657.342,105.658203125
12,9,7,13934,14347.838,413.837890625
5,21,11,16956,17426.186,470.185546875
9,19,0,13914,14519.496,605.49609375
4,17,10,16337,16428.44,91.439453125
12,28,4,11677,11743.724,66.7236328125
7,24,22,18051,17205.857,845.142578125
9,5,23,19128,19491.4,363.400390625
5,31,12,13612,14605.295,993.294921875
3,17,9,15261,15211.826,49.173828125
5,31,2,10558,10973.97,415.9697265625
12,22,16,17798,18050.295,252.294921875
6,26,6,12919,12966.926,47.92578125
6,18,10,12614,12768.12,154.1201171875
3,18,0,13584,14230.7295,646.7294921875
4,19,7,11241,11921.737,680.7373046875
5,30,18,13543,14254.078,711.078125
2,10,10,17700,17425.53,274.470703125
1,8,0,16221,15101.557,1119.443359375
11,7,5,12693,12984.167,291.1669921875
12,22,18,19013,18681.896,331.103515625
5,20,2,11953,12195.973,242.97265625
1,3,19,19234,19442.303,208.302734375
10,27,14,15149,14620.677,528.3232421875
7,15,7,14644,14253.936,390.064453125
1,13,14,18049,18204.867,155.8671875
11,29,20,18496,18273.168,222.83203125
11,23,21,17262,16630.967,631.033203125
1,24,16,20061,19882.893,178.107421875
6,4,7,14098,13575.348,522.65234375
1,5,13,19585,19645.666,60.666015625
12,18,10,19268,18407.064,860.935546875
3,2,23,17895,17621.154,273.845703125
7,31,5,13518,14174.038,656.0380859375
12,4,12,15985,16931.234,946.234375
6,26,20,16424,17413.86,989.859375
5,15,19,18074,17787.59,286.41015625
12,19,17,17920,18484.307,564.306640625
10,18,22,15173,15543.74,370.740234375
9,24,4,12661,13035.709,374.708984375
8,14,23,16308,16006.914,301.0859375
8,7,5,12642,13866.122,1224.1220703125
7,13,8,16161,16841.611,680.611328125
9,30,7,15131,14628.559,502.44140625
10,23,9,15710,16162.588,452.587890625
7,4,21,21671,22032.426,361.42578125
10,24,10,15616,16128.55,512.5498046875
7,19,21,18120,17852.545,267.455078125
4,14,13,13282,14229.535,947.53515625
11,28,3,12797,12406.197,390.802734375
5,15,6,11969,12809.473,840.47265625
2,28,16,16465,17075.229,610.228515625
9,10,0,13824,13554.238,269.76171875
11,29,13,17370,16717.443,652.556640625
6,6,11,15156,15565.708,409.7080078125
7,26,7,14397,14370.649,26.3505859375
9,5,20,16864,17035.346,171.345703125
5,2,12,15237,15320.903,83.9033203125
8,8,10,18478,18761.53,283.529296875
10,9,1,12825,12956.82,131.8203125
11,21,22,16720,15784.322,935.677734375
7,21,21,17894,17678.883,215.1171875
6,23,6,14386,14715.76,329.759765625
2,9,0,16663,16012.338,650.662109375
7,15,16,19727,20022.924,295.923828125
11,9,17,16698,16221.711,476.2890625
2,26,9,16822,16536.547,285.453125
3,19,21,15567,15721.995,154.9951171875
4,18,9,12111,13666.787,1555.787109375
1,27,11,17019,15906.234,1112.765625
10,27,10,16940,16769.256,170.744140625
9,22,6,14282,13650.277,631.72265625
6,21,1,12324,12193.207,130.79296875
12,11,16,15912,15826.191,85.80859375
7,30,11,18415,18306.75,108.25
1,6,20,19782,20420.709,638.708984375
8,11,2,12379,12066.107,312.892578125
4,30,17,15072,15355.194,283.1943359375
5,5,0,12752,12288.344,463.65625
6,14,3,12209,12276.177,67.1767578125
8,8,13,21220,20570.1,649.900390625
3,3,6,13691,13201.968,489.0322265625
12,29,23,14724,14318.496,405.50390625
4,1,0,12592,12520.131,71.869140625
12,16,12,18024,17788.299,235.701171875
3,18,18,16187,16382.064,195.064453125
9,26,14,14379,15659.117,1280.1171875
7,11,7,15375,14631.344,743.65625
4,4,17,13206,13167.137,38.86328125
6,24,3,12021,12614.582,593.58203125
1,20,18,17278,17228.943,49.056640625
5,27,4,12518,13284.2295,766.2294921875
9,22,12,18150,18840.479,690.478515625
3,3,11,16794,16604.863,189.13671875
10,9,8,12497,12423.264,73.736328125
6,30,23,16365,16975.174,610.173828125
4,2,0,13786,13722.417,63.5830078125
8,22,20,17681,17729.502,48.501953125
8,13,18,20599,20823.41,224.41015625
11,16,11,15427,14896.106,530.8935546875
2,26,9,17793,17305.709,487.291015625
2,27,5,14142,13617.725,524.275390625
2,2,0,15673,15581.27,91.73046875
11,22,14,16516,16775.629,259.62890625
9,16,12,13993,14686.139,693.138671875
5,1,16,13980,14052.787,72.787109375
11,18,20,18353,18448.06,95.060546875
3,8,15,15071,15642.496,571.49609375
6,6,14,14477,14747.759,270.7587890625
12,15,16,18093,18064.078,28.921875
12,11,8,18151,17514.639,636.361328125
3,7,20,19753,19904.432,151.431640625
3,19,19,16594,16750.705,156.705078125
10,11,20,13996,14666.923,670.9228515625
8,30,18,17751,18934.61,1183.609375
10,1,15,14039,15269.414,1230.4140625
10,20,18,16198,16332.68,134.6796875
6,12,14,14775,14546.115,228.884765625
1,25,1,14611,14466.479,144.521484375
10,24,16,14991,15789.021,798.021484375
3,2,5,14664,14839.239,175.2392578125
1,14,20,19328,19632.791,304.791015625
10,2,19,16533,16740.56,207.560546875
10,19,15,15717,16057.764,340.763671875
4,25,5,12921,12692.428,228.572265625
8,18,16,15838,15739.439,98.560546875
10,24,3,11389,11616.971,227.970703125
3,24,12,15454,16097.546,643.5458984375
9,2,19,16920,17621.553,701.552734375
5,2,13,15667,15170.125,496.875
3,1,13,16672,16080.828,591.171875
2,23,12,16042,15438.084,603.916015625
11,11,1,12591,12509.744,81.255859375
9,25,19,17430,17545.53,115.529296875
9,11,9,14766,14998.3,232.2998046875
3,7,10,15418,14881.506,536.494140625
1,2,7,13999,14963.128,964.1279296875
11,2,6,14271,13127.182,1143.818359375
8,27,1,14613,14679.314,66.314453125
3,12,17,19178,19352.014,174.013671875
7,8,21,18172,18467.54,295.5390625
4,2,16,14484,14473.947,10.052734375
6,16,18,13877,13229.891,647.109375
9,8,11,13342,13934.977,592.9765625
10,14,17,14476,15526.869,1050.869140625
7,7,8,16956,17003.873,47.873046875
8,5,11,18030,18701.836,671.8359375
11,7,20,16440,17062.844,622.84375
4,30,0,11591,11755.606,164.6064453125
12,4,18,19802,18884.098,917.90234375
12,6,14,18041,17815.537,225.462890625
7,17,16,20625,21131.336,506.3359375
12,20,10,19510,18500.865,1009.134765625
12,22,2,13809,13904.288,95.2880859375
3,18,20,16926,17217.861,291.861328125
9,15,0,12918,13044.496,126.49609375
4,24,3,12950,12740.397,209.6025390625
2,20,15,18913,19039.975,126.974609375
11,14,10,16704,15778.313,925.6865234375
10,27,9,13342,12899.023,442.9765625
12,16,17,19590,19354.436,235.564453125
6,27,7,13402,14128.664,726.6640625
3,2,0,16231,15553.815,677.1845703125
9,1,12,16966,16934.252,31.748046875
8,2,2,14256,14223.092,32.908203125
9,5,14,20390,20656.49,266.490234375
9,3,13,15860,16062.377,202.376953125
7,26,12,19625,19613.883,11.1171875
4,22,19,15206,16006.323,800.3232421875
11,1,13,15990,16295.306,305.3056640625
12,30,1,14026,14030.527,4.52734375
2,8,15,18403,17947.76,455.240234375
1,24,20,18339,18058.8,280.19921875
3,1,15,16424,15795.11,628.8896484375
5,31,23,17412,17327.02,84.98046875
8,15,7,15094,15207.11,113.1103515625
1,9,18,20372,19514.932,857.068359375
12,1,15,17584,17525.463,58.537109375
2,27,14,15940,16252.004,312.00390625
5,30,16,16221,16548.42,327.419921875
11,12,13,15381,14954.916,426.083984375
1,28,0,15337,15217.418,119.58203125
8,26,5,12901,12850.025,50.974609375
6,30,20,20450,21794.807,1344.806640625
4,27,20,16269,15704.328,564.671875
1,3,13,18804,18796.277,7.72265625
10,6,16,15955,15997.357,42.357421875
12,25,23,15102,15285.059,183.05859375
3,24,1,13544,14139.516,595.515625
8,10,17,23767,22368.064,1398.935546875
6,6,20,16314,16127.028,186.9716796875
12,21,4,14682,14409.426,272.57421875
10,20,19,16431,15868.536,562.4638671875
2,23,14,19231,19255.68,24.6796875
12,19,23,17832,17230.533,601.466796875
3,29,5,13771,13165.579,605.4208984375
1,24,21,18747,18791.432,44.431640625
7,15,19,18712,19603.084,891.083984375
11,10,6,12906,13217.98,311.98046875
6,16,9,16868,16836.568,31.431640625
10,20,7,15055,14484.588,570.412109375
12,9,13,19021,18227.127,793.873046875
10,28,15,14236,14885.842,649.841796875
8,18,3,13601,13709.162,108.162109375
2,14,7,16292,15880.869,411.130859375
5,3,10,15042,14755.496,286.50390625
6,11,11,15507,14868.181,638.8193359375
9,7,17,15878,15596.896,281.103515625
1,4,0,15533,15691.033,158.033203125
10,14,10,15399,15324.943,74.056640625
3,6,19,17602,17607.38,5.380859375
11,10,15,14835,15369.9375,534.9375
7,3,23,13812,14400.198,588.1982421875
1,27,23,17735,18474.166,739.166015625
8,10,7,14938,14834.375,103.625
7,26,13,20235,20096.852,138.1484375
2,22,17,17190,17601.0,411.0
1,3,11,16339,16993.459,654.458984375
1,27,3,14513,14623.131,110.130859375
6,4,11,16520,15425.465,1094.53515625
1,18,16,17400,17619.01,219.009765625
8,6,0,12240,12343.533,103.533203125
4,17,21,15502,15373.066,128.93359375
1,15,0,16197,16526.795,329.794921875
11,3,6,13098,12051.537,1046.462890625
3,22,20,16434,16190.869,243.130859375
11,8,9,15241,15078.524,162.4755859375
6,20,18,17115,16811.87,303.130859375
4,7,12,16678,16212.634,465.3662109375
6,9,9,15182,15061.621,120.37890625
10,14,16,14070,14202.276,132.2763671875
10,23,4,12604,12650.994,46.994140625
12,4,1,15355,15238.594,116.40625
9,3,2,13458,13467.922,9.921875
12,24,20,17419,18598.01,1179.009765625
1,18,19,19691,19549.549,141.451171875
9,13,0,14045,13762.639,282.361328125
2,17,4,14731,14140.3,590.7001953125
8,25,12,16562,16361.175,200.8251953125
2,25,8,19447,19018.232,428.767578125
11,3,9,15418,15361.3955,56.6044921875
6,4,13,15352,15659.602,307.6015625
9,30,11,14226,14940.973,714.97265625
10,15,17,14430,14222.558,207.4423828125
9,22,1,12948,13007.232,59.232421875
10,28,12,14604,15377.951,773.951171875
10,26,19,16870,17775.71,905.7109375
3,6,0,14760,14662.797,97.203125
7,8,19,16325,16899.383,574.3828125
8,29,8,16923,16156.139,766.861328125
11,15,18,16363,15756.146,606.853515625
11,29,16,17807,17096.006,710.994140625
8,4,20,19064,19957.525,893.525390625
1,31,23,17199,17156.791,42.208984375
10,19,17,14233,14301.519,68.5185546875
1,10,14,18096,17531.021,564.978515625
5,8,15,16182,17153.201,971.201171875
7,29,17,18929,18955.205,26.205078125
11,26,7,14899,14213.289,685.7109375
7,5,9,16608,16703.879,95.87890625
1,24,7,18143,17868.936,274.064453125
8,30,16,15133,15089.982,43.017578125
12,30,13,16999,16491.605,507.39453125
3,13,7,14701,14646.744,54.255859375
12,25,23,15476,15794.083,318.0830078125
10,22,22,14348,14254.616,93.3837890625
11,27,9,16158,15897.254,260.74609375
8,30,5,14789,15686.463,897.462890625
12,25,18,15762,15686.744,75.255859375
3,25,20,17565,17917.46,352.4609375
6,26,1,12606,12361.377,244.623046875
6,26,12,16430,16668.076,238.076171875
7,19,6,13750,13902.886,152.8857421875
12,14,17,17517,17045.844,471.15625
7,21,2,15454,16291.636,837.6357421875
11,13,15,12747,13384.561,637.560546875
9,26,0,12804,13665.864,861.8642578125
9,16,5,11562,12285.829,723.8291015625
4,13,1,12078,12160.246,82.24609375
1,30,1,15353,14993.715,359.28515625
8,27,11,17007,16764.451,242.548828125
7,17,19,22032,21361.355,670.64453125
8,13,14,17200,17962.42,762.419921875
7,9,23,17734,18060.182,326.181640625
9,18,13,16002,16122.061,120.060546875
2,15,2,16409,16513.324,104.32421875
1,24,19,19659,20176.816,517.81640625
10,28,10,16629,16040.149,588.8505859375
3,17,1,13611,13804.013,193.0126953125
4,14,13,13178,13875.125,697.125
2,14,4,15895,15594.629,300.37109375
3,30,11,14376,14889.749,513.7490234375
9,9,21,17956,17581.08,374.919921875
10,3,11,17384,17358.195,25.8046875
2,2,13,16265,15737.35,527.650390625
1,30,4,15129,15006.246,122.75390625
5,29,21,18119,17422.295,696.705078125
3,4,21,19527,18083.055,1443.9453125
1,12,9,18711,17966.82,744.1796875
1,2,14,17850,18640.393,790.392578125
4,21,17,15143,14887.517,255.4833984375
10,28,7,15236,14133.075,1102.9248046875
2,25,20,18324,18379.045,55.044921875
9,27,23,13693,13791.95,98.9501953125
9,21,12,14729,14598.647,130.3525390625
8,3,8,13293,15707.319,2414.3193359375
12,11,8,19277,18322.203,954.796875
2,15,0,17285,16541.832,743.16796875
5,4,14,14485,14222.646,262.353515625
2,24,14,19422,18845.836,576.1640625
12,24,14,15534,16824.348,1290.34765625
2,4,15,16649,16484.396,164.603515625
11,26,5,12261,12254.0205,6.9794921875
7,16,4,13595,13357.998,237.001953125
10,29,10,14643,14177.27,465.73046875
10,15,3,10883,10996.888,113.8876953125
3,15,15,15016,15052.157,36.1572265625
11,7,4,12528,12325.7,202.2998046875
11,17,6,12949,12848.083,100.9169921875
10,4,7,11994,11758.643,235.357421875
5,9,15,14601,15062.899,461.8994140625
1,10,17,18825,18384.732,440.267578125
3,1,9,15151,15213.139,62.138671875
2,12,7,16086,15897.119,188.880859375
6,10,15,17077,16699.734,377.265625
1,27,6,15105,16019.932,914.931640625
3,6,14,17264,16592.672,671.328125
7,5,3,13154,13247.61,93.6103515625
6,30,2,14497,14869.145,372.14453125
8,14,14,18134,17960.21,173.7890625
11,17,22,16338,16379.545,41.544921875
11,11,5,12965,12589.248,375.751953125
6,7,23,17573,17621.484,48.484375
7,28,1,13023,13659.2705,636.2705078125
1,27,10,19298,18814.092,483.908203125
12,6,16,17516,17472.432,43.568359375
2,23,19,18149,17923.732,225.267578125
7,9,22,16992,16871.43,120.5703125
11,19,6,13580,14183.174,603.173828125
8,28,23,13941,14815.271,874.271484375
9,14,3,12195,12161.142,33.8583984375
8,21,17,19591,20274.195,683.1953125
10,2,16,13296,13736.745,440.7451171875
10,9,15,14030,14542.671,512.6708984375
5,16,10,11620,13452.283,1832.283203125
11,23,13,15989,14898.914,1090.0859375
7,30,18,17402,18156.691,754.69140625
2,24,21,16577,16668.33,91.330078125
11,13,12,17369,16340.244,1028.755859375
5,20,5,10984,11022.319,38.3193359375
9,12,5,12805,12286.432,518.568359375
11,1,8,16039,15686.297,352.703125
4,4,21,16213,16648.475,435.474609375
7,24,19,20071,19446.627,624.373046875
1,9,18,17628,17430.346,197.654296875
11,16,7,13487,13771.545,284.544921875
8,18,11,15631,16046.653,415.6533203125
6,15,22,15877,15398.816,478.18359375
10,9,22,13833,14250.568,417.568359375
11,19,3,13182,12120.416,1061.583984375
10,22,12,15204,15515.453,311.453125
2,21,0,16303,15925.555,377.4453125
3,14,1,13607,13349.79,257.2099609375
4,1,22,15707,15708.246,1.24609375
8,29,8,16114,15760.527,353.47265625
9,26,12,13621,13961.318,340.318359375
1,28,5,13527,13196.129,330.87109375
12,21,9,18000,17697.953,302.046875
6,25,21,18868,18455.205,412.794921875
2,23,12,17882,17557.979,324.021484375
12,21,3,14176,13861.112,314.8876953125
10,15,12,13696,14583.607,887.607421875
9,13,0,13036,13372.32,336.3203125
6,13,19,17127,17559.746,432.74609375
4,16,3,10229,10576.205,347.205078125
8,25,20,16839,17514.719,675.71875
2,3,10,16643,16568.17,74.830078125
11,15,19,18548,18943.674,395.673828125
11,26,16,17542,16613.98,928.01953125
11,21,19,19015,19199.62,184.619140625
12,15,9,17109,17613.455,504.455078125
4,5,16,15753,15369.336,383.6640625
2,7,14,16655,16375.904,279.095703125
1,4,19,18652,18761.047,109.046875
2,26,12,16754,16384.889,369.111328125
4,23,1,11979,11704.229,274.771484375
11,11,0,13569,12726.677,842.3232421875
3,18,13,15966,16522.244,556.244140625
8,23,4,11966,11678.762,287.23828125
8,9,3,11593,11369.429,223.5712890625
12,18,10,16432,16568.588,136.587890625
9,3,2,12177,12722.426,545.42578125
2,7,10,18026,17298.545,727.455078125
7,11,17,19929,19796.139,132.861328125
6,22,2,11867,11632.7295,234.2705078125
10,5,22,13164,12948.686,215.314453125
10,1,19,16531,16708.7,177.69921875
4,2,7,16158,15264.657,893.3427734375
7,23,9,16155,16405.986,250.986328125
12,23,11,17973,18116.256,143.255859375
9,12,11,17037,16999.354,37.646484375
3,4,19,18558,18525.547,32.453125
11,13,14,17021,17678.736,657.736328125
5,20,17,14367,13570.059,796.94140625
2,27,8,14934,14411.996,522.00390625
3,21,2,13194,12773.146,420.853515625
4,4,0,13779,13479.965,299.03515625
3,28,3,11733,11760.448,27.4482421875
10,1,3,11973,12006.402,33.40234375
8,19,1,15180,15376.172,196.171875
12,29,5,13394,12578.485,815.5146484375
12,23,9,18549,18065.332,483.66796875
8,17,21,17251,17294.557,43.556640625
11,26,1,13242,13247.525,5.525390625
2,24,0,15439,14619.755,819.2451171875
11,20,22,17551,17050.252,500.748046875
1,3,11,18311,17421.09,889.91015625
7,29,17,22471,23436.201,965.201171875
10,28,6,14373,13706.178,666.822265625
3,21,4,13056,12914.832,141.16796875
9,20,21,14965,14953.545,11.455078125
7,13,22,17580,19173.229,1593.228515625
7,16,21,20045,20102.775,57.775390625
7,14,18,21335,21552.57,217.5703125
11,12,19,16436,17272.604,836.603515625
1,3,16,17836,17907.14,71.140625
5,14,6,11185,11300.89,115.8896484375
3,3,5,12950,12432.836,517.1640625
8,28,7,17652,16840.47,811.529296875
8,15,2,13226,13153.588,72.412109375
8,9,7,15648,15010.514,637.486328125
11,23,20,17523,17272.527,250.47265625
7,27,20,18575,20356.88,1781.880859375
9,5,18,19795,18625.936,1169.064453125
4,21,9,13283,12997.945,285.0546875
2,8,16,17424,18069.744,645.744140625
5,29,22,15743,14867.834,875.166015625
10,25,13,16272,16565.562,293.5625
3,1,17,17432,17173.791,258.208984375
7,17,23,15990,16129.713,139.712890625
7,21,11,17507,17111.291,395.708984375
9,22,1,13125,13317.447,192.447265625
8,21,22,16483,16172.067,310.9326171875
12,7,8,15827,15511.744,315.255859375
6,15,8,12314,12036.425,277.5751953125
12,7,2,14656,15003.828,347.828125
9,9,11,19277,18634.7,642.30078125
6,26,1,13089,13166.102,77.1015625
1,23,23,16481,16598.67,117.669921875
10,12,12,14745,14793.505,48.5048828125
5,21,4,12066,12282.15,216.150390625
10,23,15,16140,15825.752,314.248046875
10,2,23,12888,13402.43,514.4296875
3,9,12,16107,16503.67,396.669921875
3,18,8,16307,16183.096,123.904296875
8,2,9,17824,17525.232,298.767578125
8,2,22,19204,18890.031,313.96875
10,11,13,15153,15137.172,15.828125
9,5,20,16055,17283.145,1228.14453125
6,16,19,18579,18168.938,410.0625
5,30,5,11974,12155.84,181.83984375
11,5,2,12293,12385.434,92.43359375
2,6,12,18171,17371.025,799.974609375
8,27,15,16258,16239.827,18.1728515625
1,3,0,14599,14712.137,113.13671875
1,15,5,13120,13562.802,442.8017578125
3,2,9,18016,17468.232,547.767578125
12,14,3,13111,12968.284,142.7158203125
12,27,10,14109,14890.328,781.328125
7,2,20,21431,21802.469,371.46875
12,21,2,13874,13653.309,220.69140625
4,4,18,16270,16766.416,496.416015625
11,22,9,16779,16527.146,251.853515625
7,7,7,17526,16308.225,1217.775390625
8,9,14,18041,18941.4,900.400390625
6,26,10,15153,15317.561,164.560546875
6,30,18,20597,19731.703,865.296875
8,28,21,18400,17978.713,421.287109375
2,21,6,15638,15614.544,23.4560546875
6,3,19,15706,15465.209,240.791015625
2,20,12,19634,19328.56,305.439453125
4,30,8,14640,14328.924,311.076171875
6,14,22,15588,16444.13,856.130859375
1,17,15,17984,17715.586,268.4140625
11,1,8,12704,12510.037,193.962890625
9,2,5,10835,11092.882,257.8818359375
11,1,12,13732,13187.02,544.98046875
10,21,3,12203,12419.161,216.1611328125
2,10,15,14789,14877.952,88.9521484375
10,19,11,15701,16405.322,704.322265625
6,28,16,16572,16824.5,252.5
3,11,7,17079,15481.791,1597.208984375
10,4,1,13748,14264.535,516.53515625
9,22,6,13529,13052.48,476.51953125
2,8,1,13800,14320.682,520.681640625
12,8,17,19658,19171.873,486.126953125
4,2,3,12432,12157.055,274.9453125
11,28,4,12678,12216.639,461.361328125
8,12,5,12807,13092.43,285.4296875
11,5,15,15612,16186.018,574.017578125
4,15,22,12730,12769.465,39.46484375
2,24,11,17699,18037.352,338.3515625
5,7,18,14351,14765.682,414.681640625
2,25,7,16356,15151.742,1204.2578125
5,31,7,10589,11705.342,1116.341796875
9,6,1,11700,11679.645,20.35546875
7,15,20,17092,18074.719,982.71875
6,3,14,13680,13648.527,31.47265625
2,3,21,20906,21289.371,383.37109375
6,9,22,13937,13892.082,44.91796875
11,16,20,17345,17285.418,59.58203125
12,27,7,14511,15106.068,595.068359375
6,9,8,14706,14944.815,238.8154296875
9,15,0,12934,12849.061,84.939453125
7,5,4,14433,14288.6875,144.3125
7,5,3,13113,13501.167,388.1669921875
4,8,13,15511,15610.242,99.2421875
9,15,5,12443,12516.988,73.98828125
5,3,17,14962,15065.16,103.16015625
4,5,17,16051,15939.742,111.2578125
3,9,12,16369,15734.48,634.51953125
11,29,3,14225,13359.171,865.8291015625
7,25,15,18227,17713.656,513.34375
10,21,23,13104,13487.516,383.515625
4,2,13,14724,15535.518,811.517578125
11,23,1,13630,13478.458,151.5419921875
11,1,20,17045,17905.494,860.494140625
8,6,12,15876,16889.186,1013.185546875
4,24,8,12711,12030.922,680.078125
9,3,23,16971,16935.492,35.5078125
5,5,16,15548,14897.13,650.8701171875
5,6,5,12501,12421.219,79.78125
7,26,22,18352,18508.205,156.205078125
6,22,10,15954,16149.671,195.6708984375
10,20,6,14550,14459.373,90.626953125
12,12,21,18921,18861.53,59.470703125
1,20,20,17857,18555.066,698.06640625
10,24,18,17863,17304.908,558.091796875
8,30,23,17134,16934.693,199.306640625
11,4,1,12884,12664.639,219.361328125
8,5,0,16087,15596.305,490.6953125
1,20,13,19315,17797.03,1517.970703125
1,11,12,17974,18098.344,124.34375
5,17,8,13786,13335.662,450.337890625
4,1,6,13200,12326.445,873.5546875
6,2,5,11040,10961.485,78.5146484375
8,26,17,16569,16929.297,360.296875
3,5,8,14919,14606.605,312.39453125
5,19,10,15407,15223.277,183.72265625
3,24,14,14286,14676.306,390.3056640625
4,17,20,15920,16131.201,211.201171875
4,18,19,14087,14474.871,387.87109375
7,24,8,17943,18266.445,323.4453125
8,15,8,12180,12700.123,520.123046875
2,8,16,17616,17217.48,398.51953125
12,31,8,13970,13719.945,250.0546875
5,6,7,12855,13815.1875,960.1875
6,3,8,12364,12318.099,45.9013671875
3,14,2,13369,13504.65,135.650390625
8,21,22,18393,18110.352,282.6484375
1,29,8,17897,17029.889,867.111328125
3,24,14,14831,15098.495,267.4951171875
1,6,17,18146,17867.723,278.27734375
2,12,22,17775,17188.9,586.099609375
4,4,3,13377,13306.947,70.052734375
11,27,1,14618,14077.135,540.865234375
4,10,14,13470,14259.795,789.794921875
8,20,12,15156,15217.918,61.91796875
1,7,9,16603,16078.994,524.005859375
10,17,12,16154,15265.64,888.3603515625
5,8,8,14380,14129.249,250.7509765625
1,17,14,18988,18681.777,306.22265625
11,30,5,12432,12849.547,417.546875
2,18,2,15571,14995.129,575.87109375
2,7,19,18692,18467.533,224.466796875
12,31,4,12433,12441.499,8.4990234375
1,20,7,16108,15547.179,560.8212890625
9,4,2,14289,14642.85,353.849609375
4,29,10,15225,15525.0,300.0
11,4,17,16301,16381.116,80.1162109375
1,8,4,14454,14240.573,213.4267578125
7,19,6,13742,13936.018,194.017578125
7,9,2,12571,12625.605,54.60546875
5,10,0,12610,12338.779,271.220703125
8,19,0,13035,13243.138,208.1376953125
4,3,6,12902,13311.779,409.779296875
11,26,4,12947,13289.357,342.357421875
9,3,21,18547,18293.076,253.923828125
1,7,7,16439,16588.498,149.498046875
12,10,22,18909,17822.076,1086.923828125
1,21,1,15310,15451.777,141.77734375
10,29,4,12199,11854.156,344.84375
12,23,3,13891,14538.783,647.783203125
1,11,20,17039,17531.994,492.994140625
12,18,13,18043,17488.959,554.041015625
11,24,23,15125,15548.461,423.4609375
12,17,4,14176,13802.936,373.064453125
3,7,17,15655,16247.715,592.71484375
4,25,1,11760,12477.764,717.763671875
5,25,12,16171,16747.346,576.345703125
9,14,19,20435,20596.24,161.240234375
9,27,22,14929,14779.53,149.4697265625
11,20,15,15102,15367.32,265.3203125
5,25,18,14916,16560.979,1644.978515625
8,14,19,20746,21088.697,342.697265625
11,16,17,17648,17367.5,280.5
10,25,23,13476,13964.99,488.990234375
12,13,9,18914,18730.0,184.0
4,9,14,15413,15362.828,50.171875
9,8,9,16631,16008.925,622.0751953125
5,28,11,16093,15613.725,479.275390625
10,31,11,16180,16238.855,58.85546875
8,23,3,13192,12985.072,206.927734375
11,14,6,12493,12980.551,487.55078125
7,2,11,18468,18630.127,162.126953125
11,12,13,15082,14433.956,648.0439453125
7,30,9,14724,15730.862,1006.8623046875
5,8,2,10889,11027.724,138.7236328125
2,27,13,16016,15214.6875,801.3125
6,27,3,12610,13894.465,1284.46484375
10,2,22,13795,14010.098,215.09765625
4,11,3,11909,12018.248,109.248046875
11,3,0,13778,13175.764,602.236328125
2,18,22,16369,15432.859,936.140625
10,4,9,13666,13798.734,132.734375
4,14,5,12166,12798.878,632.8779296875
7,4,5,12163,12343.036,180.0361328125
3,27,7,17266,15133.627,2132.373046875
8,26,14,18112,18596.771,484.771484375
7,8,4,11613,11765.068,152.068359375
4,9,6,12612,12788.676,176.67578125
2,1,9,18427,18314.889,112.111328125
3,22,17,16145,16561.324,416.32421875
10,11,17,15745,15900.0625,155.0625
4,20,20,14536,15905.562,1369.5615234375
6,27,1,15366,15787.992,421.9921875
11,19,8,16338,16726.79,388.7890625
12,11,19,19465,19314.236,150.763671875
5,16,13,12417,13133.075,716.0751953125
6,15,9,13887,13680.513,206.4873046875
12,5,22,16803,16701.404,101.595703125
1,8,4,13591,13438.697,152.302734375
2,4,4,15563,14441.016,1121.984375
3,29,10,16445,16681.35,236.349609375
10,11,10,12634,13383.714,749.7138671875
1,5,20,20790,21406.04,616.0390625
7,19,23,16671,16882.254,211.25390625
2,6,11,17592,17955.197,363.197265625
12,12,1,13544,13879.912,335.912109375
8,9,4,13100,12511.658,588.341796875
12,20,9,18356,18062.893,293.107421875
2,21,2,14745,14977.74,232.740234375
10,19,10,15352,14570.643,781.357421875
8,7,1,14377,14942.744,565.744140625
10,19,4,12084,11884.584,199.416015625
12,7,1,14123,14598.988,475.98828125
11,11,2,13137,13812.624,675.6240234375
10,29,16,16473,16399.078,73.921875
8,28,18,16582,17587.488,1005.48828125
10,23,6,14751,14009.701,741.298828125
4,14,1,11727,11989.285,262.28515625
4,5,21,16478,16146.154,331.845703125
12,21,15,17254,17399.543,145.54296875
4,26,17,14224,13391.351,832.6494140625
7,28,11,20051,20320.727,269.7265625
2,28,13,15518,15472.483,45.5166015625
3,3,22,18005,17655.025,349.974609375
3,11,3,13072,12563.885,508.115234375
6,2,18,21211,21789.424,578.423828125
11,14,19,16441,16858.629,417.62890625
5,19,2,10989,11413.04,424.0400390625
7,24,8,18236,18537.908,301.908203125
1,27,10,16890,16447.248,442.751953125
10,23,11,12543,13466.5625,923.5625
5,15,2,11128,11238.398,110.3984375
7,8,16,20468,19970.896,497.103515625
11,19,7,15711,15689.99,21.009765625
11,27,17,19153,18225.197,927.802734375
11,25,3,13504,12703.111,800.888671875
2,27,18,16876,17588.3,712.30078125
2,29,10,17730,17440.582,289.41796875
11,26,10,17138,17017.953,120.046875
12,7,3,14612,14583.478,28.5224609375
6,8,13,16816,16773.756,42.244140625
2,3,5,13325,13233.084,91.916015625
2,22,17,17991,17909.42,81.580078125
12,2,9,17717,17443.393,273.607421875
2,24,12,17259,17475.986,216.986328125
1,21,4,15053,14809.676,243.32421875
9,17,18,16978,17180.309,202.30859375
12,23,14,16923,16641.748,281.251953125
7,22,20,19249,19270.096,21.095703125
9,18,10,16890,16803.322,86.677734375
5,3,0,12965,12981.748,16.748046875
7,1,19,20792,21359.908,567.908203125
4,2,0,12679,12554.168,124.83203125
11,6,3,12849,12884.625,35.625
5,12,4,11986,11584.609,401.390625
7,1,23,12917,12654.271,262.728515625
12,10,19,18251,18488.025,237.025390625
11,25,22,16640,15813.239,826.7607421875
3,21,7,16906,16127.055,778.9453125
1,15,3,14482,14204.649,277.3505859375
10,27,15,15092,14743.639,348.361328125
6,19,17,14396,14300.378,95.6220703125
7,23,8,16254,17109.262,855.26171875
9,5,15,18303,18020.596,282.404296875
3,23,2,13645,13781.949,136.94921875
3,6,11,17805,17865.955,60.955078125
8,9,23,15443,14995.16,447.83984375
12,12,23,17062,17026.658,35.341796875
7,14,6,13524,13815.599,291.5986328125
11,6,17,17004,16271.338,732.662109375
12,25,13,16672,16364.279,307.720703125
7,16,9,13901,14140.996,239.99609375
8,24,0,13811,13824.275,13.275390625
4,29,6,14157,13736.803,420.197265625
12,11,16,19339,18674.162,664.837890625
6,14,10,14082,14357.118,275.1181640625
11,21,18,17007,17438.389,431.388671875
7,5,1,14110,13957.885,152.115234375
12,8,7,14757,13437.447,1319.552734375
10,25,20,17239,17214.373,24.626953125
10,5,15,13868,13299.777,568.22265625
3,27,2,12348,13280.715,932.71484375
4,23,8,13361,13463.268,102.267578125
7,8,18,20623,19615.521,1007.478515625
5,21,18,13436,13725.998,289.998046875
7,24,4,13272,13419.369,147.369140625
7,4,22,14993,14936.04,56.9599609375
1,12,5,14851,14512.393,338.607421875
5,31,4,13224,13045.283,178.716796875
7,19,4,13943,14535.412,592.412109375
4,8,14,13096,14731.085,1635.0849609375
5,29,12,15057,15116.933,59.9326171875
6,8,1,12464,12479.494,15.494140625
10,14,17,15490,15705.744,215.744140625
1,12,18,18406,17049.498,1356.501953125
8,29,23,16878,16984.084,106.083984375
4,19,15,13191,13515.277,324.27734375
9,21,22,16033,15464.399,568.6005859375
3,31,12,18031,16882.787,1148.212890625
11,23,5,13342,13389.127,47.126953125
5,10,5,12483,12119.094,363.90625
3,19,7,17298,16055.951,1242.048828125
11,1,20,16635,17206.49,571.490234375
2,27,18,16703,15903.632,799.3681640625
9,25,11,19865,20378.762,513.76171875
6,4,17,16585,16924.287,339.287109375
1,15,10,17378,17311.098,66.90234375
12,27,6,13149,13033.019,115.9814453125
10,23,12,12463,12906.196,443.1962890625
10,6,7,12530,11979.178,550.822265625
1,26,11,18315,18274.484,40.515625
7,11,14,18868,19830.828,962.828125
3,26,9,17552,16815.762,736.23828125
3,28,23,16388,16411.229,23.228515625
5,3,14,14947,15027.133,80.1328125
1,23,3,15600,14775.977,824.0234375
8,6,12,19145,19373.03,228.029296875
7,24,6,15131,15814.487,683.4873046875
1,14,20,19506,19487.365,18.634765625
5,16,0,12413,12369.838,43.162109375
12,12,14,15519,15044.077,474.9228515625
12,21,18,18634,18180.627,453.373046875
5,25,14,16561,16793.85,232.849609375
6,22,21,14969,15759.471,790.470703125
9,6,16,15976,16684.482,708.482421875
8,2,23,15800,15012.052,787.9482421875
9,25,20,16468,16814.55,346.55078125
7,16,10,15808,16178.721,370.720703125
1,17,16,18114,18186.717,72.716796875
11,2,11,14097,13860.245,236.7548828125
2,9,14,18293,18194.842,98.158203125
1,5,23,18914,19697.014,783.013671875
10,15,20,15488,15386.779,101.220703125
10,30,14,13306,12984.821,321.1787109375
11,22,17,18072,18280.877,208.876953125
11,4,1,12697,12845.018,148.017578125
3,5,21,17216,16679.383,536.6171875
3,8,1,13647,13777.814,130.814453125
1,17,16,19078,18922.81,155.189453125
10,14,20,14976,15752.734,776.734375
12,28,19,16513,17244.982,731.982421875
5,1,8,15283,14674.743,608.2568359375
4,14,15,14267,13985.397,281.6025390625
10,22,18,16801,17001.86,200.859375
1,30,19,21297,19860.996,1436.00390625
3,15,18,17752,17335.479,416.521484375
12,12,9,14707,14024.064,682.935546875
11,19,20,15830,15778.474,51.5263671875
2,18,3,15499,14920.969,578.03125
3,8,8,13819,13073.595,745.4052734375
11,18,19,18654,18860.111,206.111328125
12,14,23,16206,15614.069,591.9306640625
6,30,19,19315,20078.38,763.380859375
7,20,23,16315,15745.302,569.6982421875
7,28,19,16480,17178.16,698.16015625
8,30,9,17437,16941.916,495.083984375
6,21,8,14655,14684.834,29.833984375
3,27,23,16121,16642.81,521.810546875
10,13,3,11739,11719.756,19.244140625
5,6,21,16493,15726.645,766.35546875
11,16,19,17929,18228.49,299.490234375
10,27,9,15653,15901.912,248.912109375
6,28,22,16277,15833.756,443.244140625
7,7,13,18616,17983.201,632.798828125
5,17,10,14109,14157.826,48.826171875
7,30,22,18416,18238.83,177.169921875
3,19,3,12939,12870.086,68.9140625
9,16,8,15051,14581.3955,469.6044921875
8,17,23,14749,14682.395,66.60546875
9,29,17,17665,16935.686,729.314453125
9,13,21,18057,18204.537,147.537109375
9,28,3,11887,11955.644,68.6435546875
10,12,17,13657,13838.691,181.69140625
1,21,2,15185,15284.455,99.455078125
8,28,2,13547,14230.066,683.06640625
9,30,12,13123,13588.795,465.794921875
5,5,23,13202,12826.968,375.0322265625
3,25,10,16034,16426.658,392.658203125
5,9,23,13385,13414.433,29.4326171875
8,19,13,14617,15021.187,404.1865234375
3,6,8,16870,16217.357,652.642578125
12,13,6,11910,12158.958,248.9580078125
12,7,1,13965,13934.77,30.23046875
10,6,8,15353,15323.758,29.2421875
12,12,18,20030,20090.807,60.806640625
8,14,0,15895,16212.439,317.439453125
5,1,7,15138,13942.941,1195.05859375
10,20,11,13984,14325.205,341.205078125
5,8,22,13403,13248.995,154.0048828125
8,4,11,19729,19982.436,253.435546875
12,27,8,15405,16831.52,1426.51953125
7,1,15,16652,17095.176,443.17578125
1,6,10,18377,18238.004,138.99609375
1,22,7,16552,16225.045,326.955078125
5,21,23,12384,12691.403,307.4033203125
9,20,9,12766,13074.586,308.5859375
9,28,16,17317,17965.262,648.26171875
4,17,17,13729,13413.445,315.5546875
12,30,6,13199,13720.194,521.1943359375
6,16,4,13163,13468.293,305.29296875
12,21,10,18109,18021.82,87.1796875
8,15,14,18381,19441.654,1060.654296875
7,31,7,13149,13035.311,113.689453125
8,22,17,17485,17452.652,32.34765625
7,13,20,17955,18194.654,239.654296875
9,25,6,13277,13116.658,160.341796875
10,9,9,15385,15128.085,256.9150390625
2,3,17,16757,16427.215,329.78515625
2,1,5,13835,13591.983,243.0166015625
2,25,7,12951,13626.602,675.6015625
3,17,22,15937,16712.31,775.310546875
12,10,7,15860,15636.117,223.8828125
4,5,9,16862,16494.047,367.953125
3,27,10,17551,16942.94,608.060546875
8,20,5,13463,13814.507,351.5068359375
10,24,3,11495,11780.154,285.154296875
1,8,23,16343,16101.598,241.40234375
12,12,18,19314,19444.568,130.568359375
6,27,9,13652,14075.479,423.478515625
12,17,0,14516,13639.25,876.75
3,26,5,12940,12532.256,407.744140625
10,15,15,15710,15778.998,68.998046875
6,22,7,16948,16494.723,453.27734375
7,21,17,19065,18921.117,143.8828125
5,31,10,14335,13476.883,858.1171875
12,7,6,13744,13997.947,253.947265625
3,12,4,13876,14134.354,258.353515625
8,10,22,16386,16539.822,153.822265625
4,19,7,12125,11973.45,151.5498046875
10,13,5,12369,12297.515,71.4853515625
2,6,7,16790,16459.74,330.259765625
12,31,15,17500,17787.158,287.158203125
8,13,5,14201,14116.941,84.05859375
12,26,4,12769,13116.594,347.59375
4,2,13,13792,14000.939,208.939453125
8,9,21,16828,17322.998,494.998046875
5,26,17,19127,19204.107,77.107421875
4,3,19,14667,15502.388,835.3876953125
8,3,16,21228,21579.99,351.990234375
7,9,14,15473,15914.209,441.208984375
4,10,11,14321,14564.673,243.6728515625
3,20,8,14869,15235.934,366.93359375
12,7,23,17484,17795.92,311.919921875
7,4,23,18465,18812.643,347.642578125
10,24,8,16146,15350.549,795.451171875
5,11,1,12080,11931.654,148.345703125
5,25,10,15396,15350.311,45.689453125
2,23,18,17703,17322.945,380.0546875
5,21,0,11782,11626.712,155.2880859375
7,20,4,13613,13611.402,1.59765625
2,26,0,15302,15293.08,8.919921875
6,19,20,23449,22501.16,947.83984375
6,25,23,15275,15458.197,183.197265625
11,7,0,12750,12774.25,24.25
3,1,2,15675,15346.504,328.49609375
3,25,20,16355,16377.16,22.16015625
4,8,21,17143,16494.928,648.072265625
2,13,3,15788,15421.178,366.822265625
7,15,10,16649,16616.463,32.537109375
9,13,16,18298,19173.547,875.546875
8,6,9,15701,15685.692,15.3076171875
12,16,13,19001,18638.68,362.3203125
5,19,14,13781,14025.735,244.7353515625
9,29,20,15889,16728.42,839.419921875
4,27,6,14318,13731.359,586.640625
10,18,14,15427,16401.857,974.857421875
8,18,9,17698,18294.408,596.408203125
9,11,14,14137,14701.932,564.931640625
2,2,8,18555,18432.016,122.984375
10,22,9,16248,15776.725,471.275390625
11,18,21,19547,19035.477,511.5234375
11,9,11,15733,15884.871,151.87109375
10,17,20,16023,16424.652,401.65234375
7,7,5,14132,13853.889,278.111328125
2,23,11,16770,16487.412,282.587890625
6,12,21,15979,15735.619,243.380859375
8,27,9,12979,13354.232,375.232421875
5,5,13,14492,14509.658,17.658203125
12,2,13,16697,16453.787,243.212890625
6,2,7,13925,13417.324,507.67578125
2,25,7,18247,18577.947,330.947265625
9,19,12,14985,14378.932,606.068359375
11,29,0,15034,14652.574,381.42578125
12,4,22,18152,17839.451,312.548828125
2,8,20,18364,18227.068,136.931640625
5,15,20,15643,15884.729,241.728515625
5,14,20,15781,15872.119,91.119140625
2,4,1,14005,14451.168,446.16796875
12,18,19,18487,18997.283,510.283203125
2,27,12,16065,15475.524,589.4755859375
10,1,1,12209,12279.532,70.5322265625
8,24,22,20321,20161.135,159.865234375
3,3,22,16844,16603.09,240.91015625
9,14,6,12959,12765.293,193.70703125
9,3,1,13492,13823.246,331.24609375
5,17,4,11323,11394.547,71.546875
7,21,4,13762,14343.289,581.2890625
10,5,1,12038,11957.66,80.33984375
6,11,22,15011,14937.275,73.724609375
5,16,21,16038,17133.664,1095.6640625
6,16,0,12591,12631.25,40.25
2,12,12,19371,19539.533,168.533203125
11,12,8,13684,13724.119,40.119140625
4,24,12,14639,14711.564,72.564453125
10,14,11,14948,14840.887,107.11328125
8,15,22,16255,16247.589,7.4111328125
2,15,20,18333,18771.922,438.921875
12,9,18,18257,17568.998,688.001953125
12,21,2,13494,13528.634,34.6337890625
12,27,15,16462,16530.645,68.64453125
2,7,3,12825,12046.654,778.345703125
2,14,15,16661,16355.488,305.51171875
2,29,21,17224,16842.111,381.888671875
1,26,20,18743,19108.064,365.064453125
5,24,10,14736,14858.455,122.455078125
11,10,7,14811,14450.992,360.0078125
11,10,3,12648,13228.054,580.0537109375
11,30,18,18792,17629.97,1162.029296875
1,10,15,17104,17546.826,442.826171875
10,4,14,14561,14599.078,38.078125
11,26,11,17207,17040.666,166.333984375
6,18,6,13404,12832.971,571.029296875
1,31,8,19153,18806.592,346.408203125
10,19,8,15502,15358.091,143.9091796875
8,19,8,13315,13158.684,156.31640625
3,2,11,17281,17255.879,25.12109375
2,23,0,15426,14266.964,1159.0361328125
4,20,14,14231,14339.613,108.61328125
9,29,21,14852,15103.952,251.9521484375
10,30,19,17173,17537.467,364.466796875
1,13,13,16930,16846.889,83.111328125
2,16,0,14935,14019.598,915.40234375
11,21,2,13174,13206.246,32.24609375
2,10,10,17878,17059.646,818.353515625
10,10,5,10728,10998.305,270.3046875
1,22,21,18439,18618.762,179.76171875
5,1,19,14251,13855.168,395.83203125
10,7,4,11730,12321.627,591.626953125
3,3,2,13803,13239.967,563.033203125
12,26,3,12267,12512.151,245.1513671875
7,22,13,20444,20310.867,133.1328125
10,3,11,15488,15401.631,86.369140625
1,1,8,14481,14724.296,243.2958984375
6,20,3,12630,12435.006,194.994140625
9,11,23,13648,14207.766,559.765625
7,4,19,21357,21378.873,21.873046875
11,22,15,17114,16640.443,473.556640625
5,14,0,12744,12261.811,482.189453125
7,25,23,14730,14890.205,160.205078125
4,27,21,15588,15921.391,333.390625
1,9,2,14208,14327.428,119.427734375
11,7,3,11847,11978.1875,131.1875
1,23,7,16718,16712.475,5.525390625
10,15,21,16442,15702.025,739.974609375
1,10,16,18753,18589.645,163.35546875
7,6,7,16532,15421.719,1110.28125
6,10,13,14701,15208.24,507.240234375
10,27,18,16390,15960.9375,429.0625
4,4,5,13894,13533.329,360.6708984375
12,31,8,14608,16040.15,1432.150390625
6,24,18,19444,19339.992,104.0078125
8,4,21,18959,19228.104,269.103515625
10,25,2,11952,12618.522,666.5224609375
4,25,19,15616,16139.537,523.537109375
3,3,7,16162,15377.861,784.138671875
12,24,11,16255,16509.164,254.1640625
11,25,3,13818,13038.03,779.9697265625
9,17,9,15389,15136.889,252.111328125
11,12,15,15345,15665.531,320.53125
4,23,19,16386,15869.348,516.65234375
11,19,16,15229,15559.439,330.439453125
6,19,5,12826,13248.991,422.9912109375
5,15,20,16667,16339.982,327.017578125
7,25,21,17938,17772.47,165.529296875
12,7,0,15250,14267.529,982.470703125
12,18,9,15804,15772.263,31.7373046875
6,19,20,17810,18025.693,215.693359375
12,2,5,14987,14424.518,562.482421875
12,4,13,16113,16445.4,332.400390625
2,16,2,15044,14516.096,527.904296875
8,23,20,20265,20644.666,379.666015625
4,18,8,12590,12352.439,237.560546875
9,28,5,12603,12965.459,362.458984375
11,5,21,16545,16316.834,228.166015625
6,19,21,19398,18422.264,975.736328125
10,27,16,16015,14724.664,1290.3359375
12,19,4,16072,15291.674,780.326171875
4,1,22,16049,15768.941,280.05859375
7,28,21,16113,16744.21,631.2109375
8,4,23,14735,15518.072,783.072265625
12,22,6,13192,13818.729,626.728515625
7,31,20,17827,18704.21,877.2109375
5,26,21,14807,14443.495,363.5048828125
4,28,0,11433,12512.639,1079.638671875
11,15,9,15583,15330.033,252.966796875
3,31,7,16315,15140.622,1174.3779296875
12,9,11,17572,17574.484,2.484375
12,6,9,16693,16590.025,102.974609375
12,8,22,16918,17346.363,428.36328125
3,11,7,16980,16021.262,958.73828125
8,26,14,20821,20660.547,160.453125
1,28,10,18014,18229.912,215.912109375
12,21,9,16883,16875.86,7.140625
9,3,19,20967,21169.94,202.939453125
5,29,18,16357,16676.94,319.939453125
6,9,17,14709,14181.866,527.1337890625
3,2,22,16829,16591.291,237.708984375
4,10,3,12725,13197.735,472.7353515625
11,24,19,19137,19358.672,221.671875
6,3,16,15251,15282.271,31.271484375
1,27,18,19553,18870.787,682.212890625
12,15,7,16034,15630.408,403.591796875
4,18,20,16388,16073.999,314.0009765625
7,10,4,11233,11820.167,587.1669921875
6,11,2,12947,13090.985,143.9853515625
9,27,14,13817,13992.309,175.30859375
8,29,9,15523,16072.979,549.978515625
10,22,3,11530,11321.945,208.0546875
9,3,17,19321,19419.814,98.814453125
3,16,5,14272,14769.666,497.666015625
11,24,12,16722,16391.861,330.138671875
10,29,6,13594,12927.2295,666.7705078125
12,30,6,13495,13748.658,253.658203125
9,9,3,14943,15586.84,643.83984375
7,30,12,14969,15686.84,717.83984375
7,8,3,12626,12114.889,511.111328125
2,25,18,15964,16254.468,290.4677734375
10,27,3,11094,11056.779,37.220703125
12,4,23,15213,15673.805,460.8046875
2,13,19,20674,20561.9,112.099609375
9,9,5,14827,14828.776,1.7763671875
6,16,20,16242,16602.145,360.14453125
12,20,8,14264,13994.736,269.263671875
2,22,8,17482,17788.607,306.607421875
4,10,15,15319,15697.523,378.5234375
6,7,7,14241,14209.503,31.4970703125
9,29,9,16951,17241.842,290.841796875
4,2,19,17122,17022.998,99.001953125
6,17,22,14940,14937.391,2.609375
10,24,6,14128,13628.245,499.7548828125
8,26,13,21335,20688.682,646.318359375
1,2,21,18230,19014.049,784.048828125
2,3,1,16577,15789.522,787.4775390625
7,1,0,14730,15531.356,801.3564453125
11,16,16,17498,17006.855,491.14453125
4,5,15,15322,14689.658,632.341796875
7,5,5,14559,14420.731,138.2685546875
12,4,10,17777,17636.193,140.806640625
2,26,13,15279,15229.312,49.6884765625
4,29,13,15254,15214.221,39.779296875
2,19,3,14771,14315.265,455.7353515625
10,5,15,13973,14222.383,249.3828125
10,17,16,15770,15573.236,196.763671875
1,4,6,15403,16023.9375,620.9375
10,6,3,11370,11496.905,126.9052734375
7,12,16,20362,20380.854,18.853515625
7,19,5,13933,14589.8125,656.8125
1,3,16,18167,17786.252,380.748046875
10,13,20,16523,17230.807,707.806640625
10,19,13,15452,14744.216,707.7841796875
3,23,15,16147,16875.82,728.8203125
1,24,13,17623,17594.666,28.333984375
12,8,16,16177,16093.764,83.236328125
4,13,3,11572,11726.703,154.703125
9,26,7,11456,11542.291,86.291015625
8,11,19,17861,17925.975,64.974609375
11,4,16,16677,16280.534,396.4658203125
11,3,1,12639,12385.133,253.8671875
6,8,9,15069,15378.772,309.7724609375
5,22,5,12269,11922.299,346.701171875
11,14,11,17108,16385.53,722.470703125
5,15,20,17417,17822.943,405.943359375
5,1,13,14356,15085.154,729.154296875
10,5,8,14863,14671.768,191.232421875
7,15,6,14366,14648.233,282.2333984375
12,20,9,14746,14779.78,33.7802734375
7,12,1,13578,14092.252,514.251953125
6,28,14,13582,13329.758,252.2421875
8,4,20,20097,19923.209,173.791015625
10,1,12,14146,14799.289,653.2890625
3,16,14,15947,15978.654,31.654296875
9,7,3,15561,14835.26,725.740234375
3,22,7,14243,13612.207,630.79296875
12,28,6,16100,16605.488,505.48828125
10,16,9,15879,15705.585,173.4150390625
1,24,18,19125,19179.414,54.4140625
9,1,13,13809,14039.805,230.8046875
10,9,5,12631,12421.21,209.7900390625
9,14,6,13794,13071.892,722.1083984375
4,26,7,10939,11639.283,700.283203125
3,14,0,15032,14898.492,133.5078125
2,29,19,18853,18096.686,756.314453125
2,27,21,16474,15817.256,656.744140625
3,15,4,14152,14192.094,40.09375
6,18,5,12150,12467.1875,317.1875
6,23,10,15188,15092.649,95.3505859375
8,28,14,16040,16479.639,439.638671875
10,20,11,16478,16138.761,339.2392578125
8,16,4,14276,13881.133,394.8671875
6,30,13,20491,20990.459,499.458984375
10,24,22,14910,14888.39,21.6103515625
12,21,3,13117,13068.0625,48.9375
8,29,9,14407,14126.807,280.193359375
4,20,14,14200,14439.11,239.1103515625
1,15,20,17858,18331.734,473.734375
4,14,18,12657,13214.855,557.85546875
11,11,20,17174,17005.537,168.462890625
1,10,22,17479,18058.97,579.970703125
7,17,14,16344,16353.666,9.666015625
3,8,7,16623,16070.191,552.80859375
1,22,6,15234,15358.106,124.1064453125
8,14,15,20404,20963.625,559.625
9,24,21,15862,15859.586,2.4140625
4,4,13,12581,13659.383,1078.3828125
3,25,22,15014,14622.83,391.169921875
6,14,21,16620,17507.234,887.234375
12,20,8,15882,15044.634,837.3662109375
3,12,8,15485,15436.91,48.08984375
10,22,6,12328,11800.586,527.4140625
2,28,14,17179,17594.62,415.619140625
9,22,8,15219,14758.035,460.96484375
6,4,19,16563,16551.182,11.818359375
7,13,20,22216,22579.025,363.025390625
3,20,21,16877,16263.738,613.26171875
1,28,19,18937,18972.547,35.546875
12,2,1,13367,13218.065,148.9345703125
1,13,20,19118,19476.139,358.138671875
6,28,0,14058,13831.449,226.55078125
6,18,7,14847,14575.921,271.0791015625
11,13,11,16226,16211.099,14.9013671875
10,8,11,15870,16349.019,479.0185546875
3,27,18,17063,17305.525,242.525390625
8,11,15,15239,14952.223,286.77734375
1,2,16,16178,16579.457,401.45703125
10,22,11,15329,15616.269,287.2685546875
12,27,4,13087,13583.596,496.595703125
10,8,17,15020,15109.583,89.5830078125
2,22,6,15543,15383.098,159.90234375
5,22,13,13577,14760.494,1183.494140625
5,24,2,11505,11522.842,17.841796875
5,17,17,14250,15393.072,1143.072265625
7,10,8,15753,15730.101,22.8994140625
5,7,20,14776,15517.48,741.48046875
7,10,16,17728,18430.912,702.912109375
8,29,21,20647,21338.107,691.107421875
5,17,1,12228,11704.36,523.6396484375
9,28,17,15697,17189.455,1492.455078125
7,10,7,17864,17154.164,709.8359375
2,9,8,18523,17851.209,671.791015625
3,20,0,15122,14579.785,542.21484375
7,20,8,13399,13119.192,279.8076171875
12,6,7,16317,15359.694,957.3056640625
6,20,23,15224,15035.73,188.26953125
12,27,23,14872,15398.17,526.169921875
2,18,2,13529,14527.01,998.009765625
1,12,9,16962,16227.266,734.734375
10,30,13,15832,16278.49,446.490234375
4,24,11,15461,15674.89,213.8896484375
12,20,16,16630,16331.078,298.921875
12,1,22,15763,15892.778,129.7783203125
8,19,2,12679,12864.551,185.55078125
11,2,1,12521,12677.668,156.66796875
2,14,5,14192,14702.212,510.2119140625
3,7,13,16246,15926.463,319.537109375
6,22,2,12448,12648.578,200.578125
7,5,22,17448,17530.277,82.27734375
11,27,21,16849,16595.275,253.724609375
9,27,20,15558,15907.193,349.193359375
12,21,20,18225,18043.93,181.0703125
11,19,12,16293,16159.092,133.908203125
6,17,18,19003,19574.447,571.447265625
4,26,22,14747,13729.199,1017.80078125
12,19,9,19077,18405.834,671.166015625
3,16,17,16449,16134.433,314.5673828125
9,5,18,20144,19872.854,271.146484375
8,9,1,14284,14207.58,76.419921875
7,17,21,18599,19210.854,611.853515625
10,4,20,16010,16541.89,531.890625
6,5,13,16034,15766.156,267.84375
4,9,22,13308,14633.82,1325.8203125
11,22,13,17485,16865.81,619.189453125
12,15,14,19347,17772.564,1574.435546875
2,11,8,19037,18922.26,114.740234375
7,5,18,16472,17300.807,828.806640625
10,1,6,11936,11511.511,424.4892578125
11,3,22,14914,14827.469,86.53125
12,22,2,14161,13402.201,758.798828125
7,11,8,17947,18359.797,412.796875
4,13,13,12390,12471.986,81.986328125
4,23,21,14364,13931.89,432.1103515625
2,24,6,13207,14124.378,917.3779296875
10,27,22,14794,14843.486,49.486328125
9,28,11,15206,15442.334,236.333984375
3,31,15,15865,15269.538,595.4619140625
10,8,22,13170,12971.769,198.2314453125
6,21,8,15935,15162.537,772.462890625
11,25,10,16711,16440.639,270.361328125
10,17,15,16203,15526.275,676.724609375
7,31,20,19530,19820.178,290.177734375
6,23,13,18724,18582.184,141.81640625
3,5,20,17690,17590.42,99.580078125
11,2,20,16955,16856.725,98.275390625
10,15,1,12099,11884.361,214.638671875
11,1,20,16324,16717.928,393.927734375
12,18,4,13287,13928.185,641.1845703125
1,27,16,15809,15481.613,327.38671875
1,3,14,16744,16429.416,314.583984375
11,28,21,18100,17290.36,809.640625
11,15,2,13866,13921.34,55.33984375
1,10,16,17981,17630.066,350.93359375
11,26,11,18575,17888.627,686.373046875
8,15,16,15722,15844.832,122.83203125
2,20,6,14914,13888.501,1025.4990234375
9,12,21,17301,17309.814,8.814453125
9,20,12,17678,18987.357,1309.357421875
7,31,23,16266,16721.938,455.9375
5,11,12,14360,14783.055,423.0546875
7,3,9,15038,17148.258,2110.2578125
2,1,19,19722,19254.299,467.701171875
10,13,21,14397,14597.473,200.47265625
7,27,18,18590,18589.938,0.0625
4,18,4,12658,12150.527,507.47265625
11,6,3,12726,12192.268,533.732421875
3,5,17,16543,16291.277,251.72265625
8,28,3,16016,15648.883,367.1171875
6,4,7,11833,12158.805,325.8046875
6,3,1,12348,13018.068,670.068359375
1,6,5,14546,14631.916,85.916015625
1,9,17,18566,18553.537,12.462890625
3,7,21,17019,16462.6,556.400390625
1,24,10,16306,16729.264,423.263671875
6,29,10,18926,19433.854,507.853515625
4,5,11,17382,16963.6,418.400390625
12,15,10,16251,15822.883,428.1171875
1,31,9,17938,17351.363,586.63671875
6,20,0,14062,13981.875,80.125
7,18,9,16946,17421.598,475.59765625
10,24,4,12434,12231.733,202.2666015625
4,20,11,14391,14109.529,281.470703125
7,2,11,16309,17205.984,896.984375
9,30,2,12074,11996.467,77.533203125
5,8,6,11749,11389.405,359.5947265625
2,23,5,14210,14198.766,11.234375
4,6,0,13894,13384.432,509.568359375
4,29,3,12775,12532.1455,242.8544921875
3,5,9,19389,19357.186,31.814453125
12,29,4,15277,14975.78,301.2197265625
2,11,4,13758,13922.641,164.640625
1,17,3,14543,13873.229,669.771484375
12,6,18,19865,19417.826,447.173828125
8,28,21,18323,18486.97,163.970703125
10,7,17,15611,15919.068,308.068359375
2,16,4,14916,13979.67,936.330078125
9,8,13,15705,15508.018,196.982421875
10,6,8,15989,15347.623,641.376953125
10,25,5,13463,13017.258,445.7421875
7,5,21,19707,20380.61,673.609375
7,24,10,15918,15913.583,4.4169921875
2,25,2,13456,13026.415,429.5849609375
2,21,10,14392,14516.582,124.58203125
8,27,16,14004,14562.648,558.6484375
9,22,19,14499,14886.258,387.2578125
10,10,18,18057,17943.51,113.490234375
8,5,11,15678,15629.504,48.49609375
1,19,14,18484,18378.9,105.099609375
7,21,20,19348,18778.025,569.974609375
6,16,22,18869,18209.309,659.69140625
8,4,16,20154,19512.654,641.345703125
11,21,10,17514,16936.26,577.740234375
5,15,7,12552,11893.361,658.638671875
12,18,14,18324,17500.893,823.107421875
4,15,22,17111,17276.123,165.123046875
2,4,0,16927,15814.072,1112.927734375
7,11,23,15870,15525.279,344.720703125
9,23,3,11653,11647.637,5.36328125
11,19,8,16951,16911.084,39.916015625
5,7,15,13912,14127.334,215.333984375
7,30,22,17448,17674.295,226.294921875
3,29,5,11325,11339.572,14.572265625
4,25,18,15056,15400.255,344.2548828125
12,10,1,15391,15009.273,381.7265625
12,4,14,16734,16004.865,729.134765625
1,13,5,13736,14061.809,325.80859375
7,9,13,16744,16379.93,364.0703125
8,9,0,14334,14262.807,71.193359375
10,13,7,13177,12946.818,230.181640625
10,21,17,16666,16499.67,166.330078125
8,2,15,21939,20926.004,1012.99609375
1,8,6,15426,14796.242,629.7578125
9,26,23,14432,14379.353,52.6474609375
2,17,20,18375,18409.596,34.595703125
1,6,23,16169,16558.104,389.103515625
5,14,11,14556,15407.121,851.12109375
5,25,6,11277,11198.875,78.125
3,12,14,16545,16826.072,281.072265625
11,23,0,14539,14295.332,243.66796875
11,8,18,15627,15374.849,252.1513671875
11,26,2,12766,12535.696,230.3037109375
9,2,23,16644,17014.994,370.994140625
5,2,12,15247,14708.122,538.8779296875
7,3,14,14413,15181.569,768.5693359375
2,10,13,17612,17678.047,66.046875
6,19,2,13650,13290.816,359.18359375
3,10,22,15592,15221.67,370.330078125
1,29,7,16305,16000.906,304.09375
2,15,11,16533,15766.643,766.357421875
2,7,5,14996,14891.715,104.28515625
9,22,1,11863,12112.947,249.947265625
12,9,21,16146,16247.44,101.4404296875
11,26,5,12824,12522.094,301.90625
10,29,10,14813,15394.571,581.5712890625
9,12,19,16771,18371.398,1600.3984375
4,23,15,14656,15021.108,365.1083984375
2,17,1,14224,13856.414,367.5859375
3,9,2,13678,13874.872,196.8720703125
9,19,0,12956,12696.189,259.810546875
6,27,12,18132,18427.064,295.064453125
12,29,6,13562,14144.14,582.1396484375
3,3,1,13697,13240.693,456.306640625
10,19,21,14412,13707.459,704.541015625
10,6,1,13359,13307.29,51.7099609375
6,2,21,18495,18136.91,358.08984375
6,17,22,20385,20030.602,354.3984375
10,23,14,14674,15035.467,361.466796875
1,3,9,15941,16216.957,275.95703125
11,8,7,14880,14841.897,38.1025390625
12,3,4,13934,13860.975,73.025390625
12,17,20,18235,18438.104,203.103515625
3,17,18,15320,15710.043,390.04296875
6,30,11,19290,19659.225,369.224609375
2,15,18,19412,18174.637,1237.36328125
5,25,5,11941,11901.164,39.8359375
12,7,18,18958,19355.303,397.302734375
6,20,0,12430,13359.272,929.2724609375
12,30,18,17891,18386.867,495.8671875
3,9,3,12137,12373.234,236.234375
1,10,10,15664,15665.693,1.693359375
7,26,16,19201,19745.693,544.693359375
1,19,17,17994,18276.963,282.962890625
11,30,23,15293,14832.832,460.16796875
11,30,14,17746,16916.354,829.646484375
10,22,13,15136,14870.59,265.41015625
5,10,13,13939,13698.713,240.287109375
4,5,16,17373,16998.502,374.498046875
12,11,3,14516,14209.487,306.5126953125
9,4,10,17497,17476.814,20.185546875
3,30,13,13488,13857.226,369.2255859375
3,3,2,13384,12991.022,392.9775390625
5,15,21,15697,14798.373,898.626953125
2,20,4,13103,11991.073,1111.9267578125
7,4,20,15633,16263.291,630.291015625
8,6,14,18073,18392.166,319.166015625
7,20,14,20413,19892.93,520.0703125
3,5,6,13526,13916.465,390.46484375
7,28,4,12544,12946.273,402.2734375
1,14,23,17535,17209.482,325.517578125
7,5,6,14124,14124.778,0.7783203125
10,1,12,12464,12817.162,353.162109375
1,8,23,17394,17599.053,205.052734375
9,19,1,11635,11692.024,57.0244140625
2,13,12,17554,17601.285,47.28515625
9,27,17,15881,15961.177,80.1767578125
3,3,23,17809,17722.021,86.978515625
7,9,1,11912,11985.57,73.5703125
12,23,22,16945,16712.955,232.044921875
7,27,6,14873,15268.03,395.0302734375
3,26,16,17571,17474.162,96.837890625
1,12,7,16460,15873.293,586.70703125
12,30,13,15569,15324.844,244.15625
12,20,10,18288,17299.879,988.12109375
3,28,10,16046,15425.004,620.99609375
12,15,2,15656,15500.462,155.5380859375
9,23,13,14886,16747.53,1861.529296875
8,9,8,13643,14226.289,583.2890625
7,11,18,19868,20305.271,437.271484375
1,10,12,18090,17834.893,255.107421875
12,12,6,16036,15423.22,612.7802734375
5,20,1,11423,11471.337,48.3369140625
8,21,9,17212,17072.752,139.248046875
1,15,13,18755,18684.072,70.927734375
5,30,13,16146,15848.244,297.755859375
12,23,8,16483,16074.939,408.060546875
8,8,19,18799,18690.889,108.111328125
6,1,15,13214,14137.676,923.67578125
3,2,22,15892,15405.9,486.099609375
6,11,12,14591,15019.768,428.767578125
9,28,8,15293,15558.464,265.4638671875
9,16,12,14469,15171.145,702.14453125
12,15,12,17392,17166.326,225.673828125
3,10,11,15854,16355.114,501.1142578125
2,12,19,21394,21665.463,271.462890625
8,11,12,14821,15388.352,567.3515625
5,28,5,12090,12177.213,87.212890625
12,19,19,19675,19084.492,590.5078125
10,30,19,16247,16186.684,60.31640625
3,25,8,13861,13405.315,455.6845703125
11,30,18,19119,18157.447,961.552734375
9,5,7,14768,13967.838,800.162109375
8,23,10,16774,17247.768,473.767578125
10,12,17,15218,14654.846,563.154296875
8,9,3,13344,12770.479,573.521484375
2,16,4,14382,13771.925,610.0751953125
3,30,17,16061,16283.258,222.2578125
5,31,21,15476,15761.093,285.0927734375
10,23,8,15661,15291.982,369.017578125
8,23,6,13532,13445.235,86.7646484375
7,22,22,17843,18420.729,577.728515625
7,30,16,16338,16445.393,107.392578125
7,13,7,17498,17161.166,336.833984375
2,16,8,14613,14322.724,290.2763671875
7,16,11,17102,17489.51,387.509765625
5,18,21,14155,13723.291,431.708984375
12,6,18,19008,19247.107,239.107421875
11,11,19,18879,20124.354,1245.353515625
5,4,7,13989,13421.084,567.916015625
9,22,23,15848,15890.906,42.90625
5,10,5,12113,12307.6875,194.6875
2,17,2,15265,14993.551,271.44921875
7,27,22,20351,20550.357,199.357421875
7,15,22,16182,16156.658,25.341796875
1,25,20,18885,20440.557,1555.556640625
5,22,13,12146,12313.563,167.5634765625
12,28,4,12801,13351.77,550.76953125
11,5,0,12241,12093.303,147.697265625
6,22,18,18243,18107.904,135.095703125
9,28,23,13443,13824.262,381.26171875
7,13,20,18246,19014.969,768.96875
8,16,0,14773,15127.454,354.4541015625
8,15,18,17884,17920.395,36.39453125
8,2,22,14749,16070.869,1321.869140625
3,11,22,15536,15864.632,328.6318359375
1,29,7,16851,17073.28,222.279296875
11,15,11,17878,17603.9,274.099609375
9,22,3,11618,11696.344,78.34375
11,4,14,14932,15582.227,650.2265625
4,14,15,14977,15482.441,505.44140625
2,26,19,17588,17858.887,270.88671875
6,22,1,15471,14884.236,586.763671875
10,17,20,16299,15891.013,407.9873046875
9,3,11,16200,16496.691,296.69140625
10,14,22,13336,13470.6,134.599609375
7,29,21,20723,20940.166,217.166015625
5,22,0,14535,14931.359,396.359375
3,25,13,15007,15458.131,451.130859375
8,4,21,18599,19152.664,553.6640625
6,13,5,10755,11081.828,326.828125
12,27,13,16614,16426.053,187.947265625
12,31,1,13540,13282.572,257.427734375
11,24,20,17248,17373.08,125.080078125
7,25,5,13601,13500.856,100.1435546875
2,19,18,16094,15440.975,653.025390625
8,5,14,20805,21300.283,495.283203125
12,22,20,18138,19120.453,982.453125
12,13,4,14249,13552.327,696.6728515625
8,10,18,18362,18990.246,628.24609375
9,11,13,14194,14709.38,515.3798828125
6,5,19,18289,18430.111,141.111328125
1,10,17,17363,17445.666,82.666015625
5,13,17,12875,13265.266,390.265625
5,25,18,19413,19476.764,63.763671875
2,25,7,16002,16367.519,365.5185546875
3,9,14,15372,15050.369,321.630859375
11,15,6,13757,13771.293,14.29296875
3,1,12,16656,16386.875,269.125
8,24,20,15327,15451.101,124.1005859375
12,25,16,15167,15358.148,191.1484375
11,9,3,12501,12136.692,364.3076171875
7,25,15,20462,20941.994,479.994140625
8,19,11,16091,15811.994,279.005859375
12,28,15,15117,15491.551,374.55078125
4,26,3,10379,10776.047,397.046875
10,28,19,16572,17000.053,428.052734375
5,15,8,13425,14752.184,1327.18359375
5,15,8,15016,14612.201,403.798828125
5,29,0,12284,12916.437,632.4365234375
1,9,13,17010,15921.414,1088.5859375
9,2,8,17695,17334.85,360.150390625
3,23,21,15539,15160.519,378.4814453125
3,9,16,16288,16296.113,8.11328125
3,12,9,13888,13526.238,361.76171875
10,6,23,13614,13548.823,65.1767578125
3,29,19,14464,14501.225,37.224609375
9,18,10,15326,15162.582,163.41796875
3,10,1,14215,13983.49,231.509765625
5,7,9,12737,12863.734,126.734375
8,25,9,19425,19178.623,246.376953125
8,14,12,15503,15238.719,264.28125
11,4,19,15666,16393.96,727.9609375
5,6,13,15153,14147.449,1005.55078125
2,27,9,15601,14906.205,694.794921875
6,23,15,14571,14818.271,247.271484375
2,2,23,17690,17845.09,155.08984375
7,24,23,13917,14351.27,434.26953125
7,12,7,15912,15268.621,643.37890625
3,17,23,14834,15404.963,570.962890625
4,6,18,15077,14846.852,230.1484375
11,2,17,16873,17351.143,478.142578125
11,28,0,15274,14445.55,828.4501953125
4,19,6,11033,11652.922,619.921875
2,12,10,15928,16899.62,971.619140625
3,31,15,17481,16790.58,690.419921875
10,3,6,11978,11885.607,92.392578125
8,30,20,15659,15498.127,160.873046875
2,26,19,21391,21205.885,185.115234375
4,11,22,13077,13291.664,214.6640625
11,28,3,12731,12414.488,316.51171875
3,23,6,15330,14468.908,861.091796875
7,31,10,16103,16670.729,567.728515625
9,1,18,18504,17650.54,853.4609375
10,21,8,15499,14951.361,547.638671875
3,24,19,15747,15345.408,401.591796875
12,24,13,16430,17385.152,955.15234375
6,1,6,11413,11592.8125,179.8125
9,12,1,12611,12869.383,258.3828125
4,27,13,13641,12967.018,673.982421875
2,13,17,18807,18483.78,323.220703125
3,21,4,13265,13129.494,135.505859375
8,11,22,16469,16306.764,162.236328125
10,14,13,13955,13923.275,31.724609375
10,19,18,15757,15251.355,505.64453125
7,15,14,18515,18932.709,417.708984375
6,2,5,11781,11453.052,327.9482421875
4,15,1,12628,13157.566,529.56640625
7,9,3,15318,15285.801,32.19921875
10,20,13,13663,13721.791,58.791015625
9,11,9,16045,15781.494,263.505859375
10,24,2,11522,11817.202,295.2021484375
3,26,16,13880,13760.356,119.6435546875
6,9,13,13513,13924.024,411.0244140625
11,19,10,14559,14177.145,381.85546875
11,1,23,13642,14259.566,617.56640625
6,23,12,16684,16439.377,244.623046875
7,27,20,19257,19722.611,465.611328125
1,11,19,19378,18229.24,1148.759765625
1,23,2,14422,14783.711,361.7109375
10,26,15,15834,15311.787,522.212890625
3,16,15,15061,14125.618,935.3818359375
7,17,15,20814,20412.4,401.599609375
11,20,3,13839,13850.031,11.03125
5,22,23,12053,13014.996,961.99609375
5,31,5,12794,12746.821,47.1787109375
11,12,6,13938,13967.819,29.8193359375
3,26,12,15035,15166.084,131.083984375
2,24,14,15721,15613.047,107.953125
2,13,10,17846,17766.197,79.802734375
7,1,19,19747,19734.521,12.478515625
12,3,14,15540,15775.99,235.990234375
7,16,11,18731,19520.795,789.794921875
11,19,1,12879,13169.434,290.43359375
3,9,14,15700,16096.97,396.9697265625
5,13,15,16557,17463.285,906.28515625
10,14,10,15172,15601.265,429.2646484375
11,22,11,15460,15160.838,299.162109375
10,12,0,12424,12439.529,15.529296875
