month,day,hour,y_true,y_pred,error
11,1,8,15998,14576.765394884627,1421.2346051153727
11,1,9,16033,14612.247308285596,1420.7526917144041
11,1,10,16184,15425.038368113435,758.9616318865646
11,1,11,16258,15679.631695610307,578.3683043896926
11,1,12,16307,15785.064767020236,521.9352329797639
11,1,13,16195,17481.48260617266,1286.4826061726599
11,1,14,16009,16099.518831667487,90.51883166748667
11,1,15,16083,17036.896454390877,953.8964543908769
11,1,16,16190,16361.274379162984,171.27437916298368
11,1,17,16594,16626.804512981438,32.804512981438165
11,1,18,17059,16089.406632019602,969.5933679803984
11,1,19,17088,16298.559140536472,789.4408594635279
11,1,20,16779,16541.647058184677,237.352941815323
11,1,21,16308,17812.060202582066,1504.0602025820663
11,1,22,15283,16664.92919681106,1381.9291968110592
11,2,8,14745,14113.733105812193,631.2668941878073
11,2,9,15420,14427.048247984178,992.9517520158224
11,2,10,15742,14529.828811208481,1212.171188791519
11,2,11,15864,14410.760589096528,1453.2394109034722
11,2,12,15643,14575.850403868844,1067.1495961311557
11,2,13,15425,14549.765775621545,875.2342243784551
11,2,14,15444,14423.442976502574,1020.5570234974257
11,2,15,15451,14420.23649732216,1030.7635026778407
11,2,16,15560,14939.263602846066,620.7363971539344
11,2,17,16010,14768.508090667694,1241.491909332306
11,2,18,16573,15085.516989749336,1487.483010250664
11,2,19,16396,15031.479842817846,1364.5201571821544
11,2,20,16000,15261.808453116935,738.1915468830648
11,2,21,15608,15368.022116664599,239.9778833354012
11,2,22,14823,15680.599751270533,857.5997512705326
11,3,7,13134,12797.667415835158,336.33258416484205
11,3,8,13722,12890.851104631265,831.1488953687349
11,3,9,14292,13200.073851651587,1091.9261483484133
11,3,10,14515,12942.058928681357,1572.9410713186426
11,3,11,14499,13065.871857688277,1433.1281423117234
11,3,12,14719,13076.730572511635,1642.2694274883652
11,3,13,14641,13655.88680313572,985.1131968642803
11,3,14,14484,14130.279643870052,353.7203561299484
11,3,15,14404,14694.6335026096,290.6335026096003
11,3,16,14716,14740.881837592191,24.881837592191005
11,3,17,15774,14780.682763575993,993.3172364240072
11,3,18,17206,15209.824664104537,1996.175335895463
11,3,19,17298,15063.330452409962,2234.669547590038
11,3,20,17040,15124.33922033261,1915.6607796673907
11,3,21,16563,15030.175700839922,1532.8242991600782
11,4,7,15416,13478.0229791198,1937.9770208802001
11,4,8,16471,14922.678267892647,1548.3217321073535
11,4,9,16682,14601.28738719086,2080.7126128091404
11,4,10,16519,15509.891204444615,1009.1087955553849
11,4,11,16507,15332.162539565901,1174.8374604340988
11,4,12,16589,15334.88795307268,1254.1120469273192
11,4,13,16516,15290.362493391536,1225.6375066084638
11,4,14,16535,15346.084898528963,1188.915101471037
11,4,15,16666,15471.658360321242,1194.341639678758
11,4,16,16937,16023.926436360034,913.0735636399659
11,4,17,17832,16367.218277256308,1464.7817227436917
11,4,18,19028,16097.84908363272,2930.15091636728
11,4,19,18903,16304.924915698293,2598.0750843017067
11,4,20,18572,16359.463995099402,2212.5360049005976
11,4,21,18215,16487.533144603927,1727.4668553960728
11,5,7,15310,13988.208494004319,1321.7915059956813
11,5,8,16442,15709.56991931977,732.4300806802294
11,5,9,16481,15525.55103400636,955.4489659936407
11,5,10,16344,15838.729581542764,505.2704184572358
11,5,11,16315,15872.241950756828,442.7580492431716
11,5,12,16233,16375.10189913093,142.10189913093018
11,5,13,16154,16345.138491674843,191.13849167484295
11,5,14,16161,16286.999700493807,125.99970049380681
11,5,15,16205,16488.98616431668,283.9861643166805
11,5,16,16587,16681.361020967226,94.36102096722607
11,5,17,17357,17579.757855808875,222.75785580887532
11,5,18,18325,16677.193940367306,1647.806059632694
11,5,19,18264,16342.350373219004,1921.6496267809962
11,5,20,17858,16452.175894483193,1405.8241055168073
11,5,21,17564,16775.585391297413,788.4146087025874
11,6,7,14850,14197.830045282972,652.1699547170283
11,6,8,16119,15366.903787756588,752.0962122434121
11,6,11,16513,15843.131671969093,669.8683280309069
11,6,13,16617,16662.069970318236,45.0699703182363
11,6,14,16756,17037.494737220823,281.49473722082257
11,6,15,16852,17197.60528601522,345.60528601521946
11,6,16,17023,17321.212911096096,298.2129110960959
11,6,17,17711,17220.247041003968,490.75295899603225
11,6,18,18578,16216.948841367606,2361.0511586323937
11,6,19,18116,16453.717822540435,1662.282177459565
11,6,20,17984,16374.994542449846,1609.0054575501545
11,6,21,17544,16247.045700844368,1296.9542991556318
11,7,7,15047,14073.07303647296,973.9269635270393
11,7,8,16460,15162.879961756897,1297.1200382431034
11,7,9,16657,15347.295441502594,1309.7045584974057
11,7,10,16496,15537.405216336181,958.5947836638188
11,7,11,16505,15856.290770337286,648.7092296627143
11,7,12,16760,15900.302549732443,859.6974502675566
11,7,13,16691,15773.578388968872,917.4216110311281
11,7,14,16720,16235.431804605734,484.5681953942658
11,7,15,16858,16596.342871751647,261.6571282483528
11,7,16,16959,16783.45179294974,175.5482070502585
11,7,17,17704,17132.916512018342,571.0834879816575
11,7,18,18695,16827.641593642296,1867.3584063577036
11,7,19,18620,16751.074527584195,1868.9254724158054
11,7,20,18490,16883.423922153637,1606.5760778463628
11,7,21,18141,18526.284663168375,385.2846631683751
11,8,7,15503,14073.632741530859,1429.3672584691412
11,8,8,16733,15478.57861128654,1254.4213887134592
11,8,9,16761,15522.388490673653,1238.611509326347
11,8,10,16813,15365.745880795057,1447.254119204943
11,8,11,16783,15600.551302221787,1182.4486977782126
11,8,12,16793,15521.563077916939,1271.4369220830613
11,8,13,16765,15819.90967993748,945.0903200625198
11,8,14,16824,16454.836390403012,369.16360959698795
11,8,15,16849,16004.677981322731,844.3220186772687
11,8,16,16921,16274.218391046663,646.7816089533371
11,8,17,17553,16448.460344028546,1104.5396559714536
11,8,18,18343,16132.899997394858,2210.1000026051424
11,8,19,18306,15921.71829571017,2384.2817042898296
11,8,20,17951,16398.275296339925,1552.7247036600747
11,8,21,17648,16335.918881692027,1312.0811183079732
11,9,7,13617,13000.357445551888,616.6425544481117
11,9,8,14356,12958.090947880648,1397.909052119352
11,9,10,15550,13192.781853148621,2357.218146851379
11,9,11,15897,13944.675680993465,1952.324319006535
11,9,12,15980,14219.36739588626,1760.63260411374
11,9,13,15865,14646.602897627554,1218.3971023724462
11,9,14,15779,14860.385713428626,918.6142865713737
11,9,15,15817,15148.571376385496,668.4286236145035
11,9,16,15998,15712.183737931631,285.8162620683688
11,9,17,16698,15868.687486683924,829.3125133160756
11,9,18,17525,16414.478603326334,1110.5213966736665
11,9,19,17130,16279.47754739016,850.5224526098391
11,9,20,16504,16153.656732603773,350.343267396227
11,10,7,12654,12972.957251832298,318.9572518322984
11,10,8,13200,13330.731395667788,130.7313956677881
11,10,9,13932,13520.583768011724,411.4162319882762
11,10,10,14691,13346.751540546138,1344.2484594538619
11,10,11,14914,13555.636197134147,1358.3638028658534
11,10,12,15117,13904.107420565952,1212.8925794340485
11,10,13,15183,13730.257449160037,1452.7425508399629
11,10,14,15192,13782.756725421577,1409.2432745784226
11,10,15,15191,14156.58172232307,1034.4182776769303
11,10,16,15533,14222.90324258654,1310.0967574134593
11,10,17,16466,14195.010632594282,2270.9893674057184
11,10,18,17531,14894.294194172468,2636.7058058275325
11,10,19,17526,15457.49439685795,2068.50560314205
11,10,20,17200,15409.227310665776,1790.7726893342242
11,10,21,16746,15701.379274894502,1044.6207251054984
11,11,7,14866,14108.784987793471,757.2150122065286
11,11,8,16299,15800.606907378966,498.39309262103416
11,11,9,16812,16106.94327454706,705.0567254529396
11,11,10,17043,16304.593960257542,738.4060397424582
11,11,11,17348,16686.122003479628,661.8779965203721
11,11,12,17450,16570.16463506915,879.8353649308483
11,11,13,17699,16857.652171719692,841.347828280308
11,11,14,17696,17202.477626823456,493.5223731765436
11,11,15,17597,17309.57367953935,287.42632046065046
11,11,16,17851,17613.76626247395,237.2337375260504
11,11,17,18555,17210.24545640136,1344.7545435986394
11,11,18,19478,16598.013839673276,2879.9861603267236
11,11,19,19232,16702.80088250432,2529.1991174956784
11,11,20,18870,16724.097438439025,2145.9025615609753
11,11,21,18701,17249.181030052325,1451.8189699476752
11,12,7,16179,14480.148663068623,1698.8513369313769
11,12,8,17451,15875.215150909578,1575.7848490904216
11,12,9,17664,16199.106820826119,1464.8931791738814
11,12,10,17384,16241.62732805965,1142.3726719403494
11,12,11,17266,15970.611171610653,1295.3888283893466
11,12,12,17217,15904.047962751993,1312.9520372480074
11,12,13,17261,16051.550805978435,1209.4491940215648
11,12,14,17367,16582.01376178504,784.9862382149586
11,12,15,17483,16371.56306510585,1111.436934894151
11,12,16,17771,16615.030509097513,1155.9694909024875
11,12,17,18648,17097.792654466928,1550.207345533072
11,12,18,19722,16691.550133610097,3030.449866389903
11,12,19,19835,16834.33930527253,3000.6606947274704
11,12,20,19515,17169.93516503949,2345.064834960511
11,12,21,19261,17402.038112128623,1858.9618878713773
11,13,7,16570,14479.192171597613,2090.807828402387
11,13,8,17555,15947.11413963066,1607.8858603693407
11,13,9,17654,16043.188450959164,1610.8115490408363
11,13,10,17575,16210.576710520536,1364.423289479464
11,13,11,17481,16227.632171369,1253.3678286310005
11,13,12,17369,16058.637286529918,1310.3627134700819
11,13,13,17153,15864.62811092305,1288.3718890769505
11,13,14,17005,16280.312174391076,724.687825608924
11,13,15,16896,16162.782902519819,733.2170974801811
11,13,16,17112,16419.548221622113,692.4517783778865
11,13,17,18087,16595.598247066893,1491.4017529331068
11,13,18,19460,16670.391445282265,2789.6085547177354
11,13,19,19298,16939.58314166614,2358.4168583338615
11,13,20,19058,16756.55023279162,2301.4497672083817
11,13,21,18864,16961.135264385957,1902.8647356140427
11,14,7,15878,13842.320854818205,2035.6791451817953
11,14,8,17026,15138.194320802204,1887.805679197796
11,14,9,17009,15145.154570310775,1863.845429689225
11,14,10,16704,15862.672054761193,841.3279452388069
11,14,11,16580,15788.617407506103,791.3825924938974
11,14,12,16466,15829.074004346077,636.9259956539227
11,14,13,16322,16049.742651504297,272.2573484957029
11,14,14,16260,16418.601742576626,158.60174257662584
11,14,15,16370,16373.47657419153,3.4765741915307444
11,14,16,16639,16609.00405615197,29.99594384802913
11,14,17,17487,16875.759239308813,611.2407606911875
11,14,18,18602,16287.879652150874,2314.120347849126
11,14,19,18648,16599.563766260395,2048.436233739605
11,14,20,18459,17107.01437805925,1351.9856219407484
11,14,21,18055,17220.465417105428,834.5345828945719
11,15,7,15428,14157.297142283162,1270.7028577168385
11,15,8,16490,15631.181490315546,858.8185096844536
11,15,9,16881,16007.408309629882,873.5916903701182
11,15,10,16816,16303.470201468494,512.5297985315065
11,15,11,16652,16452.54260749178,199.45739250821862
11,15,12,16585,16488.77086633334,96.22913366666035
11,15,13,16196,16781.854431105447,585.8544311054466
11,15,14,16242,16668.110848696295,426.11084869629485
11,15,15,16294,16852.076849045134,558.0768490451337
11,15,16,16406,16996.091187118076,590.091187118076
11,15,17,17044,16931.758293241117,112.24170675888308
11,15,18,17942,16333.092701111733,1608.9072988882672
11,15,19,17943,16762.04151277253,1180.9584872274718
11,15,20,17865,16628.640747974605,1236.359252025395
11,15,21,17356,16511.12532331408,844.8746766859185
11,16,7,13444,13184.311535953206,259.68846404679425
11,16,8,14319,13827.449136870082,491.55086312991807
11,16,9,14904,14089.2681052592,814.7318947408003
11,16,10,15357,14401.648221931418,955.3517780685816
11,16,11,15410,14467.357192964497,942.6428070355032
11,16,12,15278,14751.03971800375,526.9602819962493
11,16,13,15200,14635.739285186746,564.2607148132538
11,16,14,15008,15079.972139917843,71.97213991784338
11,16,15,14885,14891.079026243953,6.079026243953194
11,16,16,14943,15070.598898524555,127.5988985245549
11,16,17,15687,15303.30532267839,383.69467732160956
11,16,18,16917,15325.720601751593,1591.2793982484072
11,16,19,16622,15666.562878367658,955.4371216323416
11,16,20,16150,15509.893883527826,640.1061164721741
11,16,21,15632,15841.014676504647,209.01467650464656
11,17,17,16188,15024.063003802425,1163.9369961975754
11,17,18,17115,15464.808734693192,1650.1912653068084
11,17,19,16938,15694.576620399364,1243.4233796006356
11,17,20,16591,15894.609219156504,696.390780843496
11,18,11,16973,16163.520874149663,809.4791258503374
11,18,12,17169,16379.433150188977,789.5668498110226
11,18,13,17327,16269.615403629812,1057.3845963701879
11,18,14,17406,16681.24521967488,724.7547803251182
11,18,15,17362,16785.650049247484,576.3499507525157
11,18,16,17502,16577.871741510928,924.1282584890723
11,18,17,18321,16774.167215053385,1546.832784946615
11,18,18,19381,16204.631071835822,3176.368928164178
11,18,19,19158,16318.81043994086,2839.1895600591397
11,18,20,18869,16122.78381448223,2746.216185517769
11,18,21,18523,16289.960798300868,2233.039201699132
11,19,7,15868,14573.485551831254,1294.5144481687457
11,19,8,17276,15520.291255224602,1755.7087447753984
11,19,9,17511,15599.94973792136,1911.0502620786392
11,19,10,17461,15812.589808775136,1648.4101912248643
11,19,11,17420,15861.105712723416,1558.8942872765838
11,19,12,17212,16080.818331902246,1131.1816680977536
11,19,13,16939,16165.389414958378,773.6105850416225
11,19,14,16872,16418.317430607043,453.6825693929568
11,19,15,16779,16604.802272485933,174.19772751406708
11,19,16,17061,16949.753126816016,111.24687318398355
11,19,17,17995,16949.775205853086,1045.224794146914
11,19,18,19378,16588.033983012687,2789.966016987313
11,19,19,19530,16787.799540561937,2742.2004594380633
11,19,20,19291,16974.361912104796,2316.638087895204
11,19,21,18960,17145.611584112758,1814.3884158872424
11,20,7,16518,15215.208476116559,1302.7915238834412
11,20,8,17646,15329.452255505055,2316.5477444949447
11,20,13,16739,16246.59308795656,492.40691204343966
11,20,14,16742,16502.713580221065,239.28641977893494
11,20,15,16951,16600.596822269046,350.40317773095376
11,20,16,17375,16865.554701450666,509.44529854933353
11,20,17,18372,17167.114831734758,1204.885168265242
11,20,18,19677,16726.964942167993,2950.0350578320067
11,20,19,19433,16488.457738419285,2944.5422615807147
11,20,20,19366,16615.292653558954,2750.707346441046
11,20,21,18941,16835.18116557393,2105.8188344260707
11,21,7,16104,15102.289433198372,1001.7105668016284
11,21,8,17230,15671.762263792009,1558.2377362079915
11,21,16,18008,17744.5657419246,263.43425807539825
11,21,17,18774,18516.522010063534,257.47798993646575
11,21,18,19337,23998.429770023038,4661.429770023038
11,21,19,19227,17245.300186955126,1981.6998130448737
11,21,20,18766,17399.76964658295,1366.2303534170496
11,21,21,18512,17035.733130962115,1476.266869037885
11,22,7,15551,15396.995562693777,154.00443730622283
11,22,9,17439,16991.120085030405,447.8799149695951
11,22,10,17355,17218.45170507064,136.54829492935824
11,22,11,17512,17335.23121998021,176.76878001978912
11,22,12,17485,17382.397882401438,102.60211759856247
11,22,13,17485,17334.451741834142,150.548258165858
11,22,14,17334,17362.591959537534,28.59195953753442
11,22,15,17259,17530.53952313353,271.5395231335315
11,22,16,17375,17111.327876255316,263.67212374468363
11,22,17,18015,16999.59659559858,1015.4034044014188
11,22,18,18662,16498.47606613365,2163.5239338663487
11,22,19,18434,16191.217835031883,2242.7821649681173
11,22,20,18376,16921.363830582533,1454.6361694174666
11,22,21,18158,16989.059650859323,1168.9403491406774
11,23,7,14330,14000.503531451846,329.49646854815364
11,23,8,15115,14350.598366035945,764.4016339640548
11,23,9,15851,14804.595733230664,1046.4042667693357
11,23,10,16465,16004.596950700168,460.40304929983176
11,23,11,16914,23920.238321207442,7006.238321207442
11,23,12,16929,15299.704097933929,1629.295902066071
11,23,13,16819,15842.408117536466,976.5918824635337
11,23,14,16645,15364.290910993035,1280.7090890069649
11,23,15,16781,15802.898082192823,978.1019178071765
11,23,16,16916,15648.409723830027,1267.5902761699726
11,23,17,17875,15433.884178884407,2441.1158211155926
11,23,18,19113,17471.75970490657,1641.2402950934302
11,23,19,19127,17731.136679129264,1395.863320870736
11,23,20,18590,16326.087438982717,2263.912561017283
11,23,21,18069,16503.861617294766,1565.138382705234
11,24,7,14948,14204.88429485756,743.1157051424398
11,24,8,15432,14323.868639816366,1108.1313601836337
11,24,9,16018,14477.555807568899,1540.4441924311013
11,24,10,16357,14722.659703279836,1634.3402967201637
11,24,11,16428,14782.48056913436,1645.5194308656392
11,24,12,16564,14798.951937659636,1765.0480623403637
11,24,13,16655,14701.846716801558,1953.1532831984423
11,24,14,16635,14955.802305021974,1679.1976949780255
11,24,15,16667,14916.51200051554,1750.4879994844596
11,24,16,17240,15354.291863021073,1885.7081369789266
11,24,17,18483,15753.322601127878,2729.6773988721216
11,24,18,19971,16610.11189629669,3360.8881037033098
11,24,19,19803,16483.24826551473,3319.7517344852713
11,24,20,19474,16381.880472053524,3092.1195279464755
11,24,21,19045,17077.209581237403,1967.7904187625973
11,25,7,16713,14453.215712415331,2259.784287584669
11,25,8,18277,16158.614123587282,2118.385876412718
11,25,9,18307,16564.03931433405,1742.9606856659484
11,25,10,18379,16767.78045684408,1611.2195431559194
11,25,11,18218,16323.07665047174,1894.9233495282606
11,25,12,18243,16413.523341148495,1829.476658851505
11,25,13,18301,16484.823465969595,1816.1765340304046
11,25,14,18459,16850.84527838149,1608.15472161851
11,25,15,18445,16950.659856421396,1494.3401435786036
11,25,16,18639,17199.417213678145,1439.5827863218547
11,25,17,19672,17639.834600955073,2032.1653990449267
11,25,18,20457,16870.52879330128,3586.4712066987195
11,25,19,20063,16714.1590273325,3348.840972667502
11,25,20,19697,17416.996605167868,2280.0033948321325
11,25,21,19491,17900.46246226759,1590.537537732409
11,26,7,16612,14507.599417474261,2104.400582525739
11,26,8,18279,18077.9692664219,201.0307335780999
11,26,9,18552,16995.846329967128,1556.1536700328725
11,26,10,18521,20415.133998967514,1894.1339989675143
11,26,11,18575,17060.779790267465,1514.2202097325353
11,26,12,18441,16730.837156863985,1710.162843136015
11,26,13,18268,16267.93115829505,2000.0688417049496
11,26,14,18367,16946.61809770784,1420.3819022921598
11,26,15,18475,17140.468846022803,1334.5311539771974
11,26,16,18733,17717.321118487274,1015.6788815127256
11,26,17,19573,17919.470043786194,1653.5299562138061
11,26,18,20293,17018.20688741783,3274.7931125821706
11,26,19,19931,16957.785922361716,2973.214077638284
11,26,20,19715,17227.325898217437,2487.6741017825625
11,26,21,19348,17522.84191917467,1825.1580808253311
11,27,7,16202,14618.441489677736,1583.5585103222638
11,27,8,17744,16013.30783106151,1730.6921689384908
11,27,9,17951,15881.892965781146,2069.107034218854
11,27,10,17932,16209.002801194643,1722.9971988053567
11,27,11,17884,15817.205877415108,2066.7941225848917
11,27,15,17856,16977.761127702175,878.2388722978249
11,27,16,18268,17046.58890139629,1221.4110986037085
11,27,17,19153,17344.115139082078,1808.8848609179222
11,27,18,19597,17083.35943334086,2513.6405666591418
11,27,19,20304,16896.726205533476,3407.273794466524
11,27,20,20192,17036.79235529767,3155.2076447023283
11,27,21,19885,17200.32683307949,2684.673166920511
11,28,7,17325,14933.17815008626,2391.82184991374
11,28,8,18595,16146.610174239522,2448.389825760478
11,28,9,18724,16400.651351753448,2323.3486482465523
11,28,10,18563,16874.553536509808,1688.4464634901924
11,28,11,18758,16844.00712261531,1913.9928773846914
11,28,12,18542,16913.266798137844,1628.7332018621564
11,28,13,18527,17383.49522605677,1143.5047739432302
11,28,14,18410,17303.104662770456,1106.8953372295437
11,28,15,18321,17524.543075006164,796.4569249938359
11,28,16,18660,17607.84570904405,1052.1542909559503
11,28,17,19624,17863.30933918464,1760.6906608153586
11,28,18,20615,17276.716218161444,3338.283781838556
11,28,19,20438,17475.47226688474,2962.527733115261
11,28,20,20176,17590.948209668237,2585.051790331763
11,28,21,20028,17683.08749427471,2344.9125057252895
11,29,7,17581,15718.998661063088,1862.0013389369124
11,29,8,18884,17214.104113998037,1669.895886001963
11,29,9,19004,16569.814484817638,2434.185515182362
11,29,10,18782,16578.458797520823,2203.5412024791767
11,29,11,18467,17105.3070909367,1361.6929090632984
11,29,12,18140,17276.069403280333,863.9305967196669
11,29,13,17806,16976.712205129166,829.2877948708337
11,29,14,17626,17038.31425744736,587.6857425526396
11,29,15,17535,17273.221132319282,261.77886768071767
11,29,16,17807,17225.24734457354,581.7526554264587
11,29,17,18663,17464.832196297084,1198.167803702916
11,29,18,19947,16794.494836135695,3152.5051638643054
11,29,19,19858,16726.21290090337,3131.7870990966294
11,29,20,19581,16879.225746895543,2701.774253104457
11,29,21,19227,17271.07633938388,1955.9236606161212
11,30,7,15314,14041.293454365186,1272.7065456348137
11,30,8,16124,14755.174498169474,1368.8255018305263
11,30,9,16699,15148.18124577564,1550.8187542243595
11,30,10,17317,15695.748470800714,1621.2515291992859
11,30,11,17521,15882.799354447325,1638.2006455526753
11,30,12,17431,15909.712114379217,1521.2878856207826
11,30,13,17219,15952.407806328116,1266.5921936718842
11,30,14,16887,15941.702694030742,945.2973059692576
11,30,15,16841,16056.272551171272,784.7274488287276
11,30,16,16853,15809.440940847677,1043.5590591523232
11,30,17,17655,15981.269169659376,1673.7308303406244
11,30,18,18792,16194.856162079443,2597.1438379205574
11,30,19,18515,16709.644868511958,1805.3551314880424
11,30,20,18063,16823.89861706035,1239.1013829396506
11,30,21,17679,17980.473016602595,301.4730166025947
12,1,12,16607,15944.408028446594,662.5919715534055
12,1,13,16641,15536.749902908852,1104.2500970911478
12,2,12,18022,16747.19042716244,1274.8095728375592
12,2,13,18048,16668.922562651143,1379.0774373488566
12,2,14,17942,16791.920885824456,1150.0791141755435
12,2,15,17817,16910.139210201018,906.8607897989823
12,2,16,17953,17120.58779234731,832.412207652691
12,2,17,18926,17232.2088307273,1693.7911692726993
12,2,18,20025,16229.91368171284,3795.08631828716
12,2,19,19933,16329.43470500499,3603.565294995011
12,2,20,19768,16676.595454567523,3091.404545432477
12,2,21,19367,16911.531149356564,2455.468850643436
12,3,7,16307,15229.350604881127,1077.6493951188731
12,3,8,17879,15833.117904286104,2045.882095713896
12,3,9,18024,16306.110156377987,1717.8898436220134
12,3,10,17742,16430.83182711293,1311.1681728870717
12,3,13,17401,17081.786698439177,319.2133015608233
12,3,14,17409,17407.673421409378,1.3265785906223755
12,3,15,17458,17403.72526881669,54.274731183311815
12,3,16,17801,17303.56011315707,497.4398868429307
12,3,17,18783,17310.369415254183,1472.630584745817
12,3,18,20055,16763.870234812213,3291.1297651877867
12,3,19,19698,16864.72522089036,2833.274779109641
12,3,20,19513,17154.768285501636,2358.2317144983645
12,3,21,19173,17302.455015389565,1870.5449846104348
12,4,7,16409,16099.055333424832,309.9446665751675
12,4,8,17851,17862.586105040435,11.586105040434632
12,4,9,18100,22339.076944219436,4239.076944219436
12,4,10,17948,18802.727614460146,854.7276144601456
12,4,11,18045,17853.657513408485,191.3424865915149
12,4,12,17940,17474.106020617215,465.8939793827849
12,4,13,17798,17483.52696387817,314.4730361218317
12,4,14,17748,17126.29188113937,621.7081188606317
12,4,16,17974,17758.323678422155,215.67632157784465
12,4,17,18698,17284.185404620373,1413.8145953796266
12,4,18,19802,16092.987448012578,3709.012551987422
12,4,19,19566,16430.851714290748,3135.1482857092524
12,4,20,19334,16679.824435084472,2654.1755649155275
12,4,21,18948,17409.311637801155,1538.6883621988454
12,5,7,15361,14825.94320971251,535.05679028749
12,5,8,16842,16492.00968802644,349.9903119735609
12,5,9,17183,16994.747375291303,188.2526247086971
12,5,10,17072,17231.275559325306,159.27555932530595
12,5,11,16984,17533.183112274306,549.183112274306
12,5,12,16909,17462.701931425,553.7019314249992
12,5,13,16718,18122.36090784742,1404.3609078474183
12,5,14,16872,18085.82125692269,1213.821256922689
12,5,15,16979,18127.970657231654,1148.9706572316536
12,5,16,17268,17948.208429115035,680.208429115035
12,5,17,18183,18172.548479813926,10.451520186074049
12,5,18,19312,16516.64557661753,2795.3544233824687
12,5,19,19063,16711.712164692737,2351.287835307263
12,5,20,19108,17101.098433742183,2006.9015662578167
12,5,21,18759,17381.961728545688,1377.038271454312
12,6,7,15941,15266.99966464817,674.0003353518296
12,6,8,17635,16668.60812321301,966.3918767869909
12,6,9,18093,16079.277051922078,2013.7229480779224
12,6,10,17982,16540.69013199576,1441.3098680042385
12,6,11,18086,16701.29401482574,1384.7059851742597
12,6,12,18098,16910.958263538734,1187.0417364612658
12,6,13,18032,17161.77111245835,870.2288875416489
12,6,14,18041,17306.90908660135,734.0909133986497
12,6,15,18052,17411.172114700337,640.8278852996627
12,6,16,18295,17648.529195645468,646.4708043545324
12,6,17,19059,18163.964963464772,895.0350365352278
12,6,18,19918,18191.673810698176,1726.3261893018243
12,6,19,19617,17468.792360416952,2148.207639583048
12,6,20,19247,17395.429962145194,1851.5700378548063
12,6,21,19009,17346.823690359295,1662.1763096407049
12,7,7,15017,14142.402445274363,874.5975547256367
12,7,8,15827,14525.665226565332,1301.334773434668
12,7,9,16583,15302.63092606669,1280.3690739333106
12,7,10,17104,15235.228342942099,1868.7716570579014
12,7,11,17216,15385.967439749584,1830.0325602504163
12,7,12,17213,15104.440860218121,2108.559139781879
12,7,13,17179,15145.586262533112,2033.413737466888
12,7,14,17171,15749.50209532416,1421.49790467584
12,7,15,17209,15846.682478981333,1362.3175210186673
12,7,16,17419,16300.216113960483,1118.7838860395168
12,7,17,18395,17225.309011981626,1169.690988018374
12,7,18,19548,20247.031333862542,699.0313338625419
12,7,19,19317,18694.81253966093,622.1874603390715
12,7,20,18880,16729.3860779731,2150.6139220268997
12,7,21,18437,16763.12834413057,1673.8716558694287
12,8,7,14929,13694.880732036787,1234.1192679632131
12,8,8,15546,14245.191789114573,1300.808210885427
12,8,9,16123,14314.7797633502,1808.2202366498004
12,8,10,16625,14690.496150362513,1934.5038496374873
12,8,11,16832,14929.514943948134,1902.4850560518662
12,8,12,16901,15228.75431309369,1672.2456869063099
12,8,13,16971,15880.167073265107,1090.8329267348927
12,8,14,16950,15864.146783244856,1085.8532167551439
12,8,15,17104,16432.658703311597,671.3412966884025
12,8,16,17483,16483.934608194417,999.0653918055832
12,8,17,18706,16344.631432983017,2361.3685670169834
12,8,18,19911,16649.20650034068,3261.7934996593212
12,8,19,19640,16760.725098007035,2879.274901992965
12,8,20,19085,16724.975367965802,2360.0246320341976
12,8,21,18659,16900.930154311023,1758.0698456889768
12,9,7,17030,15404.914402043569,1625.0855979564312
12,9,8,18390,16950.957436682937,1439.0425633170635
12,9,9,18633,17286.49468674098,1346.5053132590183
12,9,10,18705,17522.822259555862,1182.1777404441382
12,9,11,18739,17594.539604608384,1144.4603953916157
12,9,12,19001,18055.841574242804,945.1584257571958
12,9,13,19021,17431.08203996955,1589.9179600304487
12,9,14,18968,17361.084715744404,1606.915284255596
12,9,15,18766,17336.91770517603,1429.0822948239693
12,9,16,18800,17411.287754836405,1388.712245163595
12,9,17,19945,17983.676193952368,1961.3238060476324
12,9,18,20975,17150.210453234213,3824.7895467657872
12,9,19,20673,17331.96105240619,3341.03894759381
12,9,21,20195,17806.158502548897,2388.8414974511034
12,10,7,17473,15516.381635160815,1956.6183648391852
12,10,8,18974,18061.823913620527,912.1760863794734
12,10,9,18980,16985.314698006772,1994.6853019932278
12,10,10,18621,16585.90816416204,2035.0918358379604
12,10,11,18311,16636.038506352234,1674.9614936477665
12,10,12,18074,16315.602861328493,1758.3971386715075
12,10,13,18150,16436.113811467392,1713.8861885326078
12,10,14,18255,16964.58122617206,1290.4187738279397
12,10,15,18347,17176.423548786508,1170.576451213492
12,10,16,18653,17707.12423719046,945.8757628095409
12,10,17,19977,18067.510175072464,1909.4898249275357
12,10,18,21111,17229.574242663355,3881.425757336645
12,10,19,20969,17429.177259874406,3539.8227401255936
12,10,20,20919,16954.84179651537,3964.1582034846288
12,10,21,20621,17554.787271468493,3066.2127285315073
12,11,7,17464,14753.156492550554,2710.8435074494464
12,11,8,19277,16827.356921213115,2449.643078786885
12,11,9,19524,17573.853500405672,1950.146499594328
12,11,10,19182,17349.16684720352,1832.8331527964801
12,11,11,19092,17439.386815509606,1652.613184490394
12,11,12,19126,17377.043423312254,1748.9565766877458
12,11,13,18973,17197.519713888625,1775.4802861113749
12,11,14,19106,17759.814168727415,1346.1858312725853
12,11,15,19123,16957.57212332782,2165.42787667218
12,11,16,19339,17471.832265412417,1867.1677345875833
12,11,17,20297,17791.589151474775,2505.4108485252254
12,11,18,21705,17370.208468218672,4334.791531781328
12,11,19,21619,17660.69010307641,3958.3098969235907
12,11,20,21344,17833.497676594074,3510.5023234059263
12,11,21,21070,17637.310352492896,3432.6896475071044
12,12,7,18103,20737.416318268028,2634.4163182680277
12,12,8,19798,19859.29882707739,61.29882707738943
12,12,9,19841,18031.518035098867,1809.4819649011333
12,12,10,19534,17303.499999193773,2230.500000806227
12,12,11,19187,17134.978398088784,2052.021601911216
12,12,12,19162,17149.67536291565,2012.3246370843517
12,12,13,18977,17254.109374449312,1722.8906255506881
12,12,14,19131,17358.41627204529,1772.5837279547086
12,12,15,19214,17521.133077546874,1692.8669224531259
12,12,16,19408,18128.729055381787,1279.2709446182125
12,12,17,20549,18174.00487108513,2374.9951289148703
12,12,18,21787,17725.704131590137,4061.295868409863
12,12,19,21597,17844.12300397505,3752.8769960249483
12,12,20,21487,17875.676574989917,3611.323425010083
12,12,21,21130,17927.383940811345,3202.6160591886546
12,13,7,17997,16426.38883886591,1570.6111611340893
12,13,8,19695,18244.26885793346,1450.7311420665392
12,13,9,19931,19189.975834615532,741.0241653844678
12,13,10,19939,18454.053783095907,1484.9462169040926
12,13,11,19982,18124.400015433625,1857.5999845663755
12,13,12,19710,17906.446813340528,1803.553186659472
12,13,13,19373,18052.20845121333,1320.7915487866703
12,13,14,19170,18090.068148661612,1079.9318513383878
12,13,15,19157,18022.981983375143,1134.0180166248574
12,13,16,19529,18399.928623950054,1129.0713760499457
12,13,17,20513,19021.5508770567,1491.4491229433006
12,13,18,21868,21806.12135817505,61.878641824951046
12,13,19,21481,22400.280211147034,919.2802111470337
12,13,20,21311,23515.162461043576,2204.1624610435756
12,13,21,20878,18777.52161844304,2100.478381556961
12,14,7,16812,16225.639976280354,586.360023719646
12,14,8,17801,16699.350226896968,1101.6497731030322
12,14,9,18634,16825.644017337607,1808.3559826623932
12,14,10,19324,18016.828083378172,1307.1719166218281
12,14,11,19841,18898.103678620173,942.896321379827
12,14,12,20012,17767.695364020496,2244.3046359795044
12,14,13,19894,17013.504704628893,2880.495295371107
12,14,14,19693,17064.376308224382,2628.6236917756178
12,14,15,19747,17042.773486841095,2704.2265131589047
12,14,16,19914,17072.975839800016,2841.024160199984
12,14,17,20865,17561.383830914066,3303.6161690859335
12,14,18,21881,18336.274800092146,3544.7251999078544
12,14,19,21589,18602.2702835724,2986.7297164275988
12,14,20,20958,18693.440648860724,2264.5593511392763
12,14,21,20206,18164.663559255958,2041.3364407440422
12,15,7,16034,14872.620452144407,1161.379547855593
12,15,8,16710,15184.662465296391,1525.337534703609
12,15,9,17337,15583.834800802353,1753.1651991976469
12,15,10,18019,18328.68582932036,309.6858293203586
12,15,11,18385,17337.08079583216,1047.9192041678398
12,15,12,18365,15272.517282862564,3092.4827171374363
12,15,13,18369,15241.680526689392,3127.3194733106084
12,15,14,18123,16271.425290653673,1851.574709346327
12,15,15,18091,16123.554475878538,1967.4455241214619
12,15,16,18259,16722.548140821797,1536.4518591782034
12,15,17,19397,17205.16530831972,2191.8346916802802
12,15,18,20682,17807.946313092692,2874.0536869073076
12,15,19,20576,17615.12040607015,2960.8795939298507
12,15,20,20073,17797.759281261686,2275.240718738314
12,15,21,19883,18907.31362133316,975.68637866684
12,16,7,18376,17414.542405097054,961.4575949029459
12,16,8,20026,18636.08793720134,1389.9120627986595
12,16,9,20243,18417.212238535143,1825.7877614648569
12,16,11,19745,17863.567681277396,1881.4323187226037
12,16,12,19743,17901.31926814165,1841.6807318583487
12,16,13,19398,17947.1302426958,1450.869757304201
12,16,14,19426,17854.40958169129,1571.5904183087114
12,16,15,19356,17630.39490036739,1725.6050996326085
12,16,16,19679,17726.47958898327,1952.5204110167288
12,16,17,20890,18500.093775619913,2389.906224380087
12,16,18,22496,18657.392130210865,3838.6078697891353
12,16,19,22556,18621.43366653761,3934.5663334623896
12,16,20,22285,18818.415175898677,3466.5848241013227
12,16,21,22008,19325.717380476948,2682.282619523052
12,17,7,18818,16748.31906223865,2069.68093776135
12,17,8,20103,17968.63033119562,2134.3696688043783
12,17,9,20399,18223.950008558266,2175.049991441734
12,17,10,20467,19203.60700485488,1263.392995145121
12,17,11,20364,17963.5977445988,2400.402255401201
12,17,12,20260,18486.796810577325,1773.2031894226748
12,17,13,19979,18800.847136554676,1178.1528634453243
12,17,14,19734,18980.443511750906,753.5564882490944
12,17,15,19568,19012.76853650342,555.2314634965805
12,17,16,19923,19086.289553112732,836.7104468872676
12,17,17,20978,19428.68434545313,1549.31565454687
12,17,18,21964,18637.843462164634,3326.156537835366
12,17,19,21456,18618.43901008449,2837.5609899155097
12,17,20,21718,18835.390017472593,2882.609982527407
12,17,21,21415,19680.821221148315,1734.178778851685
12,18,8,19179,17844.10130738216,1334.8986926178404
12,18,9,19336,17624.692591453986,1711.307408546014
12,18,10,19268,17526.846853686617,1741.1531463133833
12,18,11,19160,18000.063371419274,1159.9366285807264
12,18,14,18702,17720.47495029512,981.5250497048801
12,18,15,18646,17841.429368421672,804.5706315783282
12,18,16,18951,18141.43820662521,809.561793374789
12,18,17,19943,18378.324440892506,1564.6755591074943
12,18,18,21033,17863.7530671406,3169.2469328594016
12,18,19,21042,18080.711241752993,2961.2887582470066
12,18,20,20901,17822.40017051778,3078.5998294822202
12,18,21,20606,18014.817019847622,2591.182980152378
12,19,7,17078,15538.880563984842,1539.1194360151585
12,19,10,18321,17727.242790287026,593.7572097129741
12,19,11,18343,17183.393400736586,1159.606599263414
12,19,12,18389,17509.470588453234,879.5294115467659
12,19,13,18140,17919.761123527987,220.23887647201263
12,19,14,18139,17760.42569293038,378.57430706961895
12,19,15,18218,17790.62283286146,427.37716713854024
12,19,16,18482,17965.150570791844,516.8494292081559
12,19,17,19424,18539.10430530593,884.8956946940707
12,19,18,20439,17667.843685060492,2771.156314939508
12,19,19,20258,17729.930098932102,2528.069901067898
12,19,20,20142,17612.392197193683,2529.6078028063166
12,19,21,19865,17867.90443572413,1997.0955642758709
12,20,14,18885,17905.31735969518,979.6826403048217
12,21,19,19046,17217.428906924073,1828.571093075927
12,21,20,18723,17200.0052658924,1522.9947341076004
12,21,21,18228,17189.16186764261,1038.8381323573885
12,23,9,16329,16989.50008750431,660.5000875043115
12,23,10,16736,17298.59599571342,562.5959957134182
12,23,11,16849,17353.16761826205,504.1676182620504
12,23,12,17006,17311.01556783496,305.01556783495835
12,23,13,17150,17313.370104490907,163.37010449090667
12,23,14,17163,17780.331933505866,617.3319335058659
12,23,15,16977,18060.43785472036,1083.4378547203596
12,23,16,17117,18744.573766641202,1627.5737666412024
12,23,17,17697,18736.023005596573,1039.023005596573
12,23,18,18780,17895.787752344793,884.2122476552067
12,23,19,18781,18033.62606779575,747.3739322042493
12,23,20,18696,18344.718460205477,351.28153979452327
12,23,21,18571,18691.951867440264,120.95186744026432
12,24,7,15697,17100.603632058363,1403.6036320583626
12,24,8,16733,17930.471447973272,1197.471447973272
12,24,9,17433,18143.882145618758,710.8821456187579
12,24,10,17680,18030.786456772257,350.7864567722572
12,24,11,17538,18072.801963533548,534.8019635335477
12,24,12,17480,17735.46843447837,255.4684344783709
12,24,13,17173,17823.355833144346,650.3558331443455
12,24,14,16830,17410.941562584,580.9415625840011
12,24,15,16669,17775.354456396715,1106.3544563967152
12,24,16,16670,18483.20625047976,1813.2062504797614
12,24,17,17705,18764.590496305682,1059.5904963056819
12,24,18,18980,18067.981228172073,912.0187718279267
12,24,19,18707,17970.965601537,736.0343984630017
12,24,20,18147,17692.24771968562,454.7522803143802
12,24,21,17900,17829.84828241474,70.15171758526049
12,25,7,15060,14884.92495963501,175.07504036499085
12,25,8,15722,15423.913616044576,298.086383955424
12,25,9,16123,15617.730700787062,505.26929921293777
12,25,10,16696,15925.877462555734,770.1225374442656
12,25,11,17179,16510.63400479024,668.3659952097587
12,25,12,17327,16057.993364287602,1269.0066357123978
12,25,13,17343,15770.415178625239,1572.5848213747613
12,25,14,17190,15986.81600844496,1203.1839915550408
12,25,15,17083,16418.831367871997,664.1686321280031
12,25,16,17135,16491.52563320107,643.4743667989314
12,25,17,17547,16595.656971880042,951.343028119958
12,25,18,18112,16781.118593133877,1330.8814068661231
12,25,19,17632,16766.485425356503,865.5145746434973
12,25,20,17296,16818.119650133136,477.880349866864
12,26,11,16010,14836.293287546196,1173.7067124538044
12,26,12,15947,15444.551254318761,502.4487456812385
12,26,13,15956,15386.484225787524,569.5157742124757
12,26,14,15680,15124.308269091067,555.6917309089331
12,26,15,15462,15352.654452523033,109.34554747696711
12,26,16,15581,15447.920727697185,133.0792723028153
12,26,17,16404,16209.824552845372,194.17544715462827
12,26,20,17673,17243.959143662833,429.0408563371675
12,27,7,14948,15605.30336405276,657.3033640527592
12,27,10,16873,17184.73631507343,311.7363150734309
12,27,11,17002,17566.921790985085,564.921790985085
12,27,12,16923,16958.408914528678,35.408914528678
12,27,13,16682,16451.801542199126,230.19845780087417
12,27,14,16414,16578.513107365554,164.51310736555388
12,27,15,16292,16822.045213854508,530.0452138545079
12,27,16,16682,17675.622179225742,993.622179225742
12,27,17,17565,17479.8459563645,85.15404363549897
12,27,18,18611,16587.504994563085,2023.4950054369147
12,27,19,18408,16865.29945488346,1542.7005451165387
12,27,20,18259,17081.735012598903,1177.2649874010967
12,27,21,17981,16662.813340558707,1318.1866594412932
12,28,7,13499,13778.69316224894,279.6931622489392
12,28,8,14061,13972.631204395548,88.36879560445232
12,28,9,14789,14591.220759545266,197.77924045473446
12,28,10,15681,15027.327523554344,653.6724764456558
12,28,11,16136,15457.74496749223,678.25503250777
12,28,12,16275,15310.36932344921,964.6306765507907
12,28,13,16093,15059.72882723179,1033.2711727682108
12,28,14,15918,15241.71203088999,676.2879691100097
12,28,15,15796,15435.728290414858,360.27170958514216
12,28,16,15715,15541.033422084709,173.96657791529105
12,28,17,16273,15819.854998046943,453.14500195305664
12,28,18,17651,16037.059325584018,1613.9406744159824
12,28,19,17425,16125.301524094357,1299.6984759056431
11,1,0,13135,12135.282937654083,999.7170623459169
11,1,1,12650,12290.137319128045,359.8626808719546
11,1,2,12421,12489.161078047304,68.16107804730382
11,1,3,12172,12480.193089659202,308.1930896592021
11,1,4,12136,12661.446200577375,525.4462005773748
11,1,5,12426,12966.810929323714,540.8109293237139
11,1,6,13029,13091.183220899686,62.18322089968569
11,1,7,13982,13050.635199570908,931.3648004290917
11,1,8,14847,13434.584626729016,1412.4153732709838
11,1,9,15531,13742.922165941227,1788.077834058773
11,1,10,15615,13968.338668728818,1646.6613312711816
11,1,11,15679,13990.957457207624,1688.0425427923765
11,1,12,15620,13660.863200169584,1959.1367998304158
11,1,13,15475,13904.482635335906,1570.5173646640942
11,1,14,15360,13766.137097212773,1593.8629027872266
11,1,15,15349,14190.416447952648,1158.583552047352
11,1,16,15657,14908.400081029276,748.5999189707236
11,1,17,16279,14917.025167874364,1361.9748321256357
11,1,18,16859,14807.414687522018,2051.5853124779824
11,1,19,16570,15096.375118694174,1473.6248813058264
11,1,20,16181,15314.072733362043,866.9272666379566
11,1,21,15652,15620.444907011617,31.555092988382967
11,1,22,15024,15791.273242235959,767.2732422359586
11,1,23,14212,16121.680136565132,1909.6801365651318
11,2,0,13516,12723.230935579018,792.7690644209815
11,2,2,12634,12319.82900449792,314.1709955020797
11,2,3,12437,12339.616268676164,97.3837313238364
11,2,4,12427,12695.03850228435,268.0385022843493
11,2,5,12490,12947.869842878972,457.8698428789721
11,2,6,12735,13178.456744264286,443.4567442642856
11,2,7,13318,13588.542488657284,270.5424886572837
11,2,8,13741,13656.855050648552,84.1449493514483
11,2,9,14149,13515.665483377226,633.3345166227737
11,2,10,14124,13276.729036290448,847.2709637095522
11,2,11,14097,13518.685378158325,578.314621841675
11,2,12,14186,13680.867362574321,505.1326374256787
11,2,13,14033,13720.467943758978,312.53205624102156
11,2,14,13627,13755.126817517934,128.1268175179339
11,2,15,13716,14256.399572209006,540.3995722090058
11,2,16,14308,14429.392906028927,121.39290602892652
11,2,17,15406,14492.017307724838,913.9826922751618
11,2,18,16935,14712.096777772436,2222.9032222275637
11,2,19,16975,15062.803275774688,1912.1967242253122
11,2,20,16457,15408.407976316885,1048.5920236831153
11,2,21,16077,15646.989736967962,430.010263032038
11,2,22,15253,15749.476735587286,496.4767355872864
11,2,23,14259,15453.083965371492,1194.083965371492
11,3,0,13277,12732.50197461236,544.4980253876402
11,3,1,12798,12569.99810615461,228.00189384539044
11,3,2,12500,12627.443105841194,127.44310584119376
11,3,3,12367,12930.673482450993,563.6734824509931
11,3,4,12302,12916.713574856622,614.7135748566216
11,3,5,12517,13360.471394206372,843.4713942063718
11,3,6,13304,13459.263772140364,155.26377214036438
11,3,7,14810,14079.34255173565,730.65744826435
11,3,8,16022,15240.28674867445,781.7132513255492
11,3,9,16239,15560.562993911166,678.4370060888341
11,3,10,16109,15733.866949121715,375.13305087828485
11,3,11,15859,16166.065396508591,307.0653965085912
11,3,12,15802,16093.980382640326,291.98038264032584
11,3,13,15521,16059.463018026307,538.4630180263066
11,3,14,15638,16261.85055752978,623.8505575297804
11,3,15,15802,16492.26756956762,690.2675695676189
11,3,16,16137,16520.663531186638,383.66353118663756
11,3,17,17112,17125.94869084568,13.948690845678357
11,3,18,18152,16863.259290305858,1288.7407096941424
11,3,19,17987,16552.612683689997,1434.3873163100034
11,3,20,17698,16874.0495092175,823.9504907824994
11,3,21,17195,16855.47906059172,339.52093940828127
11,3,22,16247,16655.9465368673,408.9465368673009
11,3,23,15019,16503.007687910682,1484.0076879106819
11,4,0,13870,12695.501062511796,1174.4989374882043
11,4,1,12947,13164.075947932399,217.07594793239878
11,4,2,12315,13196.922789842682,881.9227898426816
11,4,3,12208,13336.226771053418,1128.226771053418
11,4,4,12082,13235.251591307495,1153.251591307495
11,4,5,12206,13710.029239715856,1504.0292397158555
11,4,6,12850,14086.73845576022,1236.73845576022
11,4,7,14427,14230.095586239853,196.90441376014678
11,4,8,15582,15353.798698143502,228.2013018564976
11,4,9,15716,15630.63162041329,85.36837958670912
11,4,10,15716,15722.104332527751,6.104332527751467
11,4,11,15884,15748.336259792875,135.66374020712465
11,4,12,15926,15865.037113671253,60.96288632874712
11,4,13,15987,16653.85447372331,666.8544737233096
11,4,14,16091,16415.271792514744,324.27179251474445
11,4,15,16232,16506.61854815373,274.6185481537286
11,4,16,16398,16677.91465405106,279.9146540510592
11,4,17,17021,17039.21696297404,18.216962974038324
11,4,18,17917,16051.405713097305,1865.5942869026949
11,4,19,17545,16180.511194402528,1364.4888055974716
11,4,20,17336,16411.209198978093,924.7908010219071
11,4,21,16920,16102.311443119697,817.6885568803027
11,4,22,15987,16226.11350167263,239.11350167262935
11,4,23,14757,16022.849381957873,1265.8493819578725
11,5,0,13602,12558.533613208932,1043.4663867910676
11,5,1,12781,12617.530508074753,163.46949192524698
11,5,2,12469,12807.507415880165,338.50741588016535
11,5,3,12266,12747.5310437576,481.53104375760086
11,5,4,12127,12840.841782773863,713.8417827738631
11,5,5,12329,12942.91991143745,613.9199114374496
11,5,6,13065,13216.504210882358,151.50421088235817
11,5,7,14406,13565.129888438752,840.8701115612475
11,5,8,15687,15272.013885663438,414.9861143365615
11,5,9,15783,15666.16880411023,116.83119588977024
11,5,10,15565,15412.08900333628,152.91099666372065
11,5,11,15544,15914.229740769002,370.2297407690021
11,5,13,15898,15912.560639387875,14.560639387875199
11,5,15,16080,16362.712818571375,282.71281857137546
11,5,16,16280,16362.592984361749,82.59298436174868
11,5,17,16865,16833.335967549134,31.664032450866216
11,5,18,17994,15673.927057480338,2320.0729425196623
11,5,19,17953,15820.560404789465,2132.439595210535
11,5,20,17702,16292.066162589814,1409.9338374101862
11,5,21,17494,16469.84732846948,1024.152671530519
11,5,22,16728,16689.8194346788,38.18056532119954
11,5,23,15471,16702.091214519412,1231.0912145194125
11,6,0,14372,13812.126418280584,559.8735817194156
11,6,1,13604,13183.533254022004,420.46674597799574
11,6,2,13051,13022.905744583133,28.094255416866872
11,6,3,12726,12928.688840043978,202.68884004397842
11,6,4,12576,13263.694990412958,687.6949904129578
11,6,5,12797,13632.589103381964,835.5891033819644
11,6,6,13452,13796.37743224515,344.37743224515
11,6,7,14847,14449.539008615948,397.46099138405225
11,6,8,16338,15751.84920994015,586.1507900598499
11,6,9,16398,17048.171252607954,650.1712526079536
11,6,10,16439,16900.301418479634,461.30141847963387
11,6,11,16522,16259.414515471582,262.5854845284175
11,6,12,16693,16669.660970573445,23.3390294265555
11,6,13,16555,16445.312132441635,109.68786755836481
11,6,14,16598,17493.318027567748,895.3180275677478
11,6,15,16504,16990.14683571312,486.1468357131198
11,6,16,16658,17157.21045879006,499.21045879006124
11,6,17,17418,16941.128192512468,476.87180748753235
11,6,18,18293,15966.564318369637,2326.4356816303625
11,6,19,17985,15989.585614108786,1995.414385891214
11,6,20,17854,16432.47904405774,1421.5209559422583
11,6,21,17423,16824.012661593417,598.9873384065831
11,6,22,16396,16596.406402226246,200.40640222624643
11,6,23,15379,16740.443152924883,1361.4431529248832
11,7,0,14147,13169.969224387449,977.0307756125512
11,7,1,13310,12885.966680163023,424.03331983697717
11,7,2,12789,13044.257079762905,255.25707976290505
11,7,3,12488,13092.651110095487,604.6511100954867
11,7,4,12528,13161.615029171277,633.6150291712765
11,7,5,12657,13137.906332335353,480.906332335353
11,7,6,13439,13281.586244912894,157.41375508710553
11,7,7,15002,13897.315543437875,1104.684456562125
11,7,8,16234,15023.745605440112,1210.2543945598882
11,7,9,16535,15037.936947806471,1497.063052193529
11,7,10,16397,15113.19871499677,1283.80128500323
11,7,11,16319,14801.684753663496,1517.315246336504
11,7,12,16372,14829.92909081213,1542.0709091878707
11,7,13,16389,15552.58169658203,836.4183034179696
11,7,14,16378,15820.68973203043,557.3102679695694
11,7,15,16531,15716.911922347657,814.0880776523427
11,7,16,16648,16138.08435238962,509.9156476103799
11,7,17,17378,16213.979605285138,1164.020394714862
11,7,18,18228,15992.924930659856,2235.075069340144
11,7,19,18221,16096.266098524444,2124.733901475556
11,7,20,17839,16530.883932395856,1308.1160676041436
11,7,21,17605,17641.412694611507,36.412694611506595
11,7,22,16956,16062.970493083636,893.029506916364
11,7,23,15953,15527.287394372199,425.71260562780117
11,8,0,14810,11480.041849531868,3329.958150468132
11,8,1,13774,11185.423226125411,2588.576773874589
11,8,2,13193,11804.644866028457,1388.3551339715432
11,8,3,12895,12020.560731183174,874.4392688168264
11,8,4,12677,11970.3843379869,706.6156620131005
11,8,5,12608,11713.355587885137,894.6444121148634
11,8,6,12825,12241.216155016644,583.7838449833562
11,8,7,13365,12902.221940525145,462.7780594748547
11,8,8,14254,13364.17488856457,889.8251114354298
11,8,9,15169,14052.733231941282,1116.2667680587183
11,8,10,15663,13950.0622183082,1712.9377816918004
11,8,11,15875,14515.560390940984,1359.4396090590162
11,8,12,15957,14363.201061773081,1593.7989382269188
11,8,13,15947,14937.115017886976,1009.8849821130243
11,8,14,15994,14899.316044210957,1094.6839557890435
11,8,15,15949,15508.111323277682,440.88867672231754
11,8,16,16070,15722.664163493346,347.33583650665423
11,8,17,16673,15790.4469276296,882.5530723703996
11,8,18,17418,15779.646224847214,1638.3537751527856
11,8,19,17082,15911.034535715537,1170.9654642844635
11,8,20,16352,15962.539291593508,389.4607084064919
11,8,21,15998,15903.092482211074,94.90751778892627
11,8,22,15311,15779.988830206466,468.98883020646645
11,8,23,14654,16139.392529920055,1485.3925299200546
11,9,0,13897,12597.203149598135,1299.7968504018645
11,9,1,13222,12548.15640303844,673.8435969615603
11,9,2,12716,12368.236845343099,347.76315465690095
11,9,3,12501,12351.494285146284,149.5057148537162
11,9,4,12418,12761.062942593908,343.0629425939078
11,9,5,12443,13116.428084985066,673.4280849850657
11,9,6,12636,13428.096645663578,792.0966456635779
11,9,7,12983,13452.370127459259,469.3701274592586
11,9,8,13404,13607.72057999642,203.72057999641947
11,9,9,14083,14084.74405994694,1.74405994693916
11,9,10,14612,14490.293236100391,121.70676389960863
11,9,11,14873,14575.788942219375,297.2110577806252
11,9,12,14788,14822.18527555257,34.1852755525706
11,9,13,14549,14382.15209802677,166.84790197322945
11,9,14,14575,14459.77500199272,115.22499800727928
11,9,15,14721,14789.71917495695,68.71917495695016
11,9,16,15236,15320.283201878046,84.28320187804638
11,9,17,16349,15877.565338928123,471.4346610718767
11,9,18,17441,15850.816400520991,1590.183599479009
11,9,19,17103,15906.622579818202,1196.3774201817978
11,9,20,16658,16145.761623334856,512.2383766651437
11,9,21,16249,16458.59253290007,209.5925329000711
11,9,22,15589,16601.242392056676,1012.2423920566762
11,9,23,14675,16532.789924767872,1857.7899247678724
11,10,0,13793,13433.266750765843,359.7332492341575
11,10,1,13180,13532.60386993424,352.6038699342407
11,10,2,12773,13443.86517796716,670.86517796716
11,10,3,12624,13255.264740738932,631.2647407389322
11,10,4,12620,13946.065936783027,1326.0659367830267
11,10,5,12798,14201.161388693476,1403.1613886934756
11,10,6,13508,14165.267944837253,657.2679448372528
11,10,7,14811,14856.060791708913,45.0607917089128
11,10,8,16201,16185.457381063816,15.542618936184226
11,10,9,16430,17466.271964792064,1036.271964792064
11,10,10,16244,17507.8033452883,1263.8033452882992
11,10,11,16042,17549.505857923163,1507.5058579231627
11,10,12,16043,17003.56086013077,960.5608601307686
11,10,13,16069,17243.741141734048,1174.7411417340481
11,10,14,16126,17428.75851628894,1302.7585162889409
11,10,15,16113,17608.284500834845,1495.284500834845
11,10,16,16583,18071.448353982858,1488.448353982858
11,10,17,17419,17892.445178023176,473.4451780231757
11,10,18,18055,16775.87456802289,1279.1254319771106
11,10,19,18011,16743.705848956673,1267.2941510433266
11,10,20,17755,17194.944555103262,560.0554448967378
11,10,21,17386,17442.41695309237,56.4169530923682
11,10,22,16694,17169.042574960426,475.04257496042555
11,10,23,15542,17169.115417826633,1627.1154178266333
11,11,0,14324,13580.324069441562,743.6759305584383
11,11,1,13418,12851.337386631218,566.6626133687823
11,11,2,12929,13562.367356499479,633.3673564994788
11,11,3,12646,13296.973053272823,650.9730532728227
11,11,8,15701,14781.572969800103,919.4270301998968
11,11,9,15682,14942.793113265248,739.2068867347516
11,11,11,15113,16525.71332531093,1412.7133253109314
11,11,12,14643,16134.628242815847,1491.6282428158465
11,11,13,14923,16823.805421762372,1900.8054217623721
11,11,14,15067,16924.240395797737,1857.2403957977367
11,11,15,15453,17221.048593895448,1768.048593895448
11,11,16,15764,17702.194646762415,1938.1946467624148
11,11,17,16854,17490.82633418961,636.826334189609
11,11,18,17735,16688.70108438692,1046.2989156130789
11,11,19,17468,16893.84778307545,574.1522169245509
11,11,20,17168,17362.21551339299,194.2155133929882
11,11,21,16878,16883.23011479234,5.230114792339009
11,11,22,16130,17035.819847414838,905.8198474148376
11,11,23,15102,17183.289923563745,2081.289923563745
11,12,0,13936,13879.817911030492,56.182088969508186
11,12,1,13030,13083.237834641037,53.2378346410369
11,12,2,12404,12933.217979709592,529.2179797095923
11,12,3,12293,13309.410640770679,1016.4106407706786
11,12,4,12296,13180.720118317327,884.7201183173274
11,12,5,12446,13218.225933462552,772.2259334625523
11,12,6,13286,13281.801001276624,4.198998723375553
11,12,7,14674,13271.330184236826,1402.6698157631745
11,12,8,16110,14521.599651391876,1588.4003486081237
11,12,9,16413,15226.89164185121,1186.1083581487892
11,12,10,16722,15595.240838952845,1126.7591610471554
11,12,11,16991,15701.647347969227,1289.3526520307732
11,12,12,16922,15674.555015547496,1247.4449844525043
11,12,13,16690,15664.32452687431,1025.6754731256897
11,12,14,16608,16317.94957367475,290.05042632524965
11,12,15,16915,16178.063292512465,736.9367074875354
11,12,16,17174,16462.633153170234,711.3668468297656
11,12,17,18162,16745.558236168537,1416.4417638314626
11,12,18,19008,15850.885897282009,3157.114102717991
11,12,19,18793,16081.34801385019,2711.651986149811
11,12,20,18451,17273.715303848625,1177.284696151375
11,12,21,18197,16457.979668814573,1739.0203311854275
11,12,22,17506,17092.26848244413,413.7315175558688
11,12,23,16294,16517.792695711767,223.792695711767
11,13,0,15002,13385.768389137524,1616.2316108624764
11,13,1,14123,13266.746930401483,856.253069598517
11,13,2,13702,13135.241001208904,566.758998791096
11,13,3,13517,13713.013503791932,196.01350379193173
11,13,4,13376,13488.608205788447,112.60820578844687
11,13,5,13551,13837.784954865645,286.784954865645
11,13,6,14219,14114.30224776917,104.69775223082979
11,13,7,15702,15099.505498279721,602.494501720279
11,13,8,17086,16109.694581762427,976.3054182375727
11,13,9,17296,16232.70127019619,1063.2987298038097
11,13,10,17188,16571.061541259056,616.938458740944
11,13,11,17274,16269.048107110295,1004.951892889705
11,13,12,17221,16238.924248223979,982.0757517760212
11,13,13,17264,16654.985803132622,609.0141968673779
11,13,14,17276,16373.0926770603,902.9073229397
11,13,15,17283,16372.015039317828,910.9849606821717
11,13,16,17466,16777.25339253172,688.7466074682816
11,13,17,18240,16978.820496840213,1261.1795031597867
11,13,18,19142,16108.538103274399,3033.461896725601
11,13,19,19065,16216.359692842334,2848.640307157666
11,13,20,18773,16908.524065043854,1864.4759349561464
11,13,21,18411,16656.15042476059,1754.8495752394083
11,13,22,17656,16671.799149151335,984.2008508486651
11,13,23,16688,16619.9920137394,68.00798626059986
11,14,0,15175,13300.664230804177,1874.3357691958226
11,14,1,14320,13082.109479368939,1237.890520631061
11,14,2,13824,13351.16798549625,472.83201450375054
11,14,3,13608,12716.39001964432,891.6099803556808
11,14,5,13790,13185.28230796508,604.7176920349193
11,14,10,16980,14874.30607873721,2105.6939212627894
11,14,12,16734,16097.952928911081,636.0470710889185
11,14,13,16712,16065.24368952477,646.7563104752298
11,14,14,16811,16149.053848988711,661.9461510112887
11,14,15,16872,16581.1543637285,290.84563627150055
11,14,16,17041,16677.508964061348,363.4910359386522
11,14,20,18474,16871.304224664425,1602.6957753355746
11,14,21,18173,17268.81001822794,904.1899817720587
11,14,22,17416,17188.62490401577,227.37509598422912
11,14,23,16351,16758.413663277628,407.4136632776281
11,15,0,15213,13285.812593319866,1927.1874066801338
11,15,1,14521,12636.832246206963,1884.1677537930373
11,15,2,13866,12792.329698969634,1073.6703010303663
11,15,3,13602,13014.503156700357,587.4968432996429
11,15,4,13535,13115.511742608662,419.48825739133827
11,15,5,13350,13452.536609807179,102.53660980717905
11,15,6,13757,13718.481730135858,38.518269864141985
11,15,7,14488,14306.862708460783,181.13729153921668
11,15,8,14975,14216.310454581131,758.6895454188689
11,15,9,15583,14384.328005832205,1198.6719941677948
11,15,10,15896,14623.654444974685,1272.3455550253148
11,15,11,15779,14773.692986741691,1005.3070132583089
11,15,12,15651,14877.700041771137,773.299958228863
11,15,13,15869,14729.830535313828,1139.1694646861724
11,15,14,15851,14619.923611856262,1231.0763881437379
11,15,15,15730,14870.883264297428,859.1167357025715
11,15,16,16083,14921.213559555033,1161.7864404449665
11,15,17,17077,17940.242140854105,863.242140854105
11,15,18,18097,19437.944182314066,1340.944182314066
11,15,19,17767,16240.018685982122,1526.9813140178776
11,15,20,17228,15730.109344848293,1497.8906551517066
11,15,21,16749,16107.260080186854,641.7399198131461
11,15,22,16038,16237.799114217616,199.79911421761608
11,15,23,15180,16197.191590791657,1017.1915907916573
11,16,0,14352,12915.353792846048,1436.6462071539518
11,16,1,13793,12876.113861459547,916.8861385404525
11,16,2,13187,12929.765482335337,257.23451766466314
11,16,3,12943,13072.70001249134,129.7000124913393
11,16,4,12864,13013.882125546119,149.8821255461189
11,16,5,12918,13060.585668520755,142.58566852075455
11,16,6,13101,13125.50742490407,24.50742490406992
11,16,7,13487,13525.298768753448,38.2987687534478
11,16,8,14117,13486.302487179191,630.6975128208087
11,16,9,14782,13761.32432561174,1020.6756743882597
11,16,10,15509,13882.227164909289,1626.772835090711
11,16,11,15749,13809.735146043757,1939.2648539562433
11,16,12,16072,14184.75413260315,1887.2458673968504
11,16,13,16284,14269.611817133624,2014.3881828663762
11,16,14,16391,15167.337969267723,1223.6620307322773
11,16,15,16473,14606.689033319317,1866.3109666806831
11,16,16,16711,14980.259087330756,1730.7409126692437
11,16,17,17648,15181.742386476599,2466.2576135234012
11,16,18,18664,15224.004758702711,3439.995241297289
11,16,19,18317,16148.820756855372,2168.1792431446283
11,16,20,17940,17700.93240958139,239.06759041861005
11,16,21,17533,16073.595552609362,1459.4044473906379
11,16,22,16810,18415.552120176784,1605.5521201767842
11,16,23,15785,17489.31923987155,1704.319239871551
11,17,0,14858,13341.940983085708,1516.0590169142924
11,17,1,14207,13345.730085516847,861.2699144831531
11,17,19,19259,16028.838162725644,3230.161837274356
11,17,20,18814,16071.732061578528,2742.2679384214716
11,17,21,18504,16284.768300568521,2219.231699431479
11,17,22,17967,16058.580437723129,1908.4195622768711
11,17,23,16819,15965.114925260516,853.8850747394845
11,18,0,15609,12334.536851608256,3274.4631483917437
11,18,1,14729,12484.984972660308,2244.015027339692
11,18,2,14422,12533.775664184584,1888.2243358154155
11,18,3,14255,12457.354102598527,1797.6458974014731
11,18,4,14152,12784.613330815475,1367.386669184525
11,18,5,14359,12861.281480968988,1497.718519031012
11,18,6,15097,13239.857522671413,1857.1424773285871
11,18,7,16588,13690.175561035647,2897.8244389643532
11,18,8,17996,14523.607174722956,3472.392825277044
11,18,9,18006,14802.08811922955,3203.911880770451
11,18,10,17927,15236.173937396281,2690.826062603719
11,18,12,17928,16399.838248399425,1528.1617516005754
11,18,13,17861,15892.94185761185,1968.0581423881504
11,18,14,17770,15958.414047103524,1811.5859528964756
11,18,15,17820,16006.75524651395,1813.2447534860494
11,18,16,18070,17191.749885722184,878.2501142778165
11,18,17,18991,17635.984986276268,1355.0150137237324
11,18,18,20100,16963.056486518697,3136.943513481303
11,18,19,19934,16955.957934523267,2978.042065476733
11,18,20,19818,17031.25742223975,2786.742577760251
11,18,21,19547,16999.867283907915,2547.1327160920846
11,18,22,18766,16757.0150947145,2008.9849052854988
11,18,23,17510,16694.405056832155,815.5949431678455
11,19,0,16103,13356.712779346144,2746.287220653856
11,19,1,15343,13574.368521529923,1768.6314784700771
11,19,2,14934,13475.1193584006,1458.8806415994004
11,19,3,14761,13727.218000271017,1033.7819997289826
11,19,4,14756,13545.891912978252,1210.1080870217484
11,19,5,14909,13617.700666100285,1291.2993338997148
11,19,6,15503,13783.113368733208,1719.8866312667924
11,19,7,17044,16784.04257165409,259.95742834591147
11,19,8,18167,16017.104266276776,2149.895733723224
11,19,9,18211,16083.293228673692,2127.7067713263077
11,19,10,18255,16814.913679742403,1440.0863202575965
11,19,12,18052,16309.315156715515,1742.6848432844854
11,19,17,19275,17365.36148622345,1909.63851377655
11,19,18,20102,17044.33413480663,3057.6658651933685
11,19,19,19917,17617.284532393052,2299.7154676069476
11,19,20,19830,18243.76161650119,1586.2383834988104
11,19,21,19615,17632.224500505145,1982.7754994948555
11,19,22,18768,17446.21801464435,1321.7819853556502
11,19,23,17546,16936.58950913447,609.4104908655318
11,20,0,16248,13477.61258228245,2770.3874177175494
11,20,1,15343,13794.71790939923,1548.2820906007692
11,20,2,14869,14017.460730069322,851.5392699306776
11,20,3,14625,13786.239270668724,838.7607293312758
11,20,4,14526,13914.395636646937,611.6043633530626
11,20,5,14658,14120.50892581225,537.4910741877502
11,20,6,15380,14160.883850938566,1219.116149061434
11,20,7,16756,14387.94047788997,2368.0595221100302
11,20,8,17886,15563.798317725437,2322.2016822745627
11,20,9,17843,16603.868814349174,1239.1311856508255
11,20,10,17678,16329.753915297284,1348.246084702716
11,20,11,17428,15968.995183706964,1459.0048162930361
11,20,12,17359,16068.285919409656,1290.7140805903437
11,20,13,17184,16907.70058909799,276.299410902011
11,20,14,17498,16925.835126793783,572.1648732062167
11,20,15,17572,17013.253038655937,558.7469613440626
11,20,16,17922,17356.610633258784,565.3893667412158
11,20,17,18692,17550.982179731436,1141.0178202685638
11,20,18,19909,16990.846448449218,2918.153551550782
11,20,19,19856,16798.998284945294,3057.0017150547064
11,20,20,19864,16766.79731429346,3097.2026857065393
11,20,21,19418,16792.670418022717,2625.329581977283
11,20,22,18866,17287.59168731123,1578.4083126887708
11,20,23,17743,16226.088089745124,1516.9119102548757
11,21,0,16540,12636.329138063882,3903.670861936118
11,21,1,15683,12799.496801848645,2883.503198151355
11,21,2,15195,13175.675056357395,2019.324943642605
11,21,6,15759,14617.750158826573,1141.2498411734268
11,21,7,17178,15725.148900657154,1452.8510993428463
11,21,8,18193,16474.795304015202,1718.2046959847976
11,21,9,18224,17128.80100763569,1095.1989923643087
11,21,10,18059,17159.391539362987,899.6084606370132
11,21,11,17873,16996.383599725737,876.6164002742626
11,21,12,17727,17772.959308557856,45.959308557856275
11,21,13,17500,16339.438324451488,1160.5616755485116
11,21,14,17312,16820.888270429146,491.11172957085364
11,21,15,17364,17057.45494388736,306.54505611264176
11,21,16,17623,17160.51876235366,462.48123764634147
11,21,17,18523,16807.592795122884,1715.4072048771159
11,21,18,19572,16005.56310710956,3566.4368928904405
11,21,19,19434,16476.367680357296,2957.632319642704
11,21,20,19219,16714.911446902872,2504.088553097128
11,21,21,18855,16111.612847245775,2743.387152754225
11,21,22,18153,16012.503202764075,2140.4967972359245
11,21,23,17076,16263.431530704209,812.5684692957911
11,22,0,15746,12539.338791456566,3206.6612085434335
11,22,1,14867,12507.890334059492,2359.1096659405084
11,22,2,14392,12513.735377139104,1878.2646228608955
11,22,3,14111,12814.234135824006,1296.7658641759936
11,22,4,13947,13110.748630209555,836.2513697904451
11,22,5,14037,13303.881073009448,733.1189269905517
11,22,6,14280,13256.351793832971,1023.6482061670285
11,22,7,14769,13230.217739361095,1538.7822606389054
11,22,8,15431,13285.034762385456,2145.965237614544
11,22,9,16138,14161.16651259928,1976.8334874007196
11,22,10,16784,15314.454912899062,1469.545087100938
11,22,11,17178,17042.20176428908,135.7982357109213
11,22,12,17219,15111.583563728413,2107.4164362715874
11,22,13,17167,14537.797609281915,2629.2023907180846
11,22,14,16947,14838.869326605069,2108.1306733949314
11,22,15,16940,15087.640278065563,1852.3597219344374
11,22,16,17042,15379.15020261346,1662.8497973865396
11,22,17,17681,15202.20991545447,2478.7900845455297
11,22,18,18201,15400.84005461298,2800.1599453870203
11,22,19,17781,15749.544676290234,2031.4553237097662
11,22,20,17191,15988.234548171187,1202.7654518288127
11,22,21,16673,15726.195746461603,946.8042535383975
11,22,22,16063,15723.863447913749,339.13655208625096
11,22,23,15259,15905.914444284657,646.9144442846573
11,23,0,14295,12358.61814922884,1936.3818507711603
11,23,1,13540,12281.778338039616,1258.2216619603842
11,23,11,15441,13557.975653644486,1883.0243463555144
11,23,12,15800,14414.253597847377,1385.746402152623
11,23,13,15989,14739.614626880353,1249.3853731196468
11,23,14,15739,14799.96985336647,939.0301466335295
11,23,15,15683,14794.212912714307,888.7870872856929
11,23,16,15858,15010.490978373326,847.5090216266744
11,23,17,16479,15253.351405524389,1225.6485944756114
11,23,18,17642,15037.141522296222,2604.8584777037777
11,23,19,17402,14855.955967218359,2546.0440327816414
11,23,20,16991,15238.413350020652,1752.5866499793483
11,23,21,16547,15240.71922244704,1306.28077755296
11,23,22,15867,15295.947441789696,571.0525582103037
11,23,23,14896,15876.041646488155,980.0416464881546
11,24,0,14059,12990.435962143352,1068.5640378566477
11,24,1,13399,12966.637911053076,432.3620889469239
11,24,2,12866,12933.13385418193,67.13385418192956
11,24,3,12820,13109.124145957885,289.12414595788505
11,24,4,12745,13376.74105532182,631.7410553218197
11,24,5,12769,13712.79629207986,943.79629207986
11,24,6,13571,13742.523039593383,171.52303959338315
11,24,7,14983,14344.815905112207,638.1840948877925
11,24,8,16392,15589.51135167987,802.4886483201299
11,24,9,16567,16149.626702740114,417.3732972598864
11,24,10,16786,15999.508017496919,786.4919825030811
11,24,11,16873,16562.782631233964,310.2173687660361
11,24,12,16722,16742.401290383572,20.401290383571904
11,24,13,16562,16647.618067534833,85.61806753483324
11,24,14,16650,16343.8429132571,306.1570867429
11,24,15,17025,18063.343255057425,1038.3432550574253
11,24,16,17070,16967.080533528835,102.91946647116492
11,24,17,17690,16692.106426740607,997.8935732593927
11,24,18,18655,15848.639042685165,2806.360957314835
11,24,19,18593,16061.184342811543,2531.8156571884574
11,24,20,18457,17934.9970365731,522.0029634269013
11,24,21,18036,17742.0223878087,293.97761219129825
11,24,22,17128,17073.03114586696,54.96885413303971
11,24,23,16258,16670.903752379363,412.90375237936314
11,25,0,14957,13431.206265733263,1525.7937342667374
11,25,1,14179,13167.428627435513,1011.5713725644873
11,25,2,13717,13005.133829514692,711.8661704853075
11,25,3,13504,13217.182370227152,286.8176297728478
11,25,4,13408,13461.262325956042,53.26232595604233
11,25,5,13566,13523.604830432232,42.39516956776788
11,25,6,14219,13824.984134765176,394.01586523482365
11,25,7,15637,14258.011587243409,1378.988412756591
11,25,8,17075,15624.896061082023,1450.1039389179768
11,25,15,17948,16642.749344585438,1305.250655414562
11,25,16,18179,16962.673385823673,1216.326614176327
11,25,17,18917,17779.241873625644,1137.758126374356
11,25,18,19828,17087.43480328357,2740.5651967164304
11,25,19,19553,17319.41467774291,2233.5853222570913
11,25,20,19346,17435.20789492839,1910.7921050716104
11,25,21,19002,18246.37934844461,755.6206515553895
11,25,22,18277,17774.21511505329,502.7848849467082
11,25,23,17226,17591.27865692414,365.2786569241398
11,26,0,15939,14517.909223736942,1421.0907762630577
11,26,1,15026,13654.009528460414,1371.990471539586
11,26,2,14440,13705.134442390043,734.8655576099572
11,26,3,14200,13565.50020871409,634.4997912859108
11,26,4,14043,13612.181510621207,430.81848937879295
11,26,5,14214,13700.01652693885,513.9834730611492
11,26,6,14812,14582.376256769003,229.6237432309972
11,26,7,16011,16873.03118000061,862.0311800006093
11,26,8,17575,18259.096282671446,684.0962826714458
11,26,9,17958,18078.89563244375,120.89563244374949
11,26,10,17890,16309.789395304184,1580.210604695816
11,26,11,17987,16950.658097596235,1036.3419024037648
11,26,12,17997,16937.909207464523,1059.0907925354768
11,26,13,18071,17435.914074584463,635.0859254155366
11,26,14,18099,17658.6722899369,440.3277100630985
11,26,15,17890,17819.341778816255,70.6582211837449
11,26,16,18138,17733.495110754553,404.504889245447
11,26,17,18926,18377.368666828545,548.6313331714555
11,26,18,19941,17200.86832557676,2740.131674423239
11,26,19,19526,17363.236758643194,2162.7632413568062
11,26,20,19339,17453.36821542243,1885.6317845775702
11,26,21,19113,17645.91611969243,1467.0838803075712
11,26,22,18372,17462.72360755602,909.2763924439787
11,26,23,17105,17188.357950220943,83.35795022094317
11,27,0,15758,13301.667149537043,2456.332850462957
11,27,1,14916,13496.845949153343,1419.154050846657
11,27,2,14263,13688.147860372077,574.852139627923
11,27,3,14177,14158.46176650159,18.53823349840968
11,27,4,14068,14179.780218970158,111.78021897015788
11,27,5,14344,14133.280813245055,210.71918675494453
11,27,6,15030,14062.898577203889,967.1014227961114
11,27,7,16426,15083.929821517519,1342.0701784824814
11,27,8,17910,16318.895854855611,1591.104145144389
11,27,9,18094,16899.641736094174,1194.3582639058259
11,27,10,17887,16941.243955576414,945.756044423586
11,27,11,17655,17532.47728811014,122.52271188985833
11,27,12,17586,17188.77203123786,397.22796876214124
11,27,13,17597,18435.72746915564,838.7274691556413
11,27,14,17641,17426.03503183516,214.96496816484068
11,27,15,17737,17899.641090336387,162.6410903363867
11,27,16,18017,17547.749120086766,469.2508799132338
11,27,17,18777,17542.757810033916,1234.242189966084
11,27,18,19683,16380.661834928114,3302.3381650718857
11,27,19,19570,16819.36704756804,2750.632952431959
11,27,20,19416,16961.49430025133,2454.5056997486718
11,27,21,19147,17184.027169279027,1962.9728307209734
11,28,1,15253,12722.69619456954,2530.3038054304598
11,28,2,14848,12841.699018604966,2006.300981395034
11,28,4,14535,12678.075746928127,1856.924253071873
11,28,5,14674,13344.479956275518,1329.520043724482
11,28,7,16906,17573.769212148054,667.7692121480541
12,4,16,17966,17858.16098962885,107.83901037114993
12,4,17,19257,42433.43174046853,23176.431740468528
12,4,18,20425,35453.0505217583,15028.050521758298
12,4,19,20337,24240.875487952835,3903.875487952835
12,4,20,20112,29896.303212018443,9784.303212018443
12,4,21,19727,17664.26563939114,2062.7343606088616
12,4,22,19125,17866.189799299184,1258.8102007008165
12,4,23,17893,17655.78133866096,237.2186613390404
12,5,0,16476,14028.526583035353,2447.473416964647
12,5,1,15532,14034.691317030218,1497.3086829697822
12,5,2,14936,14465.980455697108,470.0195443028915
12,5,3,14641,14796.452536108809,155.452536108809
12,5,4,14529,14577.477450435224,48.477450435224455
12,5,5,14635,14552.783475648332,82.21652435166834
12,5,6,15285,14656.621904992408,628.3780950075925
12,5,7,16629,15519.995361917885,1109.004638082115
12,5,8,18224,17088.51868707829,1135.481312921711
12,5,9,18392,17260.20047655072,1131.799523449281
12,5,10,18384,17276.511087059225,1107.4889129407748
12,5,11,18399,17795.231192130068,603.7688078699321
12,5,12,18329,18753.848219710606,424.8482197106059
12,5,13,18216,17748.317875939618,467.6821240603822
12,5,14,18106,17929.650543537296,176.34945646270353
12,5,15,18088,18077.69351360088,10.306486399120331
12,5,16,18193,18183.521032242443,9.478967757557257
12,5,17,19039,18315.417230205152,723.582769794848
12,5,18,19643,17097.631696366192,2545.368303633808
12,5,19,19319,17027.539048482893,2291.460951517107
12,5,20,19000,17030.84789704297,1969.1521029570285
12,5,21,18668,17225.055787106507,1442.9442128934934
12,5,22,18027,17589.52563902593,437.474360974069
12,5,23,16953,17633.199020716183,680.1990207161834
12,6,0,15495,13546.126915442828,1948.8730845571718
12,6,1,14668,13424.706441752678,1243.293558247322
12,6,2,14027,13552.994838723473,474.00516127652736
12,6,3,13656,13479.585216747146,176.41478325285425
12,6,4,13444,13571.937432974319,127.93743297431865
12,6,5,13408,13704.797103951285,296.79710395128495
12,6,6,13633,13888.438260036355,255.43826003635513
12,6,7,14224,14129.468056469183,94.53194353081744
12,6,8,15156,14770.706562018158,385.29343798184163
12,6,9,15781,15022.226755411806,758.7732445881938
12,6,10,16488,15585.832534028867,902.1674659711334
12,6,11,16552,15595.583210703848,956.4167892961523
12,6,12,16663,15229.127127859723,1433.8728721402767
12,6,13,16319,15101.307776351157,1217.6922236488426
12,6,14,16097,15055.388969673231,1041.6110303267687
12,6,15,16007,15111.853080333167,895.1469196668331
12,6,16,16293,15314.451021552695,978.5489784473048
12,6,17,17112,15667.413143818274,1444.586856181726
12,6,18,18244,16567.67905189977,1676.3209481002305
12,6,19,18198,16939.80853469191,1258.1914653080894
12,6,20,17795,16754.805113604874,1040.1948863951256
12,6,21,17470,16844.688486068517,625.3115139314832
12,6,22,17015,17030.474197806223,15.474197806222946
12,6,23,16269,16750.440618487897,481.44061848789715
12,7,0,15250,13168.674451303355,2081.3255486966445
12,7,1,14447,13397.78241274903,1049.2175872509706
12,7,2,13960,13172.735132741424,787.2648672585765
12,7,3,13624,13363.531300618954,260.46869938104646
12,7,4,13536,13137.451563100905,398.54843689909467
12,7,5,13572,13227.030048975972,344.969951024028
12,7,6,13787,13138.760870828408,648.2391291715921
12,7,7,14267,13274.431590885284,992.5684091147159
12,7,8,15069,14073.8497689341,995.1502310658998
12,7,9,15353,14299.688777568004,1053.3112224319957
12,7,10,15454,14092.76800565661,1361.2319943433904
12,7,11,15418,14191.038462041728,1226.961537958272
12,7,12,15430,14641.589585287706,788.4104147122944
12,7,13,15481,14859.528994363463,621.4710056365366
12,7,14,15539,14916.836119743562,622.1638802564376
12,7,15,15826,15507.709739567697,318.2902604323026
12,7,16,16612,16130.890804454591,481.1091955454085
12,7,17,18010,18236.240294266405,226.24029426640482
12,7,18,19411,17263.724506487255,2147.275493512745
12,7,19,19245,16260.080137025285,2984.919862974715
12,7,20,18859,16510.256966422687,2348.7430335773133
12,7,21,18478,16300.346048175994,2177.653951824006
12,7,22,17643,16300.739779549971,1342.260220450029
12,7,23,16470,16351.916549806085,118.08345019391527
12,8,0,15468,13296.110646271016,2171.889353728984
12,8,1,14756,13623.08406174243,1132.9159382575708
12,8,2,14173,13573.428758887272,599.5712411127279
12,8,3,14033,13513.2031746721,519.7968253278996
12,8,4,14080,13696.863957187206,383.1360428127937
12,8,5,14351,13998.99899092226,352.0010090777396
12,8,6,15021,13893.764706515667,1127.235293484333
12,8,7,16449,14717.052416703205,1731.9475832967946
12,8,8,17961,16697.870697862494,1263.1293021375059
12,8,9,18261,19452.072883387842,1191.072883387842
12,8,10,18247,17564.58227670782,682.4177232921793
12,8,11,17994,16594.866680972827,1399.1333190271725
12,8,12,18030,17146.391001899046,883.6089981009536
12,8,13,17954,17024.785738461862,929.2142615381381
12,8,14,17955,17507.207175854655,447.79282414534464
12,8,15,17853,17841.563325166448,11.436674833552388
12,8,16,18243,18193.326290467718,49.67370953228237
12,8,17,19181,18354.831250779152,826.1687492208475
12,8,18,20319,17431.460230783436,2887.5397692165643
12,8,19,19987,17370.113185878425,2616.8868141215753
12,8,20,19793,17478.466869156342,2314.533130843658
12,8,21,19408,17512.788872068515,1895.211127931485
12,8,22,18464,17555.77086152611,908.2291384738892
12,9,0,15859,13846.047746793123,2012.9522532068768
12,9,1,14891,14129.842264090712,761.157735909288
12,9,2,14315,14562.750531570853,247.75053157085313
12,9,3,14146,14745.794827309614,599.7948273096135
12,9,4,14101,14867.828618650372,766.8286186503719
12,9,5,14181,15037.086093948503,856.0860939485028
12,9,6,14812,15135.40743639414,323.40743639413995
12,9,7,16200,15671.5977209686,528.4022790313993
12,9,8,17595,17097.10554746702,497.8944525329789
12,9,9,17924,17402.533608341397,521.4663916586032
12,9,10,17799,17510.541043712554,288.4589562874462
12,9,11,18005,17617.671763275248,387.32823672475206
12,9,12,17927,17890.884059597236,36.115940402763954
12,9,13,17788,17844.66604944553,56.66604944552819
12,9,14,17816,17950.592460758453,134.59246075845294
12,9,15,17727,17807.570688569223,80.57068856922342
12,9,16,18080,17815.037240708516,264.96275929148396
12,9,17,18968,17832.647793164593,1135.3522068354068
12,9,18,19781,16946.266636708588,2834.7333632914124
12,9,19,19417,17004.382061262146,2412.6179387378543
12,9,20,19178,17065.699396843233,2112.3006031567675
12,9,21,18902,16969.87506308675,1932.1249369132493
12,9,22,18213,17096.648409669593,1116.351590330407
12,9,23,16866,16892.985453581303,26.985453581302863
12,10,0,15498,13395.99831164135,2102.0016883586504
12,10,1,14602,13236.93515826999,1365.0648417300108
12,10,2,14149,13326.555502255185,822.4444977448147
12,10,3,13908,13718.541828121542,189.4581718784575
12,10,4,13885,13603.545844255994,281.45415574400613
12,10,5,14069,13661.46180168528,407.5381983147199
12,10,6,14708,13829.439051944013,878.560948055987
12,10,7,16287,14274.735172469982,2012.264827530018
12,10,8,17640,15689.999917472265,1950.0000825277348
12,10,9,18100,15991.388041160073,2108.611958839927
12,10,10,18172,17621.824031207925,550.1759687920749
12,10,11,18184,16377.181740973348,1806.8182590266515
12,10,12,17786,15882.946118136615,1903.053881863385
12,10,13,17491,15835.89598693278,1655.1040130672209
12,10,14,17782,15853.78800901625,1928.2119909837493
12,10,15,17824,16262.468348252662,1561.5316517473384
12,10,16,18115,16717.75121335226,1397.2487866477386
12,10,17,19106,17449.400765479673,1656.5992345203267
12,10,18,20226,16771.05474787018,3454.945252129819
12,10,19,20084,16686.262279061502,3397.7377209384977
12,10,20,19916,16557.451930661733,3358.548069338267
12,10,21,19686,16615.826648345865,3070.1733516541353
12,10,22,18909,16830.665917869064,2078.3340821309357
12,10,23,17579,16444.915235594366,1134.084764405634
12,11,0,16265,12687.754387593377,3577.245612406623
12,11,1,15334,12802.35336732689,2531.6466326731097
12,11,2,14824,13032.570625784618,1791.4293742153823
12,11,3,14544,13113.783806643862,1430.2161933561383
12,11,4,14457,13323.136948011383,1133.8630519886174
12,11,5,14635,13459.538401969514,1175.4615980304861
12,11,6,15341,13500.20753322492,1840.7924667750794
12,11,7,16770,13895.417806468953,2874.582193531047
12,11,8,18151,14875.212979702319,3275.787020297681
12,11,9,18267,15221.396303997219,3045.6036960027814
12,11,10,18492,17815.540808062557,676.4591919374434
12,11,11,18749,19569.537449236646,820.5374492366464
12,11,12,18900,15506.96283273846,3393.03716726154
12,11,13,18805,15539.21717074774,3265.782829252261
12,11,14,18759,15701.765950535364,3057.234049464636
12,11,15,18579,15862.737406372136,2716.2625936278637
12,11,16,18550,16032.986083416368,2517.0139165836317
12,11,17,19231,16418.37147150674,2812.62852849326
12,11,18,20170,16119.230475221068,4050.7695247789325
12,11,19,20105,15928.55683642935,4176.44316357065
12,11,20,19991,16358.113817157015,3632.8861828429854
12,11,21,19767,16236.411857268637,3530.5881427313634
12,11,22,18962,16202.986023693567,2759.0139763064326
12,11,23,17824,16279.163285642115,1544.8367143578853
12,12,0,16397,12974.403553154636,3422.596446845364
12,12,1,15272,12919.135909964285,2352.864090035715
12,12,2,14881,13080.235964725376,1800.764035274624
12,12,3,14653,13305.649232708925,1347.3507672910746
12,12,4,14533,13463.598499004616,1069.4015009953837
12,12,5,14640,13547.334985186199,1092.6650148138015
12,12,6,15253,13818.29118859919,1434.7088114008093
12,12,7,16574,16121.90217176426,452.09782823573914
12,12,8,18052,18362.759165944528,310.7591659445279
12,12,9,18193,18479.064951168606,286.06495116860606
12,12,10,18400,23071.895732722573,4671.895732722573
12,12,11,18262,23430.005210862688,5168.005210862688
12,12,12,17962,16600.882880789286,1361.117119210714
12,12,13,17848,16317.881806352167,1530.1181936478333
12,12,14,17617,16710.43597945768,906.5640205423188
12,12,15,17427,17412.84836399671,14.15163600329106
12,12,16,17495,17646.114570625086,151.11457062508634
12,12,17,18213,17169.608428959524,1043.3915710404763
12,12,18,19467,16360.081404663306,3106.918595336694
12,12,19,19391,16343.408747396523,3047.591252603477
12,12,20,19150,17139.01275544721,2010.9872445527908
12,12,21,18741,17361.06497568464,1379.9350243153604
12,12,22,18132,17672.09912476917,459.9008752308291
12,12,23,17142,18178.382227873517,1036.382227873517
12,13,0,15973,13569.808351444623,2403.1916485553775
12,13,1,15003,13682.426114776032,1320.5738852239683
12,13,2,14167,13119.838915824148,1047.161084175852
12,13,3,13797,13203.833369271286,593.1666307287142
12,13,4,13707,13392.280113403156,314.71988659684393
12,13,5,13698,13399.228716817943,298.77128318205723
12,13,6,13987,13547.99041858047,439.00958141953015
12,13,7,14509,14067.674708404966,441.3252915950343
12,13,8,15511,16670.8591056417,1159.859105641699
12,13,9,16313,17810.183283122577,1497.1832831225765
12,13,10,16834,16118.545392486709,715.4546075132912
12,13,11,17151,14623.8473597105,2527.1526402894997
12,13,12,17161,14492.927680476845,2668.072319523155
12,13,13,17120,14751.38351013517,2368.6164898648294
12,13,14,16941,14978.471629925945,1962.5283700740547
12,13,15,16942,15214.014995785554,1727.9850042144462
12,13,16,16904,15822.474946553417,1081.5250534465831
12,13,17,17762,17027.00050575274,734.9994942472586
12,13,18,18739,16389.94212987604,2349.057870123961
12,13,19,18333,16518.982191325213,1814.0178086747874
12,13,20,17843,16391.055813445433,1451.9441865545668
12,13,21,17451,16208.384874555262,1242.6151254447377
12,13,22,16892,17487.25762962929,595.25762962929
12,13,23,16067,16319.081252060481,252.08125206048135
12,14,0,15076,12632.196059015825,2443.803940984175
12,14,1,14173,12980.336910355942,1192.6630896440583
12,14,2,13528,13114.205680925146,413.7943190748538
12,14,3,13111,13197.763164363125,86.76316436312482
12,14,4,12913,13389.055615100098,476.0556151000983
12,14,5,12913,13471.481705780374,558.4817057803739
12,14,6,13141,13647.873333120315,506.8733331203148
12,14,7,13546,13842.52547158931,296.52547158930975
12,14,8,14234,13876.894553520724,357.105446479276
12,14,9,15174,14133.062724408226,1040.9372755917739
12,14,10,15660,14842.407814994021,817.5921850059785
12,14,11,16228,17342.962518295837,1114.962518295837
12,14,12,16383,14775.57395953623,1607.4260404637698
12,14,13,16409,14979.164434328552,1429.8355656714484
12,14,14,16443,14948.801108947326,1494.1988910526743
12,14,15,16517,15418.301665975248,1098.6983340247516
12,14,16,16714,15267.528900642206,1446.4710993577937
12,14,17,17768,15580.602845800964,2187.397154199036
12,14,18,18903,16099.263510874502,2803.7364891254983
12,14,19,18624,16177.080009414218,2446.919990585782
12,14,20,18213,16464.60294003363,1748.3970599663699
12,14,21,17834,16903.19582463242,930.8041753675789
12,14,22,17182,16481.69641106759,700.3035889324092
12,14,23,16206,16194.930526029742,11.069473970257604
12,15,0,15119,13278.103020996863,1840.896979003137
12,15,1,14264,13386.494981926848,877.5050180731523
12,15,2,13713,13389.848007038338,323.1519929616625
12,15,3,13556,13634.466917288466,78.466917288466
12,15,4,13555,14007.522075729505,452.52207572950465
12,15,5,13561,14044.245498394286,483.2454983942862
12,15,6,14211,14257.372156681095,46.372156681094566
12,15,7,15651,14356.005800638139,1294.9941993618613
12,15,8,17277,15649.424953864214,1627.5750461357857
12,15,9,17543,15732.373017730522,1810.6269822694776
12,15,10,17653,16091.588136006358,1561.4118639936423
12,15,11,17640,18084.920547045076,444.9205470450761
12,15,12,17816,18704.905040674108,888.905040674108
12,15,13,17761,17918.221113105355,157.22111310535547
12,15,14,17803,16932.934276894324,870.0657231056757
12,15,15,17829,17257.067317061286,571.9326829387137
12,15,16,18093,17132.152515624697,960.8474843753029
12,15,17,18930,17289.731972884478,1640.2680271155223
12,15,18,19850,16390.51817562366,3459.4818243763402
12,15,19,19534,16327.58123237585,3206.418767624151
12,15,20,19204,16367.987381655377,2836.0126183446228
12,15,21,18892,16706.29030466007,2185.7096953399305
12,15,22,18144,17060.7621738488,1083.2378261511985
12,15,23,16951,16924.791985842956,26.20801415704409
12,16,0,15569,13645.064273493743,1923.9357265062572
12,16,1,14372,13669.883958016013,702.1160419839871
12,16,2,13887,13375.848172159174,511.1518278408257
12,16,3,13662,13238.130129500043,423.86987049995696
12,16,4,13523,13349.50765257023,173.49234742977023
12,16,5,13664,13492.091795404342,171.9082045956584
12,16,6,14269,13692.107425505148,576.8925744948519
12,16,7,15797,14298.580698090656,1498.4193019093436
12,16,8,17421,15664.857338957161,1756.1426610428389
12,16,9,17898,16596.17294657467,1301.8270534253315
12,16,10,17926,17441.373085247862,484.62691475213796
12,16,11,18051,18405.828752951034,354.8287529510344
12,16,12,18120,26909.68637191437,8789.68637191437
12,16,13,18077,20582.610609605108,2505.610609605108
12,16,14,18084,16998.58796934162,1085.412030658379
12,16,15,18066,17180.88722134081,885.1127786591896
12,16,16,18293,17952.302793432413,340.6972065675873
12,16,17,19261,17351.831828632996,1909.168171367004
12,16,18,19884,16507.439838204078,3376.560161795922
12,16,19,19568,16806.800292458152,2761.1997075418476
12,16,20,19432,17361.030507886037,2070.9694921139635
12,16,21,19095,17567.006146123924,1527.9938538760762
12,16,22,18235,17395.613617330524,839.386382669476
12,16,23,16953,17160.975738315283,207.9757383152828
12,17,0,15448,13591.197461733367,1856.8025382666328
12,17,1,14399,13582.48612494346,816.5138750565402
12,17,2,13853,13765.973726779042,87.02627322095759
12,17,3,13609,13891.506639535246,282.506639535246
12,17,4,13444,14218.04388923975,774.0438892397506
12,17,5,13588,14271.002429112163,683.0024291121626
12,17,6,14272,14179.959722099959,92.04027790004147
12,17,7,15723,14259.307825815496,1463.6921741845035
12,17,8,17086,15453.629873684089,1632.370126315911
12,17,9,17429,15479.641292330216,1949.358707669784
12,17,10,17533,15481.498758700698,2051.501241299302
12,17,11,17629,15563.337809526834,2065.6621904731655
12,17,12,17726,16075.047838626155,1650.9521613738452
12,17,13,17631,16191.340748192808,1439.659251807192
12,17,14,17698,16343.032122425171,1354.967877574829
12,17,15,17530,16375.895518775302,1154.1044812246982
12,17,16,17755,16490.047442954983,1264.9525570450169
12,17,17,18589,16775.967261460944,1813.0327385390556
12,17,18,19702,16252.075387708112,3449.9246122918885
12,17,19,19468,16307.518390072748,3160.481609927252
12,17,20,19342,16684.25705609834,2657.7429439016596
12,17,21,19076,16688.4387971532,2387.5612028467986
12,17,22,18339,16878.44579370245,1460.554206297551
12,17,23,17167,16782.907296983354,384.0927030166458
12,18,0,15816,13525.178492744377,2290.821507255623
12,18,1,14870,13469.281097090712,1400.7189029092879
12,18,2,14258,13527.525506533091,730.4744934669088
12,18,3,14069,13572.480666279456,496.5193337205437
12,18,4,13980,14036.640213467652,56.64021346765185
12,18,5,14063,14294.797373024132,231.79737302413196
12,18,6,14755,13972.774767257753,782.2252327422466
12,18,7,16173,14417.485086158946,1755.5149138410543
12,18,8,17825,15868.918244044955,1956.081755955045
12,18,9,18215,16698.838655115243,1516.1613448847565
12,18,10,18254,16634.94847001363,1619.0515299863691
12,18,12,18262,16494.614037888336,1767.3859621116644
12,18,13,18027,17108.77619081362,918.2238091863801
12,18,14,18112,17361.90009250515,750.0999074948486
12,18,15,18133,17350.271609456577,782.7283905434233
12,18,16,18279,17534.212666271458,744.7873337285419
12,18,18,20063,16893.128783433305,3169.871216566695
12,18,19,19860,17131.299339155517,2728.7006608444826
12,18,20,19641,17210.29825375642,2430.7017462435797
12,18,21,19516,17312.350058595603,2203.6499414043974
12,18,22,18841,17606.695763072352,1234.3042369276482
12,18,23,17645,17279.473702972482,365.526297027518
12,19,0,16329,13702.423729277532,2626.5762707224676
12,19,1,15239,13869.223963522196,1369.7760364778042
12,19,2,14676,13848.881736432655,827.1182635673449
12,19,3,14411,13702.965187907163,708.0348120928375
12,19,4,14337,13995.518347302248,341.481652697752
12,19,5,14499,14377.00160583782,121.99839416217947
12,19,6,15165,14986.73214526726,178.26785473273958
12,19,7,16505,15318.076525635204,1186.9234743647958
12,19,8,18033,18140.997265708127,107.99726570812709
12,19,9,18405,16745.12745696444,1659.872543035559
12,19,10,18405,16404.51979912143,2000.48020087857
12,19,12,17846,16489.42864127751,1356.571358722489
12,19,13,17507,16668.247348755634,838.7526512443656
12,19,15,17325,16762.713124117243,562.2868758827572
12,19,16,17473,17522.270219539194,49.27021953919393
12,19,17,18379,17671.44621540942,707.5537845905783
12,19,18,19592,17721.98841874383,1870.0115812561708
12,19,19,19675,17726.704533641696,1948.295466358304
12,19,20,19424,17654.06826108566,1769.9317389143398
12,19,21,19146,17805.711840194977,1340.2881598050226
12,19,22,18524,17917.935139821664,606.064860178336
12,19,23,17483,17595.85411393019,112.85411393018876
12,20,1,15230,13831.62044001562,1398.3795599843797
12,20,2,14596,13984.211806715764,611.7881932842356
12,20,3,14339,13850.06093601082,488.9390639891808
12,20,4,14204,13799.423952174846,404.5760478251541
12,20,5,14217,14025.570367651871,191.4296323481285
12,20,6,14475,14078.506156093097,396.49384390690284
12,20,7,15023,14082.324668628658,940.6753313713416
12,20,8,15882,14104.251875464313,1777.7481245356867
12,20,9,16547,14330.221852794044,2216.778147205956
12,20,10,16809,14452.078561166576,2356.921438833424
12,20,11,16812,14428.530744084494,2383.4692559155064
12,20,12,16695,14603.083338511693,2091.916661488307
12,20,13,16412,14808.534194543307,1603.4658054566935
12,20,14,16240,15312.5582658514,927.4417341486005
12,20,15,16171,15540.69705386378,630.3029461362203
12,20,16,16490,15616.527902664597,873.4720973354033
12,20,17,17374,15662.992211080378,1711.0077889196218
12,20,18,18712,15838.093224331355,2873.9067756686454
12,20,19,18675,16361.316636657844,2313.6833633421556
12,20,20,18236,16030.630900160128,2205.3690998398724
12,20,21,17873,16234.081849203512,1638.9181507964877
12,20,22,17298,16628.29102899708,669.7089710029213
12,20,23,16478,16113.696459326633,364.303540673367
12,21,0,15382,12653.074203495347,2728.9257965046527
12,21,1,14471,13033.449802089986,1437.5501979100136
12,21,2,13874,12492.622358509809,1381.3776414901913
12,21,3,13505,12787.392622517807,717.6073774821925
12,21,4,13464,13032.992508416257,431.0074915837431
12,21,5,13535,13235.755740709606,299.24425929039353
12,21,6,13705,12935.843131594644,769.1568684053564
12,21,7,14076,13759.688332331387,316.31166766861315
12,21,9,15413,14308.783625804372,1104.2163741956283
12,21,10,16007,14402.561692755127,1604.4383072448727
12,21,11,16116,14595.324495838247,1520.6755041617525
12,21,12,16000,15286.895730176597,713.1042698234032
12,21,13,15906,14842.835709054241,1063.1642909457587
12,21,14,15879,14923.322992362171,955.6770076378289
12,21,15,15998,15494.731172415417,503.26882758458305
12,21,16,16338,15791.249861293376,546.750138706624
12,21,17,17389,15796.931919620452,1592.0680803795476
12,21,18,18634,16078.24572526325,2555.7542747367497
12,21,19,18510,15973.158890814795,2536.841109185205
12,21,20,18225,16146.549549501462,2078.450450498538
12,21,21,17883,16251.620171022796,1631.379828977204
12,21,22,17325,15864.909915464434,1460.0900845355663
12,21,23,16436,16182.863954964236,253.13604503576425
12,22,0,15174,13350.20310441546,1823.7968955845408
12,22,1,14430,13512.516029924143,917.4839700758566
12,22,2,14007,13321.92605754991,685.0739424500898
12,22,3,13764,13755.038564640332,8.96143535966803
12,22,9,17668,15598.175802140539,2069.8241978594615
12,22,10,17935,16349.097949105784,1585.9020508942158
12,22,11,17935,17020.02692883681,914.9730711631892
12,22,12,17941,16605.721900493503,1335.2780995064968
12,22,13,17770,17767.909964780716,2.090035219283891
12,22,14,17566,16686.970498324506,879.0295016754935
12,22,15,17453,16454.108736015827,998.8912639841728
12,22,16,17568,16691.944711913366,876.0552880866344
12,22,17,18364,16987.23487950284,1376.765120497159
12,22,20,19186,16441.610246649467,2744.3897533505333
12,22,21,18766,16633.997134980982,2132.002865019018
12,22,22,18145,16685.620921142203,1459.3790788577971
12,22,23,17026,16716.607699743705,309.39230025629513
12,23,1,14653,12899.05754509622,1753.9424549037794
12,23,2,13931,12879.727773862109,1051.2722261378913
12,23,3,13630,13093.153807158786,536.8461928412144
12,23,5,13645,13312.581407421485,332.418592578515
12,23,6,14024,13609.00895804604,414.9910419539592
12,23,7,15064,13732.147827776733,1331.8521722232672
12,23,8,16264,15221.603123023695,1042.396876976305
12,23,11,17481,16366.245589346965,1114.754410653035
12,23,12,17609,16662.080180664532,946.9198193354678
12,23,13,17470,16859.79584719269,610.2041528073096
12,23,14,17458,17083.530520858458,374.46947914154225
12,23,15,17357,17341.75983097044,15.240169029559183
12,23,16,17434,17524.292963642612,90.29296364261245
12,23,17,18203,17401.16266439577,801.8373356042284
12,23,18,18766,16675.125543524904,2090.874456475096
12,23,19,18725,16665.4391312491,2059.560868750901
12,23,20,18545,16861.458423757285,1683.5415762427147
12,23,21,18290,16975.071716674807,1314.9282833251928
12,23,22,17635,17101.825509848306,533.174490151694
12,23,23,16464,17078.642914890337,614.6429148903371
12,24,0,15215,13705.694771776089,1509.3052282239114
12,24,1,14065,13761.50070909648,303.4992909035209
12,24,2,13248,13500.03755671522,252.0375567152205
12,24,3,12709,13913.607312363498,1204.6073123634978
12,24,4,12641,13888.7017364554,1247.7017364553994
12,24,5,12518,13957.84337933819,1439.84337933819
12,24,6,12879,14177.066687410508,1298.0666874105082
12,24,7,13738,14291.00678935699,553.0067893569903
12,24,8,14695,15073.18594992294,378.18594992293947
12,24,9,15479,15571.863196681645,92.8631966816447
12,24,10,15947,15704.946029362976,242.05397063702367
12,24,11,16255,15927.723096013051,327.27690398694904
12,24,12,16489,16277.902265664005,211.09773433599548
12,24,13,16274,16366.161023583294,92.16102358329408
12,24,14,15872,16602.038007777184,730.0380077771842
12,24,15,15638,16646.83364067518,1008.8336406751805
12,24,16,15597,16487.882671834406,890.8826718344062
12,24,17,15918,16133.104023304853,215.1040233048534
12,24,18,16332,15316.830952399096,1015.1690476009044
12,24,19,15722,15405.725894633333,316.27410536666684
12,24,20,15170,15761.803224406114,591.8032244061142
12,24,21,14686,16017.594613164852,1331.5946131648525
12,25,0,13034,11478.253760677017,1555.7462393229835
12,25,1,12407,11320.549377213665,1086.4506227863349
12,25,2,11824,11203.343958724783,620.6560412752169
12,25,3,11490,10827.380031082143,662.6199689178575
12,25,4,11469,11640.56963314739,171.56963314739005
12,25,5,11517,11891.335999156989,374.3359991569887
12,25,6,11623,8156.074596398505,3466.9254036014954
12,25,7,12087,11873.135167060038,213.86483293996207
12,25,8,12732,12426.375452565248,305.62454743475246
12,25,9,13242,12790.902631675299,451.09736832470116
12,25,10,13897,12705.57513951945,1191.4248604805507
12,25,11,14240,12996.743144688156,1243.2568553118435
12,25,12,14447,13250.631769689327,1196.3682303106725
12,25,13,14581,13311.117886021879,1269.8821139781212
12,25,14,14497,13708.563512417788,788.4364875822121
12,25,15,14551,13883.622246418354,667.3777535816462
12,25,16,14669,13736.282183999756,932.717816000244
12,25,17,15245,14314.057296719824,930.9427032801759
12,25,18,15757,14793.463107421801,963.5368925781986
12,25,19,15065,14285.516967442714,779.4830325572857
12,25,20,14745,14402.756926424425,342.2430735755752
12,25,21,14351,14708.224833111595,357.2248331115952
12,25,22,14166,14973.830484613536,807.8304846135361
12,25,23,13808,15128.221866958653,1320.2218669586528
12,26,0,12996,11722.730518142378,1273.269481857622
12,26,1,12170,11897.749982617233,272.2500173827666
12,26,2,11735,12015.673959658157,280.6739596581574
12,26,3,11461,12121.351626388156,660.3516263881556
12,26,4,11398,12143.000089462857,745.0000894628574
12,26,5,11483,12233.054726465147,750.0547264651468
12,26,6,11838,12489.727834612657,651.7278346126568
12,26,7,12358,12675.666004576857,317.6660045768567
12,26,8,12933,12695.275362396242,237.7246376037583
12,26,9,13262,13077.421588615769,184.578411384231
12,26,10,13662,13254.620160326627,407.37983967337277
12,26,11,13813,13476.20988276292,336.79011723708027
12,26,12,13997,13966.581700136576,30.41829986342418
12,26,13,13955,13790.128130847228,164.87186915277198
12,26,14,13734,14100.959555821622,366.9595558216224
12,26,15,13698,14810.664890549215,1112.6648905492148
12,26,16,13980,14643.20443445624,663.20443445624
12,26,17,14835,14855.04187212987,20.04187212987017
12,26,18,16030,15310.584869496832,719.4151305031683
12,26,19,16005,15202.17069918238,802.8293008176206
12,26,20,15767,14824.787256527461,942.2127434725389
12,26,21,15402,14795.170532202728,606.8294677972717
12,26,22,14955,15055.803226090598,100.8032260905984
12,26,23,14302,15092.55409123588,790.5540912358792
12,27,0,13432,12296.220200729493,1135.7797992705073
12,27,1,12668,12636.661410702347,31.338589297653016
12,27,2,12197,12266.009718518315,69.00971851831491
12,27,3,11840,12441.095360766249,601.0953607662486
12,27,4,11753,12782.109920678118,1029.1099206781182
12,27,5,11740,13346.776983301708,1606.7769833017082
12,27,6,11906,13522.6485537404,1616.6485537404005
12,27,7,12445,13488.865502888464,1043.865502888464
12,27,8,13050,13713.878009364495,663.8780093644946
12,27,9,13573,13925.987340403293,352.9873404032933
12,27,10,14109,14556.321065726846,447.3210657268464
12,27,11,14701,14802.505195736754,101.5051957367541
12,27,12,14820,15169.689034604045,349.68903460404545
12,27,13,14757,15043.46946393922,286.4694639392201
12,27,14,14646,15182.158854286981,536.1588542869813
12,27,15,14562,15452.02446422675,890.0244642267498
12,27,16,14663,15518.395868151034,855.3958681510339
12,27,17,15401,15754.776093043916,353.77609304391626
12,27,18,16457,16003.90605435715,453.0939456428496
12,27,19,16275,16096.536774236962,178.46322576303828
12,27,20,15839,16070.028637998059,231.0286379980589
12,27,21,15458,15864.400282469496,406.40028246949623
12,27,23,14122,16082.036466817699,1960.036466817699
12,28,0,13243,12312.515576904654,930.4844230953458
12,28,1,12486,12526.866877956978,40.86687795697799
12,28,2,12115,12472.677137742892,357.6771377428922
12,28,4,11677,12763.93526516005,1086.9352651600493
12,28,5,11787,12834.77464130832,1047.7746413083205
12,28,6,11950,13013.543818965189,1063.5438189651886
12,28,7,12392,13299.705309495475,907.7053094954754
12,28,8,13073,13414.778110553827,341.778110553827
12,28,9,13726,13491.112197958524,234.88780204147588
12,28,10,14442,13938.831292280336,503.16870771966387
12,28,11,14872,14436.0529460531,435.94705394690027
12,28,13,15252,14710.49583810812,541.5041618918804
12,28,14,15089,14993.87663419389,95.12336580611009
12,28,15,15117,15036.363869155743,80.63613084425742
12,28,16,15338,15112.94417306684,225.05582693315955
12,28,17,16049,16091.598577902,42.598577901999306
12,28,18,17410,16353.733921995636,1056.2660780043643
12,28,19,17346,15979.67095290962,1366.3290470903794
12,28,20,17064,15814.683673220063,1249.3163267799373
12,28,21,16559,15828.093168887937,730.9068311120627
12,28,22,16137,16024.35610043157,112.64389956842933
12,28,23,15455,16559.646719816727,1104.6467198167265
12,29,0,14389,13522.853080269047,866.1469197309525
12,29,1,13547,13250.915948617632,296.08405138236776
12,29,2,13130,13518.582805335776,388.58280533577636
12,29,3,12860,13814.615322686797,954.6153226867973
12,29,4,12872,13773.823143398677,901.8231433986766
12,29,5,13098,14172.552991299573,1074.5529912995735
12,29,6,13717,14877.791911714488,1160.7919117144884
12,29,7,14574,14717.343835051022,143.34383505102232
12,29,8,15569,16096.417716854243,527.4177168542428
12,29,9,15992,16743.087986051603,751.0879860516034
12,29,10,16292,16979.368580301234,687.368580301234
12,29,11,16335,17241.75512667945,906.7551266794508
12,29,12,16460,17111.5448598509,651.5448598508992
12,29,13,16470,16841.607314968333,371.6073149683325
12,29,14,16458,17061.358448118284,603.3584481182843
12,29,15,16379,17214.433530862712,835.4335308627124
12,29,16,16702,17142.502508253117,440.5025082531174
12,29,17,17612,17219.351793203445,392.6482067965553
12,29,18,19031,16976.24682977612,2054.753170223881
12,29,19,18893,17196.740413878586,1696.259586121414
12,29,20,18650,17108.263526217703,1541.7364737822973
12,29,22,17713,17343.861510346556,369.1384896534437
12,29,23,16728,17785.459424331344,1057.459424331344
12,30,0,15635,14783.673296338355,851.3267036616453
12,30,1,14666,14758.068133578205,92.06813357820465
12,30,2,14179,15022.125473896485,843.1254738964853
12,30,3,13861,15235.140866618049,1374.1408666180487
12,30,4,13693,15524.802926028442,1831.802926028442
12,30,5,13935,15681.117475823383,1746.1174758233828
12,30,6,14472,15609.44770528792,1137.4477052879192
12,30,7,15343,15544.65977372222,201.65977372222005
12,30,8,16314,16849.37601734529,535.3760173452902
12,30,9,16783,16996.28350322301,213.28350322301048
12,30,10,16800,17080.790559319237,280.7905593192372
12,30,11,16673,17541.00420817379,868.0042081737884
12,30,12,16658,17399.441035528234,741.4410355282344
12,30,13,16604,17914.710418894727,1310.710418894727
12,30,14,16529,17692.023589160402,1163.0235891604025
12,30,15,16822,17073.52387447843,251.5238744784292
12,30,16,17206,17457.240311405232,251.2403114052322
12,30,17,18022,17765.500129353917,256.49987064608285
12,30,18,19290,17479.082484790477,1810.9175152095231
12,30,19,19270,17804.90872222298,1465.0912777770209
12,30,20,19048,17685.52898725738,1362.4710127426188
12,30,21,18813,17915.874273376627,897.1257266233733
12,30,22,17975,17859.375031340292,115.62496865970752
12,30,23,16896,17750.322311797972,854.3223117979724
12,31,0,15819,14300.041162161317,1518.9588378386834
12,31,1,14922,14078.428636469509,843.571363530491
12,31,2,14504,14098.68492966887,405.3150703311294
12,31,3,14262,14499.965106706672,237.96510670667158
12,31,4,14225,14639.067852894048,414.067852894048
12,31,5,14291,14659.466264537576,368.4662645375756
12,31,6,14735,14606.846190317305,128.15380968269528
12,31,7,15396,14847.426077216123,548.5739227838767
12,31,8,16115,15828.541153494403,286.45884650559674
12,31,9,16532,16007.48768074186,524.5123192581395
12,31,10,16608,16189.655683327524,418.34431667247554
12,31,11,16394,15985.41145823366,408.5885417663394
12,31,12,16577,16293.136147889418,283.86385211058223
12,31,13,16565,16449.474309122823,115.52569087717711
12,31,14,16402,16129.725193909904,272.2748060900958
12,31,15,16418,16513.911243980445,95.91124398044485
12,31,16,16685,16674.530949570413,10.469050429586787
12,31,17,17564,17090.178558453885,473.82144154611524
12,31,21,17294,16005.576281609854,1288.423718390146
12,31,22,16759,16348.378527220266,410.6214727797342
12,31,23,16123,16442.339153837136,319.3391538371361
11,1,0,12358,11939.73824357598,418.26175642402086
11,1,2,11635,12806.566603124718,1171.5666031247183
11,1,3,11530,12812.29089420299,1282.2908942029899
11,1,4,11338,13146.162291289462,1808.1622912894618
11,1,5,11361,13288.776241928932,1927.776241928932
11,1,6,11524,13336.948401454785,1812.9484014547852
11,1,7,11966,13757.645266684507,1791.645266684507
11,1,8,12663,13871.429288160598,1208.429288160598
11,1,9,13097,13624.375869543923,527.3758695439228
11,1,10,13298,13923.825181847807,625.8251818478075
11,1,11,13446,13884.413798223624,438.4137982236243
11,1,12,13732,13788.677411103155,56.677411103155464
11,1,13,13753,13597.81740108953,155.1825989104691
11,1,14,13574,13988.769345064973,414.7693450649731
11,1,15,13727,13819.447423649746,92.44742364974627
11,1,16,14128,14468.571733718878,340.571733718878
11,1,17,15096,14954.066026148554,141.93397385144635
11,1,18,16179,18182.677511581234,2003.6775115812343
11,1,19,16144,16687.277690136238,543.2776901362377
11,1,20,15829,16538.841934662512,709.8419346625124
11,1,21,15394,15735.513280961144,341.5132809611441
11,1,22,14634,15824.296435243123,1190.2964352431227
11,1,23,13895,16339.96090026641,2444.960900266409
11,2,0,13041,13153.328596341926,112.32859634192573
11,2,1,12478,13554.149504805348,1076.1495048053475
11,2,2,12053,13737.635210701641,1684.635210701641
11,2,3,11980,14034.55054756197,2054.5505475619702
11,2,4,11896,13780.675155370483,1884.6751553704835
11,2,6,13031,13677.206875075663,646.2068750756625
11,2,7,14485,14750.686678474718,265.68667847471806
11,2,8,15511,15408.382225166388,102.6177748336122
11,2,9,15511,16181.936933065812,670.9369330658119
11,2,10,15159,16180.641340955524,1021.6413409555244
11,2,11,15001,16288.783927173019,1287.783927173019
11,2,12,14864,16223.44202479435,1359.4420247943508
11,2,13,14856,17012.568448916372,2156.5684489163723
11,2,14,15063,16622.514491446953,1559.514491446953
11,2,15,15208,16899.979657781805,1691.9796577818051
11,2,16,15490,17120.94958313943,1630.9495831394306
11,2,17,16183,17050.586542781668,867.586542781668
11,2,18,17115,16752.97118344758,362.02881655242163
11,2,19,17262,15797.934074413868,1464.065925586132
11,2,20,16955,16267.536032566964,687.4639674330356
11,2,21,16631,16681.298415047757,50.29841504775686
11,2,22,15773,16667.604429783907,894.6044297839071
11,2,23,14660,15912.083063570268,1252.0830635702678
11,3,0,13397,12359.849035660747,1037.1509643392528
11,3,1,12639,12551.959104716585,87.04089528341501
11,3,2,12232,12232.093540503627,0.09354050362708222
11,3,3,12052,12431.381846346198,379.38184634619756
11,3,4,11905,13054.36639229899,1149.3663922989908
11,3,5,12009,13640.90039397879,1631.9003939787908
11,3,6,12854,14158.666576544521,1304.6665765445214
11,3,7,14167,14855.79486611714,688.7948661171395
11,3,8,15158,16121.45744476912,963.4574447691193
11,3,11,14916,17395.130584619605,2479.1305846196046
11,3,12,14944,16107.909122139132,1163.9091221391318
11,3,13,14959,16321.807896847407,1362.8078968474074
11,3,14,15041,16576.42757866726,1535.4275786672588
11,3,16,15367,17038.77648952575,1671.7764895257496
11,3,17,16293,17436.349534225246,1143.3495342252463
11,3,18,17185,16782.36083319317,402.6391668068318
11,3,19,17401,16969.319426054968,431.68057394503194
11,3,20,17193,17023.790768591734,169.20923140826562
11,3,21,16713,16763.797917054777,50.79791705477692
11,3,22,15863,16541.122265451784,678.1222654517842
11,3,23,14667,16687.445870450018,2020.4458704500175
11,4,0,13516,13045.200794330281,470.7992056697185
11,4,1,12697,13090.239594144627,393.2395941446266
11,4,2,12309,12922.811796303236,613.8117963032364
11,4,3,12105,13014.230843717774,909.2308437177744
11,4,4,12098,13131.62213963197,1033.6221396319706
11,4,5,12287,13219.930432395582,932.9304323955821
11,4,6,12839,13270.279947735246,431.2799477352455
11,4,7,14299,14786.888681722825,487.8886817228249
11,4,8,15415,15504.929735321693,89.92973532169344
11,4,9,15177,15486.680188574088,309.6801885740879
11,4,10,14774,15467.911646841905,693.9116468419052
11,4,11,14812,15682.110217821046,870.1102178210458
11,4,12,14779,15548.505611075487,769.5056110754867
11,4,13,14788,15501.120874451872,713.1208744518717
11,4,14,14932,16328.374477295456,1396.374477295456
11,4,15,15186,16290.667405066553,1104.6674050665533
11,4,16,15592,17889.887246210983,2297.887246210983
11,4,17,16417,17672.925591115967,1255.925591115967
11,4,18,17338,17912.546198056923,574.5461980569235
11,4,19,17322,17302.68933556362,19.31066443637974
11,4,20,16955,15776.191889421603,1178.8081105783967
11,4,21,16538,15490.162575034657,1047.8374249653425
11,4,22,15851,15661.525760721692,189.47423927830823
11,5,1,12697,12613.180702909678,83.81929709032192
11,5,2,12293,13071.772828517824,778.7728285178237
11,5,3,11995,13335.929692444854,1340.9296924448536
11,5,4,11961,13337.471351074184,1376.471351074184
11,5,5,12043,13455.318679724982,1412.3186797249818
11,5,6,12638,13793.021652781146,1155.0216527811463
11,5,7,14014,14534.547595963646,520.547595963646
11,5,8,15386,15821.472108687807,435.4721086878071
11,5,9,15530,15531.141361710503,1.1413617105026788
11,5,10,15366,18087.42301582348,2721.4230158234786
11,5,11,15246,16277.777889030374,1031.7778890303744
11,5,12,15202,15646.55271684333,444.5527168433291
11,5,13,15179,16154.408633234836,975.4086332348361
11,5,14,15286,15955.023766616958,669.0237666169578
11,5,15,15325,16127.809318738544,802.8093187385439
11,5,16,15562,16776.09149561253,1214.0914956125307
11,5,17,16220,16500.511600635793,280.511600635793
11,5,18,16994,15676.245020278338,1317.7549797216616
11,5,19,17050,15753.328530475366,1296.6714695246337
11,5,20,16735,15733.950422428425,1001.0495775715754
11,5,21,16288,15561.614971580268,726.3850284197324
11,5,22,15556,15966.030850556983,410.03085055698284
11,5,23,14355,15974.038489912571,1619.038489912571
11,6,0,13183,12746.415285890193,436.58471410980746
11,6,1,12457,12642.135003189718,185.1350031897182
11,6,2,12041,12902.879841573782,861.879841573782
11,6,3,11692,13324.243311216902,1632.243311216902
11,6,4,11638,13609.869379540569,1971.8693795405688
11,6,5,11700,13691.190667994782,1991.1906679947824
11,6,6,12283,14061.386076443585,1778.386076443585
11,6,7,13578,14137.04814498009,559.04814498009
11,6,8,15038,14966.54137356403,71.45862643596956
11,6,9,15444,15497.463808836092,53.46380883609163
11,6,10,15469,15872.644893274128,403.64489327412775
11,6,11,15448,15548.390972886546,100.39097288654557
11,6,12,15404,15629.654267278182,225.65426727818158
11,6,13,15273,15675.46260957788,402.46260957788036
11,6,14,15022,15836.348491354001,814.3484913540015
11,6,15,15043,15917.20413128409,874.2041312840902
11,6,16,15102,16327.5829549333,1225.5829549332993
11,6,17,15842,16136.274347990577,294.27434799057664
11,6,18,16514,15458.891084463858,1055.1089155361424
11,6,19,16461,15694.496651451313,766.5033485486874
11,6,20,16307,15908.392663308521,398.60733669147885
11,6,21,16048,15695.413824694668,352.5861753053323
11,6,22,15529,16318.128223591268,789.1282235912677
11,6,23,14510,16069.155451416727,1559.1554514167274
11,7,0,13497,12086.566703111206,1410.4332968887938
11,7,1,12717,12821.084396707429,104.08439670742882
11,7,2,12120,12049.103907018598,70.89609298140203
11,7,3,11792,12206.799425865729,414.79942586572906
11,7,4,11644,12162.506947318354,518.5069473183539
11,7,5,11523,12658.318837488501,1135.3188374885012
11,7,6,11789,12971.005061099691,1182.0050610996914
11,7,7,12442,13559.312445992218,1117.3124459922183
11,7,8,12991,13647.8994751693,656.8994751693008
11,7,9,13365,13485.38903215819,120.38903215818937
11,7,10,13357,13688.60712684879,331.60712684879036
11,7,11,13453,13805.949882901163,352.9498829011627
11,7,12,13589,13836.674788230026,247.67478823002602
11,7,13,13686,13989.845120299178,303.84512029917823
11,7,14,13800,13767.803109978186,32.1968900218144
11,7,15,13911,14085.038390360263,174.0383903602633
11,7,16,14178,14254.682537164033,76.68253716403342
11,7,17,14767,14554.026690409195,212.973309590805
11,7,18,15861,15168.981428893261,692.0185711067388
11,7,19,15914,15028.720483086374,885.2795169136261
11,7,20,15267,15121.438130056968,145.56186994303243
11,7,21,14874,15208.824643364731,334.82464336473095
11,7,22,14427,15461.362715525489,1034.362715525489
11,7,23,13712,15242.070328664051,1530.070328664051
11,8,0,12906,11748.058917458302,1157.941082541698
11,8,1,12278,11815.628696598476,462.3713034015236
11,8,2,11976,11907.587448564678,68.4125514353218
11,8,3,11694,12304.491582730645,610.491582730645
11,8,4,11541,12576.875770251767,1035.8757702517669
11,8,5,11554,12858.291812984644,1304.291812984644
11,8,6,11854,12782.176167649082,928.1761676490823
11,8,7,12393,13198.850160259892,805.8501602598917
11,8,9,12769,13390.7622445308,621.7622445308007
11,8,10,12915,13066.723177073734,151.7231770737344
11,8,11,12854,13269.207017715898,415.2070177158985
11,8,12,12917,13826.152460457713,909.1524604577135
11,8,13,12940,15013.214258294383,2073.2142582943834
11,8,14,12899,14757.224449921901,1858.2244499219014
11,8,15,12964,14277.702189752057,1313.7021897520572
11,8,16,13646,14879.603476287775,1233.6034762877753
11,8,17,14937,16219.202710911986,1282.2027109119863
11,8,18,16237,20731.739241331696,4494.739241331696
11,8,19,16378,16048.002735409591,329.99726459040903
11,8,20,15840,15195.233607574502,644.7663924254975
11,8,21,15465,15141.162888073452,323.83711192654846
11,8,22,14864,15763.075702242491,899.0757022424914
11,8,23,14028,15777.530609349666,1749.5306093496656
11,9,0,13098,12456.586987455205,641.4130125447955
11,9,1,12482,13134.710302506473,652.7103025064735
11,9,2,12104,12746.904328681008,642.9043286810083
11,9,3,11977,13166.073338152391,1189.0733381523914
11,9,4,12100,12997.045496056737,897.0454960567367
11,9,5,12360,13188.337127995988,828.3371279959883
11,9,6,13104,13203.82871518435,99.82871518435059
11,9,7,14491,13762.823790135451,728.1762098645486
11,9,8,15545,15015.612164337761,529.387835662239
11,9,9,15268,15321.282566702468,53.2825667024681
11,9,10,14864,15916.753079289016,1052.7530792890157
11,9,11,14777,15900.559808787084,1123.559808787084
11,9,12,14666,16067.334862076505,1401.3348620765046
11,9,13,14498,16403.89048095946,1905.8904809594605
11,9,14,14512,15785.154263967523,1273.1542639675226
11,9,15,14629,16168.515945006307,1539.5159450063074
11,9,16,15107,16285.980689299244,1178.9806892992437
11,9,17,16204,16883.97507626576,679.9750762657604
11,9,18,17506,17205.063300155405,300.93669984459484
11,9,19,17632,18057.135933762333,425.13593376233257
11,9,20,17208,17169.93095080383,38.069049196168635
11,9,21,16921,16644.240495421527,276.75950457847284
11,9,22,16178,16576.335965876213,398.33596587621287
11,9,23,15101,16618.297234560716,1517.2972345607159
11,10,0,13903,12803.73794850464,1099.2620514953596
11,10,1,13141,13152.658696764232,11.658696764232445
11,10,2,12742,13011.344202684992,269.3442026849916
11,10,3,12560,12902.01145847175,342.0114584717503
11,10,4,12546,13353.528468204411,807.5284682044112
11,10,5,12693,13599.447310840109,906.4473108401089
11,10,6,13331,13720.233768349219,389.23376834921874
11,10,7,14608,14609.161079464675,1.1610794646749127
11,10,8,15866,15670.164418602139,195.83558139786146
11,10,9,15988,16072.819903022732,84.81990302273152
11,10,10,15824,18176.56148869458,2352.5614886945805
11,10,11,15957,18782.086849083746,2825.0868490837456
11,10,12,16082,19447.053362912324,3365.053362912324
11,10,13,15907,16014.130097369341,107.13009736934146
11,10,14,16052,16631.235496512654,579.2354965126542
11,10,15,16210,16365.424855452422,155.42485545242198
11,10,16,16403,16786.04275288647,383.04275288647113
11,10,17,17161,17214.18580740684,53.18580740684047
11,10,18,17956,18140.8286900108,184.82869001079962
11,10,19,17724,16522.240909360666,1201.7590906393343
11,10,20,17495,16650.44998208387,844.5500179161318
11,10,21,17039,16715.28123609258,323.7187639074218
11,10,22,16226,17027.482098871846,801.4820988718457
11,10,23,15083,16780.152259242186,1697.1522592421861
11,11,0,13862,13262.726019923753,599.2739800762465
11,11,1,13113,13157.122116694918,44.12211669491808
11,11,2,12652,13294.148557840537,642.1485578405373
11,11,3,12367,13018.45858064803,651.45858064803
11,11,4,12254,13228.044967506725,974.0449675067248
11,11,5,12275,13266.103601613308,991.1036016133075
11,11,6,12774,13527.672304451064,753.6723044510636
11,11,7,14247,14131.771369816388,115.22863018361204
11,11,8,15479,15388.825177034858,90.17482296514208
11,11,9,15830,15573.093911823633,256.9060881763671
11,11,10,15757,15688.723870735848,68.27612926415168
11,11,11,15572,16031.251569341623,459.2515693416226
11,11,12,15427,15879.785734029361,452.78573402936127
11,11,13,15322,15859.920644204001,537.9206442040013
11,11,14,15499,16158.57874706796,659.5787470679606
11,11,15,15369,16175.09204250533,806.09204250533
11,11,16,15576,16440.0611637045,864.0611637045004
11,11,17,16526,16951.20519494382,425.20519494382097
11,11,18,17267,15718.847161847278,1548.1528381527223
11,11,19,17280,16418.769931337047,861.2300686629533
11,11,20,17174,16491.64140400467,682.3585959953307
11,11,21,16771,16264.702661766614,506.29733823338574
11,11,22,15807,16299.915160800254,492.91516080025394
11,11,23,14598,15962.728064179408,1364.7280641794077
11,12,0,13392,12648.281889637816,743.7181103621842
11,12,1,12601,12415.453460487446,185.54653951255386
11,12,2,12293,12367.058466053684,74.05846605368424
11,12,3,12044,12528.341970071207,484.34197007120747
11,12,4,11954,12750.02478468869,796.0247846886905
11,12,5,11942,12750.049048115769,808.0490481157685
11,12,6,12703,12760.994771315278,57.99477131527783
11,12,7,14004,13282.944210994026,721.0557890059736
11,12,8,15403,14713.389180429638,689.6108195703619
11,12,9,15786,14791.523228013866,994.4767719861338
11,12,10,15908,15218.490674997736,689.5093250022637
11,12,11,16326,15697.289720079472,628.7102799205277
11,12,12,16250,16318.133121935665,68.13312193566526
11,12,13,16322,16252.57387351165,69.42612648834984
11,12,14,16368,15682.47154725684,685.5284527431595
11,12,15,16356,15735.83767179902,620.1623282009805
11,12,16,16539,16195.390084852612,343.60991514738816
11,12,17,17070,16228.897512235588,841.1024877644122
11,12,18,17842,15374.101800379847,2467.898199620153
11,12,19,17375,15718.65024566286,1656.3497543371395
11,12,20,17157,15653.214004544361,1503.7859954556388
11,12,21,16773,15842.543357618255,930.456642381745
11,12,22,16085,15933.821531783733,151.178468216267
11,12,23,14999,15856.373142700042,857.3731427000421
11,13,0,13864,12507.20949579007,1356.79050420993
11,13,1,12766,12441.497535329383,324.502464670617
11,13,2,12331,12432.815560038513,101.81556003851256
11,13,3,12039,12742.953563355803,703.9535633558025
11,13,4,11991,13085.88560384319,1094.8856038431895
11,13,5,11986,13189.341779085935,1203.3417790859348
11,13,6,12736,13327.328544813125,591.3285448131246
11,13,7,14110,13511.45786260348,598.54213739652
11,13,8,15410,14840.755538824491,569.2444611755091
11,13,9,15793,14840.001583393498,952.9984166065024
11,13,10,16068,15218.372757588953,849.6272424110466
11,13,11,16041,15026.646638276798,1014.3533617232024
11,13,12,15910,15407.99932556958,502.00067443041917
11,13,13,15859,15513.880809162913,345.11919083708744
11,13,14,15749,15708.447240775518,40.55275922448163
11,13,15,15835,16164.135145483371,329.13514548337116
11,13,16,15937,16151.46944683309,214.46944683309084
11,13,17,16559,16148.65388627617,410.34611372383006
11,13,18,17307,15590.003076520068,1716.9969234799319
11,13,19,17035,15537.188683987526,1497.811316012474
11,13,20,16869,16069.891089517409,799.1089104825915
11,13,21,16495,16148.74379633565,346.2562036643503
11,13,22,15874,15986.71191373679,112.71191373678994
11,13,23,14818,16417.534195315093,1599.5341953150928
11,14,0,13897,12985.824551072139,911.175448927861
11,14,1,13156,12711.316141046995,444.68385895300526
11,14,2,12741,12473.260454114275,267.7395458857245
11,14,3,12464,12474.24214195221,10.242141952210659
11,14,4,12364,12489.344607160017,125.3446071600174
11,14,5,12374,12827.083098536208,453.0830985362081
11,14,6,12583,12926.652071145194,343.652071145194
11,14,7,13078,13238.792119018311,160.7921190183115
11,14,8,13900,13527.987955063036,372.01204493696423
11,14,9,14721,15112.642955587457,391.6429555874565
11,14,10,14905,14208.644150551187,696.3558494488134
11,14,11,15008,14449.786512259187,558.2134877408134
11,14,12,15214,14753.11985206453,460.8801479354697
11,14,13,15067,14769.03610281779,297.9638971822096
11,14,14,14839,14926.190837159329,87.19083715932902
11,14,15,14677,15122.637721019852,445.6377210198516
11,14,16,14903,14821.341847920354,81.65815207964624
11,14,17,15742,15340.520406230464,401.4795937695362
11,14,18,16720,15721.492558722453,998.5074412775466
11,14,19,16441,15673.129572231608,767.8704277683919
11,14,20,15912,14997.672145094632,914.3278549053684
11,14,21,15432,15266.512247695526,165.48775230447427
11,14,22,14820,15190.542979858568,370.5429798585683
11,14,23,14103,15154.25684503243,1051.2568450324306
11,15,0,13236,11773.457109086807,1462.5428909131933
11,15,1,12479,11782.552409338463,696.4475906615371
11,15,2,11960,11853.43977911499,106.5602208850105
11,15,3,11736,12182.77036019249,446.77036019248953
11,15,4,11545,12665.127794099579,1120.1277940995788
11,15,5,11545,13026.08492765855,1481.0849276585504
11,15,6,11696,13310.875239235698,1614.8752392356982
11,15,7,12053,12997.180515771875,944.1805157718754
11,15,8,12478,13211.827863661965,733.8278636619652
11,15,9,12818,13574.16528718291,756.1652871829101
11,15,10,13204,14061.770284770746,857.770284770746
11,15,11,13341,14481.590283896103,1140.5902838961028
11,15,12,13388,14378.889474234002,990.8894742340017
11,15,13,13324,14708.617008478908,1384.6170084789082
11,15,14,13446,14914.251001238516,1468.2510012385155
11,15,15,13525,15107.27183690095,1582.2718369009508
11,15,16,13926,15102.34319061608,1176.3431906160804
11,15,17,15042,15281.572199739789,239.57219973978863
11,15,18,16363,15467.339638100106,895.6603618998943
11,15,19,16338,15341.75587635783,996.2441236421691
11,15,20,16006,15207.601795484443,798.3982045155572
11,15,21,15527,15545.554569787017,18.55456978701659
11,15,22,14896,15482.457031158432,586.4570311584321
11,15,23,13997,15696.029828788356,1699.029828788356
11,16,0,13122,12868.444091588219,253.55590841178127
11,16,1,12361,12821.320886600153,460.32088660015324
11,16,2,11963,12885.702511311927,922.7025113119271
11,16,3,11816,13024.642471150191,1208.6424711501913
11,16,4,11809,13041.531949305614,1232.531949305614
11,16,5,12065,13180.989114466543,1115.9891144665435
11,16,6,12951,13520.921970378828,569.9219703788276
11,16,7,14579,14278.571538564955,300.4284614350454
11,16,8,15663,15410.819200580045,252.1807994199553
11,16,9,15617,15227.087305585803,389.9126944141972
11,16,10,15070,15160.58568005079,90.58568005078996
11,16,11,14802,16025.317557431663,1223.3175574316629
11,16,12,14729,16514.45524798615,1785.4552479861486
11,16,13,14806,15963.021507330022,1157.0215073300224
11,16,14,14828,15977.129915727079,1149.1299157270787
11,16,15,14941,16367.926085644767,1426.9260856447672
11,16,16,15397,16870.90602465131,1473.9060246513109
11,16,17,16571,16867.259256080593,296.25925608059333
11,16,18,17687,16756.439246732203,930.5607532677968
11,16,19,17620,16624.771057048714,995.2289429512857
11,16,20,17438,16432.398487491067,1005.6015125089325
11,16,21,17040,16305.59719064077,734.4028093592296
11,16,22,16054,16272.80967633576,218.80967633576074
11,16,23,14909,16484.208542168613,1575.2085421686133
11,17,0,13722,12762.007599934881,959.992400065119
11,17,1,12860,13037.805707422176,177.80570742217606
11,17,2,12446,12974.96686537008,528.9668653700792
11,17,3,12293,13105.14536511853,812.1453651185293
11,17,4,12269,13066.106734505358,797.106734505358
11,17,5,12384,13343.552352904873,959.5523529048733
11,17,6,13097,13246.011760086576,149.01176008657603
11,17,7,14560,13651.94174787955,908.0582521204506
11,17,8,15608,15112.671392823551,495.3286071764487
11,17,9,15609,15296.313888397353,312.68611160264663
11,17,10,15254,15547.55426302361,293.5542630236105
11,17,11,15152,15916.01602277182,764.0160227718206
11,17,12,15095,16019.192349097311,924.1923490973113
11,17,13,14791,16250.382295823765,1459.3822958237652
11,17,14,14867,16349.618447436316,1482.6184474363163
11,17,15,15016,16275.363213554461,1259.3632135544613
11,17,16,15518,16366.184261296794,848.1842612967939
11,17,17,16685,16787.403924332575,102.40392433257512
11,17,18,17919,16425.57589561862,1493.4241043813818
11,17,19,17492,16412.32495961612,1079.6750403838814
11,17,20,17318,16316.675971522358,1001.3240284776421
11,17,21,16945,16428.4489542218,516.5510457782002
11,17,22,16245,16490.090717859683,245.09071785968263
11,17,23,15008,16548.97148672887,1540.9714867288712
11,18,0,13813,13367.650912957388,445.34908704261215
11,18,1,12970,13264.424969303553,294.42496930355264
11,18,2,12473,13157.667283147992,684.6672831479918
11,18,3,12233,13634.936446850443,1401.9364468504427
11,18,4,12105,13836.591922858493,1731.5919228584935
11,18,5,12209,14018.526510236032,1809.5265102360318
11,18,6,12830,14237.001281465044,1407.0012814650436
11,18,7,14235,14357.777040405172,122.77704040517165
11,18,8,15502,15518.355866036305,16.355866036305088
11,18,9,15572,15512.299078752485,59.700921247515
11,18,10,15269,15609.663497899837,340.66349789983724
11,18,11,15288,15729.397097041101,441.397097041101
11,18,12,15317,15783.176591486437,466.17659148643725
11,18,13,15369,16037.505905075,668.5059050750006
11,18,14,15581,16240.283620984268,659.283620984268
11,18,15,15608,16377.953444694318,769.953444694318
11,18,16,15902,16842.975699317736,940.9756993177361
11,18,17,16743,17219.56282064805,476.56282064805055
11,18,18,17745,16106.128172558112,1638.871827441888
11,18,19,17288,16461.18165542063,826.8183445793693
11,18,20,17005,16554.313920926157,450.68607907384285
11,18,21,16529,16501.043464683735,27.956535316265217
11,18,22,15785,16590.179315822745,805.1793158227447
11,18,23,14683,16532.559268653928,1849.5592686539276
11,19,0,13511,12969.026044290167,541.9739557098328
11,19,1,12580,12865.071556991425,285.0715569914246
11,19,2,12091,12836.824360843988,745.824360843988
11,19,3,11810,13186.825693285828,1376.8256932858276
11,19,4,11695,13287.984699113038,1592.984699113038
11,19,5,11748,13197.012662615372,1449.0126626153724
11,19,6,12271,13437.014618991856,1166.014618991856
11,19,7,13717,13946.848009572412,229.84800957241168
11,19,8,15164,15034.965291836677,129.03470816332265
11,19,9,15313,15437.84601975504,124.84601975503938
11,19,10,15245,15105.628401311842,139.37159868815797
11,19,11,15123,15723.165180444574,600.1651804445737
11,19,12,15039,15905.797985079691,866.797985079691
11,19,13,14952,16187.715637610898,1235.7156376108978
11,19,14,15140,16245.819833336705,1105.8198333367054
11,19,15,15276,16274.029624643832,998.029624643832
11,19,16,15462,16398.432074496875,936.4320744968754
11,19,17,16279,16671.502842860795,392.5028428607948
11,19,18,17267,16113.965889514468,1153.0341104855324
11,19,19,17161,16041.546298190797,1119.4537018092033
11,19,20,16933,15608.525042768579,1324.4749572314213
11,19,21,16633,15926.597093114724,706.402906885276
11,19,22,15942,15814.73638829122,127.26361170878045
11,19,23,14839,15915.36073580559,1076.3607358055906
11,20,0,13738,12444.601227363471,1293.3987726365285
11,20,1,12786,12373.804792496572,412.1952075034278
11,20,2,12423,12748.892401287136,325.8924012871357
11,20,3,12142,12725.653468452467,583.6534684524668
11,20,4,12082,13204.04140986715,1122.04140986715
11,20,5,12232,13204.975631941728,972.9756319417284
11,20,6,12845,13483.307064579296,638.3070645792959
11,20,7,14361,13822.269480551957,538.7305194480432
11,20,8,15644,15102.549068613189,541.4509313868111
11,20,9,15484,15078.656838025723,405.3431619742769
11,20,10,15105,15343.906332941455,238.90633294145482
11,20,11,15036,15255.530309657674,219.53030965767357
11,20,12,15100,15507.595724712895,407.5957247128954
11,20,13,14956,15435.58779097546,479.58779097545994
11,20,15,15102,15795.398516980653,693.3985169806529
11,20,16,15513,16249.276535576866,736.2765355768661
11,20,17,16515,17142.590969132132,627.5909691321322
11,20,18,17623,18377.610631062198,754.6106310621981
11,20,19,17480,16424.476019129226,1055.5239808707738
11,20,20,17155,15891.896707568289,1263.1032924317115
11,20,21,16869,16051.070184367572,817.9298156324276
11,20,22,16460,16209.875067239112,250.12493276088753
11,20,23,15440,16012.012382925725,572.0123829257245
11,21,0,14233,11921.989345467187,2311.0106545328126
11,21,1,13274,12009.421636878425,1264.5783631215745
11,21,2,12797,12616.552091594373,180.44790840562746
11,21,3,12616,12960.777803262503,344.77780326250286
11,21,4,12509,12571.700023985215,62.70002398521501
11,21,5,12379,12690.932764222165,311.93276422216513
11,21,6,12633,12945.55812390573,312.5581239057301
11,21,7,13330,13965.370348084283,635.3703480842833
11,21,8,14127,14444.940950103366,317.94095010336605
11,21,9,14738,14864.587499480373,126.58749948037257
11,21,10,15318,15210.616499895945,107.3835001040552
11,21,11,15528,16245.086225435394,717.0862254353942
11,21,12,15701,15097.041596950361,603.958403049639
11,21,13,15776,15036.399133998411,739.6008660015887
11,21,14,15742,15314.209761686847,427.79023831315317
11,21,15,15557,15653.775109219932,96.77510921993235
11,21,16,15720,15592.516405721248,127.48359427875221
11,21,17,16448,15785.137241837128,662.8627581628716
11,21,18,17219,16147.205263309057,1071.794736690943
11,21,19,16885,16280.01635893481,604.9836410651897
11,21,20,16397,16596.40394554723,199.40394554723025
11,21,21,15884,16595.3540875893,711.3540875893013
11,21,22,15366,16579.549012052976,1213.5490120529757
11,21,23,14511,16647.191144569755,2136.191144569755
11,22,0,13569,13059.945915140437,509.05408485956286
11,22,1,12849,12733.925758237452,115.0742417625479
11,22,2,12259,12676.286963634513,417.2869636345131
11,22,3,12000,12408.718527778025,408.7185277780245
11,22,4,11933,12465.787619151426,532.787619151426
11,22,5,12069,12336.805438915202,267.8054389152021
11,22,6,12213,12458.221441599526,245.22144159952586
11,22,7,12656,12894.898469393198,238.89846939319796
11,22,8,13185,13135.97012498365,49.02987501634925
11,22,9,13810,13583.209447225925,226.79055277407497
11,22,10,14179,13877.882550111352,301.1174498886485
11,22,11,14308,13851.683776029584,456.3162239704161
11,22,12,14496,13919.959189709181,576.0408102908186
11,22,13,14578,14272.83929892733,305.1607010726693
11,22,14,14660,14301.606821546062,358.39317845393816
11,22,15,14808,14314.067458250556,493.93254174944377
11,22,16,15352,14721.189939240994,630.8100607590059
11,22,17,16409,15599.473979328415,809.5260206715848
11,22,18,17737,15788.21304542733,1948.7869545726699
11,22,19,17432,16286.75829589823,1145.2417041017707
11,22,20,17229,16554.611241090366,674.3887589096339
11,22,21,16819,16107.315999046685,711.6840009533153
11,22,22,16363,16970.053913688178,607.053913688178
11,22,23,15517,16976.5235695373,1459.5235695373012
11,23,0,14539,12994.433442109206,1544.5665578907938
11,23,1,13764,12915.336863200171,848.6631367998289
11,23,2,13329,13131.736011815066,197.26398818493362
11,23,3,13007,13292.455047936035,285.45504793603504
11,23,4,13084,13496.943813741784,412.94381374178374
11,23,5,13342,13739.94254260037,397.94254260037087
11,23,6,14022,14093.323984401632,71.3239844016316
11,23,7,15440,14612.134800110205,827.8651998897949
11,23,8,16828,15778.824913534989,1049.1750864650112
11,23,9,16782,15759.015385619148,1022.9846143808518
11,23,10,16579,16179.223822462127,399.7761775378731
11,23,11,16434,15700.667354725818,733.3326452741821
11,23,12,16437,15476.562754574841,960.4372454251588
11,23,13,16235,15795.600502226693,439.3994977733073
11,23,14,16235,16425.59905781064,190.59905781063935
11,23,15,16442,16470.642268974723,28.642268974723265
11,23,16,16908,16905.561006079573,2.438993920426583
11,23,17,17968,17387.906793395432,580.093206604568
11,23,18,19239,18373.40144896799,865.5985510320097
11,23,19,18839,17282.720986352495,1556.279013647505
11,23,20,18609,16662.932871607165,1946.067128392835
11,23,21,18179,16916.693388738542,1262.3066112614579
11,23,22,17436,17386.34458572785,49.655414272150665
11,23,23,16212,17163.55458677911,951.5545867791116
11,24,0,15030,13883.209701689024,1146.7902983109761
11,24,1,14222,13757.16652664206,464.8334733579395
11,24,2,13819,13476.179658435656,342.82034156434383
11,24,3,13595,13778.619052563605,183.61905256360478
11,24,4,13453,13915.809211984597,462.8092119845969
11,24,5,13515,14464.869140098439,949.869140098439
11,24,6,14210,14637.773312059047,427.7733120590474
11,24,7,15551,16021.206741810322,470.20674181032155
11,24,8,16914,22187.423913845978,5273.423913845978
11,24,9,17062,19401.225445741547,2339.2254457415474
11,24,10,16830,15899.393872969125,930.6061270308746
11,24,11,16904,16062.31320814867,841.6867918513308
11,24,12,16901,16052.90410013001,848.0958998699898
11,24,13,16630,16571.75067224929,58.2493277507092
11,24,14,16571,17172.202743454996,601.2027434549964
11,24,15,16730,17155.883570423128,425.8835704231278
11,24,16,16912,17591.27863062711,679.2786306271082
11,24,17,17882,17570.42917251939,311.5708274806093
11,24,18,18828,17275.60478591197,1552.3952140880283
11,24,19,18712,17312.755529921036,1399.2444700789638
11,24,20,18500,17515.983834162394,984.0161658376055
11,24,21,18162,17362.72829440666,799.271705593339
11,24,22,17396,17177.320318325368,218.67968167463187
11,24,23,16287,17470.391689114076,1183.3916891140761
11,25,0,15123,13484.3974636214,1638.6025363785993
11,25,1,14178,13410.584884397082,767.4151156029184
11,25,2,13724,13408.17997460271,315.82002539729
11,25,3,13418,13509.52138361632,91.52138361632024
11,25,4,13356,13681.702797240776,325.7027972407759
11,25,5,13451,13744.570928926687,293.570928926687
11,25,6,13963,14164.01225567335,201.0122556733495
11,25,7,15461,14610.07618453083,850.9238154691702
11,25,8,16784,16026.074816635433,757.9251833645667
11,25,10,16536,15539.767342458357,996.2326575416428
11,25,11,16306,15915.316138174832,390.6838618251677
11,25,12,15979,15529.999901046272,449.0000989537275
11,25,13,15706,16021.439647758318,315.43964775831773
11,25,14,15506,16244.211181578257,738.2111815782573
11,25,15,15539,16581.414075172826,1042.4140751728264
11,25,16,16012,17784.89311367419,1772.8931136741885
11,25,17,17029,17995.721975028533,966.721975028533
11,25,18,18138,16768.16574394707,1369.8342560529309
11,25,19,18017,16153.810384051863,1863.1896159481366
11,25,20,17768,16291.214609246908,1476.7853907530916
11,25,21,17442,15749.324760058558,1692.6752399414418
11,25,22,16621,15755.974421072382,865.025578927618
11,25,23,15529,16132.58873945663,603.5887394566307
11,26,0,14271,12746.9800500546,1524.0199499453993
11,26,1,13242,13119.84466294988,122.15533705012058
11,26,2,12810,12924.855115337892,114.85511533789213
11,26,3,12516,13538.225057732832,1022.2250577328323
11,26,4,12426,13629.412412668324,1203.4124126683237
11,26,5,12523,13618.056013890324,1095.0560138903238
11,26,7,14592,14191.061418099176,400.9385819008239
11,26,8,16046,15593.422702066182,452.57729793381804
11,26,9,16287,15785.635748505352,501.36425149464776
11,26,10,16087,16029.463173168237,57.53682683176339
11,26,11,16077,15887.89133339267,189.10866660732972
11,26,12,16003,16303.785494936297,300.78549493629725
11,26,13,16112,16444.76932296923,332.7693229692304
11,26,14,16111,16874.726794957904,763.7267949579036
11,26,15,16056,16990.1144332438,934.1144332438016
11,26,16,16161,17015.368344487702,854.3683444877024
11,26,17,16958,17021.880316229108,63.88031622910785
11,26,18,17769,16029.889932198112,1739.1100678018884
11,26,19,17563,16273.11629963099,1289.8837003690096
11,26,20,17275,16515.051524178427,759.9484758215731
11,26,21,17037,16620.266234125218,416.73376587478197
11,26,22,16349,16723.63203430094,374.63203430093927
11,26,23,15094,16856.020757119786,1762.0207571197861
11,27,0,13890,13282.688529188743,607.3114708112571
11,27,1,13014,13415.812591034506,401.8125910345061
11,27,2,12501,13363.94996642767,862.94996642767
11,27,3,12210,13557.47883907902,1347.47883907902
11,27,4,12119,13742.11036845481,1623.1103684548107
11,27,5,12097,13868.074084141785,1771.0740841417846
11,27,6,12590,14025.239730157164,1435.2397301571636
11,27,7,14156,14378.664477323637,222.66447732363667
11,27,8,15552,15849.077514712486,297.07751471248594
11,27,9,16158,16108.307762876824,49.6922371231758
11,27,10,16180,16199.052376002592,19.0523760025917
11,27,11,16102,16483.066569550505,381.06656955050494
11,27,12,16385,16603.92894558782,218.92894558782064
11,27,14,16379,17277.532142760087,898.5321427600866
11,27,15,16336,17343.71716024446,1007.7171602444614
11,27,16,16403,17601.62566892038,1198.6256689203801
11,27,17,17224,17464.861000484685,240.86100048468506
11,27,19,17319,16799.189068086456,519.8109319135438
11,27,20,17134,16607.187805112637,526.8121948873631
11,27,21,16849,16828.30380113029,20.696198869711225
11,27,22,16328,17074.57851155233,746.5785115523286
11,27,23,15654,17093.481707771633,1439.4817077716325
11,28,0,14594,13167.711132340966,1426.2888676590337
11,28,1,13692,13210.466033907414,481.5339660925856
11,28,2,13192,13051.298546275051,140.7014537249488
11,28,3,12715,13043.090508299887,328.090508299887
11,28,4,12635,13205.812849571405,570.8128495714045
11,28,5,12609,13381.180678127526,772.1806781275263
11,28,6,12962,13613.662777781858,651.6627777818576
11,28,7,13587,13698.760895549509,111.76089554950886
11,28,8,14422,13888.327044609076,533.6729553909245
11,28,9,15295,14706.254237365776,588.7457626342239
11,28,10,15884,14776.751263632157,1107.2487363678429
11,28,11,15863,17334.578798355567,1471.5787983555674
11,28,12,15926,14987.326681979326,938.6733180206738
11,28,13,15603,15033.83017977788,569.1698202221196
11,28,14,15250,15207.902391530502,42.09760846949757
11,28,15,15017,15360.787556674382,343.78755667438236
11,28,16,15387,15499.11924072985,112.11924072984948
11,28,17,16242,16092.31468282016,149.68531717983933
11,28,18,17435,16200.33739275372,1234.6626072462805
11,28,19,17378,16877.146741071207,500.85325892879337
11,28,20,17026,16512.57304333152,513.4269566684816
11,29,2,13308,13177.627128691835,130.3728713081655
11,29,3,13021,13124.378091611825,103.37809161182486
11,29,4,12856,13447.96289471514,591.9628947151396
11,29,5,12827,13810.674576390911,983.6745763909112
11,29,6,13097,14064.744764530216,967.7447645302163
11,29,7,13498,14309.046607097747,811.0466070977473
11,29,8,14077,14328.706832283355,251.70683228335474
11,29,9,14563,14361.726823869129,201.27317613087143
11,29,10,14895,14281.248895537681,613.7511044623188
11,29,11,15042,15147.380433306862,105.38043330686196
11,29,12,15058,17375.299332813753,2317.2993328137527
11,29,13,15143,15166.453226385263,23.453226385263406
11,29,14,15176,15607.769905366284,431.76990536628364
11,29,15,15385,15435.835180216212,50.83518021621239
11,29,16,15913,15686.904082847585,226.0959171524155
11,29,17,17015,15888.67224278604,1126.3277572139596
11,29,18,18254,17825.792218530903,428.2077814690965
11,29,19,17944,16081.910273802325,1862.0897261976752
11,29,20,17570,17533.161531127582,36.83846887241816
11,29,21,17231,16380.845343835514,850.1546561644864
11,29,22,16510,17216.7843676415,706.7843676414996
11,29,23,15567,16867.742866778877,1300.7428667788772
11,30,0,14491,14094.243669116566,396.7563308834342
11,30,1,13755,14020.203062852479,265.203062852479
11,30,2,13426,14183.127489654777,757.1274896547766
11,30,3,13247,14218.663462106619,971.6634621066187
11,30,4,13321,13881.536139887035,560.5361398870355
11,30,5,13535,14162.89635049972,627.8963504997191
11,30,6,14070,14278.735778566388,208.73577856638803
11,30,7,15593,14734.589604116187,858.4103958838132
11,30,8,16908,16057.162016791075,850.8379832089249
11,30,9,17311,16543.03186452336,767.9681354766399
11,30,10,17196,21468.685797478083,4272.685797478083
11,30,11,17179,18820.63532295259,1641.6353229525885
11,30,12,16802,17256.377027715687,454.3770277156873
11,30,13,16685,17094.73980312083,409.7398031208286
11,30,14,16660,16671.351560265946,11.351560265946318
11,30,15,16570,16756.216364651682,186.21636465168194
11,30,16,16920,17041.93731475305,121.93731475304958
11,30,17,17840,17282.192143281663,557.8078567183366
11,30,18,19119,16165.310713507823,2953.6892864921774
11,30,19,18846,16660.619229069995,2185.3807709300054
11,30,20,18602,16810.630937543327,1791.3690624566734
11,30,21,18300,16883.19531652638,1416.8046834736197
11,30,22,17572,17128.845363716177,443.1546362838235
11,30,23,16237,17336.934805843688,1099.934805843688
12,1,0,15122,14168.590473009755,953.4095269902446
12,1,1,14158,13912.685741959995,245.31425804000537
12,1,2,13718,14076.885153957264,358.88515395726427
12,1,3,13557,14386.192357885597,829.1923578855967
12,1,4,13380,14459.92493630687,1079.9249363068702
12,1,5,13486,14717.587380337338,1231.587380337338
12,1,6,14213,14649.208419371678,436.20841937167825
12,1,7,15435,15157.41647522398,277.58352477602057
12,1,8,16936,16547.70603687091,388.2939631290901
12,1,9,17296,17616.67649690822,320.67649690822145
12,1,10,17167,16843.31362517372,323.68637482628037
12,1,11,17221,17793.570155953366,572.5701559533663
12,1,12,17341,16759.42376604206,581.5762339579414
12,1,13,17351,17258.587379002507,92.41262099749292
12,1,14,17465,17244.079281557566,220.920718442434
12,1,15,17468,17514.693721998523,46.69372199852296
12,1,16,17672,17600.117627261105,71.88237273889536
12,1,17,18433,17819.905178104564,613.0948218954363
12,1,18,19161,16910.10621015027,2250.8937898497315
12,1,20,18189,17248.216088194265,940.7839118057345
12,1,21,17888,17375.5421378799,512.4578621200999
12,1,23,15902,17508.088595762532,1606.0885957625323
12,2,0,14683,13849.359373184605,833.6406268153951
12,2,1,13710,13729.485781135485,19.485781135485013
12,2,2,13277,13793.915273322926,516.9152733229257
12,2,3,13036,13648.068950381345,612.0689503813446
12,2,4,13030,14289.21711757464,1259.2171175746407
12,2,5,13180,14155.831692966582,975.8316929665816
12,2,6,13904,14427.71417448753,523.7141744875298
12,2,7,15352,16317.378649897366,965.3786498973659
12,2,8,16719,19453.46086518545,2734.4608651854505
12,2,9,16762,17048.073726184484,286.07372618448426
12,2,10,16585,16694.767486297344,109.76748629734357
12,2,11,16462,18322.927228628825,1860.927228628825
12,2,12,16394,18940.149659305207,2546.149659305207
12,2,13,16328,15880.863678779888,447.1363212201122
12,2,14,16320,16180.129753760164,139.87024623983598
12,2,15,16465,16173.058920064925,291.9410799350753
12,2,16,16742,16317.640335419494,424.35966458050643
12,2,17,17744,16542.812607956377,1201.1873920436228
12,2,18,18832,15860.298145826455,2971.701854173545
12,2,19,18422,15835.958173624515,2586.0418263754855
12,2,20,18390,16412.146896879476,1977.8531031205239
12,2,21,18147,16432.917830587445,1714.0821694125552
12,2,22,17477,16506.54302528692,970.4569747130809
12,2,23,16230,16477.77702802402,247.77702802401836
12,3,0,14896,13400.054001524513,1495.9459984754867
12,3,1,13967,13167.796010274424,799.2039897255763
12,3,2,13554,13385.270921685053,168.7290783149474
12,3,3,13221,13119.979040189246,101.020959810754
12,3,4,13109,13291.396037073933,182.39603707393326
12,3,5,13290,13666.67731374608,376.6773137460805
12,3,6,13812,13985.441661733046,173.4416617330462
12,3,7,15265,14201.105312811243,1063.8946871887565
12,3,8,16671,15138.700632290955,1532.2993677090453
12,3,9,16861,15306.31758605269,1554.6824139473101
12,3,10,16686,15402.786351651244,1283.2136483487557
12,3,11,16468,15487.466141394047,980.5338586059534
12,3,12,16379,15902.566198162887,476.4338018371127
12,3,13,16144,15992.206558566084,151.7934414339161
12,3,14,16217,16378.61858961283,161.61858961282996
12,3,15,16304,16169.343765119063,134.6562348809366
12,3,16,16688,16768.689495582174,80.68949558217355
12,3,17,17735,16953.2393030567,781.7606969433
12,3,18,18783,15889.707659808477,2893.292340191523
12,3,19,18582,16172.262723240812,2409.737276759188
12,3,20,18356,16194.124669513001,2161.875330486999
12,3,21,17907,16134.171482148193,1772.8285178518072
12,3,23,15881,16134.089842258985,253.0898422589853
12,4,0,14819,12711.477280712536,2107.5227192874645
12,4,1,13725,12834.394061565068,890.6059384349319
12,4,2,13137,13037.128361600897,99.87163839910318
12,4,3,12845,13182.564168019017,337.5641680190165
12,4,4,12729,13229.08318576519,500.08318576519014
12,4,5,12904,13415.727993087825,511.72799308782487
12,4,7,14993,13739.466366245255,1253.533633754745
12,4,8,16467,15273.661736258116,1193.3382637418836
12,4,9,17082,15662.01419546193,1419.9858045380697
12,4,10,17005,18544.790684220767,1539.7906842207667
12,4,11,16963,15867.75871815245,1095.2412818475495
12,4,12,16827,16033.651541914865,793.3484580851346
12,4,13,16836,15967.712591342684,868.2874086573156
12,4,14,16734,16100.08139489372,633.9186051062807
12,4,15,16713,16188.611320216734,524.3886797832656
12,4,16,16988,17271.134817760663,283.1348177606633
12,4,17,17616,20669.308868073025,3053.308868073025
12,4,18,18276,15898.976553351153,2377.0234466488473
12,4,19,18071,15676.054187782367,2394.945812217633
12,4,20,17620,15996.727914590885,1623.2720854091149
12,4,21,17308,16333.350177821387,974.6498221786132
12,4,22,16676,16353.124007111986,322.87599288801357
12,4,23,15758,16560.766667236676,802.7666672366759
12,5,0,14537,12574.906318714058,1962.0936812859418
12,5,1,13505,12853.875586064312,651.1244139356877
12,5,2,12949,12835.582942065048,113.41705793495203
12,5,3,12705,12810.884084934072,105.88408493407223
12,5,4,12599,12422.931439176167,176.06856082383274
12,5,5,12548,12381.884826608337,166.11517339166312
12,5,6,12828,12823.108617152833,4.891382847166824
12,5,7,13429,13344.044100065072,84.95589993492831
12,5,8,14299,13780.756047032093,518.2439529679068
12,5,9,14970,15524.426987617398,554.4269876173985
12,5,10,15415,15609.10119361427,194.1011936142695
12,5,11,15427,14511.000287618954,915.9997123810463
12,5,12,15367,14415.69267661705,951.3073233829491
12,5,13,15094,14649.566900924432,444.43309907556795
12,5,14,14697,14842.953192475848,145.95319247584848
12,5,15,14696,14807.857938043233,111.85793804323293
12,5,16,14972,15969.894770989744,997.8947709897438
12,5,17,15804,16191.28407550867,387.28407550867087
12,5,18,17021,21539.375827843138,4518.375827843138
12,5,19,16935,15669.668088248949,1265.331911751051
12,5,20,16553,15418.512097685538,1134.4879023144622
12,5,21,16199,15388.186941250051,810.813058749949
12,5,22,15728,15599.84270287298,128.15729712701977
12,5,23,14944,15939.689008206502,995.689008206502
12,6,0,13965,12286.387295942928,1678.6127040570718
12,6,1,13207,12375.275435198235,831.7245648017652
12,6,2,12676,12736.216869111378,60.2168691113784
12,6,3,12380,12702.907419635048,322.9074196350484
12,6,4,12309,12692.75448658772,383.75448658772075
12,6,5,12363,12944.538008314184,581.5380083141845
12,6,6,12496,13040.406850698793,544.4068506987933
12,6,7,12862,13440.587860821825,578.5878608218245
12,6,8,13421,13633.876727028393,212.87672702839336
12,6,9,14055,13757.413126187079,297.5868738129211
12,6,10,14753,14281.785502906534,471.214497093466
12,6,11,14921,14655.011512420115,265.98848757988526
12,6,12,14843,13998.973970384131,844.0260296158685
12,6,13,14816,14268.11644508118,547.8835549188207
12,6,14,14551,14250.506724090252,300.49327590974826
12,6,15,14500,14472.290685191081,27.70931480891886
12,6,16,14778,14772.021646169467,5.978353830532797
12,6,17,15985,15244.386612744243,740.6133872557566
12,6,18,17547,15877.457533931265,1669.542466068735
12,6,19,17508,15830.65618507083,1677.3438149291705
12,6,20,17030,15853.550580152027,1176.4494198479733
12,6,21,16686,15857.786911012186,828.2130889878135
12,6,22,16123,16673.00069443243,550.0006944324305
12,6,23,15282,16440.364172057736,1158.3641720577361
12,7,0,14204,13678.942128981495,525.0578710185055
12,7,1,13519,14039.27795917092,520.2779591709204
12,7,2,13106,14221.955452472448,1115.955452472448
12,7,3,12854,14065.645364628695,1211.6453646286955
12,7,4,12784,14132.109750436384,1348.1097504363843
12,7,5,12955,14596.621197335375,1641.6211973353747
12,7,6,13733,14527.196551195273,794.1965511952731
12,7,7,15137,14931.820271826511,205.1797281734889
12,7,8,16627,17309.72988164783,682.7298816478287
12,7,9,17142,17983.615572905794,841.6155729057937
12,7,10,16911,19262.758369113035,2351.758369113035
12,7,11,17140,18838.37601560124,1698.3760156012395
12,7,12,17226,17404.798948616997,178.79894861699722
12,7,13,17015,16653.513148514496,361.4868514855043
12,7,14,16935,16693.077392925403,241.92260707459718
12,7,15,16833,16911.67472517997,78.67472517997157
12,7,16,17187,17097.423385000195,89.57661499980532
12,7,17,18152,17326.192764793937,825.8072352060626
12,7,18,19064,16694.426972663754,2369.573027336246
12,7,19,18788,16569.0330594513,2218.9669405487
12,7,20,18512,16646.742899453588,1865.2571005464124
12,7,21,18216,17039.71593655348,1176.284063446521
12,7,22,17535,17083.35329000807,451.6467099919282
12,7,23,16325,17134.855764170065,809.8557641700645
12,8,0,14939,14115.495210934027,823.5047890659735
12,8,1,13985,13996.664995610934,11.664995610934056
12,8,2,13459,14096.374315736577,637.374315736577
12,8,3,13290,14186.971621702272,896.9716217022724
12,8,4,13084,14313.041620748185,1229.0416207481849
12,8,5,13191,14383.210586215258,1192.2105862152584
12,8,6,13795,14094.692960235156,299.6929602351556
12,8,7,15193,14404.30874647484,788.6912535251595
12,8,8,16653,17458.83400780398,805.8340078039801
12,8,9,16931,17067.89681552365,136.89681552365073
12,8,10,16844,16623.993668692317,220.00633130768256
12,8,11,16871,15945.333802274796,925.6661977252043
12,8,12,16721,16040.799225248787,680.2007747512125
12,8,13,16498,16332.841569184935,165.158430815065
12,8,14,16589,16557.59668012109,31.403319878911134
12,8,15,16710,16790.476190983616,80.4761909836161
12,8,16,17191,18227.30696353043,1036.306963530431
12,8,17,18276,18234.67068587694,41.32931412306061
12,8,18,18970,16020.714955740452,2949.285044259548
12,8,19,18781,17856.816779826313,924.183220173687
12,8,20,18469,16520.340007472267,1948.6599925277333
12,8,21,18009,16522.53668414758,1486.4633158524193
12,8,22,17336,16631.468167685718,704.5318323142819
12,8,23,16157,16596.65248166282,439.6524816628189
12,9,0,14751,13186.288795586315,1564.7112044136848
12,9,1,13817,12930.050766783517,886.9492332164828
12,9,2,13182,13103.13522923927,78.86477076073061
12,9,3,12814,13203.509515193027,389.50951519302726
12,9,4,12628,13321.182198937327,693.1821989373275
12,9,5,12785,13580.645741515089,795.645741515089
12,9,6,13504,13716.540615465889,212.54061546588855
12,9,7,14913,13800.34699501969,1112.6530049803096
12,9,8,16296,15026.705499627897,1269.2945003721034
12,9,9,16372,15412.683311235587,959.3166887644129
12,9,10,16055,15847.516334494674,207.48366550532592
12,9,11,15682,15714.608049603952,32.60804960395217
12,9,12,15494,16003.189206801486,509.18920680148585
12,9,13,15312,16233.901009479077,921.9010094790774
12,9,14,15643,16145.529169721674,502.5291697216744
12,9,15,15894,16237.962303561128,343.96230356112756
12,9,16,16353,16703.45307658179,350.4530765817908
12,9,17,17514,17399.163686215325,114.83631378467544
12,9,18,18257,16332.26629102291,1924.73370897709
12,9,19,17972,16337.477530283773,1634.5224697162266
12,9,20,17899,16472.48351573393,1426.5164842660706
12,9,21,17541,16227.558584653896,1313.441415346104
12,9,22,16875,16205.99820902612,669.0017909738799
12,9,23,15577,16050.387969977444,473.3879699774443
12,10,0,14205,12640.332328341741,1564.6676716582588
12,10,1,13337,12441.96963369866,895.0303663013401
12,10,2,12916,12548.880366881102,367.1196331188985
12,10,4,12516,12994.38476204906,478.38476204905965
12,10,5,12539,13356.544208920217,817.544208920217
12,10,6,12917,12812.646673478095,104.35332652190482
12,10,7,14301,13307.450469730362,993.5495302696381
12,10,8,16174,14818.454910689603,1355.545089310397
12,10,9,16244,15001.992933532001,1242.0070664679988
12,10,10,15995,15332.534112860938,662.465887139062
12,10,11,15967,15487.464338486992,479.53566151300765
12,10,16,16204,16077.443299808549,126.55670019145145
12,10,17,17059,16066.722499580063,992.2775004199375
12,10,18,17906,15773.620118014696,2132.3798819853037
12,10,19,17736,15764.29735258844,1971.7026474115592
12,10,20,17614,15791.547830378113,1822.4521696218872
12,10,21,17305,15869.594346756761,1435.4056532432387
12,10,22,16468,15942.220028789796,525.7799712102042
12,10,23,15261,16154.967841201516,893.9678412015164
12,11,0,13881,12707.679673354336,1173.320326645664
12,11,1,12837,12899.695841098131,62.695841098131496
12,11,2,12205,13224.352009495971,1019.3520094959713
12,11,3,11940,13351.385441712378,1411.3854417123785
12,11,4,11868,13945.987265915652,2077.9872659156517
12,11,5,11960,13410.251601357499,1450.2516013574987
12,11,7,14172,14139.724522445962,32.275477554037934
12,11,8,15734,15212.03626360532,521.9637363946804
12,11,9,15804,15446.008512832397,357.9914871676028
12,11,10,15333,15558.614480585655,225.61448058565475
12,11,11,15024,15625.27919360677,601.2791936067697
12,11,12,15126,15986.538442926234,860.538442926234
12,11,13,15146,15677.149722640956,531.1497226409556
12,11,14,15316,15940.504639883357,624.5046398833565
12,11,15,15598,16024.356253467346,426.3562534673456
12,11,16,15912,16136.77709723014,224.7770972301405
12,11,17,16727,16232.45645992721,494.54354007278926
12,11,18,17713,15778.25646826745,1934.7435317325508
12,11,19,17550,15953.81588374652,1596.1841162534802
12,11,20,17325,16156.966001140967,1168.033998859033
12,11,21,17051,16422.245205730043,628.7547942699566
12,11,22,16474,16565.171125211098,91.17112521109811
12,11,23,15513,16466.21582910838,953.2158291083797
12,12,0,14333,12270.356158310331,2062.643841689669
12,12,1,13352,11998.631321963237,1353.3686780367625
12,12,2,12695,12378.409427469323,316.5905725306766
12,12,3,12336,12097.549629610588,238.45037038941155
12,12,4,12173,12037.452157332673,135.54784266732713
12,12,5,12137,12211.135510383441,74.13551038344121
12,12,6,12350,12221.298027917672,128.7019720823282
12,12,7,13029,12285.45721260403,743.5427873959707
12,12,8,13965,12609.898488456734,1355.1015115432656
12,12,9,14707,12974.842238120953,1732.157761879047
12,12,10,15245,13441.312677359077,1803.6873226409225
12,12,11,15479,15335.227037185112,143.77296281488816
12,12,12,15620,15421.713196256764,198.2868037432363
12,12,13,15545,15124.963814044864,420.0361859551358
12,12,14,15519,14708.267475930006,810.7325240699938
12,12,15,15655,14666.399820377183,988.6001796228174
12,12,16,15848,14736.114896573641,1111.885103426359
12,12,17,16570,14927.941527747183,1642.0584722528165
12,12,18,17229,15272.763219444689,1956.2367805553113
12,12,19,16809,15396.006561265604,1412.9934387343965
12,12,20,16396,15303.522701125408,1092.4772988745917
12,12,21,15937,15684.686144012048,252.31385598795168
12,12,22,15493,16088.489949438746,595.4899494387464
12,12,23,14713,16268.235467630866,1555.235467630866
12,13,0,13713,12274.930474237586,1438.0695257624138
12,13,1,12798,12337.151669442246,460.8483305577538
12,13,2,12300,12495.611499499115,195.61149949911487
12,13,3,11964,12852.280648531414,888.280648531414
12,13,4,11743,13016.298307673886,1273.2983076738856
12,13,5,11723,13181.976559758074,1458.9765597580736
12,13,6,11910,13244.363966383396,1334.3639663833965
12,13,7,12313,13378.789852169633,1065.7898521696334
12,13,8,13110,13638.17729627034,528.1772962703399
12,13,9,13755,13822.487555616626,67.4875556166262
12,13,10,14367,14394.88342259174,27.883422591739873
12,13,11,14926,14521.023342765846,404.9766572341541
12,13,12,15114,14766.229000782356,347.7709992176442
12,13,13,15301,14618.314961250451,682.6850387495488
12,13,14,15351,14768.562353300576,582.4376466994236
12,13,15,15559,15057.026441654176,501.97355834582413
12,13,16,15886,15259.942333721716,626.0576662782842
12,13,17,16925,15410.980107891222,1514.0198921087776
12,13,19,17107,15516.91867389509,1590.0813261049097
12,13,20,16709,15580.269005210257,1128.730994789743
12,13,21,16324,15461.223947298187,862.7760527018127
12,13,22,15834,15516.453860344936,317.5461396550636
12,13,23,14780,15769.121756699717,989.1217566997166
12,14,0,13829,13135.34693259113,693.6530674088699
12,14,1,12937,13099.32168371935,162.3216837193504
12,14,2,12352,13175.12175411217,823.1217541121696
12,14,3,12162,13278.964065466653,1116.9640654666528
12,14,4,12071,13283.04476131936,1212.0447613193592
12,14,5,12203,13389.189117461348,1186.1891174613484
12,14,6,12992,13228.38453530888,236.38453530888
12,14,7,14348,13519.96261554115,828.0373844588503
12,14,8,15900,14689.887560166255,1210.1124398337452
12,14,9,16272,14945.335532953553,1326.6644670464466
12,14,10,16138,15550.50571157799,587.4942884220109
12,14,11,16249,16755.923795913124,506.9237959131242
12,14,12,16329,17330.2834502876,1001.2834502875994
12,14,13,16302,17308.491517589722,1006.4915175897222
12,14,14,16195,17268.699529648882,1073.6995296488822
12,14,15,16285,16398.5886595869,113.58865958690149
12,14,16,16399,16835.779299018726,436.7792990187263
12,14,17,17517,17361.318790983896,155.68120901610382
12,14,18,18335,16988.810832932762,1346.1891670672376
12,14,19,17942,17342.795882855975,599.2041171440251
12,14,20,17635,17032.523003156202,602.4769968437977
12,14,21,17420,16955.364250455837,464.63574954416254
12,14,22,16661,17008.92634049093,347.92634049092885
12,14,23,15436,16526.305870976277,1090.3058709762772
12,15,0,14022,12840.612954879805,1181.3870451201947
12,15,1,13128,13032.096760232484,95.90323976751642
12,15,2,12603,13323.375309503426,720.3753095034263
12,15,3,12257,13497.536323419798,1240.5363234197976
12,15,4,12107,13485.003248061643,1378.0032480616428
12,15,5,12199,13433.089896877578,1234.0898968775782
12,15,6,12939,13515.91420529403,576.9142052940297
12,15,7,14428,14005.125880571952,422.8741194280483
12,15,8,16012,15269.727353201557,742.272646798443
12,15,9,16275,15471.003889088039,803.9961109119613
12,15,10,16251,15403.036809577885,847.9631904221151
12,15,11,16344,15416.230578699884,927.7694213001159
12,15,12,16483,15853.919295016487,629.080704983513
12,15,13,16425,16419.20859686472,5.7914031352811435
12,15,14,16591,16756.59459307442,165.59459307442012
12,15,15,16754,16923.188639895867,169.1886398958668
12,15,16,16851,17099.55882205595,248.55882205595117
12,15,17,17875,17324.359747392256,550.6402526077436
12,15,18,18909,17331.466968853798,1577.5330311462021
12,15,19,18862,16710.483021556563,2151.5169784434365
12,15,20,18544,17788.68276039383,755.3172396061709
12,15,21,18283,17652.406719258623,630.5932807413774
12,15,22,17585,17372.21058034202,212.78941965798003
12,15,23,16464,18017.551971835608,1553.5519718356081
12,16,0,15069,14994.231788791561,74.76821120843852
12,16,1,14041,13370.641355489413,670.3586445105866
12,16,2,13629,13616.469930047517,12.530069952483245
12,16,3,13359,13578.33928355465,219.33928355464923
12,16,4,13335,13701.99962043254,366.9996204325398
12,16,5,13439,13935.0298604272,496.0298604271993
12,16,6,14069,13914.516081391645,154.48391860835545
12,16,7,15459,15196.103609499352,262.8963905006476
12,16,8,16749,19854.949580634864,3105.949580634864
12,16,9,16932,21486.96784816238,4554.967848162381
12,16,10,16795,17387.456232019504,592.4562320195037
12,16,11,17208,16290.62403194058,917.3759680594194
12,16,12,17230,16127.050321206558,1102.9496787934422
12,16,13,17149,16026.849453468738,1122.150546531262
12,16,14,17288,16292.618412726824,995.3815872731757
12,16,15,17278,16379.620678027826,898.3793219721738
12,16,16,17266,16646.1433802309,619.8566197690998
12,16,17,18037,16744.37523030585,1292.62476969415
12,16,18,18901,15765.579023352195,3135.420976647805
12,16,19,18627,16026.269934954573,2600.730065045427
12,16,20,18567,16359.6952009046,2207.3047990954
12,16,21,18130,16395.670769731965,1734.3292302680347
12,16,22,17484,16915.47097506794,568.5290249320606
12,16,23,16170,16948.030368772324,778.0303687723244
12,17,0,14874,13255.119725563596,1618.8802744364039
12,17,1,13679,13206.538204326329,472.4617956736711
12,17,2,13171,13215.358406017527,44.35840601752716
12,17,3,12826,13608.147274201381,782.1472742013812
12,17,4,12830,13717.68008336576,887.6800833657599
12,17,5,12745,13794.172676332739,1049.1726763327388
12,17,6,13352,13864.22301415901,512.2230141590098
12,17,7,14769,14338.542088937587,430.4579110624127
12,17,8,16395,15859.634931181452,535.365068818548
12,17,9,16694,16062.777078391706,631.2229216082942
12,17,10,16679,16441.04812608268,237.9518739173218
12,17,11,16531,16455.76816078187,75.23183921812961
12,17,12,16366,16324.485906977834,41.51409302216598
12,17,13,16240,16180.49197294566,59.508027054340346
12,17,14,16209,16375.440626041624,166.44062604162355
12,17,15,16284,16370.978733973461,86.9787339734612
12,17,16,16514,16387.64589191139,126.35410808860979
12,17,17,17484,16595.401990488284,888.5980095117156
12,17,18,18500,15741.055943850819,2758.944056149181
12,17,19,18424,15984.120930315088,2439.879069684912
12,17,20,18235,16143.358393863105,2091.6416061368946
12,17,21,17742,16313.904793431448,1428.0952065685524
12,17,22,17280,16679.81996252595,600.1800374740487
12,17,23,16279,16696.45184766574,417.4518476657395
12,18,0,14845,13129.454239402507,1715.5457605974934
12,18,1,13806,12969.31037370293,836.6896262970695
12,18,2,13225,13061.229281684202,163.77071831579815
12,18,3,12957,13198.113971646459,241.1139716464586
12,18,4,13036,13459.30433803834,423.3043380383406
12,18,5,13266,13381.569708636038,115.56970863603783
12,18,6,13883,13572.386629538196,310.61337046180415
12,18,7,15185,14052.99957798103,1132.0004220189694
12,18,8,16677,15197.324906443353,1479.675093556647
12,18,9,17142,15382.552296182996,1759.4477038170044
12,18,10,16993,15590.847645086591,1402.152354913409
12,18,11,16868,15787.508599025929,1080.4914009740714
12,18,12,16817,15653.047951847264,1163.952048152736
12,18,13,16573,15805.96702203425,767.0329779657495
12,18,14,16463,15914.980149777508,548.0198502224921
12,18,15,16619,15994.683238656346,624.3167613436544
12,18,16,16725,16282.032136740656,442.9678632593441
12,18,17,17645,16672.78509274723,972.2149072527718
12,18,18,18550,16244.966553249224,2305.0334467507764
12,18,19,18395,16028.348917390214,2366.6510826097856
12,18,20,18109,16028.725731756227,2080.274268243773
12,18,21,17753,16093.48142527967,1659.5185747203304
12,18,22,17256,15830.851861232482,1425.1481387675176
12,18,23,16089,15899.956970152658,189.04302984734204
12,19,0,14857,12177.026945028649,2679.9730549713513
12,19,1,13967,12170.225402544682,1796.7745974553181
12,19,2,13460,12287.709102464272,1172.2908975357277
12,19,3,13151,12351.486204636694,799.5137953633057
12,19,4,12997,12843.709045689726,153.29095431027417
12,19,5,13022,12885.162089049973,136.83791095002744
12,19,6,13425,13138.376148686923,286.62385131307747
12,19,7,13984,13388.50532137918,595.4946786208202
12,19,8,14914,13425.221214635932,1488.7787853640675
12,19,9,15684,13968.312623323109,1715.6873766768913
12,19,10,15985,13895.208605170536,2089.7913948294645
12,19,11,16220,13850.832174914296,2369.167825085704
12,19,12,16335,14306.714418274838,2028.285581725162
12,19,13,16402,14256.797394962156,2145.2026050378445
12,19,14,16453,14679.157615172226,1773.8423848277744
12,19,15,16483,14328.985520259721,2154.014479740279
12,19,16,16472,14371.625125047789,2100.374874952211
12,19,17,17407,14885.55154380967,2521.44845619033
12,19,18,18231,15245.66476347491,2985.3352365250903
12,19,19,17887,15429.397560954949,2457.602439045051
12,19,20,17477,15451.809006419659,2025.1909935803415
12,19,21,16974,15406.003084974378,1567.996915025622
12,19,22,16529,15594.868490062167,934.1315099378335
12,19,23,15708,15921.195901495263,213.19590149526266
12,20,0,14844,12523.706717242116,2320.2932827578843
12,20,1,14021,12535.030597699715,1485.9694023002849
12,20,2,13531,12907.898320565222,623.1016794347779
12,20,3,13263,13104.525868499086,158.47413150091415
12,20,4,13157,12974.560226133708,182.43977386629194
12,20,5,13089,13014.32015225874,74.67984774125944
12,20,6,13217,13250.954320597146,33.95432059714585
12,20,7,13629,13671.1137903456,42.11379034560014
12,20,8,14235,13652.40973259657,582.5902674034296
12,20,9,14746,14213.070397180329,532.9296028196713
12,20,10,14967,14483.386669000825,483.61333099917465
12,20,11,14891,14135.744788691341,755.2552113086585
12,20,12,14775,14160.307625679234,614.6923743207662
12,20,13,14984,14595.82238068962,388.17761931037967
12,20,14,15064,14733.827354858735,330.1726451412651
12,20,15,15179,14376.447538949213,802.5524610507873
12,20,16,15618,14494.014074898685,1123.985925101315
12,20,17,16453,14788.630944226974,1664.369055773026
12,20,18,17815,15432.595775337286,2382.404224662714
12,20,19,17605,15316.551855303822,2288.448144696178
12,20,20,17249,15555.971571553988,1693.0284284460122
12,20,21,16861,16120.938560489947,740.0614395100529
12,20,22,16302,16303.188966291149,1.1889662911489722
12,20,23,15300,16398.458036999407,1098.4580369994073
12,21,0,14273,13594.339278379844,678.6607216201555
12,21,1,13422,13762.742019234443,340.74201923444343
12,21,2,12964,14001.52275863178,1037.5227586317797
12,21,3,12717,14040.223561296658,1323.2235612966579
12,21,4,12646,14064.531737987845,1418.5317379878452
12,21,5,12721,14715.303562496314,1994.303562496314
12,21,6,13544,15066.559235057219,1522.5592350572188
12,21,7,14609,15053.427043390191,444.4270433901911
12,21,8,15702,15913.632799274601,211.63279927460098
12,21,9,16341,16170.297788560443,170.70221143955678
12,21,10,16708,16423.381607924886,284.61839207511366
12,21,11,17026,17231.26467837048,205.2646783704804
12,21,12,17243,17028.74268042378,214.25731957621974
12,21,13,17036,17000.779684059118,35.22031594088185
12,21,14,17079,16892.663585779745,186.3364142202554
12,21,15,17013,17231.398733839706,218.39873383970553
12,21,16,17167,17362.129496820868,195.12949682086764
12,21,17,17790,17575.44886641364,214.55113358635936
12,21,18,18527,16945.859078316134,1581.1409216838656
12,21,19,18234,17125.7434796103,1108.2565203896993
12,21,20,17984,17370.92080222183,613.07919777817
12,21,21,17597,17488.81930446677,108.18069553322857
12,21,22,16962,18361.455534818582,1399.4555348185822
12,21,23,15750,17479.12305176976,1729.1230517697586
12,22,0,14530,13919.502351673062,610.4976483269384
12,22,1,13565,13975.468519745826,410.4685197458257
12,22,2,12961,13987.120321176779,1026.1203211767788
12,22,3,12649,14012.58114103664,1363.5811410366405
12,22,4,12557,14000.698756059308,1443.698756059308
12,22,5,12612,14309.625977591037,1697.6259775910366
12,22,6,13192,14423.486070790552,1231.4860707905518
12,22,7,14230,15294.116929877046,1064.1169298770455
12,22,8,15595,18089.80326881897,2494.8032688189705
12,22,9,16179,19339.94982523376,3160.9498252337617
12,22,10,16498,21171.342851110905,4673.342851110905
12,22,11,16716,16967.39993910418,251.3999391041798
12,22,12,16703,16643.482830648678,59.51716935132208
12,22,13,16708,16665.66313650074,42.33686349925847
12,22,14,16504,17285.754617730025,781.7546177300246
12,22,15,16328,17613.99612225796,1285.9961222579586
12,22,16,16249,17710.388782932263,1461.388782932263
12,22,17,17248,17474.449579541317,226.44957954131678
12,22,18,17991,16699.528538705934,1291.471461294066
12,22,19,17844,16716.920500259515,1127.0794997404846
12,22,20,17689,16440.796245559144,1248.2037544408558
12,22,21,17438,16551.023334187117,886.9766658128829
12,22,22,16922,17068.697871144643,146.6978711446427
12,22,23,15839,16911.806958484674,1072.8069584846744
12,23,0,14620,13420.302737383568,1199.6972626164315
12,23,1,13591,13054.342114085428,536.657885914572
12,23,10,15919,15301.049745712191,617.950254287809
12,23,12,15998,15657.779987413682,340.22001258631826
12,23,13,15851,16462.017728226416,611.0177282264158
12,23,14,15709,16025.029620146544,316.0296201465444
12,23,15,15631,16791.581039570778,1160.5810395707776
12,23,16,15635,16713.969371196694,1078.9693711966938
12,23,17,16401,16700.70514805204,299.70514805203857
12,23,18,17366,16235.760391043199,1130.239608956801
12,23,19,17205,16147.1339420991,1057.8660579008992
12,23,20,17010,16353.731295582294,656.2687044177055
12,23,21,16753,16419.384954203146,333.61504579685425
12,23,22,16086,16371.63907989886,285.63907989885956
12,23,23,14825,16461.842841449346,1636.8428414493465
12,24,1,12402,13235.67141071104,833.6714107110402
12,24,2,11739,13264.248024526403,1525.2480245264032
12,24,3,11307,13427.209886056886,2120.209886056886
12,24,4,11215,13392.90055841333,2177.90055841333
12,24,5,11178,13500.329235224786,2322.3292352247863
12,24,6,11522,13914.643029031402,2392.643029031402
12,24,7,12098,14144.015135117585,2046.0151351175846
12,24,8,13001,14749.707634938963,1748.7076349389627
12,24,9,13486,14926.416925238385,1440.4169252383854
12,24,10,13615,14662.389607818324,1047.3896078183243
12,24,11,13366,15401.09448890572,2035.0944889057191
12,24,12,13102,15390.959577489604,2288.9595774896043
12,24,13,12838,15712.977455229126,2874.9774552291256
12,24,14,12689,15830.01565676234,3141.01565676234
12,24,15,12896,15669.739574456276,2773.7395744562764
12,24,16,13453,15812.95696497219,2359.9569649721907
12,24,17,14432,16718.656381038953,2286.6563810389525
12,24,18,15805,16160.447419629718,355.44741962971784
12,24,19,15345,15971.033171552916,626.0331715529155
12,24,20,14828,16121.95956075436,1293.9595607543597
12,24,21,14530,16062.162292689829,1532.162292689829
12,24,22,14151,16775.103072124395,2624.103072124395
12,24,23,13547,16452.724896731263,2905.7248967312626
12,25,0,12800,12329.44909719544,470.5509028045599
12,25,1,12083,12411.433235449893,328.4332354498929
12,25,2,11425,12561.481117185453,1136.4811171854526
12,25,3,11041,12437.84442089637,1396.8444208963701
12,25,4,10811,12662.507939689442,1851.5079396894416
12,25,5,10831,12795.351717037214,1964.3517170372143
12,25,6,11062,12854.694898635598,1792.6948986355983
12,25,7,11528,13010.305799647289,1482.305799647289
12,25,8,12175,13548.49495509689,1373.4949550968904
12,25,9,12922,13373.555632094067,451.5556320940668
12,25,10,13390,13623.108609131572,233.10860913157194
12,25,11,13430,13563.845511288935,133.84551128893509
12,25,12,13337,13853.41179404925,516.4117940492506
12,25,13,13184,14125.962735017403,941.9627350174032
12,25,14,13124,14420.273583343464,1296.2735833434635
12,25,16,13382,15134.250798070463,1752.2507980704631
12,25,17,14075,14555.012127309126,480.0121273091263
12,25,18,14855,14721.630547797464,133.3694522025362
12,25,19,14393,14815.845631166583,422.8456311665832
12,25,20,14040,15170.725510617478,1130.725510617478
12,25,21,13987,15422.56398202213,1435.5639820221295
12,25,22,13816,15362.533015274152,1546.5330152741517
12,25,23,13322,15296.804355990877,1974.8043559908765
12,26,0,12530,10842.17153696161,1687.8284630383896
12,26,1,11952,10694.65706440615,1257.3429355938497
12,26,2,11337,11053.920705426395,283.0792945736048
12,26,3,11046,11165.042771720406,119.04277172040565
12,26,4,10951,11380.834943711587,429.8349437115867
12,26,5,10957,11293.989032437246,336.98903243724635
12,26,6,11188,11555.681838557937,367.6818385579372
12,26,7,11705,12084.505896940018,379.5058969400179
12,26,8,12401,12293.064380751917,107.93561924808273
12,26,10,13071,12640.872784751604,430.12721524839617
12,26,11,13060,13038.469077107802,21.53092289219785
12,26,12,13244,13210.619414607558,33.3805853924423
12,26,13,13398,13489.471898667402,91.47189866740155
12,26,14,13727,13858.338092752081,131.33809275208114
12,26,15,14053,14055.343254043235,2.3432540432349924
12,26,16,14299,14421.293347776726,122.29334777672557
12,26,17,15077,14839.478331964343,237.52166803565706
12,26,18,15958,15167.60932022296,790.3906797770396
12,26,19,15547,15221.262187866094,325.7378121339061
12,26,20,15337,15741.255884236136,404.2558842361359
12,26,21,15552,18156.942305862285,2604.942305862285
12,26,22,15166,19471.763925066425,4305.763925066425
12,26,23,14483,16046.07047443359,1563.0704744335908
12,27,0,13504,14025.33667145459,521.33667145459
12,27,1,12669,13439.824071481564,770.8240714815638
12,27,2,12303,13543.456738820703,1240.4567388207033
12,27,3,12030,13589.710746774945,1559.7107467749447
12,27,4,11823,13505.734499085835,1682.7344990858346
12,27,5,11880,13400.909137970715,1520.9091379707152
12,27,6,11825,13499.24972451349,1674.2497245134891
12,27,7,12099,13601.086325882236,1502.0863258822355
12,27,8,12687,13700.346055864775,1013.3460558647748
12,27,9,13134,14134.833725928762,1000.8337259287619
12,27,10,13911,14376.845804077177,465.8458040771766
12,27,11,14502,14718.091852903988,216.09185290398818
12,27,12,14862,14799.441637915932,62.558362084067994
12,27,13,14925,14935.318434144086,10.318434144086496
12,27,14,14868,14829.862183506615,38.13781649338489
12,27,15,14685,14949.435339297383,264.4353392973826
12,27,16,14684,14966.325034397501,282.32503439750144
12,27,17,15521,15352.12085559276,168.87914440723944
12,27,18,16533,15795.993710611247,737.0062893887534
12,27,19,16345,16019.15998000036,325.8400199996395
12,27,20,16176,15817.238618042049,358.761381957951
12,27,21,15800,16099.418543580097,299.4185435800973
12,27,22,15299,16237.733769847704,938.733769847704
12,27,23,14798,16515.217608588857,1717.2176085888568
12,28,0,13930,13850.492958722953,79.50704127704739
12,28,1,13158,13667.245665069842,509.2456650698423
12,28,2,12656,13990.31521525679,1334.315215256791
12,28,3,12380,14099.839244818178,1719.8392448181785
12,28,4,12357,14205.653642722087,1848.6536427220872
12,28,5,12438,14579.387937275042,2141.3879372750416
12,28,6,12802,14547.604685013455,1745.6046850134553
12,28,7,13520,14701.877440107599,1181.8774401075989
12,28,8,14279,15916.35110608362,1637.3511060836208
12,28,9,14668,16004.321136637462,1336.3211366374617
12,28,10,15169,16104.682881227056,935.682881227056
12,28,11,15603,16570.44117075557,967.44117075557
12,28,12,15876,16668.12519666206,792.1251966620584
12,28,13,15920,16919.48322211451,999.4832221145116
12,28,14,16024,16776.58064439778,752.5806443977817
12,28,15,16225,17023.658289704475,798.6582897044755
12,28,16,16470,17262.52107177021,792.5210717702103
12,28,17,17404,17860.091994121376,456.09199412137605
12,28,18,18412,17014.647630781736,1397.3523692182644
12,28,19,18258,17109.567023209915,1148.4329767900854
12,28,20,18066,17332.93684391011,733.063156089891
12,28,21,17787,17406.087246402636,380.9127535973639
12,28,22,17069,17861.08134837317,792.081348373169
12,28,23,16004,17588.559263065,1584.559263064999
12,29,0,14968,14333.109187324411,634.8908126755887
12,29,1,14177,14408.138773397874,231.1387733978736
12,29,2,13709,14617.627912216652,908.6279122166525
12,29,3,13343,15008.183690732096,1665.1836907320958
12,29,4,13207,15233.318999071555,2026.3189990715546
12,29,5,13337,15444.839982637555,2107.8399826375553
12,29,6,13729,15798.093288522567,2069.0932885225666
12,29,7,14376,15784.366503521636,1408.3665035216363
12,29,8,15220,17025.46283849137,1805.4628384913703
12,29,9,15769,16991.190421263676,1222.1904212636764
12,29,10,16203,17214.30574175318,1011.3057417531818
12,29,12,16562,17459.687834202454,897.6878342024538
12,29,13,16418,17628.68739728914,1210.6873972891408
12,29,14,16384,17758.88847542177,1374.8884754217688
12,29,15,16351,17932.954177428193,1581.9541774281934
12,29,16,16447,18043.201211064217,1596.2012110642172
12,29,17,17022,18158.722017679094,1136.7220176790943
12,29,18,18079,17271.28205766058,807.7179423394191
12,29,19,17924,17471.440443619245,452.55955638075466
12,29,20,17656,17466.755043141166,189.24495685883448
12,29,21,17275,17506.089347227346,231.08934722734557
12,29,22,16596,17648.495064199586,1052.4950641995856
12,29,23,15545,17580.164051792042,2035.1640517920423
12,30,0,14645,14629.959922724547,15.040077275452859
12,30,1,13749,14384.864861621438,635.8648616214377
12,30,2,13161,14238.063679411815,1077.0636794118145
12,30,3,12932,14217.216861227806,1285.2168612278056
12,30,4,12902,14321.272996196558,1419.2729961965579
12,30,5,12964,14616.199706745894,1652.1997067458942
12,30,6,13364,14953.680885946456,1589.6808859464563
12,30,7,14213,15043.740033744389,830.7400337443887
12,30,8,15237,15884.903255214394,647.9032552143944
12,30,9,15716,16332.475062091984,616.475062091984
12,30,10,16157,17579.285205587425,1422.2852055874246
12,30,11,16360,16659.474925406917,299.47492540691746
12,30,12,16457,16866.94761581107,409.94761581107014
12,30,13,16346,17244.09188081423,898.0918808142305
12,30,14,16322,17460.75417137214,1138.7541713721403
12,30,15,16406,17542.1711059996,1136.1711059996014
12,30,16,16589,17814.70128418934,1225.701284189341
12,30,17,17370,17950.5950643158,580.5950643157994
12,30,18,18182,17207.34956270247,974.6504372975287
12,30,19,17878,17148.999433933786,729.0005660662137
12,30,20,17579,17350.01859279166,228.98140720833908
12,30,21,17243,17209.306045455898,33.69395454410187
12,30,22,16564,17203.17988767707,639.1798876770699
12,30,23,15530,17465.66396711783,1935.663967117831
12,31,0,14519,13744.85323908029,774.1467609197098
12,31,1,13605,13814.813309914181,209.81330991418145
12,31,2,13018,13827.046283347056,809.0462833470556
12,31,3,12728,13659.944777627094,931.9447776270936
12,31,4,12584,13792.518499732807,1208.518499732807
12,31,5,12608,14111.847160155196,1503.8471601551955
12,31,6,12921,14322.585930144289,1401.5859301442888
12,31,7,13655,14508.395034272764,853.395034272764
12,31,8,14543,15587.188146337745,1044.188146337745
12,31,9,15081,15552.24363068263,471.2436306826294
12,31,10,15587,15842.060326687162,255.06032668716216
12,31,11,15929,15990.059004607168,61.05900460716839
12,31,12,15913,16083.220339268031,170.22033926803124
12,31,13,15820,16716.05980308044,896.0598030804395
12,31,14,15690,16595.471150716035,905.4711507160355
12,31,15,15614,16440.567450289716,826.5674502897164
12,31,16,15790,16435.235690509176,645.2356905091765
12,31,17,16399,16736.299780455684,337.2997804556835
12,31,18,17219,15777.069041123523,1441.9309588764772
12,31,19,16987,16071.470186653118,915.5298133468823
12,31,20,16486,16194.465265831137,291.534734168863
12,31,21,15801,16112.439201151687,311.4392011516866
12,31,22,15048,16200.790773188513,1152.7907731885134
12,31,23,14465,16266.16402177954,1801.1640217795393
11,1,0,13070,11843.722567952189,1226.277432047811
11,1,1,12641,12085.148267097056,555.8517329029437
11,1,2,12414,11888.022103124276,525.9778968757237
11,1,3,12308,12389.653466654498,81.6534666544976
11,1,4,12398,12849.130694046908,451.1306940469076
11,1,5,12897,13026.270140896608,129.2701408966077
11,1,6,14304,13513.683592524774,790.3164074752258
11,1,7,15942,13471.214535213461,2470.785464786539
11,1,8,16177,14491.26835717558,1685.7316428244194
11,1,9,15647,14617.705142138784,1029.2948578612159
11,1,10,15504,14905.208519951337,598.7914800486633
11,1,11,15372,15640.153338198243,268.15333819824264
11,1,12,15247,15863.04048117399,616.04048117399
11,1,13,15388,16269.453573094064,881.4535730940643
11,1,14,15370,16484.73625950495,1114.736259504949
11,1,15,15395,17253.109520146638,1858.1095201466378
11,1,16,15745,17602.23017465673,1857.2301746567282
11,1,17,16260,18370.216414448834,2110.2164144488343
11,1,18,16685,17062.32358280886,377.3235828088582
11,1,19,16890,17282.37600638132,392.3760063813206
11,1,20,16357,16871.7547447476,514.754744747599
11,1,21,15690,16618.23363073382,928.2336307338192
11,1,22,14522,16581.714110322944,2059.714110322944
11,1,23,13547,16503.72469116789,2956.7246911678885
11,2,0,12698,12659.673574772449,38.326425227551226
11,2,1,12310,12980.91269536452,670.9126953645191
11,2,2,12050,13571.3815010479,1521.3815010478993
11,2,3,11908,13681.49901328742,1773.499013287421
11,2,4,11989,13682.37865365851,1693.3786536585103
11,2,5,12508,13662.182835642589,1154.1828356425885
11,2,6,13906,14769.153433589143,863.1534335891429
11,2,7,15599,16051.758423694746,452.75842369474594
11,2,8,16000,16494.847220988653,494.84722098865313
11,2,9,15639,16943.49003867149,1304.4900386714908
11,2,10,15603,16600.327327242365,997.3273272423648
11,2,11,15499,16457.57805068563,958.5780506856318
11,2,12,15298,15943.598396635658,645.598396635658
11,2,13,15340,16718.63108397235,1378.6310839723483
11,2,14,15200,16444.608282874186,1244.6082828741855
11,2,15,15485,17199.772593638118,1714.7725936381175
11,2,16,16255,17599.950077373716,1344.9500773737163
11,2,17,16808,18088.352189865025,1280.3521898650251
11,2,18,17213,16421.53238602823,791.4676139717703
11,2,19,17082,16629.629681551272,452.37031844872763
11,2,20,16867,16653.25334245599,213.74665754400849
11,2,21,16109,16889.760536410493,780.7605364104929
11,2,22,15012,16993.336999217867,1981.3369992178668
11,2,23,13819,17047.174812621102,3228.1748126211023
11,3,0,12958,14046.57738649012,1088.5773864901203
11,3,1,12455,13447.24217439579,992.2421743957893
11,3,2,12171,13471.828156402571,1300.828156402571
11,3,3,12046,13538.868763184842,1492.8687631848425
11,3,4,12094,13575.689902378675,1481.6899023786755
11,3,5,12595,13716.25554739067,1121.2555473906705
11,3,6,13867,14191.135876697208,324.135876697208
11,3,7,15630,15421.357560809929,208.64243919007095
11,3,8,16126,16212.543444831084,86.54344483108434
11,3,9,15759,15721.024054487163,37.975945512836915
11,3,10,15679,15946.527050963461,267.5270509634611
11,3,11,15648,16007.878853460625,359.87885346062467
11,3,12,15401,15994.633738834604,593.6337388346037
11,3,13,15328,16552.908615486976,1224.9086154869765
11,3,14,15333,16792.563968420433,1459.5639684204325
11,3,15,15405,16730.977273792196,1325.9772737921958
11,3,16,15840,16951.794780437252,1111.7947804372525
11,3,17,16387,17023.341545330804,636.3415453308044
11,3,18,16864,16416.018860949443,447.9811390505565
11,3,19,17010,16683.53578786684,326.4642121331599
11,3,20,16753,16711.09552827811,41.90447172188942
11,3,21,15891,16570.00236163749,679.0023616374892
11,3,22,14961,16738.826411577505,1777.8264115775055
11,3,23,13785,16970.043228603332,3185.043228603332
11,4,0,12897,13234.49825229867,337.4982522986702
11,4,1,12480,13128.027620595487,648.027620595487
11,4,2,12163,13401.672049720284,1238.6720497202841
11,4,3,12071,13313.9705210511,1242.9705210511001
11,4,4,12178,13631.407643732979,1453.4076437329786
11,4,5,12709,13916.400449786723,1207.4004497867227
11,4,6,14157,15154.92396934764,997.9239693476393
11,4,7,15906,16934.172809275544,1028.1728092755438
11,4,8,16147,16231.739037440162,84.73903744016206
11,4,9,15546,16816.96618424794,1270.96618424794
11,4,10,15353,16914.953747246273,1561.9537472462725
11,4,11,15053,16387.349130078263,1334.3491300782625
11,4,12,14727,15614.065194232355,887.0651942323548
11,4,13,14723,15712.755246110217,989.7552461102168
11,4,14,14555,16161.424758774128,1606.4247587741283
11,4,15,14490,16602.589093120656,2112.589093120656
11,4,16,14889,16906.247979222564,2017.247979222564
11,4,17,15551,16984.78572860751,1433.7857286075086
11,4,18,16301,16273.855953805625,27.144046194374823
11,4,19,16534,16239.075605366073,294.92439463392657
11,4,20,16311,16059.93181806405,251.06818193595063
11,4,21,15641,16255.594933104085,614.5949331040847
11,4,22,14714,16097.950849984993,1383.9508499849926
11,4,23,13557,16131.784029128708,2574.7840291287084
11,5,0,12690,12262.093427799682,427.9065722003179
11,5,1,12127,12368.708464864725,241.7084648647251
11,5,2,11831,12467.589271252507,636.5892712525074
11,5,3,11641,12279.143456776874,638.1434567768738
11,5,4,11611,12156.502366190281,545.5023661902815
11,5,5,11881,12671.143517143428,790.1435171434277
11,5,6,12495,12810.055410244639,315.05541024463855
11,5,7,13222,13220.944372121461,1.0556278785388713
11,5,8,13829,13208.278771774976,620.7212282250239
11,5,9,14217,13180.482116460502,1036.5178835394981
11,5,10,14251,13619.899200072548,631.1007999274516
11,5,11,14069,14456.348188546188,387.3481885461879
11,5,12,14010,14563.190387911738,553.1903879117381
11,5,13,13794,14567.548893192394,773.5488931923937
11,5,14,13345,14488.834750820903,1143.8347508209026
11,5,15,13189,14633.591188275406,1444.5911882754062
11,5,16,13675,14938.191171229724,1263.1911712297242
11,5,17,14556,15400.494039350382,844.4940393503821
11,5,18,15269,16015.232574245345,746.232574245345
11,5,19,15108,15428.04051119185,320.0405111918499
11,5,20,14798,15867.163370861468,1069.1633708614681
11,5,21,14275,15746.574235758342,1471.5742357583422
11,5,22,13672,15813.01468482406,2141.01468482406
11,5,23,12860,15540.279189760082,2680.279189760082
11,6,0,12165,12565.97932800147,400.9793280014692
11,6,2,11314,12831.847053437446,1517.8470534374464
11,6,3,11211,13347.741164046882,2136.7411640468817
11,6,4,11211,12745.644325109133,1534.6443251091332
11,6,5,11283,12861.98507122742,1578.9850712274201
11,6,6,11539,13110.031297671521,1571.0312976715213
11,6,7,12095,12950.549197626075,855.5491976260746
11,6,8,12721,13232.42491460017,511.42491460016936
11,6,9,12964,13858.981510627813,894.9815106278129
11,6,10,13131,13583.905382723717,452.9053827237167
11,6,11,12975,13588.060745023738,613.0607450237385
11,6,12,12976,13794.105335553635,818.1053355536351
11,6,13,12769,14083.797848075996,1314.7978480759957
11,6,14,12782,14175.949303117497,1393.949303117497
11,6,15,12903,14438.612800939283,1535.6128009392833
11,6,16,13473,15236.918357394392,1763.918357394392
11,6,17,14683,15305.85577173312,622.8557717331205
11,6,18,15910,15254.827665136701,655.1723348632986
11,6,19,15950,15629.188695262425,320.8113047375755
11,6,20,15583,15892.511641593655,309.51164159365544
11,6,21,15171,15904.065169390979,733.0651693909786
11,6,22,14526,16179.927869615934,1653.9278696159345
11,6,23,13650,16096.894922735417,2446.894922735417
11,7,0,12750,13309.748488327481,559.748488327481
11,7,1,12261,13426.127678411889,1165.127678411889
11,7,2,11949,13306.378756337816,1357.3787563378155
11,7,3,11800,13887.504516619083,2087.504516619083
11,7,4,11721,14056.479115318716,2335.479115318716
11,7,5,11985,14336.921864305521,2351.921864305521
11,7,6,12719,14271.82032760963,1552.82032760963
11,7,7,14182,14759.783051657041,577.7830516570411
11,7,8,15490,16110.843546020853,620.843546020853
11,7,9,15192,15720.925235129489,528.925235129489
11,7,10,14776,16163.006858376097,1387.0068583760967
11,7,11,14688,16919.225494299346,2231.225494299346
11,7,12,14635,16757.598737447584,2122.5987374475844
11,7,13,14653,16838.35505230771,2185.35505230771
11,7,14,14617,17090.02812340505,2473.028123405049
11,7,15,14542,17186.918103970813,2644.918103970813
11,7,16,15043,17399.55080934329,2356.550809343291
11,7,17,16183,17730.006739392345,1547.0067393923455
11,7,18,17058,16880.442807626958,177.5571923730422
11,7,19,17070,17136.46581264878,66.46581264878114
11,7,20,16822,16524.826343376226,297.17365662377415
11,7,21,16468,16780.6366057113,312.63660571130094
11,7,22,15637,16769.06031592646,1132.060315926461
11,7,23,14523,17172.50490281785,2649.504902817851
11,8,0,13360,13256.932207040843,103.06779295915658
11,8,1,12602,13121.74210745531,519.7421074553095
11,8,2,12202,12932.852206639269,730.8522066392688
11,8,3,11971,13232.63271533235,1261.632715332349
11,8,4,11881,13708.003238517274,1827.0032385172744
11,8,5,12072,14122.052022458087,2050.052022458087
11,8,6,12739,14402.446469381572,1663.4464693815717
11,8,7,14227,15041.736177409497,814.736177409497
11,8,8,15317,16378.14175735612,1061.1417573561193
11,8,9,15278,17062.5855406482,1784.5855406482005
11,8,10,15026,16607.09930192418,1581.0993019241796
11,8,11,14951,17504.83582242298,2553.8358224229814
11,8,12,14860,16265.548957574285,1405.548957574285
11,8,13,14804,16318.631232236428,1514.6312322364283
11,8,14,15178,16467.01898843881,1289.0189884388092
11,8,15,15402,16754.89180802382,1352.8918080238218
11,8,16,15771,17660.82090062933,1889.8209006293291
11,8,17,16727,17712.106933576746,985.1069335767461
11,8,18,17522,17401.622187636443,120.37781236355659
11,8,19,17008,16857.3928222205,150.6071777795005
11,8,20,16765,16871.888999742798,106.88899974279775
11,8,21,16168,16701.735903377525,533.7359033775247
11,8,22,15521,16606.685363493816,1085.685363493816
11,8,23,14572,16811.732709686872,2239.732709686872
11,9,0,13459,13135.701940981446,323.29805901855434
11,9,1,12776,13114.414142725836,338.4141427258364
11,9,2,12414,13345.677647441345,931.6776474413455
11,9,3,12052,13595.962889588238,1543.9628895882379
11,9,4,11930,13647.814613534176,1717.8146135341758
11,9,5,12007,13604.04777737401,1597.0477773740095
11,9,6,12549,13773.856085526764,1224.8560855267642
11,9,7,14014,14140.967654381126,126.96765438112561
11,9,8,15398,15571.236860089817,173.23686008981713
11,9,9,15466,15651.049047498926,185.04904749892557
11,9,10,15351,15551.40236094206,200.4023609420601
11,9,11,15118,15852.532292813481,734.532292813481
11,9,12,14994,15551.146501072666,557.1465010726661
11,9,13,14693,15486.563263175001,793.5632631750013
11,9,14,14608,15700.934845097638,1092.9348450976377
11,9,15,14660,15877.391132604112,1217.3911326041125
11,9,16,15167,16448.526157653992,1281.5261576539924
11,9,17,16318,17090.580124201013,772.580124201013
11,9,18,17485,18288.326221307318,803.3262213073176
11,9,19,17594,17597.57329910579,3.5732991057884647
11,9,20,17468,16609.40326045017,858.5967395498301
11,9,21,17063,17034.797584071082,28.202415928917617
11,9,22,16376,17116.495726387184,740.4957263871838
11,9,23,15329,17281.085638212066,1952.0856382120655
11,10,0,14137,13891.968703886216,245.03129611378426
11,10,1,13418,13759.937004632033,341.93700463203277
11,10,2,12939,13007.571930620912,68.5719306209121
11,10,3,12658,13369.860039865041,711.8600398650415
11,10,4,12576,13248.379161605728,672.3791616057279
11,10,5,12603,13318.40808295353,715.4080829535305
11,10,6,13235,13497.26675175685,262.26675175684977
11,10,7,14559,14025.990240473762,533.0097595262378
11,10,8,15842,15384.756988636465,457.2430113635346
11,10,9,15562,15510.759103801816,51.24089619818369
11,10,10,15076,15472.985659031528,396.9856590315285
11,10,11,14798,15189.117108028928,391.11710802892776
11,10,12,14740,15629.273632133672,889.2736321336724
11,10,13,14497,15590.198304836937,1093.1983048369366
11,10,14,14482,15482.532964039512,1000.5329640395121
11,10,15,14672,15513.119419541612,841.1194195416119
11,10,16,15016,16035.79494638732,1019.7949463873192
11,10,17,15885,16249.421752982971,364.42175298297116
11,10,18,16890,15730.062680792142,1159.9373192078583
11,10,19,16886,15509.539945944773,1376.4600540552274
11,10,20,16732,15778.847592173277,953.152407826723
11,10,21,16280,15910.946869922709,369.0531300772909
11,10,22,15539,15971.750159353387,432.75015935338706
11,10,23,14273,16024.323915236288,1751.3239152362876
11,11,0,13275,12895.465073470792,379.53492652920795
11,11,1,12623,13071.5121685653,448.51216856529936
11,11,2,12185,13103.273492800807,918.2734928008067
11,11,3,11881,13269.886426335193,1388.8864263351934
11,11,4,11721,13274.189671766024,1553.1896717660238
11,11,5,11849,13515.872582176016,1666.8725821760163
11,11,6,12536,14352.039033190338,1816.0390331903382
11,11,7,13901,14129.372146959435,228.37214695943476
11,11,8,15095,15114.82746432473,19.82746432472959
11,11,9,15143,15043.688082235172,99.31191776482774
11,11,10,14896,15300.259913311978,404.2599133119784
11,11,11,14841,15218.39499261505,377.3949926150508
11,11,12,14761,15425.652463087126,664.6524630871263
11,11,13,14771,15322.527732335555,551.5277323355549
11,11,14,14667,15451.475558812444,784.4755588124444
11,11,15,14795,15463.900467653308,668.9004676533077
11,11,17,16050,16393.21703698223,343.21703698223064
11,11,18,17171,16232.288749463236,938.711250536764
11,11,19,17132,16577.220712867005,554.7792871329948
11,11,20,16963,17879.277673095294,916.2776730952937
11,11,21,16613,17510.152003819716,897.1520038197159
11,11,22,16000,17491.81399303684,1491.8139930368416
11,11,23,15056,17008.65027141296,1952.6502714129601
11,12,0,14009,13108.253989836645,900.7460101633551
11,12,1,13185,12734.430840938061,450.569159061939
11,12,2,12892,13055.47522242078,163.47522242078048
11,12,3,12523,12842.645401411737,319.6454014117371
11,12,4,12401,12463.638149154838,62.638149154838175
11,12,5,12425,12353.765387317359,71.23461268264145
11,12,6,12674,12761.654410970474,87.65441097047369
11,12,7,13436,13468.213444516034,32.21344451603363
11,12,8,13909,13394.697131322366,514.3028686776343
11,12,9,14130,13185.574799430033,944.4252005699673
11,12,10,14144,13532.206996193356,611.7930038066443
11,12,11,14002,13804.177615270299,197.8223847297013
11,12,12,13601,14043.68478814941,442.68478814941045
11,12,13,13518,14221.262261436175,703.2622614361753
11,12,14,13714,14605.182357029473,891.1823570294728
11,12,15,13686,14651.999554129921,965.9995541299213
11,12,16,13939,14828.18853518599,889.1885351859892
11,12,17,14843,14880.350907069278,37.35090706927804
11,12,18,16128,15285.840796050177,842.1592039498228
11,12,19,15919,15639.29047418043,279.70952581956954
11,12,20,15360,15204.10929908507,155.89070091492977
11,12,21,14948,15323.364409843138,375.36440984313776
11,12,22,14352,15477.569402856732,1125.5694028567323
11,12,23,13584,15861.649288991104,2277.649288991104
11,13,0,12853,12653.618655873704,199.38134412629552
11,13,1,12089,12297.307127070751,208.30712707075145
11,13,2,11694,12434.98273204498,740.9827320449804
11,13,3,11379,12408.360848456961,1029.3608484569613
11,13,4,11250,12591.576490017334,1341.5764900173344
11,13,5,11324,12869.37600064902,1545.3760006490193
11,13,7,11882,13504.049751835524,1622.0497518355241
11,13,8,12489,13576.403239816153,1087.4032398161526
11,13,9,12751,13285.046928312338,534.0469283123384
11,13,11,12856,13867.568831409159,1011.5688314091585
11,13,12,12837,13896.682421733927,1059.6824217339272
11,13,13,12768,14067.494816989083,1299.4948169890831
11,13,14,12573,14046.968216850652,1473.9682168506515
11,13,15,12747,14066.731930572412,1319.7319305724122
11,13,16,13327,14336.127354317003,1009.1273543170028
11,13,17,14573,14582.41068821968,9.410688219679287
11,13,18,16000,15629.402542051843,370.59745794815717
11,13,19,15965,15564.223315752899,400.776684247101
11,13,20,15588,15672.69876556597,84.69876556597046
11,13,22,14478,15396.686575597163,918.686575597163
11,13,23,13463,15780.368520695565,2317.368520695565
11,14,1,12118,13551.534420278453,1433.5344202784527
11,14,2,11822,13089.532572458065,1267.5325724580653
11,14,3,11672,13381.838294367393,1709.8382943673932
11,14,4,11632,13506.133799893483,1874.1337998934832
11,14,5,11855,13807.469451589992,1952.4694515899919
11,14,6,12541,13498.943919231897,957.9439192318969
11,14,7,14014,14229.60174760388,215.60174760387963
11,14,8,15384,15500.188033956701,116.18803395670147
11,14,9,15309,15717.140248817132,408.1402488171316
11,14,10,14927,15748.048012947187,821.0480129471871
11,14,11,14723,15530.452701879884,807.4527018798835
11,14,12,14616,15700.077697965988,1084.0776979659877
11,14,13,14517,15822.766410152928,1305.766410152928
11,14,14,14624,15749.432932778082,1125.4329327780815
11,14,15,14792,16131.606371302729,1339.6063713027288
11,14,16,15252,16660.885907667973,1408.8859076679728
11,14,17,16216,17486.42643704217,1270.4264370421697
11,14,18,17302,18470.192987884962,1168.1929878849623
11,14,19,17007,16883.584338553286,123.41566144671378
11,14,20,16868,17115.504321773977,247.5043217739767
11,14,21,16564,17159.962925654698,595.9629256546978
11,14,22,15789,16939.939221033663,1150.9392210336628
11,14,23,14727,17410.496442120653,2683.4964421206532
11,15,0,13623,13478.029268454471,144.9707315455289
11,15,1,12962,13853.666763162262,891.6667631622622
11,15,2,12542,13915.112316416205,1373.1123164162054
11,15,3,12325,14483.008170225221,2158.008170225221
11,15,4,12314,15528.034167287487,3214.0341672874874
11,15,5,12466,15223.899188237978,2757.899188237978
11,15,6,13088,14832.047052378031,1744.0470523780314
11,15,7,14593,15687.439542954047,1094.4395429540473
11,15,8,15989,20599.529977988575,4610.529977988575
11,15,9,15900,15993.626281490191,93.6262814901911
11,15,10,15640,16163.873007726828,523.8730077268283
11,15,11,15340,16300.35324341664,960.3532434166409
11,15,12,15084,15942.852477158043,858.8524771580433
11,15,13,14893,15513.63795273027,620.6379527302706
11,15,14,14901,16071.093901614811,1170.0939016148113
11,15,15,14921,16552.819210769543,1631.8192107695431
11,15,16,15518,17325.405891284827,1807.4058912848268
11,15,17,16485,17173.184239763686,688.1842397636865
11,15,18,17499,15977.013941850311,1521.9860581496887
11,15,19,17342,15900.941545176409,1441.058454823591
11,15,20,17159,15783.464672995658,1375.5353270043415
11,15,21,16817,15884.086209059868,932.9137909401325
11,15,22,16106,16953.00410251987,847.0041025198698
11,15,23,15012,17373.067540601238,2361.067540601238
11,16,0,13826,13012.80545489479,813.1945451052106
11,16,1,13048,13737.721153430599,689.7211534305989
11,16,2,12646,13550.543381026675,904.543381026675
11,16,3,12381,13166.802074230127,785.8020742301269
11,16,4,12292,13464.54464200279,1172.5446420027893
11,16,5,12444,13635.41800602311,1191.4180060231101
11,16,6,13121,13592.895095016313,471.89509501631255
11,16,7,14515,14227.194977616511,287.8050223834889
11,16,8,15853,16464.865721278387,611.8657212783874
11,16,9,16096,17117.250784199827,1021.2507841998267
11,16,15,15736,16329.363714001822,593.3637140018218
11,16,16,16019,17027.298826650673,1008.2988266506727
11,16,17,16650,16994.861130227197,344.86113022719655
11,16,18,17648,16664.97820918504,983.0217908149607
11,16,19,17568,16778.908755742796,789.0912442572044
11,16,20,17345,17008.984051111267,336.01594888873296
11,16,21,16977,17265.852673670983,288.85267367098277
11,16,22,16272,17645.294109279315,1373.2941092793153
11,16,23,15163,17410.941946558974,2247.9419465589745
11,17,0,14023,13943.787062671357,79.21293732864251
11,17,1,13244,14527.875264574359,1283.8752645743589
11,17,2,12758,14548.36566129856,1790.3656612985596
11,17,3,12545,14067.077581501675,1522.077581501675
11,17,4,12452,13970.33557469078,1518.33557469078
11,17,5,12630,14236.857908128852,1606.8579081288517
11,17,6,13256,13781.496772781236,525.4967727812364
11,17,7,14952,14265.90333205987,686.0966679401299
11,17,8,16218,15549.829400793726,668.1705992062743
11,17,9,16109,15006.08485124807,1102.9151487519302
11,17,16,15498,16780.614780711006,1282.6147807110065
11,17,17,16377,16958.004096164623,581.0040961646228
11,17,18,17310,15989.654162274093,1320.3458377259067
11,17,19,17010,16043.058575642806,966.9414243571937
11,17,20,16940,16344.956003963809,595.043996036191
11,17,21,16664,16064.797222353687,599.2027776463128
11,17,22,15947,16437.487046236765,490.4870462367653
11,17,23,14852,16231.104366857562,1379.1043668575621
11,18,0,13725,12588.901779679934,1136.0982203200656
11,18,1,12975,12530.11115305037,444.88884694963053
11,18,2,12556,13008.871316970819,452.87131697081895
11,18,3,12244,13231.517490958342,987.517490958342
11,18,4,12170,13557.9505913703,1387.9505913702997
11,18,5,12236,13448.226073891597,1212.2260738915975
11,18,6,12844,13686.635694456601,842.6356944566014
11,18,7,14201,13841.352868885293,359.647131114707
11,18,8,15271,15142.252857897869,128.74714210213097
11,18,9,15405,15205.325621876518,199.6743781234818
11,18,10,15110,15878.366749538836,768.3667495388363
11,18,11,15002,16299.59961767524,1297.5996176752396
11,18,12,14794,16443.417817476075,1649.4178174760746
11,18,13,14666,16709.79430583516,2043.7943058351593
11,18,14,14737,17114.45076917902,2377.4507691790204
11,18,15,14744,17128.02044115707,2384.0204411570703
11,18,16,15053,17100.15294793934,2047.1529479393394
11,18,17,15719,16835.259451175065,1116.259451175065
11,18,18,16635,15829.609288759146,805.3907112408542
11,18,19,16387,15790.141664291019,596.858335708981
11,18,20,16202,15773.58266381406,428.41733618593935
11,18,21,15791,15979.193765388947,188.1937653889472
11,18,22,15224,16243.728543988631,1019.7285439886309
11,18,23,14381,16401.070179560724,2020.0701795607238
11,19,0,13255,12614.44930549177,640.5506945082307
11,19,1,12429,12408.662354192205,20.337645807794615
11,19,2,11953,12567.327644821178,614.3276448211782
11,19,3,11584,12852.692362766658,1268.6923627666583
11,19,4,11213,13184.31459522124,1971.3145952212399
11,19,5,11356,13407.485295550194,2051.4852955501938
11,19,6,11557,13568.360434612907,2011.3604346129068
11,19,7,12231,14028.990481068555,1797.9904810685548
11,19,8,12986,14407.878348849285,1421.8783488492845
11,19,9,13733,14724.859715280145,991.8597152801449
11,19,10,14346,15099.324293838417,753.3242938384174
11,19,11,14759,15381.876465597368,622.8764655973682
11,19,12,14886,15163.983322882097,277.9833228820971
11,19,13,14967,14521.635944270545,445.3640557294548
11,19,14,15004,14152.030191162861,851.9698088371388
11,19,15,15010,14227.498856385726,782.501143614274
11,19,16,15229,14222.163115834974,1006.8368841650263
11,19,17,15788,14545.365414485896,1242.6345855141044
11,19,18,16640,14935.97430604322,1704.0256939567807
11,19,19,16264,15136.42409992495,1127.5759000750495
11,19,20,15830,15295.59552497259,534.4044750274097
11,19,21,15451,15128.925113496829,322.074886503171
11,19,22,14948,15342.84458476531,394.84458476530926
11,19,23,14251,15426.1159047033,1175.1159047032997
11,20,0,13447,12057.749237800392,1389.2507621996083
11,20,1,12838,12292.975371799712,545.0246282002881
11,20,2,12368,12690.363004836838,322.3630048368377
11,20,3,12000,12635.765502515007,635.765502515007
11,20,4,11919,13111.385509083586,1192.385509083586
11,20,5,11991,13143.577267379063,1152.5772673790634
11,20,6,12214,13131.827772092118,917.8277720921178
11,20,7,12655,13429.824466658856,774.8244666588562
11,20,8,13200,13602.879298265747,402.8792982657469
11,20,9,13981,13612.053358438443,368.94664156155704
11,20,10,14567,13758.586427835804,808.413572164196
11,20,11,14948,14304.730427769044,643.2695722309563
11,20,12,15280,14649.747568408728,630.2524315912724
11,20,13,15488,14696.850694629815,791.1493053701852
11,20,14,15604,14857.98248723353,746.0175127664697
11,20,15,15723,15442.926909469616,280.07309053038443
11,20,16,16042,15619.825500603323,422.17449939667677
11,20,17,16860,15664.026417545569,1195.9735824544314
11,20,18,17934,16247.713146511163,1686.2868534888366
11,20,19,17606,16459.06415442033,1146.9358455796682
11,20,20,17231,16467.369887573663,763.6301124263373
11,20,21,16848,16674.558976644345,173.4410233556555
11,20,22,16219,16722.50023345073,503.50023345072987
11,20,23,15342,16291.458786568974,949.4587865689737
11,21,0,14378,13355.02772797124,1022.9722720287591
11,21,1,13711,13206.354580060506,504.6454199394939
11,21,2,13174,13091.859613269946,82.14038673005416
11,21,3,13084,13351.862830717373,267.8628307173731
11,21,4,13041,13448.48261519253,407.4826151925299
11,21,5,13305,13640.425965626348,335.42596562634753
11,21,6,13997,13766.561092543623,230.4389074563769
11,21,7,15287,13983.661218405516,1303.3387815944843
11,21,8,16724,15696.881049507712,1027.1189504922877
11,21,9,16992,15676.758105617324,1315.241894382676
11,21,10,17053,15271.409083027344,1781.5909169726565
11,21,11,17020,15440.809924410987,1579.1900755890128
11,21,12,16869,15675.662182441654,1193.3378175583457
11,21,13,16772,15843.184014983077,928.8159850169232
11,21,14,16704,15851.954596946322,852.0454030536785
11,21,15,16837,16150.158259286874,686.8417407131255
11,21,16,17309,16322.358478361015,986.6415216389851
11,21,17,18280,17222.27037498117,1057.7296250188301
11,21,18,19297,17049.7905092166,2247.2094907834
11,21,19,19015,18472.75379956289,542.2462004371082
11,21,20,18799,18078.235800756018,720.7641992439821
11,21,21,18400,17279.706721324506,1120.2932786754936
11,21,22,17662,18269.186907419462,607.1869074194619
11,21,23,16401,16980.795675169513,579.7956751695128
11,22,0,15237,13216.543453130127,2020.456546869873
11,22,1,14388,13202.547344390172,1185.452655609828
11,22,2,13955,13265.37799613178,689.6220038682204
11,22,3,13663,13349.959499925777,313.040500074223
11,22,4,13610,13756.538487742671,146.53848774267135
11,22,5,13756,14283.766911755545,527.7669117555452
11,22,6,14389,14943.932626712207,554.9326267122069
11,22,7,15837,16908.06610981711,1071.0661098171113
11,22,8,17147,21523.264395473936,4376.264395473936
11,22,9,17248,21480.543837880276,4232.5438378802755
11,22,10,16938,17767.319122412,829.3191224119983
11,22,11,16899,17537.10599810925,638.1059981092512
11,22,12,16771,16865.810031964666,94.81003196466554
11,22,13,16425,16643.16898199411,218.16898199410934
11,22,14,16516,16610.0478450785,94.04784507850127
11,22,15,16640,17045.847027151103,405.84702715110325
11,22,16,17021,17156.949610550888,135.94961055088788
11,22,17,17974,17478.154138162365,495.8458618376353
11,22,18,19141,16834.3865443006,2306.6134556994
11,22,19,18921,16920.298418273884,2000.7015817261163
11,22,20,18732,17114.8459779397,1617.1540220602983
11,22,21,18337,17195.498511449707,1141.5014885502933
11,22,22,17546,17537.722645926584,8.277354073416063
11,22,23,16525,17266.18109085793,741.1810908579282
11,23,0,15284,13789.772417141317,1494.2275828586826
11,23,1,14562,13794.745517048044,767.2544829519557
11,23,2,14132,13874.286793379617,257.71320662038306
11,23,3,13868,13862.662550814039,5.3374491859613045
11,23,4,13792,13502.419474781898,289.5805252181017
11,23,5,13961,13323.182295697567,637.8177043024334
11,23,6,14597,13500.62124736999,1096.3787526300093
11,23,7,15985,14454.141183420927,1530.8588165790734
11,23,8,17299,16170.696334419574,1128.3036655804262
11,23,9,17366,16140.09474601124,1225.9052539887598
11,23,17,18511,17674.21131719029,836.7886828097107
11,23,18,19369,16983.547792372952,2385.4522076270478
11,23,19,18809,16875.09999194778,1933.90000805222
11,23,20,18535,17077.961125214355,1457.038874785645
11,23,21,18261,17415.747953410828,845.2520465891721
11,23,22,17673,16831.65287265066,841.3471273493415
11,23,23,16506,17050.247500152826,544.2475001528255
11,24,0,15227,13595.379540826574,1631.6204591734258
11,24,1,14411,13146.917336405988,1264.082663594012
11,24,2,14015,12952.112732625943,1062.887267374057
11,24,3,13809,13461.911590914298,347.08840908570164
11,24,4,13713,14149.98383091749,436.9838309174902
11,24,5,13819,14447.045649639012,628.0456496390125
11,24,6,14440,14282.60832989365,157.39167010634992
11,24,7,15724,14516.21601419452,1207.7839858054795
11,24,8,16990,16188.761030585689,801.2389694143112
11,24,9,17384,16310.962948966817,1073.0370510331832
11,24,10,17477,16700.429804201394,776.5701957986057
11,24,11,17609,16913.267650007907,695.7323499920931
11,24,12,17617,17216.56637865124,400.4336213487586
11,24,13,17577,17310.890618543835,266.10938145616456
11,24,14,17493,17405.961000880056,87.03899911994449
11,24,15,17475,17670.09400787624,195.09400787623963
11,24,16,17558,17532.735406267475,25.2645937325251
11,24,17,18073,17783.546272145006,289.4537278549942
11,24,18,18777,16807.21755552859,1969.7824444714097
11,24,19,18505,16841.851812057237,1663.148187942763
11,24,20,18075,17211.9723827461,863.0276172539016
11,24,21,17771,17136.293039301865,634.7069606981349
11,24,22,16980,17095.13227575139,115.13227575139172
11,24,23,15895,17368.603299241386,1473.6032992413857
11,25,0,14790,13934.628607574576,855.3713924254243
11,25,1,14089,14103.221699094109,14.221699094108772
11,25,2,13601,14533.703322571739,932.7033225717387
11,25,3,13361,14514.296116755248,1153.2961167552476
11,25,4,13235,14909.602354970813,1674.6023549708134
11,25,5,13311,14230.144191626134,919.1441916261338
11,25,6,13904,14742.763050883961,838.7630508839611
11,25,7,15254,14787.678370237847,466.32162976215295
11,25,8,16561,16457.22800725865,103.7719927413491
11,25,9,16875,16682.64327226434,192.35672773565966
11,25,10,16927,16795.18212574722,131.81787425278162
11,25,11,16964,16853.18828586451,110.81171413548873
11,25,12,16974,17104.701288028253,130.70128802825275
11,25,13,16650,16661.216780085615,11.216780085615028
11,25,14,16586,17432.822330130948,846.8223301309481
11,25,15,16733,17402.200714486455,669.2007144864547
11,25,16,16838,17338.090906683916,500.0909066839158
11,25,17,17375,17394.62317906712,19.623179067119054
11,25,18,18012,16582.07747248062,1429.9225275193785
11,25,19,17488,16715.59726164511,772.4027383548892
11,25,20,17154,16873.780379877186,280.2196201228144
11,25,21,17064,17145.57564952529,81.57564952528992
11,25,22,16510,17175.191855020305,665.1918550203045
11,25,23,15623,17076.150851899103,1453.1508518991031
11,26,0,14479,13435.363625380925,1043.6363746190746
11,26,1,13598,13590.385641882585,7.6143581174146675
11,26,2,13071,13434.92468883472,363.92468883472065
11,26,3,12762,13563.24152770398,801.24152770398
11,26,4,12609,13893.169181215235,1284.1691812152349
11,26,5,12590,13624.772326449525,1034.7723264495253
11,26,6,12860,13169.401612235057,309.40161223505675
11,26,7,13486,13627.64217259481,141.64217259480938
11,26,8,14281,13841.996336517073,439.00366348292664
11,26,9,14900,14575.847476009505,324.15252399049496
11,26,10,15384,14944.867241239168,439.1327587608321
11,26,11,15473,14265.001583378507,1207.9984166214927
11,26,12,15430,14482.140985215512,947.859014784488
11,26,13,15272,14785.057384653206,486.9426153467939
11,26,14,15174,14850.487300065197,323.5126999348031
11,26,15,15302,15442.26319245861,140.2631924586094
11,26,16,15549,15460.948710610408,88.05128938959206
11,26,17,16106,15356.650282588484,749.3497174115164
11,26,18,16977,15824.020511123808,1152.9794888761917
11,26,19,16704,15128.58264419722,1575.4173558027796
11,26,20,16218,15493.741262327738,724.2587376722622
11,26,21,15967,16295.804376662905,328.80437666290527
11,26,22,15470,16489.569153210352,1019.5691532103519
11,26,23,14545,16273.823281563926,1728.8232815639258
11,27,0,13780,13080.840851627865,699.159148372135
11,27,1,13147,12957.747543085577,189.2524569144225
11,27,2,12648,12913.08974835866,265.08974835865956
11,27,3,12330,12666.681393571911,336.68139357191103
11,27,4,12261,12982.855340738712,721.8553407387117
11,27,5,12334,13220.314677652865,886.3146776528647
11,27,6,12565,12973.111294074366,408.111294074366
11,27,7,12954,12885.435848796329,68.56415120367092
11,27,8,13533,13258.207265452078,274.792734547922
11,27,9,14101,14003.108610201978,97.89138979802192
11,27,10,14456,14146.311005408837,309.68899459116255
11,27,11,14526,13820.440426442608,705.5595735573916
11,27,12,14476,14206.653634254635,269.3463657453649
11,27,13,14418,14286.316626841595,131.68337315840472
11,27,14,14458,14949.770441180459,491.7704411804589
11,27,15,14626,15621.569359738907,995.5693597389072
11,27,16,14937,14841.765471019402,95.23452898059804
11,27,17,16013,16008.845667000796,4.154332999203689
11,27,18,17384,16198.609631485575,1185.390368514425
11,27,19,17145,16246.309135515852,898.6908644841478
11,27,20,16755,16581.67839835345,173.32160164654852
11,27,21,16448,17185.624120483026,737.6241204830258
11,27,22,15794,17297.457979723866,1503.4579797238657
11,27,23,14955,16807.33360794689,1852.33360794689
11,28,0,14056,13775.999993548436,280.00000645156433
11,28,1,13404,13780.335851445898,376.3358514458978
11,28,2,12945,14051.46622569177,1106.466225691771
11,28,3,12731,13574.106803109184,843.1068031091836
11,28,4,12678,13603.234878626907,925.2348786269067
11,28,5,12856,13626.94018830071,770.9401883007104
11,28,6,13488,13363.899954848483,124.1000451515174
11,28,7,14871,13826.954492989444,1044.0455070105563
11,28,8,16220,15123.392744481727,1096.6072555182727
11,28,9,16336,14866.98692215754,1469.013077842459
11,28,10,15966,15420.341002923533,545.6589970764671
11,28,11,15825,15801.374183284013,23.62581671598673
11,28,12,15851,16197.85457430416,346.85457430415954
11,28,13,15763,16451.639727476137,688.6397274761366
11,28,14,15955,16762.34030808263,807.3403080826283
11,28,15,16145,16682.622649568337,537.6226495683368
11,28,16,16540,17055.14427632267,515.1442763226696
11,28,17,17478,18493.96922082917,1015.9692208291708
11,28,18,18309,17833.365856072698,475.6341439273019
11,28,19,17860,17021.813932899142,838.186067100858
11,28,20,17611,16914.106088691293,696.8939113087072
11,28,21,17314,17593.625558397685,279.6255583976854
11,28,22,16632,17921.381981044808,1289.3819810448076
11,28,23,15385,17310.719438829496,1925.7194388294956
11,29,0,14075,13232.088934727535,842.9110652724648
11,29,1,13280,13136.663964027795,143.33603597220463
11,29,2,12762,13676.663922592505,914.6639225925046
11,29,3,12548,13508.622044355463,960.622044355463
11,29,4,12535,13689.060381397614,1154.060381397614
11,29,5,12625,13772.943228838294,1147.943228838294
11,29,6,13271,13885.823053183552,614.8230531835525
11,29,7,14585,15085.9214069054,500.92140690539964
11,29,8,15912,16286.687896760546,374.6878967605462
11,29,9,16206,16350.679532767865,144.67953276786466
11,29,10,16160,16750.48007896519,590.480078965189
11,29,11,16207,16803.154099181967,596.1540991819675
11,29,12,16188,16592.744721869647,404.74472186964704
11,29,13,16004,17228.67431886422,1224.6743188642213
11,29,14,15947,17848.668946978527,1901.668946978527
11,29,15,15980,18188.33666956404,2208.3366695640398
11,29,16,16211,18251.593949122453,2040.5939491224526
11,29,17,16973,18547.783924370084,1574.7839243700837
11,29,18,18019,17405.541631048694,613.4583689513056
11,29,19,17585,17055.508502304358,529.4914976956425
11,29,20,17306,17579.164831582544,273.16483158254414
11,29,21,17024,16932.33928380269,91.66071619731156
11,29,22,16373,17031.52327437473,658.5232743747292
11,29,23,15171,16830.453208246196,1659.4532082461956
11,30,0,13901,13656.449100904772,244.55089909522758
11,30,1,13033,13421.60343178772,388.6034317877202
11,30,2,12633,13555.48650610476,922.4865061047603
11,30,3,12466,13229.931376906163,763.9313769061628
11,30,4,12485,13862.806120694519,1377.8061206945185
11,30,5,12504,14114.783427095863,1610.7834270958629
11,30,6,13126,14573.080639112937,1447.0806391129372
11,30,7,14686,14751.756787455744,65.75678745574442
11,30,8,16147,16165.448289741795,18.448289741794724
11,30,9,16284,16530.90428412758,246.90428412758047
11,30,10,16356,16597.069908609115,241.06990860911537
11,30,11,16290,16956.895530919548,666.895530919548
11,30,12,16290,17147.79270009211,857.7927000921118
11,30,13,16214,17115.04765601593,901.0476560159295
11,30,14,16435,17867.284942241044,1432.2849422410436
11,30,15,16440,17760.41145451675,1320.4114545167504
11,30,16,16701,17950.984591718963,1249.9845917189632
11,30,17,17506,17749.12536508577,243.12536508576886
11,30,18,18131,17269.305668860303,861.6943311396972
11,30,19,17766,16998.12152003483,767.8784799651694
11,30,20,17530,17290.70957231072,239.29042768928048
11,30,21,17202,17403.140474745032,201.1404747450324
11,30,22,16425,17292.943210599282,867.9432105992819
11,30,23,15293,17115.02491709979,1822.0249170997886
12,1,0,14077,13252.710456362041,824.2895436379586
12,1,1,13173,12863.137952852734,309.8620471472659
12,1,2,12659,12706.074455614676,47.07445561467648
12,1,3,12383,12675.582535590229,292.5825355902289
12,1,4,12209,13072.271764976906,863.2717649769056
12,1,5,12300,13183.252194840994,883.252194840994
12,1,6,12929,13531.613461080571,602.6134610805711
12,1,7,14362,13875.848581876733,486.1514181232669
12,1,8,15918,15246.895438558215,671.1045614417853
12,1,9,16179,15988.550994310463,190.44900568953744
12,1,10,16174,15623.111393642774,550.8886063572263
12,1,11,16163,15716.965983513212,446.03401648678846
12,1,12,16136,15603.649553131745,532.350446868255
12,1,13,16056,15770.20105567744,285.7989443225597
12,1,14,16111,16018.407119057127,92.59288094287331
12,1,15,16214,16168.776298934805,45.2237010651952
12,1,16,16491,16360.582563661721,130.417436338279
12,1,17,17320,17063.52867794978,256.4713220502199
12,1,18,18081,16661.61449587899,1419.3855041210118
12,1,19,17872,16443.42354700634,1428.5764529936605
12,1,20,17739,16397.039759103376,1341.9602408966239
12,1,21,17310,16496.816665457565,813.1833345424347
12,1,22,16582,16513.894376646593,68.10562335340728
12,1,23,15314,16225.35369685095,911.3536968509507
12,2,0,14172,12844.45800125184,1327.54199874816
12,2,1,13367,12764.673988485312,602.3260115146877
12,2,2,12967,12997.552867516764,30.55286751676431
12,2,3,12696,13162.705990633505,466.7059906335053
12,2,4,12597,13238.92351019658,641.9235101965805
12,2,5,12680,13469.933392049266,789.9333920492663
12,2,6,13287,13618.534780256914,331.534780256914
12,2,7,14679,14013.015656076663,665.9843439233373
12,2,8,16079,15335.664488462866,743.3355115371342
12,2,9,16255,15610.571617611362,644.428382388638
12,2,10,16247,15857.609664809159,389.39033519084114
12,2,11,16259,15762.295945188362,496.70405481163834
12,2,12,16246,15630.210070119545,615.789929880455
12,2,13,16215,15532.143450616657,682.856549383343
12,2,14,16371,15732.488515230954,638.5114847690456
12,2,15,16372,15908.839857032937,463.1601429670627
12,2,16,16556,16624.502668806883,68.50266880688287
12,2,17,17324,17234.31082654514,89.68917345485897
12,2,18,18043,16194.89040737979,1848.1095926202106
12,2,19,17731,16423.295451385788,1307.7045486142124
12,2,20,17441,16768.031096642248,672.9689033577524
12,2,21,17160,17168.137499284083,8.137499284082878
12,2,22,16595,17284.350827823673,689.3508278236732
12,2,23,15585,16662.894296045022,1077.8942960450222
12,3,0,14402,13107.206027682523,1294.7939723174768
12,3,1,13529,13214.275834624692,314.7241653753081
12,3,2,12958,13902.236714671451,944.2367146714514
12,3,3,12655,13532.169199533211,877.1691995332112
12,3,4,12491,13296.747818212934,805.7478182129344
12,3,5,12530,13620.403718844424,1090.4037188444236
12,3,6,12875,14334.737245675624,1459.7372456756239
12,3,7,13426,13463.477817842186,37.47781784218569
12,3,8,14215,13565.004609406787,649.9953905932125
12,3,9,14821,14563.730602733203,257.26939726679666
12,3,10,15257,14920.261465459822,336.7385345401781
12,3,11,15446,15142.581867381397,303.4181326186026
12,3,12,15489,15406.844257202478,82.15574279752218
12,3,13,15514,15616.862289024955,102.86228902495532
12,3,14,15540,16113.154121374082,573.154121374082
12,3,15,15541,15773.300112047616,232.3001120476165
12,3,16,15687,15447.67007591741,239.32992408259088
12,3,17,16491,16050.414500280322,440.5854997196784
12,3,18,17325,16355.90585881564,969.0941411843596
12,3,19,16989,16365.691466238726,623.3085337612738
12,3,20,16601,16608.322141764034,7.322141764034313
12,3,21,16238,16753.889069035595,515.8890690355947
12,3,22,15661,16714.73855403134,1053.7385540313408
12,3,23,14983,17048.272830209156,2065.2728302091564
12,4,0,14005,13261.073958273531,743.9260417264686
12,4,1,13335,14125.98337171939,790.9833717193906
12,4,2,12832,13576.275844590946,744.2758445909458
12,4,3,12497,13471.111405108171,974.1114051081713
12,4,4,12364,13772.790155625695,1408.7901556256948
12,4,5,12360,14141.683216003736,1781.6832160037357
12,4,6,12582,13495.745689223986,913.7456892239861
12,4,7,12985,13418.198716245013,433.1987162450132
12,4,8,13559,13836.230802871003,277.2308028710031
12,4,9,14225,14723.05649566626,498.05649566626016
12,4,10,14722,15159.329875323874,437.32987532387415
12,4,11,14925,15532.979327863486,607.9793278634861
12,4,12,15001,15473.413866363268,472.4138663632675
12,4,13,15061,15123.991443675779,62.99144367577901
12,4,14,14980,15492.64681403741,512.6468140374109
12,4,15,15111,16160.824113743323,1049.8241137433233
12,4,16,15697,16144.11233550037,447.1123355003692
12,4,17,16863,16445.088232508726,417.9117674912741
12,4,18,17916,16689.028249929135,1226.9717500708648
12,4,19,17649,16884.429803022333,764.5701969776674
12,4,20,17184,16312.920054626937,871.0799453730633
12,4,21,16811,16148.385810568985,662.6141894310149
12,4,22,15962,15730.269249986697,231.7307500133029
12,4,23,15287,16666.81687913425,1379.8168791342505
12,5,0,14387,14202.699451142895,184.30054885710524
12,5,1,13765,14678.843323593783,913.8433235937828
12,5,2,13362,14503.085380071028,1141.0853800710283
12,5,3,13140,13874.155509661668,734.1555096616685
12,5,4,13208,13931.953459785836,723.9534597858365
12,5,5,13350,13643.640028852687,293.64002885268746
12,5,6,13948,14129.112170120776,181.11217012077577
12,5,7,15140,15073.549350106892,66.45064989310777
12,5,8,16783,16509.646282952628,273.3537170473719
12,5,9,16972,15871.308311719124,1100.6916882808764
12,5,10,16906,16502.829624373448,403.1703756265524
12,5,11,16966,17065.155262125845,99.15526212584518
12,5,12,16765,16062.745100379494,702.254899620506
12,5,13,16454,15684.102099496195,769.8979005038054
12,5,14,16459,16506.652566686265,47.652566686265345
12,5,15,16414,17069.61035564943,655.6103556494309
12,5,16,16733,17655.015590406296,922.0155904062958
12,5,17,17718,18058.97049300306,340.97049300306026
12,5,18,18785,17550.069741586718,1234.930258413282
12,5,19,18606,17483.71964065756,1122.2803593424396
12,5,20,18404,17439.84323376983,964.1567662301713
12,5,21,18083,17533.039066287372,549.9609337126276
12,5,22,17283,17852.09947572006,569.0994757200606
12,5,23,16034,17621.72240907395,1587.722409073951
12,6,0,14731,14012.744355664898,718.2556443351023
12,6,1,13928,13486.960314135566,441.03968586443443
12,6,2,13450,13375.665099630329,74.33490036967123
12,6,3,13188,13235.674367402082,47.67436740208177
12,6,4,13101,13344.817776207165,243.81777620716457
12,6,5,13233,13583.91284689286,350.9128468928593
12,6,6,13838,13093.039883375724,744.9601166242755
12,6,7,15157,13595.860478363797,1561.1395216362034
12,6,8,16518,15859.475753758376,658.5242462416245
12,6,9,16639,15212.103906898836,1426.8960931011643
12,6,10,16596,15222.923207596174,1373.0767924038264
12,6,14,16391,16611.909702203822,220.90970220382223
12,6,15,16591,16496.502837153876,94.49716284612441
12,6,16,17034,17014.009390525553,19.99060947444741
12,6,17,17922,17379.070201290626,542.9297987093742
12,6,18,18873,17327.214142980898,1545.785857019102
12,6,19,18667,17778.80807018056,888.1919298194407
12,6,20,18439,17540.412152027977,898.5878479720232
12,6,21,18081,17471.855105342307,609.1448946576929
12,6,22,17381,17424.3965633293,43.39656332930099
12,6,23,16139,17713.669015523657,1574.6690155236574
12,7,0,14773,13731.90410773216,1041.09589226784
12,7,1,13965,13393.392575757687,571.6074242423128
12,7,2,13473,13582.18344056163,109.18344056163005
12,7,3,13169,13723.614628012328,554.6146280123285
12,7,4,13042,13781.585586261044,739.5855862610442
12,7,5,13143,13982.341306365468,839.341306365468
12,7,6,13744,13582.60497028118,161.3950297188203
12,7,7,15122,13941.3239367427,1180.6760632573005
12,7,8,16712,15581.026081707447,1130.9739182925532
12,7,9,16834,15062.496186455279,1771.5038135447212
12,7,10,16623,15837.218384246038,785.7816157539619
12,7,11,16601,15881.329899212453,719.6701007875472
12,7,12,16491,15809.734542590515,681.265457409485
12,7,13,16360,15398.082881193754,961.9171188062464
12,7,14,16343,15616.737846766408,726.2621532335925
12,7,15,16405,16211.060611200117,193.9393887998831
12,7,16,16796,16446.459299821287,349.54070017871345
12,7,17,17730,16332.02845335857,1397.971546641431
12,7,18,18784,15569.704356950557,3214.2956430494432
12,7,19,18447,16143.502284388751,2303.497715611249
12,7,20,18384,16270.839779326638,2113.1602206733623
12,7,21,18019,16395.8667391459,1623.1332608541015
12,7,22,17409,17261.221593827366,147.77840617263428
12,7,23,16219,16980.630515603796,761.6305156037961
12,8,0,14955,12961.045549093311,1993.954450906689
12,8,1,14022,12842.730742938882,1179.269257061118
12,8,2,13515,12887.285697524077,627.7143024759225
12,8,3,13331,12871.483472873464,459.51652712653595
12,8,4,13158,12953.134810656496,204.86518934350352
12,8,5,13256,13288.785471946438,32.78547194643761
12,8,6,13823,13533.185084119792,289.814915880208
12,8,7,15206,13846.638842161094,1359.3611578389064
12,8,8,16771,15408.519760347503,1362.4802396524974
12,8,9,17251,15464.651992456027,1786.348007543973
12,8,10,17204,16486.078075755628,717.9219242443723
12,8,11,17121,16005.022069659604,1115.9779303403957
12,8,12,17249,15857.988912708592,1391.0110872914083
12,8,13,17028,15561.508058256955,1466.4919417430447
12,8,14,17042,15535.090068529222,1506.9099314707782
12,8,15,17036,15968.676947840835,1067.323052159165
12,8,16,17404,16156.356480327806,1247.643519672194
12,8,17,18279,16603.215402759335,1675.7845972406649
12,8,18,19136,15994.416395365857,3141.583604634143
12,8,19,18777,15952.546898108876,2824.453101891124
12,8,20,18805,16988.392657295804,1816.6073427041956
12,8,21,18330,17226.22056083676,1103.7794391632415
12,8,22,17778,16764.25040166687,1013.7495983331282
12,8,23,16494,16647.57484275297,153.57484275296883
12,9,0,15296,12996.506679155704,2299.4933208442962
12,9,1,14466,12884.80329506099,1581.1967049390096
12,9,2,14033,13038.243895978654,994.7561040213459
12,9,3,13753,13354.94313051775,398.0568694822505
12,9,4,13669,13615.17030187411,53.82969812588999
12,9,5,13762,13577.338750193327,184.66124980667337
12,9,6,14547,13923.73716148096,623.2628385190401
12,9,7,15923,14766.157366425421,1156.842633574579
12,9,8,17332,16580.766153108347,751.2338468916532
12,9,9,17392,16676.703320637178,715.296679362822
12,9,10,17058,16345.75821611877,712.2417838812307
12,9,11,16779,16592.42800062661,186.571999373391
12,9,12,16819,16608.518129165717,210.48187083428274
12,9,13,16627,16609.842286413914,17.157713586086174
12,9,14,16851,16692.68126198928,158.31873801071924
12,9,15,17023,17346.441989983407,323.44198998340653
12,9,16,17437,17471.59913730696,34.599137306959165
12,9,17,18340,18038.53301679703,301.46698320296855
12,9,18,19365,17381.623826624505,1983.3761733754945
12,9,19,19118,17418.462170624385,1699.5378293756148
12,9,20,18828,17960.670745265073,867.3292547349265
12,9,21,18531,18136.706420536335,394.2935794636651
12,9,22,17964,18178.281177159013,214.28117715901317
12,9,23,16907,17952.085253564834,1045.0852535648337
12,10,0,15620,13837.775253288037,1782.2247467119632
12,10,1,14727,13649.98588517631,1077.0141148236908
12,10,2,14247,13668.317498080965,578.6825019190346
12,10,3,13919,13893.14226006141,25.857739938590385
12,10,4,13787,13910.925144471288,123.92514447128815
12,10,5,13757,13907.403593527333,150.40359352733321
12,10,6,14038,13927.051532558644,110.94846744135612
12,10,7,14670,14487.661661901027,182.3383380989726
12,10,8,15585,15319.011945347427,265.9880546525728
12,10,9,16309,16032.527270376206,276.4727296237943
12,10,10,16680,16158.382697558043,521.6173024419568
12,10,11,16704,15003.947110263825,1700.0528897361746
12,10,12,16574,14879.48204336171,1694.5179566382903
12,10,13,16379,14837.890681255538,1541.1093187444621
12,10,14,16299,14853.418342904282,1445.5816570957177
12,10,15,16159,14920.24233627226,1238.7576637277398
12,10,16,16481,15736.758516539836,744.2414834601641
12,10,17,17478,16443.018378568584,1034.981621431416
12,10,18,18710,17579.085194182564,1130.914805817436
12,10,19,18384,17101.326333905432,1282.673666094568
12,10,20,17970,16980.554752044016,989.4452479559841
12,10,21,17503,17420.612997975924,82.38700202407563
12,10,22,16998,17020.72926843023,22.72926843023015
12,10,23,16184,17556.082589567734,1372.0825895677335
12,11,0,15274,13665.555751659693,1608.4442483403072
12,11,1,14578,13427.949502094572,1150.0504979054276
12,11,2,14107,13406.406350258145,700.5936497418552
12,11,3,13788,13777.886413399043,10.113586600957206
12,11,4,13662,13667.356032491398,5.356032491397855
12,11,5,13692,13730.212014180866,38.21201418086639
12,11,6,13879,14623.95194814599,744.9519481459902
12,11,7,14293,15186.521438883363,893.5214388833629
12,11,8,14989,15346.14336574493,357.14336574493063
12,11,9,15648,15599.357420902827,48.64257909717344
12,11,10,16209,16022.026916293938,186.97308370606152
12,11,11,16534,15133.442050386839,1400.5579496131613
12,11,12,16617,15153.482610899973,1463.5173891000268
12,11,13,16721,15238.732977109265,1482.2670228907355
12,11,14,16774,15590.229332310013,1183.770667689987
12,11,15,16903,16323.20752500611,579.7924749938902
12,11,16,17245,16400.580946648828,844.4190533511719
12,11,17,18131,30064.01405212716,11933.01405212716
12,11,18,19147,17572.668674054505,1574.3313259454953
12,11,19,18790,17424.5041957647,1365.4958042352991
12,11,20,18482,17245.599058627424,1236.4009413725762
12,11,21,18087,17520.26647065999,566.7335293400101
12,11,22,17513,17809.776984030177,296.7769840301771
12,11,23,16523,19624.607387464835,3101.6073874648355
12,12,0,15355,14504.812745028212,850.1872549717882
12,12,1,14606,14402.51496555808,203.4850344419192
12,12,2,14223,14659.96298157153,436.9629815715307
12,12,3,14067,14698.174059233867,631.1740592338665
12,12,4,14014,14531.706996118091,517.7069961180914
12,12,5,14092,15081.641108808848,989.641108808848
12,12,6,14715,14740.145287975445,25.14528797544517
12,12,7,15921,16197.110809578935,276.110809578935
12,12,8,17216,17334.04327569202,118.04327569201996
12,12,9,17308,17493.83045675048,185.83045675047833
12,12,10,17482,17576.030446917564,94.0304469175644
12,12,11,17671,17730.430427033858,59.430427033857995
12,12,12,17549,17164.23314697536,384.766853024641
12,12,13,17516,17067.421365508108,448.57863449189244
12,12,14,17501,16830.391120703942,670.6088792960581
12,12,15,17565,18150.357489500464,585.357489500464
12,12,16,17848,18034.257538646052,186.25753864605213
12,12,17,18581,18406.232785185442,174.76721481455752
12,12,18,19605,17789.867604252555,1815.1323957474451
12,12,19,19650,18702.512940269957,947.4870597300433
12,12,20,19364,18410.125183891574,953.8748161084259
12,12,21,18921,18108.706811001997,812.2931889980027
12,12,22,18249,18159.248682051715,89.75131794828485
12,12,23,16874,17689.30228210669,815.3022821066916
12,13,0,15585,14178.991563557021,1406.0084364429786
12,13,1,14765,13871.526431912844,893.4735680871563
12,13,2,14394,14100.446777494311,293.5532225056886
12,13,3,14207,16196.727097037668,1989.7270970376685
12,13,4,13930,14087.153794800204,157.1537948002042
12,13,5,14163,14500.245833619529,337.24583361952864
12,13,6,14734,14518.925041987652,215.07495801234836
12,13,7,16040,14984.417591191726,1055.5824088082736
12,13,8,17467,17295.998743390006,171.00125660999402
12,13,9,17637,17953.8932167377,316.8932167376988
12,13,10,17727,17976.20120384102,249.2012038410212
12,13,11,17650,18004.934939139013,354.9349391390133
12,13,12,17709,18289.410012567965,580.4100125679652
12,13,13,17701,17877.23034871642,176.23034871642085
12,13,14,17832,18039.04174531929,207.04174531928948
12,13,15,17992,17921.728830389733,70.27116961026695
12,13,16,18150,18028.718231709983,121.28176829001677
12,13,17,18889,17956.776721285838,932.223278714162
12,13,18,19715,17523.394079308287,2191.6059206917125
12,13,19,19468,17673.197439026888,1794.8025609731121
12,13,20,19141,17663.093369020735,1477.9066309792652
12,13,21,19087,17924.91227224598,1162.0877277540203
12,13,22,18486,17545.163597157578,940.8364028424221
12,13,23,17264,16896.37264815268,367.6273518473208
12,14,0,15910,13308.998499920224,2601.0015000797757
12,14,1,15181,13356.942227796771,1824.0577722032285
12,14,2,14755,13159.151940582069,1595.848059417931
12,14,3,14531,13470.5818061131,1060.4181938869006
12,14,4,14413,13865.418041857407,547.5819581425931
12,14,5,14552,14513.031234648843,38.968765351157344
12,14,6,15216,14165.330082660987,1050.6699173390134
12,14,7,16719,14165.79086993818,2553.2091300618195
12,14,8,18138,15559.542962273816,2578.4570377261844
12,14,9,18205,15985.116407835993,2219.8835921640075
12,14,10,18062,16243.124884167992,1818.8751158320083
12,14,11,17887,16797.441899175345,1089.5581008246554
12,14,12,17594,16833.22474012845,760.7752598715488
12,14,13,17422,17020.952523785047,401.04747621495335
12,14,14,17679,17421.396330752505,257.6036692474954
12,14,15,17902,17561.374265916,340.6257340839984
12,14,16,18310,18090.68006731182,219.31993268818042
12,14,17,19203,18299.866871276936,903.1331287230641
12,14,18,20301,17847.736540487407,2453.263459512593
12,14,19,20159,18002.682141252568,2156.317858747432
12,14,20,20012,18143.67090704434,1868.3290929556606
12,14,21,19798,18160.18367654617,1637.8163234538297
12,14,22,18958,18438.856388958946,519.1436110410541
12,14,23,17651,18571.10893341019,920.1089334101889
12,15,0,16384,14758.092726594943,1625.907273405057
12,15,1,15695,13769.710313016025,1925.2896869839751
12,15,2,15317,13741.000375680233,1575.9996243197675
12,15,3,15122,14242.78385906619,879.2161409338096
12,15,4,15065,14203.856247238753,861.143752761247
12,15,5,15248,14492.524718437211,755.475281562789
12,15,6,15837,14437.608266328794,1399.3917336712057
12,15,7,17277,16132.951600703402,1144.0483992965983
12,15,8,18733,17368.318724593282,1364.6812754067178
12,15,9,18848,17129.471571391878,1718.5284286081223
12,15,10,18626,17393.65988109548,1232.3401189045217
12,15,11,18534,17489.874127836018,1044.1258721639824
12,15,12,18521,17798.603910561902,722.396089438098
12,15,13,18445,17662.71357442454,782.2864255754612
12,15,14,18578,18032.00258530104,545.9974146989589
12,15,15,18638,17992.704921999255,645.295078000745
12,15,16,18822,18309.144340861043,512.855659138957
12,15,17,19656,18729.381832375577,926.6181676244232
12,15,18,20688,18312.16154569336,2375.8384543066386
12,15,19,20620,18306.327162686714,2313.6728373132864
12,15,20,20486,18412.51740860688,2073.48259139312
12,15,21,20219,18313.029627537555,1905.970372462445
12,15,22,19599,18400.96623724583,1198.0337627541703
12,15,23,18079,18696.000771487496,617.0007714874955
12,16,0,16858,14870.24627384873,1987.7537261512698
12,16,1,16175,14439.9876589868,1735.0123410132
12,16,2,15793,16113.788055919838,320.78805591983837
12,16,3,15518,16243.550406322658,725.5504063226581
12,16,4,15420,15496.384487260813,76.38448726081333
12,16,5,15539,15185.777334948347,353.22266505165317
12,16,6,16180,16247.786394616878,67.78639461687817
12,16,7,17483,16458.858169484116,1024.141830515884
12,16,8,18865,18591.097832053183,273.9021679468169
12,16,9,19188,18829.16798638045,358.8320136195507
12,16,10,18757,17832.25837983893,924.7416201610686
12,16,11,18564,18109.893545160794,454.106454839206
12,16,12,18418,18027.588653523795,390.4113464762049
12,16,13,18046,18253.28073061783,207.28073061782925
12,16,14,18038,18607.96151189097,569.9615118909715
12,16,15,18521,18405.425249494485,115.57475050551511
12,16,16,18766,18533.342473717985,232.65752628201517
12,16,17,19590,18620.180977630687,969.8190223693127
12,16,18,20253,17575.235914330926,2677.764085669074
12,16,19,19772,18120.642333625914,1651.357666374086
12,16,20,19606,18715.339486048655,890.6605139513449
12,16,21,19409,19138.01857637624,270.98142362376166
12,16,22,19047,19408.476321247104,361.47632124710435
12,16,23,17908,19049.064864912885,1141.0648649128852
12,17,0,16473,14945.936819032795,1527.063180967205
12,17,1,15477,14842.143806764285,634.8561932357152
12,17,2,14924,13441.677599125931,1482.322400874069
12,17,3,14557,13849.774226544403,707.2257734555969
12,17,4,14583,15144.40097521312,561.4009752131205
12,17,5,14609,15677.892798550258,1068.8927985502578
12,17,6,14789,14749.396175565493,39.60382443450726
12,17,7,15353,14665.552207286075,687.4477927139251
12,17,8,16131,15349.280509032515,781.7194909674854
12,17,9,16746,16074.07167235895,671.9283276410497
12,17,10,17309,16581.457275717235,727.5427242827645
12,17,11,17720,16499.333839047755,1220.6661609522453
12,17,12,17822,18664.79315037616,842.7931503761611
12,17,13,17762,17307.1998923593,454.80010764070175
12,17,14,17583,17221.249731263528,361.7502687364722
12,17,15,17477,17410.50332717058,66.49667282942028
12,17,16,17643,17739.93863279677,96.93863279676953
12,17,17,18329,17858.366151938717,470.63384806128306
12,17,18,19124,18178.673909980753,945.3260900192472
12,17,19,18894,18756.209279677816,137.79072032218392
12,17,20,18430,18981.680881906632,551.6808819066318
12,17,21,17833,19031.013672467263,1198.013672467263
12,17,22,17239,18524.389946177434,1285.3899461774345
12,17,23,16472,19119.632338127663,2647.6323381276634
12,18,0,15536,15085.627368590276,450.3726314097239
12,18,1,14754,15163.227601813378,409.227601813378
12,18,2,14279,14112.044591155216,166.95540884478396
12,18,3,13876,13739.656971423632,136.34302857636794
12,18,4,13715,13730.620349914989,15.620349914988765
12,18,5,13582,13916.428827839716,334.4288278397162
12,18,6,13799,14095.150859995585,296.15085999558505
12,18,7,14203,14195.72011233959,7.279887660410168
12,18,8,14992,14304.323256807565,687.6767431924345
12,18,9,15804,15855.185574572706,51.18557457270617
12,18,10,16432,16391.782002672135,40.217997327865305
12,18,11,16710,15995.88808995522,714.1119100447795
12,18,12,16795,14737.174654467837,2057.825345532163
12,18,13,16723,14907.564158070292,1815.4358419297077
12,18,14,16631,15018.05061003096,1612.9493899690406
12,18,15,16672,14939.650753500506,1732.3492464994943
12,18,16,16988,16307.658118361664,680.3418816383364
12,18,17,18051,16448.67761036461,1602.3223896353884
12,18,18,19513,22864.399065320875,3351.399065320875
12,18,19,19421,17370.803347507586,2050.1966524924137
12,18,20,19184,17606.31095327402,1577.68904672598
12,18,21,18987,18137.06835761779,849.9316423822092
12,18,22,18419,18175.306763709472,243.69323629052815
12,18,23,17509,18615.48662098716,1106.4866209871616
12,19,0,16406,15917.597900065466,488.4020999345339
12,19,1,15670,15905.227902508237,235.2279025082371
12,19,2,15307,15498.944946103244,191.94494610324364
12,19,3,15193,14173.82811810236,1019.1718818976406
12,19,4,15159,15078.65173018036,80.34826981964034
12,19,5,15305,15776.312853215271,471.3128532152714
12,19,6,15921,15892.973134704014,28.026865295985772
12,19,7,17330,16586.87663500273,743.123364997271
12,19,8,18841,17865.20807172573,975.7919282742696
12,19,9,19077,17779.75989519889,1297.2401048011088
12,19,10,19059,17808.67976399639,1250.3202360036084
12,19,11,18751,18061.604468661037,689.3955313389633
12,19,12,18679,18170.416741329136,508.58325867086387
12,19,13,18556,17853.878074542306,702.1219254576936
12,19,14,18429,17918.728112435627,510.2718875643732
12,19,15,18386,17923.355443459644,462.64455654035555
12,19,16,18664,17826.45113825254,837.5488617474584
12,19,17,19531,17692.189055459286,1838.8109445407135
12,19,18,20682,17050.960908223395,3631.0390917766053
12,19,19,20637,17180.82049071606,3456.1795092839384
12,19,20,20446,17434.585854847744,3011.4141451522555
12,19,21,19974,18177.302829399923,1796.6971706000768
12,19,22,19260,17916.302032522777,1343.6979674772228
12,19,23,18069,18067.591938319576,1.408061680423998
12,20,0,16779,13130.9323751304,3648.0676248696
12,20,1,15815,13922.50330053506,1892.4966994649403
12,20,2,15292,14322.162194682805,969.8378053171946
12,20,3,15017,14074.372244184235,942.6277558157653
12,20,4,14917,14174.337036416739,742.6629635832614
12,20,5,14996,14094.436349593512,901.5636504064878
12,20,6,15521,14165.927923016845,1355.072076983155
12,20,7,16769,14468.019110069228,2300.980889930772
12,20,8,18250,15956.860748359766,2293.139251640234
12,20,9,18270,16521.067196036533,1748.9328039634674
12,20,10,18288,16234.735848177696,2053.2641518223045
12,20,11,18160,16233.809201533399,1926.1907984666013
12,20,12,18116,15730.42442236364,2385.5755776363603
12,20,13,18045,16435.823284407066,1609.1767155929338
12,20,14,17925,16582.072843833732,1342.927156166268
12,20,15,17792,16726.229694748683,1065.770305251317
12,20,16,17941,16957.062009256133,983.937990743867
12,20,17,18724,16999.092512857645,1724.9074871423545
12,20,18,19874,16761.990278901165,3112.009721098835
12,20,19,19694,16484.164123108105,3209.835876891895
12,20,20,19413,16466.214635873035,2946.785364126965
12,20,21,19122,16830.184357434304,2291.815642565696
12,20,22,18443,18996.428550659984,553.4285506599845
12,20,23,17157,16965.86151071929,191.13848928071093
12,21,0,15820,12651.662251879443,3168.337748120557
12,21,1,14920,12630.326339768078,2289.6736602319215
12,21,2,14410,12727.075060273884,1682.9249397261156
12,21,3,14176,12880.787718704636,1295.212281295364
12,21,4,14153,12933.718192494302,1219.2818075056985
12,21,5,14296,13029.438799568026,1266.5612004319737
12,21,6,14889,13660.370680874137,1228.6293191258628
12,21,7,16174,14226.798000060291,1947.201999939709
12,21,8,17669,15419.074089994498,2249.9259100055024
12,21,9,17771,15505.780940007031,2265.219059992969
12,21,10,17718,16305.149426027769,1412.8505739722314
12,21,11,17625,17145.27661486863,479.72338513136856
12,21,12,17470,16882.213885741356,587.7861142586444
12,21,13,17286,16667.15190258988,618.8480974101185
12,21,14,17145,16438.340865039812,706.6591349601877
12,21,15,17254,16882.916040688084,371.08395931191626
12,21,16,17697,16226.728604836479,1470.2713951635214
12,21,17,18664,18560.16459720825,103.83540279174849
12,21,18,19529,16690.122530274355,2838.877469725645
12,21,19,19349,16453.38765912824,2895.6123408717613
12,21,20,19078,16052.144547977938,3025.8554520220623
12,21,21,18714,16219.184282484928,2494.815717515072
12,21,22,18123,17042.77415639821,1080.225843601791
12,21,23,17018,16854.90192072615,163.09807927384827
12,22,0,15706,12889.720005560668,2816.279994439332
12,22,1,14742,12933.858499536047,1808.141500463953
12,22,2,14161,12809.685442143824,1351.3145578561762
12,22,3,13838,12820.598069074884,1017.4019309251162
12,22,4,13735,12914.657896971838,820.3421030281625
12,22,5,13858,12965.060024470793,892.939975529207
12,22,6,14456,13518.065038662173,937.9349613378272
12,22,7,15733,14018.939337316946,1714.060662683054
12,22,8,17156,15439.31697457335,1716.6830254266497
12,22,9,17508,17214.713315778645,293.28668422135524
12,22,10,17603,16659.853247588817,943.1467524111831
12,22,11,17666,15768.075387422445,1897.9246125775553
12,22,12,17546,15543.51447831201,2002.4855216879896
12,22,13,17316,16207.672744358217,1108.3272556417833
12,22,14,17213,16478.409600619572,734.5903993804277
12,22,15,17125,17677.635265786263,552.6352657862626
12,22,16,17327,17656.98663796273,329.98663796273104
12,22,17,18044,17676.8588196637,367.14118033630075
12,22,18,18902,16911.763627148146,1990.236372851854
12,22,19,18838,16803.15056408573,2034.8494359142715
12,22,20,18648,16813.232523619685,1834.7674763803152
12,22,21,18398,16456.537206442652,1941.462793557348
12,22,22,17686,16645.230042472132,1040.7699575278675
12,22,23,16508,16716.570946962394,208.57094696239437
12,23,0,15167,13299.205555149494,1867.794444850506
12,23,1,14302,13315.342199215444,986.6578007845565
12,23,2,13633,13143.572225982054,489.4277740179459
12,23,3,13353,13344.628885695074,8.371114304925868
12,23,4,13309,13561.43336167417,252.43336167416965
12,23,5,13416,13855.75922629056,439.75922629056004
12,23,6,13957,14059.567237756813,102.56723775681348
12,23,7,15163,14370.409484134292,792.5905158657079
12,23,8,16483,15597.23733058317,885.7626694168302
12,23,9,16629,15759.334220345374,869.665779654626
12,23,10,16535,15813.00070407228,721.9992959277206
12,23,11,16417,15872.807217512198,544.1927824878021
12,23,12,16339,15830.898695094449,508.10130490555093
12,23,13,16028,15850.74357812725,177.25642187274934
12,23,14,15846,15965.923618311457,119.92361831145718
12,23,15,15853,15833.374192877995,19.625807122005426
12,23,16,16203,16387.96645121014,184.9664512101408
12,23,17,17088,16569.731036158337,518.2689638416632
12,23,18,18166,16400.89068652126,1765.1093134787407
12,23,19,17971,16376.96128693833,1594.0387130616691
12,23,20,17705,16366.393858162703,1338.6061418372974
12,23,21,17451,17199.391246434832,251.60875356516772
12,23,22,16945,17668.2527535304,723.2527535303998
12,23,23,15730,16339.690324414441,609.6903244144414
12,24,0,14577,12264.19597242494,2312.804027575061
12,24,1,13668,11992.089144371868,1675.9108556281317
12,24,2,13127,12003.067423904979,1123.9325760950214
12,24,3,12774,12440.00018494686,333.9998150531392
12,24,4,12626,12692.546870871542,66.54687087154161
12,24,5,12518,12972.229327735718,454.22932773571847
12,24,6,12592,13240.971220877067,648.971220877067
12,24,7,13049,13587.504492673312,538.5044926733117
12,24,8,13822,13719.722367144459,102.27763285554101
12,24,9,14725,14407.412643907366,317.58735609263385
12,24,10,15420,15811.437257087262,391.43725708726197
12,24,11,15782,18159.77988495478,2377.77988495478
12,24,12,15713,14819.836295759704,893.1637042402963
12,24,13,15589,14944.438091957854,644.5619080421457
12,24,14,15511,15370.059895205335,140.94010479466488
12,24,15,15525,16138.190249373014,613.190249373014
12,24,16,15632,15518.425609731263,113.57439026873726
12,24,17,16133,14936.869230226157,1196.130769773843
12,24,18,16595,15215.73789489109,1379.26210510891
12,24,19,16108,15593.190233905076,514.8097660949243
12,24,20,15529,16117.579701872073,588.5797018720732
12,24,21,15163,16257.260343770717,1094.2603437707166
12,24,22,14840,16397.36733568616,1557.3673356861582
12,24,23,14365,17563.136401829615,3198.1364018296154
12,25,0,13570,12744.828740335035,825.171259664965
12,25,1,12834,12146.648114526583,687.3518854734175
12,25,2,12233,11869.923477645703,363.0765223542967
12,25,3,11921,12065.055017972745,144.0550179727452
12,25,4,11713,12438.745886314106,725.7458863141055
12,25,5,11780,12402.397899066822,622.397899066822
12,25,6,12029,12768.482782790368,739.4827827903682
12,25,7,12436,13397.740559569189,961.7405595691889
12,25,8,13195,13574.670468386206,379.67046838620627
12,25,9,13873,13710.906335392643,162.0936646073569
12,25,10,14060,13452.126889796056,607.8731102039437
12,25,11,13866,13556.182592498159,309.81740750184144
12,25,12,13923,13598.942614159298,324.0573858407024
12,25,13,13768,13762.97348738882,5.026512611180806
12,25,14,13802,13718.04263575523,83.95736424477036
12,25,15,13955,14500.923429686263,545.9234296862633
12,25,16,14366,14904.420715057859,538.4207150578586
12,25,17,15230,14565.68447757003,664.3155224299699
12,25,18,15762,14460.623848254523,1301.3761517454768
12,25,19,15494,14278.404651877712,1215.5953481222878
12,25,20,15124,14241.345466706254,882.6545332937458
12,25,21,15041,14578.132549313974,462.86745068602613
12,25,22,14862,15317.646910097346,455.64691009734634
12,25,23,14362,15337.545903631662,975.5459036316624
12,26,0,13696,12619.007393671754,1076.9926063282455
12,26,1,13068,12849.733337164267,218.26666283573286
12,26,2,12660,12673.653030315483,13.653030315483193
12,26,3,12303,12703.323045097364,400.32304509736423
12,26,4,12117,12876.148481061295,759.1484810612947
12,26,5,12384,13007.193648915205,623.1936489152049
12,26,6,12731,12991.901555192206,260.9015551922057
12,26,7,13339,13299.569553706086,39.43044629391443
12,26,8,13832,13414.7438650039,417.2561349960997
12,26,9,14380,13651.887413823035,728.1125861769651
12,26,10,14917,13563.621300796529,1353.3786992034711
12,26,11,15233,14028.215017625356,1204.7849823746437
12,26,12,15582,14771.26507865965,810.7349213403504
12,26,13,15339,14752.497748467396,586.5022515326036
12,26,14,15429,15003.799532331306,425.2004676686938
12,26,15,15274,15094.980313078857,179.01968692114315
12,26,16,15350,15393.969120770866,43.96912077086563
12,26,17,15899,15591.213361552445,307.78663844755465
12,26,18,16375,15694.476125438625,680.5238745613751
12,26,19,16073,15530.938295529088,542.0617044709124
12,26,20,15782,15655.674714445115,126.32528555488534
12,26,21,15410,15648.043765960756,238.043765960756
12,26,22,14797,15741.568318480528,944.5683184805275
12,26,23,14005,15509.070454092423,1504.0704540924235
12,27,0,13180,12928.759256174675,251.2407438253249
12,27,1,12480,13368.273347489432,888.2733474894321
12,27,2,12045,13340.810631739445,1295.810631739445
12,27,3,11752,13456.721024241648,1704.7210242416477
12,27,4,11684,13470.652811099919,1786.6528110999188
12,27,5,11833,13563.553313872511,1730.5533138725114
12,27,6,12180,13567.355138027115,1387.3551380271147
12,27,7,12821,13798.983936066415,977.9839360664155
12,27,8,13571,14868.618767535014,1297.6187675350138
12,27,9,14166,15101.77869319104,935.7786931910396
12,27,10,14730,15258.507518548598,528.5075185485985
12,27,11,15223,15475.194153172972,252.1941531729717
12,27,12,15393,15729.714004055197,336.7140040551967
12,27,13,15467,15802.869469910605,335.8694699106054
12,27,14,15461,15911.268324109238,450.26832410923816
12,27,15,15425,16061.260822038352,636.2608220383518
12,27,16,15614,16209.856869665206,595.8568696652055
12,27,17,16377,16354.127036967031,22.872963032968983
12,27,18,17251,15804.314428880913,1446.6855711190874
12,27,19,17081,16098.228155266384,982.7718447336156
12,27,20,16939,16404.82836264583,534.1716373541713
12,27,21,16656,16598.221828468977,57.77817153102296
12,27,22,16083,16516.267482567044,433.26748256704377
12,27,23,15219,16422.03122977542,1203.0312297754208
12,28,0,14293,13395.36994617233,897.63005382767
12,28,1,13560,13218.24646160335,341.7535383966497
12,28,2,13129,13248.63977172846,119.63977172845989
12,28,3,12873,13190.984872041845,317.98487204184494
12,28,4,12801,13368.45740680442,567.4574068044203
12,28,5,12922,13813.007878861092,891.0078788610917
12,28,6,13429,14099.544030267569,670.5440302675688
12,28,7,14341,14311.637818196474,29.362181803526255
12,28,8,15379,15739.96914187924,360.96914187924085
12,28,9,15770,17150.59708976828,1380.5970897682782
12,28,10,15987,15895.181267971753,91.81873202824681
12,28,11,15992,16057.84610082353,65.84610082352992
12,28,12,16051,15792.543656268994,258.4563437310062
12,28,13,15972,15934.183712651147,37.81628734885271
12,28,14,15922,16155.457576366685,233.45757636668532
12,28,15,16056,16377.593113888908,321.5931138889082
12,28,16,16384,17361.24719430857,977.2471943085693
12,28,17,17148,17197.81174298619,49.81174298618862
12,28,18,18156,16932.349678131028,1223.6503218689722
12,28,19,17879,16686.98878088564,1192.0112191143598
12,28,20,17532,16244.674476857028,1287.325523142972
12,28,21,17159,16661.238265850196,497.7617341498044
12,28,22,16473,16972.824268032316,499.82426803231647
12,28,23,15477,16668.554309147174,1191.5543091471736
12,29,0,14358,12956.608000839486,1401.3919991605144
12,29,1,13579,13013.369520638389,565.6304793616109
12,29,2,13071,13258.318726088759,187.31872608875892
12,29,3,12854,13397.169018205692,543.1690182056918
12,29,4,12909,13829.875854915128,920.875854915128
12,29,5,13050,13966.53018639229,916.5301863922905
12,29,6,13548,14456.173947378747,908.1739473787475
12,29,7,14352,14631.179967860353,279.1799678603529
12,29,8,15373,15572.978713301602,199.9787133016016
12,29,9,15691,15736.46156166286,45.46156166285982
12,29,10,16027,15882.708756252845,144.29124374715502
12,29,11,16261,16139.263280760733,121.73671923926668
12,29,12,16347,16415.422551429467,68.4225514294667
12,29,13,16375,16327.016848883088,47.98315111691227
12,29,14,16198,16332.141500311662,134.14150031166173
12,29,15,16079,16222.842066537043,143.84206653704314
12,29,16,15942,16247.769733463174,305.7697334631739
12,29,17,16745,16645.506474672533,99.49352532746707
12,29,18,17671,15749.612024777776,1921.3879752222238
12,29,19,17603,15812.853404794309,1790.1465952056915
12,29,20,17328,16206.825344032426,1121.174655967574
12,29,21,17002,16396.02916356295,605.970836437049
12,29,22,16422,16299.62548957174,122.37451042826069
12,29,23,15421,16586.7043875356,1165.7043875355994
12,30,0,14364,13151.144166645576,1212.8558333544242
12,30,1,13527,13262.923514795293,264.07648520470684
12,30,2,13014,13519.046063259997,505.046063259997
12,30,3,12780,13813.583516244225,1033.5835162442254
12,30,4,12729,13987.914517717083,1258.914517717083
12,30,5,12816,13984.363730396472,1168.3637303964715
12,30,6,13199,13739.921424958267,540.9214249582674
12,30,7,14021,14001.542603469426,19.457396530573533
12,30,8,14906,15106.287326942915,200.28732694291466
12,30,9,15350,15602.805850349969,252.80585034996875
12,30,10,15756,15885.5000179996,129.50001799960046
12,30,11,16025,16048.600332610382,23.600332610381884
12,30,12,16055,16075.363769209855,20.36376920985458
12,30,13,16018,16150.173231708952,132.1732317089518
12,30,14,15829,16393.36630110903,564.3663011090284
12,30,15,15837,16392.852517391504,555.8525173915041
12,30,16,16104,16546.865371171778,442.86537117177795
12,30,17,16890,16592.200785216926,297.7992147830737
12,30,18,17958,16097.637161805837,1860.3628381941635
12,30,19,17807,16702.606353446252,1104.393646553748
12,30,20,17563,16750.916941541916,812.0830584580835
12,30,21,17235,16873.559285691364,361.4407143086355
12,30,22,16641,17109.207644966144,468.20764496614356
12,30,23,15829,17439.729987412855,1610.7299874128548
12,31,0,14708,13806.404397550166,901.5956024498337
12,31,1,13934,13477.23846507727,456.7615349227308
12,31,2,13450,13704.727051448996,254.72705144899555
12,31,3,13105,13886.234472721648,781.2344727216478
12,31,4,12938,13828.164070343773,890.1640703437733
12,31,5,12861,13742.57895754861,881.5789575486106
12,31,6,12984,13785.853663529264,801.8536635292639
12,31,7,13321,13892.367143965,571.3671439650007
12,31,8,13990,13743.640990510528,246.35900948947165
12,31,9,14605,14085.866088317925,519.1339116820745
12,31,10,15138,14642.321188253158,495.67881174684226
12,31,11,15515,14916.98867919202,598.0113208079802
12,31,12,15738,15323.322646914767,414.67735308523334
12,31,13,15718,15613.086956560459,104.91304343954107
12,31,14,15502,15806.033835875578,304.033835875578
12,31,15,15505,15706.922560371835,201.92256037183506
12,31,16,15629,15668.971836310464,39.971836310463914
12,31,17,16475,15688.758569167725,786.241430832275
12,31,18,17340,15872.768132932604,1467.2318670673958
12,31,22,15195,15846.128873385955,651.1288733859546
12,31,23,14758,16200.063600353536,1442.0636003535365
11,1,0,13260,12207.340952298886,1052.659047701114
11,1,1,12792,12697.211584103958,94.78841589604235
11,1,2,12575,13271.823107643222,696.8231076432221
11,1,3,12384,13645.722321045352,1261.7223210453521
11,1,4,12586,14082.015308335858,1496.0153083358582
11,1,5,13059,14213.175400020908,1154.1754000209075
11,1,6,14354,14855.268528606292,501.2685286062915
11,1,7,15786,16873.37395853265,1087.3739585326512
11,1,8,16298,17465.676816849445,1167.6768168494455
11,1,9,16210,16794.524369402014,584.5243694020137
11,1,10,16231,18576.920583447136,2345.920583447136
11,1,11,16156,17162.912031916625,1006.912031916625
11,1,12,16078,17092.85569942579,1014.8556994257888
11,1,13,15990,17082.170164543524,1092.1701645435242
11,1,14,16205,21835.78210597549,5630.78210597549
11,1,15,16441,22144.40905841256,5703.409058412559
11,1,16,16979,18625.64262930183,1646.6426293018303
11,1,17,17332,18205.37889770991,873.3788977099102
11,1,18,17545,17241.008611327932,303.99138867206784
11,1,19,17409,17276.53238954567,132.46761045432868
11,1,20,17045,17260.636169517904,215.6361695179039
11,1,21,16390,17221.855116617284,831.8551166172838
11,1,22,15140,16792.50227643245,1652.5022764324494
11,1,23,14028,16542.140050494356,2514.140050494356
11,2,0,13196,13051.799928270726,144.200071729274
11,2,1,12690,13168.971260212733,478.9712602127329
11,2,2,12336,13081.295143439136,745.2951434391362
11,2,3,12149,13184.693808198363,1035.6938081983626
11,2,4,12255,13381.000496468416,1126.0004964684158
11,2,5,12968,13558.247852019244,590.2478520192435
11,2,6,14083,14060.8910782956,22.10892170439911
11,2,7,15706,14352.859312979,1353.1406870209994
11,2,8,16166,15865.078963448083,300.9210365519175
11,2,9,16154,16762.065945377806,608.0659453778062
11,2,10,16179,16231.844019506105,52.844019506104814
11,2,11,16163,16710.79419048132,547.7941904813197
11,2,12,16139,17217.354827025756,1078.354827025756
11,2,13,16118,16756.7088604069,638.7088604068995
11,2,14,16003,17051.129852611197,1048.1298526111968
11,2,15,16199,16928.012006019173,729.012006019173
11,2,16,16371,16920.20039623545,549.2003962354502
11,2,17,16626,17062.72593089208,436.7259308920802
11,2,18,16735,15821.731237010115,913.2687629898846
11,2,19,16661,15938.790944278866,722.2090557211341
11,2,20,16486,16304.013380342047,181.98661965795327
11,2,21,15794,16317.094193758014,523.0941937580137
11,2,22,14744,16674.67118781711,1930.6711878171118
11,2,23,13547,16529.69132137393,2982.6913213739317
11,3,0,12785,13396.346302449578,611.3463024495777
11,3,1,12468,14356.772666688432,1888.7726666884319
11,3,2,12077,13393.873878994693,1316.8738789946929
11,3,3,11979,13234.629584837601,1255.6295848376012
11,3,4,11972,13290.71939689706,1318.7193968970605
11,3,5,12546,13475.939517555287,929.9395175552872
11,3,6,13844,13691.16058336274,152.83941663726
11,3,7,15300,14813.45607509093,486.5439249090705
11,3,8,15712,15619.486015074763,92.51398492523731
11,3,9,15418,15547.560130855882,129.56013085588165
11,3,10,14992,15457.64420015474,465.64420015474025
11,3,11,14846,15433.429668663099,587.4296686630987
11,3,12,14608,15508.472557816376,900.4725578163761
11,3,13,14559,15448.12350106364,889.1235010636392
11,3,14,14153,15399.964768096228,1246.964768096228
11,3,15,14220,15842.601445950451,1622.6014459504513
11,3,16,14705,16123.376342203963,1418.3763422039628
11,3,17,15474,16224.125600219679,750.1256002196787
11,3,18,16124,16906.135397180286,782.1353971802855
11,3,19,16450,18073.177394817278,1623.1773948172777
11,3,20,16182,16599.89480033643,417.8948003364312
11,3,21,15655,16554.020492113403,899.0204921134027
11,3,22,14703,16439.811680339488,1736.8116803394878
11,3,23,13738,16249.815038811934,2511.815038811934
11,4,0,12934,12812.42685951546,121.57314048453918
11,4,1,12414,12658.36235444418,244.3623544441798
11,4,2,12126,12922.56338029234,796.5633802923403
11,4,3,12036,12652.996839733612,616.9968397336124
11,4,4,12053,12759.737471121938,706.7374711219381
11,4,5,12313,12849.281598728663,536.2815987286631
11,4,6,12911,12469.854129251065,441.1458707489346
11,4,7,13536,12671.176222728438,864.823777271562
11,4,8,14262,12822.6652695394,1439.3347304605995
11,4,9,14772,13512.173109322734,1259.8268906772664
11,4,10,14875,13846.514648264752,1028.4853517352476
11,4,11,14781,13657.716510960947,1123.2834890390532
11,4,12,14708,14024.969143613946,683.0308563860544
11,4,13,14562,14304.730284121059,257.2697158789415
11,4,14,14453,14426.138198178767,26.861801821232802
11,4,15,14368,14605.674715135112,237.6747151351119
11,4,16,14761,14547.873234694254,213.12676530574572
11,4,17,15432,14957.250163809043,474.74983619095656
11,4,18,15751,15134.405860150047,616.5941398499526
11,4,19,15378,15265.526330643017,112.47366935698301
11,4,20,14858,15420.433860066314,562.4338600663141
11,4,21,14554,15696.047961424474,1142.0479614244741
11,4,22,13936,15815.563739627203,1879.5637396272032
11,4,23,13201,15956.34609098714,2755.346090987139
11,5,0,12479,12414.688046229625,64.31195377037511
11,5,2,11550,12606.942006685089,1056.942006685089
11,5,3,11319,13037.846767155468,1718.8467671554681
11,5,4,11199,13186.50502894021,1987.5050289402097
11,5,5,11424,13273.328430336223,1849.3284303362234
11,5,6,11627,13198.361215790483,1571.3612157904827
11,5,7,12082,13395.497241423982,1313.497241423982
11,5,8,12762,13681.899022312078,919.8990223120782
11,5,9,13671,13876.652364661622,205.6523646616224
11,5,10,14271,14094.575480264417,176.4245197355831
11,5,11,14596,14279.372195987493,316.6278040125071
11,5,12,14837,14549.92511744191,287.0748825580904
11,5,13,14966,14907.959508711378,58.040491288622434
11,5,14,14791,15048.518023273826,257.51802327382575
11,5,15,14715,15024.885412366384,309.8854123663841
11,5,16,14956,15119.45446928258,163.45446928258025
11,5,17,15764,15303.62484850511,460.3751514948908
11,5,18,16246,15467.438332193096,778.5616678069036
11,5,19,15941,15566.66427685981,374.33572314018966
11,5,20,15514,15805.93766123211,291.93766123211026
11,5,21,14989,15634.322580747521,645.322580747521
11,5,22,14253,16729.316777286615,2476.3167772866145
11,5,23,13124,16565.98287421128,3441.9828742112804
11,6,0,12293,13865.60254135244,1572.6025413524403
11,6,1,11727,13124.103516089102,1397.1035160891024
11,6,2,11485,13163.089798191497,1678.0897981914968
11,6,3,11387,13240.026215092144,1853.0262150921444
11,6,4,11205,13263.7944089644,2058.7944089644006
11,6,5,11382,13494.91225085981,2112.9122508598102
11,6,6,12031,13394.467993484115,1363.4679934841151
11,6,7,13751,13504.061944961131,246.9380550388687
11,6,8,15337,14729.7139039392,607.2860960607995
11,6,9,15514,14999.280782885664,514.7192171143361
11,6,10,15604,15129.17536936288,474.8246306371202
11,6,11,15582,15474.89383907405,107.10616092595046
11,6,12,15346,15606.828564766663,260.8285647666635
11,6,13,15154,15547.821570144808,393.821570144808
11,6,14,15381,16219.409239097216,838.4092390972164
11,6,15,15560,15998.696100265082,438.69610026508235
11,6,16,15921,16196.694176167557,275.6941761675571
11,6,17,16779,16527.848890680736,251.15110931926392
11,6,18,17655,16995.70569934546,659.2943006545393
11,6,19,17590,17229.91826427678,360.081735723219
11,6,20,17274,17292.33097622542,18.330976225421182
11,6,21,16849,17082.063250928793,233.06325092879342
11,6,22,16035,16833.00092308888,798.0009230888791
11,6,23,14924,16490.38675305167,1566.386753051669
11,7,0,13879,13220.607845856928,658.3921541430718
11,7,1,13204,13399.479995745749,195.47999574574897
11,7,2,12829,13364.844177112802,535.8441771128018
11,7,3,12597,13640.141268169455,1043.1412681694546
11,7,4,12500,13805.170924504897,1305.170924504897
11,7,5,12693,14190.09076269675,1497.0907626967492
11,7,6,13414,14648.437466284711,1234.4374662847113
11,7,7,14817,14912.9591314855,95.95913148550062
11,7,8,15934,16881.5500243048,947.5500243048009
11,7,9,15943,16327.198795990294,384.19879599029446
11,7,10,15706,15982.24303829368,276.24303829368
11,7,11,15333,15754.620232338686,421.62023233868604
11,7,12,15080,15787.576776923614,707.5767769236136
11,7,13,14897,15820.98928525257,923.98928525257
11,7,14,15053,16135.89872058912,1082.8987205891208
11,7,15,15246,17276.348936541784,2030.3489365417845
11,7,16,15816,16742.44539756247,926.445397562471
11,7,17,16699,17526.710488312416,827.7104883124157
11,7,18,17683,16854.397075046385,828.602924953615
11,7,19,17546,16045.328082450218,1500.671917549782
11,7,20,17340,16262.261582485397,1077.7384175146035
11,7,21,16950,16661.262239527583,288.737760472417
11,7,22,16209,17090.30965357544,881.3096535754412
11,7,23,15076,16394.414616405164,1318.4146164051635
11,8,0,14032,12956.464685012603,1075.5353149873972
11,8,1,13373,13216.26918869711,156.7308113028903
11,8,2,12937,12948.881114667765,11.88111466776536
11,8,3,12770,13162.08746834355,392.0874683435504
11,8,4,12688,13325.76215894633,637.7621589463306
11,8,5,12848,13397.827250239716,549.8272502397158
11,8,6,13507,13422.397318487041,84.60268151295895
11,8,7,14800,14210.04587465894,589.9541253410607
11,8,8,15989,16209.34662201761,220.34662201761057
11,8,9,16043,16371.19500399242,328.1950039924195
11,8,10,15587,15835.37061687976,248.37061687975984
11,8,11,15182,15797.561549373408,615.5615493734076
11,8,14,14939,16205.11730494116,1266.117304941159
11,8,15,15014,16387.310110299168,1373.3101102991677
11,8,16,15433,16397.212546359555,964.2125463595548
11,8,17,16471,17098.334506354568,627.3345063545676
11,8,18,17541,16919.671203935948,621.3287960640519
11,8,19,17465,16934.94887389074,530.0511261092615
11,8,20,17274,16752.330314371462,521.669685628538
11,8,21,16848,16735.629799401016,112.3702005989835
11,8,22,16109,16822.184508331677,713.1845083316766
11,8,23,15114,16019.893008292016,905.893008292016
11,9,0,13997,12621.347475359624,1375.6525246403762
11,9,1,13405,12515.831432464814,889.1685675351855
11,9,2,13043,12800.007264308351,242.9927356916487
11,9,3,12790,12738.57601535411,51.423984645889504
11,9,4,12756,13130.797458937981,374.797458937981
11,9,5,12871,13519.527873134928,648.5278731349281
11,9,6,13538,13652.659153666636,114.65915366663648
11,9,7,14873,13991.212538160557,881.7874618394435
11,9,8,15992,16283.121869649836,291.1218696498363
11,9,9,16020,18929.188923933016,2909.1889239330158
11,9,10,15992,15850.588324494685,141.41167550531463
11,9,11,15733,15894.69251962084,161.69251962083945
11,9,12,15617,16245.055247310233,628.0552473102325
11,9,13,15620,16319.141052300769,699.1410523007689
11,9,14,15747,16494.737509648312,747.737509648312
11,9,15,15815,16817.127361091498,1002.1273610914977
11,9,16,16167,16614.411713383517,447.41171338351705
11,9,17,17280,16940.963987284722,339.03601271527805
11,9,18,17798,16591.59978863248,1206.4002113675197
11,9,19,17467,15809.520604261303,1657.4793957386973
11,9,20,17381,15885.664614771476,1495.3353852285236
11,9,21,17099,15577.721717251914,1521.278282748086
11,9,22,16571,15875.890129530279,695.1098704697215
11,9,23,15513,16316.781176944236,803.781176944236
11,10,0,14434,13173.31343602194,1260.6865639780608
11,10,1,13817,12707.892506199754,1109.1074938002457
11,10,2,13600,12988.486151788173,611.5138482118273
11,10,3,13471,12863.536615362984,607.4633846370161
11,10,4,13506,13116.297286084633,389.702713915367
11,10,5,13655,13741.946375512458,86.94637551245796
11,10,6,14272,13899.668558653355,372.3314413466451
11,10,7,15628,14626.033198619021,1001.9668013809787
11,10,8,16880,15273.223649257992,1606.7763507420077
11,10,9,16832,15055.73742940522,1776.2625705947794
11,10,10,16675,15642.971774071117,1032.0282259288833
11,10,11,16441,15399.945053987858,1041.054946012142
11,10,12,16294,15541.955678280714,752.044321719286
11,10,13,16281,15468.728925682733,812.2710743172665
11,10,14,16141,15506.834454276552,634.1655457234483
11,10,15,16234,15684.414377306377,549.585622693623
11,10,16,16561,16003.693456777917,557.3065432220828
11,10,17,17482,17927.738331560275,445.7383315602747
11,10,18,18565,18044.278074513462,520.7219254865377
11,10,19,18490,18943.230703163114,453.2307031631135
11,10,20,18281,17115.01828171137,1165.981718288629
11,10,21,18048,17238.650490034768,809.3495099652318
11,10,22,17484,17371.432361949184,112.56763805081573
11,10,23,16502,16482.16673814921,19.833261850788404
11,11,0,15412,12320.859920841647,3091.140079158353
11,11,1,14722,13269.753672217617,1452.2463277823827
11,11,2,14286,12979.390743094049,1306.609256905951
11,11,3,14031,13124.373232325137,906.626767674863
11,11,4,13872,13413.408635163172,458.5913648368278
11,11,5,13834,13222.291164079845,611.7088359201553
11,11,6,14152,14054.229714434268,97.77028556573168
11,11,7,14833,14496.946750333864,336.05324966613625
11,11,8,15291,14312.619662960002,978.3803370399983
11,11,9,15515,14158.135993504811,1356.8640064951887
11,11,10,15512,14614.64614860367,897.3538513963304
11,11,11,15466,14522.914857780159,943.0851422198411
11,11,12,15531,15362.307264624162,168.6927353758383
11,11,13,15521,15037.532300700157,483.46769929984293
11,11,14,15276,14644.022523256841,631.9774767431591
11,11,15,15335,14815.919011779213,519.0809882207868
11,11,16,15773,15230.48644274009,542.5135572599102
11,11,17,16681,15793.926083091697,887.0739169083026
11,11,18,17619,15904.469446025101,1714.5305539748988
11,11,19,17346,16167.229992867797,1178.7700071322033
11,11,20,16767,15987.335915329144,779.664084670856
11,11,21,16542,16120.329557057961,421.6704429420388
11,11,22,15903,16384.188529641793,481.18852964179314
11,11,23,15082,16781.501044052722,1699.5010440527221
11,12,0,14301,12638.370471352988,1662.6295286470122
11,12,1,13704,13765.261876810775,61.26187681077499
11,12,2,13247,14106.755537913406,859.7555379134064
11,12,3,13085,13281.468191601049,196.4681916010486
11,12,4,12926,13176.463119802305,250.4631198023053
11,12,5,12901,13557.916599572742,656.9165995727417
11,12,6,13041,13888.183002867538,847.1830028675377
11,12,7,13398,14351.20783290173,953.2078329017295
11,12,8,13970,15190.933328087622,1220.9333280876217
11,12,9,14630,15148.585846490656,518.585846490656
11,12,10,15076,15076.629515124583,0.6295151245831221
11,12,11,15287,14615.038541910219,671.9614580897814
11,12,12,15373,14512.909044636548,860.0909553634519
11,12,13,15381,14882.801778491921,498.19822150807886
11,12,14,15167,15717.909634471494,550.9096344714944
11,12,15,15345,15952.546049395403,607.5460493954033
11,12,16,15844,15335.521730618824,508.4782693811758
11,12,17,16787,15856.484293662106,930.5157063378938
11,12,18,17617,16623.152356866205,993.8476431337949
11,12,19,17127,16808.98404209417,318.0159579058309
11,12,20,16660,16002.296788341342,657.7032116586579
11,12,21,16131,15993.971451895408,137.02854810459212
11,12,22,15657,16412.210252541172,755.2102525411719
11,12,23,14732,16831.24817971177,2099.248179711769
11,13,0,13917,14161.148216676645,244.14821667664546
11,13,1,13508,13756.672592373292,248.672592373292
11,13,2,13165,13918.19921191518,753.1992119151801
11,13,3,13022,14009.46214358378,987.4621435837798
11,13,4,12955,13988.287364642314,1033.287364642314
11,13,5,13151,13732.227654139884,581.2276541398842
11,13,6,13737,14335.020417110482,598.0204171104815
11,13,7,14967,15356.545695964187,389.54569596418696
11,13,8,16346,17156.10894737473,810.1089473747306
11,13,9,16683,17306.354604980148,623.354604980148
11,13,10,16848,19275.547323059727,2427.547323059727
11,13,11,17028,22534.15626922559,5506.15626922559
11,13,12,16966,18186.247045192897,1220.2470451928966
11,13,13,16899,17500.17077767248,601.1707776724797
11,13,14,16839,17802.1620571626,963.1620571626008
11,13,15,17017,18099.548038437802,1082.5480384378025
11,13,16,17229,17815.109548966186,586.1095489661857
11,13,17,17889,18358.5284403634,469.52844036339957
11,13,18,18696,17610.774315987866,1085.2256840121336
11,13,19,18179,17608.082234374422,570.9177656255779
11,13,20,17786,17142.08148971406,643.918510285941
11,13,21,17424,17311.856169826675,112.14383017332511
11,13,22,16617,17320.87083089958,703.870830899581
11,13,23,15451,17237.738387589543,1786.738387589543
11,14,0,14422,13442.2743444049,979.7256555951008
11,14,1,13743,14132.388129687242,389.3881296872423
11,14,2,13386,13705.022722402691,319.0227224026912
11,14,3,13121,13683.35591882595,562.3559188259496
11,14,4,13070,13785.204271696957,715.2042716969572
11,14,5,13287,13563.046220178128,276.04622017812835
11,14,6,13896,13680.37805658426,215.62194341573922
11,14,7,15184,14649.621174262575,534.3788257374254
11,14,8,16367,16352.89904806117,14.100951938829894
11,14,9,16639,16523.53737227319,115.46262772681075
11,14,10,16536,16403.91105953101,132.0889404689915
11,14,11,16426,16603.534788742156,177.5347887421558
11,14,12,16326,16984.10334041084,658.1033404108384
11,14,13,16166,17058.68745326843,892.6874532684305
11,14,14,16178,17057.068832335328,879.0688323353279
11,14,15,16306,17002.962227674703,696.9622276747032
11,14,16,16616,17084.40129283466,468.4012928346601
11,14,17,17397,17114.721846147895,282.2781538521049
11,14,18,18181,16412.607516564087,1768.3924834359132
11,14,19,17988,15994.820945320698,1993.1790546793018
11,14,20,17636,16035.200799966342,1600.799200033658
11,14,21,17242,16484.573845096842,757.426154903158
11,14,22,16463,15913.49044827294,549.5095517270602
11,14,23,15339,15458.929615601231,119.92961560123149
11,15,0,14265,12007.74156025476,2257.2584397452392
11,15,1,13569,11855.538396535052,1713.461603464948
11,15,2,13068,11877.118235351209,1190.8817646487914
11,15,3,12785,12216.316861196281,568.683138803719
11,15,4,12700,12674.222599931982,25.777400068018324
11,15,5,12907,12846.310239324328,60.689760675672005
11,15,6,13573,13202.613447198764,370.38655280123567
11,15,7,15040,13661.278420455921,1378.7215795440788
11,15,8,16117,14841.511639270835,1275.488360729165
11,15,9,16126,15047.164082518353,1078.835917481647
11,15,10,15793,15154.191698395784,638.8083016042165
11,15,11,15753,15634.489741963662,118.5102580363382
11,15,12,15807,15929.16487474599,122.16487474598944
11,15,13,16165,17090.278174149447,925.2781741494473
11,15,14,16484,17326.63275097484,842.6327509748407
11,15,15,16568,16360.701131979094,207.2988680209055
11,15,16,16756,16153.727087793908,602.2729122060919
11,15,17,17383,16456.382758739106,926.6172412608939
11,15,18,18028,15969.393539499524,2058.606460500476
11,15,19,17717,16191.985634748691,1525.0143652513088
11,15,20,17418,16557.386162764593,860.6138372354071
11,15,21,17042,16917.65879131043,124.34120868956961
11,15,22,16307,16599.85962758068,292.85962758068126
11,15,23,15134,16665.400169501136,1531.4001695011357
11,16,0,14003,13178.019966405387,824.9800335946129
11,16,1,13228,13595.038391133417,367.03839113341746
11,16,2,12866,13524.127509445005,658.1275094450048
11,16,3,12670,13753.717428520133,1083.7174285201327
11,16,4,12479,13486.29499322444,1007.2949932244392
11,16,15,16435,16480.883079836196,45.883079836195975
11,16,16,16737,17073.182012633395,336.18201263339506
11,16,17,17360,17094.176371151465,265.823628848535
11,16,19,17791,17220.96862137037,570.0313786296283
11,16,20,17758,17485.441316007164,272.55868399283645
11,16,21,17499,17549.721440214475,50.72144021447457
11,16,22,16839,17013.467974252006,174.46797425200566
11,16,23,15875,17509.49488781883,1634.4948878188297
11,17,0,14837,13950.30731029562,886.6926897043795
11,17,2,13586,13571.338712304005,14.66128769599527
11,17,3,13383,13711.94229515249,328.94229515249026
11,17,4,13354,13717.109806470187,363.1098064701873
11,17,5,13492,13959.705011396209,467.70501139620865
11,17,6,14161,13809.071797401204,351.9282025987959
11,17,7,15490,14501.322802988567,988.6771970114332
11,17,8,16486,16173.908159958062,312.09184004193776
11,17,9,16767,16215.958583273343,551.0414167266572
11,17,10,16408,16318.317515184432,89.68248481556839
11,17,11,16144,16459.770812856645,315.7708128566446
11,17,12,15736,16747.562663659693,1011.5626636596935
11,17,13,15654,15985.72899040857,331.7289904085701
11,17,14,15613,16204.262395195388,591.2623951953883
11,17,15,15677,16205.633431387821,528.6334313878215
11,17,16,16230,16461.434125767544,231.43412576754417
11,17,17,17186,20749.00441980062,3563.0044198006217
11,17,18,18026,18369.839868007588,343.83986800758794
11,17,19,17618,15930.879136348905,1687.1208636510946
11,17,20,17214,15737.608850497918,1476.391149502082
11,17,21,16790,15963.05790273707,826.9420972629305
11,17,22,16150,15965.96180693564,184.0381930643598
11,17,23,15269,15792.75059845674,523.7505984567397
11,18,0,14171,11718.680114142688,2452.3198858573123
11,18,1,13419,11940.138992241742,1478.861007758258
11,18,2,13008,12113.928608266284,894.0713917337162
11,18,3,12691,12305.203812381196,385.79618761880374
11,18,4,12648,12430.899971701903,217.10002829809673
11,18,5,12716,12915.4386443578,199.4386443578005
11,18,6,12890,13495.549071601145,605.5490716011445
11,18,7,13386,13579.236894547983,193.23689454798296
11,18,8,14061,14287.352357822445,226.3523578224449
11,18,9,14987,16307.23439531095,1320.2343953109503
11,18,10,15885,18117.102897205674,2232.102897205674
11,18,11,16007,20292.613176798368,4285.613176798368
11,18,12,16029,15353.361993556116,675.6380064438836
11,18,13,16196,15686.468565155456,509.5314348445445
11,18,14,16190,15574.692322713692,615.3076772863078
11,18,15,16134,15743.379622717586,390.62037728241376
11,18,16,15906,15688.846166372188,217.15383362781176
11,18,17,16492,15721.401279896358,770.5987201036423
11,18,18,16929,15837.50168338699,1091.4983166130096
11,18,19,16428,16011.9897812894,416.0102187106004
11,18,20,15932,16241.24340303379,309.24340303378995
11,18,21,15427,16694.770178499515,1267.7701784995152
11,18,22,14976,16671.535367893786,1695.5353678937863
11,18,23,14158,16713.614817957292,2555.614817957292
11,19,0,13444,13122.466073015381,321.53392698461903
11,19,1,12879,12960.84663593039,81.84663593038931
11,19,2,12490,12790.231278359013,300.23127835901323
11,19,3,12252,12793.513071149684,541.513071149684
11,19,4,12055,12764.031071431642,709.031071431642
11,19,5,12107,13374.005945858662,1267.005945858662
11,19,6,12302,13577.058782714035,1275.0587827140353
11,19,7,12707,13793.788705003622,1086.7887050036225
11,19,8,13224,13998.114306270241,774.1143062702413
11,19,9,14002,14257.963394134556,255.96339413455644
11,19,10,14559,14360.752408437991,198.2475915620089
11,19,11,14881,14143.51632368891,737.4836763110907
11,19,12,15183,14253.904099591844,929.095900408156
11,19,13,15247,14191.661943948042,1055.3380560519581
11,19,14,15299,14475.150539653887,823.8494603461131
11,19,15,15258,14606.374596702559,651.6254032974412
11,19,16,15717,14657.425875016965,1059.5741249830353
11,19,17,16549,14901.616695456518,1647.3833045434822
11,19,18,17724,15227.633854557853,2496.366145442147
11,19,19,17549,15710.353415505677,1838.6465844943232
11,19,20,17139,15738.838372562868,1400.1616274371318
11,19,21,16727,15516.83564014073,1210.164359859269
11,19,22,16062,15934.186645081694,127.81335491830578
11,19,23,15182,15826.6234567426,644.6234567426
11,20,0,14372,13507.997903363115,864.0020966368847
11,20,1,13738,13262.973192916783,475.02680708321714
11,20,2,13323,13423.360049243269,100.3600492432688
11,20,3,13184,13620.573913421693,436.57391342169285
11,20,4,13205,13860.18093282695,655.1809328269501
11,20,5,13329,14116.393766652302,787.3937666523016
11,20,6,13970,14227.155151810895,257.1551518108954
11,20,7,15334,14435.529441310202,898.470558689798
11,20,8,16772,16296.470460766268,475.52953923373207
11,20,9,16920,16574.290274358773,345.7097256412271
11,20,10,16910,16491.859970777474,418.1400292225262
11,20,11,16832,16579.96447868881,252.03552131119068
11,20,12,16775,17363.608954269235,588.6089542692353
11,20,13,16668,16930.664240332706,262.66424033270596
11,20,14,16392,16646.497032432613,254.4970324326132
11,20,15,16492,17141.43731690339,649.4373169033897
11,20,16,16672,17249.366777023617,577.366777023617
11,20,17,17495,17486.222903842627,8.777096157373308
11,20,18,18350,16920.71042579699,1429.2895742030087
11,20,19,18197,17033.905887277546,1163.0941127224542
11,20,20,17778,16936.354065051524,841.6459349484758
11,20,21,17393,16743.829004058847,649.1709959411528
11,20,22,16663,16763.364628682823,100.36462868282251
11,20,23,15428,16550.51071608762,1122.5107160876214
11,21,0,14142,13437.564129375809,704.435870624191
11,21,1,13336,13639.943908618317,303.94390861831744
11,21,2,12830,13718.661256183148,888.661256183148
11,21,3,12582,13766.425845053838,1184.4258450538382
11,21,4,12454,13945.003848142747,1491.0038481427473
11,21,5,12598,14162.159240401348,1564.1592404013481
11,21,6,13309,14437.763975243453,1128.7639752434534
11,21,7,14705,14909.569284426496,204.56928442649587
11,21,8,16024,16177.960943624212,153.96094362421172
11,21,9,16038,16193.349875791375,155.34987579137487
11,21,10,15798,16536.153938211064,738.1539382110641
11,21,11,15579,16519.362102385287,940.3621023852866
11,21,12,15101,16557.782290058265,1456.782290058265
11,21,13,14981,16799.514042717878,1818.5140427178776
11,21,14,15130,16804.56902142251,1674.5690214225106
11,21,15,15576,16968.68289700539,1392.6828970053903
11,21,16,16129,17011.182754048205,882.1827540482045
11,21,17,16807,17116.474236746795,309.4742367467952
11,21,18,17806,16507.29819630287,1298.7018036971313
11,21,19,17597,16761.046584096795,835.9534159032046
11,21,20,17382,17370.047702960095,11.952297039904806
11,21,21,17054,16511.019113721737,542.9808862782629
11,21,22,16609,16829.30662575459,220.30662575459064
11,21,23,15517,15924.297915893505,407.297915893505
11,22,0,14104,12536.095504998688,1567.9044950013122
11,22,1,13597,12686.491337939104,910.5086620608963
11,22,2,13236,12790.113202093546,445.8867979064544
11,22,3,12944,13199.542118335381,255.54211833538102
11,22,4,12603,13485.6237883055,882.6237883055
11,22,5,12722,13753.78505169754,1031.7850516975395
11,22,6,13517,13882.39150230351,365.3915023035097
11,22,7,14838,14127.524223522396,710.4757764776041
11,22,8,16388,15274.75454957395,1113.2454504260495
11,22,9,16822,15840.729111023902,981.2708889760979
11,22,10,16815,15715.209174907586,1099.7908250924138
11,22,11,16762,15361.504780470043,1400.4952195299575
11,22,12,16721,15704.719880017585,1016.2801199824153
11,22,13,16792,15886.133431693796,905.8665683062045
11,22,14,16802,16663.478800221594,138.5211997784063
11,22,15,16807,16835.45307537791,28.453075377910864
11,22,16,17213,17230.519950110327,17.519950110327045
11,22,17,18072,17518.315771326346,553.6842286736537
11,22,18,19092,16830.984033718592,2261.0159662814076
11,22,19,18881,16872.9841424475,2008.0158575524983
11,22,20,18606,17116.133869782818,1489.8661302171822
11,22,21,18265,17310.14901683892,954.8509831610791
11,22,22,17586,17053.37933300442,532.6206669955791
11,22,23,16480,16786.21877077544,306.2187707754383
11,23,0,15212,13668.367915373643,1543.632084626357
11,23,1,14274,13330.458497950323,943.5415020496766
11,23,2,13827,13517.041337674515,309.9586623254854
11,23,3,13628,13406.681786055931,221.3182139440687
11,23,4,13551,13554.164446556302,3.1644465563022095
11,23,5,13630,13509.419509450157,120.58049054984258
11,23,6,14330,13778.158475970136,551.8415240298636
11,23,7,15604,14281.90213820814,1322.0978617918609
11,23,8,16937,17666.36562394145,729.3656239414486
11,23,9,17164,21026.6328962393,3862.6328962393018
11,23,10,17121,17029.593229401853,91.40677059814698
11,23,11,16959,16528.972253049615,430.02774695038534
11,23,12,16881,16321.539347745103,559.4606522548966
11,23,13,16923,16277.340739682442,645.6592603175577
11,23,14,16753,16692.116315332412,60.88368466758766
11,23,15,16880,16814.050668551215,65.9493314487845
11,23,16,17147,16106.210294392316,1040.7897056076836
11,23,17,17710,16490.066410713545,1219.9335892864547
11,23,18,18502,15832.094384984779,2669.905615015221
11,23,19,18226,16161.250642845462,2064.7493571545383
11,23,20,18063,16758.993115431258,1304.006884568742
11,23,21,17686,16692.71857050434,993.2814294956588
11,23,22,17037,16449.290709022942,587.7092909770581
11,23,23,15951,16125.461665671217,174.4616656712169
11,24,0,14719,12645.005960525545,2073.9940394744553
11,24,1,13947,12897.243968684676,1049.7560313153244
11,24,2,13473,13039.808068057222,433.19193194277796
11,24,3,13175,12972.632367826749,202.36763217325097
11,24,4,13041,13025.531103660382,15.468896339618368
11,24,5,13092,13178.185387743248,86.1853877432477
11,24,6,13630,13227.418521731832,402.5814782681682
11,24,7,14841,13485.90391360124,1355.0960863987602
11,24,8,15995,14751.021168103569,1243.978831896431
11,24,9,16122,14946.399691556227,1175.6003084437725
11,24,10,15749,15476.768981468509,272.2310185314909
11,24,11,15215,15435.445196040911,220.44519604091147
11,24,12,15178,15434.96599256782,256.96599256782065
11,24,13,15093,15686.481799852048,593.4817998520484
11,24,14,15024,15837.37550384558,813.3755038455802
11,24,15,15160,16221.017600806106,1061.0176008061062
11,24,16,15473,16169.994973018673,696.9949730186727
11,24,17,16160,16411.083841508407,251.0838415084072
11,24,18,17069,15812.365036378887,1256.6349636211125
11,24,19,16651,15952.547939791395,698.452060208605
11,24,20,16465,16053.972205674465,411.02779432553507
11,24,21,16253,15814.91371202772,438.08628797228084
11,24,22,15570,16180.853370196224,610.8533701962242
11,24,23,14477,16189.433710629892,1712.4337106298917
11,25,0,13646,12540.972992754627,1105.0270072453732
11,25,1,12770,12681.447812759712,88.55218724028782
11,25,2,12137,12769.004085224835,632.0040852248349
11,25,3,11910,12899.711718007278,989.7117180072783
11,25,4,11687,13356.025118936981,1669.025118936981
11,25,5,11739,13823.800381860416,2084.8003818604157
11,25,6,11992,14353.27122002808,2361.2712200280803
11,25,7,12623,13982.858198091253,1359.8581980912531
11,25,8,13526,13934.926096376641,408.926096376641
11,25,9,14352,14133.760058827404,218.23994117259645
11,25,10,14968,14332.158961735799,635.8410382642014
11,25,11,15165,14454.882039855098,710.1179601449021
11,25,12,15279,14584.472267941064,694.5277320589357
11,25,13,14971,14818.136562828257,152.8634371717435
11,25,14,15013,14917.188941966013,95.81105803398714
11,25,15,14990,15048.638238859374,58.638238859373814
11,25,16,15246,15064.117378710049,181.8826212899512
11,25,17,15992,15079.584993841107,912.4150061588934
11,25,18,16641,15296.183135340783,1344.8168646592167
11,25,19,16258,15489.609600634773,768.3903993652275
11,25,20,15800,15649.395810682887,150.6041893171132
11,25,21,15487,15989.575256237413,502.57525623741276
11,25,22,15001,15448.73710032108,447.7371003210792
11,25,23,14293,15626.218570466035,1333.218570466035
11,26,0,13453,12258.436170044879,1194.563829955121
11,26,1,12905,12359.16949040375,545.8305095962496
11,26,2,12567,12558.884588701427,8.115411298573235
11,26,3,12319,12535.910063400268,216.91006340026797
11,26,4,12222,13291.570720823911,1069.570720823911
11,26,5,12261,13380.239656815525,1119.2396568155254
11,26,6,12562,13325.406402532153,763.4064025321532
11,26,7,12955,13678.208104895482,723.2081048954824
11,26,8,13649,13908.610423678061,259.6104236780611
11,26,9,14301,14013.289646109459,287.7103538905412
11,26,10,14821,14322.50837984613,498.4916201538708
11,26,11,14897,14494.111743203368,402.88825679663205
11,26,12,15065,14523.950016989593,541.0499830104072
11,26,13,14972,14551.520394442528,420.4796055574716
11,26,14,14985,14418.287256543033,566.7127434569666
11,26,15,15098,14449.84246769387,648.1575323061297
11,26,16,15497,14777.90292753589,719.0970724641102
11,26,17,16301,15036.225267397309,1264.774732602691
11,26,18,17380,15468.118130261382,1911.8818697386178
11,26,19,17309,15664.040787995835,1644.9592120041652
11,26,20,16889,15867.577895557228,1021.4221044427723
11,26,21,16409,16030.66453699425,378.33546300574926
11,26,22,15856,16161.572422384723,305.5724223847228
11,26,23,14940,16081.63458970004,1141.6345897000392
11,27,0,14019,13389.064281789138,629.9357182108615
11,27,1,13429,13651.81994094997,222.81994094997026
11,27,2,12926,13751.214934748039,825.214934748039
11,27,3,12697,13857.178585779688,1160.1785857796876
11,27,4,12583,14051.978628136392,1468.9786281363922
11,27,5,13079,14154.327323313868,1075.327323313868
11,27,6,13826,14821.86842825841,995.8684282584109
11,27,7,15243,15760.538380546972,517.5383805469719
11,27,8,16801,17530.882204896232,729.882204896232
11,27,9,17022,17618.62133545796,596.6213354579595
11,27,10,16667,17312.522481272452,645.5224812724518
11,27,11,16287,17019.99018265163,732.9901826516289
11,27,12,16151,16590.461939395347,439.46193939534714
11,27,13,16160,16422.113638763978,262.1136387639781
11,27,14,16227,17633.524644872337,1406.5246448723374
11,27,15,16336,17483.688298887922,1147.6882988879224
11,27,16,16780,17506.030301687584,726.0303016875841
11,27,17,17907,18240.769262411693,333.7692624116935
11,27,18,19115,17939.249943064708,1175.7500569352924
11,27,19,18815,18624.701424230418,190.29857576958238
11,27,20,18390,17643.203177851465,746.7968221485353
11,27,21,17933,16852.13103223503,1080.8689677649709
11,27,22,17190,16535.35891626095,654.6410837390504
11,27,23,16290,16595.729718844468,305.72971884446815
11,28,0,14897,13081.20269915164,1815.7973008483605
11,28,1,14077,13173.316121230371,903.6838787696288
11,28,2,13430,13333.000110897749,96.99988910225147
11,28,3,13294,13377.207711248222,83.20771124822204
11,28,4,13190,13507.867407040369,317.86740704036856
11,28,5,13268,13251.513518438693,16.4864815613073
11,28,6,13836,13744.676599071034,91.3234009289663
11,28,7,15301,14100.781167405068,1200.2188325949319
11,28,8,16435,15508.138256748154,926.8617432518458
11,28,9,16437,16140.945508780473,296.05449121952734
11,28,10,15781,16283.879476502549,502.87947650254864
11,28,11,15183,16906.586310689854,1723.5863106898541
11,28,12,14782,16865.498859846233,2083.4988598462332
11,28,13,14717,16879.54401536269,2162.5440153626914
11,28,14,14677,16998.45060354742,2321.4506035474187
11,28,15,14806,17028.86413993783,2222.8641399378284
11,28,16,15343,17398.175211352675,2055.1752113526745
11,28,17,16429,17416.375756403308,987.3757564033076
11,28,18,17510,16991.59629142498,518.4037085750206
11,28,19,17314,16373.032592237927,940.967407762073
11,28,20,17110,16615.048594458938,494.95140554106183
11,28,21,16763,17033.653347487412,270.65334748741225
11,28,22,16006,17195.136101447406,1189.136101447406
11,28,23,14920,17072.242929977023,2152.242929977023
11,29,0,13743,13582.668246361442,160.33175363855844
11,29,1,13035,13826.447243688457,791.4472436884571
11,29,2,12563,13891.024081389825,1328.0240813898254
11,29,3,12375,13800.403323116047,1425.4033231160465
11,29,4,12334,13622.069564386853,1288.069564386853
11,29,5,12501,13919.445473165702,1418.4454731657024
11,29,6,13142,14148.39121891001,1006.3912189100101
11,29,7,14564,14356.093609162095,207.90639083790484
11,29,8,15981,15479.152560710065,501.8474392899352
11,29,9,16187,15678.575563321505,508.4244366784951
11,29,10,16090,15676.752174579193,413.2478254208072
11,29,11,15956,15543.760817376413,412.2391826235871
11,29,12,15499,15342.452322015071,156.54767798492867
11,29,13,15364,15700.463888708793,336.4638887087931
11,29,14,15384,16374.58653983954,990.5865398395399
11,29,15,15409,16344.743236746759,935.7432367467591
11,29,16,16018,16816.493356826388,798.4933568263878
11,29,17,17108,18173.03798488488,1065.0379848848788
11,29,18,18329,16759.946456319558,1569.053543680442
11,29,19,18088,16654.384830790288,1433.615169209712
11,29,20,17745,16563.24953117599,1181.7504688240115
11,29,21,17589,17095.135764086855,493.8642359131445
11,29,22,16957,16871.651987363453,85.34801263654663
11,29,23,15774,16604.470415921365,830.4704159213652
11,30,0,14543,13123.327584990697,1419.6724150093032
11,30,1,13760,12535.414265612893,1224.5857343871066
11,30,2,13348,12616.925906703804,731.0740932961962
11,30,3,13078,12397.591041509144,680.4089584908561
11,30,4,12962,12845.616678487051,116.3833215129489
11,30,5,13041,12989.95342763615,51.04657236384992
11,30,6,13623,13567.066587735895,55.933412264104845
11,30,7,15120,13584.965319497165,1535.0346805028348
11,30,8,16477,14900.757706055412,1576.2422939445878
11,30,9,16495,15282.86546832105,1212.1345316789502
11,30,10,16215,15332.348012348482,882.6519876515176
11,30,11,16376,16008.858508548465,367.14149145153533
11,30,12,16487,18163.950801312716,1676.950801312716
11,30,13,16692,18736.479834241803,2044.4798342418035
11,30,14,16672,16688.04016301057,16.040163010569813
11,30,15,16790,16538.9592040073,251.0407959926997
11,30,16,16912,16821.887004397442,90.11299560255793
11,30,17,17585,16870.59279847149,714.4072015285092
11,30,18,18101,15659.669347922301,2441.3306520776987
11,30,19,17804,16324.093331483544,1479.9066685164562
11,30,20,17684,16339.082879978347,1344.9171200216533
11,30,21,17329,17215.800427622173,113.19957237782728
11,30,22,16690,16760.792198151084,70.79219815108445
11,30,23,15543,16676.726240836273,1133.726240836273
12,1,0,14558,13241.4510339185,1316.5489660815
12,1,1,13665,12928.259386505028,736.7406134949724
12,1,2,13084,12836.701939028913,247.29806097108667
12,1,3,12768,13003.665728633881,235.66572863388137
12,1,4,12746,12956.666217710934,210.66621771093378
12,1,5,12875,13387.351875395716,512.351875395716
12,1,6,13550,13748.575964498095,198.57596449809535
12,1,7,14875,15681.032623783678,806.032623783678
12,1,8,16407,16006.713779474745,400.286220525255
12,1,9,16624,16162.306803317531,461.6931966824686
12,1,10,16582,16266.714448418785,315.28555158121526
12,1,11,16354,15471.914573375481,882.0854266245187
12,1,12,15928,15625.692903368745,302.30709663125526
12,1,13,15820,15827.86691427016,7.866914270160123
12,1,14,15820,16283.05596237935,463.0559623793506
12,1,15,15966,16227.520466099797,261.520466099797
12,1,16,16308,16099.240118713959,208.7598812860415
12,1,17,17131,16496.41300289263,634.5869971073698
12,1,18,17781,16756.023589847213,1024.9764101527871
12,1,19,17587,16707.732336191417,879.2676638085832
12,1,20,17391,16568.979611275132,822.0203887248681
12,1,21,17080,16705.93078070999,374.06921929000964
12,1,22,16504,16782.368390910775,278.3683909107749
12,1,23,15526,16595.73176726909,1069.7317672690915
12,2,0,14349,13009.67218079254,1339.3278192074595
12,2,1,13465,12118.235334551913,1346.7646654480868
12,2,2,12887,12870.826808900065,16.17319109993514
12,2,3,12595,13197.240915617,602.2409156169997
12,2,4,12493,13179.43692097257,686.4369209725701
12,2,5,12526,13423.72334571643,897.7233457164293
12,2,6,12790,13417.601537115163,627.6015371151625
12,2,7,13437,13511.802750716619,74.8027507166189
12,2,8,14319,13142.76268921035,1176.2373107896492
12,2,9,15055,13634.896670856888,1420.1033291431122
12,2,10,15581,14013.282821889621,1567.7171781103789
12,2,11,15756,13747.100184790948,2008.8998152090517
12,2,12,15514,13522.0282344836,1991.9717655164004
12,2,13,15124,13663.126358749898,1460.873641250102
12,2,14,14813,14015.64273765327,797.3572623467298
12,2,15,14697,14255.385955895332,441.6140441046682
12,2,16,15002,14790.309823304055,211.6901766959454
12,2,17,16086,16029.990394606373,56.00960539362677
12,2,18,17048,15715.922255782063,1332.077744217937
12,2,19,16535,15893.495556530559,641.504443469441
12,2,20,15952,15419.205686153831,532.7943138461687
12,2,21,15548,15375.202350134938,172.79764986506234
12,2,22,15136,15960.505926416059,824.5059264160591
12,2,23,14357,15988.023779987761,1631.0237799877614
12,3,0,13505,12617.19958286748,887.8004171325192
12,3,1,12880,13160.654122593447,280.654122593447
12,3,2,12509,13456.593575013261,947.5935750132612
12,3,3,12236,13762.16596802724,1526.1659680272405
12,3,4,12093,13814.68189621979,1721.6818962197904
12,3,5,12151,13930.508639159036,1779.5086391590357
12,3,6,12491,13976.55015044277,1485.5501504427702
12,3,7,12984,14185.584729383754,1201.5847293837542
12,3,8,13633,14766.690493369571,1133.6904933695714
12,3,9,14136,14382.748914319043,246.74891431904325
12,3,10,14357,14402.486421429221,45.48642142922108
12,3,11,14357,14358.769775488556,1.7697754885557515
12,3,12,14318,14140.435622867279,177.56437713272135
12,3,13,14227,14675.752212119134,448.75221211913413
12,3,14,14227,15416.92302491644,1189.9230249164393
12,3,15,14372,15329.947634594499,957.9476345944986
12,3,16,14960,15961.22051452798,1001.2205145279804
12,3,17,16309,16358.79347362987,49.79347362987028
12,3,18,17377,16612.85138900278,764.1486109972211
12,3,19,17064,16099.216874316651,964.7831256833488
12,3,20,16790,16115.505522316987,674.4944776830125
12,3,21,16448,15933.05009282788,514.9499071721202
12,3,22,15870,16636.406898315683,766.4068983156831
12,3,23,14973,16089.431975563168,1116.4319755631677
12,4,0,14002,13053.911889954288,948.0881100457118
12,4,1,13363,13267.765210349175,95.2347896508254
12,4,2,12780,13372.809994109326,592.809994109326
12,4,3,12529,13201.794298181077,672.7942981810775
12,4,4,12491,13482.560320644172,991.560320644172
12,4,5,12812,13388.607011584936,576.6070115849361
12,4,6,13597,13484.016223221475,112.98377677852477
12,4,7,14893,13679.803041171372,1213.1969588286283
12,4,8,16496,15081.141700332193,1414.858299667807
12,4,9,16639,15055.574262228438,1583.4257377715621
12,4,11,16426,15896.91295118397,529.0870488160308
12,4,12,16336,16156.781961860694,179.21803813930637
12,4,13,16113,16289.454616828347,176.45461682834684
12,4,14,16021,17088.972425082073,1067.9724250820727
12,4,15,16379,17104.453987277026,725.4539872770256
12,4,16,16554,16995.65579475979,441.6557947597903
12,4,17,17426,17294.032498649805,131.96750135019465
12,4,18,18306,16738.467809600494,1567.5321903995064
12,4,19,17918,16606.42865467589,1311.5713453241115
12,4,20,17604,16679.65461185404,924.3453881459609
12,4,21,17194,16385.96606225726,808.0339377427408
12,4,22,16381,16733.5453651038,352.5453651038006
12,4,23,15213,16634.208156228324,1421.2081562283238
12,5,0,13978,13283.680245688085,694.319754311915
12,5,1,13148,12908.10039664151,239.8996033584899
12,5,2,12732,12666.05433821136,65.94566178864079
12,5,3,12493,12933.54560825826,440.5456082582605
12,5,4,12374,13163.419569960965,789.4195699609645
12,5,5,12489,13344.759430781032,855.7594307810323
12,5,6,13036,13399.308668410571,363.30866841057104
12,5,7,14376,13946.88973195606,429.11026804393987
12,5,8,15836,15060.328591887313,775.6714081126865
12,5,9,16419,15157.580435016613,1261.4195649833873
12,5,10,16439,15429.580867453027,1009.4191325469728
12,5,11,16497,15816.572312711476,680.4276872885239
12,5,12,16476,16091.42840038412,384.5715996158797
12,5,13,16267,16037.286554579736,229.71344542026418
12,5,14,16226,16429.343784774792,203.34378477479186
12,5,15,16402,16285.173153860324,116.82684613967649
12,5,16,16685,16590.35535457122,94.64464542877977
12,5,17,17483,16509.09699742905,973.9030025709508
12,5,18,18170,15946.011613478311,2223.988386521689
12,5,19,17946,15751.5819141106,2194.4180858893997
12,5,20,17785,16276.015896762305,1508.9841032376953
12,5,21,17430,15936.873763294212,1493.126236705788
12,5,22,16803,15921.076768073988,881.9232319260118
12,5,23,15721,15989.768549436567,268.7685494365669
12,6,0,14412,12763.375957103653,1648.6240428963465
12,6,1,13778,12678.403757177188,1099.5962428228122
12,6,2,13347,13231.183435259542,115.81656474045849
12,6,3,13107,13365.152133088799,258.152133088799
12,6,4,13050,13425.622959626886,375.62295962688586
12,6,5,13285,13799.697248265596,514.6972482655965
12,6,6,13869,13910.820105199935,41.820105199934915
12,6,7,15154,13892.559869647928,1261.4401303520717
12,6,8,16693,15024.973807283452,1668.0261927165484
12,6,9,16693,15201.821443136167,1491.1785568638334
12,6,10,16054,15434.143345676617,619.8566543233828
12,6,11,15743,15653.951920385596,89.04807961440383
12,6,12,15682,15852.617137067818,170.61713706781848
12,6,13,15697,16043.94782945595,346.94782945595034
12,6,14,15799,16160.22468997263,361.2246899726306
12,6,15,16265,16168.40222435212,96.59777564788055
12,6,18,18780,16104.194389263055,2675.805610736945
12,6,20,18631,16279.057261308173,2351.942738691827
12,6,21,18215,16117.96209627965,2097.0379037203493
12,6,22,17215,16497.920982633226,717.0790173667738
12,6,23,16066,16367.350481268804,301.3504812688043
12,7,0,14975,13166.659455076511,1808.3405449234888
12,7,1,14234,13297.15960109398,936.8403989060207
12,7,2,13688,13356.58816169398,331.4118383060195
12,7,3,13619,13477.59979806325,141.40020193675082
12,7,4,13499,13653.481082394408,154.48108239440808
12,7,5,13540,13887.599276091318,347.59927609131773
12,7,6,14212,14022.196565388262,189.80343461173834
12,7,7,15806,14661.430522621093,1144.5694773789073
12,7,8,17315,17210.793736720974,104.20626327902573
12,7,9,17484,17336.11747539534,147.88252460466174
12,7,10,17278,17143.366732270093,134.63326772990695
12,7,11,17268,16108.530425890258,1159.469574109742
12,7,12,17065,15972.362701044458,1092.637298955542
12,7,13,16737,15884.068948584267,852.9310514157332
12,7,14,16902,16379.971443805118,522.0285561948822
12,7,15,16830,15913.127599671565,916.8724003284351
12,7,16,17028,16391.530649694243,636.469350305757
12,7,18,19094,16518.61167258999,2575.3883274100117
12,7,20,18756,16397.22674653265,2358.7732534673487
12,7,21,18259,16069.460292673004,2189.539707326996
12,7,22,17708,16191.685612293124,1516.314387706876
12,7,23,16508,16071.479406178487,436.5205938215131
12,8,0,15274,12833.632790252179,2440.367209747821
12,8,1,14502,12987.300505714518,1514.6994942854817
12,8,2,14096,13041.65517117607,1054.3448288239306
12,8,4,13785,13332.793139938009,452.2068600619914
12,8,5,13786,13467.269803845667,318.7301961543326
12,8,6,14507,13754.385054945556,752.6149450544435
12,8,7,15888,13854.723889470062,2033.2761105299378
12,8,8,17313,15495.551672807569,1817.448327192431
12,8,9,17509,15823.864130875816,1685.135869124184
12,8,10,17252,15511.16514456465,1740.8348554353506
12,8,11,16843,15412.02202580805,1430.9779741919501
12,8,12,16721,15880.1809484063,840.8190515937004
12,8,13,16578,15748.026976484998,829.9730235150018
12,8,14,16634,15832.31434797384,801.6856520261608
12,8,15,16865,16077.411252862516,787.5887471374845
12,8,16,17226,16190.169401093965,1035.8305989060354
12,8,17,18188,16661.43714336148,1526.5628566385203
12,8,18,18988,15786.442130254592,3201.5578697454075
12,8,19,18635,16034.084872076608,2600.915127923392
12,8,20,18511,17040.33663774083,1470.663362259169
12,8,21,18292,16233.00591659299,2058.9940834070094
12,8,22,17577,16380.66535518234,1196.3346448176599
12,8,23,16545,17080.70071872325,535.7007187232484
12,9,0,15391,12895.893553667423,2495.1064463325765
12,9,1,14567,13152.589959247423,1414.4100407525766
12,9,2,14045,13321.492323660297,723.5076763397028
12,9,3,13617,12879.27097700344,737.7290229965602
12,9,4,13422,12940.401466045081,481.5985339549188
12,9,5,13561,13186.53256375176,374.4674362482401
12,9,6,13795,13209.68359986285,585.3164001371497
12,9,7,14399,13560.587651453756,838.4123485462442
12,9,8,15206,14222.951798985885,983.048201014115
12,9,9,16000,14442.210849209023,1557.7891507909771
12,9,10,16581,14737.810376216792,1843.189623783208
12,9,11,16770,14868.074889931897,1901.925110068103
12,9,12,16759,14856.274155055715,1902.7258449442852
12,9,13,16664,14653.738442283946,2010.261557716054
12,9,14,16385,15258.70876414849,1126.2912358515096
12,9,15,16372,15613.689014406787,758.3109855932125
12,9,16,16585,15505.660493530342,1079.3395064696579
12,9,17,17414,15872.710954551783,1541.2890454482167
12,9,18,18234,16451.806247918263,1782.1937520817373
12,9,19,17912,16599.388232139703,1312.6117678602968
12,9,20,17482,16510.560393094107,971.439606905893
12,9,21,17040,16020.22453303505,1019.7754669649494
12,9,22,16455,16047.812190673194,407.187809326806
12,9,23,15739,15871.596086907717,132.5960869077171
12,10,0,14775,12339.489329977447,2435.5106700225533
12,10,1,14081,12127.52117331524,1953.4788266847609
12,10,2,13581,12533.859400130455,1047.1405998695445
12,10,3,13283,12778.20485738248,504.79514261752047
12,10,4,13136,12853.496747966708,282.5032520332916
12,10,5,13102,13139.064220953662,37.06422095366179
12,10,6,13337,13282.22642289021,54.773577109790494
12,10,7,13779,13239.945313427834,539.0546865721662
12,10,8,14418,13460.559431107735,957.4405688922652
12,10,9,15162,13997.92896817046,1164.0710318295405
12,10,10,15795,14379.476287259542,1415.523712740458
12,10,11,16039,14653.417026114488,1385.5829738855118
12,10,12,16187,14743.769905984964,1443.2300940150362
12,10,13,16276,14723.233034076566,1552.7669659234343
12,10,14,16318,14786.47573367935,1531.52426632065
12,10,15,16497,15051.219527834894,1445.7804721651064
12,10,16,16908,15314.324948123576,1593.6750518764238
12,10,17,17925,15638.4479273787,2286.5520726213
12,10,18,18735,15940.000814067767,2794.9991859322326
12,10,19,18448,16050.312310390264,2397.6876896097365
12,10,20,18148,16159.885054297189,1988.1149457028114
12,10,21,17768,16402.982818501958,1365.0171814980422
12,10,22,17185,16546.928964364437,638.071035635563
12,10,23,16302,16518.96466914805,216.96466914804842
12,11,0,15297,14407.334385520815,889.665614479185
12,11,1,14631,14615.742472319957,15.257527680043495
12,11,2,14259,14677.847688380043,418.8476883800431
12,11,3,14141,15115.246831458584,974.246831458584
12,11,4,14141,14955.179816108523,814.1798161085226
12,11,5,14354,15180.33885567433,826.3388556743303
12,11,6,15004,15171.166319380587,167.16631938058708
12,11,7,16490,16021.24217791647,468.7578220835294
12,11,8,18069,17666.67995114087,402.3200488591283
12,11,9,18225,17244.471431923852,980.5285680761481
12,11,10,18127,17477.07700634839,649.9229936516094
12,11,11,18189,17450.000178900966,738.9998210990343
12,11,12,18176,17605.662282357356,570.3377176426438
12,11,13,17906,17286.04049289834,619.9595071016593
12,11,14,17893,17318.514399190197,574.4856008098031
12,11,15,18279,17508.75042180884,770.2495781911603
12,11,16,18830,18197.780932587182,632.2190674128178
12,11,17,19730,18337.154484004823,1392.8455159951773
12,11,18,20306,17612.80669802804,2693.193301971962
12,11,19,19957,17650.333493652884,2306.6665063471155
12,11,20,19788,17689.50720708905,2098.492792910951
12,11,21,19565,17729.989871168793,1835.010128831207
12,11,22,18768,18016.739825341407,751.2601746585933
12,11,23,17525,17832.74789208643,307.7478920864305
12,12,0,16133,14268.698498749658,1864.301501250342
12,12,1,15404,14551.56243141129,852.4375685887098
12,12,2,14844,14828.753646402456,15.24635359754393
12,12,3,14492,14607.033809661141,115.03380966114128
12,12,4,14259,14504.85645054351,245.8564505435097
12,12,5,14480,14409.810716270671,70.18928372932896
12,12,6,15141,14462.461629377205,678.5383706227949
12,12,7,16398,14758.325856680487,1639.674143319513
12,12,8,17634,16114.547253695217,1519.4527463047834
12,12,9,17921,16138.90641055453,1782.0935894454706
12,12,10,18037,16283.964475960123,1753.0355240398767
12,12,11,18123,16381.932235732973,1741.067764267027
12,12,12,18262,16350.167847253262,1911.8321527467378
12,12,13,18158,16470.412605689427,1687.5873943105726
12,12,14,18062,16396.221639485637,1665.7783605143632
12,12,15,18088,16689.32646676887,1398.673533231129
12,12,16,18301,16798.75353749798,1502.2464625020184
12,12,17,19093,16876.456138868067,2216.543861131933
12,12,18,20030,16736.080360429954,3293.9196395700455
12,12,19,19866,16894.85352867998,2971.1464713200185
12,12,20,19773,16723.80457003764,3049.1954299623612
12,12,21,19461,16225.764916827939,3235.2350831720614
12,12,22,18863,16403.340831934936,2459.6591680650636
12,12,23,17607,16579.900159304245,1027.0998406957551
12,13,0,16440,12971.78255317523,3468.2174468247704
12,13,1,15510,12738.593210422456,2771.4067895775443
12,13,2,15070,12984.856291835564,2085.1437081644362
12,13,3,14886,13343.84632334571,1542.1536766542904
12,13,4,14838,13671.008631510462,1166.9913684895382
12,13,5,14972,13636.208656893474,1335.7913431065263
12,13,6,15795,13993.032911322889,1801.967088677111
12,13,7,17242,14424.207333021679,2817.792666978321
12,13,8,18752,16748.916752514946,2003.083247485054
12,13,9,18914,16456.646866932817,2457.353133067183
12,13,10,18895,16888.07473295993,2006.925267040071
12,13,11,18795,17062.870377164905,1732.1296228350948
12,13,12,18669,17060.763370286666,1608.236629713334
12,13,13,18521,17370.1959464255,1150.8040535744985
12,13,14,18414,17141.818114781676,1272.1818852183242
12,13,15,18459,17450.06352552617,1008.9364744738305
12,13,16,18758,17565.36377751397,1192.6362224860313
12,13,17,19489,17988.92145127383,1500.078548726171
12,13,18,20251,17248.55531981669,3002.444680183311
12,13,19,20052,17470.195074360352,2581.804925639648
12,13,20,20009,17675.687046304763,2333.3129536952365
12,13,21,19808,17932.80044209784,1875.1995579021604
12,13,22,19193,18502.729668331667,690.2703316683328
12,13,23,18001,17933.95873275811,67.04126724188973
12,14,0,16836,14160.681999134096,2675.3180008659037
12,14,1,15969,14233.328059710377,1735.6719402896233
12,14,2,15586,14260.072654059846,1325.9273459401538
12,14,3,15516,14307.542640267879,1208.4573597321214
12,14,4,15539,14775.237179730215,763.7628202697852
12,14,5,15584,15085.357876503944,498.64212349605623
12,14,6,16354,16746.216985074323,392.216985074323
12,14,7,17557,17124.25346180906,432.74653819093874
12,14,8,19121,23164.286974376777,4043.286974376777
12,14,9,19193,25803.384001310405,6610.384001310405
12,14,10,19225,17482.178167825834,1742.821832174166
12,14,11,19080,17310.619266388618,1769.3807336113823
12,14,12,18951,16921.82562772467,2029.1743722753308
12,14,13,18467,16527.161502472798,1939.838497527202
12,14,14,18497,16788.601473463925,1708.3985265360752
12,14,15,18569,17353.59563227532,1215.404367724681
12,14,16,18788,17523.71445953328,1264.2855404667207
12,14,17,19284,17781.26611209511,1502.7338879048912
12,14,18,19981,17174.950478328952,2806.049521671048
12,14,19,19996,17282.22546952216,2713.77453047784
12,14,20,19948,17569.94583462522,2378.0541653747787
12,14,21,19851,17593.737459790496,2257.2625402095036
12,14,22,19409,17447.45228998373,1961.5477100162716
12,14,23,18248,18026.311896038158,221.688103961842
12,15,0,16989,14769.199919094666,2219.8000809053337
12,15,1,16117,13664.46561093356,2452.534389066441
12,15,2,15656,13852.354245218758,1803.6457547812424
12,15,3,15518,14153.671962867458,1364.3280371325418
12,15,4,15328,14620.395952770785,707.6040472292152
12,15,5,15493,14378.177344611382,1114.822655388618
12,15,6,16019,14436.979865698919,1582.0201343010813
12,15,7,17479,15495.229499154022,1983.770500845978
12,15,8,18869,17822.392149723342,1046.6078502766577
12,15,9,18967,17002.115735655763,1964.8842643442367
12,15,10,19067,16884.0910264531,2182.908973546899
12,15,11,19002,16965.255858605873,2036.744141394127
12,15,12,18870,17397.80094634146,1472.19905365854
12,15,13,18583,16742.45963168252,1840.540368317481
12,15,14,18731,17551.690568892824,1179.3094311071764
12,15,15,18573,17931.500056102937,641.4999438970626
12,15,16,18626,17850.597251061612,775.402748938388
12,15,17,19318,19411.245036989,93.24503698899935
12,15,18,19926,21613.968014054743,1687.9680140547425
12,15,19,19625,18108.232811151487,1516.767188848513
12,15,20,19192,16846.320305347246,2345.679694652754
12,15,21,18884,17111.280118287792,1772.719881712208
12,15,22,18367,17777.997453800457,589.0025461995428
12,15,23,17280,17210.553320571835,69.44667942816523
12,16,0,16083,13278.639946278698,2804.3600537213024
12,16,1,15208,13486.976051077736,1721.023948922264
12,16,2,14715,13580.537640120561,1134.4623598794387
12,16,3,14357,13775.496182124496,581.503817875504
12,16,4,14248,13511.179722850966,736.8202771490342
12,16,5,14248,13857.87148370538,390.12851629462057
12,16,6,14492,14048.450414609322,443.54958539067775
12,16,7,15176,14776.61511911048,399.38488088952
12,16,8,16158,15617.833255953909,540.1667440460915
12,16,9,17019,16082.149234879354,936.8507651206455
12,16,10,17699,16190.034250155175,1508.965749844825
12,16,11,17927,16907.351121945736,1019.6488780542641
12,16,12,17910,16453.76348521363,1456.2365147863711
12,16,13,17603,16067.854008777165,1535.1459912228347
12,16,14,17452,16146.46813284511,1305.5318671548903
12,16,15,17108,16120.74317586213,987.2568241378704
12,16,16,17203,16132.353807638476,1070.6461923615243
12,16,17,17957,16535.744961585646,1421.2550384143542
12,16,18,19053,16700.59240108513,2352.4075989148696
12,16,19,18852,16786.20270301222,2065.797296987781
12,16,20,18267,17186.898726954525,1080.101273045475
12,16,21,17830,17375.593157052816,454.4068429471845
12,16,22,17549,18718.780442560546,1169.7804425605464
12,16,23,16856,17679.525624425303,823.5256244253032
12,17,0,16042,13726.72890656513,2315.2710934348706
12,17,1,15360,13929.43686381209,1430.5631361879095
12,17,2,14850,14205.081019181463,644.9189808185365
12,17,3,14580,13931.037320909652,648.9626790903476
12,17,4,14475,13587.709590737777,887.290409262223
12,17,5,14507,13751.37699943162,755.6230005683792
12,17,6,14697,14422.128874664308,274.87112533569234
12,17,7,15133,14858.381717071852,274.6182829281479
12,17,8,15818,15114.471213457384,703.5287865426162
12,17,9,16388,15673.531569449438,714.4684305505616
12,17,10,16968,15589.98896314909,1378.0110368509104
12,17,11,17174,15450.735208543414,1723.264791456586
12,17,12,17455,15486.537204835095,1968.4627951649054
12,17,13,17414,15691.284539941695,1722.7154600583053
12,17,14,17346,15702.139467532528,1643.8605324674718
12,17,15,17294,15775.974647754902,1518.0253522450985
12,17,16,17474,16217.509921347119,1256.4900786528815
12,17,17,18372,17054.15981038428,1317.8401896157193
12,17,18,19390,17495.46182180686,1894.5381781931392
12,17,19,19274,17481.943323370226,1792.0566766297743
12,17,20,18855,17687.276934393765,1167.7230656062347
12,17,21,18520,17731.68717544119,788.3128245588086
12,17,22,17865,17503.051352088136,361.9486479118641
12,17,23,16871,16929.478580925137,58.47858092513707
12,18,0,15789,13729.037538181468,2059.9624618185317
12,18,1,15203,14043.498700490676,1159.5012995093239
12,18,2,14785,13955.86305115344,829.1369488465607
12,18,3,14586,14195.70724881456,390.29275118543956
12,18,4,14530,14169.633739218989,360.3662607810111
12,18,5,14666,14185.169960333124,480.8300396668765
12,18,6,15160,14658.370216119394,501.6297838806058
12,18,7,16317,15194.044181694704,1122.955818305296
12,18,8,17982,16922.235953737094,1059.764046262906
12,18,9,18419,17458.532831394215,960.4671686057845
12,18,10,18370,19199.179740406755,829.1797404067547
12,18,11,18433,19075.553258200547,642.5532582005471
12,18,12,18451,17380.924292343196,1070.0757076568043
12,18,13,18264,17146.8014286511,1117.1985713489012
12,18,14,18324,17284.49565962617,1039.504340373831
12,18,15,18279,17711.16689352307,567.83310647693
12,18,16,18353,18433.51386492072,80.51386492071833
12,18,17,19022,18566.31705739036,455.68294260964103
12,18,18,19743,17810.344939162533,1932.6550608374673
12,18,19,19286,17828.480667110936,1457.5193328890637
12,18,20,18929,17603.362054753074,1325.6379452469264
12,18,21,18563,17550.60754881795,1012.3924511820514
12,18,22,17867,17449.166778513412,417.8332214865877
12,18,23,16489,17185.736064876222,696.7360648762224
12,19,0,15130,13841.592576107134,1288.407423892866
12,19,1,14205,13956.62643560205,248.37356439795076
12,19,2,13737,14150.172396242782,413.17239624278227
12,19,3,13613,14351.908606967056,738.9086069670557
12,19,4,13402,14524.475854981858,1122.475854981858
12,19,5,13492,14632.155322618411,1140.1553226184114
12,19,6,13982,14566.901894710732,584.9018947107324
12,19,7,15361,14587.385957861803,773.614042138197
12,19,8,16737,15905.328475683229,831.671524316771
12,19,9,16972,16156.939577740253,815.0604222597467
12,19,10,16923,16190.284915209591,732.7150847904086
12,19,11,16892,16225.423717463162,666.5762825368383
12,19,12,16806,16149.769166133023,656.2308338669773
12,19,13,16701,16356.006195143502,344.9938048564982
12,19,14,16959,16840.62697122727,118.37302877273032
12,19,15,17073,16788.8906210785,284.10937892150105
12,19,16,17120,16698.48226448488,421.5177355151209
12,19,17,17830,16895.55512315386,934.4448768461407
12,19,18,18534,15843.37016984631,2690.62983015369
12,19,19,18386,16076.414172368122,2309.5858276318777
12,19,20,18370,16302.943399660868,2067.0566003391323
12,19,21,18064,16658.99632509761,1405.0036749023893
12,19,22,17375,16625.503615052447,749.4963849475535
12,19,23,16231,16456.7435538403,225.7435538403006
12,20,0,14819,12832.354477437413,1986.6455225625868
12,20,1,14084,12824.824509648135,1259.175490351865
12,20,2,13667,13433.487400313967,233.51259968603335
12,20,3,13477,13220.2879812759,256.71201872409983
12,20,4,13389,13169.180360748878,219.81963925112177
12,20,5,13591,13488.656940913503,102.3430590864973
12,20,6,14340,13768.461561105518,571.5384388944822
12,20,7,15591,14171.406619883008,1419.5933801169922
12,20,8,17147,15939.167207862476,1207.832792137524
12,20,9,17606,17239.64918523416,366.35081476583946
12,20,10,17670,17250.243968910978,419.75603108902214
12,20,11,17365,16300.046175597448,1064.9538244025516
12,20,12,17250,16021.198428942402,1228.8015710575983
12,20,13,17188,16327.315408495102,860.684591504898
12,20,14,17232,16870.751076101264,361.2489238987364
12,20,15,17443,17522.180551939335,79.18055193933469
12,20,16,17705,17447.598664463556,257.4013355364441
12,20,17,18667,18396.447366634045,270.55263336595453
12,20,18,19582,17541.473052518526,2040.526947481474
12,20,19,19353,17583.967893046083,1769.0321069539168
12,20,20,19211,17675.519678659715,1535.4803213402847
12,20,21,19139,18112.71600286972,1026.2839971302783
12,20,22,18515,18646.62246741683,131.62246741682975
12,20,23,17369,17988.889074786806,619.8890747868063
12,21,0,16135,14722.971332913281,1412.028667086719
12,21,1,15262,14491.961028622687,770.0389713773129
12,21,2,14593,14708.109676440257,115.10967644025732
12,21,3,14585,14773.925341491948,188.92534149194762
12,21,4,14524,14962.295740311505,438.29574031150514
12,21,5,14588,15135.663922464531,547.6639224645314
12,21,6,15289,15211.442216849993,77.5577831500068
12,21,7,16598,15744.201921984402,853.7980780155976
12,21,8,18109,18209.681417501957,100.68141750195718
12,21,9,18153,17591.71511872111,561.2848812788907
12,21,10,18042,17590.944445811383,451.05555418861695
12,21,11,17863,17635.54992264596,227.4500773540385
12,21,12,17674,18077.646372129497,403.64637212949674
12,21,13,17517,17682.543396275672,165.54339627567242
12,21,14,17591,18253.35303446479,662.3530344647916
12,21,15,17718,18527.629452832236,809.629452832236
12,21,16,18029,18572.354530480683,543.354530480683
12,21,17,18867,18922.6782158937,55.67821589369851
12,21,18,19574,17801.84024692084,1772.1597530791587
12,21,19,19340,18162.18824352693,1177.811756473071
12,21,20,19096,18173.552351050133,922.4476489498666
12,21,21,18824,18032.305382345625,791.6946176543752
12,21,22,18450,17753.429736634513,696.5702633654873
12,21,23,17235,17724.29703878364,489.29703878363944
12,22,0,16059,14122.317288199147,1936.6827118008532
12,22,1,15040,14063.129571714302,976.8704282856979
12,22,2,14466,14166.597900130466,299.40209986953414
12,22,3,14165,14361.1982213337,196.19822133369962
12,22,4,14065,14542.526681423074,477.5266814230745
12,22,5,14230,14622.613653566623,392.6136535666228
12,22,6,14964,14709.50348158879,254.49651841120976
12,22,7,16203,15109.643086885917,1093.356913114083
12,22,8,17356,16502.64531475096,853.3546852490399
12,22,9,17867,16456.16686291772,1410.8331370822816
12,22,10,18014,17353.891194734086,660.1088052659143
12,22,11,18218,18710.315511437904,492.3155114379042
12,22,12,18163,19042.67186533097,879.671865330969
12,22,13,18015,17665.01026648381,349.98973351619134
12,22,14,17947,17905.458514716844,41.54148528315636
12,22,15,17815,17945.110191467098,130.11019146709805
12,22,16,17798,17989.72221278778,191.72221278777943
12,22,17,18452,18319.341597709845,132.6584022901552
12,22,18,19278,17613.071438331088,1664.9285616689122
12,22,19,18992,17608.69045744113,1383.309542558869
12,22,20,18705,18057.2854927469,647.7145072530984
12,22,21,18302,18172.623207798544,129.37679220145583
12,22,22,17686,18230.098272135023,544.0982721350229
12,22,23,16676,18458.23979242612,1782.2397924261204
12,23,0,15653,13855.899261579481,1797.1007384205186
12,23,1,14863,14012.699465617134,850.3005343828663
12,23,2,14383,14144.107361447148,238.89263855285208
12,23,3,14146,14220.300175263648,74.30017526364827
12,23,4,14019,14016.296012200706,2.7039877992938273
12,23,5,13955,14773.46279067547,818.4627906754704
12,23,6,14124,14778.63296907906,654.6329690790608
12,23,7,14510,14681.32277016394,171.32277016394073
12,23,8,15210,14510.936482256575,699.0635177434251
12,23,9,15980,14865.30076753402,1114.6992324659805
12,23,10,16715,15476.813120833893,1238.1868791661072
12,23,11,17165,16331.554027967222,833.4459720327777
12,23,12,17422,15867.346969858461,1554.6530301415387
12,23,13,17323,16778.254523275213,544.7454767247873
12,23,14,16923,15568.096770547172,1354.9032294528279
12,23,15,16731,15663.839573868374,1067.160426131626
12,23,16,16524,15957.598682794527,566.4013172054729
12,23,17,17007,15237.791276948086,1769.2087230519137
12,23,18,17954,15867.224921293866,2086.775078706134
12,23,19,17907,16060.364845120483,1846.6351548795174
12,23,20,17549,17048.94220041408,500.0577995859203
12,23,21,17196,16326.805526842943,869.1944731570566
12,23,22,16668,16335.785773719319,332.21422628068103
12,23,23,15918,16622.794858959496,704.7948589594962
12,24,0,14936,13280.893621528878,1655.1063784711223
12,24,1,14266,13237.775132876635,1028.2248671233647
12,24,2,13529,12716.835265461,812.1647345389993
12,24,3,13450,12579.383412413277,870.6165875867227
12,24,4,13178,13163.402977372381,14.597022627618571
12,24,5,13195,13328.854012149866,133.85401214986632
12,24,6,13432,13909.400780981954,477.4007809819541
12,24,7,13845,14038.421387178421,193.42138717842136
12,24,8,14700,14412.081709612485,287.9182903875153
12,24,9,15434,14209.561386338079,1224.4386136619214
12,24,10,16038,14689.294621492309,1348.7053785076914
12,24,11,16008,15094.854453215525,913.1455467844753
12,24,12,16082,15191.437247786798,890.5627522132017
12,24,13,16058,19152.67118586423,3094.67118586423
12,24,14,16181,15738.527054856837,442.4729451431631
12,24,15,16149,16200.82141372917,51.82141372917067
12,24,16,16286,16131.609487694877,154.39051230512268
12,24,17,16887,15853.376725412463,1033.6232745875368
12,24,18,17404,16027.587262474386,1376.412737525614
12,24,19,17041,16562.64926631716,478.35073368284066
12,24,20,16505,16343.615324687124,161.38467531287642
12,24,21,16219,16697.91188981524,478.911889815241
12,24,22,15870,17077.28880945783,1207.2888094578302
12,24,23,15333,17235.063577541256,1902.0635775412557
12,25,0,14571,13440.104961927535,1130.8950380724655
12,25,1,13882,13577.791892414305,304.20810758569496
12,25,2,13263,13167.576781137264,95.42321886273567
12,25,3,12928,13202.705649959447,274.7056499594473
12,25,4,12822,13091.361242709947,269.36124270994696
12,25,5,12756,13210.552435929701,454.55243592970146
12,25,6,12877,13478.273926889124,601.2739268891237
12,25,7,13339,13615.838414410797,276.83841441079676
12,25,8,13889,14003.467169165047,114.46716916504738
12,25,9,14417,14035.003941229255,381.99605877074464
12,25,10,14902,14166.88667399761,735.1133260023907
12,25,11,15034,14263.676874976665,770.3231250233348
12,25,12,15018,14285.38219279218,732.6178072078201
12,25,13,15016,14437.542253914744,578.4577460852561
12,25,14,14987,14655.350145550105,331.64985444989543
12,25,15,15050,14910.716076097358,139.28392390264162
12,25,16,15167,14963.937961817335,203.06203818266476
12,25,17,15917,15392.938445191374,524.0615548086262
12,25,18,16519,15264.592193908706,1254.4078060912943
12,25,19,16140,15204.278587677465,935.7214123225349
12,25,20,15887,15512.227672600697,374.7723273993033
12,25,21,15795,15581.858202063142,213.14179793685798
12,25,22,15589,15694.209277000065,105.20927700006541
12,25,23,15102,15776.344554101886,674.3445541018864
12,26,0,14441,12500.342876740444,1940.657123259556
12,26,1,13963,12684.478242929783,1278.521757070217
12,26,2,13600,12474.895725906656,1125.1042740933444
12,26,3,13397,12661.207480795307,735.7925192046932
12,26,4,13360,12967.148152776233,392.8518472237665
12,26,5,13440,13325.938174967436,114.06182503256423
12,26,6,13770,13478.334812569465,291.6651874305353
12,26,7,14315,13642.30584085203,672.6941591479699
12,26,8,14950,13941.937446941942,1008.0625530580583
12,26,9,15312,14212.083654378444,1099.9163456215556
12,26,10,15708,14615.490277319012,1092.5097226809885
12,26,11,15825,15046.45785820553,778.5421417944708
12,26,12,15804,14966.659767287434,837.3402327125659
12,26,13,15719,14927.939296161985,791.0607038380149
12,26,14,15606,14626.58913229491,979.4108677050899
12,26,15,15706,14843.817707032611,862.182292967389
12,26,16,16171,15179.25667670152,991.7433232984804
12,26,17,17114,15602.886951423096,1511.1130485769045
12,26,18,18278,16453.455938636154,1824.5440613638457
12,26,19,18271,16135.95052969864,2135.049470301359
12,26,20,17947,16186.002157664738,1760.9978423352622
12,26,21,17697,16459.497361783637,1237.5026382163633
12,26,22,17208,16751.509208563417,456.4907914365831
12,26,23,16524,16663.037924042528,139.03792404252818
12,27,0,15549,13834.590143473537,1714.409856526463
12,27,1,15097,13971.625109718752,1125.3748902812476
12,27,2,14750,14573.35637061742,176.6436293825791
12,27,3,14680,14652.510480289375,27.489519710625245
12,27,4,14594,15171.355336994895,577.355336994895
12,27,5,14797,14996.952267139235,199.95226713923512
12,27,6,15268,15017.236500066787,250.7634999332131
12,27,7,16172,15751.455188627484,420.54481137251605
12,27,8,17061,17105.741171364163,44.741171364163165
12,27,9,17616,18512.583451186463,896.5834511864632
12,27,10,17829,18108.763920303452,279.7639203034523
12,27,11,17724,18328.66951834494,604.669518344941
12,27,12,17679,18616.648124743137,937.6481247431366
12,27,13,17573,18420.71596661282,847.7159666128209
12,27,14,17528,18153.609488331746,625.6094883317455
12,27,15,17588,18563.206313399343,975.2063133993433
12,27,16,17943,19005.886700893487,1062.8867008934867
12,27,17,18694,19800.50397373452,1106.5039737345214
12,27,18,19869,18416.31995321911,1452.6800467808898
12,27,19,19769,18435.7680639232,1333.2319360768015
12,27,20,19627,18715.699381980176,911.3006180198245
12,27,21,19414,19098.95163604657,315.04836395342863
12,27,22,18878,19791.99785685117,913.9978568511688
12,27,23,17787,19672.264286873928,1885.2642868739276
12,28,0,16613,16219.333378659694,393.66662134030594
12,28,1,16103,16699.07382931894,596.0738293189388
12,28,2,15713,16386.794654262478,673.7946542624777
12,28,3,15599,16240.937103690123,641.937103690123
12,28,4,15509,16241.301146892536,732.301146892536
12,28,5,15672,16622.58098378344,950.5809837834386
12,28,6,16100,16894.959434635366,794.959434635366
12,28,7,16942,17233.094101144812,291.09410114481216
12,28,8,17847,18783.179587106,936.1795871059985
12,28,9,18346,18624.525721713657,278.5257217136568
12,28,10,18536,18143.591577791638,392.408422208362
12,28,11,18676,20984.66991800548,2308.6699180054784
12,28,12,18554,18983.37949265451,429.3794926545088
12,28,13,18259,18192.25253624358,66.74746375641917
12,28,14,18130,18036.644447703162,93.35555229683814
12,28,15,18127,17943.693258270025,183.30674172997533
12,28,16,18338,18390.91616324284,52.91616324284041
12,28,17,19149,18742.067043300176,406.932956699824
12,28,18,20008,18035.727937371918,1972.2720626280825
12,28,19,19697,17952.76441058753,1744.2355894124703
12,28,20,19593,18204.413125249528,1388.586874750472
12,28,21,19478,18668.223389332736,809.7766106672643
12,28,22,18930,18639.289950067057,290.71004993294264
12,28,23,17883,18614.72472414841,731.724724148411
12,29,0,16733,15516.174839430485,1216.825160569515
12,29,1,16038,15761.022767828672,276.97723217132807
12,29,2,15584,15505.276184926464,78.72381507353566
12,29,3,15405,15038.534118729447,366.4658812705529
12,29,4,15277,15129.27864502424,147.72135497575982
12,29,5,15375,15682.579141283051,307.5791412830513
12,29,6,15739,16361.806115284786,622.8061152847858
12,29,7,16476,16789.186373612858,313.186373612858
12,29,8,17431,18104.31859210672,673.3185921067197
12,29,9,17937,18413.82296100462,476.82296100461826
12,29,10,18316,18471.4515631903,155.45156319030139
12,29,11,18487,19033.867583261235,546.8675832612353
12,29,12,18386,19822.078198980562,1436.0781989805619
12,29,13,18088,19420.1696609745,1332.1696609745013
12,29,14,17866,18530.87281703902,664.8728170390204
12,29,15,17807,18672.84939558076,865.8493955807608
12,29,16,17933,18780.924866251436,847.9248662514365
12,29,17,18694,18906.292299082845,212.2922990828447
12,29,18,19784,18331.80523541347,1452.1947645865293
12,29,19,19520,18080.538918037586,1439.461081962414
12,29,20,19202,18105.860320886062,1096.1396791139377
12,29,21,19001,18845.98933870092,155.0106612990785
12,29,22,18450,18930.0230209697,480.02302096970016
12,29,23,17483,19569.6547669771,2086.654766977099
12,30,0,16467,15725.700037579058,741.2999624209424
12,30,1,15902,15804.270856015923,97.72914398407738
12,30,2,15390,15901.708551318949,511.7085513189486
12,30,3,15153,15957.770704747836,804.7707047478361
12,30,4,15038,15998.493837097567,960.4938370975669
12,30,5,15023,15962.121155618157,939.121155618157
12,30,6,15254,16183.450839527064,929.4508395270641
12,30,7,15545,16115.972123250318,570.972123250318
12,30,8,16103,16426.97121656176,323.97121656176023
12,30,9,16658,16472.0363960568,185.96360394320072
12,30,10,17363,16365.43683872585,997.5631612741508
12,30,11,17876,16798.499418316158,1077.500581683842
12,30,12,17767,16492.994097460265,1274.005902539735
12,30,13,17527,16739.154793882823,787.8452061171774
12,30,14,17433,16760.657046412343,672.3429535876567
12,30,15,17129,16501.181584911483,627.8184150885172
12,30,16,17135,16897.11490015554,237.88509984446137
12,30,17,17939,17856.96442043508,82.03557956491932
12,30,18,19140,18065.74431293817,1074.2556870618282
12,30,19,19275,18025.618196457926,1249.3818035420736
12,30,20,18900,18155.594049963114,744.4059500368858
12,30,21,18616,18384.373300825875,231.62669917412495
12,30,22,18047,18976.868510864486,929.8685108644859
12,30,23,17275,18800.30906526831,1525.3090652683095
12,31,0,16594,15354.131401687822,1239.8685983121777
12,31,1,16068,15310.29928185814,757.7007181418594
12,31,2,15642,16243.27193797845,601.2719379784503
12,31,3,15425,16481.4493991496,1056.4493991495983
12,31,4,15292,16020.250973496351,728.2509734963514
12,31,5,15400,16395.83957849678,995.8395784967797
12,31,6,15588,16524.825855412255,936.8258554122549
12,31,7,15897,16692.134471419435,795.1344714194347
12,31,8,16666,16720.472809153678,54.4728091536781
12,31,9,17261,16764.942229266166,496.05777073383433
12,31,10,17561,16888.337435628207,672.6625643717925
12,31,11,17679,16723.292645137,955.7073548629996
12,31,12,17817,16714.95057378579,1102.0494262142092
12,31,13,17702,16693.364057222658,1008.6359427773423
12,31,14,17506,16680.94991651023,825.0500834897684
12,31,15,17500,16736.225579406688,763.7744205933122
12,31,16,17770,16742.337190946342,1027.6628090536578
12,31,17,18590,17224.057346584184,1365.9426534158156
12,31,18,19829,17927.645985825584,1901.354014174416
12,31,19,19484,18159.99435107261,1324.0056489273884
12,31,20,18706,18126.74637542807,579.2536245719311
12,31,21,18284,18062.244278940194,221.7557210598061
12,31,22,17772,18324.293249346563,552.2932493465632
12,31,23,17228,18320.467816173445,1092.4678161734446
11,1,12,16231,17016.435670045907,785.4356700459066
11,1,13,16407,20464.713110471912,4057.713110471912
11,1,14,16348,17557.551370016157,1209.5513700161573
11,1,15,16438,17517.94420199108,1079.9442019910784
11,1,16,16600,17517.806408191445,917.8064081914454
11,1,17,16983,17637.399832158055,654.3998321580548
11,1,18,17307,16878.830462552432,428.16953744756756
11,1,19,16862,16914.564081854936,52.564081854936376
11,1,20,16639,16992.985830590216,353.9858305902162
11,1,21,15906,16528.240341263107,622.2403412631065
11,1,22,14886,16210.210382668987,1324.2103826689872
11,1,23,13795,16297.712808358232,2502.712808358232
11,2,0,12837,12724.077807278542,112.92219272145849
11,2,1,12521,12884.824898143626,363.82489814362634
11,2,2,12516,13378.248501014654,862.2485010146538
11,2,3,12380,13266.626319337212,886.6263193372124
11,2,4,12478,13195.096164422293,717.0961644222934
11,2,5,12963,13469.030316705777,506.0303167057773
11,2,6,14271,13861.684414354417,409.31558564558327
11,2,7,15990,14774.107272671057,1215.8927273289428
11,2,8,16574,16465.940350351313,108.0596496486869
11,2,9,16827,16649.622675990104,177.37732400989626
11,2,10,16667,19702.20140564115,3035.20140564115
11,2,11,16654,19912.38874641653,3258.388746416531
11,2,12,16546,17384.72473865306,838.7247386530616
11,2,13,16407,16784.238230260562,377.238230260562
11,2,14,16348,17337.8947403839,989.8947403839011
11,2,15,16374,17406.87343642776,1032.8734364277589
11,2,16,16604,17917.98774745485,1313.9877474548484
11,2,17,16925,17827.065359305376,902.0653593053758
11,2,18,16929,16571.64349721162,357.3565027883815
11,2,19,16863,16951.060096591456,88.06009659145639
11,2,20,16804,16903.774195093938,99.77419509393803
11,2,21,16178,18693.43928368322,2515.4392836832194
11,2,22,15126,16931.318191271184,1805.3181912711843
11,2,23,14055,17044.29026000587,2989.2902600058696
11,3,0,13112,12737.934988595722,374.06501140427827
11,3,1,12748,13402.08750130457,654.0875013045697
11,3,2,12457,13404.281647981767,947.2816479817666
11,3,3,12337,13625.679943625346,1288.679943625346
11,3,4,12329,13774.597601828733,1445.5976018287329
11,3,5,12670,13186.258664031517,516.2586640315167
11,3,6,13098,13005.521995581097,92.47800441890286
11,3,7,13736,13921.406088627173,185.40608862717272
11,3,8,14793,16019.650783084659,1226.6507830846585
11,3,9,15304,16111.99458489447,807.9945848944699
11,3,10,15339,13723.941736920164,1615.0582630798363
11,3,11,15009,13792.11382086618,1216.8861791338204
11,3,12,14955,13941.76950384903,1013.2304961509708
11,3,13,14997,14389.251004743273,607.7489952567266
11,3,14,14953,14166.619572565332,786.3804274346676
11,3,15,14787,14869.240026125499,82.24002612549884
11,3,16,14903,15122.501481938465,219.50148193846508
11,3,17,15724,15461.467573582075,262.5324264179253
11,3,18,16277,15854.01187350485,422.9881264951491
11,3,19,16095,15875.72755594406,219.27244405593956
11,3,20,15627,15695.588757802421,68.58875780242124
11,3,21,15094,16541.72584239178,1447.725842391781
11,3,22,14620,16688.73636081933,2068.73636081933
11,3,23,13861,16611.019039861025,2750.019039861025
11,4,0,13166,12620.175191799484,545.8248082005157
11,4,2,12317,12449.02605866916,132.0260586691602
11,4,3,12258,12619.254755250216,361.2547552502165
11,4,4,12152,12809.198167836626,657.1981678366265
11,4,5,12121,12661.520719844093,540.520719844093
11,4,6,12502,12937.65348810877,435.65348810877003
11,4,7,13034,13290.911837447591,256.9118374475911
11,4,8,13487,13451.45523157619,35.54476842380973
11,4,9,13580,12910.40833427322,669.5916657267808
11,4,10,13482,13518.338695554889,36.338695554888545
11,4,11,13152,13872.807579471302,720.8075794713022
11,4,12,13157,13946.465322689544,789.4653226895443
11,4,13,13137,14064.524128888026,927.5241288880261
11,4,14,13221,14453.429321752366,1232.4293217523664
11,4,15,13528,14479.188162609775,951.1881626097747
11,4,16,14175,14671.706736977012,496.70673697701204
11,4,17,15420,14821.743247996586,598.2567520034136
11,4,18,16322,15077.843270298506,1244.1567297014935
11,4,19,16039,15281.330503567811,757.6694964321887
11,4,20,15723,15429.687882404194,293.31211759580583
11,4,21,15352,15256.31213572388,95.68786427612031
11,4,22,14651,15370.906732611655,719.9067326116547
11,4,23,13803,15689.475759927142,1886.4757599271416
11,5,0,13148,12865.020111512345,282.97988848765453
11,5,1,12714,13096.781169947833,382.7811699478334
11,5,2,12200,13260.762641234502,1060.7626412345016
11,5,3,11994,13289.143475803756,1295.1434758037558
11,5,4,12079,13523.442894330374,1444.4428943303737
11,5,5,12256,13593.202824141497,1337.2028241414973
11,5,6,13002,13669.2510081653,667.2510081652999
11,5,7,14379,14128.894398178814,250.1056018211857
11,5,8,15701,15812.576567328562,111.5765673285623
11,5,9,16121,16062.221071234173,58.778928765827004
11,5,10,16236,16967.172506956696,731.1725069566965
11,5,11,16478,16601.102411476506,123.10241147650595
11,5,12,16341,16236.924508762437,104.07549123756326
11,5,13,16264,16245.976493427155,18.02350657284478
11,5,14,16439,16892.3279199944,453.3279199944009
11,5,15,16320,17609.605521512167,1289.605521512167
11,5,16,16362,17486.48726826578,1124.4872682657806
11,5,17,17236,17641.917404085667,405.91740408566693
11,5,18,17738,17579.730157788203,158.26984221179737
11,5,19,17355,16992.301282886,362.698717113999
11,5,20,17128,17437.97787533433,309.97787533433075
11,5,21,16645,17214.504515422967,569.5045154229665
11,5,22,15813,17112.749922453968,1299.7499224539679
11,5,23,14790,16955.26719307031,2165.267193070311
11,6,0,13655,13394.003218429687,260.99678157031303
11,6,1,12940,13121.029333248349,181.02933324834885
11,6,2,12213,13226.353088463628,1013.3530884636275
11,6,3,11963,13416.969285204366,1453.9692852043663
11,6,4,11867,13575.666070262872,1708.6660702628724
11,6,5,11976,13735.149781618984,1759.149781618984
11,6,6,12547,13722.422276552312,1175.4222765523118
11,6,7,13880,14035.735735067497,155.73573506749744
11,6,8,15462,15618.498770736309,156.49877073630887
11,6,9,15807,15657.441175597494,149.5588244025057
11,6,10,15990,15889.19015377182,100.8098462281796
11,6,12,15818,15842.768400497876,24.768400497876428
11,6,13,15469,15787.591489662627,318.5914896626273
11,6,14,15236,16307.305709069075,1071.3057090690745
11,6,15,15333,16313.910811532049,980.9108115320487
11,6,16,15609,16146.015964048665,537.0159640486654
11,6,17,16328,16187.135360710023,140.86463928997728
11,6,18,17141,15619.665745048791,1521.334254951209
11,6,19,16871,15780.21220255031,1090.7877974496896
11,6,20,16594,15871.893716212413,722.106283787587
11,6,21,16208,16061.366458452634,146.6335415473659
11,6,22,15470,15907.78138376985,437.78138376985044
11,6,23,14263,16010.83485670014,1747.8348567001394
11,7,0,13195,12604.496465174523,590.5035348254769
11,7,1,12792,12578.629612987059,213.37038701294114
11,7,2,12168,12925.303947701772,757.3039477017719
11,7,3,11847,12893.258930705682,1046.2589307056824
11,7,4,11765,13324.166268017761,1559.1662680177615
11,7,5,11969,13541.232829460827,1572.232829460827
11,7,6,12598,13696.432271315713,1098.4322713157126
11,7,7,14099,13699.402577774805,399.59742222519526
11,7,8,15215,14905.977027612897,309.02297238710344
11,7,9,15438,15031.418455465686,406.58154453431416
11,7,10,15418,15196.55305296845,221.44694703155074
11,7,11,15382,15348.332492446974,33.667507553025644
11,7,12,15563,15746.372010896703,183.3720108967027
11,7,13,15720,15577.771547814194,142.2284521858055
11,7,14,15881,15801.561758738313,79.43824126168693
11,7,15,16063,15831.73859531177,231.26140468822996
11,7,16,16235,16117.809485670776,117.19051432922424
11,7,17,16973,16215.461840200816,757.5381597991836
11,7,18,17688,15359.420418763928,2328.579581236072
11,7,19,17585,16460.60011799795,1124.3998820020497
11,7,20,17585,17496.023918002495,88.97608199750539
11,7,21,17585,17782.39470477227,197.3947047722686
11,7,22,16535,16685.846944810273,150.84694481027327
11,7,23,15142,16447.90176738211,1305.9017673821108
11,8,0,14109,12882.999488710171,1226.0005112898289
11,8,1,13477,13065.593528744273,411.4064712557265
11,8,2,13047,13260.16662034188,213.16662034188084
11,8,3,12870,13233.921135878241,363.92113587824133
11,8,4,12785,13486.832549303286,701.8325493032862
11,8,5,12939,13452.895739461035,513.8957394610352
11,8,6,13514,13753.245835300308,239.2458353003076
11,8,7,14880,14156.941082064215,723.0589179357848
11,8,8,16136,15883.62905477891,252.37094522108964
11,8,9,16346,15415.50920241838,930.4907975816204
11,8,10,16228,15755.818587154154,472.18141284584635
11,8,11,16116,16260.365106564408,144.36510656440805
11,8,12,16078,16295.756459186978,217.75645918697774
11,8,13,16065,16482.926107048497,417.9261070484972
11,8,14,16198,17173.94160367675,975.9416036767507
11,8,15,16236,17263.795765467592,1027.795765467592
11,8,16,16372,17381.108432290835,1009.1084322908355
11,8,17,17104,17729.93641524282,625.9364152428207
11,8,18,17802,17020.937376962585,781.0626230374146
11,8,19,17617,16941.72267506353,675.2773249364691
11,8,20,17483,17196.353126553186,286.6468734468144
11,8,21,17198,17230.65303496307,32.65303496307024
11,8,22,16525,17265.645234952954,740.6452349529536
11,8,23,15370,16618.258941143176,1248.2589411431763
11,9,0,14206,12962.00282656716,1243.9971734328392
11,9,1,13435,13088.879459133253,346.1205408667465
11,9,2,13057,13087.97948209703,30.979482097029177
11,9,3,12813,12967.339525669246,154.33952566924563
11,9,4,12800,13255.490707680734,455.490707680734
11,9,5,12990,13648.617227423776,658.6172274237761
11,9,6,13491,14029.617876864191,538.6178768641912
11,9,7,14594,14485.518458956774,108.48154104322566
11,9,8,15845,15815.533226932996,29.466773067004397
11,9,9,16134,20157.22268834732,4023.2226883473195
11,9,10,16661,30258.821499996906,13597.821499996906
11,9,11,16589,16755.234778317154,166.23477831715354
11,9,12,16988,18400.010326242933,1412.010326242933
11,9,13,17534,17208.861382557607,325.1386174423933
11,9,14,17582,17447.459126579728,134.54087342027196
11,9,15,17398,17300.557521033636,97.44247896636443
11,9,16,17477,17631.40008941247,154.40008941246924
11,9,17,17936,17579.998309200062,356.00169079993793
11,9,18,18310,16205.532315312372,2104.467684687628
11,9,19,17732,16425.896090088503,1306.1039099114969
11,9,20,17279,16543.212357614455,735.787642385545
11,9,21,16876,16668.666649378993,207.3333506210074
11,9,22,16222,16401.377518891146,179.37751889114588
11,9,23,15129,16124.704747851662,995.7047478516615
11,10,0,13980,12356.977183808835,1623.0228161911655
11,10,1,13298,12298.48122319116,999.5187768088399
11,10,2,12896,12313.269094043299,582.7309059567015
11,10,3,12648,12419.18623649394,228.81376350605933
11,10,4,12552,12520.179349926544,31.82065007345591
11,10,5,12550,12614.279820892716,64.27982089271609
11,10,6,12906,12676.22950924108,229.77049075891955
11,10,7,13496,13006.015439229563,489.9845607704374
11,10,8,14177,13278.913230695041,898.0867693049586
11,10,9,14448,13822.134866409531,625.8651335904688
11,10,10,14706,13723.501205313123,982.4987946868769
11,10,11,15051,13977.2560388365,1073.7439611635
11,10,12,15461,14325.07125668468,1135.9287433153204
11,10,13,15811,14528.301389065182,1282.6986109348181
11,10,14,15793,14255.214539763594,1537.785460236406
11,10,15,15625,14331.743155054297,1293.256844945703
11,10,16,15671,14495.78572967694,1175.2142703230602
11,10,17,16342,15145.533477217954,1196.466522782046
11,10,18,17368,15784.596104080953,1583.4038959190475
11,10,19,17011,15623.52476135098,1387.47523864902
11,10,20,16639,15594.825733592063,1044.1742664079375
11,10,21,16190,15780.143671762482,409.856328237518
11,10,22,15742,15891.741689384886,149.74168938488583
11,10,23,15022,15695.570407887972,673.5704078879717
11,11,0,14346,12260.608106015643,2085.391893984357
11,11,1,13739,12171.848348875179,1567.151651124821
11,11,2,13389,12827.394165972813,561.6058340271866
11,11,3,13180,12990.967247294855,189.03275270514496
11,11,4,12981,13254.630112225444,273.63011222544446
11,11,5,12965,13285.436875462703,320.43687546270303
11,11,6,13253,13588.99753387696,335.99753387696
11,11,7,13577,13789.964691581632,212.964691581632
11,11,8,13903,13914.931497134194,11.931497134193705
11,11,9,14208,14301.402526418102,93.40252641810184
11,11,10,14386,14214.435195484191,171.56480451580865
11,11,11,14344,14386.947370005631,42.947370005631456
11,11,12,14325,14562.766850619639,237.76685061963872
11,11,13,14659,14475.594961439836,183.40503856016403
11,11,14,14967,14240.492620668449,726.5073793315514
11,11,15,15155,15492.942016635274,337.94201663527383
11,11,16,15704,15008.468213209064,695.5317867909362
11,11,17,16670,15940.120714580742,729.8792854192579
11,11,18,17562,16952.760863136413,609.2391368635872
11,11,19,17308,16435.26097224614,872.7390277538616
11,11,20,17005,16573.832309700687,431.1676902993131
11,11,21,16474,16509.792589047232,35.79258904723247
11,12,0,14143,13002.739895911109,1140.2601040888912
11,12,1,13589,13186.415838885952,402.5841611140477
11,12,2,13490,13125.299586523468,364.70041347653205
11,12,3,13359,13290.288777044037,68.71122295596251
11,12,4,13160,12973.37425470604,186.6257452939608
11,12,5,13307,13174.93402802029,132.0659719797095
11,12,6,13938,13490.333658888698,447.66634111130224
11,12,7,15262,14331.775221774637,930.2247782253635
11,12,8,16426,16464.49269599745,38.49269599745094
11,12,9,16595,16538.07447889506,56.925521104938525
11,12,10,16290,17183.10388756836,893.1038875683589
11,12,11,16361,17232.9807720726,871.9807720725985
11,12,12,16270,17268.528429621598,998.5284296215978
11,12,13,16136,17194.383986327175,1058.383986327175
11,12,14,16329,17209.695015008798,880.6950150087978
11,12,15,16574,17532.051121187207,958.0511211872072
11,12,16,16787,17831.355414056932,1044.3554140569322
11,12,17,17501,18166.195043284504,665.1950432845042
11,12,18,18307,17553.78538920688,753.2146107931185
11,12,19,17987,17757.832969451167,229.16703054883328
11,12,20,17820,17781.02684032437,38.97315967562827
11,12,21,17391,18144.140575190057,753.1405751900566
11,12,22,16716,18310.11520313468,1594.1152031346792
11,12,23,15587,17999.103500950812,2412.1035009508123
11,13,0,14606,14117.13987226989,488.8601277301095
11,13,1,13978,14051.583880202443,73.58388020244274
11,13,2,13684,13967.40145635311,283.4014563531091
11,13,3,13487,14188.24144306596,701.2414430659592
11,13,4,13433,14257.030980184283,824.0309801842832
11,13,5,13544,14433.170281731267,889.1702817312671
11,13,6,14034,14378.016482398478,344.0164823984778
11,13,7,15192,14653.236518813572,538.7634811864282
11,13,8,16362,16145.113031256886,216.88696874311427
11,13,9,16744,17337.492987584228,593.4929875842281
11,13,10,16789,19697.66286507321,2908.662865073209
11,13,11,17045,19899.40995600246,2854.409956002459
11,13,12,17101,17669.742694764038,568.7426947640379
11,13,13,17058,17724.77084795246,666.770847952459
11,13,14,17021,17347.010645567814,326.0106455678142
11,13,15,16798,16623.23320886445,174.76679113554928
11,13,16,17069,17356.55279230546,287.5527923054615
11,13,17,17955,18242.266036229204,287.2660362292045
11,13,18,18761,17440.365560417784,1320.6344395822161
11,13,19,18534,17329.748505384174,1204.2514946158262
11,13,20,18501,17048.645815459477,1452.3541845405234
11,13,21,18054,17260.666331640172,793.3336683598282
11,13,22,17293,16969.256542810046,323.7434571899539
11,13,23,16193,16863.286140222423,670.2861402224225
11,14,0,15079,13106.723674900248,1972.2763250997523
11,14,1,14274,13494.695464304074,779.3045356959265
11,14,2,13915,13710.162070807462,204.83792919253756
11,14,3,13870,13820.36002496745,49.639975032550865
11,14,4,13842,13806.141757461433,35.85824253856663
11,14,5,13936,14177.45091643684,241.45091643683918
11,14,6,14592,14381.551856754952,210.4481432450484
11,14,7,15980,16845.219236320114,865.2192363201139
11,14,8,17231,19068.113863939026,1837.1138639390265
11,14,9,17273,17502.826555277526,229.8265552775265
11,14,10,17281,17418.160614627966,137.16061462796642
11,14,11,17049,17655.81034283156,606.810342831559
11,14,12,16789,17505.308437674015,716.3084376740153
11,14,13,16595,17859.91119566417,1264.9111956641682
11,14,14,16772,17965.833871537678,1193.8338715376776
11,14,15,16887,17858.002555864223,971.0025558642228
11,14,16,17422,17749.018757487218,327.01875748721795
11,14,17,18260,18199.769562802667,60.23043719733323
11,14,18,19229,17864.361461541856,1364.6385384581445
11,14,19,18988,17746.539354895216,1241.460645104784
11,14,20,18745,17578.211511228215,1166.7884887717846
11,14,21,18264,17635.869851781976,628.1301482180243
11,14,22,17664,18024.98810738305,360.9881073830511
11,14,23,16629,17837.15731092301,1208.1573109230085
11,15,0,15457,13550.577389844759,1906.4226101552413
11,15,1,14697,13788.146530747988,908.8534692520116
11,15,2,14214,14107.523703475317,106.47629652468277
11,15,3,13944,13700.666927438917,243.3330725610831
11,15,4,13908,13611.927671832333,296.07232816766737
11,15,5,13978,13801.708683733192,176.29131626680828
11,15,6,14562,14027.930711261688,534.069288738312
11,15,7,15932,14342.825214758348,1589.174785241652
11,15,8,17163,16962.959482620983,200.04051737901682
11,15,9,17281,17004.64325430792,276.35674569207913
11,15,10,17292,17284.759074243426,7.240925756574143
11,15,11,17477,17473.46655098979,3.533449010210461
11,15,12,17699,17610.778156138087,88.22184386191293
11,15,13,17605,17799.70914115452,194.70914115451887
11,15,14,17674,18110.34843445476,436.34843445476145
11,15,15,17625,18057.48366420176,432.4836642017617
11,15,16,17786,18393.629550159538,607.6295501595378
11,15,17,18270,18909.690746404773,639.6907464047727
11,15,18,18937,18055.57148770151,881.4285122984911
11,15,19,18583,18234.5511487186,348.4488512813987
11,16,12,17767,16715.357612268628,1051.6423877313719
11,16,13,17577,16401.799378677362,1175.2006213226377
11,16,14,17492,16368.287435069997,1123.7125649300033
11,16,15,17540,16660.10962218509,879.8903778149106
11,16,16,17498,16740.72426889205,757.2757311079513
11,16,17,17822,18304.586632091632,482.58663209163205
11,16,18,18401,17828.07367445975,572.9263255402511
11,16,19,17861,17531.47468847258,329.52531152742085
11,16,20,17512,17684.690455317694,172.6904553176937
11,16,21,17145,17586.374825708735,441.37482570873544
11,16,22,16527,17060.492626350195,533.4926263501948
11,16,23,15500,16620.864748262287,1120.8647482622873
11,17,0,14430,12711.659442021162,1718.3405579788378
11,17,1,13632,12712.613019868038,919.3869801319615
11,17,2,13178,12981.927515766185,196.07248423381498
11,17,3,12880,13163.14295211941,283.14295211940953
11,17,4,12733,13419.112604190346,686.1126041903462
11,17,5,12786,13417.737330362237,631.7373303622371
11,17,6,12949,13615.477591327555,666.4775913275553
11,17,7,13659,13552.727228969376,106.27277103062443
11,17,8,14583,13465.765552920751,1117.2344470792486
11,17,9,15283,14186.146942198498,1096.8530578015016
11,17,10,15735,15676.97255655283,58.0274434471703
11,17,11,16088,15592.404815913229,495.59518408677104
11,17,12,16034,15859.799570756944,174.20042924305562
11,17,13,15979,14747.045753714105,1231.9542462858954
11,17,14,16024,15324.048130695839,699.9518693041609
11,17,15,15949,15933.0448420453,15.955157954700553
11,17,16,16159,15533.408177546535,625.5918224534653
11,17,17,16767,15388.493693753584,1378.506306246416
11,17,18,17534,16553.824465871898,980.1755341281023
11,17,19,17152,17038.61569161242,113.38430838757995
11,17,20,16841,17091.481993741116,250.48199374111573
11,17,21,16331,17086.922941430577,755.9229414305773
11,17,22,15902,17441.44133674366,1539.441336743661
11,17,23,15158,18096.4303258758,2938.430325875801
11,18,0,14546,13810.17764648237,735.8223535176294
11,18,1,13978,14500.203009195639,522.2030091956385
11,18,2,13561,13725.86995877176,164.86995877176014
11,18,3,13296,13937.17066999876,641.1706699987608
11,18,4,13240,13752.651827230893,512.6518272308931
11,18,5,13242,13992.20157319608,750.2015731960801
11,18,7,13832,15044.187241511632,1212.1872415116322
11,18,8,14303,14863.239790733263,560.2397907332634
11,18,9,14935,15353.300616409728,418.3006164097278
11,18,10,15446,16551.14664807266,1105.1466480726594
11,18,11,15716,17875.763817445128,2159.7638174451276
11,18,12,15855,16712.84767083509,857.84767083509
11,18,13,16023,16299.91511894945,276.9151189494496
11,18,14,16104,16053.251825097337,50.74817490266287
11,18,15,16242,15652.351262237762,589.6487377622379
11,18,16,16672,15696.25880612361,975.7411938763908
11,18,17,17337,17035.372796303276,301.6272036967239
11,18,18,18110,17616.953497860468,493.0465021395321
11,18,19,17691,17664.883707417495,26.116292582504684
11,18,20,17175,16784.27218639739,390.7278136026107
11,18,21,16873,16498.671162025985,374.3288379740152
11,18,22,16176,16446.77336907535,270.77336907534846
11,19,0,14519,13632.484251708409,886.5157482915911
11,19,1,13895,13751.878614076106,143.1213859238942
11,19,2,13536,13928.435620725015,392.4356207250148
11,19,4,13340,14128.209574900538,788.2095749005384
11,19,5,13664,13680.369206610098,16.369206610097535
11,19,6,14237,14148.279678615763,88.72032138423674
11,19,7,15711,15591.060747390431,119.93925260956894
11,19,8,16951,16925.465700055905,25.534299944094528
11,19,9,17017,17712.971323133188,695.971323133188
11,19,10,16843,17629.70041585389,786.7004158538912
11,19,11,16792,17753.197984060535,961.1979840605345
11,19,12,16709,17573.44635525049,864.4463552504894
11,19,13,16478,17810.968597807463,1332.968597807463
11,19,14,16659,18148.959109126914,1489.959109126914
11,19,15,16894,17981.824808229983,1087.8248082299833
11,19,16,17113,17719.75894581625,606.7589458162511
11,19,17,18016,18230.411031113374,214.4110311133736
11,19,18,18845,17641.44832987916,1203.5516701208398
11,19,19,18662,17671.281123260218,990.718876739782
11,19,20,18175,17368.30224415984,806.6977558401595
11,19,21,17857,17373.640911873394,483.35908812660637
11,19,22,17204,17171.542251526298,32.45774847370194
11,19,23,16075,16903.31955311753,828.3195531175297
11,20,0,15014,13453.202261133245,1560.797738866755
11,20,1,14265,13691.325255583686,573.6747444163138
11,20,2,13839,13699.921509125188,139.0784908748119
11,20,3,13730,14038.775178820935,308.77517882093525
11,20,4,13676,14130.593259707015,454.593259707015
11,20,5,13713,14147.870248553827,434.87024855382697
11,20,6,14329,14613.516364514993,284.51636451499326
11,20,7,15925,15085.253873914799,839.7461260852015
11,20,8,17044,17601.14685244522,557.1468524452212
11,20,9,17397,17500.364051783807,103.36405178380664
11,20,10,17522,17422.35746484775,99.64253515224846
11,20,11,17664,17643.822669529163,20.17733047083675
11,20,12,17179,16300.176960618155,878.8230393818449
11,20,13,16845,16498.238975483684,346.76102451631596
11,20,14,16777,16488.055790324004,288.9442096759958
11,20,15,16781,16582.20492987026,198.79507012974136
11,20,16,17272,17360.890404068537,88.89040406853746
11,20,17,18235,19004.800183882817,769.8001838828168
11,20,18,19393,19205.730148528524,187.2698514714757
11,20,19,19010,18882.94486247456,127.05513752543993
11,20,20,18774,18561.11748540488,212.88251459511957
11,20,21,18306,18332.844291925798,26.844291925797734
11,20,22,17420,17340.33245244777,79.66754755223155
11,20,23,16317,17060.50101984203,743.5010198420314
11,21,0,15259,13729.162943556643,1529.8370564433571
11,21,1,14449,13968.24404301311,480.75595698688994
11,21,2,14007,14079.587263394607,72.58726339460736
11,21,3,13841,14393.65625922824,552.6562592282407
11,21,4,13740,14691.297844030269,951.2978440302686
11,21,5,13913,14576.970781895432,663.9707818954321
11,21,6,14534,14774.273223337941,240.2732233379411
11,21,7,15832,14583.126345733706,1248.8736542662937
11,21,8,17295,17283.15500993972,11.844990060279088
11,21,9,17584,17627.018320921445,43.01832092144468
11,21,10,17514,16191.153145844044,1322.846854155956
11,21,11,17109,15717.072703919534,1391.9272960804665
11,21,12,16987,15831.805718804972,1155.1942811950285
11,21,13,16622,16436.583868105576,185.41613189442432
11,21,14,16669,16637.969619362255,31.03038063774511
11,21,15,16915,16521.176867753547,393.8231322464526
11,21,16,17433,17210.697188097092,222.3028119029077
11,21,17,18678,18678.76511912114,0.7651191211407422
11,21,18,19793,18315.95921013367,1477.0407898663289
11,21,19,19568,18543.09589586097,1024.90410413903
11,21,20,19603,18987.180952754563,615.8190472454371
11,21,21,19425,19085.240364241872,339.75963575812784
11,21,22,18720,18864.18423354221,144.1842335422116
11,21,23,17539,18427.94500113212,888.9450011321205
11,22,0,16580,14836.242298651334,1743.7577013486662
11,22,1,15875,15106.291409429758,768.7085905702424
11,22,2,15429,15076.309079463266,352.69092053673376
11,22,3,15240,14329.984223271225,910.0157767287747
11,22,10,17835,17567.47736729576,267.5226327042401
11,22,11,17466,16981.328491040767,484.6715089592326
11,22,12,17293,16917.507301172474,375.4926988275256
11,22,13,17070,17028.1020118687,41.897988131298916
11,22,14,17083,16713.788878397914,369.21112160208577
11,22,15,17369,16961.25132372042,407.74867627958156
11,22,16,17911,17359.914008688866,551.0859913111344
11,22,17,19001,17968.651881058617,1032.3481189413833
11,22,18,20152,17241.27583876912,2910.724161230879
11,22,19,19856,17449.806907637092,2406.193092362908
11,22,20,19537,17108.481336664045,2428.5186633359554
11,22,21,19240,17125.404529002783,2114.5954709972175
11,22,22,18393,16711.85532103448,1681.1446789655201
11,22,23,17412,16403.817435064106,1008.1825649358943
11,23,0,16476,11892.086851609834,4583.913148390166
11,23,1,15641,12281.81597039261,3359.1840296073897
11,23,2,15188,12725.250472365487,2462.7495276345126
11,23,3,14891,13026.07927539014,1864.9207246098595
11,23,4,14942,13721.6844411501,1220.3155588498994
11,23,5,14922,14177.975311838134,744.0246881618659
11,23,6,15455,13852.925978258843,1602.0740217411567
11,23,7,16675,15984.527890023619,690.472109976381
11,23,8,17855,17724.848351862314,130.1516481376857
11,23,9,18110,17512.717532541916,597.2824674580843
11,23,10,18066,17254.372538398824,811.627461601176
11,23,11,17646,17283.321530316,362.67846968400045
11,23,12,17343,16970.65255782119,372.3474421788087
11,23,13,17123,18089.666037266514,966.6660372665137
11,23,15,16903,16832.697690250512,70.3023097494879
11,23,16,17018,16678.658435309524,339.34156469047593
11,23,17,17629,16562.799530078762,1066.2004699212375
11,23,18,18134,15912.078351228878,2221.921648771122
11,23,19,17798,15911.499473698812,1886.500526301188
11,23,20,17523,15571.673641196458,1951.3263588035425
11,23,21,17209,15676.23040734917,1532.7695926508295
11,23,22,16748,15744.884531896938,1003.1154681030621
11,23,23,15839,15718.284249731383,120.71575026861683
11,24,0,14854,11610.528736206923,3243.471263793077
11,24,1,13964,12047.860903677796,1916.1390963222038
11,24,2,13463,12167.993461642003,1295.0065383579968
11,24,3,13134,12194.513536790551,939.4864632094486
11,24,4,12932,12558.998536740855,373.00146325914466
11,24,5,12965,12319.69519890529,645.3048010947095
11,24,6,13464,12536.97234152752,927.0276584724797
11,24,7,13904,12635.061627024084,1268.9383729759156
11,24,8,14678,12833.820841313678,1844.179158686322
11,24,9,15235,13502.62644220398,1732.3735577960197
11,24,10,15689,14068.499641969594,1620.5003580304056
11,24,11,15861,14248.268233285524,1612.7317667144762
11,24,12,16182,14538.87992261728,1643.1200773827204
11,24,13,16434,14703.845045553695,1730.154954446305
11,24,14,16303,15041.570419795247,1261.4295802047527
11,24,16,16548,15261.260468306544,1286.7395316934562
11,24,17,16937,14862.340222259523,2074.659777740477
11,24,18,17279,15091.999397487634,2187.0006025123657
11,24,19,16757,15263.693380425466,1493.3066195745341
11,25,3,12691,13037.156333946867,346.15633394686665
11,25,4,12324,13231.510290062215,907.5102900622151
11,25,5,12285,13402.432758066327,1117.4327580663266
11,25,6,12504,13644.0220160384,1140.0220160383997
11,25,7,12891,13782.8854504118,891.8854504118008
11,25,8,13584,13938.155531650464,354.1555316504637
11,25,9,14187,14330.196030084317,143.1960300843166
11,25,10,14887,16315.301836078908,1428.3018360789083
11,25,11,15142,16498.091059094022,1356.091059094022
11,25,12,15460,15219.006936102218,240.99306389778212
11,25,13,15634,15761.75291104682,127.75291104682037
11,25,14,15679,15766.364836833774,87.36483683377446
11,25,15,15785,16602.827928996612,817.8279289966122
11,25,16,16039,15911.13752791332,127.86247208667919
11,25,17,16895,16858.13893174641,36.86106825359093
11,25,18,17669,18027.18408960402,358.1840896040194
11,25,19,17106,17334.404373854017,228.40437385401674
11,25,20,16721,16792.468433502956,71.46843350295603
11,25,21,16340,16460.76673121628,120.76673121628119
11,25,22,15713,16908.322482295178,1195.322482295178
11,25,23,14975,16567.703567904962,1592.7035679049623
11,26,0,13986,13669.836654459972,316.1633455400279
11,26,1,13416,13655.10837823755,239.1083782375499
11,26,2,12861,13884.57119620463,1023.5711962046298
11,26,3,12689,14092.39744362448,1403.3974436244807
11,26,4,12572,14137.72385537247,1565.7238553724692
11,26,5,12780,14109.455730264106,1329.455730264106
11,26,6,13443,14195.806530645494,752.8065306454937
11,26,7,14899,14639.302787507035,259.69721249296526
11,26,8,16517,15977.145639636286,539.8543603637136
11,26,9,17137,16092.72384663658,1044.2761533634202
11,26,10,17383,16406.318388419997,976.6816115800029
11,26,11,17514,16580.738856881413,933.2611431185869
11,26,12,17446,16501.450555420124,944.5494445798759
11,26,13,17465,16991.98396822236,473.016031777639
11,26,14,17369,17306.758179802215,62.24182019778527
11,26,15,17352,17602.82115967313,250.82115967313075
11,26,16,17542,17700.017255986677,158.0172559866769
11,26,17,18203,18159.785413818816,43.21458618118413
11,26,18,18718,17020.17473892014,1697.825261079859
11,26,19,18268,16809.28832515764,1458.7116748423614
11,26,20,18071,17125.078676700134,945.9213232998663
11,26,21,17792,18252.254067685524,460.2540676855242
11,26,22,17024,17843.857718438525,819.8577184385249
11,26,23,15841,16857.595193458714,1016.5951934587138
11,27,0,14735,13114.55162593155,1620.44837406845
11,27,1,14142,13075.795200027671,1066.204799972329
11,27,2,13738,13366.556972196442,371.4430278035579
11,27,3,13570,13422.089290685413,147.9107093145867
11,27,4,13394,13501.808941820751,107.80894182075099
11,27,5,13548,13692.596763272359,144.59676327235866
11,27,6,14191,13909.0684482095,281.9315517904997
11,27,7,15546,14215.854464047285,1330.1455359527154
11,27,8,16796,15371.135035123672,1424.8649648763276
11,27,9,17313,15790.206310813577,1522.7936891864229
11,27,10,17407,16830.22935154709,576.7706484529117
11,27,11,17486,16593.112790772495,892.8872092275051
11,27,12,17548,16544.798666076225,1003.2013339237747
11,27,13,17509,16244.829703419777,1264.1702965802233
11,27,14,17656,16493.216032353615,1162.7839676463846
11,27,15,17740,16590.244580306644,1149.755419693356
11,27,16,17932,16959.307703409944,972.6922965900558
11,27,17,18646,18355.125365068798,290.8746349312023
11,27,18,19291,18743.666313662052,547.3336863379482
11,27,19,18760,16223.786425515415,2536.2135744845855
11,27,20,18560,16804.014817897303,1755.9851821026969
11,27,21,18287,16493.057205627414,1793.942794372586
11,27,22,17784,16627.75130009086,1156.2486999091416
11,27,23,16696,16975.34752737919,279.34752737918825
11,28,0,15615,13215.586748120064,2399.413251879936
11,28,1,14645,12938.439898199202,1706.5601018007983
11,28,2,14206,12896.748207098259,1309.2517929017413
11,28,3,13994,13031.662483826567,962.337516173433
11,28,4,14018,13205.370731045214,812.6292689547863
11,28,5,14196,13176.654291186627,1019.3457088133728
11,28,6,14771,13350.525795346528,1420.474204653472
11,28,7,16004,13949.205907614607,2054.794092385393
11,28,8,17068,15347.091750565545,1720.9082494344548
11,28,9,17306,15618.30999506126,1687.6900049387405
11,28,10,17450,15815.500599735751,1634.4994002642488
11,28,11,17515,15995.466024191814,1519.5339758081864
11,28,12,17321,16160.278289246717,1160.7217107532833
11,28,13,17264,16049.92331131385,1214.0766886861493
11,28,14,17101,16359.221907238049,741.7780927619515
11,28,15,17088,16282.041834028945,805.9581659710548
11,28,16,17360,16495.19562211691,864.8043778830906
11,28,17,18164,16603.458380391927,1560.5416196080732
11,28,18,19097,15957.42715551896,3139.5728444810393
11,28,19,18761,16336.017242708125,2424.982757291875
11,28,20,18674,18027.289141369303,646.7108586306967
11,28,21,18484,18005.739283657105,478.26071634289474
11,28,22,17792,18571.076955411747,779.0769554117469
11,28,23,16662,17088.422111290194,426.42211129019415
11,29,0,15580,13110.864980221673,2469.1350197783268
11,29,1,14678,13372.426567073622,1305.5734329263778
11,29,2,14334,13514.725736297212,819.2742637027877
11,29,3,14225,13456.323954191264,768.6760458087356
11,29,4,14134,13209.36808504445,924.6319149555493
11,29,5,14133,13365.170538789727,767.8294612102727
11,29,6,14832,13638.985745053105,1193.0142549468947
11,29,7,16233,14596.416814979053,1636.583185020947
11,29,8,17418,17759.568334255502,341.5683342555021
11,29,9,17701,17422.161108166896,278.83889183310384
11,29,10,17629,17143.765913354076,485.2340866459235
11,29,11,17442,16279.125926223636,1162.8740737763637
11,29,12,17361,16554.312066248498,806.687933751502
11,29,13,17227,16535.691870772076,691.3081292279239
11,29,14,17225,16949.76682817069,275.23317182930987
11,29,15,17311,17537.742084670528,226.74208467052813
11,29,16,17820,17639.939336346753,180.0606636532466
11,29,17,18578,17812.720242465293,765.2797575347067
11,29,18,19285,16828.32630921169,2456.6736907883096
11,29,19,18800,17070.732780769835,1729.2672192301652
11,29,20,18496,17201.774039462645,1294.2259605373547
11,29,21,18143,17344.199536216387,798.8004637836129
11,29,22,17521,17547.131102342188,26.13110234218766
11,29,23,16552,17652.840172983,1100.8401729830002
11,30,0,15529,13437.306886184102,2091.693113815898
11,30,1,14587,13500.425095903487,1086.574904096513
11,30,2,14219,13459.150407450003,759.8495925499974
11,30,3,13906,13529.029091748504,376.97090825149644
11,30,4,13825,13586.885656741208,238.11434325879236
11,30,5,13943,13541.274919040721,401.7250809592788
11,30,6,14550,13834.413636709056,715.5863632909441
11,30,7,15832,14655.88744417119,1176.1125558288095
11,30,8,16979,16728.56062497671,250.43937502328845
11,30,9,17445,16824.229755780198,620.7702442198024
11,30,10,17456,17229.12299793623,226.87700206377122
11,30,11,17529,17934.988861279075,405.9888612790746
11,30,12,17740,18387.288442268786,647.2884422687857
11,30,13,17692,17781.489965717716,89.48996571771568
11,30,14,17637,17783.889928288456,146.88992828845585
11,30,15,17618,17918.988225090623,300.988225090623
11,30,16,17772,18011.56457349984,239.56457349983975
11,30,17,18209,18252.44229008193,43.44229008192997
11,30,18,18784,17413.29582469375,1370.7041753062513
11,30,19,18438,17633.121319634265,804.8786803657349
11,30,20,18018,17863.374944698542,154.6250553014579
11,30,21,17594,18118.21843007027,524.2184300702684
11,30,22,16938,17938.830650662334,1000.8306506623339
11,30,23,16072,17173.15191835367,1101.1519183536693
12,1,0,15087,12666.33325734385,2420.6667426561507
12,1,1,14263,12943.304028402965,1319.6959715970352
12,1,2,13718,12955.989822535548,762.0101774644518
12,1,3,13329,13935.712186192477,606.712186192477
12,1,4,13180,13944.104013772603,764.1040137726031
12,1,5,13215,13973.408438035494,758.4084380354943
12,1,6,13431,14157.662283056057,726.6622830560573
12,1,7,13957,14534.372216906853,577.3722169068533
12,1,8,14795,14312.02616514629,482.9738348537103
12,1,9,15430,14496.530898436062,933.4691015639382
12,1,10,15873,14152.051504694307,1720.9484953056926
12,1,11,16009,14442.956266720512,1566.0437332794882
12,1,12,16188,15225.515946529853,962.484053470147
12,1,13,15982,14678.623382668542,1303.376617331458
12,1,14,15871,14497.280832116194,1373.7191678838062
12,1,15,15897,14602.928778684141,1294.0712213158586
12,1,16,16177,15007.447251520161,1169.5527484798386
12,1,17,16934,16002.490460399045,931.5095396009547
12,1,18,17569,15792.84895750817,1776.1510424918306
12,1,19,17017,15443.055038284458,1573.9449617155424
12,1,20,16641,15488.95668624579,1152.0433137542095
12,1,21,16242,15829.660352926092,412.33964707390805
12,1,22,15763,16073.303035046498,310.3030350464978
12,1,23,15060,16268.761197918519,1208.7611979185185
12,2,0,14128,12721.192991048896,1406.8070089511039
12,2,1,13411,12697.8965071685,713.1034928315003
12,2,2,12928,12895.169599813617,32.830400186383486
12,2,3,12572,13105.717745794484,533.7177457944836
12,2,4,12574,13192.522124489975,618.5221244899749
12,2,5,12537,13326.308443972652,789.3084439726517
12,2,6,12764,13454.48745751094,690.4874575109407
12,2,7,13217,13637.97272440166,420.97272440165943
12,2,8,13965,13948.398002978813,16.601997021187344
12,2,9,14623,14149.372742000889,473.62725799911095
12,2,10,14981,14511.511518173751,469.488481826249
12,2,11,15237,15171.234196765508,65.76580323449161
12,2,12,15414,15415.889175313216,1.8891753132156737
12,2,13,15560,15569.338674276984,9.338674276983511
12,2,14,15609,15473.422409137876,135.57759086212354
12,2,15,15414,15616.981105929719,202.98110592971898
12,2,16,15638,15363.303312311918,274.6966876880815
12,2,17,16401,15167.55897037147,1233.4410296285296
12,2,18,17260,15539.904880714883,1720.095119285117
12,2,19,17035,15905.140467276808,1129.8595327231924
12,2,20,16726,18645.662667837438,1919.6626678374378
12,2,21,16438,18663.206636651994,2225.206636651994
12,2,22,15660,16767.777714773438,1107.7777147734378
12,2,23,14821,16642.51598809894,1821.5159880989413
12,3,0,13801,13766.431596691784,34.56840330821615
12,3,1,13130,13754.233099986712,624.2330999867117
12,3,2,12692,13853.564353647093,1161.5643536470925
12,3,3,12453,13715.251237031543,1262.2512370315435
12,3,4,12636,13872.49689394909,1236.49689394909
12,3,5,12865,13914.10052978209,1049.1005297820902
12,3,6,13718,14378.52204573528,660.5220457352807
12,3,7,15185,14978.671312002842,206.32868799715834
12,3,8,16666,19449.438738690213,2783.4387386902126
12,3,9,17046,16869.456931374625,176.54306862537487
12,3,10,16992,16221.803368681643,770.1966313183566
12,3,11,16980,18562.844167718595,1582.8441677185947
12,3,12,17065,17638.459625293464,573.4596252934643
12,3,13,17006,16216.124659633706,789.875340366294
12,3,14,17142,16397.37162361062,744.6283763893807
12,3,15,17402,17262.210831675337,139.78916832466348
12,3,16,17960,17616.36054850509,343.63945149490974
12,3,17,18746,18258.031945937808,487.9680540621921
12,3,18,19404,17567.3618483537,1836.6381516463007
12,3,19,19151,17536.23431109083,1614.7656889091704
12,3,20,18740,17574.11699549692,1165.8830045030809
12,3,21,18418,18205.361883626312,212.6381163736878
12,3,22,17715,17864.8188320548,149.8188320547997
12,3,23,16701,17356.457982191943,655.4579821919433
12,4,0,15549,13972.599559172124,1576.400440827876
12,4,1,14766,14102.743207905076,663.2567920949241
12,4,2,14253,13921.86764857063,331.13235142937083
12,4,3,14137,13947.454784534906,189.54521546509386
12,4,4,14092,14246.334853991006,154.33485399100573
12,4,5,14088,13965.469709211697,122.53029078830332
12,4,6,14797,13859.860594951213,937.139405048787
12,4,7,16143,14030.814256041127,2112.185743958873
12,4,8,17532,15738.528596447231,1793.4714035527686
12,4,9,17863,16741.261485071696,1121.7385149283036
12,4,10,17627,16904.105790356483,722.8942096435167
12,4,11,17369,16258.608642700348,1110.3913572996516
12,4,12,17168,15531.173429948394,1636.8265700516058
12,4,13,16798,15853.158483783647,944.8415162163528
12,4,14,16548,16216.192713489909,331.8072865100912
12,4,15,16644,16459.554229363468,184.44577063653196
12,4,16,17190,18005.22840624197,815.2284062419712
12,4,17,18288,18171.914612779547,116.08538722045341
12,4,18,19286,17482.41433586294,1803.5856641370592
12,4,19,19209,17332.47516936842,1876.5248306315807
12,4,20,19013,17287.49809432443,1725.50190567557
12,4,21,18796,17386.511592183866,1409.488407816134
12,4,22,18152,17208.71555186251,943.2844481374887
12,4,23,17104,17159.283022544434,55.28302254443406
12,5,0,15893,13059.378920722915,2833.6210792770853
12,5,1,15111,13550.982522428916,1560.0174775710839
12,5,2,14685,13610.223847079234,1074.7761529207655
12,5,3,14394,13483.216005358316,910.7839946416843
12,5,4,14353,12960.097532451115,1392.9024675488854
12,5,5,14516,14037.418940193025,478.58105980697474
12,5,6,15085,14020.265604969107,1064.7343950308932
12,5,7,16395,15410.249864338108,984.7501356618923
12,5,8,17761,21758.0638027995,3997.063802799501
12,5,9,17807,18984.367076280607,1177.3670762806069
12,5,10,17727,17062.387198791483,664.6128012085173
12,5,11,17534,17092.609240915273,441.3907590847266
12,5,12,17268,17476.67058570265,208.67058570265
12,5,13,17139,17619.607087531986,480.6070875319856
12,5,14,17252,17466.146473936715,214.14647393671476
12,5,15,17431,17713.397031467866,282.3970314678663
12,5,16,17722,17840.29858154738,118.29858154738031
12,5,17,18573,18643.82429783939,70.82429783939006
12,5,18,19281,17705.813336575564,1575.1866634244361
12,5,19,18874,17449.1402790333,1424.8597209666987
12,5,20,18744,17524.980239379438,1219.019760620562
12,5,21,18274,17539.343984423365,734.6560155766347
12,5,22,17509,17903.82833662957,394.8283366295691
12,5,23,16483,17386.0946969719,903.0946969719007
12,6,0,15280,13449.157486039385,1830.8425139606152
12,6,1,14498,13498.078968450416,999.9210315495839
12,6,2,14079,13974.744134005232,104.2558659947681
12,6,3,13946,13912.167826673904,33.83217332609638
12,6,4,13753,13816.6947110343,63.69471103430078
12,6,5,13921,13828.759740360923,92.24025963907661
12,6,6,14446,14321.258945562717,124.74105443728331
12,6,7,15771,14697.00990668093,1073.9900933190693
12,6,8,17207,16867.13216877192,339.867831228079
12,6,9,17529,16409.773485210386,1119.2265147896142
12,6,10,17464,18077.82169574517,613.8216957451696
12,6,11,17441,17324.663688472145,116.33631152785529
12,6,12,17470,17232.92542059546,237.0745794045397
12,6,13,17401,16953.011984559515,447.98801544048547
12,6,14,17699,18064.95308066138,365.9530806613802
12,6,15,17999,18042.51319472063,43.513194720628235
12,6,16,17972,17654.542440792746,317.45755920725423
12,6,17,18478,18548.194505435178,70.19450543517814
12,6,18,19008,17899.38939787977,1108.6106021202286
12,6,19,18964,17876.5099930873,1087.4900069126998
12,6,20,18748,17785.347668964536,962.6523310354642
12,6,21,18435,17685.67934211199,749.320657888009
12,6,22,17888,17833.810416182096,54.18958381790435
12,6,23,16868,17429.49815428505,561.498154285051
12,7,0,15836,14200.451176178542,1635.5488238214584
12,7,1,15067,14167.358440752558,899.6415592474423
12,7,2,14656,15727.337096556725,1071.3370965567246
12,7,3,14612,14867.888496532943,255.88849653294346
12,7,4,14541,15721.567065740546,1180.5670657405462
12,7,5,15013,15338.684647381178,325.68464738117837
12,7,6,15599,14756.967879527725,842.032120472275
12,7,7,16900,16062.072918460995,837.9270815390046
12,7,8,18246,17603.246100172724,642.7538998272757
12,7,9,18480,17691.518618029073,788.481381970927
12,7,10,18361,17728.66574071779,632.3342592822082
12,7,11,17816,17691.869981297365,124.13001870263543
12,7,12,17501,17846.054773625005,345.0547736250046
12,7,13,17413,17807.86829033786,394.86829033786125
12,7,14,17394,18207.35980641853,813.3598064185317
12,7,15,17632,18479.27803341481,847.2780334148083
12,7,16,18060,18033.255623745812,26.744376254187955
12,7,17,18987,18548.446094577215,438.55390542278474
12,7,18,19648,18198.786412594654,1449.2135874053456
12,7,19,19417,18922.923145336834,494.07685466316616
12,7,20,19044,18391.877053054337,652.122946945663
12,7,21,18753,18091.033701702425,661.9662982975751
12,7,22,18087,18214.27496712944,127.27496712944048
12,7,23,17198,18061.151080292617,863.1510802926168
12,8,0,15967,14066.56588767401,1900.4341123259892
12,8,1,15275,14244.935324961292,1030.0646750387077
12,8,2,14724,14572.516512251288,151.48348774871192
12,8,3,14384,14266.005716252745,117.9942837472554
12,8,4,14335,14083.285046136643,251.71495386335664
12,8,5,14465,15648.445497972029,1183.4454979720285
12,8,6,14747,15513.180821675878,766.1808216758782
12,8,7,15284,15207.223896814441,76.7761031855589
12,8,8,16169,15619.441799205437,549.5582007945632
12,8,9,16816,15778.729239886352,1037.270760113648
12,8,10,16928,15854.279813840101,1073.7201861598987
12,8,11,16986,15944.014338820969,1041.985661179031
12,8,12,16909,16533.94581430953,375.05418569047106
12,8,13,16673,16417.046189356468,255.95381064353205
12,8,14,16469,16428.869853115226,40.13014688477415
12,8,15,16373,16602.473463580063,229.47346358006325
12,8,16,16541,16459.349400660474,81.6505993395258
12,8,17,17440,16742.098262673684,697.9017373263159
12,8,18,18575,17855.896414504074,719.1035854959264
12,8,19,18130,17162.820843761045,967.1791562389553
12,8,20,17780,17383.27368571567,396.7263142843294
12,8,21,17509,17389.749659332665,119.25034066733497
12,8,22,16918,18064.03113745186,1146.0311374518606
12,8,23,15958,17880.817170621474,1922.8171706214744
12,9,0,15225,14094.742179911425,1130.2578200885746
12,9,1,14537,14343.415166216573,193.5848337834268
12,9,2,14066,14127.02715568495,61.02715568494932
12,9,3,13677,14319.023819591766,642.0238195917664
12,9,4,13543,13291.941736826986,251.05826317301398
12,9,5,13578,13496.249701677061,81.75029832293876
12,9,6,13823,13333.629249686066,489.37075031393397
12,9,7,14319,13529.380923730903,789.6190762690967
12,9,8,14832,13801.80333582828,1030.1966641717208
12,9,9,15378,15245.443951370777,132.55604862922337
12,9,10,15529,13865.460963407855,1663.5390365921448
12,9,11,15361,14344.575488477287,1016.4245115227131
12,9,12,15255,14610.434383380598,644.5656166194021
12,9,13,15390,15592.7280393547,202.72803935470074
12,9,14,15392,16028.813986204748,636.8139862047483
12,9,15,15689,15885.188877586334,196.18887758633355
12,9,16,16173,15901.408099076547,271.59190092345307
12,9,17,17346,16282.42442237864,1063.5755776213591
12,9,18,18567,16452.41087334429,2114.5891266557082
12,9,19,18533,16899.640797809938,1633.3592021900622
12,9,20,18046,16657.141683075446,1388.858316924554
12,9,21,17516,16651.272366057437,864.7276339425625
12,9,22,16954,16722.828617459567,231.17138254043311
12,9,23,16154,16947.60993034521,793.6099303452102
12,10,0,15272,14426.351901848959,845.6480981510413
12,10,1,14503,15177.8621642327,674.8621642326998
12,10,2,14107,15131.418857940209,1024.418857940209
12,10,3,13905,15550.452490261221,1645.452490261221
12,10,4,13848,15214.619216484598,1366.619216484598
12,10,5,14034,14651.231562089528,617.2315620895279
12,10,6,14683,14795.86313760793,112.86313760793018
12,10,7,16078,16279.356065244525,201.35606524452487
12,10,8,17526,17651.300560811796,125.30056081179646
12,10,9,17807,17634.16013783876,172.83986216123958
12,10,10,17531,17798.778000405946,267.77800040594593
12,10,11,17381,17839.10238828861,458.1023882886111
12,10,12,17348,17570.92598061112,222.92598061111858
12,10,13,17351,17635.441835091762,284.4418350917622
12,10,14,17618,17937.95717993864,319.95717993863946
12,10,15,17741,17934.23325194711,193.23325194710924
12,10,16,18115,18127.143906136414,12.143906136414444
12,10,17,18910,18854.74728140352,55.2527185964791
12,10,18,19627,18784.17270423269,842.8272957673107
12,10,19,19304,18221.228859782394,1082.7711402176064
12,10,20,19138,18311.101403146757,826.8985968532434
12,10,21,18684,18523.19833419795,160.80166580204968
12,10,22,17890,18531.981635592372,641.9816355923722
12,10,23,16645,17314.353566819973,669.3535668199729
12,11,0,15335,13689.400327961896,1645.5996720381045
12,11,1,14762,13682.35709684093,1079.6429031590706
12,11,2,14305,13737.395849820476,567.6041501795244
12,11,3,14081,13930.008205326338,150.9917946736623
12,11,4,14011,14320.963931345867,309.9639313458665
12,11,5,14157,14256.578406720851,99.57840672085149
12,11,6,14837,14659.643592027875,177.35640797212545
12,11,7,16018,15036.124539978111,981.875460021889
12,11,8,17416,17771.438197524705,355.4381975247052
12,11,9,17932,18588.109922506028,656.1099225060279
12,11,10,18225,21472.604367107393,3247.604367107393
12,11,11,18199,19665.79314873673,1466.7931487367314
12,11,12,18267,18249.596292000413,17.403707999586914
12,11,13,18214,18066.512598262332,147.48740173766782
12,11,14,18227,18192.02016653708,34.97983346291949
12,11,15,18418,18480.4276970005,62.42769700050121
12,11,16,18579,18455.608893190463,123.39110680953672
12,11,17,19098,19329.27585094342,231.27585094342066
12,11,18,19891,18617.820986318377,1273.1790136816235
12,11,19,19469,18432.296682347267,1036.703317652733
12,11,20,19264,18280.941945562063,983.0580544379372
12,11,21,18971,18222.611616324193,748.3883836758068
12,11,22,18146,18313.15119041308,167.15119041307844
12,11,23,16863,18078.488870530233,1215.4888705302328
12,12,0,15629,14263.557566021915,1365.4424339780853
12,12,1,14848,14413.52199566681,434.47800433319026
12,12,2,14361,14021.517217904262,339.482782095738
12,12,3,14155,14613.755226180341,458.7552261803412
12,12,4,14122,14227.238172832542,105.23817283254175
12,12,5,14209,14886.51838376829,677.5183837682907
12,12,6,14766,13911.209593155969,854.7904068440312
12,12,7,16115,15105.350859595113,1009.6491404048866
12,12,8,17590,16686.612676497316,903.387323502684
12,12,9,17701,17287.185466741827,413.81453325817347
12,12,10,17635,17595.121706857382,39.87829314261762
12,12,11,17737,17690.82255843183,46.17744156816843
12,12,12,17689,18001.601557690115,312.60155769011544
12,12,13,17492,17715.342104026182,223.34210402618191
12,12,14,17383,17483.310646460493,100.31064646049344
12,12,15,17422,17745.24183441095,323.2418344109501
12,12,16,17872,17729.578786748607,142.42121325139306
12,12,17,18613,18453.036286136863,159.96371386313695
12,12,18,19314,17870.73378483026,1443.2662151697405
12,12,19,18964,18091.50303005366,872.49696994634
12,12,20,18766,17671.697110507015,1094.3028894929848
12,12,21,18539,18195.764484260144,343.23551573985606
12,12,22,17926,18241.105541483816,315.1055414838156
12,12,23,16893,18510.28509368783,1617.2850936878312
12,13,0,15802,15415.811290932603,386.1887090673972
12,13,1,15079,15678.63272790619,599.6327279061898
12,13,2,14654,15386.520376130578,732.5203761305784
12,13,3,14497,14921.755982422093,424.75598242209344
12,13,4,14485,16026.679199710208,1541.6791997102082
12,13,5,14556,15490.742014033394,934.7420140333943
12,13,6,15162,16115.365091324977,953.3650913249767
12,13,7,16494,17228.892578008556,734.8925780085556
12,13,8,18064,18095.49114280571,31.491142805709387
12,13,9,18248,18530.9542706747,282.95427067470155
12,13,10,18216,18368.503368811766,152.50336881176554
12,13,11,18219,18610.11859479498,391.1185947949816
12,13,12,18176,18780.7704707589,604.7704707589
12,13,13,17927,18804.285008349954,877.2850083499543
12,13,14,18072,18519.821003651654,447.8210036516539
12,13,15,18104,18630.261370859243,526.2613708592435
12,13,16,18209,18827.89072296697,618.8907229669712
12,13,17,18891,19399.69978308431,508.6997830843102
12,13,18,19453,18350.56969476597,1102.4303052340292
12,13,19,19170,18284.184665522065,885.8153344779348
12,13,20,18864,18465.69834551997,398.30165448003027
12,13,21,18497,18470.226353228336,26.773646771664062
12,13,22,17819,18271.932910060466,452.9329100604664
12,13,23,16622,18303.251719615746,1681.251719615746
12,14,0,15431,13966.044636077448,1464.9553639225524
12,14,1,14613,14062.891644617668,550.1083553823319
12,14,2,14274,14942.777767206859,668.7777672068587
12,14,3,14073,15806.90507697647,1733.9050769764708
12,14,4,14030,15876.171893748058,1846.1718937480582
12,14,5,14188,14754.43176441019,566.4317644101902
12,14,6,14631,15697.7336438244,1066.7336438244001
12,14,7,15883,15835.02414078846,47.9758592115395
12,14,8,17317,17077.340751820517,239.65924817948326
12,14,9,17862,17408.911948372108,453.0880516278921
12,14,10,17982,17512.831166152482,469.1688338475178
12,14,11,18114,18226.634533100747,112.63453310074692
12,14,12,18120,18678.644263388087,558.644263388087
12,14,13,17623,17909.97336881257,286.9733688125707
12,14,14,17640,18097.54112602361,457.54112602361056
12,14,15,17527,17707.943025526012,180.9430255260122
12,14,16,17507,18026.186157961158,519.1861579611577
12,14,17,18213,17862.242257749476,350.75774225052373
12,14,18,18638,17445.575114336145,1192.424885663855
12,14,19,18227,17647.329947443195,579.6700525568049
12,14,20,18138,18364.133159083085,226.13315908308505
12,14,21,17846,18036.39992660474,190.39992660473945
12,14,22,17174,17920.90420630002,746.9042063000197
12,14,23,16096,17537.780135051977,1441.7801350519767
12,15,0,14939,13158.98839103079,1780.0116089692092
12,15,1,14132,13792.810676519319,339.1893234806812
12,15,2,13751,14877.103267325738,1126.1032673257378
12,15,3,13438,13504.495003215834,66.495003215834
12,15,4,13306,13193.574710164256,112.42528983574448
12,15,5,13283,13306.068576209826,23.06857620982555
12,15,6,13378,13225.39154179134,152.60845820866052
12,15,7,13805,13150.767779611117,654.2322203888834
12,15,8,14653,13093.781577070346,1559.2184229296545
12,15,9,15397,13527.501016444301,1869.498983555699
12,15,10,15969,14003.20487046129,1965.7951295387102
12,15,11,16105,16101.193040927701,3.8069590722989233
12,15,12,16116,14567.338317691478,1548.6616823085224
12,15,13,16016,14719.955291808943,1296.044708191057
12,15,14,15944,15851.882421483553,92.11757851644688
12,15,15,15986,14990.488013614817,995.5119863851833
12,15,16,16199,15116.364674889983,1082.6353251100172
12,15,17,16993,15314.02350221455,1678.9764977854502
12,15,18,17604,15994.683710046758,1609.3162899532417
12,15,19,17226,15723.110674599624,1502.889325400376
12,15,20,16876,15446.268035713418,1429.7319642865823
12,15,21,16428,15561.37410684807,866.6258931519296
12,15,22,15962,15740.379173725238,221.6208262747623
12,15,23,15274,15911.862247129071,637.862247129071
12,16,0,14390,12623.924676819383,1766.0753231806175
12,16,1,13762,13195.318965106977,566.681034893023
12,16,2,13329,13471.039686389277,142.03968638927654
12,16,3,13088,13332.829524051725,244.82952405172546
12,16,4,13240,15525.903773962285,2285.9037739622854
12,16,5,13157,13771.323057104171,614.3230571041713
12,16,6,13133,13842.518273495836,709.5182734958362
12,16,7,13592,13791.172371558203,199.17237155820294
12,16,8,14389,14142.636799605269,246.3632003947314
12,16,9,15123,15937.582455107156,814.5824551071564
12,16,10,15564,15466.081149977525,97.91885002247545
12,16,11,15664,14155.904591083621,1508.0954089163788
12,16,12,15649,14253.113402534744,1395.8865974652563
12,16,13,15578,14371.5078854469,1206.4921145531007
12,16,14,15307,14664.42086630663,642.5791336933707
12,16,15,15356,15646.110678894915,290.1106788949146
12,16,16,15815,15649.714781250143,165.28521874985745
12,16,17,16834,16549.85209902924,284.1479009707582
12,16,18,17978,16731.587607460227,1246.4123925397726
12,16,19,17878,17245.703601340938,632.2963986590621
12,16,20,17290,17310.31219893591,20.31219893590969
12,16,21,16810,16920.845466533086,110.84546653308644
12,16,22,16237,16319.504065492332,82.5040654923323
12,16,23,15322,16644.424813436814,1322.4248134368136
12,17,0,14266,13960.953756418186,305.04624358181354
12,17,1,13623,13962.243300903508,339.2433009035085
12,17,2,13232,14339.610069053791,1107.6100690537914
12,17,3,13218,14074.319062051127,856.3190620511268
12,17,4,13074,13715.182368222104,641.1823682221038
12,17,5,13297,13959.787799236725,662.7877992367248
12,17,6,13939,14177.709536174738,238.70953617473788
12,17,7,15405,14306.283241725792,1098.7167582742077
12,17,8,16806,15545.242728767305,1260.7572712326946
12,17,9,17275,16001.3353630754,1273.664636924599
12,17,10,17509,17784.760263112057,275.76026311205715
12,17,11,17728,18503.55099651063,775.5509965106285
12,17,12,17731,17393.605820618057,337.3941793819431
12,17,13,17768,17405.332590573515,362.6674094264854
12,17,14,17667,16344.61151114959,1322.3884888504108
12,17,15,17524,16706.38196954766,817.6180304523405
12,17,16,17926,16862.84068479241,1063.1593152075911
12,17,17,18653,17633.45956898794,1019.5404310120612
12,17,18,19337,17657.89522435622,1679.1047756437802
12,17,19,19001,17577.143962894716,1423.8560371052845
12,17,20,18899,18127.108098399432,771.8919016005675
12,17,21,18595,18066.52479066214,528.4752093378593
12,17,22,17883,18327.756469837666,444.7564698376664
12,17,23,16927,17629.285730697764,702.2857306977639
12,18,0,15767,15563.107065793678,203.89293420632202
12,18,1,14905,14615.930998275435,289.06900172456517
12,18,2,14474,14325.959082642306,148.04091735769362
12,18,3,14334,14260.302500844879,73.69749915512148
12,18,4,14310,14554.105991629847,244.10599162984727
12,18,5,14517,14516.383561909597,0.6164380904028803
12,18,6,15174,15358.34314582453,184.34314582453044
12,18,7,16461,16277.349007200235,183.65099279976494
12,18,8,17868,18325.453901606077,457.4539016060771
12,18,9,18150,17045.881072704506,1104.1189272954944
12,18,10,17620,16705.607677604512,914.392322395488
12,18,11,17042,16811.707566000125,230.29243399987536
12,18,12,16655,16618.60587485184,36.39412514815922
12,18,13,16224,17018.132251553347,794.1322515533466
12,18,14,16282,17130.647181826476,848.6471818264763
12,18,15,16610,17650.682122447393,1040.6821224473933
12,18,16,17263,17897.969410696656,634.9694106966563
12,18,17,18271,17903.364754870963,367.6352451290368
12,18,18,19324,17122.69981260194,2201.300187398061
12,18,19,19145,17328.516924232976,1816.4830757670243
12,18,20,19030,18014.305517055764,1015.6944829442364
12,18,21,18637,18034.304504926156,602.6954950738436
12,18,22,18018,18212.840314375317,194.84031437531667
12,18,23,16832,17316.81361637275,484.8136163727504
12,19,0,15551,13543.622151676984,2007.3778483230162
12,19,1,14746,13691.14145965072,1054.8585403492798
12,19,2,14279,13773.043730484844,505.95626951515624
12,19,3,13970,13749.696025192423,220.3039748075771
12,19,4,13813,14281.727394912012,468.72739491201173
12,19,5,13942,14412.170769315042,470.170769315042
12,19,6,14428,14590.255596342844,162.255596342844
12,19,7,15789,15114.777606381615,674.2223936183855
12,19,8,17259,16608.575169148513,650.4248308514871
12,19,9,17459,17004.280648217842,454.7193517821579
12,19,10,17194,17468.993033713105,274.9930337131045
12,19,11,16946,17220.83012653374,274.83012653373953
12,19,12,16704,17140.154230685494,436.15423068549353
12,19,13,16328,16431.82881737674,103.82881737673961
12,19,14,16264,18012.557295635397,1748.5572956353972
12,19,15,16448,17464.33760447206,1016.3376044720608
12,19,16,16909,18002.48721234419,1093.4872123441892
12,19,17,17903,18483.886158107318,580.8861581073179
12,19,18,18583,17181.678532401824,1401.3214675981762
12,19,19,18302,17175.763711663265,1126.236288336735
12,19,20,18161,16815.573793023446,1345.4262069765537
12,19,21,18043,16400.342758773375,1642.657241226625
12,19,22,17324,17519.727384581038,195.72738458103777
12,19,23,16255,17118.509544333054,863.5095443330538
12,20,0,15133,13837.954651281738,1295.0453487182622
12,20,1,14386,13989.745787525639,396.25421247436134
12,20,2,13874,13975.438950526986,101.43895052698645
12,20,3,13656,14480.736631291908,824.7366312919075
12,20,4,13657,15337.292528534706,1680.2925285347064
12,20,5,13805,15018.422302080942,1213.4223020809422
12,20,6,14415,14385.765518623406,29.234481376593976
12,20,7,15602,14863.299784922021,738.700215077979
12,20,8,17099,16777.476227562365,321.52377243763476
12,20,9,17356,16930.459953826317,425.54004617368264
12,20,10,17049,17301.755989310503,252.75598931050263
12,20,11,17089,17314.64568997928,225.64568997927927
12,20,12,17078,17144.91849071299,66.9184907129893
12,20,13,17215,17052.717480392843,162.28251960715716
12,20,14,17268,17449.019233740724,181.0192337407243
12,20,15,17034,17597.916255716962,563.916255716962
12,20,16,17224,17761.824122770617,537.8241227706167
12,20,17,17866,18025.636167347377,159.6361673473766
12,20,18,18446,17165.611806098255,1280.3881939017447
12,20,19,18201,17076.317433380427,1124.6825666195728
12,20,20,18025,17086.986724325532,938.0132756744679
12,20,21,17759,17165.10727963908,593.8927203609201
12,20,22,17194,17255.705502064768,61.70550206476764
12,20,23,16138,17457.694024214063,1319.6940242140627
12,21,0,14964,14050.88920904766,913.1107909523398
12,21,1,14103,13425.217165745744,677.7828342542562
12,21,2,13628,13811.759081997321,183.75908199732112
12,21,3,13351,13950.071201101084,599.0712011010837
12,21,4,13200,14215.7752493748,1015.7752493747994
12,21,5,13304,14551.18127235784,1247.1812723578405
12,21,6,14065,14640.413111200964,575.4131112009636
12,21,7,15264,15018.226858500035,245.77314149996528
12,21,8,16537,16635.118414731114,98.11841473111417
12,21,9,17140,16194.11315066191,945.8868493380905
12,21,10,17262,17052.257685051518,209.7423149484821
12,21,11,17274,16365.537610540443,908.462389459557
12,21,12,17206,15936.41500205782,1269.58499794218
12,21,13,16811,15844.293860150583,966.706139849417
12,21,14,16613,15877.51863466769,735.4813653323108
12,21,15,16716,16053.656069613879,662.3439303861214
12,21,16,16848,16188.95130330797,659.0486966920307
12,21,17,17322,16558.757383585293,763.2426164147073
12,21,18,17899,15876.504589377992,2022.4954106220084
12,21,19,17676,15912.792466610872,1763.207533389128
12,21,20,17440,16224.35282676254,1215.6471732374594
12,21,21,17305,16288.003326787104,1016.996673212896
12,21,22,16738,16431.643732925048,306.3562670749525
12,21,23,15819,16602.171517636172,783.1715176361722
12,22,0,14791,12747.219998542914,2043.7800014570857
12,22,1,14079,12828.193404324451,1250.806595675549
12,22,2,13593,13005.683968808666,587.3160311913343
12,22,3,13297,13113.570769680064,183.42923031993632
12,22,4,13054,13253.618259965211,199.6182599652111
12,22,5,13074,13308.895149420041,234.89514942004098
12,22,6,13378,13768.420170199626,390.4201701996262
12,22,7,14000,14143.43423239683,143.43423239683034
12,22,8,14724,14498.301617391779,225.69838260822144
12,22,9,15479,15429.350966774167,49.64903322583268
12,22,10,16195,16745.69864694939,550.6986469493895
12,22,11,16541,15712.897033221776,828.1029667782241
12,22,12,16788,15052.244980157157,1735.7550198428435
12,22,13,16671,15514.09579576722,1156.90420423278
12,22,14,16567,15249.17757367093,1317.8224263290704
12,22,15,16460,15243.840950618049,1216.1590493819513
12,22,16,16736,15268.94754259902,1467.0524574009796
12,22,17,17613,16013.739345577014,1599.2606544229857
12,22,18,18096,16354.342402163302,1741.6575978366982
12,22,19,17889,16801.74870456594,1087.25129543406
12,22,20,17605,16914.470711899157,690.5292881008427
12,22,21,17304,17216.85735687179,87.14264312820887
12,22,22,16759,17077.821441173313,318.82144117331336
12,22,23,15979,17876.775241007603,1897.7752410076027
12,23,0,15082,13925.056329570118,1156.9436704298823
12,23,1,14376,13713.683778642486,662.3162213575142
12,23,2,13887,13697.4412351363,189.55876486369925
12,23,3,13526,14171.01149332084,645.0114933208406
12,23,4,13457,14300.663481656591,843.6634816565911
12,23,5,13560,13918.02415718124,358.0241571812403
12,23,6,13734,13986.92466231596,252.92466231595972
12,23,7,13971,14187.65870124042,216.65870124041976
12,23,8,14607,14675.229305097375,68.22930509737489
12,23,9,15400,15136.187984771599,263.8120152284009
12,23,10,15858,14810.494778681816,1047.5052213181843
12,23,11,16150,15056.315783023867,1093.684216976133
12,23,12,16289,15690.093431950558,598.9065680494423
12,23,13,16388,15580.042069616225,807.9579303837745
12,23,14,16256,15979.631268349018,276.3687316509822
12,23,15,16283,16192.37313681266,90.62686318734086
12,23,16,16627,16226.813732609173,400.1862673908272
12,23,17,17290,16331.887888940078,958.1121110599215
12,23,18,17886,16605.48098042627,1280.5190195737305
12,23,19,17683,16694.88773780671,988.1122621932882
12,23,20,17426,16722.637842094,703.3621579060018
12,23,21,16953,16249.822011083934,703.1779889160662
12,23,22,16428,16724.477330306447,296.4773303064467
12,23,23,15665,16715.84525970873,1050.8452597087307
12,24,0,14925,14242.793107251508,682.2068927484925
12,24,1,14204,14843.587021618006,639.5870216180065
12,24,2,13660,14264.456620432391,604.456620432391
12,24,3,13307,14285.739588122402,978.739588122402
12,24,4,12905,14608.477932276519,1703.477932276519
12,24,5,13067,14735.23577551903,1668.2357755190296
12,24,6,13475,14913.975543278659,1438.9755432786587
12,24,7,14130,14578.189649970374,448.1896499703744
12,24,8,14709,15993.591286953768,1284.5912869537678
12,24,9,15490,16319.846612044263,829.8466120442627
12,24,10,16072,17787.978421903525,1715.9784219035246
12,24,11,16621,16952.954837822035,331.9548378220352
12,24,12,16582,16970.23262299008,388.2326229900791
12,24,13,16512,16994.22125298789,482.2212529878889
12,24,14,16375,16890.394041722007,515.3940417220074
12,24,15,16211,16933.778445720993,722.7784457209927
12,24,16,16026,16937.890946701085,911.8909467010853
12,24,17,16422,17106.642088936023,684.6420889360234
12,24,18,16998,16218.249865067366,779.750134932634
12,24,19,16397,16657.306393810035,260.30639381003493
12,24,20,16129,17175.670562260904,1046.6705622609043
12,24,21,15683,17224.614476725263,1541.6144767252626
12,24,22,15450,18160.27067704728,2710.2706770472796
12,24,23,14784,17733.179052561816,2949.179052561816
12,25,0,14495,12951.095372860747,1543.9046271392526
12,25,1,13783,13260.201013510234,522.7989864897663
12,25,2,13311,13718.572154860329,407.57215486032874
12,25,3,13119,13749.058867339367,630.0588673393668
12,25,4,12977,13975.398824851654,998.3988248516544
12,25,5,12969,14612.00677775211,1643.0067777521108
12,25,6,13106,14431.555782904627,1325.5557829046265
12,25,7,13633,15101.16958824078,1468.1695882407803
12,25,8,14249,15235.2899002786,986.2899002785998
12,25,9,14884,15171.482000615322,287.48200061532225
12,25,10,15046,14809.72861413853,236.27138586146975
12,25,11,15056,15043.925040495209,12.074959504790968
12,25,12,14973,15100.454148751407,127.45414875140705
12,25,13,14727,14937.549753657913,210.54975365791324
12,25,14,14946,15308.878448517571,362.8784485175711
12,25,15,15063,17567.50909133645,2504.509091336451
12,25,16,15461,15866.18843785644,405.1884378564391
12,25,17,16007,16966.948307747814,959.9483077478144
12,25,18,16340,16111.78859978391,228.21140021609062
12,25,19,15835,16096.23573907416,261.23573907415994
12,25,20,15660,17084.335144875702,1424.335144875702
12,25,21,15532,16965.51488129635,1433.514881296349
12,25,22,15264,16871.23753947324,1607.2375394732408
12,25,23,14800,16842.154495328046,2042.1544953280463
12,26,0,14198,13326.989833404094,871.0101665959064
12,26,1,13560,13576.09079163172,16.090791631719185
12,26,2,13105,13295.340908126584,190.3409081265836
12,26,3,12808,13396.038607664277,588.0386076642772
12,26,4,12769,13641.049021293251,872.0490212932509
12,26,5,12806,13644.757766364266,838.757766364266
12,26,6,13091,13869.1264148739,778.1264148738992
12,26,7,13524,14009.557154300717,485.55715430071723
12,26,8,14107,14170.377675588254,63.377675588253624
12,26,9,14514,14933.967041394639,419.9670413946387
12,26,10,14844,15871.721185415707,1027.7211854157067
12,26,11,15173,16476.127907432758,1303.1279074327576
12,26,12,15225,15140.254869507657,84.74513049234338
12,26,13,15275,14840.266215776499,434.73378422350106
12,26,14,15250,15070.083329295307,179.9166707046934
12,26,15,15380,15329.922316361333,50.07768363866671
12,26,16,15500,15405.960979736914,94.03902026308606
12,26,17,16088,15828.732562003512,259.2674379964883
12,26,18,16870,17040.482654171436,170.48265417143557
12,26,19,16646,16896.469150595927,250.4691505959272
12,26,20,16414,16746.04790125903,332.04790125902946
12,26,21,16158,16077.038278452328,80.96172154767191
12,26,22,15744,16675.353465305077,931.3534653050774
12,26,23,14972,16749.634949236974,1777.6349492369736
12,27,0,14268,13468.691513076945,799.3084869230552
12,27,1,13653,13615.416614233878,37.583385766121864
12,27,2,13259,13692.706313794493,433.7063137944933
12,27,3,13171,14136.267618427284,965.2676184272841
12,27,4,13087,13988.21627937403,901.2162793740299
12,27,5,13248,14126.68003190466,878.6800319046597
12,27,6,13652,14239.34996093363,587.3499609336304
12,27,7,14511,14403.39919702075,107.60080297925015
12,27,8,15405,15793.438406104626,388.43840610462576
12,27,9,16019,16144.510232099596,125.51023209959567
12,27,10,16259,16133.770256127145,125.22974387285467
12,27,11,16456,16274.763714046352,181.2362859536479
12,27,12,16622,17259.867375966565,637.8673759665653
12,27,13,16614,16588.224769700228,25.775230299772375
12,27,14,16532,16600.164719735287,68.16471973528678
12,27,15,16436,16766.624544426882,330.6245444268825
12,27,16,16673,16893.128852371607,220.12885237160663
12,27,17,17363,17186.091481341537,176.90851865846344
12,27,18,18238,16619.703364044115,1618.296635955885
12,27,19,17832,16639.88831076359,1192.1116892364116
12,27,20,17616,17927.020232802508,311.02023280250796
12,27,21,17278,16956.267429242624,321.7325707573764
12,27,22,16596,17556.673864384513,960.6738643845129
12,27,23,15592,17002.471687430465,1410.471687430465
12,28,0,14655,13699.871791837928,955.128208162072
12,28,1,13822,13942.535924254798,120.53592425479837
12,28,2,13177,14306.043372907787,1129.0433729077868
12,28,3,12832,14506.275510185204,1674.2755101852035
12,28,4,12667,14658.23796421867,1991.2379642186697
12,28,5,12629,14716.309651366408,2087.3096513664077
12,28,6,12890,14752.568664231034,1862.5686642310338
12,28,7,13703,15007.698830850888,1304.698830850888
12,28,8,14500,16303.864893974915,1803.8648939749146
12,28,9,15032,16475.20517496399,1443.2051749639904
12,28,10,15345,16844.305013102177,1499.3050131021773
12,28,11,15677,16758.187613361923,1081.1876133619226
12,28,12,15872,16969.357002409462,1097.3570024094624
12,28,13,15826,16903.33386332349,1077.333863323489
12,28,14,15728,17304.295032783924,1576.2950327839244
12,28,15,15443,17475.66033478161,2032.660334781609
12,28,16,15400,17312.359048263006,1912.3590482630061
12,28,17,15813,17491.28376480747,1678.283764807471
12,28,18,16428,16588.948549490564,160.9485494905639
12,28,19,16257,16605.911829546312,348.9118295463122
12,28,20,16085,16797.137577341564,712.1375773415639
12,28,21,16007,16917.870803848768,910.8708038487675
12,28,22,15606,16304.595511382775,698.5955113827749
12,28,23,14756,16373.161037355103,1617.161037355103
12,29,0,13926,12417.793410712276,1508.2065892877235
12,29,1,13252,12942.537743762874,309.462256237126
12,29,2,12836,13286.605940162171,450.60594016217146
12,29,3,12483,13462.880023707032,979.8800237070318
12,29,4,12284,13673.338498234809,1389.3384982348089
12,29,5,12320,13957.560246828441,1637.5602468284414
12,29,6,12579,14215.233791425353,1636.233791425353
12,29,7,13257,14615.020728144884,1358.0207281448838
12,29,8,14160,14998.612655076024,838.6126550760237
12,29,9,14846,15305.344627379978,459.3446273799782
12,29,10,15566,16520.44487178413,954.4448717841296
12,29,11,15940,16330.238697852528,390.2386978525283
12,29,12,16046,16758.428167507926,712.4281675079255
12,29,13,15808,15222.831255277502,585.1687447224976
12,29,14,15747,15222.31951115797,524.6804888420302
12,29,15,15612,15352.878419748584,259.12158025141616
12,29,16,15863,15662.506634566476,200.49336543352365
12,29,17,16857,15856.263551439068,1000.7364485609323
12,29,18,17835,16657.973958505827,1177.0260414941731
12,29,19,17715,16731.37184284289,983.628157157109
12,29,20,17419,16897.74040100101,521.2595989989895
12,29,21,17206,16762.20087346355,443.7991265364508
12,29,22,16649,16701.751253937386,52.75125393738563
12,29,23,15939,17059.59585123951,1120.5958512395082
12,30,0,15040,13917.45796672696,1122.5420332730391
12,30,1,14369,15475.462275603646,1106.462275603646
12,30,2,14008,16060.145403494502,2052.145403494502
12,30,3,13805,14597.836817936459,792.8368179364588
12,30,4,13682,14522.863498789531,840.8634987895311
12,30,5,13681,14301.0237601275,620.0237601275003
12,30,6,13785,14204.076717046664,419.07671704666427
12,30,7,14001,14091.441221501247,90.44122150124713
12,30,8,14413,14124.772655942461,288.2273440575391
12,30,9,14842,14467.232934657468,374.7670653425321
12,30,10,15355,15429.471350460573,74.47135046057338
12,30,11,15779,17173.745305796685,1394.745305796685
12,30,12,15979,15621.445107103531,357.554892896469
12,30,13,15878,14977.46724067121,900.5327593287893
12,30,14,15828,15002.536595824675,825.4634041753252
12,30,15,15708,15196.573307067072,511.42669293292784
12,30,16,16035,15336.476752677754,698.5232473222459
12,30,17,16700,15300.721196974184,1399.2788030258162
12,30,18,17426,15558.23078896449,1867.7692110355092
12,30,19,17314,15528.837452998116,1785.1625470018844
12,30,20,16773,15420.476356377912,1352.5236436220875
12,30,21,16515,15628.647445909704,886.3525540902956
12,30,22,16003,15970.942076563724,32.057923436275814
12,30,23,15346,16324.81634852901,978.8163485290097
12,31,0,14614,13696.010027400784,917.9899725992163
12,31,1,13890,13899.096649579824,9.096649579823861
12,31,2,13356,14162.863422906645,806.8634229066447
12,31,3,12963,13965.864179464006,1002.8641794640062
12,31,4,12905,14814.982970003897,1909.9829700038972
12,31,5,13125,15116.12868870212,1991.1286887021197
12,31,6,13551,14866.205323341146,1315.2053233411461
12,31,7,14124,14789.314386612104,665.3143866121045
12,31,8,14781,15703.469087589281,922.4690875892811
12,31,9,15402,15730.111423471553,328.1114234715533
12,31,10,15570,16192.005204144289,622.0052041442887
12,31,11,15895,16312.53738538309,417.5373853830897
12,31,12,15812,16678.996427118433,866.9964271184326
12,31,13,15763,16991.895624206132,1228.8956242061322
12,31,14,15662,17163.005722660495,1501.005722660495
12,31,15,15829,17636.560465211038,1807.5604652110378
12,31,16,16211,17484.64383350019,1273.6438335001912
12,31,17,16604,17289.65150612604,685.6515061260397
12,31,18,17125,16459.666948547518,665.3330514524823
12,31,19,16583,16653.454484082802,70.45448408280208
12,31,20,16195,17092.667226142556,897.6672261425556
12,31,21,15668,17590.574190608797,1922.574190608797
12,31,22,14987,17758.84164510097,2771.841645100969
12,31,23,14560,17368.98479213651,2808.984792136511
11,1,0,12684,12507.575653789267,176.42434621073335
11,1,1,12276,12852.37853438676,576.3785343867603
11,1,2,12229,12838.290139525572,609.2901395255722
11,1,3,12133,12666.47096853338,533.4709685333801
11,1,4,12243,13107.419282283488,864.4192822834884
11,1,5,12695,13453.793538034472,758.7935380344716
11,1,6,13950,13416.247812845788,533.7521871542122
11,1,7,15490,13342.812108173324,2147.1878918266757
11,1,8,15850,14609.439442331033,1240.5605576689668
11,1,9,15943,14763.066365873961,1179.9336341260387
11,1,10,16086,15512.97787242545,573.0221275745498
11,1,11,16191,15674.620965765738,516.3790342342618
11,1,12,16048,15442.732600216546,605.2673997834536
11,1,13,15736,15559.85349974182,176.14650025818082
11,1,14,15621,15565.213604108181,55.786395891818756
11,1,15,15686,16193.235579605978,507.2355796059783
11,1,16,16047,16716.2976706502,669.2976706502013
11,1,17,16676,16670.90401663576,5.095983364240965
11,1,18,17041,15546.925957572887,1494.0740424271135
11,1,19,16970,15994.300387776551,975.6996122234486
11,1,20,16635,15611.18339022412,1023.8166097758804
11,1,21,16020,15504.498402490197,515.5015975098031
11,1,22,15021,15722.249879582623,701.2498795826232
11,1,23,13935,15763.330617169853,1828.3306171698532
11,2,0,13076,12209.634978548569,866.365021451431
11,2,1,12563,12506.387710720986,56.61228927901357
11,2,2,12310,12204.75387136378,105.24612863621951
11,2,3,12090,12269.089002195462,179.08900219546194
11,2,4,12099,12271.022164727961,172.02216472796135
11,2,5,12278,12360.010506009226,82.01050600922645
11,2,6,12904,12536.770050778177,367.2299492218226
11,2,7,13665,12865.430655298727,799.5693447012727
11,2,8,14321,13725.111027686842,595.8889723131579
11,2,9,15019,13936.288656264607,1082.7113437353928
11,2,10,15327,13928.175445409759,1398.824554590241
11,2,11,15478,15016.526314392775,461.473685607225
11,2,12,15731,14895.265831378278,835.7341686217223
11,2,13,15443,14703.100659892374,739.8993401076259
11,2,14,15094,14875.888000700188,218.11199929981194
11,2,15,14890,15157.9205613219,267.9205613219001
11,2,16,15287,15061.013133758317,225.98686624168295
11,2,17,15759,14814.485400474518,944.5145995254825
11,2,18,15955,14870.93675098317,1084.06324901683
11,2,19,15799,14701.529131512398,1097.4708684876023
11,2,20,15227,14870.910367448523,356.0896325514768
11,2,21,14677,15113.215089573432,436.2150895734321
11,2,22,14091,15141.580803896173,1050.5808038961732
11,2,23,13319,15079.580400300905,1760.5804003009052
11,3,0,12700,11799.082849759634,900.917150240366
11,3,2,11936,12208.937190660896,272.9371906608958
11,3,3,11758,12319.868329795274,561.8683297952739
11,3,4,11744,12437.486012991403,693.4860129914032
11,3,5,11711,12544.962722869119,833.9627228691188
11,3,6,11933,12739.92994581221,806.9299458122096
11,3,7,12446,12955.811498953157,509.81149895315684
11,3,8,13008,12972.074332576465,35.92566742353483
11,3,9,13460,13132.752930297738,327.2470697022618
11,3,10,13551,13342.426310017716,208.57368998228412
11,3,11,13632,13717.836458194257,85.83645819425692
11,3,12,14019,13548.649229179971,470.35077082002863
11,3,13,14270,13931.830695568295,338.1693044317053
11,3,14,14243,13947.790515597448,295.20948440255233
11,3,15,14324,14399.387428163029,75.38742816302874
11,3,16,14792,15105.66225803057,313.66225803057023
11,3,17,15872,15383.361660150711,488.63833984928897
11,3,18,16860,16261.247280023854,598.7527199761462
11,3,19,16724,15546.136473448458,1177.8635265515422
11,3,20,16113,15598.759276423852,514.2407235761475
11,3,21,15616,15461.582275265811,154.4177247341886
11,3,22,14914,15374.492423366968,460.49242336696807
11,3,23,13877,15044.064522044406,1167.0645220444057
11,4,0,13032,12544.188106678888,487.8118933211117
11,4,1,12440,12708.62236049816,268.62236049816056
11,4,2,12161,12485.651208859086,324.6512088590862
11,4,3,12212,13065.294634338656,853.2946343386557
11,4,4,12240,13689.027738072129,1449.027738072129
11,4,5,12466,13910.481772207353,1444.481772207353
11,4,6,13180,13919.64171906935,739.6417190693501
11,4,7,14374,14389.709453970476,15.709453970475806
11,4,8,15487,15736.268315930163,249.26831593016323
11,4,9,15676,15608.565081320374,67.43491867962621
11,4,10,15742,15608.01341730777,133.9865826922305
11,4,11,15870,15967.928605437135,97.92860543713505
11,4,12,15690,16114.846176052368,424.8461760523678
11,4,13,15305,16275.017824973494,970.0178249734945
11,4,14,15308,16212.473996177341,904.4739961773412
11,4,15,15421,16392.728037830162,971.7280378301621
11,4,16,15604,16374.876130288298,770.8761302882976
11,4,17,16301,16989.277569405138,688.2775694051379
11,4,18,17053,16175.064483892305,877.9355161076946
11,4,19,16971,16279.21527794842,691.7847220515796
11,4,20,16696,16839.98161113193,143.98161113193055
11,4,21,16289,16574.043524518092,285.04352451809245
11,4,22,15491,16609.29703096024,1118.2970309602388
11,4,23,14433,16747.68605141768,2314.6860514176806
11,5,0,13393,13390.707356982084,2.292643017915907
11,5,1,12768,13625.913740228048,857.9137402280485
11,5,2,12396,13444.890883036556,1048.8908830365563
11,5,3,12127,13449.77768812932,1322.7776881293194
11,5,4,12068,13644.38236202925,1576.3823620292496
11,5,5,12210,13727.143429986541,1517.1434299865414
11,5,6,12811,14089.475439339107,1278.4754393391067
11,5,7,14264,14465.643408624666,201.64340862466634
11,5,8,15560,15905.021608428737,345.0216084287367
11,5,9,15903,15797.608947702407,105.39105229759298
11,5,10,15832,16156.72791908447,324.72791908446925
11,5,11,15430,15544.057718093452,114.05771809345242
11,5,12,15179,15418.836906093393,239.83690609339283
11,5,13,14979,15765.411805961383,786.4118059613829
11,5,14,15196,16146.604460512504,950.6044605125044
11,5,15,15219,16380.477812883277,1161.4778128832768
11,5,16,15587,17164.1902590351,1577.1902590350983
11,5,17,16517,17250.83181317009,733.8318131700908
11,5,18,17345,16559.647877558786,785.3521224412143
11,5,19,17410,16347.285505306498,1062.7144946935023
11,5,20,17071,16409.18894729655,661.8110527034514
11,5,21,16545,15773.361950970768,771.6380490292322
11,5,22,15834,16354.796586409546,520.7965864095459
11,5,23,14716,16649.932566814146,1933.9325668141464
11,6,0,13705,12828.475007996793,876.5249920032074
11,6,1,13068,12917.102267356679,150.89773264332143
11,6,2,12798,13258.739189796412,460.73918979641167
11,6,3,12843,13384.097311029309,541.0973110293089
11,6,4,12626,13584.581733653664,958.5817336536638
11,6,5,12781,14005.420858898231,1224.420858898231
11,6,6,13435,14192.881296479098,757.8812964790977
11,6,7,15104,14349.729239061315,754.2707609386853
11,6,8,16050,15183.946348074827,866.0536519251727
11,6,9,15681,15324.529053096854,356.4709469031459
11,6,10,15351,15704.863563305007,353.8635633050071
11,6,11,15117,16383.070418237317,1266.0704182373174
11,6,12,15411,16587.004549951816,1176.0045499518164
11,6,13,15370,16474.634961611595,1104.634961611595
11,6,14,15581,16939.698390255362,1358.698390255362
11,6,15,16076,17254.715686843334,1178.715686843334
11,6,16,16823,17412.73488701379,589.7348870137903
11,6,17,17558,18032.67151676046,474.6715167604598
11,6,18,18071,16880.53437217416,1190.4656278258408
11,6,19,17845,17021.906257054296,823.0937429457044
11,6,20,17597,16918.76656242677,678.2334375732316
11,6,21,17110,16434.051053084982,675.9489469150176
11,6,22,16242,16250.981651224543,8.981651224543384
11,6,23,15091,16518.487272725484,1427.4872727254842
11,7,0,14059,14104.519450400148,45.519450400148344
11,7,1,13507,15035.643551253801,1528.643551253801
11,7,2,13147,13797.836383488715,650.836383488715
11,7,3,12989,13636.321378557863,647.3213785578628
11,7,4,13103,13987.369316222106,884.3693162221061
11,7,5,13334,14346.456043416823,1012.4560434168234
11,7,6,13918,14207.905079299742,289.9050792997423
11,7,7,15272,14751.822355466129,520.177644533871
11,7,8,16524,16233.506053736352,290.49394626364847
11,7,9,16864,16498.021191307682,365.9788086923181
11,7,10,17053,16652.427700507567,400.57229949243265
11,7,11,17051,16519.561798405244,531.4382015947558
11,7,12,16893,16705.59572976142,187.40427023858138
11,7,13,16648,16886.251954507898,238.2519545078976
11,7,14,16604,17040.913992110844,436.91399211084354
11,7,15,16392,17235.32253882042,843.3225388204191
11,7,16,16610,17554.11074699807,944.1107469980707
11,7,17,17304,17317.513446478417,13.513446478416881
11,7,18,18135,16492.786976807256,1642.213023192744
11,7,19,18156,16993.71183236346,1162.2881676365396
11,7,20,18030,16924.060413040843,1105.9395869591572
11,7,21,17673,17347.429586082893,325.57041391710663
11,7,22,16905,17504.423124399458,599.4231243994582
11,7,23,15772,17485.960050271893,1713.9600502718931
11,8,0,14752,13750.970790197254,1001.0292098027458
11,8,1,13981,13666.45057627865,314.54942372134974
11,8,2,13635,13839.906458117948,204.9064581179482
11,8,3,13382,14051.473724521344,669.4737245213437
11,8,4,13382,13927.691571355132,545.6915713551316
11,8,5,13540,13901.73935374679,361.7393537467906
11,8,6,14196,13530.197248190876,665.802751809124
11,8,7,15632,14516.012787512176,1115.9872124878239
11,8,8,16828,16276.706028343033,551.2939716569672
11,8,9,16984,16464.14262736632,519.8573726336799
11,8,10,16744,16472.43305372925,271.5669462707483
11,8,11,16481,16392.942321455623,88.05767854437727
11,8,12,16463,16671.541988141973,208.54198814197298
11,8,13,16170,16646.38818547775,476.3881854777501
11,8,14,15961,16926.097591800208,965.0975918002077
11,8,15,16022,16850.86273380811,828.8627338081096
11,8,16,16326,17151.227868765483,825.2278687654834
11,8,17,17053,17702.681239897225,649.6812398972252
11,8,18,17818,17037.43245357646,780.5675464235392
11,8,19,17792,15976.961631137305,1815.0383688626953
11,8,20,17645,16236.682594709191,1408.317405290809
11,8,21,17230,16840.002714830545,389.9972851694547
11,8,22,16679,16777.60139682411,98.60139682410954
11,8,23,15714,16803.222699885213,1089.222699885213
11,9,0,14700,12302.655635346347,2397.3443646536525
11,9,1,13849,12333.111229475042,1515.888770524958
11,9,2,13370,12831.81760618501,538.1823938149901
11,9,3,13070,12960.312081761154,109.68791823884567
11,9,4,12951,13217.49518126536,266.49518126535986
11,9,5,12926,13508.684525115572,582.6845251155719
11,9,6,13275,12851.10461152012,423.89538847987933
11,9,7,13722,12723.831523023277,998.1684769767235
11,9,8,14491,12900.58582941668,1590.4141705833208
11,9,9,14991,13220.46716649572,1770.5328335042796
11,9,10,15398,13296.134405421033,2101.865594578967
11,9,11,15573,13601.603728298616,1971.3962717013837
11,9,12,15752,13942.444223595845,1809.555776404155
11,9,13,15676,14064.471286323298,1611.528713676702
11,9,14,15619,14457.07480624546,1161.9251937545396
11,9,15,15686,14508.629644843788,1177.370355156212
11,9,16,15851,14921.896305096892,929.1036949031077
11,9,17,16571,14949.422233492902,1621.5777665070982
11,9,18,16871,15030.77475286021,1840.2252471397896
11,9,19,16492,15323.511049345198,1168.4889506548025
11,9,20,16002,15350.516751381363,651.4832486186369
11,9,21,15501,15330.630238369053,170.36976163094732
11,9,22,14972,15262.872085901483,290.87208590148293
11,9,23,14241,15300.210461958164,1059.2104619581642
11,10,0,13334,12037.526460353274,1296.4735396467258
11,10,1,12877,12314.217055918023,562.7829440819769
11,10,2,12483,12580.371106798142,97.37110679814214
11,10,3,12204,12847.79185205204,643.7918520520398
11,10,4,12012,13249.878159601207,1237.8781596012068
11,10,5,12052,13199.99425255686,1147.9942525568604
11,10,6,12251,13747.540993425846,1496.540993425846
11,10,7,12688,13866.895040635112,1178.8950406351123
11,10,8,13270,13946.405170411983,676.4051704119829
11,10,9,13872,14424.518961059744,552.5189610597445
11,10,10,14389,14841.310085924675,452.31008592467515
11,10,11,14868,14531.946651953303,336.05334804669656
11,10,12,15073,15918.741944957346,845.7419449573463
11,10,13,15160,15352.438098172937,192.43809817293732
11,10,14,15265,15280.855719300878,15.855719300878263
11,10,15,15522,15992.973380163097,470.9733801630973
11,10,16,16054,16058.911480584067,4.911480584067249
11,10,17,16696,16159.176335952281,536.8236640477189
11,10,18,17291,16064.502474613555,1226.497525386445
11,10,19,16991,16274.640130709611,716.3598692903888
11,10,20,16612,16843.85713026319,231.8571302631899
11,10,21,16291,17168.991903609247,877.991903609247
11,10,22,15652,16717.824642326832,1065.824642326832
11,10,23,14760,16836.763671334065,2076.7636713340653
11,11,0,13994,14140.002604732763,146.00260473276285
11,11,1,13466,14350.916597432479,884.9165974324787
11,11,2,13137,14262.42502688143,1125.4250268814303
11,11,3,12954,14104.883001819779,1150.8830018197787
11,11,4,13006,14737.653371383902,1731.6533713839017
11,11,5,13173,13954.931996349784,781.9319963497837
11,11,6,13851,13987.5090963885,136.50909638849953
11,11,7,15260,14481.401348125759,778.5986518742411
11,11,8,16557,16764.49131289374,207.49131289374054
11,11,9,16991,16956.054483922817,34.94551607718313
11,11,10,17187,17042.97873905899,144.02126094100822
11,11,11,17326,17138.466178158153,187.53382184184738
11,11,12,17396,17513.89690697398,117.89690697397964
11,11,13,17602,17598.230920282447,3.7690797175528132
11,11,14,17761,17499.866866553442,261.1331334465576
11,11,15,17844,17595.05640733964,248.94359266035826
11,11,16,17952,17610.40411500881,341.59588499119127
11,11,17,18250,18207.856946191918,42.143053808082186
11,11,18,19070,17406.436642198438,1663.5633578015622
11,11,19,18879,17568.89652916282,1310.1034708371808
11,11,20,18595,17461.97844499568,1133.0215550043213
11,11,21,18206,17397.064116845853,808.9358831541467
11,11,22,17477,16981.487024589373,495.5129754106274
11,11,23,16439,17759.616768758533,1320.616768758533
11,12,0,15482,15371.657845285119,110.34215471488096
11,12,1,14937,13922.028604949819,1014.971395050181
11,12,2,14691,13986.574009326781,704.4259906732186
11,12,3,14457,14377.91540925312,79.08459074687926
11,12,4,14353,15397.827120299198,1044.8271202991982
11,12,5,14449,15060.3390991554,611.3390991554006
11,12,6,14975,14470.50945490758,504.4905450924198
11,12,7,16304,15690.569265528224,613.4307344717763
11,12,8,17506,16845.701250405556,660.2987495944435
11,12,9,17737,16786.033393189653,950.966606810347
11,12,10,17753,16610.352767270182,1142.647232729818
11,12,11,17761,16788.29428408326,972.7057159167416
11,12,12,17536,16737.29317890806,798.7068210919388
11,12,13,17430,16798.13614990871,631.8638500912894
11,12,14,17482,17195.69889673574,286.30110326426075
11,12,15,17506,17274.726523433208,231.27347656679194
11,12,16,17792,17107.93094254874,684.0690574512591
11,12,17,18353,17089.8951734564,1263.1048265436002
11,12,18,19312,16511.401923934376,2800.598076065624
11,12,19,19234,16961.417933063523,2272.5820669364766
11,12,20,19052,17103.495921484806,1948.5040785151941
11,12,21,18608,17299.648065196063,1308.3519348039372
11,12,22,17951,16844.143726194,1106.856273805999
11,12,23,16963,16976.95884461647,13.958844616470742
11,13,0,16004,13513.710885053557,2490.289114946443
11,13,1,15326,13804.632697829164,1521.3673021708364
11,13,2,14937,14432.632905698369,504.36709430163137
11,13,3,14795,14544.553409498836,250.44659050116388
11,13,4,14796,14534.98723113528,261.0127688647208
11,13,5,14974,14697.39152348856,276.6084765114392
11,13,6,15625,14865.849136777906,759.1508632220939
11,13,7,17053,15337.69206347719,1715.3079365228095
11,13,8,18152,17631.11515963694,520.8848403630618
11,13,9,18243,17160.464647529705,1082.535352470295
11,13,10,18151,18570.870740701906,419.87074070190647
11,13,19,19394,17099.859936854333,2294.140063145667
11,13,20,19103,17375.550600874627,1727.449399125373
11,13,21,18613,17440.39922018919,1172.6007798108112
11,13,22,17993,16902.396084457214,1090.6039155427861
11,13,23,16762,16324.325434149669,437.6745658503314
11,14,0,15935,13384.72141415795,2550.2785858420502
11,14,1,15364,13858.370773826015,1505.6292261739854
11,14,2,14877,13510.465313695544,1366.534686304456
11,14,3,14590,13640.109953398098,949.8900466019022
11,14,4,14478,13861.590725916922,616.4092740830783
11,14,5,14648,14624.76865805862,23.23134194138038
11,14,6,15341,14342.048455136932,998.9515448630682
11,14,7,16576,15927.937339012835,648.0626609871651
11,14,8,17821,18609.689589705456,788.6895897054565
11,14,9,17982,57310.59745460039,39328.59745460039
11,14,10,18133,16766.412171391596,1366.5878286084044
11,14,11,18039,16839.84289899738,1199.15710100262
11,14,12,18017,16657.814713258344,1359.1852867416565
11,14,13,17829,16618.133129083417,1210.8668709165831
11,14,14,17876,16812.935769819356,1063.0642301806438
11,14,15,17850,17139.335398419313,710.6646015806873
11,14,16,17957,17099.730803931412,857.2691960685879
11,14,17,18516,17361.240373674056,1154.7596263259438
11,14,18,19119,16536.518922831063,2582.481077168937
11,14,19,18618,16547.51227553925,2070.4877244607487
11,14,20,18308,16661.588876541402,1646.411123458598
11,14,21,17893,16913.777275865166,979.2227241348337
11,14,22,17119,17030.72301151658,88.2769884834197
11,14,23,15893,16739.636159373153,846.6361593731526
11,15,0,15000,13019.450243957705,1980.5497560422955
11,15,1,14252,13372.903606915266,879.0963930847338
11,15,2,13770,13688.59502064819,81.40497935180974
11,15,3,13443,13653.648932685886,210.6489326858864
11,15,4,13368,13895.732272673025,527.7322726730254
11,15,5,13641,13980.160908957998,339.1609089579979
11,15,6,14362,14000.84800405779,361.1519959422094
11,15,7,15627,14040.188933750835,1586.8110662491654
11,15,8,16633,15265.208318441422,1367.7916815585777
11,15,9,17086,15797.183381879442,1288.816618120558
11,15,10,17643,16507.55149761075,1135.4485023892485
11,15,11,17878,16675.2442137088,1202.7557862912
11,15,12,17817,16894.67557682332,922.3244231766803
11,15,13,17561,17115.536912146854,445.46308785314613
11,15,14,17425,17450.737480646058,25.73748064605752
11,15,15,17573,17278.12550623402,294.8744937659794
11,15,16,17427,17520.56051688206,93.56051688205844
11,15,17,17879,17747.839738120336,131.16026187966418
11,15,18,18494,16908.652385437068,1585.347614562932
11,15,19,18242,17255.033865429814,986.9661345701861
11,15,20,18078,17817.89054001845,260.1094599815515
11,15,21,17745,17772.63679623731,27.6367962373115
11,15,22,17217,17919.016073435734,702.0160734357341
11,15,23,16366,17809.793595461113,1443.793595461113
11,16,0,15309,14019.818511442649,1289.1814885573513
11,16,1,14844,13788.193081269908,1055.8069187300916
11,16,2,14534,14125.76188799739,408.23811200260934
11,16,3,14265,13791.693918973127,473.30608102687256
11,16,4,14165,14131.939241080014,33.060758919986256
11,16,5,14205,13561.117514788048,643.8824852119524
11,16,6,14500,13990.378735738868,509.6212642611317
11,16,7,15053,14391.738290250069,661.2617097499315
11,16,8,15805,14292.856035002325,1512.1439649976746
11,16,9,16286,14877.930839435647,1408.0691605643533
11,16,10,16607,15236.344760908069,1370.6552390919314
11,16,11,16710,15472.511557973177,1237.4884420268227
11,16,12,16562,15827.197017474062,734.8029825259382
11,16,13,16395,15849.669399700386,545.3306002996142
11,16,14,16108,16090.748388814876,17.251611185123693
11,16,15,16093,15769.698993673872,323.3010063261281
11,16,16,16360,16031.307044956327,328.69295504367255
11,16,17,17159,15937.588151158743,1221.4118488412569
11,16,18,18193,16159.816039669657,2033.1839603303433
11,16,19,17929,16338.478831203704,1590.5211687962965
11,16,20,17424,15815.74706004035,1608.2529399596497
11,16,21,16972,15887.270188820488,1084.7298111795117
11,16,22,16506,16110.283889442437,395.7161105575633
11,16,23,15862,16528.663250909012,666.6632509090123
11,17,0,14991,13134.896586333314,1856.1034136666858
11,17,1,14384,13914.836520295361,469.16347970463903
11,17,2,13886,13740.260056393698,145.7399436063024
11,17,3,13673,13066.45710489273,606.5428951072699
11,17,4,13585,13154.129118649917,430.87088135008344
11,17,5,13589,13157.073915571085,431.9260844289147
11,17,6,13718,13342.838233374541,375.16176662545877
11,17,7,14119,14031.865564297661,87.13443570233903
11,17,8,14676,13484.202990963962,1191.7970090360377
11,17,9,15032,14570.20469431367,461.7953056863298
11,17,10,15080,14635.602628005627,444.3973719943733
11,17,11,15099,14846.326245762553,252.6737542374467
11,17,12,15068,15171.4102736811,103.41027368110008
11,17,13,15048,15119.335496794616,71.33549679461612
11,17,14,14879,15096.57751882686,217.5775188268599
11,17,15,15101,14805.491552341437,295.50844765856345
11,17,16,15752,15164.12416283474,587.8758371652602
11,17,17,16863,15508.181134343758,1354.8188656562415
11,17,18,18010,15715.792599936098,2294.2074000639022
11,17,19,17812,16014.76862583853,1797.2313741614707
11,17,20,17365,15932.821323024695,1432.1786769753053
11,17,21,16936,16247.41266187505,688.5873381249494
11,17,22,16338,16414.153258067185,76.15325806718465
11,17,23,15394,16350.020485700878,956.0204857008775
11,18,0,14493,13680.216195630339,812.7838043696611
11,18,1,13989,13245.100260667823,743.899739332177
11,18,2,13853,13130.341094084844,722.6589059151556
11,18,3,13659,13114.270324156338,544.7296758436623
11,18,4,13588,13293.65748157867,294.34251842133017
11,18,5,13829,14079.793820158406,250.79382015840565
11,18,6,14366,14331.941495493333,34.058504506667305
11,18,7,15634,14631.259313976374,1002.740686023626
11,18,8,17042,15912.534131121649,1129.465868878351
11,18,9,17239,16230.226103511422,1008.7738964885775
11,18,10,17282,16540.739282574952,741.2607174250479
11,18,11,17315,16720.89916526665,594.1008347333518
11,18,12,17240,16844.71714497526,395.28285502473955
11,18,13,17110,16877.14666481909,232.8533351809092
11,18,14,17126,16970.54035003124,155.45964996876137
11,18,15,17352,17034.684864112398,317.3151358876021
11,18,16,17611,17306.505776101152,304.49422389884785
11,18,17,18237,17538.316717751433,698.6832822485667
11,18,18,18982,16937.244798934767,2044.7552010652325
11,18,19,18654,17375.629355597215,1278.3706444027848
11,18,20,18353,16901.21286932291,1451.7871306770903
11,18,21,17846,17055.55995721778,790.4400427822184
11,18,22,17226,17138.873169184277,87.12683081572322
11,19,0,15039,13677.868031072036,1361.1319689279644
11,19,1,14268,13557.778574801554,710.221425198446
11,19,2,13764,13878.281709849149,114.28170984914868
11,19,3,13592,13702.75689244447,110.75689244446949
11,19,4,13556,14118.819081084399,562.8190810843989
11,19,5,13636,14302.343667126337,666.3436671263371
11,19,6,14286,14592.694744383634,306.6947443836343
11,19,7,15580,14800.051211883801,779.9487881161986
11,19,8,16856,15963.937104873929,892.0628951260715
11,19,9,17109,16208.967518481753,900.0324815182466
11,19,10,17018,16291.584358693244,726.4156413067558
11,19,11,17042,16301.376541095353,740.6234589046471
11,19,12,16941,16508.217713300244,432.7822866997558
11,19,13,16874,16526.687702243056,347.31229775694374
11,19,14,16881,16602.549243939877,278.45075606012324
11,19,15,16975,16731.395696688214,243.60430331178577
11,19,16,17274,16855.00393291953,418.9960670804685
11,19,17,17927,16935.782453958767,991.2175460412327
11,19,18,18679,16140.420560408822,2538.579439591178
11,19,19,18337,16252.611805880893,2084.3881941191066
11,19,20,18010,16531.414880197022,1478.5851198029777
11,19,21,17537,16524.865714307813,1012.1342856921874
11,19,22,16888,16664.348867348286,223.65113265171385
11,19,23,15741,16736.505305897866,995.5053058978665
11,20,0,14704,13382.441117491016,1321.5588825089835
11,20,1,13955,13809.288132346945,145.71186765305538
11,20,2,13534,13386.244225897079,147.75577410292135
11,20,3,13261,13996.655087754421,735.6550877544214
11,20,4,13207,13648.065224457545,441.0652244575449
11,20,5,13340,13793.613544232434,453.6135442324339
11,20,6,14031,14031.713876793,0.7138767929991445
11,20,7,15331,14539.672880653754,791.327119346246
11,20,8,16607,15654.805391244861,952.1946087551387
11,20,9,16916,15735.949533802195,1180.0504661978048
11,20,10,16899,16075.017171086356,823.982828913644
11,20,11,16798,16232.06124765433,565.9387523456699
11,20,12,16480,16214.707114276436,265.2928857235638
11,20,13,16310,16187.443577248023,122.55642275197715
11,20,14,16211,16493.087598783804,282.0875987838044
11,20,15,16230,16694.09631513853,464.09631513852946
11,20,16,16493,16939.380669997183,446.38066999718285
11,20,17,17279,17110.955079840052,168.04492015994765
11,20,18,18178,16380.900207262406,1797.0997927375938
11,20,19,18034,16664.851392917506,1369.148607082494
11,20,20,17847,17195.58837556087,651.4116244391298
11,20,21,17492,16884.52875236041,607.4712476395907
11,20,22,17072,16873.4921104032,198.50788959679994
11,20,23,16143,17153.56553106772,1010.5655310677212
11,21,0,14951,13944.950437834521,1006.0495621654791
11,21,1,14202,14031.30257968504,170.69742031496025
11,21,2,13772,13923.686081240561,151.68608124056118
11,21,3,13482,14236.931974919942,754.9319749199421
11,21,4,13488,13804.825755489748,316.8257554897482
11,21,5,13571,13714.626194684359,143.62619468435878
11,21,6,14010,13583.454233113,426.54576688700035
11,21,7,15131,13629.86084713797,1501.1391528620297
11,21,8,16293,15116.727988880732,1176.2720111192684
11,21,9,16659,15731.126255648578,927.8737443514219
11,21,10,16769,16058.19312216866,710.8068778313409
11,21,11,16722,16280.524186841,441.4758131590006
11,21,12,16688,16402.781338670455,285.2186613295453
11,21,13,16607,16366.140060381942,240.85993961805798
11,21,14,16673,16616.51344004384,56.48655995615991
11,21,15,16815,17203.799666718973,388.79966671897273
11,21,16,17075,17030.939179365432,44.06082063456779
11,21,17,17731,17474.065250041545,256.93474995845463
11,21,18,18075,16523.528222944056,1551.4717770559437
11,21,19,17689,16482.77635852735,1206.2236414726503
11,21,20,17449,16636.34768634297,812.6523136570286
11,21,21,17143,16959.291713916682,183.70828608331794
11,21,22,16440,17041.28538444788,601.2853844478814
11,21,23,15441,17057.34175929011,1616.3417592901096
11,22,0,14090,13595.090608903622,494.9093910963784
11,22,1,13366,13876.645219573697,510.6452195736965
11,22,2,12948,13786.841305353944,838.8413053539443
11,22,3,12763,13576.561819692051,813.5618196920514
11,22,4,12790,13457.153684554758,667.153684554758
11,22,5,12949,13366.819048094032,417.81904809403204
11,22,6,13647,13290.701342120254,356.2986578797463
11,22,7,14825,13589.316291860296,1235.6837081397043
11,22,8,16253,15139.148913161103,1113.8510868388967
11,22,9,16763,15557.920954165002,1205.0790458349984
11,22,10,16581,15525.90228075505,1055.09771924495
11,22,11,16559,15251.487803063217,1307.5121969367829
11,22,12,16494,15769.468492342272,724.5315076577281
11,22,13,16323,15439.711637372924,883.2883626270759
11,22,14,16367,15857.08538980066,509.9146101993392
11,22,15,16584,16787.097643774858,203.09764377485772
11,22,16,16814,16994.951928855535,180.9519288555348
11,22,17,17734,17821.803174967656,87.80317496765565
11,22,18,18427,17326.003157126455,1100.9968428735447
11,22,19,18014,17398.538557568027,615.4614424319734
11,22,20,17794,16648.695978681524,1145.3040213184759
11,22,21,17553,16782.878394357132,770.1216056428675
11,22,22,16968,16910.224132998184,57.77586700181564
11,22,23,16174,16865.49969554632,691.4996955463212
11,23,0,15034,13146.068185304275,1887.9318146957248
11,23,1,14249,13556.069686495226,692.930313504774
11,23,2,13782,14055.705271816254,273.705271816254
11,23,3,13423,13482.865392414125,59.86539241412538
11,23,4,13257,13470.42216113917,213.42216113916948
11,23,5,13272,13083.287453514413,188.71254648558715
11,23,6,13440,13433.64309554457,6.356904455429685
11,23,7,14109,13404.525349451424,704.4746505485764
11,23,8,14887,13902.37794044769,984.62205955231
11,23,9,15285,13888.794695805906,1396.2053041940944
11,23,10,15443,14154.16702850689,1288.8329714931097
11,23,11,15361,13984.106314588795,1376.8936854112053
11,23,12,14979,13874.605532971613,1104.3944670283872
11,23,13,14704,15121.676900669814,417.67690066981413
11,23,14,14964,15260.719187908655,296.71918790865493
11,23,15,15455,15425.183431055253,29.816568944746905
11,23,16,15796,15192.454572802879,603.5454271971212
11,23,17,16441,15717.761682034712,723.2383179652879
11,23,18,17189,15601.324572370475,1587.675427629525
11,23,19,16911,15568.820848790378,1342.1791512096224
11,23,20,16486,15870.402166384538,615.5978336154622
11,23,21,16140,16717.32457490157,577.3245749015696
11,23,22,15679,16654.47406670081,975.4740667008118
11,23,23,14936,15862.798454890339,926.7984548903387
11,24,0,13958,12384.369427670477,1573.6305723295227
11,24,1,13295,12520.814578270536,774.185421729464
11,24,2,12930,12893.201717366963,36.79828263303716
11,24,3,12695,12999.59169341293,304.5916934129309
11,24,4,12647,14099.573494276141,1452.573494276141
11,24,5,12774,14002.320285486276,1228.3202854862757
11,24,6,12899,13313.359205461575,414.3592054615747
11,24,7,13318,13619.927515395995,301.9275153959952
11,24,8,13953,14540.195682016698,587.1956820166979
11,24,9,14562,15465.271715653755,903.2717156537547
11,24,10,14683,13601.017249074572,1081.9827509254283
11,24,11,14714,13448.80470692309,1265.1952930769094
11,24,12,14362,13544.653104925372,817.3468950746283
11,24,13,14231,13680.59571451112,550.4042854888794
11,24,14,13862,14206.813802287717,344.8138022877174
11,24,15,13877,14106.62243919537,229.62243919536922
11,24,16,14778,14263.489280532081,514.5107194679185
11,24,17,16021,14937.806916887526,1083.1930831124737
11,24,18,17101,15217.216210154214,1883.7837898457856
11,24,19,16952,15265.702114152913,1686.297885847087
11,24,20,16531,15659.006254390055,871.9937456099451
11,24,21,16108,16014.300540065047,93.69945993495276
11,24,22,15560,16169.018507548273,609.0185075482732
11,24,23,14659,16469.375633666466,1810.3756336664665
11,25,0,13858,13800.735082657744,57.26491734225601
11,25,1,13316,14166.599161661039,850.599161661039
11,25,2,12928,13497.684226525154,569.6842265251544
11,25,3,12773,13759.903537718992,986.9035377189921
11,25,4,12763,14309.118202021815,1546.1182020218148
11,25,5,12958,14012.123612578313,1054.1236125783125
11,25,6,13559,13717.333594219192,158.33359421919158
11,25,7,14930,14536.017414965763,393.98258503423676
11,25,8,16391,16979.510792416102,588.510792416102
11,25,9,16457,16133.005648477407,323.9943515225932
11,25,10,16190,15827.063701115027,362.93629888497344
11,25,11,16218,16297.18448444405,79.1844844440493
11,25,12,16215,16516.870465941993,301.87046594199273
11,25,13,16257,16527.991566363533,270.9915663635329
11,25,14,16464,16400.85936421051,63.14063578948844
11,25,15,16493,16591.918146487522,98.91814648752188
11,25,16,16728,16855.463381937072,127.46338193707197
11,25,17,17472,17145.183056862887,326.8169431371134
11,25,18,18411,16416.307773285796,1994.6922267142036
11,25,19,17803,16120.620010047098,1682.3799899529022
11,25,20,17545,15583.77835059633,1961.2216494036693
11,25,21,17126,15833.32154201211,1292.6784579878895
11,25,22,16297,16012.422291597304,284.57770840269586
11,25,23,15270,15815.662130946135,545.6621309461352
11,26,0,14080,12610.699287880425,1469.300712119575
11,26,1,13273,13019.209726214129,253.79027378587125
11,26,2,12819,13169.280710910869,350.28071091086895
11,26,3,12639,13188.03747497009,549.0374749700895
11,26,4,12529,13471.445825126328,942.4458251263277
11,26,5,12824,13752.874319579481,928.8743195794814
11,26,6,13562,13974.517220965608,412.51722096560843
11,26,7,14801,14282.520249142015,518.479750857985
11,26,8,16118,15704.079817818718,413.92018218128214
11,26,9,16284,16332.69562693903,48.69562693903026
11,26,11,15820,16125.377029832136,305.37702983213603
11,26,12,15596,16313.84110326434,717.8411032643398
11,26,13,15371,16397.691275237616,1026.6912752376156
11,26,14,15337,16943.744372484907,1606.7443724849072
11,26,15,15706,16875.601851326013,1169.6018513260133
11,26,16,16225,16752.979557117353,527.9795571173527
11,26,17,16887,17482.954945464608,595.9549454646076
11,26,18,17924,16681.130132879895,1242.8698671201055
11,26,19,17830,16710.77865040006,1119.2213495999385
11,26,20,17625,17001.655370110857,623.3446298891431
11,26,21,16914,16392.890877058308,521.1091229416925
11,26,22,16312,17150.43504639661,838.4350463966111
11,26,23,15271,16765.958172849914,1494.9581728499143
11,27,0,14077,13250.431980906029,826.5680190939711
11,27,1,13259,13585.075417340435,326.0754173404348
11,27,2,12868,13881.18924178312,1013.1892417831205
11,27,3,12587,14080.047578527463,1493.047578527463
11,27,4,12534,14263.740913054991,1729.7409130549913
11,27,5,12682,14447.335664179724,1765.3356641797236
11,27,6,13261,14697.283671136076,1436.283671136076
11,27,7,14529,14954.2231927116,425.22319271160086
11,27,8,16096,17481.5532374903,1385.5532374903014
11,27,9,16560,17455.310094446333,895.3100944463331
11,27,10,16679,18415.348777803552,1736.3487778035524
11,27,11,16646,18131.86630364533,1485.866303645329
11,27,12,16825,18902.124637092416,2077.1246370924164
11,27,13,16906,18140.45260540979,1234.4526054097914
11,27,14,16961,17364.707966261634,403.7079662616343
11,27,15,16761,16943.134530945674,182.13453094567376
11,27,16,17100,17001.748409743293,98.25159025670655
11,27,17,17596,16843.538362930827,752.4616370691729
11,27,18,18211,16977.028383880104,1233.9716161198958
11,27,19,17668,16156.35641108854,1511.64358891146
11,27,20,17381,16138.866246667845,1242.1337533321548
11,27,21,16981,16318.8173402506,662.1826597494
11,27,22,16364,16680.242663440804,316.2426634408039
11,27,23,15198,16432.623329936447,1234.6233299364467
11,28,0,14127,12736.412080691833,1390.5879193081673
11,28,1,13314,12813.912780897781,500.087219102219
11,28,2,13009,13278.381582122782,269.38158212278177
11,28,3,12797,13458.519839404289,661.5198394042891
11,28,4,12678,13642.004776657359,964.0047766573589
11,28,5,12875,13884.70245116179,1009.7024511617892
11,28,6,13501,13572.560620171864,71.56062017186377
11,28,7,14855,13631.80079530543,1223.1992046945707
11,28,8,16261,14827.240485902514,1433.7595140974863
11,28,9,16686,15045.320635241076,1640.6793647589238
11,28,10,16763,15409.403951098604,1353.596048901396
11,28,11,16678,15874.974029360994,803.0259706390061
11,28,12,16616,16343.417383710721,272.58261628927903
11,28,13,16462,16151.54314685818,310.45685314182083
11,28,14,16304,16470.462151211374,166.46215121137357
11,28,15,16446,16960.797194890278,514.7971948902778
11,28,16,16831,16759.923985635953,71.0760143640473
11,28,17,17679,16801.379948623922,877.6200513760778
11,28,18,18591,16276.777849570484,2314.2221504295158
11,28,19,18397,16733.068653394177,1663.931346605823
11,28,20,18325,16825.16550232373,1499.834497676271
11,28,21,17956,16993.266308790902,962.7336912090977
11,28,22,17360,17067.057069131064,292.94293086893595
11,28,23,16393,16696.445553272424,303.44555327242415
11,29,0,15358,13508.52451868047,1849.4754813195304
11,29,1,14583,14799.066676857236,216.0666768572355
11,29,2,14097,14316.45886752121,219.45886752121078
11,29,3,13887,14305.669413459356,418.6694134593563
11,29,4,13841,14421.3608823452,580.3608823451996
11,29,5,13963,13743.502576959228,219.49742304077154
11,29,6,14536,14533.032568348954,2.967431651046354
11,29,7,15771,14560.38940917487,1210.6105908251302
11,29,8,17107,15807.317945832243,1299.682054167757
11,29,9,17563,15938.6015812417,1624.3984187582992
11,29,10,17567,16261.045498649559,1305.9545013504412
11,29,11,17550,16329.969735220371,1220.0302647796289
11,29,12,17472,17207.409272651887,264.59072734811343
11,29,13,17320,16700.902291839266,619.0977081607343
11,29,14,17255,16736.12043121454,518.8795687854617
11,29,15,17250,16867.288004639824,382.71199536017593
11,29,16,17404,17175.339206844754,228.6607931552462
11,29,17,17966,17293.716946046483,672.2830539535171
11,29,18,18633,16530.930352006304,2102.069647993696
11,29,19,18237,16657.710220371027,1579.2897796289726
11,29,20,17999,16742.575963247597,1256.4240367524035
11,29,21,17722,16936.343611595366,785.6563884046336
11,29,22,17215,17095.91979947103,119.08020052896973
11,29,23,16362,17197.965014538797,835.9650145387968
11,30,0,15373,13849.008640713018,1523.9913592869816
11,30,1,14603,13215.649213760336,1387.3507862396636
11,30,2,14043,13472.505874051292,570.4941259487077
11,30,3,13726,13449.421622061414,276.5783779385856
11,30,4,13580,13542.39075517754,37.60924482246082
11,30,5,13650,13672.975669577401,22.975669577401277
11,30,6,13874,14015.062848143218,141.0628481432177
11,30,7,14632,13922.86516931756,709.1348306824402
11,30,8,15323,14420.439256967387,902.5607430326127
11,30,9,15908,14825.214397885731,1082.7856021142688
11,30,10,16253,14971.865102643535,1281.1348973564654
11,30,11,16231,15399.016819576562,831.9831804234382
11,30,12,15830,15253.938560334205,576.0614396657948
11,30,13,15593,15209.931113134486,383.0688868655143
11,30,14,15410,15206.475099795945,203.52490020405457
11,30,15,15533,15293.846643192399,239.15335680760109
11,30,16,16157,15283.709340248071,873.2906597519286
11,30,17,16980,15870.812488178222,1109.1875118217777
11,30,18,17814,15846.931223066436,1967.0687769335636
11,30,19,17460,15278.409428443214,2181.590571556786
11,30,20,17018,15550.919686231211,1467.080313768789
11,30,21,16620,15705.623171829617,914.3768281703833
11,30,22,16100,15879.326532462266,220.6734675377338
11,30,23,15472,15931.12878464942,459.1287846494197
12,1,0,14691,12299.693553615962,2391.3064463840383
12,1,1,14002,12738.58359255837,1263.4164074416294
12,1,2,13558,13105.594835133094,452.4051648669065
12,1,3,13304,13532.614595537403,228.61459553740315
12,1,4,13226,13855.564009899594,629.5640098995937
12,1,5,13226,13829.214645502418,603.2146455024176
12,1,6,13595,13989.245570663665,394.2455706636647
12,1,7,14075,14256.496526969948,181.4965269699478
12,1,8,14729,14721.180090019543,7.819909980456941
12,1,9,15820,22881.70056554972,7061.70056554972
12,1,10,16427,35135.52973629457,18708.52973629457
12,1,11,16775,21342.79423447013,4567.79423447013
12,1,12,17092,19064.724651902507,1972.7246519025066
12,1,13,17393,16238.079269716316,1154.920730283684
12,1,14,17341,15929.224557909862,1411.7754420901383
12,1,15,17584,16191.0378342929,1392.9621657071002
12,1,16,17909,16415.931549952442,1493.0684500475581
12,1,17,18541,16576.9245496306,1964.0754503694006
12,1,18,19160,16760.72409807731,2399.2759019226905
12,1,19,18787,16868.08039024954,1918.919609750461
12,1,20,18213,16909.3568579214,1303.6431420785993
12,1,21,17722,16961.00422001792,760.9957799820804
12,1,22,17091,16834.786752634842,256.21324736515817
12,1,23,16134,16078.099684047893,55.90031595210712
12,2,0,15028,13227.100064073242,1800.8999359267582
12,2,1,14438,13333.181615634632,1104.8183843653678
12,2,2,14147,14261.979964368466,114.97996436846552
12,2,3,14201,14427.979256010092,226.97925601009229
12,2,4,14157,14574.47924692438,417.4792469243803
12,2,5,14385,13838.337132046916,546.6628679530841
12,2,6,14853,13905.061968220294,947.9380317797059
12,2,7,16048,15258.80819354215,789.1918064578495
12,2,8,17509,16437.52883888665,1071.4711611133498
12,2,9,17717,16560.06669580314,1156.9333041968603
12,2,10,18050,16754.185731850146,1295.814268149854
12,2,11,18057,17764.215169578194,292.78483042180596
12,2,12,17843,16604.382064499463,1238.617935500537
12,2,13,17569,16822.75064784884,746.2493521511606
12,2,14,17539,16685.51903780531,853.4809621946915
12,2,15,17572,16837.309672714102,734.6903272858981
12,2,16,17771,17154.27968699973,616.7203130002708
12,2,17,18553,17571.188695119985,981.8113048800151
12,2,18,19551,16618.294694228243,2932.7053057717567
12,2,19,19296,16631.840672529317,2664.159327470683
12,2,20,18993,16694.577071219548,2298.422928780452
12,2,21,18489,16882.512986950354,1606.4870130496456
12,2,22,18009,16915.95825000907,1093.0417499909308
12,2,23,16934,17145.487520561233,211.4875205612334
12,3,0,15760,13052.405372841387,2707.5946271586126
12,3,1,15112,15772.541975133696,660.5419751336958
12,3,2,14740,14986.72180323393,246.72180323392968
12,3,3,14487,13479.007757398267,1007.9922426017329
12,3,4,14426,13732.68512705281,693.3148729471905
12,3,5,14655,14023.601431605824,631.3985683941755
12,3,6,15334,13502.779133329777,1831.2208666702227
12,3,7,16606,14133.954289388144,2472.0457106118556
12,3,8,17873,15709.179549301007,2163.820450698993
12,3,9,17741,15327.15282594983,2413.84717405017
12,3,10,17569,15568.293417969493,2000.706582030507
12,3,11,17341,15987.669765890343,1353.3302341096569
12,3,12,17206,16332.23186814518,873.7681318548202
12,3,13,17063,16910.014383479967,152.98561652003264
12,3,14,17070,16709.73843106411,360.26156893588995
12,3,15,17248,16389.021807054625,858.9781929453748
12,3,16,17702,16554.872548767402,1147.127451232598
12,3,17,18523,17103.270242476363,1419.729757523637
12,3,18,19363,16308.129106544418,3054.8708934555816
12,3,19,19229,16374.699136137671,2854.3008638623287
12,3,20,18862,16655.41076248796,2206.5892375120384
12,3,21,18288,16832.72394835921,1455.2760516407907
12,3,22,17657,16750.06155124221,906.9384487577918
12,3,23,16736,16762.940254296,26.940254296001513
12,4,0,15246,13520.23651579831,1725.7634842016905
12,4,1,14239,13590.257741323687,648.7422586763132
12,4,2,14034,14274.49306907742,240.49306907741993
12,4,3,13936,14505.78122463287,569.7812246328704
12,4,4,13906,14776.12191374701,870.1219137470107
12,4,5,14053,14326.161850666887,273.1618506668874
12,4,6,14671,14487.104435166015,183.8955648339852
12,4,7,16033,14561.496668353926,1471.503331646074
12,4,8,17413,16018.476838703458,1394.5231612965417
12,4,9,17671,16203.881447995664,1467.1185520043364
12,4,10,17777,16488.123669626544,1288.8763303734559
12,4,11,17778,16648.504556863903,1129.4954431360966
12,4,12,17580,16638.195034596312,941.8049654036877
12,4,13,17444,16676.6025184286,767.3974815713991
12,4,14,17497,16538.32006605121,958.6799339487916
12,4,15,17546,16176.839424734693,1369.1605752653068
12,4,16,17718,16614.5961554852,1103.4038445147999
12,4,17,18306,17172.30651363896,1133.6934863610404
12,4,18,18939,16710.809249758004,2228.1907502419963
12,4,19,18652,16711.463991578326,1940.5360084216736
12,4,20,18497,16631.461859172956,1865.5381408270441
12,4,21,18139,16723.082480560653,1415.9175194393465
12,4,22,17485,16890.44910691131,594.5508930886899
12,4,23,16259,16647.338968271066,388.3389682710658
12,5,0,15163,13293.23702394684,1869.76297605316
12,5,1,14265,13326.481591846432,938.5184081535681
12,5,2,13789,13081.142638638674,707.8573613613262
12,5,3,13608,13202.001506353337,405.9984936466626
12,5,4,13575,13332.576780565672,242.42321943432762
12,5,5,13824,13471.773953256996,352.2260467430042
12,5,6,14435,13741.256225122157,693.743774877843
12,5,7,15800,14584.419812778964,1215.5801872210359
12,5,8,17407,16168.670576306089,1238.329423693911
12,5,9,17852,16012.285256504232,1839.7147434957678
12,5,10,17797,16561.90140073735,1235.0985992626483
12,5,11,17848,16250.550647765756,1597.4493522342436
12,5,12,17803,16122.912709502765,1680.0872904972348
12,5,13,17573,16521.014807424977,1051.9851925750227
12,5,14,17712,15947.384918796617,1764.615081203383
12,5,15,17728,16386.5763844095,1341.4236155904982
12,5,16,18014,16932.01692126719,1081.98307873281
12,5,17,18673,17126.630557616765,1546.3694423832349
12,5,18,19543,16941.888917872242,2601.111082127758
12,5,19,19318,16432.16759786191,2885.8324021380904
12,5,20,18989,16535.81762546131,2453.18237453869
12,5,21,18626,16659.070246593143,1966.9297534068573
12,5,22,17932,16984.618704731172,947.3812952688277
12,5,23,16891,17061.94337462569,170.94337462569092
12,6,0,15728,13916.03081004826,1811.9691899517402
12,6,1,14953,13565.238322702895,1387.761677297105
12,6,2,14473,14881.847949404944,408.8479494049443
12,6,3,14287,14785.376190995808,498.37619099580843
12,6,4,14237,14395.314818592426,158.31481859242558
12,6,5,14372,14831.851769267343,459.8517692673431
12,6,6,15020,14987.769168364453,32.230831635546565
12,6,7,16317,14854.277506711784,1462.7224932882164
12,6,8,17381,16204.888434119364,1176.1115658806357
12,6,9,17743,15909.125388996632,1833.874611003368
12,6,10,17923,16678.912845508017,1244.0871544919828
12,6,11,18060,16776.16159389847,1283.8384061015313
12,6,12,17909,16786.114097001453,1122.885902998547
12,6,13,17671,16792.762487497457,878.2375125025428
12,6,14,17402,16912.576193496963,489.42380650303676
12,6,15,17351,16547.766801074566,803.2331989254344
12,6,16,17516,16779.008815476845,736.9911845231545
12,6,17,18161,17011.02618349707,1149.9738165029303
12,6,18,18953,16646.586580027124,2306.413419972876
12,6,19,18660,16708.352571081217,1951.6474289187827
12,6,20,18371,16187.177753325184,2183.8222466748157
12,6,21,18122,16462.812760384353,1659.1872396156468
12,6,22,17671,16952.39850128375,718.6014987162489
12,6,23,16754,18002.77179725201,1248.7717972520113
12,7,0,15742,12709.375412605237,3032.624587394763
12,7,1,14957,12997.618076369421,1959.381923630579
12,7,2,14419,13957.648110765816,461.35188923418355
12,7,3,14101,14002.611529852098,98.3884701479019
12,7,4,14021,15469.69107536265,1448.6910753626507
12,7,5,14082,14037.937885094012,44.06211490598798
12,7,6,14351,14163.265143995963,187.73485600403728
12,7,7,15022,14189.214724157038,832.7852758429617
12,7,8,16000,15546.03331060228,453.96668939771916
12,7,9,16556,19272.33671291098,2716.3367129109793
12,7,10,17217,18450.185368930208,1233.185368930208
12,7,11,17147,15922.097435242302,1224.9025647576982
12,7,12,16947,14953.684038476376,1993.3159615236236
12,7,13,16756,15015.980617496096,1740.0193825039041
12,7,14,16578,15178.052074814272,1399.9479251857283
12,7,15,16486,15291.62671994862,1194.3732800513808
12,7,16,16658,15480.248756270323,1177.7512437296773
12,7,17,17410,15503.320497241246,1906.679502758754
12,7,18,18474,15856.253787062493,2617.746212937507
12,7,19,18232,15552.33501090847,2679.6649890915305
12,7,20,17660,15561.52531847243,2098.4746815275703
12,7,21,17236,15448.8787498735,1787.1212501265
12,7,22,16749,15585.418530090998,1163.5814699090024
12,7,23,15916,15589.205744441912,326.7942555580885
12,8,0,15016,12122.081092113094,2893.918907886906
12,8,1,14277,12282.2799897443,1994.7200102557
12,8,2,13760,12469.426988855195,1290.5730111448047
12,8,3,13419,12540.178994091604,878.8210059083958
12,8,4,13178,12361.14965784575,816.85034215425
12,8,5,13161,12254.948501570143,906.051498429857
12,8,6,13244,12544.934168630616,699.0658313693839
12,8,7,13607,12768.142478571997,838.8575214280027
12,8,8,14400,13121.828343506559,1278.1716564934413
12,8,9,14906,13314.9360806404,1591.0639193595998
12,8,10,15430,14478.142221326012,951.8577786739879
12,8,11,15737,14423.159490231576,1313.8405097684245
12,8,12,15877,14865.752951506065,1011.2470484939349
12,8,13,15655,15658.370331143562,3.370331143561998
12,8,14,15871,15808.709016755312,62.290983244687595
12,8,15,16010,15653.806933709153,356.1930662908471
12,8,16,16177,15757.744262586599,419.2557374134012
12,8,17,17012,16181.496275883781,830.503724116219
12,8,18,17845,16433.66515293831,1411.334847061691
12,8,19,17480,16288.529512937228,1191.470487062772
12,8,20,17072,16460.658454408855,611.3415455911454
12,8,21,16616,16543.975706946218,72.02429305378246
12,8,22,15897,16456.903930175744,559.9039301757439
12,8,23,14971,16561.11072029373,1590.110720293731
12,9,0,13953,13803.055740105157,149.94425989484262
12,9,1,13292,14004.29820285206,712.2982028520601
12,9,2,12928,14219.995539715424,1291.9955397154245
12,9,3,12823,14362.990932216473,1539.990932216473
12,9,4,12731,14321.559869672554,1590.5598696725538
12,9,5,13032,14357.967587806103,1325.9675878061025
12,9,6,13768,14526.388832811659,758.3888328116591
12,9,7,15155,14646.229486782899,508.7705132171013
12,9,8,16508,16070.148674268561,437.8513257314389
12,9,9,16613,16352.522592039562,260.47740796043763
12,9,10,16744,16365.380391810319,378.61960818968146
12,9,11,16703,16791.321628059166,88.32162805916596
12,9,12,16908,18647.57534454918,1739.5753445491791
12,9,13,17111,21563.905140009287,4452.905140009287
12,9,14,17283,17163.670996140114,119.32900385988614
12,9,15,17212,17295.928132890545,83.92813289054538
12,9,16,17363,17217.03637599574,145.96362400426005
12,9,17,18062,17500.355032445903,561.6449675540971
12,9,18,18451,16588.319282676206,1862.680717323794
12,9,19,18083,16891.672446674515,1191.3275533254855
12,9,20,17776,17084.813763661492,691.186236338508
12,9,21,17309,17030.975917937143,278.0240820628569
12,9,22,16559,17052.19178409435,493.1917840943497
12,9,23,15419,17001.139214088955,1582.1392140889548
12,10,0,14215,13594.379099689177,620.6209003108233
12,10,1,13423,13699.640973385549,276.64097338554893
12,10,2,13097,13538.78803824287,441.78803824287024
12,10,3,12920,13870.679019504616,950.679019504616
12,10,4,12936,13740.893733547044,804.8937335470437
12,10,5,13242,13919.41285607537,677.4128560753707
12,10,6,13782,14136.9031896719,354.9031896719007
12,10,7,15034,14297.945637663059,736.0543623369413
12,10,8,16581,15985.502709223183,595.497290776817
12,10,9,17221,15989.816775412033,1231.1832245879668
12,10,10,17494,16685.844427025757,808.1555729742431
12,10,11,17497,17267.913560081244,229.0864399187558
12,10,12,17319,16603.408144673995,715.5918553260053
12,10,13,17294,16194.190632526726,1099.8093674732736
12,10,14,17228,16794.584597426634,433.415402573366
12,10,15,17421,17159.592889431337,261.4071105686635
12,10,16,17811,17065.83942636199,745.1605736380116
12,10,17,18900,17698.88018680595,1201.119813194051
12,10,18,19779,22750.882254958786,2971.882254958786
12,10,19,19675,30259.234117051783,10584.234117051783
12,10,20,19360,17061.00504404292,2298.9949559570814
12,10,21,19136,17252.78093202166,1883.2190679783416
12,10,22,18537,17320.88573290819,1216.1142670918089
12,10,23,17256,16530.683789104005,725.316210895995
12,11,0,16112,13989.544657806598,2122.4553421934015
12,11,1,15518,14197.725612871795,1320.2743871282055
12,11,2,15052,14522.261954242915,529.7380457570853
12,11,3,14654,15058.795991277091,404.79599127709116
12,11,4,14581,14544.419521686204,36.58047831379554
12,11,5,14687,15395.955666367869,708.9556663678686
12,11,6,15603,14349.979042843592,1253.0209571564083
12,11,7,16874,15578.304175772471,1295.6958242275286
12,11,8,18063,16827.46585817954,1235.534141820459
12,11,9,18163,16996.741269146685,1166.2587308533148
12,11,10,17905,16676.89604065267,1228.1039593473288
12,11,11,17658,16841.973258737224,816.0267412627763
12,11,12,17881,16677.724806931066,1203.2751930689337
12,11,13,17968,17171.015565784703,796.9844342152974
12,11,14,18041,17229.13659589703,811.8634041029691
12,11,15,18329,16883.14190087983,1445.8580991201707
12,11,16,18487,17181.72674729697,1305.2732527030312
12,11,17,19243,17339.682394358722,1903.3176056412776
12,11,18,20297,16607.207616880198,3689.7923831198023
12,11,19,20226,16614.100744090883,3611.8992559091166
12,11,20,19919,16785.85003247189,3133.1499675281084
12,11,21,19531,16810.59782049848,2720.4021795015215
12,11,22,18832,16769.80011971522,2062.199880284781
12,11,23,17893,17083.290660831786,809.7093391682138
12,12,0,16607,13854.54040422479,2752.45959577521
12,12,1,15944,13951.926523910008,1992.0734760899923
12,12,2,15365,14075.002527866069,1289.9974721339313
12,12,3,15230,13684.035339938557,1545.9646600614433
12,12,4,15274,14453.191630200838,820.8083697991624
12,12,5,15402,14442.712218909524,959.2877810904756
12,12,6,16051,14807.66575472308,1243.3342452769193
12,12,7,17493,15055.193258699343,2437.8067413006574
12,12,8,18867,54149.8571827387,35282.8571827387
12,12,9,18694,16315.848642608564,2378.1513573914362
12,12,10,18149,16394.934680850314,1754.0653191496858
12,12,11,17768,16572.957321503967,1195.0426784960327
12,12,12,17963,16896.11893793182,1066.8810620681797
12,12,13,18161,16845.943711094016,1315.0562889059838
12,12,14,18306,16944.7155346813,1361.2844653186985
12,12,15,18338,16737.86731295294,1600.1326870470584
12,12,16,18515,17024.8834825386,1490.1165174613998
12,12,17,19166,16828.40697645692,2337.5930235430787
12,12,18,19782,16052.440856644105,3729.559143355895
12,12,19,19459,16094.4392839422,3364.5607160578
12,12,20,19149,16103.73578268716,3045.2642173128406
12,12,21,18894,16714.347736802858,2179.652263197142
12,12,22,18224,16638.577624972248,1585.4223750277524
12,12,23,17062,16367.54548258776,694.4545174122395
12,13,0,16000,13262.769667515957,2737.230332484043
12,13,1,15102,13281.471208797675,1820.528791202325
12,13,2,14579,13669.248562897525,909.7514371024754
12,13,3,14246,13839.165933013677,406.8340669863228
12,13,4,14249,14005.121153383876,243.87884661612406
12,13,5,14370,14271.895447594603,98.10455240539704
12,13,6,15070,14062.296686476386,1007.7033135236143
12,13,7,16212,14617.781787523198,1594.2182124768024
12,13,8,17582,15731.119875963735,1850.8801240362645
12,13,9,17630,15230.280230395963,2399.7197696040366
12,13,10,17357,15886.040066196127,1470.9599338038734
12,13,11,17166,16492.19998416336,673.8000158366413
12,13,12,16897,16539.67632856272,357.3236714372797
12,13,13,16934,16755.78101826403,178.21898173596855
12,13,14,17143,16944.760099991458,198.23990000854246
12,13,15,17352,16964.69318182303,387.3068181769704
12,13,16,17441,17398.04020510687,42.95979489312958
12,13,17,18222,17865.579951681742,356.4200483182576
12,13,18,18862,16969.212966696716,1892.7870333032843
12,13,19,18648,16942.960561659464,1705.0394383405364
12,13,20,18392,17012.18211414876,1379.8178858512401
12,13,21,18168,19123.37716610678,955.3771661067804
12,13,22,17464,17718.038391714577,254.0383917145773
12,13,23,16552,17125.67306273296,573.6730627329598
12,14,0,15300,13538.108729009835,1761.8912709901651
12,14,1,14457,13806.203270762506,650.7967292374942
12,14,2,13947,14250.465894344192,303.46589434419184
12,14,3,13725,14628.943565467089,903.9435654670888
12,14,4,13498,14213.727980584585,715.7279805845847
12,14,5,13522,14064.55510935895,542.5551093589493
12,14,6,13743,13943.675368234257,200.6753682342569
12,14,7,14245,13805.93152201747,439.06847798252966
12,14,8,15137,14285.618518552938,851.3814814470625
12,14,9,15953,14361.494795897246,1591.5052041027539
12,14,10,16780,14826.446329186452,1953.5536708135478
12,14,11,17283,15003.290195033796,2279.7098049662036
12,14,12,17717,15066.396672451554,2650.603327548446
12,14,13,17774,15214.111993808317,2559.8880061916825
12,14,14,17604,15255.991392389924,2348.008607610076
12,14,15,17488,15059.130456853685,2428.8695431463148
12,14,16,17255,15164.612460577991,2090.3875394220086
12,14,17,17880,15356.895760610358,2523.1042393896423
12,14,18,18239,15571.82980958341,2667.1701904165893
12,14,19,17798,15780.764057502107,2017.2359424978931
12,14,20,17321,15931.861388750343,1389.1386112496566
12,14,21,17060,16026.174302630478,1033.8256973695225
12,14,22,16396,16463.804283224847,67.80428322484659
12,14,23,15619,16268.548937428073,649.5489374280733
12,15,0,14834,12469.11789468627,2364.882105313731
12,15,1,14026,12760.003786159676,1265.9962138403243
12,15,2,13507,13006.623199254478,500.3768007455219
12,15,3,13188,13143.898401473933,44.10159852606739
12,15,4,12999,13189.462745422701,190.46274542270112
12,15,5,13069,13210.877407180817,141.8774071808166
12,15,6,13290,13323.044632463274,33.044632463273956
12,15,7,13791,13467.45922049687,323.54077950312967
12,15,8,14540,13823.991807206687,716.0081927933134
12,15,9,15176,13872.112313843785,1303.8876861562148
12,15,10,15887,14096.044862464089,1790.9551375359115
12,15,11,16146,14882.217636052275,1263.7823639477247
12,15,12,16216,15026.990412554298,1189.009587445702
12,15,13,16218,15093.389435443562,1124.6105645564385
12,15,14,16322,15755.583235844373,566.4167641556269
12,15,15,16423,15260.735830605794,1162.264169394206
12,15,16,16773,15807.666864954344,965.3331350456556
12,15,17,17826,16010.357872921253,1815.6421270787469
12,15,18,18974,16112.340418976946,2861.6595810230538
12,15,19,18861,16435.80040961146,2425.19959038854
12,15,20,18501,16249.26838525259,2251.7316147474103
12,15,21,18108,17724.98303011249,383.01696988751064
12,15,22,17616,17305.226760011832,310.7732399881679
12,15,23,16763,16500.25589261744,262.7441073825612
12,16,0,15871,14651.485064971563,1219.5149350284373
12,16,1,15160,14521.997592789143,638.0024072108572
12,16,2,14789,15168.697735763157,379.69773576315674
12,16,3,14638,14299.377510552835,338.6224894471652
12,16,4,14549,14473.86432728477,75.13567271523061
12,16,5,14650,14780.63173528679,130.63173528679
12,16,6,15372,14910.130580703131,461.8694192968687
12,16,7,16765,15130.738856572596,1634.261143427404
12,16,8,18079,16482.946718274554,1596.0532817254461
12,16,9,18374,16210.920772156274,2163.0792278437257
12,16,10,18416,16738.531767452165,1677.4682325478352
12,16,11,18300,16922.105592117394,1377.8944078826062
12,16,12,18024,17185.31552619316,838.6844738068394
12,16,13,17732,17543.741026545205,188.2589734547946
12,16,14,17686,17557.40072651861,128.59927348139172
12,16,15,17916,17758.80928012765,157.1907198723493
12,16,16,18256,17718.79348652176,537.2065134782388
12,16,17,18908,17712.733470640116,1195.2665293598839
12,16,18,19721,17014.395723316084,2706.6042766839164
12,16,19,19583,17001.244810645912,2581.7551893540876
12,16,20,19430,17437.120804978076,1992.8791950219238
12,16,21,19092,16944.94745549766,2147.0525445023413
12,16,22,18406,17120.593831835813,1285.406168164187
12,16,23,17269,17185.69515875071,83.3048412492899
12,17,0,15970,13963.75621188902,2006.24378811098
12,17,1,15130,13593.572788001875,1536.4272119981251
12,17,2,14654,13496.793876858197,1157.206123141803
12,17,3,14425,13737.97939193949,687.0206080605094
12,17,4,14320,14017.543497103841,302.4565028961588
12,17,5,14438,14081.105385126715,356.8946148732848
12,17,6,15037,14131.41282604117,905.5871739588292
12,17,7,16399,14345.253951026727,2053.746048973273
12,17,8,17784,16125.951811551922,1658.0481884480778
12,17,9,18227,16705.538062912754,1521.461937087246
12,17,10,18469,16861.879835278967,1607.1201647210328
12,17,11,18491,18314.334906733526,176.6650932664743
12,17,12,18330,16684.83233186542,1645.1676681345816
12,17,13,18153,16531.95493621285,1621.0450637871509
12,17,14,18017,16720.146736462884,1296.8532635371157
12,17,15,17875,17201.62372757682,673.3762724231783
12,17,16,17989,17536.50590394814,452.49409605186156
12,17,17,18896,17549.13998539947,1346.8600146005301
12,17,18,19632,16950.038083929852,2681.9619160701477
12,17,19,19235,16779.617091194978,2455.3829088050225
12,17,20,18977,16862.317324929863,2114.6826750701366
12,17,21,18552,17177.963173188302,1374.0368268116981
12,17,22,17921,17182.835147614758,738.1648523852418
12,17,23,16824,17112.29588389365,288.29588389365017
12,18,0,15720,13573.44473102496,2146.5552689750402
12,18,1,14871,13413.42501890349,1457.5749810965099
12,18,2,14471,14027.048433066087,443.95156693391255
12,18,3,14546,14808.459811317894,262.4598113178945
12,18,4,14475,14601.654353772868,126.65435377286849
12,18,5,14524,14303.928353722193,220.0716462778073
12,18,6,15066,14250.067659122058,815.9323408779419
12,18,7,16397,15035.131204067813,1361.868795932187
12,18,8,17734,16275.75637715785,1458.2436228421502
12,18,9,18179,16463.316978768642,1715.683021231358
12,18,10,18152,17182.720429730118,969.2795702698822
12,18,11,18313,17157.812036113297,1155.187963886703
12,18,12,18254,17024.081648639796,1229.9183513602038
12,18,13,18043,17768.52884853183,274.4711514681694
12,18,14,18161,17366.541391074126,794.4586089258737
12,18,15,18296,17233.414050843556,1062.5859491564443
12,18,16,18501,16894.361439498527,1606.638560501473
12,18,17,19556,17602.085380011707,1953.9146199882925
12,18,18,20534,16351.048088387028,4182.951911612972
12,18,19,20504,16826.72598081783,3677.2740191821686
12,18,20,20443,17322.430492486717,3120.5695075132826
12,18,21,20210,17317.641331976047,2892.358668023953
12,18,22,19542,17334.03619952182,2207.963800478181
12,18,23,18540,17573.627075792407,966.3729242075933
12,19,0,17484,14306.728181341374,3177.271818658626
12,19,1,16724,14440.73558045726,2283.26441954274
12,19,2,16367,14311.622131216593,2055.3778687834074
12,19,3,16223,14255.725438831329,1967.2745611686714
12,19,4,16072,14282.02091320474,1789.9790867952597
12,19,5,16227,14801.862560798158,1425.1374392018424
12,19,6,16938,15061.664567705815,1876.335432294185
12,19,7,18175,14992.881542236782,3182.1184577632175
12,19,8,19439,17233.75203070288,2205.247969297121
12,19,9,19733,19272.05546264027,460.94453735973
12,19,10,19620,20246.265687179777,626.2656871797772
12,19,11,19579,17371.303692372963,2207.6963076270367
12,19,12,19445,17134.328992175735,2310.671007824265
12,19,13,19211,16929.397817739373,2281.602182260627
12,19,14,19286,17168.544961247004,2117.455038752996
12,19,15,19412,17203.43904022167,2208.5609597783296
12,19,16,19406,17265.498804592746,2140.5011954072543
12,19,17,20131,17779.375000669275,2351.6249993307247
12,19,18,20974,17993.118272670577,2980.8817273294226
12,19,19,20622,18848.219519739338,1773.7804802606624
12,19,20,20488,20976.80427082607,488.8042708260691
12,19,21,20340,21234.344225005992,894.3442250059925
12,19,22,19641,19428.59762883732,212.40237116267963
12,19,23,18534,18520.604062784838,13.395937215162121
12,20,0,17322,15079.886891212487,2242.113108787513
12,20,1,16360,15085.200555198984,1274.7994448010159
12,20,2,15834,14874.564964985299,959.4350350147015
12,20,3,15565,14894.7550228513,670.2449771487009
12,20,4,15489,15281.273753387046,207.72624661295413
12,20,5,15585,15466.5225854242,118.47741457580014
12,20,6,16282,15479.890565811218,802.109434188782
12,20,7,17546,16070.925376397403,1475.074623602597
12,20,8,18680,17218.89266350044,1461.107336499561
12,20,9,18988,17096.625157000188,1891.3748429998122
12,20,10,18851,16975.746645467807,1875.253354532193
12,20,11,18833,19548.926612586813,715.9266125868126
12,20,12,18251,17309.223238743412,941.7767612565876
12,20,13,17611,17098.701760853528,512.298239146472
12,20,14,17477,17097.829126458226,379.1708735417742
12,20,15,17408,17156.91760559171,251.0823944082913
12,20,16,17820,17111.69396996146,708.3060300385405
12,20,17,18778,17892.80779931622,885.1922006837813
12,20,18,19907,18293.265164702894,1613.7348352971057
12,20,19,19541,17100.055209157676,2440.9447908423244
12,20,20,19116,17448.966511108978,1667.033488891022
12,20,21,18886,17398.543313847807,1487.4566861521926
12,20,22,18347,17263.385680571144,1083.614319428856
12,20,23,17356,16909.235935334385,446.76406466561457
12,21,0,16137,13019.715167925448,3117.2848320745525
12,21,1,15343,13288.67772226981,2054.3222777301908
12,21,2,14868,13420.643569919765,1447.3564300802354
12,21,3,14590,13483.893308397102,1106.1066916028976
12,21,4,14510,13634.56483595187,875.4351640481309
12,21,5,14497,14628.105855149304,131.10585514930426
12,21,6,14784,14013.504575578718,770.4954244212822
12,21,7,15193,13663.004171925359,1529.9958280746414
12,21,8,15915,14363.162925042503,1551.837074957497
12,21,9,16563,14784.280221238478,1778.7197787615223
12,21,10,17129,14907.035134570619,2221.9648654293815
12,21,11,17271,15028.253139875633,2242.7468601243672
12,21,12,17083,15046.475188275634,2036.5248117243664
12,21,13,16667,15448.974371362163,1218.0256286378371
12,21,14,16349,15677.581088855055,671.418911144945
12,21,15,16166,15691.662082940522,474.33791705947806
12,21,16,16339,16069.228968611073,269.77103138892744
12,21,17,17244,15913.660522470236,1330.3394775297638
12,21,18,18022,16113.316308089423,1908.6836919105772
12,21,19,17672,15982.769826787498,1689.2301732125015
12,21,20,17283,16134.155903850478,1148.8440961495216
12,21,21,16815,16589.61293186206,225.38706813794124
12,21,22,16315,16991.433793105225,676.433793105225
12,21,23,15613,17076.397445855375,1463.3974458553748
12,22,0,14793,13635.80808320712,1157.1919167928809
12,22,1,14063,13621.280058383232,441.71994161676776
12,22,2,13591,13813.643268308711,222.6432683087114
12,22,3,13308,13378.235303209061,70.23530320906139
12,22,4,13219,13546.018026539896,327.0180265398958
12,22,5,13289,13433.264055155978,144.26405515597799
12,22,6,13549,14013.211279820556,464.21127982055623
12,22,7,13987,14267.88843898455,280.8884389845498
12,22,8,14621,13805.047956518054,815.952043481946
12,22,9,15086,13812.188520625105,1273.8114793748955
12,22,10,15362,14348.841359076789,1013.1586409232114
12,22,11,15241,14555.563891240123,685.4361087598772
12,22,12,15032,14465.790397770552,566.2096022294481
12,22,13,14776,14310.860352465292,465.1396475347083
12,22,14,14536,14341.8184327094,194.18156729059956
12,22,15,14678,14307.821614243905,370.17838575609494
12,22,16,15154,14424.39065543226,729.6093445677398
12,22,17,16094,14788.314911393925,1305.6850886060747
12,22,18,16965,15067.550110711565,1897.4498892884349
12,22,19,16829,15400.018824861529,1428.9811751384714
12,22,20,16492,16239.695896698342,252.30410330165796
12,22,21,16144,16225.42844501426,81.42844501426043
12,22,22,15693,16322.176444402634,629.1764444026339
12,22,23,14933,16151.257715767118,1218.2577157671185
12,23,0,14066,13604.449121460237,461.5508785397633
12,23,1,13340,13335.639827460589,4.360172539410996
12,23,2,12862,13299.004702937505,437.0047029375055
12,23,3,12765,13589.989055942244,824.9890559422438
12,23,4,12675,13918.006321545254,1243.0063215452537
12,23,5,12640,14496.215389598705,1856.2153895987049
12,23,6,13160,14529.017064831758,1369.017064831758
12,23,7,14247,14222.884808249957,24.115191750042868
12,23,8,15254,15347.577174181426,93.57717418142602
12,23,9,15563,15795.443454630658,232.44345463065838
12,23,10,15525,16097.434561122007,572.4345611220069
12,23,11,15276,16253.43008759197,977.4300875919707
12,23,12,14764,16208.909450368894,1444.9094503688939
12,23,13,14825,16409.992864532876,1584.9928645328764
12,23,14,14918,16576.841942361563,1658.8419423615633
12,23,15,15201,16704.76479632702,1503.764796327021
12,23,16,15471,16762.63473042916,1291.6347304291594
12,23,17,16337,16543.360547755547,206.36054775554658
12,23,18,17251,15508.517215450822,1742.4827845491782
12,23,19,17046,15938.31869556942,1107.68130443058
12,23,20,17159,16551.99150539497,607.0084946050301
12,23,21,16938,16470.6656434053,467.3343565946998
12,23,22,16301,16432.606568999774,131.60656899977403
12,23,23,15182,16731.751028210543,1549.7510282105432
12,24,0,14395,13186.10537953472,1208.8946204652802
12,24,1,13547,13256.725658799713,290.2743412002874
12,24,2,13124,13302.071909320905,178.07190932090452
12,24,3,12916,13725.341272738739,809.3412727387386
12,24,4,12851,13539.105333303894,688.1053333038944
12,24,5,12999,13754.807274547516,755.8072745475165
12,24,6,13467,13777.238914789466,310.23891478946643
12,24,7,14434,13669.266780318003,764.7332196819971
12,24,8,15366,15326.034186000757,39.96581399924253
12,24,9,15788,15445.645847020727,342.35415297927284
12,24,10,15710,16007.841059669046,297.84105966904644
12,24,11,15694,16698.956274129727,1004.9562741297268
12,24,12,15876,16870.01569935735,994.015699357351
12,24,13,15831,17090.30082600396,1259.3008260039605
12,24,14,15534,16726.219127314227,1192.219127314227
12,24,15,15508,16850.65585223391,1342.655852233911
12,24,16,15679,17104.950699373276,1425.9506993732757
12,24,17,16318,18506.986809887574,2188.986809887574
12,24,18,16993,17504.831906752464,511.8319067524644
12,24,19,16458,16100.397712436152,357.6022875638482
12,24,20,15936,16395.806772769236,459.806772769236
12,24,21,15388,16724.249531306516,1336.2495313065156
12,24,22,14975,16730.518329143582,1755.5183291435824
12,24,23,14661,17965.862407809756,3304.8624078097564
12,25,0,13981,12709.171937968349,1271.828062031651
12,25,1,13395,13243.882206104492,151.11779389550793
12,25,2,12981,12818.375744100078,162.624255899922
12,25,3,12681,12528.73718623841,152.26281376159022
12,25,4,12538,12768.440165914162,230.4401659141622
12,25,5,12526,12887.705606711803,361.70560671180283
12,25,6,12675,13378.180115223988,703.1801152239877
12,25,7,13183,13774.240140517293,591.2401405172932
12,25,8,13758,13877.99534160561,119.99534160561052
12,25,9,14319,15781.415765193162,1462.4157651931619
12,25,10,14505,16524.539069204053,2019.5390692040528
12,25,11,14611,14119.929126167639,491.07087383236103
12,25,12,14961,16432.208053057013,1471.2080530570129
12,25,13,14869,14663.891701069686,205.10829893031405
12,25,14,14792,14836.348821299267,44.348821299267
12,25,15,14734,14985.748374851042,251.74837485104217
12,25,16,14929,14962.206996249859,33.206996249859
12,25,17,15424,15272.05311298179,151.94688701820996
12,25,18,15750,15311.794935691323,438.2050643086768
12,25,19,15267,15402.135116270943,135.1351162709434
12,25,20,14828,15343.995802455835,515.9958024558346
12,25,21,14596,15514.847208452835,918.8472084528348
12,25,22,14340,15664.111522601535,1324.1115226015354
12,25,23,13955,15856.329848977137,1901.3298489771369
12,26,0,13400,13707.070344339078,307.07034433907756
12,26,1,12939,13488.530429222199,549.530429222199
12,26,2,12526,13121.817722393633,595.8177223936327
12,26,3,12267,13097.709565842611,830.7095658426115
12,26,4,12200,13302.096785934154,1102.0967859341545
12,26,5,12063,13047.489707930086,984.4897079300863
12,26,6,12337,13251.914668885764,914.9146688857636
12,26,7,12851,13132.487775026162,281.4877750261621
12,26,8,13441,13275.080236544365,165.9197634556349
12,26,9,13888,13538.083868621601,349.91613137839886
12,26,10,14414,13979.19521277388,434.8047872261195
12,26,11,14769,14462.48135932984,306.5186406701596
12,26,12,15034,14608.32742979195,425.67257020804936
12,26,13,15156,15742.906846595073,586.9068465950731
12,26,14,15070,15219.167838156238,149.16783815623785
12,26,15,15109,15894.19871577314,785.1987157731401
12,26,16,15239,15370.111634343584,131.11163434358423
12,26,17,15674,15418.117847310325,255.88215268967542
12,26,18,16180,15413.339871325044,766.6601286749556
12,26,19,15948,15600.710093275311,347.289906724689
12,26,20,15486,15734.752673100185,248.75267310018535
12,26,21,15168,15647.071771846946,479.0717718469459
12,26,22,14705,15846.003050790096,1141.0030507900956
12,26,23,13943,15466.925934347204,1523.925934347204
12,27,0,13075,13067.86842304843,7.131576951569514
12,27,1,12398,13060.907783397219,662.9077833972187
12,27,2,11994,13503.084184341718,1509.0841843417184
12,27,3,11849,14294.695170532768,2445.6951705327683
12,27,4,11787,14581.313410565544,2794.3134105655445
12,27,5,11851,14658.348526705204,2807.3485267052038
12,27,6,12151,15030.501238874625,2879.5012388746254
12,27,7,12975,15200.8687690211,2225.868769021101
12,27,8,13721,15829.048454887916,2108.048454887916
12,27,9,14282,15736.01822201953,1454.0182220195293
12,27,10,14745,16242.499784434074,1497.4997844340742
12,27,11,15060,16973.17055784282,1913.170557842819
12,27,12,15237,16892.6723884288,1655.6723884288003
12,27,13,15307,17907.66718397362,2600.667183973619
12,27,14,15319,16601.30486829586,1282.3048682958615
12,27,15,15457,16377.623657212518,920.6236572125181
12,27,16,15653,16834.569093950297,1181.5690939502965
12,27,17,16260,16872.95467931816,612.9546793181617
12,27,18,16790,16241.065707532047,548.9342924679531
12,27,19,16445,16041.061480324468,403.938519675532
12,27,20,16202,16238.472631662129,36.47263166212906
12,27,21,15948,16456.927706700753,508.92770670075333
12,27,22,15376,16675.760220061115,1299.7602200611145
12,27,23,14696,16593.475832151675,1897.4758321516747
12,28,0,13727,12810.306805998003,916.6931940019967
12,28,1,13181,12787.036725139948,393.9632748600525
12,28,2,12774,12971.849006382517,197.84900638251747
12,28,3,12483,13088.446965640582,605.4469656405818
12,28,4,12367,13343.79195408303,976.7919540830299
12,28,5,12404,13515.857918278272,1111.8579182782723
12,28,6,12595,13854.622383192178,1259.622383192178
12,28,7,13115,14101.514897996494,986.5148979964943
12,28,8,13762,14126.42734618892,364.42734618892064
12,28,9,14277,14219.382354868862,57.61764513113849
12,28,10,14619,14481.970370442305,137.02962955769544
12,28,11,14761,14359.614860101887,401.38513989811327
12,28,12,14740,14579.911180703159,160.0888192968414
12,28,13,14507,14750.164980899679,243.164980899679
12,28,14,14346,14894.59706453667,548.5970645366706
12,28,15,14354,15082.039897699191,728.039897699191
12,28,16,14891,15154.149679939948,263.1496799399483
12,28,17,15857,14940.051608543034,916.9483914569664
12,28,18,16671,15038.29197650379,1632.7080234962104
12,28,19,16513,15471.26252100329,1041.7374789967107
12,28,20,16085,15648.601379045456,436.39862095454373
12,28,21,15763,15860.89622864564,97.8962286456408
12,28,22,15202,16727.60118418924,1525.6011841892396
12,28,23,14576,16463.332130307674,1887.3321303076737
12,29,0,13740,12815.153063871887,924.8469361281132
12,29,1,13230,12384.785506805481,845.2144931945186
12,29,2,12829,12841.890027175388,12.89002717538824
12,29,3,12401,12785.50613472689,384.5061347268893
12,29,4,12294,13170.926070085534,876.9260700855339
12,29,5,12280,13150.689232890983,870.6892328909835
12,29,6,12373,13413.73141167669,1040.7314116766902
12,29,7,12730,13661.381353885086,931.3813538850864
12,29,8,13290,13837.149628866628,547.1496288666276
12,29,9,13746,13776.13751444126,30.137514441259555
12,29,10,14241,14065.050135084224,175.94986491577583
12,29,11,14676,14609.484166249358,66.51583375064183
12,29,12,15146,14955.498990277038,190.5010097229624
12,29,13,15712,14996.270817006929,715.7291829930709
12,29,14,15970,15039.123624841048,930.8763751589522
12,29,15,16185,15391.90969837511,793.0903016248903
12,29,16,16338,15317.265195119031,1020.734804880969
12,29,17,16864,15313.774424604062,1550.225575395938
12,29,18,17397,15213.895311087099,2183.104688912901
12,29,19,16947,15208.851881065144,1738.148118934856
12,29,20,16631,15823.529556486095,807.4704435139047
12,29,21,16138,16076.189672859493,61.81032714050707
12,29,22,15538,16466.49467391079,928.4946739107909
12,29,23,15039,17227.201511086136,2188.2015110861357
12,30,0,14110,13597.33180997681,512.6681900231906
12,30,1,13237,13572.503519141517,335.50351914151724
12,30,2,13018,13762.179871313152,744.179871313152
12,30,3,12859,13893.085029526974,1034.0850295269738
12,30,4,12788,14085.869079498241,1297.8690794982413
12,30,5,12997,14191.993084686383,1194.9930846863826
12,30,6,13363,14238.747992709179,875.747992709179
12,30,7,14349,14746.25787794092,397.25787794091957
12,30,8,15147,15584.61333035142,437.6133303514198
12,30,9,15537,15472.7733068033,64.22669319670058
12,30,10,15902,16095.450762622422,193.4507626224222
12,30,11,15975,16424.467656511162,449.4676565111622
12,30,12,15607,16365.875592559083,758.8755925590831
12,30,13,15569,16765.79686630144,1196.7968663014399
12,30,14,15568,16232.537522054372,664.537522054372
12,30,15,15646,16090.834579871538,444.83457987153815
12,30,16,15830,16634.54189320507,804.5418932050707
12,30,17,16409,16820.053521601993,411.05352160199254
12,30,18,17009,16211.59115446074,797.4088455392593
12,30,19,16758,16168.804908319962,589.1950916800379
12,30,20,16510,16192.987760854978,317.01223914502225
12,30,21,16154,16269.51919548407,115.51919548407022
12,30,22,15606,16275.081864322496,669.0818643224957
12,30,23,14849,16563.701679758193,1714.7016797581928
12,31,0,13747,13035.572541673582,711.4274583264178
12,31,1,13303,13081.323360014781,221.67663998521857
12,31,2,12776,13450.979736085304,674.9797360853045
12,31,3,12408,13700.531968965715,1292.5319689657154
12,31,4,12433,13705.02761801426,1272.0276180142591
12,31,5,12433,13777.833684277437,1344.833684277437
12,31,6,12911,13913.138984439394,1002.1389844393943
12,31,7,13750,14188.034416173861,438.03441617386125
12,31,8,14387,15621.196633370371,1234.1966333703713
12,31,9,14900,15338.953838446376,438.9538384463758
12,31,10,15490,15556.584462257944,66.58446225794432
12,31,11,15855,15506.903517321465,348.0964826785348
12,31,12,16097,15310.095050986038,786.9049490139623
12,31,13,16029,15483.02905076853,545.9709492314705
12,31,14,15822,15716.322810362633,105.67718963736661
12,31,15,15716,15757.457109442948,41.45710944294842
12,31,16,15780,16047.096412889143,267.0964128891428
12,31,17,16138,16043.66352141542,94.33647858458062
12,31,18,16674,15480.352161772395,1193.6478382276055
12,31,19,16375,15419.23913415875,955.76086584125
12,31,20,15909,15664.13663403816,244.86336596184083
12,31,21,15198,15811.543706605467,613.5437066054674
12,31,22,14678,15936.29884109049,1258.298841090491
12,31,23,14136,16252.764642392782,2116.7646423927818
11,1,0,12190,11547.33610452755,642.6638954724494
11,1,2,11562,12452.946605172703,890.9466051727031
11,1,3,11332,12785.620618494975,1453.6206184949751
11,1,4,11261,13223.263979220737,1962.2639792207374
11,1,5,11240,13428.996761428905,2188.9967614289053
11,1,6,11401,13637.832883283185,2236.832883283185
11,1,7,12028,14008.023690801634,1980.023690801634
11,1,8,12704,14363.181048536024,1659.1810485360238
11,1,9,13533,14338.627892400566,805.6278924005655
11,1,10,14209,14000.820950211393,208.1790497886068
11,1,11,14600,13826.450004876564,773.549995123436
11,1,12,14910,13719.448306080416,1190.551693919584
11,1,13,15052,14214.345011495116,837.6549885048844
11,1,14,14947,14551.250889810379,395.7491101896212
11,1,15,14795,14502.493133146381,292.5068668536187
11,1,16,15039,14448.490719144665,590.5092808553345
11,1,17,15931,14493.259080233607,1437.7409197663928
11,1,18,16808,15053.64265933868,1754.3573406613195
11,1,19,16489,15694.583132327567,794.416867672433
11,1,20,15971,15447.595469847736,523.4045301522638
11,1,21,15569,15264.532290397923,304.46770960207687
11,1,22,14813,15712.177859279922,899.1778592799219
11,1,23,13881,15684.34391965506,1803.3439196550607
11,2,0,13085,12749.221392087626,335.77860791237435
11,2,1,12566,13088.355452858334,522.3554528583336
11,2,2,12312,12801.370049212706,489.37004921270636
11,2,3,12366,13327.12811316465,961.1281131646501
11,2,4,12309,13190.48186522608,881.4818652260801
11,2,5,12739,13702.534743269067,963.5347432690669
11,2,6,13459,13693.190287934973,234.19028793497273
11,2,7,14907,14075.314517567776,831.6854824322236
11,2,8,16072,15314.245906703445,757.7540932965549
11,2,9,16113,15507.651738823357,605.3482611766431
11,2,10,16049,15586.723645992532,462.2763540074684
11,2,11,15837,16050.335102449299,213.33510244929857
11,2,12,15549,16235.130155567344,686.1301555673435
11,2,13,15269,15727.923873148677,458.92387314867665
11,2,14,15385,15791.675259650314,406.6752596503138
11,2,15,15719,15726.24794342644,7.247943426440543
11,2,16,16285,16026.047674003645,258.9523259963553
11,2,17,17306,16677.642317274644,628.3576827253564
11,2,18,18084,17271.844590447283,812.1554095527172
11,2,19,17790,16644.3453602771,1145.6546397228994
11,2,20,17127,16327.177193459473,799.8228065405274
11,2,21,16487,16035.105984847009,451.8940151529914
11,2,22,15945,16078.615458265827,133.61545826582733
11,2,23,14646,16111.583076621238,1465.5830766212384
11,3,0,13778,12877.884741785223,900.115258214777
11,3,1,13272,13048.421424079092,223.5785759209084
11,3,2,12829,13088.672188422706,259.6721884227063
11,3,3,12900,13633.278049983715,733.2780499837154
11,3,4,12659,13883.930364531614,1224.930364531614
11,3,5,12859,14344.597283440182,1485.5972834401819
11,3,6,13295,14938.054382983604,1643.0543829836042
11,3,7,14580,15723.5114877401,1143.5114877400993
11,3,8,15790,16955.65311365854,1165.65311365854
11,3,9,16133,17020.843709272296,887.8437092722961
11,3,10,16183,17922.500796891818,1739.500796891818
11,3,11,16160,16950.323189223665,790.3231892236654
11,3,12,16216,17139.24590962687,923.2459096268685
11,3,13,16194,17252.174115509424,1058.1741155094242
11,3,14,16185,17127.987373899217,942.9873738992173
11,3,15,16035,17174.514256463342,1139.5142564633425
11,3,16,16249,17268.40341435654,1019.4034143565405
11,3,17,16896,17495.43534414021,599.435344140209
11,3,18,17614,16783.46364413123,830.5363558687714
11,3,19,17521,16958.472783991903,562.5272160080967
11,3,20,16872,16800.778796456532,71.22120354346771
11,3,21,16386,16727.18114763787,341.1811476378716
11,3,22,15625,16375.327503570685,750.3275035706847
11,3,23,14603,16032.116084126807,1429.1160841268065
11,4,0,13472,12575.063539708175,896.9364602918249
11,4,1,13088,12730.722953853732,357.2770461462678
11,4,2,12431,13300.28294950049,869.2829495004898
11,4,3,12461,13720.59517685561,1259.5951768556097
11,4,4,12251,14175.551154027971,1924.5511540279713
11,4,5,12337,14556.312728421362,2219.3127284213624
11,4,9,15024,15692.620569777037,668.6205697770365
11,4,10,14678,16072.086876668496,1394.0868766684962
11,4,11,14407,16250.924775277446,1843.9247752774463
11,4,12,14127,16242.35125215571,2115.3512521557095
11,4,13,14041,16223.111904355555,2182.1119043555555
11,4,14,13956,16261.130427257342,2305.1304272573416
11,4,15,14034,16253.113420270322,2219.1134202703215
11,4,16,14621,16508.143860504475,1887.143860504475
11,4,17,15621,16508.072462171058,887.0724621710579
11,4,18,16443,16244.354397951645,198.6456020483547
11,4,19,16527,16476.087074102074,50.91292589792647
11,4,20,15996,16695.13273587766,699.1327358776616
11,4,21,15513,16941.488267898745,1428.488267898745
11,4,22,14916,17061.12185879148,2145.121858791481
11,4,23,13720,17224.58779889013,3504.58779889013
11,5,0,12960,14007.394802424911,1047.3948024249112
11,5,1,12325,14056.578490021897,1731.5784900218969
11,5,2,11957,14237.832119620714,2280.8321196207144
11,5,3,11734,14368.413236419921,2634.4132364199213
11,5,4,11635,14284.339612750942,2649.3396127509423
11,5,5,11676,14447.557577729342,2771.5575777293416
11,5,6,12239,14529.512587957508,2290.512587957508
11,5,7,13629,14369.55498872368,740.5549887236793
11,5,10,14414,15129.994877799065,715.9948777990649
11,5,11,14517,15473.558261688302,956.5582616883021
11,5,12,14672,15896.215325956333,1224.215325956333
11,5,13,14787,15730.606573764251,943.6065737642512
11,5,14,14769,15903.060859580011,1134.0608595800113
11,5,15,14834,16272.400077138764,1438.4000771387637
11,5,16,15366,16366.331333449021,1000.3313334490213
11,5,17,15998,16557.17224353873,559.172243538731
11,5,18,16659,16186.00224670562,472.99775329437944
11,5,19,16393,15957.453155148733,435.54684485126745
11,5,20,16009,16383.14241461362,374.1424146136196
11,5,21,15614,16512.62269456648,898.6226945664785
11,5,22,14838,16726.19912730911,1888.1991273091116
11,5,23,13875,16522.305547532636,2647.3055475326364
11,6,0,12825,13275.531434914636,450.5314349146356
11,6,1,12160,13277.36023190127,1117.3602319012698
11,6,2,11886,13348.606722573879,1462.6067225738789
11,6,3,11746,13240.302119964916,1494.3021199649156
11,6,4,11691,13449.06693284747,1758.0669328474705
11,6,5,11758,13555.673352062173,1797.6733520621729
11,6,6,12247,13983.435381333467,1736.4353813334674
11,6,7,13506,14296.060987512064,790.0609875120645
11,6,8,14537,15130.91696352161,593.9169635216094
11,6,9,14629,15721.371709723753,1092.3717097237532
11,6,10,14567,16036.349521503416,1469.3495215034163
11,6,11,14497,16123.683935246507,1626.6839352465067
11,6,12,14362,15928.289915426303,1566.2899154263032
11,6,13,14367,15553.147489542653,1186.1474895426527
11,6,14,14277,15882.150341376777,1605.1503413767769
11,6,15,14477,15981.811156968308,1504.8111569683078
11,6,16,14902,16369.910913180676,1467.9109131806763
11,6,17,15414,16627.88279546751,1213.8827954675107
11,6,18,15839,15481.714021146201,357.28597885379895
11,6,19,15723,15674.655171489725,48.344828510274965
11,6,20,15274,15747.064272668671,473.06427266867104
11,6,21,14708,15522.362313462852,814.3623134628524
11,6,22,14068,15421.05676489799,1353.0567648979904
11,6,23,13379,15709.736197898132,2330.7361978981316
11,7,0,12518,12354.80164271727,163.19835728273029
11,7,1,11809,11963.111175325794,154.11117532579374
11,7,2,11443,13263.676550699054,1820.6765506990541
11,7,3,11358,13592.048277785274,2234.048277785274
11,7,4,11158,13587.669544545095,2429.669544545095
11,7,5,11181,13642.020887749772,2461.0208877497716
11,7,6,11414,13531.238375198482,2117.2383751984817
11,7,7,12137,13608.493192577782,1471.4931925777819
11,7,8,12820,13623.78937414754,803.78937414754
11,7,9,12998,13641.378254956655,643.3782549566549
11,7,10,13143,14056.09438244388,913.09438244388
11,7,11,13234,14274.177357655175,1040.177357655175
11,7,12,13170,14118.543219616384,948.5432196163838
11,7,13,13144,14170.292880526762,1026.292880526762
11,7,14,13092,14373.084931860043,1281.084931860043
11,7,15,13132,14476.512218500739,1344.5122185007385
11,7,16,13631,14836.843132078086,1205.8431320780855
11,7,17,14353,14951.410232096043,598.4102320960428
11,7,18,15177,15050.149182306826,126.85081769317367
11,7,19,15020,15274.538481847503,254.53848184750314
11,7,20,14620,14794.78111576758,174.78111576758056
11,7,21,13961,15035.107843197446,1074.1078431974456
11,7,22,13361,15178.347309510777,1817.3473095107765
11,7,23,12849,15017.614138637575,2168.614138637575
11,8,0,12067,11940.641286540904,126.35871345909618
11,8,1,11479,12357.737139406176,878.7371394061756
11,8,2,11293,12538.481036850255,1245.481036850255
11,8,3,10979,12899.144396946645,1920.1443969466454
11,8,4,10817,12961.038449533517,2144.0384495335165
11,8,5,10808,13096.45940695777,2288.4594069577706
11,8,6,11006,13252.71404545093,2246.71404545093
11,8,7,11604,13813.209255204465,2209.209255204465
11,8,8,12138,13779.367817012784,1641.3678170127841
11,8,9,12297,13467.698403713344,1170.6984037133443
11,8,10,12404,14006.32558041517,1602.3255804151704
11,8,11,12539,14436.418926397744,1897.4189263977441
11,8,12,12657,14545.328716224723,1888.3287162247234
11,8,13,12811,14143.854754818354,1332.8547548183542
11,8,14,12719,14142.321100008357,1423.3211000083575
11,8,15,12800,14164.684945504925,1364.684945504925
11,8,16,13534,14463.563000341419,929.563000341419
11,8,17,14575,14938.59395673853,363.5939567385303
11,8,18,15627,16375.7806414605,748.7806414605002
11,8,19,15615,15249.596416211982,365.4035837880183
11,8,20,14858,15171.225172553539,313.22517255353887
11,8,21,14208,15536.80440225601,1328.8044022560098
11,8,22,13666,15440.101150613013,1774.1011506130126
11,8,23,12730,15632.389723769771,2902.389723769771
11,9,0,12107,12858.179991405628,751.1799914056282
11,9,1,11579,13217.933164287588,1638.9331642875877
11,9,2,11320,13317.29440662501,1997.2944066250093
11,9,3,11205,13364.730452655762,2159.730452655762
11,9,4,11050,13300.660814988818,2250.660814988818
11,9,5,11361,13245.649859824927,1884.6498598249273
11,9,6,11844,13036.171168483103,1192.1711684831025
11,9,7,13219,13228.637532560291,9.63753256029122
11,9,8,14311,14377.318879281089,66.31887928108881
11,9,9,14460,14950.501482085629,490.5014820856286
11,9,10,14375,15317.609249030444,942.6092490304436
11,9,11,14234,15673.033526387093,1439.033526387093
11,9,12,14199,16197.52381868938,1998.5238186893803
11,9,13,14262,16190.711675501838,1928.7116755018378
11,9,14,14361,16333.955948443394,1972.955948443394
11,9,15,14505,16330.916665931589,1825.9166659315888
11,9,16,14956,16375.593558384902,1419.5935583849023
11,9,17,15993,16328.447090832962,335.4470908329622
11,9,18,16728,15083.636979739238,1644.363020260762
11,9,19,16233,15165.145416057967,1067.854583942033
11,9,20,15585,15308.627154167549,276.3728458324513
11,9,21,14964,15404.081516096394,440.0815160963939
11,9,22,14266,15742.348477592,1476.3484775920006
11,9,23,13445,16044.549676339633,2599.549676339633
11,10,0,12422,12382.790251378327,39.2097486216735
11,10,1,11916,12670.13324635485,754.1332463548497
11,10,2,11459,12462.400543248692,1003.400543248692
11,10,3,11249,13181.797869740773,1932.7978697407725
11,10,4,11424,12968.871088855243,1544.8710888552432
11,10,5,11506,13394.009495805072,1888.0094958050722
11,10,6,12051,13975.70430442453,1924.7043044245293
11,10,7,13189,14187.134887573226,998.1348875732256
11,10,8,14201,15484.848055465607,1283.848055465607
11,10,9,14420,15805.828120695905,1385.8281206959055
11,10,10,14406,15821.275416597227,1415.2754165972274
11,10,11,14542,16028.083186878974,1486.0831868789737
11,10,12,14480,16116.126296943012,1636.1262969430118
11,10,13,14307,15941.960008553127,1634.9600085531274
11,10,14,14533,16217.508865441056,1684.5088654410556
11,10,15,14648,16780.270798141497,2132.270798141497
11,10,16,15093,16961.842990122554,1868.8429901225536
11,10,17,15774,16518.503666483088,744.5036664830877
11,10,18,16575,15785.192466191336,789.8075338086637
11,10,19,16340,15767.920655097556,572.0793449024441
11,10,20,15824,16178.87202775722,354.87202775721926
11,10,21,15297,16125.90161236232,828.9016123623205
11,10,22,14514,16103.71376773003,1589.7137677300307
11,10,23,13546,16196.585621320422,2650.5856213204224
11,11,0,12624,13041.085023341515,417.0850233415149
11,11,1,12010,13469.92743973546,1459.9274397354602
11,11,2,11529,13445.320690172466,1916.3206901724661
11,11,3,11396,13493.484585169774,2097.4845851697737
11,11,4,11335,13397.284321613635,2062.2843216136353
11,11,5,11428,13483.195296800011,2055.1952968000114
11,11,6,11720,13624.752916170537,1904.752916170537
11,11,7,13005,13926.407512626141,921.4075126261414
11,11,8,14099,15252.43438220269,1153.4343822026894
11,11,9,14449,15423.956940049342,974.9569400493419
11,11,10,14654,15591.678202003963,937.6782020039627
11,11,11,14730,15494.552294923824,764.5522949238239
11,11,12,14348,16078.054619314777,1730.0546193147766
11,11,13,14438,16429.711148329225,1991.7111483292247
11,11,14,14423,16372.317844378143,1949.3178443781435
11,11,15,14411,16345.336513395612,1934.3365133956122
11,11,16,14804,15959.765991872406,1155.7659918724057
11,11,17,15723,15962.278294819598,239.27829481959816
11,11,18,16902,15339.743872424782,1562.2561275752178
11,11,19,16557,15165.561775769229,1391.438224230771
11,11,20,16160,15573.58818147613,586.4118185238694
11,11,21,15900,16139.980961102807,239.98096110280676
11,11,22,15196,15928.735109739788,732.7351097397877
11,11,23,14193,16058.84344388144,1865.8434438814402
11,12,0,13192,12674.853920585429,517.1460794145714
11,12,1,12686,12611.113931027432,74.88606897256795
11,12,2,12367,12790.370448525453,423.37044852545296
11,12,3,12102,13201.590573964104,1099.590573964104
11,12,4,12024,13662.065888451747,1638.065888451747
11,12,5,12149,13784.760199659668,1635.7601996596677
11,12,6,12739,13819.845305447081,1080.845305447081
11,12,7,14078,14057.036805049273,20.963194950727484
11,12,8,15377,15846.030689489224,469.03068948922373
11,12,9,15415,15142.621375593722,272.3786244062776
11,12,10,14927,15012.881687804864,85.88168780486376
11,12,11,14395,15310.980323308708,915.9803233087077
11,12,12,14233,15744.092678285228,1511.0926782852275
11,12,13,14059,15511.456584589056,1452.4565845890556
11,12,14,14048,15508.346770761389,1460.346770761389
11,12,15,14351,15824.299298434773,1473.299298434773
11,12,16,14907,16522.569417341445,1615.569417341445
11,12,17,16020,16963.742237408173,943.7422374081725
11,12,18,17162,16213.59062972464,948.4093702753598
11,12,19,17264,16228.083063961594,1035.9169360384058
11,12,20,16803,16957.77211325752,154.7721132575207
11,12,21,16352,16908.385967491227,556.3859674912273
11,12,22,15727,16511.997404930687,784.9974049306875
11,12,23,14635,16464.39477316208,1829.3947731620792
11,13,0,13623,12678.850235798545,944.1497642014547
11,13,1,13304,12872.08842473996,431.91157526003917
11,13,2,12738,13239.809877857055,501.80987785705474
11,13,3,12537,13761.828758958414,1224.8287589584143
11,13,4,12468,13586.471512014106,1118.4715120141063
11,13,5,12548,13746.714162528986,1198.714162528986
11,13,6,12969,13471.742775878352,502.7427758783524
11,13,7,14214,13417.984123280832,796.0158767191679
11,13,8,15316,14736.929504346186,579.0704956538139
11,13,9,15745,15543.80435858161,201.19564141838964
11,13,10,16054,23813.050153275442,7759.050153275442
11,13,11,15823,20012.64206194902,4189.64206194902
11,13,12,15496,16087.2217713715,591.2217713714999
11,13,13,15526,15993.3982767522,467.3982767521993
11,13,14,15520,16272.44049377252,752.4404937725194
11,13,15,15460,16305.256191346476,845.256191346476
11,13,16,15712,16856.70338554263,1144.7033855426307
11,13,17,16556,18747.967226494187,2191.9672264941873
11,13,18,17275,19004.190977835005,1729.1909778350055
11,13,19,16945,18221.50364847519,1276.5036484751909
11,13,20,16487,16411.97493664622,75.02506335377984
11,13,21,16302,16579.211959718858,277.21195971885754
11,13,22,15657,16285.31414698041,628.3141469804104
11,13,23,14671,16607.552802983835,1936.5528029838351
11,14,0,13581,12519.817655973842,1061.1823440261578
11,14,1,12884,12480.432515191287,403.56748480871283
11,14,2,12477,12125.019925515615,351.9800744843851
11,14,3,12271,12471.855938252736,200.85593825273645
11,14,4,12087,12564.570147721803,477.57014772180264
11,14,5,12120,12571.232113711447,451.2321137114468
11,14,6,12416,13199.357974525126,783.3579745251263
11,14,7,13032,13187.513241817112,155.51324181711243
11,14,8,13803,13814.669198927473,11.66919892747319
11,14,9,14272,13859.695745127485,412.30425487251523
11,14,10,14064,13621.80533316207,442.1946668379296
11,14,11,14118,14110.247653842918,7.752346157081774
11,14,12,14018,13929.397665441124,88.60233455887646
11,14,13,13772,14150.437991185889,378.4379911858887
11,14,14,13702,14174.002850967243,472.0028509672429
11,14,15,13795,14852.673069618198,1057.6730696181985
11,14,16,14451,14985.329987292556,534.3299872925563
11,14,17,15472,15256.812876112814,215.18712388718632
11,14,18,16526,16148.54935410835,377.4506458916494
11,14,19,15938,15064.804660662752,873.1953393372478
11,14,20,15377,14861.103671391531,515.896328608469
11,14,21,15063,15095.634958952971,32.63495895297092
11,14,22,14486,14947.209100793658,461.20910079365785
11,14,23,13740,15063.553732725175,1323.553732725175
11,15,0,12925,11747.908915644797,1177.0910843552028
11,15,1,12320,12143.605076143605,176.3949238563946
11,15,2,11971,12672.375485143757,701.375485143757
11,15,3,11651,12682.743251777694,1031.7432517776942
11,15,4,11475,13050.711564997762,1575.7115649977623
11,15,5,11512,13157.268499568636,1645.268499568636
11,15,6,11719,13197.84217189269,1478.8421718926893
11,15,7,12179,13506.702940105384,1327.7029401053842
11,15,8,12650,13856.560921626495,1206.5609216264947
11,15,9,13420,14291.954271046392,871.954271046392
11,15,10,14240,14199.383733050681,40.61626694931874
11,15,11,14880,14173.108656421477,706.8913435785234
11,15,12,15248,14254.089925601602,993.9100743983981
11,15,13,15618,14260.059466117455,1357.9405338825454
11,15,14,15561,15150.396173130881,410.6038268691191
11,15,15,15368,14895.797598173744,472.2024018262564
11,15,16,15257,14853.928295546119,403.07170445388147
11,15,17,15804,14758.619895790616,1045.3801042093837
11,15,18,16072,14883.272635006258,1188.7273649937415
11,15,19,15791,14892.676056045559,898.3239439544413
11,15,20,15301,15275.5261366539,25.473863346100188
11,15,21,14789,14976.58100383336,187.58100383336023
11,15,22,14311,15207.712404495105,896.7124044951051
11,15,23,13538,15400.187416449426,1862.1874164494257
11,16,0,12794,12841.23172577654,47.23172577654077
11,16,1,12256,13116.25981967945,860.2598196794497
11,16,2,11974,13206.767014996933,1232.7670149969326
11,16,3,11760,13216.246948692316,1456.2469486923164
11,16,4,11874,13235.171416710813,1361.171416710813
11,16,5,11956,13408.338810066703,1452.3388100667034
11,16,6,12420,13682.124944855062,1262.1249448550625
11,16,7,13803,13773.088129529382,29.91187047061794
11,16,8,14961,15076.486955255172,115.48695525517178
11,16,9,15743,15207.845857151395,535.1541428486053
11,16,10,16039,15415.389544776015,623.6104552239849
11,16,11,16144,15572.41495154392,571.5850484560797
11,16,12,16230,15682.329637085128,547.6703629148724
11,16,13,16428,15751.894451728103,676.1055482718966
11,16,14,16144,15770.731996714676,373.2680032853241
11,16,15,16104,16410.485578613858,306.4855786138578
11,16,16,16434,16374.349209009835,59.65079099016475
11,16,17,17157,17027.115441267128,129.8845587328724
11,16,18,18131,16545.011794086255,1585.9882059137453
11,16,19,17535,16734.92474919317,800.075250806829
11,16,20,17150,16774.54787641653,375.4521235834691
11,16,21,16675,16565.843686540044,109.15631345995644
11,16,22,16005,17062.1925855941,1057.1925855941008
11,16,23,15009,17048.191960201537,2039.1919602015369
11,17,0,14178,13808.899487281169,369.10051271883094
11,17,1,13435,13861.727053719527,426.72705371952725
11,17,2,13056,13657.300559374846,601.3005593748458
11,17,3,12885,13582.573172769104,697.5731727691036
11,17,4,12678,13581.494234551628,903.4942345516283
11,17,5,12782,13769.586023772246,987.5860237722463
11,17,6,13272,14153.831319918601,881.8313199186014
11,17,7,14462,14276.70252695084,185.29747304916054
11,17,8,15620,15193.510106494901,426.48989350509873
11,17,17,17557,16672.480175044864,884.5198249551358
11,17,18,18601,16562.88172031809,2038.1182796819085
11,17,19,18258,16449.549381520545,1808.4506184794554
11,17,20,17902,16600.098678108923,1301.9013218910768
11,17,21,17564,17173.54187696051,390.4581230394906
11,17,22,16707,17158.691986619975,451.69198661997507
11,17,23,15771,17371.565865547567,1600.5658655475672
11,18,0,14824,13932.369760769794,891.6302392302059
11,18,1,14266,13910.600086524799,355.3999134752012
11,18,2,13973,13978.674432177286,5.67443217728578
11,18,3,13810,14262.182371590463,452.18237159046294
11,18,4,13690,14346.17837109521,656.1783710952095
11,18,5,13727,14393.809681122064,666.8096811220639
11,18,6,14355,14204.137097987226,150.8629020127737
11,18,7,15745,14642.668213891313,1102.331786108687
11,18,8,16880,16313.308803616503,566.6911963834973
11,18,17,17884,16940.88833940743,943.1116605925708
11,18,18,18776,16274.733188726677,2501.2668112733227
11,18,19,18231,15839.386890018079,2391.6131099819213
11,18,20,17743,15790.260129420814,1952.7398705791857
11,18,21,17230,16001.935737194966,1228.0642628050336
11,18,22,16361,15633.514397977788,727.4856020222123
11,18,23,15265,15636.75001052796,371.7500105279596
11,19,0,14314,12426.832489324257,1887.167510675743
11,19,1,13622,12636.60680764417,985.3931923558303
11,19,2,13192,12828.341515802174,363.6584841978256
11,19,3,12933,13316.60580295765,383.60580295765067
11,19,4,12868,13488.45491134702,620.4549113470202
11,19,5,12921,13660.314103249137,739.3141032491367
11,19,6,13580,14103.271011041887,523.2710110418866
11,19,7,14697,14261.318129932175,435.681870067825
11,19,8,15767,15529.616461231486,237.38353876851397
11,19,13,15507,16016.39818906209,509.39818906209075
11,19,14,15356,15795.536382937089,439.536382937089
11,19,15,15466,16218.585300547637,752.5853005476365
11,19,16,15662,16343.415712270227,681.4157122702272
11,19,17,16472,16708.512187859174,236.51218785917445
11,19,18,17244,16181.215853804135,1062.784146195865
11,19,19,16906,16758.3166489763,147.6833510237011
11,19,20,16596,16955.26770563925,359.26770563924947
11,19,21,16137,17111.817447277353,974.8174472773535
11,19,22,15427,16711.500504791566,1284.5005047915656
11,19,23,14319,16821.151488292307,2502.1514882923075
11,20,0,13324,13253.84889660632,70.15110339368039
11,20,1,12564,13110.664332421962,546.6643324219622
11,20,2,12147,13224.814333025437,1077.814333025437
11,20,3,11924,13460.029730323215,1536.0297303232146
11,20,4,11734,13765.915375127315,2031.9153751273152
11,20,5,11818,13985.1274573826,2167.1274573825995
11,20,6,12340,13999.601031401155,1659.6010314011546
11,20,7,13531,14261.359847261238,730.3598472612375
11,20,8,14665,15668.448283888427,1003.4482838884269
11,20,9,15233,15905.98826481233,672.9882648123294
11,20,10,15017,15666.07845274487,649.0784527448704
11,20,11,14824,15806.249905688435,982.2499056884353
11,20,12,14739,15880.474336219173,1141.474336219173
11,20,13,14893,15920.455004321933,1027.4550043219333
11,20,14,14713,16181.71646236843,1468.7164623684293
11,20,15,14735,16304.5186911456,1569.5186911456003
11,20,16,15070,16480.489442387025,1410.4894423870246
11,20,17,15753,16864.446814275936,1111.446814275936
11,20,18,16490,16273.161955368523,216.8380446314768
11,20,19,16237,16579.85260802291,342.8526080229094
11,20,20,15972,16741.339007400307,769.3390074003073
11,20,21,15807,16537.20307604084,730.2030760408416
11,20,22,15132,16946.853343289666,1814.8533432896656
11,20,23,14175,16224.924532911926,2049.924532911926
11,21,0,13145,12401.655933956421,743.344066043579
11,21,1,12464,12324.333519488151,139.66648051184893
11,21,2,12223,12685.470660133027,462.4706601330272
11,21,3,12028,12630.199277310503,602.199277310503
11,21,4,11867,12627.601547451432,760.6015474514315
11,21,5,11762,12850.757788578485,1088.757788578485
11,21,6,12122,13101.442931422398,979.442931422398
11,21,7,12825,13226.097569705707,401.09756970570743
11,21,8,13632,13361.559599916485,270.44040008351476
11,21,9,14197,13686.673664011494,510.3263359885059
11,21,10,14650,13987.812477403862,662.1875225961376
11,21,11,14980,14502.65177614112,477.3482238588804
11,21,12,15270,14721.666864964965,548.3331350350345
11,21,13,15434,14558.48469199126,875.5153080087402
11,21,14,15385,14547.055299993926,837.9447000060736
11,21,15,15345,14710.707832029566,634.2921679704341
11,21,16,15630,14988.743351968935,641.2566480310652
11,21,17,16376,15635.166994814348,740.8330051856519
11,21,18,17252,18015.518028983577,763.5180289835771
11,21,19,16845,16176.194665239633,668.8053347603673
11,21,20,16227,15870.853106442106,356.14689355789415
11,21,21,15585,15782.031321789736,197.03132178973647
11,21,22,15073,15862.214101446014,789.214101446014
11,21,23,14298,15835.822502050723,1537.8225020507234
11,22,0,13496,12613.263733176193,882.7362668238075
11,22,1,12761,12900.597206581424,139.59720658142396
11,22,2,12367,12713.796445971033,346.7964459710329
11,22,3,12274,12683.931060200695,409.93106020069536
11,22,4,12170,12882.835714283596,712.8357142835957
11,22,5,12127,13170.39707243613,1043.3970724361297
11,22,6,12262,13314.987215330702,1052.9872153307024
11,22,7,12756,13665.306062341846,909.306062341846
11,22,8,13321,13994.162336295187,673.1623362951868
11,22,9,14035,14296.642439808002,261.64243980800165
11,22,10,14782,14303.460451017712,478.53954898228767
11,22,11,15460,14191.391082388905,1268.6089176110945
11,22,12,15932,14399.582057121086,1532.417942878914
11,22,13,16242,14631.102286399273,1610.897713600727
11,22,14,16360,14791.445038401009,1568.5549615989912
11,22,15,16444,15040.966843488462,1403.0331565115375
11,22,16,16652,15057.972372460485,1594.0276275395154
11,22,17,17272,15275.026798535077,1996.9732014649235
11,22,18,18064,15661.17559269949,2402.82440730051
11,22,19,17456,15669.538182464617,1786.4618175353826
11,22,20,16955,15622.641216261305,1332.358783738695
11,22,21,16564,15970.796490782612,593.2035092173883
11,22,22,16017,16069.65750862609,52.65750862608911
11,22,23,15154,16084.86382833454,930.8638283345408
11,23,0,14304,13414.296871323384,889.703128676616
11,23,1,13630,13568.291390869734,61.70860913026627
11,23,2,13082,13618.003188186469,536.0031881864688
11,23,3,12848,13693.393120159459,845.3931201594587
11,23,4,12798,13874.638747214018,1076.6387472140177
11,23,5,12984,14097.529582363979,1113.529582363979
11,23,6,13569,13961.504216666239,392.5042166662388
11,23,7,14874,14115.755479987623,758.2445200123766
11,23,8,15842,15852.036798367428,10.036798367427764
11,23,9,16409,16013.209756906526,395.7902430934737
11,23,10,16725,16396.594211830285,328.4057881697154
11,23,11,16861,16920.75714435116,59.757144351158786
11,23,12,16776,16992.38687820222,216.3868782022182
11,23,13,16569,16712.859037867496,143.85903786749623
11,23,14,16689,16736.34959229202,47.349592292019224
11,23,15,16854,16892.21412645463,38.21412645462988
11,23,16,17119,17076.841689661793,42.15831033820723
11,23,17,17735,17087.872119200485,647.127880799515
11,23,18,18654,16312.459126699365,2341.540873300635
11,23,19,18199,16324.095463872643,1874.9045361273566
11,23,20,17767,16246.644320973168,1520.3556790268321
11,23,21,17262,16549.515807081447,712.4841929185532
11,23,22,16547,16406.863432663384,140.13656733661628
11,23,23,15688,16635.452539851984,947.4525398519836
11,24,0,14698,13251.867668024906,1446.1323319750936
11,24,1,14045,13362.345760380897,682.6542396191035
11,24,2,13555,13604.288561302063,49.28856130206259
11,24,3,13433,13820.237391441164,387.2373914411637
11,24,4,13340,14061.511131983894,721.5111319838943
11,24,5,13566,14020.911516225695,454.91151622569487
11,24,6,14175,14502.433266565806,327.43326656580575
11,24,7,15443,14930.466824853174,512.5331751468257
11,24,8,16635,16304.591562523367,330.4084374766335
11,24,9,17051,16346.33468894479,704.6653110552106
11,24,11,17135,16222.874687451964,912.1253125480362
11,24,12,17214,16433.394902289838,780.6050977101622
11,24,13,17177,16616.745105814454,560.2548941855457
11,24,14,17008,16638.623231736667,369.37676826333336
11,24,15,17140,16687.270128238528,452.72987176147217
11,24,16,17517,16873.971263271575,643.0287367284254
11,24,17,18269,17142.489925935624,1126.5100740643757
11,24,18,19147,16594.501548528802,2552.4984514711978
11,24,19,18579,16685.932355817444,1893.0676441825563
11,24,20,17914,16927.290407285,986.7095927150003
11,24,21,17437,16687.217701590238,749.782298409762
11,24,22,16725,16374.089429937838,350.91057006216215
11,24,23,15630,16474.85000646143,844.8500064614309
11,25,0,14719,13140.008583478144,1578.991416521856
11,25,1,14089,13508.88806705178,580.1119329482208
11,25,2,14050,13812.911838881686,237.08816111831402
11,25,6,13925,13707.213517872382,217.786482127618
11,25,7,15079,14225.702382515597,853.2976174844025
11,25,8,16138,15620.002513094782,517.9974869052185
11,25,9,16729,15943.211909197604,785.7880908023963
11,25,10,16971,16403.605420220203,567.3945797797969
11,25,11,17274,16618.703816642785,655.2961833572153
11,25,12,17433,16948.281940343786,484.7180596562139
11,25,13,17522,17300.12116986911,221.87883013088867
11,25,14,17524,17589.758067544335,65.75806754433506
11,25,15,17266,17401.669353844976,135.66935384497629
11,25,16,17354,17351.356453199438,2.643546800562035
11,25,17,17847,17668.684002522758,178.3159974772425
11,25,18,18616,16625.81687682932,1990.1831231706783
11,25,19,18036,16630.305337554713,1405.6946624452867
11,25,20,17657,16611.23120110185,1045.7687988981488
11,25,21,17061,17125.90352347862,64.90352347862063
11,25,22,16258,17312.343657050813,1054.343657050813
11,25,23,15238,17052.980810290752,1814.9808102907518
11,26,0,14126,13485.68551069687,640.3144893031294
11,26,1,13253,13455.313130709237,202.31313070923716
11,26,2,12766,13801.65529559005,1035.6552955900497
11,26,3,12672,13779.376786830857,1107.3767868308569
11,26,4,12619,13926.279138748592,1307.2791387485922
11,26,5,12672,14125.655416595671,1453.6554165956713
11,26,6,13223,14075.730372829683,852.7303728296829
11,26,7,14276,14340.76243202543,64.76243202543083
11,26,8,15431,15660.276495887429,229.2764958874286
11,26,9,15983,16029.766629034342,46.76662903434226
11,26,10,16182,16330.241796663038,148.24179666303826
11,26,11,16407,16309.763495383428,97.23650461657235
11,26,12,16499,16570.67726408603,71.67726408602903
11,26,13,16486,17276.9416769737,790.9416769736999
11,26,14,16505,17409.473022094564,904.4730220945639
11,26,15,16497,17122.405670803197,625.4056708031967
11,26,16,16543,17117.299082447433,574.2990824474327
11,26,17,17148,17584.199155407063,436.1991554070628
11,26,18,17881,16535.39555565398,1345.6044443460196
11,26,19,17392,16491.76850099221,900.2314990077903
11,26,20,17099,16467.60667674434,631.3933232556592
11,26,21,16653,16768.32867374443,115.32867374442867
11,26,22,15883,16283.642890439123,400.6428904391232
11,26,23,14840,17026.563092803368,2186.563092803368
11,27,0,13890,13692.53838718286,197.46161281714012
11,27,1,13076,13644.226242816723,568.2262428167232
11,27,2,12665,13913.771228890922,1248.7712288909224
11,27,3,12441,14160.004589878014,1719.0045898780136
11,27,4,12303,13884.883636596638,1581.883636596638
11,27,5,12454,14042.791082537507,1588.7910825375075
11,27,6,13016,13876.22030403064,860.2203040306395
11,27,7,14091,14148.695220458714,57.695220458714175
11,27,8,15351,15267.486433557684,83.513566442316
11,27,9,16147,15742.954219300751,404.045780699249
11,27,10,16419,16338.814081215272,80.18591878472762
11,27,11,16435,16535.64136062177,100.6413606217684
11,27,12,16547,16769.728639306402,222.72863930640233
11,27,13,16406,16986.154520298976,580.1545202989764
11,27,14,16355,17046.158756091278,691.1587560912776
11,27,15,16475,17213.902379371084,738.902379371084
11,27,16,16593,17154.901510410815,561.9015104108148
11,27,17,17039,17132.50330459939,93.50330459939141
11,27,18,17557,16449.804651421648,1107.1953485783524
11,27,19,17028,16417.343031176293,610.6569688237068
11,27,20,16729,16713.6518128147,15.348187185300048
11,27,21,16356,16777.605158442926,421.60515844292604
11,27,22,15763,16898.11691000864,1135.1169100086408
11,27,23,14786,16806.05028100682,2020.050281006821
11,28,0,13816,12597.756342105,1218.243657895
11,28,1,13007,12707.696505089805,299.3034949101948
11,28,2,12628,12679.074412288313,51.0744122883134
11,28,3,12343,12792.738418717905,449.738418717905
11,28,4,12133,12544.125757328326,411.12575732832556
11,28,5,12128,12770.769966810221,642.7699668102214
11,28,6,12368,13101.804436216276,733.8044362162764
11,28,7,12942,12963.551417789116,21.551417789116385
11,28,8,13664,13362.414663303796,301.58533669620374
11,28,9,14266,13555.197096581882,710.8029034181181
11,28,10,14458,13699.742871012788,758.2571289872121
11,28,11,14257,13815.279302479663,441.7206975203371
11,28,12,14044,13734.07125262564,309.9287473743607
11,28,13,14083,13802.309061451842,280.69093854815765
11,28,14,13847,14491.325949473947,644.3259494739468
11,28,15,13936,14836.49801458266,900.4980145826594
11,28,16,14703,14786.507779366957,83.50777936695704
11,28,17,15376,14861.220318155472,514.7796818445277
11,28,18,16527,14919.55755427798,1607.4424457220193
11,28,19,16074,15427.63041979566,646.3695802043403
11,28,20,15622,15501.830057442743,120.16994255725695
11,28,21,15394,15606.709610541368,212.7096105413675
11,28,22,14775,15563.719616408289,788.7196164082889
11,28,23,14017,15554.912920550925,1537.9129205509253
11,29,0,13157,12330.287307366241,826.7126926337587
11,29,1,12620,12363.110934149174,256.8890658508262
11,29,2,12130,12466.100886353888,336.1008863538882
11,29,3,11870,12598.876431940507,728.8764319405072
11,29,4,11832,12631.199326503316,799.1993265033161
11,29,5,11802,12835.381085921326,1033.3810859213263
11,29,6,11935,12586.158169548344,651.1581695483437
11,29,7,12325,12756.859362793468,431.8593627934679
11,29,8,12864,13144.683618275663,280.6836182756633
11,29,9,13210,13438.777624356366,228.77762435636578
11,29,10,13346,13999.56137522447,653.5613752244699
11,29,11,13565,14342.033277601975,777.033277601975
11,29,12,13564,14732.281108335352,1168.2811083353517
11,29,13,13572,14739.25468907617,1167.2546890761696
11,29,14,13543,14676.641104140183,1133.6411041401825
11,29,15,13998,14906.379752828305,908.3797528283048
11,29,16,14671,14988.160025422376,317.16002542237584
11,29,17,15551,15496.143201120463,54.856798879536655
11,29,18,16803,16033.135331979847,769.8646680201527
11,29,19,16622,16172.082997276908,449.9170027230921
11,29,20,16081,16187.85093991355,106.85093991354915
11,29,21,15627,16420.819870958123,793.8198709581229
11,29,22,15137,16846.92938116987,1709.9293811698699
11,29,23,14372,16896.639685452854,2524.639685452854
11,30,0,13576,14150.369688536293,574.3696885362933
11,30,1,13038,14164.045243408778,1126.0452434087783
11,30,2,12683,14632.026316109374,1949.0263161093735
11,30,3,12186,14413.685415159005,2227.685415159005
11,30,4,12297,14793.684118175055,2496.684118175055
11,30,5,12432,14659.242055363049,2227.242055363049
11,30,6,13033,14545.41521041152,1512.41521041152
11,30,7,14151,14418.53296760007,267.53296760006924
11,30,8,15399,15654.86685096227,255.86685096226938
11,30,9,16190,15983.735565482064,206.26443451793602
11,30,10,16327,15762.530336282562,564.4696637174384
11,30,11,16378,16138.126350922308,239.87364907769188
11,30,12,16694,16312.57053114399,381.4294688560094
11,30,13,16924,16093.511177200111,830.488822799889
11,30,14,16978,16275.963335693023,702.0366643069774
11,30,15,17014,16341.797886923849,672.2021130761514
11,30,16,17205,16516.379377280005,688.6206227199946
11,30,17,17855,16852.695122125828,1002.3048778741722
11,30,18,18615,16179.545632274741,2435.4543677252586
11,30,19,18063,16128.320516059413,1934.6794839405866
11,30,20,17765,16263.77668322752,1501.2233167724808
11,30,21,17220,16419.06546469291,800.9345353070894
11,30,22,16343,16609.16529185501,266.16529185500985
11,30,23,15337,16596.872197532746,1259.8721975327462
12,1,0,14290,13000.295703429416,1289.7042965705841
12,1,1,13514,13119.804338239699,394.19566176030094
12,1,2,13155,13175.345240830418,20.345240830418334
12,1,3,13076,13306.555780358069,230.55578035806866
12,1,4,12938,13352.347870831221,414.34787083122137
12,1,5,13050,13507.897373408037,457.8973734080373
12,1,6,13732,13663.039378900792,68.96062109920786
12,1,7,15018,13868.997088803322,1149.0029111966778
12,1,8,16332,15075.475770888543,1256.5242291114573
12,1,9,16909,15308.936624421383,1600.0633755786166
12,1,10,17233,15643.89295376014,1589.1070462398602
12,1,11,17413,15693.441857002936,1719.5581429970644
12,1,12,17533,15139.224944234355,2393.7750557656454
12,1,13,17552,15284.042994506133,2267.9570054938667
12,1,14,17509,15330.039290462271,2178.9607095377287
12,1,15,17310,15530.750704137272,1779.249295862728
12,1,16,17435,15605.011771788842,1829.9882282111575
12,1,17,18248,16212.105335880928,2035.8946641190723
12,1,18,18946,15580.483333874105,3365.5166661258954
12,1,19,18573,15796.861535701479,2776.1384642985213
12,1,20,18092,15976.864324506338,2115.1356754936623
12,1,21,17568,15854.018432023277,1713.9815679767235
12,1,22,16664,16042.02024221863,621.9797577813697
12,1,23,15648,16078.5575678154,430.55756781540003
12,2,0,14582,12500.872653639759,2081.127346360241
12,2,1,13667,12538.688079489926,1128.3119205100738
12,2,2,13233,12431.639643565539,801.3603564344612
12,2,3,12991,13055.881159856752,64.88115985675176
12,2,4,13057,12859.84351899018,197.1564810098207
12,2,5,13159,13412.325768307122,253.32576830712242
12,2,6,13609,13586.851823962623,22.148176037377198
12,2,7,14923,13929.7143392337,993.2856607662998
12,2,8,16454,15266.464136272294,1187.5358637277059
12,2,9,16839,15289.333902222084,1549.6660977779156
12,2,10,16828,15355.82405955427,1472.1759404457298
12,2,11,16705,15746.177258385562,958.8227416144382
12,2,12,16478,15759.524185919647,718.4758140803533
12,2,13,16328,15790.756488144927,537.2435118550729
12,2,14,16165,15930.299522538044,234.70047746195632
12,2,15,16105,16359.454274183483,254.454274183483
12,2,16,16428,16590.700745086295,162.70074508629477
12,2,17,17569,16653.957182579954,915.042817420046
12,2,18,18601,15897.017688902575,2703.982311097425
12,2,19,18085,15558.429753259643,2526.570246740357
12,2,20,17656,15813.847959538516,1842.152040461484
12,2,21,17019,16009.937705869808,1009.0622941301917
12,2,22,16320,16137.094746942143,182.9052530578574
12,2,23,15256,16108.387905821124,852.3879058211241
12,3,0,14174,13006.204218005656,1167.795781994344
12,3,1,13444,13171.558443154077,272.4415568459226
12,3,2,13032,13552.675328624864,520.675328624864
12,3,3,12866,13372.26772356173,506.26772356173024
12,3,4,12729,13306.185499889727,577.185499889727
12,3,5,12863,13530.665285953797,667.6652859537971
12,3,6,13448,13583.153826414149,135.15382641414908
12,3,7,14903,13762.502932330548,1140.497067669452
12,3,8,16204,15309.38246515353,894.6175348464694
12,3,9,16432,15241.21197191475,1190.7880280852496
12,3,10,16320,15295.072829246663,1024.9271707533371
12,3,11,16323,15149.33845371787,1173.66154628213
12,3,12,16215,15836.688871303868,378.3111286961321
12,3,13,16248,15903.730579430261,344.26942056973894
12,3,14,16257,16012.741651669841,244.2583483301587
12,3,15,16375,16255.165274416273,119.83472558372705
12,3,16,16705,16151.45074429154,553.5492557084599
12,3,17,17490,16539.5462023633,950.4537976366992
12,3,18,18272,16286.496244174861,1985.5037558251388
12,3,19,17933,16370.376269852924,1562.6237301470755
12,3,20,17640,16547.494428531903,1092.5055714680966
12,3,21,17109,16941.93966566578,167.06033433421908
12,3,22,16108,16736.69602588789,628.6960258878898
12,3,23,15037,16438.487939524748,1401.487939524748
12,4,0,13914,12782.763640652276,1131.236359347724
12,4,1,13241,12916.524812120888,324.4751878791121
12,4,2,12931,13059.440015762992,128.4400157629916
12,4,3,12733,13403.74660041944,670.7466004194393
12,4,4,12635,13530.784405815828,895.784405815828
12,4,5,12750,13449.224190365909,699.2241903659087
12,4,6,13367,13481.272598846692,114.27259884669184
12,4,7,14660,13811.820848436095,848.1791515639052
12,4,8,15900,15235.59519898638,664.4048010136194
12,4,9,16648,15560.1489177871,1087.8510822128992
12,4,10,17018,16108.381600622288,909.6183993777122
12,4,13,17427,16514.479537390518,912.5204626094819
12,4,14,17310,16933.99448820089,376.00551179911054
12,4,15,17460,17115.18568776929,344.8143122307083
12,4,16,17432,17307.568755464217,124.43124453578275
12,4,17,17899,17638.023421565355,260.9765784346455
12,4,18,18549,16524.948083206742,2024.051916793258
12,4,19,18098,16456.056805836233,1641.9431941637667
12,4,20,17607,16597.38644310586,1009.613556894139
12,4,21,17201,16585.587799652116,615.4122003478842
12,5,3,12642,12787.81383659893,145.81383659893072
12,5,4,12516,13092.823640307315,576.8236403073151
12,5,5,12545,13180.742489537939,635.742489537939
12,5,6,12761,13306.707945452355,545.7079454523555
12,5,7,13476,13488.612427758777,12.612427758776903
12,5,8,14331,14005.043480809782,325.9565191902184
12,5,9,15144,14219.46490582158,924.53509417842
12,5,10,15805,14571.415218554263,1233.5847814457375
12,5,11,16121,14593.773267303603,1527.2267326963974
12,5,12,16198,14574.6815415767,1623.3184584233004
12,5,13,16193,14629.399144922772,1563.6008550772276
12,5,14,16127,14699.456145208298,1427.543854791702
12,5,15,16020,14925.138746996015,1094.8612530039845
12,5,16,16250,15172.253387501503,1077.7466124984967
12,5,17,16983,16087.317928967992,895.682071032008
12,5,18,18135,15911.137382942941,2223.8626170570587
12,5,19,17842,16352.404116429647,1489.5958835703532
12,5,20,17263,15686.901384535435,1576.0986154645652
12,5,21,16748,16042.999947585879,705.0000524141215
12,5,22,16134,16220.687691523868,86.68769152386812
12,5,23,15396,16269.538680073158,873.5386800731576
12,6,0,14520,12707.804313340963,1812.1956866590372
12,6,1,14011,12869.594907002285,1141.4050929977147
12,6,2,13360,12842.942238864352,517.0577611356475
12,6,3,13053,13019.51632981383,33.48367018616955
12,6,4,12928,12972.338935500047,44.33893550004723
12,6,5,12917,13106.580278276697,189.58027827669684
12,6,6,13092,13376.037972473438,284.03797247343755
12,6,7,13600,13768.798174591579,168.79817459157857
12,6,8,14402,13762.518220151414,639.4817798485856
12,6,9,14962,13836.946078803903,1125.0539211960968
12,6,10,15207,14006.975374346299,1200.0246256537012
12,6,11,15342,14313.787117368685,1028.2128826313146
12,6,12,15469,14593.304027398812,875.6959726011883
12,6,13,15481,14675.779943732394,805.2200562676062
12,6,14,15394,14813.518225887834,580.481774112166
12,6,15,15597,14878.338634249829,718.6613657501712
12,6,16,16256,15061.889125695809,1194.1108743041914
12,6,17,17367,15529.459087767285,1837.5409122327146
12,6,18,18583,16639.64314409022,1943.3568559097803
12,6,19,18118,15819.241106965188,2298.758893034812
12,6,20,17451,15912.865295952355,1538.1347040476448
12,6,21,17167,15941.215371069442,1225.784628930558
12,6,22,16499,16018.940437377778,480.0595626222221
12,6,23,15542,16109.849762219,567.8497622190007
12,7,0,14566,13243.70572390303,1322.2942760969709
12,7,1,13925,13358.677583693376,566.3224163066243
12,7,2,13607,13464.09537748954,142.90462251045938
12,7,3,13475,13093.950752601577,381.0492473984232
12,7,4,13444,13609.035567723162,165.03556772316188
12,7,5,13644,13531.295737226432,112.70426277356819
12,7,6,14470,14424.370631171854,45.62936882814574
12,7,7,15779,14455.68658353768,1323.3134164623207
12,7,8,17100,15832.331665514306,1267.6683344856938
12,7,9,17438,16291.128096212786,1146.8719037872143
12,7,10,17224,16630.428000067142,593.5719999328576
12,7,11,16803,16677.649235405384,125.35076459461561
12,7,12,16574,16376.922511728628,197.0774882713722
12,7,13,16441,16339.626473845961,101.3735261540387
12,7,14,16321,16232.765808403976,88.23419159602417
12,7,15,16574,16307.370978188983,266.6290218110171
12,7,16,17318,16472.91654156496,845.0834584350414
12,7,17,18424,16693.84898362743,1730.1510163725688
12,7,18,19389,16219.818335857857,3169.181664142143
12,7,19,18929,16377.741334804672,2551.258665195328
12,7,20,18652,16417.071795824348,2234.9282041756524
12,7,21,18221,16513.339578845014,1707.6604211549857
12,7,22,17415,16848.246200839687,566.7537991603131
12,7,23,16438,16829.37948040007,391.37948040007177
12,8,0,15338,13377.848644208618,1960.1513557913822
12,8,1,14560,13512.540259993426,1047.459740006574
12,8,2,14163,13607.79906335672,555.2009366432794
12,8,3,13993,13853.09607352574,139.90392647426052
12,8,4,14004,13763.315101750073,240.68489824992685
12,8,5,14160,13720.658462957148,439.341537042852
12,8,6,14731,14030.357638043219,700.6423619567813
12,8,7,15972,14715.435546787607,1256.5644532123933
12,8,8,17290,16127.158281668097,1162.8417183319034
12,8,9,17558,16361.594244194013,1196.4057558059867
12,8,10,17313,16506.98817326348,806.0118267365215
12,8,11,16986,16660.06120833463,325.9387916653686
12,8,12,16798,16706.003730074484,91.99626992551566
12,8,13,16847,16668.774748717686,178.22525128231428
12,8,14,16755,17065.146999762474,310.14699976247357
12,8,15,16845,16959.45274123739,114.45274123739
12,8,16,17208,17124.496997571696,83.50300242830417
12,8,17,18338,17503.274691098395,834.7253089016049
12,8,18,19204,16501.736404540796,2702.263595459204
12,8,19,18685,16279.019133993792,2405.980866006208
12,8,20,18301,16415.573548138713,1885.4264518612872
12,8,21,17749,16636.83225831521,1112.1677416847888
12,8,22,16841,16544.673666101524,296.32633389847615
12,8,23,15680,16476.34110697134,796.3411069713402
12,9,0,14573,13097.704325626557,1475.295674373443
12,9,1,13713,13349.574980984564,363.4250190154362
12,9,2,13451,13192.6631636879,258.3368363121008
12,9,3,13384,13455.444669168983,71.44466916898273
12,9,4,13500,14042.468434136079,542.4684341360789
12,9,9,17031,15655.588304412093,1375.4116955879072
12,9,10,17333,15880.08708198865,1452.9129180113505
12,9,11,17572,16297.084173074307,1274.9158269256932
12,9,12,17634,16674.19820741805,959.8017925819513
12,9,13,17735,16698.901572217957,1036.0984277820426
12,9,14,17584,16869.554206113946,714.4457938860542
12,9,15,17488,16929.925149508523,558.0748504914773
12,9,16,17570,16819.087069326797,750.9129306732029
12,9,17,18297,17102.37829912291,1194.621700877091
12,9,18,18987,16502.06339958086,2484.9366004191397
12,9,19,18487,16542.177339162612,1944.822660837388
12,9,20,18214,16777.522203297856,1436.4777967021437
12,9,21,17717,16693.73921406253,1023.2607859374693
12,9,22,16968,16759.20463910902,208.7953608909811
12,9,23,15820,16829.742225812293,1009.7422258122933
12,10,0,14718,13346.543463827482,1371.456536172518
12,10,3,13258,13855.095891574681,597.0958915746814
12,10,4,13247,13852.216646194309,605.2166461943089
12,10,9,17064,15992.804459908308,1071.1955400916922
12,10,10,16912,17174.39388069167,262.39388069167035
12,10,11,16857,16626.334421826206,230.66557817379362
12,10,12,16797,16493.764484506202,303.2355154937977
12,10,13,16697,16692.79467787111,4.2053221288915665
12,10,14,16689,16459.931780059775,229.0682199402254
12,10,15,16692,16660.611711602076,31.388288397924043
12,10,16,16971,16871.111726178835,99.88827382116506
12,10,17,17897,17133.76191045473,763.2380895452698
12,10,18,18794,16799.161584365043,1994.8384156349566
12,10,19,18251,16595.406006675606,1655.5939933243935
12,10,20,17945,16796.430682802857,1148.5693171971434
12,10,21,17343,16862.410259439133,480.58974056086663
12,11,11,16334,16772.154092058645,438.1540920586449
12,11,12,15917,16698.474817434682,781.4748174346823
12,11,13,15920,17027.74521205043,1107.7452120504313
12,11,14,16127,17199.174537552062,1072.1745375520622
12,11,15,16282,17258.435958355913,976.4359583559126
12,11,16,16633,17159.64404589723,526.6440458972284
12,11,17,17385,17507.95372087346,122.95372087345822
12,11,18,18262,16308.244821748433,1953.7551782515675
12,11,19,17778,16010.982780469594,1767.0172195304058
12,11,20,17300,16267.82101296765,1032.17898703235
12,11,21,17065,16264.91277641439,800.0872235856095
12,11,22,16322,16475.355582878306,153.35558287830645
12,11,23,15393,16807.319729968258,1414.319729968258
12,12,0,14395,12983.67812107296,1411.3218789270395
12,12,1,13544,12952.824563291913,591.1754367080866
12,12,2,12933,12643.642545638308,289.35745436169236
12,12,3,12634,12987.521579663695,353.52157966369487
12,12,4,12434,13225.352832670855,791.3528326708547
12,12,5,12479,13446.835147450402,967.8351474504016
12,12,6,12662,13788.899375942328,1126.8993759423283
12,12,7,13257,13791.879450764694,534.8794507646944
12,12,8,14154,14001.139885098304,152.86011490169585
12,12,9,14963,14661.847264417549,301.152735582451
12,12,10,15528,14753.440407460379,774.559592539621
12,12,11,16303,15215.28686914257,1087.7131308574299
12,12,12,16646,15610.736319256208,1035.263680743792
12,12,13,16760,15390.107497575334,1369.8925024246655
12,12,14,16733,15095.557681290418,1637.4423187095817
12,12,15,16587,15281.536483877013,1305.4635161229871
12,12,16,16801,15548.431340231538,1252.5686597684617
12,12,17,17303,15910.195007229859,1392.8049927701413
12,12,18,17748,16343.843860133675,1404.1561398663252
12,12,19,17111,16394.283929004436,716.7160709955642
12,12,20,16526,16175.604352828683,350.39564717131725
12,12,21,15935,16249.256394678418,314.25639467841756
12,12,22,15351,16290.414058186621,939.4140581866213
12,12,23,14584,16790.91680268284,2206.916802682841
12,13,0,13671,13387.487872751784,283.5121272482156
12,13,1,13081,13595.545496132909,514.5454961329087
12,13,2,12663,13587.956406524905,924.9564065249051
12,13,3,12532,13485.50925838367,953.5092583836704
12,13,4,12389,13179.236472351826,790.2364723518258
12,13,5,12435,13109.371044340769,674.371044340769
12,13,6,12565,13031.80245112296,466.8024511229596
12,13,7,13086,13193.680895171168,107.68089517116823
12,13,8,13880,13971.426051357112,91.42605135711165
12,13,9,14656,14246.286249545568,409.71375045443165
12,13,10,15441,14611.264970196462,829.735029803538
12,13,11,16066,14957.328021321602,1108.6719786783979
12,13,12,16417,15218.851183257371,1198.1488167426287
12,13,13,16655,15429.05444743887,1225.9455525611302
12,13,14,16659,15460.37835575715,1198.6216442428504
12,13,15,16552,15521.113285207499,1030.8867147925012
12,13,16,16735,15693.394744701336,1041.605255298664
12,13,17,17758,15853.839944777588,1904.1600552224118
12,13,18,18663,16049.602100458227,2613.397899541773
12,13,19,18150,16267.157411690354,1882.842588309646
12,13,20,17689,16234.247433821341,1454.7525661786585
12,13,21,17318,16175.708035822505,1142.2919641774952
12,13,22,16548,16312.618281999994,235.381718000006
12,13,23,15718,16493.704705937536,775.7047059375363
12,14,0,14739,14040.097291812584,698.9027081874156
12,14,1,13944,14161.94329927806,217.9432992780603
12,14,2,13537,13884.554290866185,347.5542908661846
12,14,3,13380,14317.232253555627,937.2322535556268
12,14,4,13274,14166.143363864312,892.143363864312
12,14,5,13297,14365.78050935035,1068.7805093503503
12,14,6,13745,14869.714134844142,1124.7141348441419
12,14,7,15065,15011.624483357291,53.375516642709044
12,14,8,16315,16048.560111742152,266.439888257848
12,14,9,16917,16340.495641056863,576.504358943137
12,14,10,17260,16555.728656585663,704.271343414337
12,14,11,17354,16969.78745628501,384.2125437149916
12,14,12,17500,17283.418047800413,216.58195219958725
12,14,13,17556,16978.76400826503,577.2359917349713
12,14,14,17443,16989.34924990716,453.6507500928383
12,14,15,17210,17021.93685518745,188.06314481254958
12,14,16,17281,17288.811347332652,7.811347332652076
12,14,17,18055,17486.44356208909,568.5564379109092
12,14,18,19223,16478.74732473327,2744.252675266729
12,14,19,19041,16916.548648546846,2124.4513514531536
12,14,20,18610,16848.802227560027,1761.197772439973
12,14,21,18060,16845.980908779053,1214.0190912209473
12,14,22,17664,16890.232861206438,773.7671387935625
12,14,23,16672,17306.78341979991,634.7834197999109
12,15,0,15599,13930.32140182337,1668.6785981766297
12,15,1,14752,14066.730780824426,685.2692191755741
12,15,2,14192,13956.3875274991,235.61247250089946
12,15,3,13997,13958.717809793492,38.28219020650795
12,15,4,13994,14179.897632167069,185.89763216706888
12,15,5,14293,14105.340401664243,187.65959833575653
12,15,6,14903,14393.33546943945,509.6645305605507
12,15,7,16286,15318.976695688041,967.0233043119588
12,15,8,17480,16703.111211335956,776.8887886640441
12,15,9,18098,17233.966806492048,864.0331935079521
12,15,10,17984,17364.55983300387,619.4401669961298
12,15,11,17764,17305.652485314306,458.3475146856945
12,15,12,17392,17184.973794006044,207.02620599395595
12,15,13,17076,17337.07728848609,261.07728848608895
12,15,14,17293,17340.809050158296,47.80905015829558
12,15,15,17567,17260.46108005516,306.53891994484
12,15,16,18222,17348.241058406136,873.7589415938637
12,15,17,19303,17622.26339954308,1680.7366004569194
12,15,18,20319,16982.712319497143,3336.2876805028573
12,15,19,19908,16860.71829788958,3047.28170211042
12,15,20,19489,17095.519079790327,2393.480920209673
12,15,21,19010,17297.71246969864,1712.2875303013607
12,15,22,18213,17170.27575693991,1042.724243060089
12,15,23,16887,17364.57323645347,477.5732364534706
12,16,0,16006,13857.152453585291,2148.8475464147086
12,16,1,15229,14198.432673166393,1030.5673268336068
12,16,2,14764,14005.619712588612,758.380287411388
12,16,3,14558,14503.886127526283,54.11387247371749
12,16,4,14500,14557.565201822417,57.56520182241729
12,16,5,14665,15026.67152194563,361.67152194562914
12,16,6,15260,15512.900465105404,252.90046510540378
12,16,7,16387,15913.417696928924,473.58230307107624
12,16,8,17917,17105.94874665801,811.0512533419896
12,16,9,18590,17413.5599699031,1176.4400300968991
12,16,10,18652,17633.540398379577,1018.4596016204232
12,16,11,18876,17560.855676039184,1315.144323960816
12,16,12,18922,17821.657897873367,1100.342102126633
12,16,13,19001,17933.372489396555,1067.6275106034445
12,16,14,18953,18022.216995301438,930.7830046985619
12,16,15,18971,18568.972035553263,402.0279644467373
12,16,16,19208,18595.57638735712,612.4236126428805
12,16,17,19906,19053.665461764547,852.3345382354528
12,16,18,20738,18345.334099680596,2392.6659003194036
12,16,19,20218,17617.84870954192,2600.1512904580813
12,16,20,19843,17775.738228199887,2067.261771800113
12,16,21,19310,17667.59870622397,1642.4012937760308
12,16,22,18458,17713.596402113988,744.403597886012
12,16,23,17185,17746.42175224558,561.4217522455801
12,17,0,15889,14261.415223386417,1627.584776613583
12,17,1,15290,14354.34693076177,935.6530692382294
12,17,2,15012,14415.860516725665,596.1394832743354
12,17,3,14801,14795.27017751758,5.729822482420786
12,17,4,14716,14764.965073528068,48.96507352806839
12,17,5,14815,14899.828528259,84.82852825900045
12,17,6,15350,15065.587448453643,284.41255154635655
12,17,7,16584,15305.591445019554,1278.4085549804458
12,17,8,18158,17647.3117862037,510.68821379630026
12,17,9,18578,16627.851963044996,1950.1480369550045
12,17,10,18559,16611.73572087582,1947.2642791241815
12,17,11,18397,16833.12877266502,1563.871227334981
12,17,12,18215,17061.500476923346,1153.4995230766544
12,17,13,18004,17927.936965404722,76.06303459527771
12,17,14,17740,17263.475450731778,476.5245492682225
12,17,15,17672,17181.986557475335,490.01344252466515
12,17,16,18103,17261.427632108673,841.5723678913273
12,17,17,19116,17759.585419261188,1356.4145807388122
12,17,18,20168,18063.530157950732,2104.4698420492678
12,17,19,19787,17627.346215881807,2159.6537841181926
12,17,20,19355,16761.44959624808,2593.5504037519204
12,17,21,19087,18201.086722217926,885.9132777820741
12,17,22,18328,17780.458433278603,547.5415667213965
12,17,23,17292,17239.85160053421,52.148399465790135
12,18,0,16255,13916.540877640868,2338.4591223591324
12,18,1,15410,14180.04612086955,1229.9538791304494
12,18,2,15006,14604.423099383002,401.5769006169976
12,18,3,14797,14508.516662914471,288.48333708552855
12,18,4,14808,14337.612107041426,470.3878929585735
12,18,5,14944,14819.548807702458,124.45119229754164
12,18,6,15355,14531.916166809118,823.0838331908817
12,18,7,16645,14659.577860003097,1985.4221399969028
12,18,8,18050,17366.803078191504,683.196921808496
12,18,9,18246,16906.037180834704,1339.9628191652955
12,18,10,17799,16462.85306771904,1336.1469322809608
12,18,11,17403,16235.125749875642,1167.8742501243578
12,18,12,17111,16743.543659895873,367.45634010412687
12,18,13,16836,16706.82812269672,129.17187730328078
12,18,14,16743,16663.95687286519,79.04312713480977
12,18,15,16864,16780.106609408318,83.89339059168196
12,18,16,17459,17139.040581716592,319.959418283408
12,18,17,18461,17059.811703022697,1401.1882969773033
12,18,18,19485,16012.481052751957,3472.5189472480433
12,18,19,19098,15998.980519833787,3099.019480166213
12,18,20,18811,15956.861924397843,2854.138075602157
12,18,21,18388,16227.16386838883,2160.8361316111695
12,18,22,17672,16315.342102157801,1356.6578978421985
12,18,23,16559,16673.412796615114,114.41279661511362
12,19,0,15593,13002.18721925357,2590.81278074643
12,19,1,14800,13225.754726962998,1574.2452730370023
12,19,2,14174,13208.42849104982,965.5715089501791
12,19,3,13767,13474.521142188476,292.478857811524
12,19,4,13578,13421.807856228483,156.1921437715173
12,19,5,13667,13501.182480606332,165.81751939366768
12,19,6,13945,13812.881714460511,132.11828553948908
12,19,7,14504,13621.677730863308,882.3222691366918
12,19,8,15207,14366.468405045223,840.5315949547767
12,19,9,15859,14568.07474257516,1290.9252574248403
12,19,10,16273,14858.028596092881,1414.9714039071187
12,19,11,16914,15419.212852898656,1494.787147101344
12,19,12,17257,15906.953514202993,1350.0464857970073
12,19,13,17467,16065.754076297562,1401.2459237024377
12,19,14,17219,15922.178940879663,1296.821059120337
12,19,15,17263,16114.849502911977,1148.1504970880233
12,19,16,17424,16219.952746968765,1204.0472530312345
12,19,17,18032,16259.991399460168,1772.0086005398316
12,19,18,18657,16286.574014367183,2370.425985632817
12,19,19,18171,16439.17201700753,1731.8279829924686
12,19,20,17529,16534.103532993617,994.8964670063833
12,19,21,17204,16845.563281308987,358.4367186910131
12,19,22,16823,16904.864732880156,81.86473288015623
12,19,23,15979,16607.581780001547,628.5817800015466
12,20,0,14766,13152.013437983755,1613.9865620162454
12,20,1,14227,13089.991015232172,1137.0089847678282
12,20,2,13678,12946.198433752876,731.8015662471244
12,20,3,13444,13404.659386213549,39.340613786451286
12,20,4,13286,13606.738599271632,320.73859927163176
12,20,5,13224,13722.080985766972,498.08098576697193
12,20,6,13293,13787.65075297193,494.65075297192925
12,20,7,13557,13978.002349135537,421.00234913553686
12,20,8,14264,14107.704230929683,156.29576907031696
12,20,9,14995,14675.99773264785,319.00226735215074
12,20,10,15652,15262.50805056902,389.49194943097973
12,20,11,16382,15767.723605304245,614.2763946957548
12,20,12,16687,15283.912198454827,1403.0878015451726
12,20,13,16709,15031.635674946743,1677.3643250532568
12,20,14,16344,14959.409333275627,1384.5906667243726
12,20,15,16342,15058.601720641824,1283.3982793581763
12,20,16,16630,15357.657123118604,1272.3428768813956
12,20,17,17235,15929.247726321255,1305.752273678745
12,20,18,17991,16258.549234593158,1732.450765406842
12,20,19,17500,16282.487222762775,1217.5127772372252
12,20,20,17003,15956.482031617705,1046.5179683822953
12,20,21,16555,16314.867052238236,240.13294776176372
12,20,22,16084,16167.789120943342,83.78912094334191
12,20,23,15294,16205.068736842046,911.0687368420458
12,21,0,14445,13064.19358505573,1380.8064149442707
12,21,1,13766,13315.525150359967,450.4748496400334
12,21,2,13494,13617.456020059462,123.45602005946239
12,21,3,13117,13552.834313760512,435.8343137605116
12,21,4,13144,13294.180140480341,150.18014048034092
12,21,5,13229,13541.452768250076,312.4527682500757
12,21,6,13694,13707.913529434849,13.913529434848897
12,21,7,14700,14493.333680679769,206.6663193202312
12,21,8,16082,16103.398833231236,21.398833231236495
12,21,9,16883,16359.749491189557,523.2505088104426
12,21,10,17255,16569.09345143765,685.9065485623505
12,21,11,17187,16762.447839702545,424.552160297455
12,21,12,17065,16931.756589572266,133.2434104277345
12,21,13,17264,17054.32744326355,209.6725567364483
12,21,14,17489,17266.101604806438,222.89839519356246
12,21,15,17317,17456.601063843464,139.60106384346363
12,21,16,17586,17664.68991168841,78.68991168840876
12,21,17,18109,17818.856596005666,290.1434039943342
12,21,18,18896,16995.551593919627,1900.4484060803734
12,21,19,18427,17294.940418890736,1132.0595811092644
12,21,20,18151,17241.51899420855,909.481005791451
12,21,21,17676,17471.20386357569,204.79613642430922
12,21,22,17055,17450.286214401633,395.2862144016326
12,21,23,16094,17521.83626611462,1427.8362661146202
12,22,0,15035,13878.796343241618,1156.2036567583818
12,22,1,14166,13618.484371113238,547.515628886762
12,22,2,13743,13971.311238207307,228.31123820730681
12,22,3,13490,14065.05779535482,575.05779535482
12,22,4,13329,13833.209804256112,504.20980425611197
12,22,5,13405,14070.373669813724,665.3736698137236
12,22,6,13977,14188.072619083783,211.07261908378314
12,22,7,14996,14615.330233313809,380.669766686191
12,22,8,16064,15252.655767532646,811.3442324673542
12,22,9,16726,15212.064048331285,1513.9359516687146
12,22,10,16581,15278.665380819533,1302.3346191804667
12,22,11,16681,16064.550729117374,616.4492708826256
12,22,12,16908,16047.34749590793,860.6525040920696
12,22,13,17010,16274.227851372087,735.7721486279133
12,22,14,16795,16303.590560694358,491.4094393056421
12,22,15,16869,16208.82862374739,660.1713762526106
12,22,16,17216,16759.613818757996,456.38618124200366
12,22,17,18100,16994.126855812814,1105.873144187186
12,22,18,19013,16802.523124070525,2210.4768759294748
12,22,19,18674,16614.927510417077,2059.0724895829226
12,22,20,18435,16793.27883755929,1641.72116244071
12,22,21,18258,17074.379259497186,1183.6207405028144
12,22,22,17622,17589.892668921617,32.10733107838314
12,22,23,16565,16727.04651373332,162.04651373331944
12,23,0,15520,13351.249856050179,2168.750143949821
12,23,1,14416,13707.871162184723,708.1288378152767
12,23,2,13764,13572.304066587294,191.69593341270593
12,23,3,13613,13788.01996220466,175.01996220466026
12,23,4,13557,13530.443659406395,26.556340593604546
12,23,5,13693,13620.774539153676,72.2254608463245
12,23,6,14059,13862.335856393674,196.66414360632552
12,23,7,14973,14034.17381124761,938.8261887523895
12,23,8,16039,15424.900033904798,614.099966095202
12,23,9,16518,15885.001713197822,632.998286802178
12,23,10,16785,16035.293589187504,749.706410812496
12,23,11,17014,16153.003427647944,860.9965723520563
12,23,12,16903,16562.771343065575,340.2286569344251
12,23,13,16765,16471.754213384822,293.2457866151781
12,23,14,16595,16544.973051510107,50.026948489892675
12,23,15,16645,17195.597181262212,550.597181262212
12,23,16,16772,17391.914561212317,619.9145612123175
12,23,17,17620,17624.392882915417,4.392882915417431
12,23,18,18296,16984.550504073548,1311.449495926452
12,23,19,17777,17123.125226731463,653.874773268537
12,23,20,17409,17445.711037931156,36.71103793115617
12,23,21,16926,17804.353671020937,878.3536710209373
12,23,22,16250,17137.663042206736,887.6630422067356
12,23,23,15299,17403.568071802536,2104.568071802536
12,24,0,14160,13661.943722202912,498.0562777970881
12,24,1,13207,13975.613148152705,768.6131481527045
12,24,2,12715,14164.26246302103,1449.2624630210303
12,24,3,12674,14564.562607127968,1890.5626071279676
12,24,4,12496,14658.187697541898,2162.187697541898
12,24,5,12407,14554.262060905687,2147.2620609056867
12,24,6,12701,14638.985592959594,1937.9855929595942
12,24,7,13359,14744.905425568872,1385.9054255688716
12,24,8,14206,15809.357034312354,1603.3570343123538
12,24,9,14878,16029.046752470644,1151.0467524706437
12,24,10,15464,16533.639250768425,1069.639250768425
12,24,11,15821,16447.717577257863,626.717577257863
12,24,12,16307,16866.75441284507,559.7544128450718
12,24,13,16319,16320.316657566076,1.3166575660761737
12,24,14,16265,16590.781995283116,325.781995283116
12,24,15,16353,16934.305710530272,581.3057105302723
12,24,16,16436,16975.894413968686,539.8944139686864
12,24,17,17044,17549.647312856894,505.64731285689413
12,24,18,17701,16328.768734427162,1372.2312655728383
12,24,19,17013,15849.339270136421,1163.660729863579
12,24,20,16414,15906.245403073073,507.75459692692675
12,24,21,16005,15880.923279093397,124.07672090660344
12,24,22,15550,16319.309955007508,769.3099550075076
12,24,23,14969,16650.83599481696,1681.83599481696
12,25,0,14152,12067.989414393793,2084.0105856062073
12,25,1,13560,12217.352017271533,1342.6479827284675
12,25,2,12960,12138.1910806388,821.8089193611995
12,25,3,12635,12111.849684754588,523.1503152454115
12,25,4,12452,12260.829677918926,191.17032208107412
12,25,5,12483,12489.459397931998,6.459397931997955
12,25,6,12614,12692.137715254968,78.1377152549685
12,25,7,13124,13026.02648726257,97.9735127374297
12,25,8,13863,13205.329302620179,657.6706973798209
12,25,9,14552,13398.579009324563,1153.4209906754368
12,25,10,15088,13923.99962880818,1164.0003711918198
12,25,11,15345,14052.672127535114,1292.3278724648862
12,25,12,15615,13862.775102934706,1752.2248970652945
12,25,13,15773,14006.720799104995,1766.2792008950055
12,25,14,15799,14361.402532854172,1437.597467145828
12,25,15,15829,14355.879581455745,1473.1204185442548
12,25,16,15975,14475.20070945198,1499.7992905480205
12,25,17,16644,14768.613415420017,1875.3865845799828
12,25,18,17223,14782.870379232323,2440.129620767677
12,25,19,16634,14660.51844164039,1973.48155835961
12,25,20,16124,14823.66930273611,1300.3306972638893
12,25,21,15718,15111.60287599576,606.3971240042392
12,25,22,15428,15491.315885552667,63.31588555266717
12,25,23,14914,15420.876988165817,506.87698816581724
12,26,0,14145,11434.5163948929,2710.4836051070997
12,26,1,13427,11534.288640097118,1892.7113599028817
12,26,2,13050,11687.93505932134,1362.0649406786597
12,26,3,12784,11612.076135434723,1171.9238645652767
12,26,4,12632,11747.083935365852,884.9160646341479
12,26,5,12680,12025.217495085579,654.7825049144212
12,26,6,12894,12103.658510497866,790.3414895021342
12,26,7,13337,12313.728317912075,1023.271682087925
12,26,8,13822,12266.968039817288,1555.0319601827123
12,26,9,14331,12781.294127651874,1549.705872348126
12,26,10,14791,13132.105674425467,1658.8943255745326
12,26,11,15287,13442.222811997424,1844.7771880025757
12,26,12,15647,13850.004874049135,1796.9951259508653
12,26,13,16030,13980.225426341427,2049.774573658573
12,26,14,16101,14167.467702710366,1933.5322972896338
12,26,15,16095,14330.52833633536,1764.4716636646408
12,26,16,16234,14183.507357432845,2050.4926425671547
12,26,17,16823,14408.147280092277,2414.8527199077234
12,26,18,17803,14676.011531822234,3126.9884681777658
12,26,19,17615,14899.337148946961,2715.662851053039
12,26,20,17040,14843.692463463909,2196.307536536091
12,26,21,16542,15271.333411617945,1270.6665883820551
12,26,22,16107,16010.316114603454,96.68388539654552
12,26,23,15362,16427.283127678267,1065.2831276782672
12,27,0,14571,13273.727970718883,1297.2720292811173
12,27,1,13888,13420.036111834286,467.9638881657138
12,27,2,13455,13561.613835882226,106.61383588222634
12,27,3,13190,13827.831722680901,637.8317226809013
12,27,4,13036,13958.823057114985,922.8230571149852
12,27,5,13034,14019.22147966938,985.2214796693806
12,27,6,13149,13712.559526237079,563.5595262370789
12,27,7,13608,13941.834177269811,333.83417726981133
12,27,8,14316,13938.73630492868,377.2636950713204
12,27,9,14535,14029.048149622391,505.95185037760893
12,27,10,14928,13873.58870420725,1054.41129579275
12,27,11,15173,14249.866425708933,923.1335742910669
12,27,12,15674,15136.636668496472,537.3633315035277
12,27,13,15982,15066.138870070512,915.861129929488
12,27,14,15759,15012.09515697439,746.9048430256098
12,27,15,15752,14842.296255333977,909.7037446660233
12,27,16,16053,15164.81862805046,888.1813719495403
12,27,17,16727,14980.69925492083,1746.3007450791702
12,27,18,17700,15357.839050538236,2342.160949461764
12,27,19,17354,15317.157403430567,2036.8425965694332
12,27,20,16655,15563.40993336421,1091.5900666357902
12,27,21,16186,16245.798777342558,59.798777342557514
12,27,22,15596,16432.169364137215,836.1693641372149
12,27,23,14798,16532.632121463717,1734.6321214637173
12,28,0,14094,13829.714410666034,264.2855893339656
12,28,1,13484,13813.346863925424,329.34686392542426
12,28,2,12976,14111.311032569562,1135.3110325695616
12,28,3,12768,13931.15933870012,1163.1593387001194
12,28,4,12661,14014.01227962428,1353.0122796242795
12,28,5,12795,14166.56614825624,1371.566148256239
12,28,6,13094,14133.996736032752,1039.9967360327519
12,28,7,13642,14708.670899060104,1066.6708990601037
12,28,8,14165,15844.418037215688,1679.418037215688
12,28,9,14812,15693.602023857007,881.6020238570072
12,28,10,15384,16071.554867924126,687.5548679241256
12,28,11,15738,16358.775774161038,620.7757741610385
12,28,12,16123,16115.170517417293,7.829482582706987
12,28,13,16405,16328.379897227283,76.62010277271656
12,28,14,16317,16357.48905800756,40.48905800756074
12,28,15,16281,16611.567904475774,330.5679044757744
12,28,16,16390,16206.62799755335,183.37200244664928
12,28,17,17095,16404.41504433798,690.5849556620196
12,28,18,18154,16168.96020707343,1985.0397929265691
12,28,19,17730,16274.37260494958,1455.62739505042
12,28,20,17221,16291.072268163694,929.9277318363056
12,28,21,16965,16297.225924957436,667.7740750425637
12,28,22,16248,16145.682248699592,102.31775130040842
12,28,23,15373,16707.19516379287,1334.1951637928687
12,29,0,14588,13377.745621689839,1210.254378310161
12,29,1,13917,13457.673057699638,459.32694230036213
12,29,2,13643,13997.76672045509,354.76672045509076
12,29,3,13511,14268.844558907742,757.8445589077419
12,29,4,13472,14296.62940975812,824.6294097581194
12,29,5,13626,14518.843259436375,892.8432594363749
12,29,6,13863,14733.460004400622,870.460004400622
12,29,7,14695,14948.051572757602,253.05157275760212
12,29,8,15666,16287.915781455264,621.9157814552636
12,29,9,16057,16489.008874015064,432.00887401506407
12,29,10,16432,16914.595550844337,482.5955508443367
12,29,11,16152,16620.928915151762,468.92891515176234
12,29,12,16045,16313.39352616381,268.39352616381075
12,29,13,15950,16480.333628062494,530.3336280624935
12,29,14,15910,16751.531345062383,841.5313450623835
12,29,15,16031,16823.005393097323,792.0053930973227
12,29,16,16681,17068.110104577157,387.1101045771575
12,29,17,17673,17165.122246659306,507.87775334069374
12,29,18,19086,16532.91093365981,2553.0890663401915
12,29,19,18676,16446.67417959264,2229.325820407361
12,29,20,18007,16283.062274663163,1723.9377253368366
12,29,21,17427,16432.244538664276,994.7554613357242
12,29,22,16610,16368.259502142619,241.74049785738134
12,29,23,15676,16941.219787365215,1265.2197873652149
12,30,0,14722,13374.934869416596,1347.0651305834035
12,30,1,14026,13461.446314529616,564.5536854703842
12,30,2,13681,13401.982045803537,279.0179541964626
12,30,3,13454,13436.59504703189,17.404952968110592
12,30,4,13263,13554.665371916299,291.6653719162987
12,30,5,13475,13842.334410769809,367.3344107698085
12,30,6,13852,14321.160691004241,469.160691004241
12,30,7,14672,13932.472582425766,739.5274175742343
12,30,8,15381,14703.38415399706,677.6158460029401
12,30,9,15723,15272.867905867703,450.1320941322974
12,30,10,16236,15939.391378990756,296.6086210092435
12,30,11,16500,16456.022413909108,43.977586090892146
12,30,12,16892,16857.72146712955,34.278532870448544
12,30,13,17070,17107.131197039438,37.13119703943812
12,30,14,17080,16919.28597807454,160.71402192546157
12,30,15,17221,17129.564469816156,91.4355301838441
12,30,16,17179,17294.915863090184,115.91586309018385
12,30,17,17635,17247.38712002152,387.6128799784783
12,30,18,18224,16595.214872206725,1628.785127793275
12,30,19,17465,16459.635564647757,1005.3644353522432
12,30,20,17015,16434.733524167736,580.2664758322644
12,30,21,16506,16663.32660196347,157.32660196346842
12,30,22,15808,16386.57473897339,578.5747389733915
12,30,23,15132,16643.132057129416,1511.1320571294164
12,31,0,14295,13397.836150551586,897.1638494484141
12,31,1,13689,12937.667492844337,751.3325071556628
12,31,2,13286,13187.991036556186,98.00896344381363
12,31,3,13108,13293.459872604773,185.4598726047734
12,31,4,12935,13418.96295556081,483.96295556080986
12,31,5,12901,13498.091661497752,597.0916614977523
12,31,6,13233,13607.902335268253,374.9023352682525
12,31,7,14005,13846.079072047018,158.9209279529823
12,31,8,14856,15480.788930532332,624.7889305323315
12,31,9,15300,15744.053424253043,444.053424253043
12,31,10,15740,16144.53624586692,404.5362458669206
12,31,11,16183,16235.41301030523,52.41301030523027
12,31,12,16281,16409.029449257905,128.02944925790507
12,31,13,16159,16621.40135053776,462.40135053775884
12,31,14,15847,16772.828290803758,925.8282908037581
12,31,15,15960,16950.43730115578,990.43730115578
12,31,16,16116,16849.67130650378,733.6713065037802
12,31,17,16764,17143.85531421332,379.8553142133205
12,31,18,17818,18376.46458551062,558.464585510621
12,31,19,17384,16953.706708394682,430.2932916053178
12,31,20,16783,16071.818041810368,711.1819581896325
12,31,21,16154,16387.86019522637,233.8601952263707
12,31,22,15744,17251.220920591655,1507.2209205916552
12,31,23,15092,17193.382443456077,2101.3824434560775
11,1,0,11889,12844.487006464688,955.4870064646875
11,1,1,11808,12854.703742694355,1046.7037426943552
11,1,2,11638,12902.74563907575,1264.7456390757507
11,1,3,11605,12968.122375051651,1363.122375051651
11,1,4,11751,12732.822167388784,981.8221673887838
11,1,5,12418,12953.95337365818,535.9533736581798
11,1,6,13654,13180.856787061732,473.14321293826833
11,1,7,15202,14649.906378466538,552.0936215334623
11,1,8,15590,15404.663180082502,185.33681991749836
11,1,9,15112,15400.138511190422,288.1385111904219
11,1,10,14561,15685.022812517785,1124.0228125177855
11,1,11,14451,15534.22587149803,1083.2258714980308
11,1,12,14505,15164.428707502557,659.4287075025568
11,1,13,14628,15380.778707581982,752.7787075819815
11,1,14,14796,15436.936944566316,640.936944566316
11,1,15,15130,16576.465170964217,1446.4651709642167
11,1,16,15959,16615.292040667136,656.2920406671365
11,1,17,16809,17423.536567595354,614.5365675953544
11,1,18,17328,16884.009194421018,443.99080557898196
11,1,19,16994,16974.799245977676,19.200754022323963
11,1,20,16215,16012.330220006113,202.66977999388655
11,1,21,15633,15788.322452591821,155.32245259182127
11,1,22,14872,15993.436382610518,1121.4363826105182
11,1,23,13911,16128.760520291045,2217.7605202910454
11,2,0,13181,12152.396420609888,1028.603579390112
11,2,1,12825,12445.243062531992,379.7569374680079
11,2,2,12528,12558.944931118032,30.9449311180324
11,2,3,12742,13063.34680800374,321.3468080037401
11,2,4,12877,13553.797070182072,676.7970701820723
11,2,5,13297,13697.618146482191,400.61814648219115
11,2,6,14391,14180.589783427762,210.4102165722379
11,2,7,15968,15067.904945272414,900.0950547275861
11,2,8,16270,16723.354765889122,453.35476588912206
11,2,9,16164,16819.860083490574,655.8600834905737
11,2,10,15542,17152.534500760314,1610.5345007603137
11,2,11,15355,16972.88009720106,1617.8800972010613
11,2,12,15301,17355.535863640594,2054.5358636405945
11,2,13,15379,17364.127799201437,1985.1277992014366
11,2,14,15365,17315.82332418384,1950.8233241838388
11,2,15,15500,17432.021089837017,1932.021089837017
11,2,16,16209,17857.542730011985,1648.5427300119845
11,2,17,16873,17782.946210601272,909.9462106012725
11,2,18,17154,16763.54203737259,390.45796262740987
11,2,19,17175,17050.21179771521,124.78820228479162
11,2,20,16713,16929.8071146789,216.8071146789007
11,2,21,15996,16994.722953017077,998.7229530170771
11,2,22,15043,16376.7155545126,1333.7155545126006
11,2,23,14009,16877.635283441257,2868.6352834412573
11,3,0,13391,14000.950631018184,609.9506310181841
11,3,1,13185,14172.960964589623,987.9609645896235
11,3,2,12832,15333.141253392001,2501.141253392001
11,3,3,12829,14970.780838885012,2141.7808388850117
11,3,4,13008,15231.158903879297,2223.158903879297
11,3,5,13332,15303.451537875246,1971.4515378752458
11,3,6,14801,15714.843415606514,913.8434156065141
11,3,7,16352,16785.00891105442,433.00891105442133
11,3,8,16706,17331.715372397648,625.715372397648
11,3,9,16466,17352.366618831125,886.3666188311254
11,3,10,15897,17124.149967216523,1227.1499672165228
11,3,11,15414,17147.942568290448,1733.9425682904475
11,3,12,15114,17422.503241252583,2308.5032412525834
11,3,13,15065,16515.575087644178,1450.575087644178
11,3,14,15523,17571.462680662764,2048.462680662764
11,3,15,15913,17873.21179274895,1960.211792748949
11,3,16,16553,17745.997994578225,1192.9979945782252
11,3,17,17342,18352.767944931562,1010.7679449315619
11,3,18,17639,17666.635354012556,27.63535401255649
11,3,19,17516,17969.52199361691,453.52199361690873
11,3,20,17177,17787.50389640258,610.5038964025807
11,3,21,16387,17313.13991281982,926.1399128198209
11,3,22,15451,17224.178357336124,1773.1783573361245
11,3,23,14371,17383.804982081816,3012.804982081816
11,4,0,13650,14054.945197257439,404.94519725743885
11,4,1,13380,14166.27216533873,786.2721653387307
11,4,2,13206,13561.261533801284,355.2615338012838
11,4,3,13156,13554.625444190691,398.62544419069127
11,4,4,13300,14068.39878674068,768.3987867406795
11,4,5,13883,14601.429920569484,718.4299205694842
11,4,6,15118,15754.850470247025,636.8504702470254
11,4,7,16701,16400.609267704764,300.3907322952364
11,4,8,16903,17041.810177755604,138.81017775560395
11,4,9,16669,17263.997208248675,594.9972082486747
11,4,10,16293,17120.363740765897,827.3637407658971
11,4,11,15801,17237.315307091645,1436.315307091645
11,4,12,15624,17307.3658300628,1683.3658300628013
11,4,13,15958,17669.499577487666,1711.499577487666
11,4,14,15815,17920.54180994468,2105.5418099446797
11,4,15,16083,17847.74887512455,1764.748875124551
11,4,16,16677,17864.769865973132,1187.7698659731323
11,4,17,17345,17993.461458917067,648.4614589170669
11,4,18,17598,17555.340507941888,42.65949205811194
11,4,19,17482,17574.445244266186,92.44524426618591
11,4,20,17061,17181.298538483898,120.29853848389757
11,4,21,16449,16979.3044297783,530.3044297783017
11,4,22,15557,17147.505068071667,1590.5050680716668
11,4,23,14490,17656.36510137453,3166.3651013745293
11,5,0,13746,14207.704275072669,461.7042750726687
11,5,1,13339,14533.124014472492,1194.1240144724925
11,5,2,13097,14342.011046886679,1245.0110468866787
11,5,3,13000,14318.296959221072,1318.296959221072
11,5,4,13013,13598.128050384208,585.1280503842081
11,5,5,13609,13162.544175226205,446.45582477379503
11,5,6,14813,15198.409363945917,385.409363945917
11,5,7,16411,15301.996753546067,1109.0032464539327
11,5,8,16755,16588.302305961115,166.69769403888495
11,5,9,16240,16348.268731940143,108.26873194014297
11,5,10,15734,16475.742348943604,741.7423489436042
11,5,11,15258,16449.010414342763,1191.0104143427634
11,5,12,14907,17323.743119691524,2416.743119691524
11,5,13,14668,17124.61875407965,2456.618754079649
11,5,14,14571,16372.782182893066,1801.7821828930664
11,5,15,14788,15787.20262701626,999.2026270162605
11,5,16,15296,15701.972297214563,405.9722972145628
11,5,17,16086,17538.81262078106,1452.81262078106
11,5,18,16557,16791.74948971698,234.74948971698177
11,5,19,16489,16826.997026185305,337.997026185305
11,5,20,16133,16528.29181037955,395.29181037954913
11,5,21,15566,16918.012962259876,1352.012962259876
11,5,22,14735,16962.30635418718,2227.3063541871816
11,5,23,13740,16777.708661247787,3037.708661247787
11,6,0,12993,11950.328174079212,1042.6718259207883
11,6,1,12800,12160.439059583936,639.5609404160641
11,6,2,12427,13893.758267300134,1466.7582673001343
11,6,3,12407,14107.421921104738,1700.4219211047384
11,6,4,12452,13428.889115943104,976.8891159431041
11,6,5,12603,13217.968007197,614.9680071969997
11,6,6,13186,12931.210724235123,254.78927576487695
11,6,7,13829,13784.607113683825,44.392886316174554
11,6,8,14487,14974.088350596841,487.08835059684134
11,6,9,14763,15127.118023345218,364.1180233452178
11,6,10,14532,15148.184086201609,616.1840862016088
11,6,11,14176,15160.756614479276,984.7566144792763
11,6,12,13820,14008.875634552774,188.8756345527745
11,6,13,13564,14267.605429798281,703.605429798281
11,6,14,13353,14256.1630147342,903.1630147342003
11,6,15,13581,14334.63366681711,753.6336668171098
11,6,16,14463,14594.97400452435,131.97400452435068
11,6,17,15477,15955.55040576696,478.55040576696047
11,6,18,15765,16196.589225752425,431.5892257524247
11,6,19,15216,15648.393979638047,432.3939796380473
11,6,20,14666,15111.809501561047,445.809501561047
11,6,21,14243,16474.513178599565,2231.5131785995654
11,6,22,13674,16124.262203937371,2450.262203937371
11,6,23,13089,16085.105967236013,2996.1059672360134
11,7,0,12617,11858.83052270261,758.1694772973897
11,7,2,11949,12766.155337237264,817.1553372372637
11,7,3,11838,13406.255314428996,1568.255314428996
11,7,4,11783,13664.435667635229,1881.435667635229
11,7,5,11891,14766.855376357387,2875.8553763573873
11,7,6,12228,14582.841999187705,2354.8419991877054
11,7,7,12875,14255.484174278085,1380.4841742780845
11,7,8,13385,14316.353418100643,931.3534181006435
11,7,9,13537,13732.831728252517,195.83172825251677
11,7,10,13572,15297.744113927894,1725.7441139278944
11,7,11,13515,15777.98860644903,2262.9886064490292
11,7,12,13319,15680.701787226484,2361.701787226484
11,7,13,13347,15123.45295919232,1776.4529591923201
11,7,14,13185,15683.013295507959,2498.013295507959
11,7,15,13357,15408.241837772317,2051.241837772317
11,7,16,14094,16016.851298873318,1922.8512988733182
11,7,17,15239,16262.18703214337,1023.1870321433707
11,7,18,16158,16139.576680828472,18.42331917152842
11,7,19,15793,16411.48496198548,618.4849619854795
11,7,20,15355,16910.965891418982,1555.9658914189822
11,7,21,14898,17321.446844020506,2423.4468440205055
11,7,22,14292,16373.369636948346,2081.369636948346
11,7,23,13509,16358.136187795431,2849.1361877954314
11,8,0,12852,13660.798715451343,808.798715451343
11,8,1,12483,14118.864364705632,1635.8643647056324
11,8,2,12225,14365.846169669367,2140.8461696693666
11,8,3,12067,14391.145610031208,2324.145610031208
11,8,4,11931,14409.515344294367,2478.5153442943665
11,8,5,11971,14908.706584363083,2937.7065843630826
11,8,6,12746,14588.43575631805,1842.4357563180492
11,8,7,13933,16003.360015109833,2070.3600151098326
11,8,8,15300,17455.683927189202,2155.683927189202
11,8,9,15241,16503.672039531783,1262.6720395317825
11,8,10,14720,16661.15929064992,1941.1592906499209
11,8,11,14510,17041.842368487054,2531.842368487054
11,8,12,14349,17418.450505108744,3069.4505051087435
11,8,13,14126,17435.179775212528,3309.1797752125276
11,8,14,14090,17113.70485495594,3023.7048549559404
11,8,15,14400,17665.566221860434,3265.566221860434
11,8,16,14986,18611.04606292235,3625.046062922349
11,8,17,15999,18714.44499056903,2715.444990569031
11,8,18,16727,18230.205025463853,1503.2050254638525
11,8,19,16592,17789.759281054656,1197.7592810546557
11,8,20,16077,18388.269116476764,2311.269116476764
11,8,21,15568,18064.459358589374,2496.4593585893745
11,8,22,14911,18016.16521205263,3105.1652120526305
11,8,23,13931,18774.150533757715,4843.150533757715
11,9,0,13211,14443.191768975259,1232.191768975259
11,9,1,12629,14454.860095407003,1825.8600954070025
11,9,2,12379,15990.770974636978,3611.7709746369783
11,9,3,12170,15479.123490191225,3309.123490191225
11,9,4,12083,14915.423576928455,2832.423576928455
11,9,5,12280,14090.701451291145,1810.7014512911446
11,9,6,13035,15112.61961771769,2077.61961771769
11,9,7,14247,15812.531649633735,1565.5316496337346
11,9,8,15273,16946.430934929558,1673.4309349295581
11,9,9,15554,17021.88574591238,1467.8857459123792
11,9,10,15319,16739.03509837225,1420.0350983722492
11,9,11,15052,16974.638591491417,1922.6385914914172
11,9,12,15172,17181.026826518057,2009.0268265180566
11,9,13,15294,17417.17482852392,2123.174828523919
11,9,14,15715,17827.35164822551,2112.351648225511
11,9,15,16017,17911.029792770394,1894.0297927703941
11,9,16,16148,18342.39262878771,2194.392628787711
11,9,17,16771,18591.378419198616,1820.378419198616
11,9,18,17471,19103.112088575657,1632.1120885756573
11,9,19,16928,17910.912597686147,982.9125976861469
11,9,20,16553,18222.252287766416,1669.252287766416
11,9,21,16060,18623.96852786451,2563.9685278645084
11,9,22,15461,18353.839002001165,2892.8390020011648
11,9,23,14499,18732.110076792167,4233.110076792167
11,10,0,13538,15101.720330528102,1563.7203305281018
11,10,1,13190,15440.715991824864,2250.7159918248635
11,10,2,12777,15182.824810943586,2405.8248109435863
11,10,3,12366,15291.515852838023,2925.5158528380234
11,10,4,12427,15453.950247532639,3026.950247532639
11,10,5,12558,15341.35355981787,2783.3535598178696
11,10,6,13184,15573.7659784442,2389.7659784442003
11,10,7,14630,16141.002935752023,1511.0029357520234
11,10,8,15794,17620.78665796014,1826.7866579601396
11,10,9,15629,16999.664329055304,1370.6643290553038
11,10,10,15023,16929.35924789095,1906.3592478909486
11,10,11,14733,17384.518182780666,2651.5181827806664
11,10,12,14617,17596.824585013663,2979.8245850136627
11,10,13,14505,17836.669716743596,3331.669716743596
11,10,14,14535,17796.903780306395,3261.9037803063948
11,10,15,14835,18218.172426828114,3383.172426828114
11,10,16,15481,17851.1072810963,2370.1072810963014
11,10,17,16524,17981.367715672444,1457.3677156724443
11,10,18,17509,17695.06854355017,186.06854355016912
11,10,19,17226,17138.407162279953,87.5928377200471
11,10,20,16859,17130.41412297677,271.41412297677016
11,10,21,16505,17365.277700519066,860.2777005190655
11,10,22,15577,17839.54463726859,2262.544637268591
11,10,23,14688,17717.935381210726,3029.9353812107256
11,11,0,13584,13447.64990264387,136.35009735612948
11,11,1,13095,12951.847463091432,143.15253690856844
11,11,2,12661,13203.075275438094,542.0752754380937
11,11,3,12282,13823.178498064344,1541.1784980643442
11,11,4,12213,13898.877000033412,1685.8770000334116
11,11,5,12619,14738.923697170958,2119.923697170958
11,11,6,13102,13943.458169612371,841.4581696123714
11,11,7,14224,14848.105685942819,624.105685942819
11,11,8,15575,16482.745412217133,907.745412217133
11,11,9,15596,16521.629793933487,925.6297939334872
11,11,10,15707,16527.794569366488,820.7945693664878
11,11,11,15558,16911.369361984875,1353.3693619848746
11,11,12,15267,17264.86062605924,1997.8606260592387
11,11,13,15153,16044.099031635717,891.0990316357165
11,11,14,15329,17132.569200909595,1803.5692009095947
11,11,15,15304,17540.731054301483,2236.731054301483
11,11,16,15713,18011.191404573474,2298.191404573474
11,11,17,16473,18121.832092800712,1648.8320928007124
11,11,18,17236,17992.687865656062,756.6878656560621
11,11,19,16995,18043.637509677028,1048.637509677028
11,11,20,16666,18129.946427936935,1463.946427936935
11,11,21,16434,18319.966001919212,1885.9660019192124
11,11,22,15763,18240.07212923798,2477.0721292379785
11,11,23,14647,18371.697819541914,3724.697819541914
11,12,0,13714,16196.076892497402,2482.076892497402
11,12,1,12974,14720.243942116444,1746.2439421164436
11,12,2,12522,13750.983203243872,1228.9832032438717
11,12,3,12234,13182.885428679347,948.8854286793467
11,12,4,12254,13518.08238790518,1264.0823879051804
11,12,5,12411,15096.341522451325,2685.3415224513246
11,12,6,12865,15263.863976987519,2398.863976987519
11,12,7,14061,15189.122745918134,1128.1227459181337
11,12,8,15202,15931.727946455727,729.7279464557269
11,12,9,15517,15131.323211462159,385.6767885378413
11,12,10,15274,15589.793978702093,315.7939787020932
11,12,11,14850,15359.770737867259,509.7707378672585
11,12,12,14848,15743.525298227923,895.5252982279235
11,12,13,14463,16401.806866969557,1938.8068669695567
11,12,14,14464,15988.77341479893,1524.7734147989304
11,12,15,14657,16357.108905970546,1700.1089059705464
11,12,16,15090,17199.358193192875,2109.3581931928748
11,12,17,15842,18527.51494326656,2685.5149432665603
11,12,18,16674,17135.988439066634,461.9884390666339
11,12,19,16226,17209.393744927358,983.3937449273581
11,12,20,16209,17169.926612622574,960.9266126225739
11,12,21,15853,17658.9048062145,1805.9048062145011
11,12,22,15095,17308.12968331337,2213.129683313371
11,12,23,14299,17319.942471210325,3020.9424712103246
11,13,0,13661,13381.822012173881,279.1779878261186
11,13,1,12853,13411.688663508676,558.6886635086757
11,13,2,12511,13534.47972506382,1023.4797250638203
11,13,3,12291,13874.782378595251,1583.7823785952514
11,13,4,12269,13741.053477659118,1472.0534776591176
11,13,5,12211,13663.807941491319,1452.807941491319
11,13,6,12448,13739.382046999333,1291.3820469993334
11,13,7,13143,13378.548438998652,235.54843899865227
11,13,8,13895,13795.088112198751,99.91188780124867
11,13,9,14521,14440.445962387157,80.55403761284288
11,13,10,14892,15223.147772719192,331.1477727191923
11,13,11,14693,14544.728177269639,148.27182273036124
11,13,12,14464,14207.407533352729,256.59246664727107
11,13,13,14755,14978.282344922394,223.28234492239426
11,13,14,14718,15769.743447039671,1051.743447039671
11,13,15,14735,15669.915627165641,934.9156271656411
11,13,16,14993,15324.475138227803,331.47513822780274
11,13,17,15820,15641.75556702104,178.2444329789596
11,13,18,16501,17054.00647489765,553.0064748976511
11,13,19,16301,16876.867934691385,575.867934691385
11,13,20,15735,16865.37536990074,1130.3753699007393
11,13,21,15371,17161.040255211632,1790.040255211632
11,13,22,14833,16507.011043184368,1674.0110431843677
11,13,23,14193,17490.314151880946,3297.314151880946
11,14,0,13544,14238.374194001688,694.374194001688
11,14,1,12968,14423.908013766564,1455.9080137665642
11,14,2,12608,14359.97897596908,1751.9789759690793
11,14,3,12280,13593.580623792703,1313.5806237927027
11,14,4,12163,13799.764459996682,1636.7644599966825
11,14,5,12107,14452.166437634394,2345.1664376343942
11,14,6,12493,14475.355530369021,1982.355530369021
11,14,7,12731,14814.002168025663,2083.002168025663
11,14,8,13377,14719.283345008836,1342.2833450088365
11,14,9,14121,15287.055521558335,1166.0555215583354
11,14,10,14385,15274.14585116345,889.1458511634501
11,14,11,14840,15163.732138158495,323.7321381584952
11,14,12,15157,15746.476518111314,589.4765181113144
11,14,13,15626,16418.16016262323,792.1601626232296
11,14,14,16018,16294.67531538284,276.67531538283947
11,14,15,16174,15988.548901183914,185.4510988160855
11,14,16,16335,16101.144959569572,233.85504043042783
11,14,17,17028,16122.499975594332,905.5000244056682
11,14,18,17800,16483.035356113185,1316.9646438868149
11,14,19,17146,16613.421153922427,532.578846077573
11,14,20,16718,16696.844912790733,21.15508720926664
11,14,21,16398,16802.16995159747,404.16995159746875
11,14,22,15573,17087.986648728038,1514.9866487280378
11,14,23,14855,17436.76189471508,2581.7618947150804
11,15,0,14235,14826.907279167868,591.9072791678682
11,15,1,13519,15060.969685426766,1541.9696854267659
11,15,2,13104,14389.336959592116,1285.3369595921158
11,15,3,12873,13858.512724075395,985.5127240753955
11,15,4,12838,14403.873614647337,1565.8736146473366
11,15,5,12966,15121.948847073083,2155.948847073083
11,15,6,13648,14550.305884873134,902.3058848731343
11,15,7,15084,15758.99661336316,674.9966133631606
11,15,8,16151,17044.643082914787,893.6430829147866
11,15,9,16591,17330.794586935554,739.7945869355535
11,15,10,16449,17413.17571741693,964.1757174169288
11,15,11,16185,17456.2616167738,1271.2616167738015
11,15,12,16009,17928.766714265046,1919.7667142650462
11,15,13,15959,17673.428164850007,1714.4281648500073
11,15,14,16076,17769.209629189238,1693.2096291892376
11,15,15,16499,17855.141172740583,1356.141172740583
11,15,16,16699,17891.965884966132,1192.9658849661319
11,15,17,17521,18234.200031711032,713.2000317110324
11,15,18,18649,17429.800560605603,1219.199439394397
11,15,19,17920,17503.431700402027,416.56829959797324
11,15,20,17457,17347.706039062796,109.29396093720425
11,15,21,17117,17759.145711337642,642.1457113376418
11,15,22,16300,17507.017451621763,1207.017451621763
11,15,23,15349,17687.95641617214,2338.956416172139
11,16,0,14451,14308.983085077689,142.01691492231112
11,16,1,13800,14548.855154423942,748.8551544239417
11,16,2,13274,14494.95029576054,1220.95029576054
11,16,3,13075,14610.544768087213,1535.544768087213
11,16,4,13049,14761.631829472588,1712.631829472588
11,16,5,13278,14236.50246048401,958.5024604840091
11,16,6,14004,14680.805282623696,676.8052826236963
11,16,7,15201,15587.812345129636,386.812345129636
11,16,8,16291,16856.156387545838,565.1563875458378
11,16,9,16521,16652.747058204368,131.74705820436793
11,16,10,16134,16973.82286006103,839.822860061031
11,16,11,16152,17123.082563021897,971.0825630218969
11,16,12,16131,17386.220621755725,1255.220621755725
11,16,13,15952,17414.256716134976,1462.2567161349762
11,16,14,15921,17241.795184737624,1320.7951847376244
11,16,15,16075,17463.22295162083,1388.2229516208317
11,16,16,16733,17904.625223876174,1171.6252238761735
11,16,17,17729,18043.262175356635,314.26217535663454
11,16,18,18454,17047.534071872098,1406.4659281279019
11,16,19,17936,16928.405183383078,1007.5948166169219
11,16,20,17597,16683.83052405868,913.1694759413185
11,16,21,17117,17039.65265533604,77.34734466395821
11,16,22,16314,17390.300844041343,1076.3008440413432
11,16,23,15103,17147.690498030923,2044.6904980309228
11,17,0,14233,12903.881224255656,1329.118775744344
11,17,1,13787,14505.861279098011,718.8612790980114
11,17,2,13249,14132.64184428417,883.6418442841696
11,17,3,13001,13511.834078653612,510.83407865361187
11,17,5,12959,13418.365002238927,459.36500223892654
11,17,6,13599,13915.710480946447,316.7104809464472
11,17,8,15851,16859.69386856537,1008.6938685653695
11,17,9,16298,17657.12979968196,1359.1297996819594
11,17,10,16583,17342.906808703578,759.9068087035776
11,17,11,16717,18312.11479905412,1595.1147990541212
11,17,12,16902,18004.31678849018,1102.3167884901814
11,17,13,16821,18313.99909133597,1492.9990913359688
11,17,14,16763,18400.51655191359,1637.5165519135917
11,17,15,16762,17175.20777873115,413.20777873115003
11,17,16,16865,18288.78159701464,1423.7815970146403
11,17,17,17446,19346.1766113705,1900.1766113705016
11,17,18,17936,18453.157929144465,517.157929144465
11,17,19,17307,18859.646696499356,1552.646696499356
11,17,20,16732,17977.08607187947,1245.0860718794684
11,17,22,15618,18905.04754752539,3287.0475475253916
11,17,23,14494,18693.880110341088,4199.880110341088
11,18,1,13034,16321.50049911677,3287.50049911677
11,18,2,12656,16297.105411500444,3641.1054115004445
11,18,3,12535,15563.797544797491,3028.7975447974914
11,18,4,12332,14001.337442509144,1669.3374425091442
11,18,5,12443,13655.817695386677,1212.8176953866769
11,18,6,12942,13536.918946827007,594.918946827007
11,18,7,14130,13809.433077896563,320.5669221034368
11,18,8,15317,14962.85585587376,354.14414412623955
11,18,9,15812,15003.888361962066,808.1116380379335
11,18,10,16287,16779.497477220928,492.497477220928
11,18,11,16079,16098.392342763567,19.392342763567285
11,18,12,15780,15483.615936165734,296.38406383426627
11,18,13,15775,15655.065099720941,119.93490027905864
11,18,14,15822,16982.03516975217,1160.0351697521692
11,18,15,15892,16282.268074616557,390.268074616557
11,18,16,16228,16266.634194679144,38.63419467914355
11,18,17,16956,17135.085297085785,179.085297085785
11,18,18,17553,16868.261324322364,684.7386756776359
11,18,19,17049,17037.468996897172,11.531003102827526
11,18,20,16756,16938.254235293447,182.25423529344698
11,18,21,16457,17616.61866227361,1159.6186622736095
11,18,22,15914,17452.26781529172,1538.2678152917215
11,18,23,15083,16562.98950703552,1479.9895070355196
11,19,0,14145,12841.55425613521,1303.4457438647896
11,19,1,13418,13230.592684668616,187.40731533138387
11,19,2,13077,13597.855627476874,520.8556274768744
11,19,3,12881,14949.326199003244,2068.3261990032443
11,19,4,12821,13676.304268430642,855.304268430642
11,19,5,12971,14247.595097174708,1276.595097174708
11,19,6,13617,13815.501143764188,198.50114376418787
11,19,7,15029,14954.793106964218,74.20689303578183
11,19,8,16338,16501.409558889238,163.40955888923781
11,19,9,16534,16611.218073207077,77.2180732070774
11,19,10,16279,16736.733177058606,457.7331770586061
11,19,11,16083,17031.51321242702,948.5132124270203
11,19,12,15942,16594.990544251035,652.9905442510353
11,19,13,15972,16621.48963582653,649.4896358265287
11,19,14,15967,16862.160976342842,895.1609763428423
11,19,15,15826,17478.05060234555,1652.0506023455491
11,19,16,16319,17807.872262881207,1488.8722628812066
11,19,17,17236,19202.469989479792,1966.4699894797923
11,19,18,18048,19275.38749857669,1227.3874985766888
11,19,19,17542,17562.199396272325,20.19939627232452
11,19,20,17074,17457.97953032928,383.97953032928126
11,19,21,16748,17920.642219181325,1172.6422191813253
11,19,22,16106,18195.210222883336,2089.2102228833355
11,19,23,15315,18044.243255537534,2729.2432555375344
11,20,0,14285,13550.985909858955,734.014090141045
11,20,1,13557,13280.410007912946,276.58999208705427
11,20,2,13132,12745.916433167087,386.08356683291277
11,20,3,12834,13195.165029628884,361.16502962888444
11,20,4,12941,14202.026928110085,1261.0269281100846
11,20,5,12783,14523.561510245598,1740.5615102455977
11,20,6,13050,13842.965548686234,792.9655486862339
11,20,7,13508,13676.790042305141,168.79004230514147
11,20,8,14095,13575.116728437763,519.8832715622375
11,20,9,14598,14634.740042316094,36.74004231609433
11,20,10,14947,15214.609901514454,267.60990151445367
11,20,11,15186,14618.755738010308,567.244261989692
11,20,12,15408,15642.46338159993,234.46338159992956
11,20,13,15517,15809.734082984725,292.7340829847253
11,20,14,15586,16125.185895719953,539.1858957199529
11,20,15,15736,16298.034233231127,562.0342332311266
11,20,16,16014,16520.112185402428,506.1121854024277
11,20,17,16609,16615.28203975255,6.28203975255019
11,20,18,17073,16764.92738359143,308.0726164085718
11,20,19,16513,16877.418206747516,364.4182067475158
11,20,20,16013,16989.33874122228,976.3387412222801
11,20,21,15518,17236.906609014488,1718.906609014488
11,20,22,14821,16782.99048788548,1961.9904878854795
11,20,23,14346,17167.8517119479,2821.8517119479
11,21,0,13718,14511.676746159052,793.6767461590516
11,21,1,13242,14472.28610374167,1230.2861037416696
11,21,2,12712,16052.207192909922,3340.207192909922
11,21,3,12516,14708.927479513894,2192.9274795138936
11,21,4,12477,14809.579866285436,2332.579866285436
11,21,5,12447,14760.92486581981,2313.9248658198103
11,21,6,12599,14208.014993430688,1609.0149934306883
11,21,7,13123,14198.866701456442,1075.8667014564417
11,21,8,13710,15228.626549729986,1518.6265497299864
11,21,9,14152,14118.361278379922,33.638721620078286
11,21,10,14135,15138.99102348818,1003.9910234881809
11,21,11,14300,14508.787107164188,208.78710716418755
11,21,12,14503,14603.322446560778,100.32244656077819
11,21,13,14792,16180.846485424769,1388.8464854247686
11,21,14,14997,16031.108635204915,1034.1086352049151
11,21,15,15255,16193.123344915288,938.1233449152878
11,21,16,15720,16581.1380411475,861.1380411475002
11,21,17,16401,16502.55748485931,101.55748485930962
11,21,18,17007,16835.91040550133,171.0895944986696
11,21,19,16331,16817.219002298512,486.21900229851235
11,21,20,15933,15981.030197313867,48.030197313866665
11,21,21,15511,16832.2128418657,1321.2128418657012
11,21,22,14899,17339.746808907214,2440.7468089072136
11,21,23,14128,17026.9728787754,2898.9728787753993
11,22,0,13402,13828.143027231983,426.14302723198307
11,22,1,12710,13041.48845252226,331.48845252226056
11,22,2,12453,13101.304810323989,648.3048103239889
11,22,3,12482,13179.92881756099,697.9288175609909
11,22,4,12528,13166.030343366028,638.0303433660283
11,22,5,12740,13343.86649270438,603.8664927043792
11,22,6,13628,14060.168340411981,432.16834041198126
11,22,7,14792,15363.1554999886,571.1554999885993
11,22,8,16050,16361.147706395228,311.14770639522794
11,22,9,16490,16964.0436370082,474.04363700819886
11,22,10,16077,15673.298570653162,403.70142934683827
11,22,11,15653,15885.495917810707,232.4959178107074
11,22,12,15927,15945.803607211226,18.803607211226335
11,22,13,15954,16078.782559578107,124.78255957810688
11,22,14,16080,16844.743941742327,764.7439417423266
11,22,15,16197,16719.820272603323,522.8202726033232
11,22,16,16712,17569.07877383372,857.0787738337203
11,22,17,17725,19352.333978566025,1627.3339785660246
11,22,18,19055,22768.430375337917,3713.430375337917
11,22,19,18486,18108.74303466174,377.25696533825976
11,22,20,17977,17576.693110675245,400.3068893247546
11,22,21,17526,17705.900024674174,179.90002467417435
11,22,22,16845,17680.150748314547,835.150748314547
11,22,23,15805,17572.675616628625,1767.675616628625
11,23,0,14892,14186.883555877783,705.1164441222172
11,23,1,14177,14144.900939080351,32.099060919648764
11,23,2,13796,14263.7752485148,467.7752485147994
11,23,3,13629,14784.703131278464,1155.7031312784638
11,23,4,13512,15551.4801035897,2039.4801035896999
11,23,5,13747,14735.59353341036,988.5935334103597
11,23,6,14454,16196.95916217753,1742.9591621775307
11,23,7,15714,16666.131198913128,952.1311989131282
11,23,8,17064,18730.85574025001,1666.8557402500082
11,23,9,17247,18673.367022134946,1426.3670221349457
11,23,10,16670,17558.851317325505,888.8513173255051
11,23,11,16369,17209.579186941162,840.5791869411623
11,23,12,16147,17187.102513995833,1040.1025139958329
11,23,13,16117,17157.371656075207,1040.3716560752073
11,23,14,16144,17600.501643432195,1456.5016434321951
11,23,15,16358,17509.071487297108,1151.0714872971075
11,23,16,16838,17967.36025622314,1129.360256223139
11,23,17,17819,18586.35259968533,767.3525996853314
11,23,18,18720,17526.187010705336,1193.8129892946636
11,23,19,18381,17334.56809632702,1046.4319036729794
11,23,20,18078,17433.2019560773,644.7980439226994
11,23,21,17662,17559.53030662944,102.46969337055998
11,23,22,16894,17610.02105283363,716.0210528336283
11,23,23,15743,17865.03902445773,2122.0390244577284
11,24,0,14829,14059.70560556469,769.2943944353101
11,24,1,14112,14257.523718817978,145.52371881797808
11,24,2,13748,13518.388254919373,229.61174508062686
11,24,3,13451,13969.633369546455,518.6333695464546
11,24,4,13436,14076.90799941308,640.9079994130807
11,24,5,13528,13782.689608803308,254.68960880330815
11,24,6,14121,13603.752775401654,517.2472245983463
11,24,7,15318,15327.15108838551,9.151088385509865
11,24,8,16653,17157.41288218234,504.4128821823397
11,24,9,16719,16967.77445395119,248.7744539511914
11,24,10,16118,17124.30675053998,1006.3067505399813
11,24,11,15856,15774.536848434465,81.46315156553464
11,24,12,15713,15838.845449322827,125.84544932282733
11,24,13,15686,16578.820661686965,892.8206616869647
11,24,14,15686,17570.643389942335,1884.6433899423355
11,24,15,16009,17928.116441580194,1919.116441580194
11,24,16,16577,17645.839742311487,1068.8397423114875
11,24,17,17316,17953.984171832137,637.9841718321368
11,24,18,18256,17430.33545751375,825.6645424862509
11,24,19,17564,17501.55806404828,62.44193595171964
11,24,20,17215,17785.62026242064,570.6202624206417
11,24,21,16937,17953.71798689178,1016.717986891781
11,24,22,16250,19346.706733969222,3096.706733969222
11,24,23,15125,18099.878853439204,2974.8788534392042
11,25,0,14201,14226.47670549069,25.47670549068971
11,25,1,13628,14994.030434079246,1366.0304340792463
11,25,2,13115,14895.15064396696,1780.1506439669593
11,25,3,12941,15049.405065532255,2108.4050655322553
11,25,4,12832,14796.17910226736,1964.1791022673606
11,25,5,13052,15159.139346845328,2107.139346845328
11,25,6,13725,14898.289057144515,1173.289057144515
11,25,7,14914,16602.19371927878,1688.193719278781
11,25,8,16268,17881.821392745544,1613.8213927455436
11,25,9,16936,18147.307068083268,1211.307068083268
11,25,10,17016,18287.4839220588,1271.4839220588
11,25,11,17371,18735.427133521884,1364.4271335218837
11,25,12,17412,21360.732151834214,3948.732151834214
11,25,13,17552,19912.796154238735,2360.7961542387347
11,25,14,17521,19282.6625962055,1761.6625962055004
11,25,15,17412,19061.818400965512,1649.8184009655124
11,25,16,17531,19221.09162979332,1690.0916297933218
11,25,17,18136,20979.18467114828,2843.1846711482794
11,25,18,18424,18501.298579728704,77.29857972870377
11,25,19,17683,18448.159126398044,765.1591263980445
11,25,20,17015,18523.658192052357,1508.6581920523568
11,25,21,16626,18278.902805888076,1652.9028058880758
11,25,22,16081,17482.730041972085,1401.730041972085
11,25,23,15287,17696.67175170482,2409.67175170482
11,26,0,14406,13853.053540400299,552.9464595997015
11,26,1,13572,13504.865559172355,67.13444082764545
11,26,2,13130,13654.379856393683,524.3798563936834
11,26,3,12960,13904.84543065179,944.8454306517906
11,26,4,12947,13874.067986845426,927.0679868454263
11,26,5,13165,13898.052116484145,733.0521164841448
11,26,6,13810,13744.049524500346,65.9504754996542
11,26,7,15133,14203.634010006203,929.3659899937975
11,26,8,16370,15178.16233066068,1191.8376693393202
11,26,9,16949,16341.920038701623,607.0799612983774
11,26,10,17138,16798.58707092839,339.41292907160823
11,26,11,17207,16828.439372322853,378.56062767714684
11,26,12,17252,17362.44985456129,110.44985456129143
11,26,13,17363,17475.846181577668,112.84618157766818
11,26,14,17610,17564.257371929903,45.74262807009654
11,26,15,17519,17629.063819949795,110.06381994979529
11,26,16,17491,17439.082066648138,51.9179333518623
11,26,17,17993,17780.739928399646,212.26007160035442
11,26,18,18674,17005.7044521523,1668.2955478477015
11,26,19,18351,17144.33809351167,1206.6619064883307
11,26,20,17980,17296.224579331218,683.7754206687823
11,26,21,17916,17633.753831727656,282.2461682723442
11,26,22,17365,17818.316415342462,453.3164153424623
11,26,23,16492,17899.201954883112,1407.2019548831122
11,27,0,15490,13997.926076439124,1492.0739235608762
11,27,1,14732,14288.592659735683,443.4073402643171
11,27,2,14213,14495.898913377387,282.89891337738663
11,27,3,13943,14625.447119381306,682.447119381306
11,27,4,13942,14675.356344546934,733.3563445469335
11,27,5,14003,14893.541669607454,890.5416696074535
11,27,6,14228,15005.830234524008,777.8302345240081
11,27,7,14793,15228.346843775751,435.34684377575104
11,27,8,15447,15671.066555935588,224.06655593558753
11,27,9,15971,15934.89465295463,36.105347045369854
11,27,10,16220,15476.664908966957,743.3350910330428
11,27,11,16259,15746.805519655896,512.1944803441038
11,27,12,16274,16005.757975503935,268.2420244960649
11,27,13,16263,16126.102888745565,136.897111254435
11,27,14,16157,16211.48823763653,54.48823763652945
11,27,15,16237,16386.10788691753,149.10788691752896
11,27,16,16673,16388.99756572311,284.0024342768884
11,27,17,17633,16512.514441193027,1120.4855588069731
11,27,18,18463,16662.302517473854,1800.697482526146
11,27,19,18073,16880.504934143075,1192.495065856925
11,27,20,17651,17065.538165392536,585.461834607464
11,27,21,17138,17131.627530973707,6.372469026293402
11,27,22,16591,17069.49341819574,478.49341819573965
11,27,23,16002,17102.463238729746,1100.463238729746
11,28,0,15274,14124.886321094325,1149.1136789056745
11,28,1,14633,14513.478126145112,119.52187385488833
11,28,2,14185,14686.446949181409,501.44694918140885
11,28,3,13803,14894.563002171042,1091.5630021710422
11,28,4,13683,15020.706821037089,1337.706821037089
11,28,5,13764,15290.584659657385,1526.5846596573847
11,28,6,13963,15432.484521625818,1469.4845216258182
11,28,7,14427,15597.393353060177,1170.393353060177
11,28,8,15097,15721.107979429577,624.1079794295765
11,28,9,15695,16697.834964926617,1002.8349649266165
11,28,10,16300,16991.174349187706,691.174349187706
11,28,11,16505,16042.737643889312,462.2623561106884
11,28,12,16826,16216.088028682507,609.9119713174932
11,28,13,16904,16257.474825136378,646.5251748636219
11,28,14,16926,16314.568689736065,611.4313102639353
11,28,15,17101,16475.602003444357,625.3979965556427
11,28,16,17371,16471.564073817048,899.4359261829522
11,28,17,17755,16521.9046214645,1233.0953785355014
11,28,18,18527,16820.172330152738,1706.8276698472619
11,28,19,18134,17180.150080602227,953.8499193977732
11,28,20,17676,17349.030905044605,326.9690949553951
11,28,21,17383,17227.611103651434,155.38889634856605
11,28,22,16795,17460.863134810323,665.8631348103227
11,28,23,15923,17269.41490610649,1346.414906106489
11,29,0,15034,14216.068795965277,817.9312040347231
11,29,1,14519,15065.688000897338,546.6880008973385
11,29,2,14259,15169.420132187557,910.4201321875571
11,29,3,13968,15204.176512577536,1236.1765125775364
11,29,4,13910,15876.452729565839,1966.452729565839
11,29,5,14109,15779.323269747138,1670.3232697471376
11,29,6,14733,15923.178304088158,1190.1783040881583
11,29,7,16035,16282.353934443705,247.35393444370493
11,29,8,17474,17704.51578441329,230.5157844132882
11,29,9,17825,17475.90888134062,349.0911186593803
11,29,10,17743,17228.838463609733,514.1615363902674
11,29,11,17719,17086.149344725894,632.8506552741055
11,29,12,17598,18061.120675469218,463.12067546921753
11,29,13,17466,18001.291918850784,535.291918850784
11,29,14,17514,17973.859541548212,459.8595415482123
11,29,15,17649,18099.74251652074,450.7425165207387
11,29,16,18016,18188.168822836506,172.16882283650557
11,29,17,18807,18810.773777936574,3.7737779365743336
11,29,18,19644,18175.24304233314,1468.7569576668611
11,29,19,18963,17517.122150934105,1445.8778490658951
11,29,20,18718,17574.05995465258,1143.940045347419
11,29,21,18235,17563.633217663526,671.366782336474
11,29,22,17466,17960.355057489814,494.3550574898145
11,29,23,16317,17911.921263839777,1594.9212638397767
11,30,0,15520,14340.343709278559,1179.656290721441
11,30,1,14672,13871.983751220849,800.0162487791513
11,30,2,14149,13616.967022270223,532.0329777297775
11,30,3,13943,13997.184767255772,54.184767255772385
11,30,4,13972,14918.081344640164,946.0813446401644
11,30,5,14119,14824.57778737116,705.5777873711595
11,30,6,14623,14983.753060525854,360.7530605258544
11,30,7,15886,15057.486743504658,828.5132564953419
11,30,8,17413,16908.78824789451,504.2117521054897
11,30,9,17972,17145.61295116932,826.3870488306784
11,30,10,17870,17363.958241776174,506.04175822382604
11,30,11,17850,17572.451890996253,277.5481090037465
11,30,16,17785,18220.88413653804,435.88413653803946
11,30,17,18718,18365.267894405624,352.73210559437575
11,30,18,19254,17605.861390954033,1648.1386090459673
11,30,19,18805,17708.88558763056,1096.1144123694394
11,30,20,18322,17878.696626821,443.3033731789983
11,30,21,17788,18126.234988232805,338.23498823280534
11,30,22,17191,18155.156393181354,964.1563931813544
11,30,23,16034,17468.04380035418,1434.0438003541785
12,1,0,15144,13669.384877106171,1474.6151228938288
12,1,1,14314,14046.148039725196,267.8519602748038
12,1,2,14067,14608.231225316196,541.2312253161963
12,1,3,14097,15015.112369714752,918.1123697147523
12,1,4,14067,14992.886312870247,925.8863128702469
12,1,5,14165,15319.221746333049,1154.221746333049
12,1,6,14604,15492.110450953849,888.1104509538491
12,1,7,15817,15565.067729371694,251.93227062830556
12,1,8,17125,16687.40512910223,437.5948708977703
12,1,9,17407,17198.432969063117,208.56703093688338
12,1,10,17369,17581.7783083493,212.77830834930137
12,1,11,17216,17646.091158482206,430.0911584822061
12,1,12,16809,17952.36668428791,1143.3666842879102
12,1,13,16490,17923.194011083313,1433.194011083313
12,1,14,16547,17549.475100435142,1002.4751004351419
12,1,15,16937,17933.75637481965,996.7563748196517
12,1,16,17716,18398.6056467203,682.6056467203016
12,1,17,18447,18830.501599191113,383.5015991911132
12,1,18,18832,17609.076397718254,1222.9236022817458
12,1,19,18305,17494.471502557684,810.5284974423157
12,1,20,17829,17564.76206451854,264.2379354814584
12,1,21,17526,17533.230268065134,7.230268065133714
12,1,22,16887,17943.392658501725,1056.3926585017252
12,1,23,15779,18089.931189283227,2310.9311892832266
12,2,0,14593,14107.64499993653,485.35500006346956
12,2,1,13777,13655.224436364217,121.77556363578333
12,2,2,13399,13640.19912641471,241.1991264147091
12,2,3,13171,13750.358694251221,579.3586942512211
12,2,4,12973,13730.000546249734,757.0005462497338
12,2,5,13100,14000.367515653175,900.3675156531754
12,2,6,13603,14277.102650856512,674.1026508565119
12,2,7,14920,15548.473878467921,628.4738784679212
12,2,8,16263,16803.878553423718,540.8785534237177
12,2,9,16639,17071.249950028672,432.2499500286722
12,2,10,16747,17401.63753508475,654.6375350847484
12,2,11,16726,17451.17633221939,725.176332219391
12,2,12,16580,17523.536724570004,943.5367245700036
12,2,13,16697,17535.116587490797,838.1165874907965
12,2,14,16494,17303.677716083974,809.6777160839738
12,2,15,16565,17359.678976257757,794.6789762577573
12,2,16,16781,17199.312494871316,418.3124948713157
12,2,17,17529,17087.10418074702,441.895819252979
12,2,18,18353,16970.659050298844,1382.3409497011562
12,2,19,18200,17010.514278615035,1189.4857213849646
12,2,20,17823,17354.81038699559,468.1896130044115
12,2,21,17564,17717.98515073821,153.98515073821181
12,2,22,16984,17975.999704172023,991.9997041720235
12,2,23,16012,18507.579806383274,2495.5798063832735
12,3,0,15029,14901.717489669705,127.28251033029483
12,3,1,14490,15009.200922507955,519.2009225079546
12,3,2,14124,15010.192101759227,886.1921017592267
12,3,3,13974,15030.780540360738,1056.780540360738
12,3,4,13934,15049.673845963693,1115.6738459636927
12,3,5,14163,15069.352042886201,906.3520428862012
12,3,6,14586,15216.319856914917,630.3198569149172
12,3,7,15690,15564.886200897934,125.11379910206597
12,3,8,17199,16845.64213753645,353.3578624635484
12,3,9,17715,17070.812810438783,644.1871895612167
12,3,10,17620,17162.295071640317,457.7049283596825
12,3,11,17202,17342.89251714456,140.89251714455895
12,3,12,17058,17479.70692576388,421.70692576387955
12,3,13,16985,17616.590411897883,631.5904118978833
12,3,14,16911,17881.60474336502,970.6047433650201
12,3,15,17091,17824.91242959075,733.9124295907495
12,3,16,17677,17922.7610735326,245.76107353260159
12,3,17,18689,18556.00726263508,132.99273736491887
12,3,18,19323,18239.51267373937,1083.4873262606307
12,3,19,18797,17450.200380136692,1346.7996198633082
12,3,20,18197,17544.89306685508,652.1069331449216
12,3,21,17823,17661.225800713506,161.77419928649397
12,3,22,17340,17819.346224034693,479.34622403469257
12,3,23,16401,18242.414261788334,1841.4142617883335
12,4,0,15457,14105.489812501344,1351.5101874986558
12,4,1,14752,14165.682810953289,586.3171890467111
12,4,2,14190,14211.366287656947,21.36628765694695
12,4,3,13854,14647.782779686437,793.7827796864367
12,4,4,13620,14740.709126940188,1120.709126940188
12,4,5,13483,15349.631395690654,1866.6313956906542
12,4,6,13632,15352.74959596686,1720.7495959668595
12,4,7,14308,15484.632272282013,1176.6322722820132
12,4,8,14889,15610.116456259226,721.1164562592257
12,4,9,15439,16006.011893492983,567.0118934929833
12,4,10,15819,16237.041824517491,418.0418245174915
12,4,11,16114,16138.96137933246,24.961379332460638
12,4,12,15985,16328.319541009547,343.3195410095468
12,4,13,16172,15966.991434222664,205.00856577733612
12,4,14,15963,16191.145922551284,228.14592255128446
12,4,15,15943,16242.584828712048,299.58482871204797
12,4,16,16387,16638.475269349736,251.47526934973575
12,4,17,17384,16911.503338229963,472.49666177003746
12,4,18,18198,17397.21973564901,800.7802643509895
12,4,19,17809,17215.86573480991,593.1342651900886
12,4,20,17133,17162.874124174567,29.874124174566532
12,4,21,16856,17461.27258362496,605.2725836249592
12,4,22,16380,17150.6298363304,770.6298363304013
12,4,23,15514,17199.696046124904,1685.6960461249037
12,5,0,14767,13824.806938163692,942.1930618363076
12,5,1,14183,14128.653133316477,54.34686668352333
12,5,2,13939,14596.399248564121,657.3992485641211
12,5,3,13684,14541.500272923224,857.5002729232237
12,5,4,13451,14801.941526971168,1350.941526971168
12,5,5,13580,15052.46131911104,1472.4613191110402
12,5,6,13890,15148.917807146525,1258.9178071465249
12,5,7,14349,14890.044238789382,541.0442387893818
12,5,8,15123,15264.45995710386,141.45995710385978
12,5,9,15589,15558.536685666159,30.46331433384148
12,5,10,15903,15804.403853816984,98.59614618301566
12,5,11,16177,15594.13780531876,582.86219468124
12,5,12,16280,15717.617979500856,562.3820204991443
12,5,13,16324,15780.11992237915,543.88007762085
12,5,14,16403,15655.977002387357,747.0229976126429
12,5,15,16776,15972.297360434271,803.7026395657285
12,5,16,16978,15643.273230642446,1334.726769357554
12,5,17,18051,16214.544026938278,1836.455973061722
12,5,18,18736,16510.993665789993,2225.0063342100075
12,5,19,18354,16781.108447042126,1572.8915529578735
12,5,20,17979,16962.973802541426,1016.0261974585737
12,5,21,17715,19353.83369857822,1638.833698578219
12,5,22,16938,17673.1649260421,735.1649260421
12,5,23,15754,17375.28559824903,1621.2855982490291
12,6,0,14790,14494.635342906106,295.3646570938945
12,6,1,14138,14608.964248151822,470.9642481518222
12,6,2,13714,15783.785673536993,2069.7856735369933
12,6,3,13605,16359.005623143397,2754.0056231433973
12,6,4,13377,15818.563891466387,2441.563891466387
12,6,5,13505,16100.8476525875,2595.8476525874994
12,6,6,13986,15836.81137831667,1850.81137831667
12,6,7,15104,15668.65089470667,564.6508947066704
12,6,8,16062,17198.732012001714,1136.7320120017139
12,6,9,16852,17765.615232478718,913.6152324787181
12,6,10,17248,17858.204745924202,610.2047459242021
12,6,11,17463,17909.708613485327,446.7086134853271
12,6,12,17619,17499.189329439556,119.81067056044412
12,6,13,17577,17431.12871145308,145.87128854692128
12,6,14,17441,17416.430240051657,24.569759948342835
12,6,15,17473,17405.263276929454,67.73672307054585
12,6,16,17655,18009.75572900665,354.75572900665065
12,6,17,18265,18260.16110743118,4.838892568819574
12,6,18,19269,17230.545839824474,2038.4541601755263
12,6,19,18973,17595.367217552488,1377.632782447512
12,6,20,18660,17848.263339212077,811.736660787923
12,6,21,18311,18224.504686902743,86.49531309725717
12,6,22,17612,18042.263254388803,430.26325438880303
12,6,23,16530,18146.60152121043,1616.6015212104285
12,7,0,15491,14322.61866796316,1168.3813320368408
12,7,1,14975,14338.478186497212,636.5218135027881
12,7,2,14486,15371.155971217915,885.1559712179151
12,7,3,14259,14448.858916082536,189.85891608253587
12,7,4,14368,14921.962852171528,553.9628521715276
12,7,5,14583,15011.224385441488,428.22438544148827
12,7,6,15308,15927.731023388911,619.7310233889111
12,7,7,16399,16089.150719347466,309.8492806525337
12,7,8,18000,17797.011165359167,202.98883464083337
12,7,9,18271,17657.027452456652,613.9725475433479
12,7,10,18273,18471.264667445197,198.26466744519712
12,7,11,18358,17965.665480097836,392.3345199021642
12,7,12,18361,17945.247229627475,415.75277037252454
12,7,13,18288,18336.255429057805,48.25542905780458
12,7,14,18482,18128.345997846896,353.65400215310365
12,7,15,18532,18094.428776155946,437.57122384405375
12,7,16,18753,18348.645662681127,404.35433731887315
12,7,17,19509,19997.9164737868,488.91647378680136
12,7,18,20455,21853.216809468115,1398.2168094681147
12,7,19,20054,18691.111497084,1362.888502916001
12,7,20,19631,18592.02419238647,1038.9758076135295
12,7,21,19153,17904.664519699105,1248.3354803008951
12,7,22,18455,18178.795029846453,276.20497015354704
12,7,23,17484,18127.862011270234,643.8620112702338
12,8,0,16398,14893.583026844779,1504.416973155221
12,8,1,15653,15755.96872159509,102.96872159509076
12,8,2,15207,14813.250258657317,393.7497413426827
12,8,3,15091,14751.29509281129,339.7049071887104
12,8,4,15004,15649.436392336185,645.4363923361852
12,8,5,15210,16102.049643825603,892.0496438256032
12,8,6,15681,16063.477637793987,382.477637793987
12,8,7,16819,16882.400342672474,63.400342672473926
12,8,8,18264,22021.773567587446,3757.7735675874465
12,8,9,18700,23631.60242347046,4931.60242347046
12,8,10,18980,21460.62727948572,2480.6272794857214
12,8,11,19101,19987.496075348172,886.4960753481719
12,8,12,19124,19587.198564075454,463.19856407545376
12,8,13,18803,19717.941863078413,914.941863078413
12,8,14,18635,19984.820701045028,1349.8207010450278
12,8,15,18513,19807.046019145615,1294.046019145615
12,8,16,18711,19107.54074354672,396.5407435467205
12,8,17,19658,18806.63129022316,851.3687097768416
12,8,18,20284,18009.553087350294,2274.446912649706
12,8,19,19971,19557.947179831954,413.0528201680463
12,8,20,19567,18521.63577557642,1045.3642244235816
12,8,21,19051,18225.770283988495,825.2297160115049
12,8,22,18403,17883.62321603468,519.3767839653192
12,8,23,17406,18253.539368423386,847.5393684233859
12,9,0,16398,14755.594898184761,1642.4051018152386
12,9,1,15619,14902.059476567489,716.9405234325113
12,9,2,15248,15070.869864850383,177.13013514961676
12,9,3,14925,14945.886695939373,20.886695939372657
12,9,4,14762,14663.92035288128,98.07964711872046
12,9,5,14933,14755.908334599706,177.091665400294
12,9,6,15623,15496.644851185321,126.35514881467861
12,9,7,16918,16362.826977500075,555.1730224999246
12,9,8,18245,17178.26682342905,1066.7331765709496
12,9,9,18451,17266.472981980874,1184.5270180191255
12,9,10,18561,18012.327352242886,548.6726477571137
12,9,11,18656,18175.499803972394,480.50019602760585
12,9,13,18534,17497.177217423276,1036.8227825767244
12,9,14,18688,17421.463299205112,1266.536700794888
12,9,15,18645,17683.21623552847,961.7837644715291
12,9,16,18582,17520.836110318516,1061.1638896814839
12,9,17,19016,17638.837253299702,1377.1627467002982
12,9,18,19527,16870.785265096,2656.2147349039988
12,9,19,19284,17220.322546627845,2063.6774533721546
12,9,20,19065,17343.850257443686,1721.1497425563139
12,9,21,18849,18140.518718928015,708.481281071985
12,9,22,18220,17622.233058851903,597.7669411480965
12,9,23,17062,17572.340309566327,510.34030956632705
12,10,0,16037,14170.044021055928,1866.9559789440718
12,10,1,15177,14356.653000126913,820.346999873087
12,10,2,14671,14554.887522730003,116.11247726999682
12,10,3,14413,14946.270065989476,533.2700659894763
12,10,4,14114,15060.985637651684,946.9856376516836
12,10,5,13978,15190.521272771648,1212.521272771648
12,10,6,14531,15195.511518487872,664.5115184878723
12,10,7,15860,15924.472635258035,64.47263525803464
12,10,8,17335,17352.157447124246,17.157447124245664
12,10,9,17732,17590.947585347094,141.052414652906
12,10,10,17815,17530.823653804415,284.1763461955852
12,10,11,17887,17787.514939372053,99.48506062794695
12,10,12,17869,17844.15918841689,24.840811583111645
12,10,13,17658,18013.212869545438,355.21286954543757
12,10,14,17577,17917.86856211097,340.8685621109689
12,10,15,17462,17880.662791333925,418.66279133392527
12,10,16,17625,17986.05787655526,361.05787655526
12,10,17,18053,18056.953387686197,3.9533876861969475
12,10,18,18658,17175.04169543436,1482.95830456564
12,10,19,18188,17287.991419793252,900.0085802067479
12,10,20,17638,17544.13493347614,93.86506652386015
12,10,21,16999,17508.054016853726,509.05401685372635
12,10,22,16411,17574.541114484553,1163.541114484553
12,10,23,15555,18106.93964740565,2551.9396474056484
12,11,0,14618,14130.33200596037,487.6679940396298
12,11,1,13854,14244.759082937699,390.7590829376986
12,11,2,13356,14166.857701224355,810.857701224355
12,11,3,13143,14164.617809002975,1021.6178090029753
12,11,4,13151,14055.497462406754,904.4974624067545
12,11,5,13186,13872.61311893261,686.6131189326097
12,11,6,13370,14264.704616164017,894.7046161640174
12,11,7,13852,14604.863062934206,752.863062934206
12,11,8,14532,15238.902191922616,706.9021919226161
12,11,9,15112,15533.838890196626,421.8388901966264
12,11,10,15668,15855.637025285949,187.63702528594877
12,11,11,15817,16403.97292577306,586.9729257730614
12,11,12,15520,16495.215593201898,975.2155932018977
12,11,13,15664,16687.242551164614,1023.2425511646143
12,11,14,15599,16889.879185150276,1290.8791851502756
12,11,15,15687,16506.167354593115,819.1673545931153
12,11,16,15482,15535.176957713671,53.17695771367107
12,11,17,16089,15851.828870656218,237.171129343782
12,11,18,16816,15891.617611630061,924.3823883699388
12,11,19,16679,16144.746300687364,534.253699312636
12,11,20,16303,16287.22911942101,15.770880578989818
12,11,21,15724,16862.85209068548,1138.8520906854792
12,11,22,15334,16661.42044986314,1327.4204498631407
12,11,23,14747,17236.454543020598,2489.454543020598
12,12,0,13996,13439.988168054591,556.0118319454086
12,12,1,13518,13046.497716363745,471.502283636255
12,12,2,13118,12486.436151572583,631.5638484274168
12,12,3,12896,12833.5395558726,62.46044412740048
12,12,4,12815,13219.53817280191,404.53817280190924
12,12,5,12890,13577.503957836443,687.5039578364431
12,12,6,13087,14759.12035092342,1672.1203509234201
12,12,7,13620,15731.05947979232,2111.0594797923204
12,12,8,14186,15255.530306907569,1069.530306907569
12,12,9,14520,14218.312712980469,301.68728701953114
12,12,10,14317,13988.236182886172,328.7638171138278
12,12,11,14211,14111.155409503208,99.84459049679208
12,12,12,14063,14278.232194488615,215.23219448861528
12,12,13,14090,14388.106924821053,298.1069248210533
12,12,14,13980,13974.991145645517,5.008854354482537
12,12,15,14137,14318.906399427688,181.90639942768757
12,12,16,14982,14496.58804324883,485.4119567511698
12,12,17,16161,15620.141485094902,540.8585149050978
12,12,18,17396,16323.049950178152,1072.9500498218476
12,12,19,17362,16518.431992644215,843.5680073557851
12,12,20,16944,16793.237451786983,150.762548213017
12,12,21,16535,16851.622106492352,316.62210649235203
12,12,22,15843,16890.585642159338,1047.585642159338
12,12,23,14852,16520.994524310765,1668.994524310765
12,13,0,13905,12884.5017480625,1020.4982519375008
12,13,1,13283,13070.934044972286,212.06595502771415
12,13,2,13047,13439.519928518652,392.5199285186518
12,13,3,12855,13605.45758120408,750.4575812040803
12,13,4,12938,14129.645099039051,1191.6450990390513
12,13,5,13152,13664.908099038164,512.9080990381644
12,13,6,13711,13856.028385271935,145.0283852719349
12,13,7,14924,14642.184739805227,281.81526019477315
12,13,8,16246,16345.09240737053,99.09240737053005
12,13,9,16571,16647.081539229035,76.08153922903512
12,13,10,16394,16848.443267902792,454.4432679027923
12,13,11,15813,16550.729129512576,737.729129512576
12,13,12,15312,16008.360360444753,696.3603604447526
12,13,13,15202,15925.73091918727,723.73091918727
12,13,14,15119,16126.612611039593,1007.6126110395926
12,13,15,15203,16167.14463529041,964.1446352904095
12,13,16,15949,17015.108344353215,1066.1083443532152
12,13,17,17146,18048.946142047498,902.9461420474981
12,13,18,18317,17330.086840925513,986.9131590744873
12,13,19,18067,17190.43608863166,876.5639113683392
12,13,20,17669,17445.111027329807,223.88897267019274
12,13,21,17365,17866.32219828397,501.3221982839714
12,13,22,16986,17881.737662259715,895.7376622597149
12,13,23,15972,18098.170487851436,2126.1704878514356
12,14,0,14882,14614.871742316032,267.1282576839676
12,14,1,14080,14913.58155896274,833.58155896274
12,14,2,13834,14789.194825031453,955.1948250314526
12,14,3,13692,15012.81847822831,1320.8184782283097
12,14,4,13750,15080.067183007044,1330.0671830070442
12,14,5,13784,14991.207810948472,1207.207810948472
12,14,6,14235,14922.885093075325,687.8850930753251
12,14,7,15357,15080.179451439606,276.82054856039395
12,14,8,16660,16376.832265789972,283.16773421002836
12,14,9,16950,16446.510193456816,503.4898065431844
12,14,10,16504,16839.78534737205,335.7853473720497
12,14,11,15942,17016.647639426596,1074.6476394265956
12,14,12,15679,16964.467088177407,1285.4670881774073
12,14,13,15516,17359.1103798549,1843.110379854901
12,14,14,15604,17640.119050562804,2036.1190505628037
12,14,15,16018,17622.31851261947,1604.3185126194694
12,14,16,16810,17803.296148620415,993.2961486204149
12,14,17,17705,17939.345508569742,234.34550856974238
12,14,18,18700,17077.05916096233,1622.9408390376702
12,14,19,18161,17241.278481636346,919.7215183636545
12,14,20,17764,17342.459391039694,421.5406089603057
12,14,21,17435,17378.415658198457,56.584341801542905
12,14,22,16906,17291.375141392942,385.37514139294217
12,14,23,16006,17282.454353319932,1276.4543533199321
12,15,0,14838,13954.983476375093,883.0165236249068
12,15,1,14342,14248.629401777262,93.37059822273841
12,15,2,13889,14277.412981505002,388.4129815050019
12,15,3,13520,13867.81534821192,347.8153482119196
12,15,4,13226,13843.594086881909,617.5940868819089
12,15,5,13537,14027.043362961962,490.043362961962
12,15,6,14211,14536.159077017053,325.1590770170533
12,15,7,15379,15794.313484740747,415.3134847407473
12,15,8,16488,17008.057223878473,520.0572238784735
12,15,9,17109,17050.147158018153,58.85284198184672
12,15,10,17288,17086.060106315894,201.9398936841062
12,15,11,17466,17161.056518920122,304.94348107987753
12,15,12,17650,17331.850263948167,318.1497360518333
12,15,13,17680,17396.90436316592,283.09563683408123
12,15,14,17672,17606.324558017648,65.67544198235191
12,15,15,17661,17550.692968349038,110.30703165096202
12,15,16,17460,17788.3975353427,328.3975353427013
12,15,17,18087,18020.93840333133,66.06159666867097
12,15,18,18594,17369.609203048938,1224.390796951062
12,15,19,18000,17407.701479161722,592.2985208382779
12,15,20,17451,17377.655959363343,73.34404063665716
12,15,21,17080,17556.04148401011,476.04148401011116
12,15,22,16377,17530.44425219853,1153.4442521985293
12,15,23,15194,17229.586203977065,2035.5862039770655
12,16,0,14282,13968.689727184785,313.3102728152153
12,16,1,13579,13885.363299272085,306.363299272085
12,16,2,12989,13525.288194996268,536.2881949962684
12,16,3,12800,13875.07001163876,1075.0700116387598
12,16,4,12633,13672.36337371549,1039.3633737154905
12,16,5,12657,14484.45909852148,1827.45909852148
12,16,6,13211,14827.702673460873,1616.7026734608735
12,16,7,14452,15420.185169057346,968.1851690573458
12,16,8,15836,17728.335881583844,1892.3358815838437
12,16,9,16115,17337.654144783024,1222.654144783024
12,16,10,16137,17648.643226497024,1511.6432264970244
12,16,11,15955,16961.35798449615,1006.3579844961496
12,16,12,15836,16834.28089072169,998.2808907216895
12,16,13,16076,17041.5868422539,965.5868422538988
12,16,14,16183,17194.33653833073,1011.3365383307282
12,16,15,16317,17626.15317250631,1309.1531725063105
12,16,16,16374,18009.551282718512,1635.551282718512
12,16,17,16695,17853.453838921916,1158.453838921916
12,16,18,17343,16772.919850679904,570.0801493200961
12,16,19,17284,17478.29466957653,194.2946695765313
12,16,20,17011,17498.72654511117,487.7265451111707
12,16,21,16616,17526.81788833867,910.8178883386718
12,16,22,16046,17908.14176032548,1862.1417603254813
12,16,23,15018,17129.134681287018,2111.134681287018
12,17,0,14079,13398.571882566393,680.4281174336065
12,17,1,13531,13539.428614216236,8.428614216236383
12,17,2,13212,13298.27871916363,86.27871916363074
12,17,3,12991,13950.762116347385,959.762116347385
12,17,4,13185,14950.322613367804,1765.3226133678036
12,17,5,13441,15138.379598261703,1697.379598261703
12,17,6,13898,14761.791310303557,863.7913103035571
12,17,7,14863,14724.37761504623,138.62238495376914
12,17,8,16240,16228.331025786065,11.668974213935144
12,17,9,16645,16303.055949853806,341.94405014619406
12,17,10,16498,16669.826258864014,171.82625886401365
12,17,11,16294,16896.539057102247,602.5390571022472
12,17,12,16253,17038.90227855969,785.9022785596899
12,17,13,16139,17336.843369559276,1197.8433695592757
12,17,14,16191,17569.43448462068,1378.4344846206805
12,17,15,16438,17635.423275235535,1197.4232752355347
12,17,16,17018,17709.38509684817,691.3850968481711
12,17,17,17854,18113.836606088793,259.8366060887929
12,17,18,18606,16847.862397037337,1758.1376029626626
12,17,19,18289,16920.512208906606,1368.4877910933938
12,17,20,17954,17116.73576972934,837.264230270659
12,17,21,17567,17213.394810503924,353.6051894960765
12,17,22,16794,17601.782036696866,807.7820366968663
12,17,23,15801,17466.57441751823,1665.57441751823
12,18,0,14827,13740.321200415015,1086.6787995849845
12,18,1,14042,13984.3247785548,57.675221445200805
12,18,2,13600,14160.30203864028,560.3020386402804
12,18,3,13358,14271.740003872052,913.7400038720516
12,18,4,13287,14955.605148743765,1668.6051487437653
12,18,5,13304,15029.327902020133,1725.3279020201335
12,18,6,13576,15359.254302360743,1783.2543023607432
12,18,7,14424,15222.930381400576,798.9303814005762
12,18,8,15411,15492.702454717517,81.70245471751696
12,18,9,16011,15603.089850536231,407.9101494637689
12,18,10,16968,15653.318991268869,1314.6810087311314
12,18,11,17505,15746.022302582356,1758.9776974176439
12,18,12,17860,15951.822657489118,1908.1773425108822
12,18,13,18147,16205.525903521851,1941.4740964781486
12,18,14,17883,16286.665418318727,1596.3345816812725
12,18,15,17609,16414.418934344518,1194.5810656554822
12,18,16,17623,16543.981454221834,1079.0185457781663
12,18,17,18319,16609.277502827164,1709.7224971728356
12,18,18,18823,16735.771481033808,2087.2285189661925
12,18,19,18540,16943.43976927724,1596.56023072276
12,18,20,17870,16877.347496896415,992.6525031035853
12,18,21,17370,17315.57106387044,54.42893612955959
12,18,22,16713,17666.711074478375,953.7110744783749
12,18,23,15955,17819.51847152555,1864.518471525549
12,19,0,15122,14372.33957155704,749.6604284429595
12,19,1,14490,14476.571239226356,13.428760773644171
12,19,2,14053,14726.062567175642,673.0625671756425
12,19,3,13799,14425.883216964347,626.8832169643465
12,19,4,13689,14612.57760460503,923.5776046050305
12,19,5,13711,14737.34638126907,1026.3463812690698
12,19,6,13965,14694.288551893878,729.2885518938783
12,19,7,14637,15045.056158571198,408.05615857119847
12,19,8,15323,15120.081222178433,202.91877782156735
12,19,9,15989,15557.774481476114,431.2255185238864
12,19,10,16505,15480.75900947626,1024.24099052374
12,19,11,16694,15523.809884779084,1170.1901152209157
12,19,12,16831,15772.276036298743,1058.7239637012572
12,19,13,16778,15874.72262175258,903.2773782474196
12,19,14,16541,15794.2320682281,746.7679317718994
12,19,15,16636,15881.500253350549,754.4997466494515
12,19,16,17008,15666.916298610517,1341.0837013894834
12,19,17,17920,16100.626748266883,1819.3732517331173
12,19,18,19272,17657.583491314792,1614.416508685208
12,19,19,18916,16875.180648220736,2040.8193517792643
12,19,20,18432,16515.647846474883,1916.3521535251166
12,19,21,18116,16328.92094154154,1787.0790584584593
12,19,22,17437,16833.354767626915,603.6452323730846
12,19,23,16524,17034.036421516143,510.0364215161426
12,20,0,15650,14433.830097867383,1216.1699021326167
12,20,1,14851,14558.229364621686,292.7706353783142
12,20,2,14408,14341.347452725762,66.6525472742378
12,20,3,14340,14585.618633933916,245.6186339339165
12,20,4,14241,14835.885718659772,594.8857186597725
12,20,5,14402,14394.387693703187,7.612306296812676
12,20,6,14972,14058.355568301373,913.6444316986272
12,20,7,15980,14989.58951113901,990.4104888609909
12,20,8,17015,16200.030891881706,814.9691081182937
12,20,9,17496,15839.454368360432,1656.5456316395685
12,20,10,17674,17449.89397313694,224.10602686306083
12,20,11,18009,17521.34465652654,487.65534347345965
12,20,12,17905,17690.444606444617,214.5553935553835
12,20,13,17652,17816.074829848047,164.07482984804665
12,20,14,17390,17891.250600548134,501.25060054813366
12,20,15,17243,17946.86260415782,703.8626041578209
12,20,16,17366,17851.42191013248,485.42191013248157
12,20,17,18073,17394.353526259983,678.6464737400165
12,20,18,19140,17031.372819115866,2108.627180884134
12,20,19,18624,16776.033374740673,1847.966625259327
12,20,20,18089,16745.324627011672,1343.6753729883276
12,20,21,17691,16570.766294806916,1120.2337051930845
12,20,22,17094,16550.71073645016,543.2892635498392
12,20,23,16141,16654.958611834278,513.9586118342777
12,21,0,15083,13240.860865135497,1842.139134864503
12,21,1,14360,13455.612935236335,904.387064763665
12,21,2,14009,13457.057259976586,551.9427400234144
12,21,3,13916,13590.79465041968,325.2053495803193
12,21,4,13777,13678.523866800058,98.47613319994161
12,21,5,13995,13989.01109516946,5.988904830539468
12,21,6,14651,15015.516404819118,364.5164048191182
12,21,7,15782,15315.506207351527,466.49379264847266
12,21,8,16945,16653.925941779562,291.074058220438
12,21,9,17422,16849.052978892643,572.9470211073567
12,21,10,17292,16926.765979415803,365.2340205841974
12,21,11,17145,17108.53192739101,36.46807260899004
12,21,12,17017,16779.523812884734,237.47618711526593
12,21,13,16923,16784.177434841393,138.82256515860718
12,21,14,16948,16779.292584830386,168.70741516961425
12,21,15,17214,17563.020571209672,349.0205712096722
12,21,16,17622,17833.85002775476,211.85002775476096
12,21,17,18390,18227.970908307143,162.02909169285704
12,21,18,19204,17293.097976571094,1910.9020234289055
12,21,19,18434,17012.71895167057,1421.2810483294306
12,21,20,18009,17022.439776376712,986.560223623288
12,21,21,17663,17186.418311049394,476.5816889506059
12,21,22,17021,17655.57537673459,634.5753767345886
12,21,23,16152,17498.02775961665,1346.0277596166488
12,22,0,15245,13889.638761715982,1355.3612382840183
12,22,1,14327,14180.436853826463,146.56314617353746
12,22,2,13809,14219.777492991294,410.7774929912939
12,22,3,13558,14303.89828351379,745.8982835137904
12,22,4,13460,14288.028930735885,828.0289307358853
12,22,5,13683,14139.139316420275,456.13931642027455
12,22,6,14308,14399.389829634978,91.38982963497801
12,22,7,15402,14367.771946765599,1034.2280532344012
12,22,8,16689,15512.401550216837,1176.5984497831632
12,22,9,17318,16023.537803726398,1294.4621962736019
12,22,10,17633,16852.573071179002,780.426928820998
12,22,11,17324,16280.003393473364,1043.9966065266362
12,22,12,17286,16296.10436497736,989.8956350226399
12,22,13,17446,16403.37638554262,1042.6236144573813
12,22,14,17435,17051.447805357566,383.5521946424342
12,22,15,17533,16648.800933313185,884.1990666868151
12,22,16,17813,16986.85121826574,826.1487817342604
12,22,17,18553,17679.124795695545,873.8752043044551
12,22,18,19432,16992.709610339276,2439.290389660724
12,22,19,19511,17314.49927993241,2196.50072006759
12,22,20,19098,17572.975772437938,1525.0242275620622
12,22,21,18800,17719.99106765571,1080.0089323442917
12,22,22,18274,17748.37286417255,525.6271358274498
12,22,23,17406,17909.04921905621,503.04921905621086
12,23,0,16365,14758.522758363453,1606.4772416365468
12,23,1,15709,15451.276266787067,257.72373321293344
12,23,2,15210,15674.814468308483,464.8144683084829
12,23,3,14868,15679.077081750875,811.0770817508746
12,23,4,15009,15722.183208683935,713.1832086839349
12,23,5,15069,16246.241579691154,1177.2415796911537
12,23,6,15619,16330.957803369636,711.9578033696362
12,23,7,16559,16394.38511914863,164.6148808513717
12,23,8,17782,18292.855444433197,510.8554444331967
12,23,9,18125,18447.167124550193,322.16712455019297
12,23,10,18139,20007.373087596425,1868.3730875964247
12,23,11,17852,17891.26235513801,39.2623551380093
12,23,12,17361,17501.918298764554,140.9182987645545
12,23,13,17201,17487.223735276624,286.2237352766242
12,23,14,17398,17637.43206685136,239.43206685136101
12,23,15,17554,17585.41665855697,31.416658556969196
12,23,16,17915,18007.317148806855,92.31714880685468
12,23,17,18493,18230.515999616262,262.484000383738
12,23,18,19023,17588.586176591358,1434.4138234086422
12,23,19,18758,17534.014656872227,1223.9853431277734
12,23,20,18755,17648.903954259033,1106.0960457409674
12,23,21,18586,17815.793429247864,770.206570752136
12,23,22,17909,18155.42421543406,246.4242154340609
12,23,23,16844,18360.62026467486,1516.6202646748607
12,24,0,15766,14619.628859642029,1146.371140357971
12,24,1,15077,15052.309752727924,24.690247272075794
12,24,2,14417,14950.898768052506,533.8987680525061
12,24,3,14104,15076.471141880073,972.4711418800725
12,24,4,13989,15405.759121763313,1416.7591217633126
12,24,5,14122,15729.212606724675,1607.2126067246754
12,24,6,14290,15824.834235182667,1534.8342351826668
12,24,7,14959,15851.505009752997,892.5050097529966
12,24,8,15628,15895.971952712951,267.97195271295095
12,24,9,16071,16177.261615005544,106.26161500554372
12,24,10,16455,17100.142909819977,645.1429098199769
12,24,11,16634,16879.311999726837,245.3119997268368
12,24,12,16758,17012.913738105948,254.91373810594814
12,24,13,16430,17026.66941712417,596.6694171241688
12,24,14,16179,17309.53422043282,1130.534220432819
12,24,15,16220,17515.47267533581,1295.4726753358118
12,24,16,16347,17362.26576602106,1015.2657660210607
12,24,17,16730,17263.380146190037,533.3801461900366
12,24,18,17177,16676.33156790556,500.6684320944405
12,24,19,16677,16855.252609754494,178.2526097544942
12,24,20,16118,16602.015077134572,484.0150771345725
12,24,21,15831,16823.982399926128,992.982399926128
12,24,22,15128,16877.012690810872,1749.0126908108723
12,24,23,14737,17282.72213933922,2545.722139339221
12,25,0,14129,12440.789697434844,1688.2103025651559
12,25,1,13452,12913.655582794663,538.3444172053369
12,25,2,12883,12956.151028647415,73.15102864741493
12,25,3,12694,13334.821618638985,640.8216186389855
12,25,4,12606,13334.10721087569,728.1072108756907
12,25,5,12583,13752.110078153897,1169.1100781538971
12,25,6,12786,13562.989164227201,776.9891642272014
12,25,7,13051,13822.923083306687,771.9230833066867
12,25,8,13633,14043.665243341695,410.6652433416948
12,25,9,14469,14082.876216261422,386.1237837385779
12,25,10,14812,14852.684028946085,40.684028946085164
12,25,11,14932,15269.533978413448,337.5339784134485
12,25,12,15152,15395.635831688249,243.6358316882488
12,25,13,15323,15388.865149317706,65.8651493177058
12,25,14,15337,15098.517985911152,238.4820140888478
12,25,15,15544,15097.22697170303,446.77302829696964
12,25,16,15467,15259.158638641198,207.8413613588018
12,25,17,15933,15828.717404962994,104.2825950370061
12,25,18,16078,16214.967401345471,136.96740134547144
12,25,19,15527,16075.552073155375,548.5520731553752
12,25,20,15232,16427.248014765137,1195.2480147651368
12,25,21,15103,16874.23703563878,1771.23703563878
12,25,22,14829,17088.709255373935,2259.709255373935
12,25,23,14416,16974.487841097947,2558.4878410979472
12,26,0,13523,12948.633568771289,574.366431228711
12,26,1,13250,12648.019844479251,601.9801555207487
12,26,2,12695,12848.285999486936,153.2859994869359
12,26,3,12609,14250.726388788384,1641.7263887883837
12,26,4,12531,14106.394929266118,1575.3949292661182
12,26,5,12517,13328.305964338891,811.3059643388915
12,26,6,12606,12801.943149761602,195.9431497616024
12,26,7,12998,12955.191969487512,42.808030512487676
12,26,8,13443,13448.05866212485,5.058662124849434
12,26,9,13896,13942.450855916853,46.45085591685347
12,26,10,14269,14404.20520912772,135.20520912772008
12,26,11,14683,14752.897891467821,69.89789146782095
12,26,12,14962,14919.622164092645,42.37783590735489
12,26,13,15133,15124.45576999254,8.544230007459191
12,26,14,14824,15025.504035605369,201.5040356053687
12,26,15,14933,15722.872791113883,789.8727911138831
12,26,16,15295,15855.817534978432,560.8175349784324
12,26,17,16068,15823.924997525271,244.07500247472854
12,26,18,16873,16118.968091474744,754.0319085252559
12,26,19,16782,16144.220213047378,637.7797869526221
12,26,20,16468,16192.420316877688,275.5796831223124
12,26,21,16153,16453.068599413804,300.0685994138039
12,26,22,15674,16423.546015172033,749.5460151720326
12,26,23,15071,16639.34888183036,1568.3488818303595
12,27,0,14410,13827.393644878253,582.6063551217467
12,27,1,14054,14006.196333960517,47.80366603948278
12,27,2,13475,13051.551493950268,423.4485060497318
12,27,3,13460,13868.51714085159,408.51714085159074
12,27,4,13092,13584.841660164786,492.84166016478594
12,27,5,13472,14932.68089031651,1460.6808903165092
12,27,6,13814,14676.408169087172,862.4081690871717
12,27,7,14005,14054.155707574679,49.15570757467867
12,27,8,14710,14077.612460759732,632.3875392402679
12,27,9,15408,14399.013442663423,1008.9865573365769
12,27,10,16134,14539.37738347783,1594.6226165221706
12,27,11,16384,15587.954111578754,796.0458884212458
12,27,12,16566,15901.45167853832,664.5483214616797
12,27,13,16804,16009.000935541331,794.9990644586687
12,27,14,16994,16020.040629902458,973.959370097542
12,27,15,17074,16228.411613297505,845.588386702495
12,27,16,17466,16584.925525035513,881.0744749644873
12,27,17,18038,16411.60852487527,1626.3914751247285
12,27,18,18497,16367.283179037206,2129.7168209627944
12,27,19,18236,16458.379961600254,1777.6200383997457
12,27,20,17904,16758.290508301838,1145.7094916981623
12,27,21,17129,17038.76163882587,90.23836117413157
12,27,22,16432,17250.75287106249,818.7528710624902
12,27,23,15737,17203.489532551266,1466.4895325512662
12,28,0,14707,13589.392581742837,1117.6074182571629
12,28,1,13990,13620.274002841852,369.72599715814795
12,28,2,13592,14176.224326292127,584.2243262921274
12,28,3,13535,13617.908127780505,82.90812778050531
12,28,4,13380,13414.206013173769,34.20601317376895
12,28,5,13432,13258.356061132421,173.64393886757898
12,28,6,13575,13240.531589188438,334.4684108115616
12,28,7,14305,13668.434507248716,636.5654927512842
12,28,8,14988,13827.351009542052,1160.6489904579485
12,28,9,15380,14341.920994850805,1038.079005149195
12,28,10,15939,15040.018509664265,898.9814903357346
12,28,11,16239,15147.323953331936,1091.6760466680644
12,28,12,16405,15233.797629168752,1171.2023708312481
12,28,13,16594,15440.144740337752,1153.8552596622485
12,28,14,16616,15585.592329157003,1030.4076708429966
12,28,15,16873,15658.37708778678,1214.6229122132208
12,28,16,16976,15783.731263064803,1192.268736935197
12,28,17,17662,15902.469544610793,1759.5304553892074
12,28,18,18182,16163.454926892111,2018.545073107889
12,28,19,17657,16010.976633812346,1646.0233661876537
12,28,20,17034,16335.686038654801,698.3139613451985
12,28,21,16904,16462.116743986608,441.8832560133924
12,28,22,16347,16667.093962676194,320.09396267619377
12,28,23,15549,16657.541598790805,1108.5415987908054
12,29,0,14675,14303.003065244064,371.9969347559363
12,29,1,13996,14412.935731965066,416.9357319650662
12,29,2,13565,15004.97800156618,1439.97800156618
12,29,3,13398,15028.944135435677,1630.9441354356768
12,29,4,13278,15142.47960228345,1864.4796022834507
12,29,5,13459,15684.27821090986,2225.2782109098607
12,29,6,13782,15286.008073711333,1504.008073711333
12,29,7,14488,15527.414889047237,1039.414889047237
12,29,8,15378,16896.050008509006,1518.0500085090061
12,29,9,15798,17178.336869335213,1380.3368693352131
12,29,10,16242,17535.095886426818,1293.0958864268177
12,29,11,16458,17898.416478564926,1440.4164785649264
12,29,12,16721,17940.186372073757,1219.1863720737565
12,29,13,16792,18091.540152925118,1299.5401529251176
12,29,14,16704,18115.39605156784,1411.396051567841
12,29,15,16662,18120.21864901186,1458.2186490118584
12,29,16,16995,18185.24505168132,1190.2450516813187
12,29,17,17692,18417.206771593756,725.2067715937555
12,29,18,18522,17763.977773549275,758.0222264507247
12,29,19,17829,17869.058317432493,40.05831743249291
12,29,20,17291,18113.474831548017,822.4748315480174
12,29,21,16831,18200.050509231707,1369.050509231707
12,29,22,16122,18289.74606906581,2167.7460690658118
12,29,23,15171,18341.670740092144,3170.670740092144
12,30,0,14434,15164.98438169951,730.9843816995108
12,30,1,13822,14943.821914426926,1121.821914426926
12,30,2,13469,15191.105488661757,1722.1054886617567
12,30,3,13279,15512.408981085602,2233.408981085602
12,30,4,13069,15675.214748930324,2606.2147489303243
12,30,5,13258,15469.23889403494,2211.238894034939
12,30,6,13710,15583.935364300312,1873.9353643003124
12,30,7,14557,15423.249065532176,866.2490655321762
12,30,8,15306,16859.05427932563,1553.0542793256318
12,30,9,15838,17058.168993193096,1220.168993193096
12,30,10,16123,17337.421741731483,1214.421741731483
12,30,11,16129,17583.726508710533,1454.7265087105334
12,30,12,16220,17784.564868557813,1564.5648685578126
12,30,13,16411,17928.701350692314,1517.701350692314
12,30,14,16446,18007.245211884252,1561.245211884252
12,30,15,16583,18082.335030656803,1499.3350306568027
12,30,16,16662,18150.348791981705,1488.3487919817053
12,30,17,17355,18315.08970692057,960.0897069205712
12,30,18,18162,17508.059622401288,653.9403775987121
12,30,19,17784,17664.97547701918,119.02452298082062
12,30,20,17393,17821.87629079105,428.87629079104954
12,30,21,16992,17817.375164783338,825.3751647833378
12,30,22,16341,18279.020750977175,1938.0207509771753
12,30,23,15432,18730.264984456684,3298.264984456684
12,31,0,14506,15074.19626845912,568.1962684591199
12,31,1,13909,15503.149919182617,1594.149919182617
12,31,2,13404,14853.916743137397,1449.9167431373971
12,31,3,13175,15087.459790724519,1912.4597907245188
12,31,4,13056,14970.99350887962,1914.9935088796192
12,31,5,13107,15461.222832147374,2354.222832147374
12,31,6,13386,14922.024383389487,1536.0243833894874
12,31,7,13936,14819.383856231969,883.3838562319688
12,31,8,14608,16787.490370622385,2179.490370622385
12,31,9,15360,17232.190503398986,1872.190503398986
12,31,10,15851,17282.841005624236,1431.8410056242355
12,31,11,16105,17510.348367446808,1405.348367446808
12,31,12,16044,17944.82494999957,1900.824949999569
12,31,13,16053,18116.76265880291,2063.762658802909
12,31,14,15979,18463.945133604164,2484.945133604164
12,31,15,15793,18187.364365702837,2394.364365702837
12,31,16,16149,18666.111849416167,2517.1118494161674
12,31,17,16546,18334.01989209861,1788.0198920986113
12,31,18,17372,17910.865456211235,538.8654562112351
12,31,19,16870,17783.176416073948,913.1764160739476
12,31,20,16046,18130.82620015549,2084.8262001554904
12,31,21,15529,18128.191216834268,2599.191216834268
12,31,22,15112,18419.502692866467,3307.5026928664665
12,31,23,14596,18222.910728989733,3626.910728989733
11,1,0,12772,14765.611019988222,1993.6110199882223
11,1,1,12284,14966.923315280039,2682.923315280039
11,1,2,12236,14781.324506354074,2545.3245063540744
11,1,3,12269,15074.217673126084,2805.2176731260843
11,1,4,12367,15280.620145871913,2913.6201458719133
11,1,5,12851,15885.769263845626,3034.7692638456265
11,1,6,14082,15915.197695570892,1833.1976955708924
11,1,7,15627,16681.325165902184,1054.3251659021844
11,1,8,16039,17134.672082443823,1095.6720824438235
11,1,9,16042,17135.464371635095,1093.4643716350947
11,1,10,16236,17864.511051702208,1628.5110517022076
11,1,11,15565,17488.18904573926,1923.1890457392583
11,1,12,15011,17549.9674221882,2538.9674221882015
11,1,13,14862,17500.26605669001,2638.2660566900086
11,1,14,14757,17736.71272866724,2979.7127286672403
11,1,15,14781,18601.74792615744,3820.747926157441
11,1,16,15241,19212.770494895005,3971.770494895005
11,1,17,16081,19379.988749889293,3298.988749889293
11,1,18,16399,18213.187247378737,1814.187247378737
11,1,19,16267,18134.931105578777,1867.9311055787766
11,1,20,15889,18427.31745188397,2538.3174518839696
11,1,21,15348,18028.99284773759,2680.9928477375906
11,1,22,14746,18096.313628243177,3350.313628243177
11,1,23,13642,17755.683867728654,4113.683867728654
11,2,0,12777,14723.945326392606,1946.9453263926061
11,2,1,12509,15226.298167042223,2717.298167042223
11,2,2,12279,15120.296677073093,2841.2966770730927
11,2,3,12363,15278.447871883025,2915.447871883025
11,2,4,12516,15458.404135046525,2942.404135046525
11,2,5,13144,15681.77693693454,2537.7769369345406
11,2,6,14597,16244.432844659339,1647.432844659339
11,2,7,15966,16594.48763113745,628.4876311374501
11,2,8,16083,17396.267426082715,1313.2674260827152
11,2,9,15620,17625.849849939525,2005.8498499395246
11,2,10,15106,17284.222945647296,2178.222945647296
11,2,11,14769,17194.723424627235,2425.7234246272346
11,2,12,14635,16751.235292677047,2116.2352926770473
11,2,13,14545,16933.901459849614,2388.901459849614
11,2,14,14445,17155.530921531452,2710.530921531452
11,2,15,14680,17521.087532063117,2841.0875320631167
11,2,16,15360,17847.45206998627,2487.4520699862696
11,2,17,16244,17670.808232455474,1426.8082324554744
11,2,18,16636,16833.02448735677,197.02448735677171
11,2,19,16404,16766.94304819804,362.94304819804165
11,2,21,15310,17146.178962777656,1836.1789627776561
11,2,22,14308,17232.154050012512,2924.154050012512
11,2,23,13245,17354.275620961194,4109.275620961194
11,3,0,12753,14202.187721053713,1449.1877210537132
11,3,1,12577,14667.62202997662,2090.622029976619
11,3,2,12349,14774.213623061425,2425.213623061425
11,3,3,12130,15070.618809095879,2940.6188090958785
11,3,4,12219,15508.09723357963,3289.0972335796305
11,3,5,12920,15749.853622309667,2829.853622309667
11,3,6,14352,15946.929686235417,1594.9296862354167
11,3,8,15976,16906.112142226026,930.1121422260258
11,3,9,15764,17420.27857315513,1656.2785731551303
11,3,10,15727,18764.846501927994,3037.846501927994
11,3,11,15279,16657.344592978534,1378.344592978534
11,3,12,14822,16416.178322738495,1594.178322738495
11,3,13,14634,16070.852128773258,1436.8521287732583
11,3,14,14592,16412.59632578996,1820.5963257899602
11,3,15,14741,17041.8921266263,2300.8921266262987
11,3,16,15439,17106.32975605108,1667.32975605108
11,3,17,16172,17484.329915524726,1312.329915524726
11,3,18,16537,16496.72076744904,40.27923255096175
11,3,19,16355,16444.606023730877,89.6060237308775
11,3,20,15717,16297.422088818104,580.4220888181044
11,3,21,15123,16215.878085500217,1092.878085500217
11,3,22,14308,16101.334101103002,1793.3341011030025
11,3,23,13388,15972.396938520063,2584.3969385200635
11,4,0,12720,12842.421613701134,122.42161370113354
11,4,1,12163,13158.895262278842,995.895262278842
11,4,2,11941,13367.37278508198,1426.3727850819796
11,4,3,11874,13390.20692290899,1516.2069229089902
11,4,4,11948,13249.656080623996,1301.6560806239959
11,4,5,12578,13921.909326851126,1343.909326851126
11,4,6,13868,14282.340457587283,414.3404575872828
11,4,7,15203,15353.588027983316,150.58802798331635
11,4,8,15354,16460.458350409586,1106.4583504095863
11,4,9,15152,16339.670635567489,1187.6706355674887
11,4,12,14286,16299.768822825057,2013.7688228250572
11,4,13,14243,16220.64525319883,1977.6452531988307
11,4,14,14507,16713.571929443697,2206.5719294436967
11,4,15,14639,17031.434260665723,2392.434260665723
11,4,16,14934,17828.175572656677,2894.175572656677
11,4,17,15766,18039.80722325838,2273.80722325838
11,4,18,15990,16572.965655640688,582.965655640688
11,4,19,15666,16448.9050869484,782.9050869484017
11,4,20,15237,16476.59228335556,1239.5922833555596
11,4,21,14561,16368.476491139205,1807.4764911392049
11,4,22,13737,15785.182193804867,2048.182193804867
11,4,23,13011,16157.905998533295,3146.905998533295
11,5,0,12241,12130.078437826629,110.92156217337106
11,5,1,11730,11806.219857812162,76.21985781216245
11,5,2,11516,11860.344009857323,344.3440098573228
11,5,3,11270,12596.01627831436,1326.0162783143605
11,5,4,11303,12377.618095364382,1074.6180953643816
11,5,5,11562,12506.872792918914,944.8727929189135
11,5,6,12082,13110.984807986622,1028.9848079866224
11,5,7,12815,13333.895360028619,518.8953600286186
11,5,8,13467,13688.617669866726,221.61766986672592
11,5,9,13834,14201.40335635278,367.40335635277916
11,5,10,13882,14026.304293752424,144.3042937524242
11,5,11,13835,14122.626314905858,287.6263149058577
11,5,12,13676,14327.717073009137,651.7170730091366
11,5,13,13502,14185.533509562698,683.5335095626979
11,5,14,13623,14751.394904054658,1128.3949040546577
11,5,15,14133,15277.543543348236,1144.5435433482362
11,5,16,14580,15883.799602573225,1303.7996025732245
11,5,17,14918,15748.495369631102,830.4953696311022
11,5,18,15109,15898.971243392458,789.9712433924578
11,5,19,14933,15739.040359515828,806.0403595158277
11,5,20,14390,15295.5850485034,905.5850485034007
11,5,21,13943,15504.111109752504,1561.1111097525045
11,5,22,13390,15917.916072732425,2527.916072732425
11,5,23,12581,15841.769735334687,3260.7697353346866
11,6,0,11921,12606.059771812628,685.0597718126282
11,6,2,11105,11865.420420504986,760.4204205049864
11,6,3,10988,12114.508381207172,1126.5083812071716
11,6,4,10963,12396.515651992522,1433.5156519925222
11,6,5,10931,12130.231101564099,1199.231101564099
11,6,6,11072,12136.4411343524,1064.4411343524007
11,6,7,11863,12546.278311564301,683.2783115643015
11,6,8,12706,13427.630352831724,721.6303528317239
11,6,9,13151,13833.411039603036,682.4110396030355
11,6,10,13180,14137.855175976772,957.8551759767724
11,6,11,12875,13787.420937383518,912.4209373835183
11,6,12,12879,13888.145733267938,1009.1457332679383
11,6,13,12998,13685.263194353782,687.2631943537817
11,6,14,13080,14150.79749639571,1070.7974963957095
11,6,15,13307,14518.895191891708,1211.8951918917082
11,6,16,13672,14705.874306124684,1033.8743061246842
11,6,17,14648,14615.32400470292,32.67599529708059
11,6,18,15428,15289.170653219388,138.82934678061247
11,6,19,15217,15081.71622626098,135.28377373902003
11,6,20,14569,15215.702364309342,646.7023643093416
11,6,21,14220,15202.386908426863,982.3869084268626
11,6,22,13509,15252.148795775485,1743.1487957754853
11,6,23,12749,15710.148262858778,2961.1482628587783
11,7,0,12111,13159.943883438475,1048.9438834384746
11,7,1,11683,12984.35281804831,1301.35281804831
11,7,2,11398,13322.769884002337,1924.7698840023368
11,7,3,11399,13526.553190772282,2127.5531907722816
11,7,4,11371,12905.91328678533,1534.9132867853295
11,7,5,11619,13340.405474651478,1721.4054746514776
11,7,6,12204,13261.727256426882,1057.7272564268824
11,7,7,13446,13435.84129452567,10.158705474330418
11,7,8,14523,14793.014736653076,270.0147366530764
11,7,9,14518,14777.130114966772,259.13011496677245
11,7,10,14263,14948.487559740695,685.4875597406954
11,7,11,13991,15310.149555832417,1319.1495558324168
11,7,12,14487,15678.711095721781,1191.711095721781
11,7,13,14671,15758.92900851536,1087.9290085153607
11,7,14,14620,15888.413969837038,1268.4139698370382
11,7,15,14797,15954.549560923897,1157.549560923897
11,7,16,15285,16008.034393615444,723.0343936154441
11,7,17,16214,16630.05305192014,416.0530519201384
11,7,18,17204,16114.016007010412,1089.983992989588
11,7,19,16936,16055.42171343131,880.5782865686906
11,7,20,16440,16170.788863861386,269.21113613861417
11,7,21,15733,16279.574762841996,546.5747628419958
11,7,22,15066,16200.037112862829,1134.0371128628285
11,7,23,14351,16144.282267127728,1793.2822671277281
11,8,0,13548,12837.552188954529,710.4478110454711
11,8,1,12933,13111.739746825033,178.73974682503285
11,8,2,12975,13478.043688122145,503.0436881221449
11,8,3,12756,13318.507361749551,562.5073617495509
11,8,4,12572,13629.31696322077,1057.31696322077
11,8,5,12651,14094.785539458971,1443.7855394589715
11,8,6,13251,13860.333795298187,609.3337952981874
11,8,7,14560,14815.727594914793,255.72759491479337
11,8,8,16040,16431.06261856806,391.0626185680594
11,8,9,15787,16525.78560744546,738.7856074454612
11,8,10,15282,15820.015963034988,538.0159630349881
11,8,11,14678,15622.872888305637,944.8728883056374
11,8,12,14839,16559.140161909516,1720.1401619095159
11,8,13,14881,16930.7046112101,2049.7046112101016
11,8,14,14813,16684.573170270334,1871.5731702703342
11,8,15,14916,16157.335874474315,1241.3358744743146
11,8,16,15504,17251.994704803492,1747.994704803492
11,8,17,16756,17745.166589398206,989.1665893982063
11,8,18,17567,19014.88795263095,1447.8879526309502
11,8,19,17284,16609.595670287297,674.4043297127027
11,8,20,16801,16417.424660348286,383.5753396517139
11,8,21,16499,16220.590346485013,278.40965351498744
11,8,22,15706,15598.983031385955,107.01696861404525
11,8,23,14882,15660.916207581055,778.9162075810546
11,9,0,14015,12089.657297678701,1925.342702321299
11,9,1,13360,12244.903712106383,1115.096287893617
11,9,2,13149,12737.99559035902,411.00440964098016
11,9,3,12897,12933.298126078913,36.2981260789129
11,9,4,13038,13204.538565170766,166.53856517076565
11,9,5,13110,13069.012808284097,40.987191715903464
11,9,6,13571,12934.243714732445,636.7562852675546
11,9,7,14810,13840.340507196182,969.6594928038176
11,9,8,15828,15578.06884852544,249.93115147456047
11,9,9,15563,16183.50109895853,620.5010989585298
11,9,10,15159,16841.26962978997,1682.269629789971
11,9,11,14889,16781.5922202703,1892.5922202703005
11,9,12,14565,15766.967654326263,1201.967654326263
11,9,13,14617,16532.084486466272,1915.0844864662722
11,9,14,14517,16332.840593048133,1815.840593048133
11,9,15,14727,17177.38197462586,2450.3819746258596
11,9,16,15324,17430.827350726027,2106.8273507260274
11,9,17,16517,17364.0803310371,847.0803310371011
11,9,18,17416,16075.445139109277,1340.554860890723
11,9,19,16844,16201.508391232737,642.4916087672627
11,9,20,16332,14980.926490505803,1351.0735094941974
11,9,21,15846,14684.398253019031,1161.6017469809685
11,9,22,15106,14679.345598311636,426.6544016883636
11,9,23,14212,15956.943202085624,1744.9432020856239
11,10,0,13211,12831.242487505684,379.75751249431596
11,10,1,12711,12696.677943727536,14.32205627246367
11,10,2,12273,12283.077812500711,10.077812500710934
11,10,3,12058,12517.198516759312,459.19851675931204
11,10,4,12032,13253.83918391504,1221.8391839150408
11,10,5,12168,13588.813219097554,1420.8132190975539
11,10,6,12802,13663.827074826748,861.8270748267478
11,10,7,14111,14238.217677116561,127.21767711656139
11,10,8,15162,15586.464586424896,424.46458642489597
11,10,9,15501,15517.848993578218,16.848993578218142
11,10,10,15317,16161.015699742053,844.0156997420527
11,10,11,14884,16001.965233828714,1117.9652338287142
11,10,12,14385,16384.052454402903,1999.052454402903
11,10,13,14640,16665.89394527442,2025.8939452744198
11,10,14,14748,17578.453524227723,2830.4535242277234
11,10,15,14884,17038.37285662029,2154.3728566202917
11,10,16,15296,17014.501669828278,1718.501669828278
11,10,17,16105,17319.785141907454,1214.785141907454
11,10,18,16562,15930.056214157996,631.9437858420042
11,10,19,16070,15807.42308157392,262.57691842608074
11,10,20,15873,15774.885487840365,98.11451215963461
11,10,21,15709,16481.158356938497,772.1583569384966
11,10,22,14950,16423.73785177397,1473.7378517739708
11,10,23,14222,16597.36906539473,2375.3690653947306
11,11,0,13265,13263.447005819467,1.5529941805325507
11,11,1,12591,12847.470131663846,256.4701316638457
11,11,2,12335,12983.923498785887,648.9234987858872
11,11,3,12190,13352.894699744047,1162.894699744047
11,11,4,12095,13273.155805325969,1178.1558053259687
11,11,5,12274,13790.991798945553,1516.9917989455535
11,11,6,12951,14195.677876007,1244.6778760069992
11,11,7,13967,15144.546813420058,1177.5468134200582
11,11,8,14974,15605.607137008888,631.6071370088885
11,11,9,15310,16810.278739991823,1500.2787399918234
11,11,10,15572,16666.16848855801,1094.1684885580107
11,11,11,15961,17104.842762902877,1143.8427629028774
11,11,12,16152,17422.537426115512,1270.537426115512
11,11,13,16334,18747.310121695587,2413.3101216955874
11,11,14,16560,18045.176933774932,1485.176933774932
11,11,15,16391,17696.53236335815,1305.5323633581502
11,11,16,16586,18243.67030636809,1657.6703063680907
11,11,17,16887,17942.340820463964,1055.3408204639636
11,11,18,17237,17222.617168330726,14.38283166927431
11,11,19,16734,17276.036856739207,542.036856739207
11,11,20,15861,16807.682028893283,946.6820288932831
11,11,21,15482,17246.503015831462,1764.503015831462
11,11,22,14914,16540.852664544567,1626.8526645445672
11,11,23,14063,16136.728129657731,2073.728129657731
11,12,0,13154,12207.164684769083,946.8353152309173
11,12,1,12509,12036.549685157119,472.4503148428812
11,12,2,11983,12006.39414104982,23.394141049819154
11,12,3,11699,12347.345905288257,648.3459052882572
11,12,4,11724,12604.61671141584,880.6167114158397
11,12,5,11754,12910.534941477974,1156.534941477974
11,12,6,12069,12907.717256743474,838.7172567434736
11,12,7,12926,13543.640271807135,617.6402718071349
11,12,8,13684,13702.484653018502,18.484653018502286
11,12,9,14132,13642.893163559016,489.1068364409839
11,12,10,14363,13864.818421776072,498.1815782239282
11,12,11,15148,16630.030879522434,1482.0308795224337
11,12,12,15316,16327.619824837084,1011.6198248370838
11,12,13,15082,14518.085483648303,563.9145163516969
11,12,14,15096,15317.796543160468,221.796543160468
11,12,15,15581,16510.489979451035,929.4899794510347
11,12,16,15706,15879.723768454156,173.72376845415602
11,12,17,16027,15317.393384198136,709.6066158018639
11,12,18,16538,15459.770599128124,1078.2294008718764
11,12,19,16436,16339.295974967901,96.7040250320988
11,12,20,15951,16744.796404461875,793.7964044618748
11,12,21,15361,16421.49117434475,1060.4911743447483
11,12,22,14721,16065.95582983642,1344.955829836421
11,12,23,14038,16698.213883666813,2660.2138836668128
11,13,0,13350,12792.205639612102,557.7943603878975
11,13,1,12975,13215.217418000142,240.21741800014206
11,13,2,12654,13611.645949044418,957.6459490444176
11,13,3,12370,13255.225578186946,885.2255781869462
11,13,4,12270,13300.97290738041,1030.97290738041
11,13,5,12301,13276.083218756086,975.0832187560864
11,13,6,12556,13524.758344930107,968.7583449301073
11,13,7,13022,14045.85103944696,1023.8510394469595
11,13,8,13495,14269.743625138779,774.743625138779
11,13,9,14222,14018.096281289212,203.90371871078787
11,13,10,14694,14284.425983655372,409.57401634462803
11,13,11,14955,14178.86078754635,776.1392124536505
11,13,12,15018,13963.23814782516,1054.761852174841
11,13,13,15261,14407.74628079588,853.25371920412
11,13,14,15105,14877.300217582648,227.69978241735225
11,13,15,15314,14865.502640170382,448.4973598296183
11,13,16,15819,15694.49513320993,124.50486679007008
11,13,17,16778,16144.535966982778,633.4640330172224
11,13,18,17654,15243.217319282807,2410.782680717193
11,13,19,17139,15099.578533957423,2039.4214660425769
11,13,20,16725,16588.52716779314,136.47283220685858
11,13,21,16354,17201.887252113112,847.8872521131125
11,13,22,15753,17126.338316394875,1373.3383163948747
11,13,23,14896,19240.32628130546,4344.326281305461
11,14,0,14160,14049.264329049198,110.73567095080216
11,14,1,13596,13136.781213407608,459.21878659239155
11,14,2,13267,13183.204998515674,83.79500148432635
11,14,3,13110,13380.033484997679,270.0334849976789
11,14,4,13116,13570.196338365537,454.1963383655366
11,14,5,13505,13705.529283840911,200.52928384091138
11,14,6,14150,13962.212491958717,187.78750804128322
11,14,7,15323,14830.430462281533,492.5695377184675
11,14,8,16598,16306.295774908707,291.70422509129276
11,14,9,17030,17009.099219269523,20.90078073047698
11,14,10,16757,16983.71771420021,226.71771420021105
11,14,11,16392,17027.10305525455,635.103055254549
11,14,12,16401,17165.08634993179,764.0863499317893
11,14,13,16614,17460.554839604843,846.5548396048434
11,14,14,16666,17367.83626741686,701.8362674168602
11,14,15,16930,17553.453903153415,623.453903153415
11,14,16,17324,17660.987406839347,336.9874068393474
11,14,17,17928,17883.766559912554,44.23344008744607
11,14,18,18704,16724.66444437899,1979.3355556210117
11,14,19,18157,16733.192744083623,1423.8072559163775
11,14,20,17839,17146.350105222435,692.6498947775654
11,14,21,17467,17253.37098055392,213.62901944608166
11,14,22,16821,17325.109595780916,504.1095957809157
11,14,23,15763,16935.554153311696,1172.5541533116957
11,15,0,14766,13574.404929290313,1191.5950707096872
11,15,1,14251,12943.72005889618,1307.2799411038195
11,15,2,13952,13048.516997435381,903.4830025646188
11,15,3,13620,12803.810576188163,816.1894238118366
11,15,4,13542,13160.635041834174,381.36495816582647
11,15,5,13583,13540.402165657062,42.59783434293786
11,15,6,14113,13658.731963687489,454.26803631251096
11,15,7,15481,13984.187742632745,1496.8122573672554
11,15,8,16423,16929.671817966046,506.67181796604564
11,15,9,16798,17464.47071807232,666.4707180723199
11,15,10,16775,17532.162361197774,757.1623611977739
11,15,11,17251,17527.690515491475,276.6905154914748
11,15,12,17441,18307.61979642011,866.6197964201092
11,15,13,17568,17748.387235250408,180.38723525040768
11,15,14,17601,18721.824865998053,1120.8248659980527
11,15,15,17278,18158.45994103394,880.4599410339397
11,15,16,17596,18390.880647646678,794.880647646678
11,15,17,18559,19197.863457956428,638.8634579564277
11,15,18,18998,18564.02444618698,433.97555381301936
11,15,19,18548,18303.17217811838,244.82782188161946
11,15,20,18155,18438.9485929897,283.9485929896982
11,15,21,17814,18008.271640302315,194.27164030231506
11,15,22,17193,18264.714267718682,1071.714267718682
11,15,23,16180,17619.131304346975,1439.1313043469745
11,16,0,15163,13420.714557280631,1742.2854427193688
11,16,1,14709,13860.189850915209,848.8101490847912
11,16,2,14360,15821.621861805943,1461.621861805943
11,16,3,14180,15476.480597112224,1296.4805971122241
11,16,4,13988,13923.424319908014,64.57568009198621
11,16,5,14018,14032.400734795128,14.400734795128301
11,16,6,14588,13859.079624935568,728.9203750644319
11,16,7,15822,15836.055310190384,14.055310190384262
11,16,8,17075,17296.615016981872,221.61501698187203
11,16,9,17510,17741.949836525466,231.9498365254658
11,16,10,17639,17775.00217179369,136.00217179369065
11,16,11,17730,17956.891923298732,226.89192329873185
11,16,14,17787,18460.110289426324,673.110289426324
11,16,15,17868,18631.25111926773,763.2511192677302
11,16,16,18012,18773.885459465004,761.8854594650038
11,16,17,18312,18608.368152976396,296.36815297639623
11,16,18,18817,17972.819622359824,844.1803776401757
11,16,19,18597,18366.5035843358,230.49641566420178
11,16,20,18253,18399.459864664794,146.4598646647937
11,16,21,18009,18646.853505304087,637.8535053040869
11,16,22,17160,18232.990263018397,1072.990263018397
11,16,23,16046,18351.870568646784,2305.870568646784
11,17,0,15064,13978.020368480284,1085.9796315197163
11,17,1,14619,14114.86274553956,504.1372544604401
11,17,2,14165,13441.582255342713,723.4177446572867
11,17,3,13722,13380.082180527479,341.91781947252093
11,17,4,13640,13401.411332528347,238.58866747165303
11,17,5,13907,13532.252259393756,374.7477406062444
11,17,6,14666,13995.546521008066,670.4534789919344
11,17,7,15774,15205.430974366303,568.5690256336966
11,17,8,16987,16757.72084351285,229.27915648715134
11,17,9,17462,17106.786771685318,355.21322831468206
11,17,10,17416,17472.483704632003,56.48370463200263
11,17,11,17028,17510.374643274958,482.37464327495763
11,17,12,16860,17819.716022464254,959.7160224642539
11,17,13,16961,16927.917966515797,33.08203348420284
11,17,14,17083,17993.893126557734,910.8931265577339
11,17,15,17285,17989.08998144821,704.0899814482109
11,17,16,17558,18404.284842096837,846.2848420968367
11,17,17,18215,18713.194676872794,498.19467687279393
11,17,18,18807,17655.65565261937,1151.3443473806292
11,17,19,18384,16799.07658605805,1584.9234139419495
11,17,20,18063,17626.825332236494,436.17466776350557
11,17,21,17732,16834.19211735927,897.8078826407291
11,17,22,16764,16554.66041949375,209.33958050625006
11,17,23,16020,17078.739219760035,1058.7392197600348
11,18,0,15191,13544.059174906013,1646.9408250939869
11,18,1,14548,13771.69138575068,776.3086142493194
11,18,2,14279,13876.023269043544,402.97673095645587
11,18,3,14102,14991.804539810926,889.8045398109261
11,18,4,14106,15742.415355365833,1636.4153553658325
11,18,5,14183,14105.744412191916,77.25558780808387
11,18,6,14791,14719.479384661727,71.52061533827327
11,18,7,15851,15658.338463012167,192.66153698783273
11,18,8,16973,17361.95530601974,388.9553060197395
11,18,9,17415,17669.1928308547,254.19283085469942
11,18,10,17575,17890.28432464282,315.28432464282014
11,18,11,17657,18316.75502051711,659.7550205171101
11,18,12,17467,18251.431891766824,784.4318917668243
11,18,13,17479,18234.043717335888,755.0437173358878
11,18,14,17427,19093.88677146867,1666.8867714686712
11,18,15,17339,17861.519714346523,522.519714346523
11,18,16,17530,18465.898261904564,935.8982619045637
11,18,17,18165,18726.182533180865,561.182533180865
11,18,18,18752,18405.287058063994,346.71294193600625
11,18,19,18122,18491.05965894188,369.0596589418783
11,18,20,17821,18839.001284977727,1018.0012849777268
11,18,21,17494,18383.666843748768,889.6668437487679
11,18,22,16948,18010.817504973442,1062.8175049734418
11,18,23,16022,17252.662430951725,1230.6624309517247
11,19,0,15015,12837.26297450642,2177.7370254935795
11,19,1,14460,13103.995123268222,1356.0048767317785
11,19,2,14056,13276.41562786158,779.5843721384208
11,19,3,13850,13137.592909296385,712.4070907036148
11,19,4,13787,13268.705983040203,518.2940169597969
11,19,5,13762,13185.634395237157,576.3656047628428
11,19,6,14135,13759.820816986914,375.179183013086
11,19,7,14785,13505.091133192776,1279.9088668072236
11,19,8,15456,13788.050250136059,1667.9497498639412
11,19,9,16080,14452.337743880631,1627.662256119369
11,19,10,16606,16281.50697821267,324.4930217873298
11,19,11,16857,14207.548571380654,2649.451428619346
11,19,12,16791,13700.195062559698,3090.8049374403017
11,19,13,16661,14096.277748079923,2564.722251920077
11,19,14,16858,14283.060009402121,2574.939990597879
11,19,15,16785,14726.340767181093,2058.659232818907
11,19,16,17319,15352.377679180208,1966.6223208197916
11,19,17,17770,15481.40290291944,2288.5970970805593
11,19,18,18221,16486.46265706715,1734.5373429328502
11,19,19,17692,15220.730535798104,2471.269464201896
11,19,20,17234,15766.92503316744,1467.0749668325607
11,19,21,16792,15149.184569928877,1642.815430071123
11,19,22,16245,15548.230730229347,696.7692697706534
11,19,23,15590,15879.93446728729,289.9344672872903
11,20,0,14925,12274.402786247836,2650.597213752164
11,20,1,14419,12871.156243960242,1547.8437560397579
11,20,2,14015,12905.704412976858,1109.2955870231417
11,20,3,13811,12666.11741821919,1144.8825817808101
11,20,4,13821,12990.889265892336,830.110734107664
11,20,5,13799,13448.586723228074,350.41327677192567
11,20,6,14102,13376.317796686984,725.6822033130156
11,20,7,14688,13583.743918722685,1104.2560812773154
11,20,8,15296,13518.698288400888,1777.3017115991115
11,20,9,15830,13489.14913116043,2340.8508688395705
11,20,10,16123,13652.22511764368,2470.7748823563197
11,20,11,16357,13805.367862112511,2551.632137887489
11,20,12,16604,14164.456579122807,2439.543420877193
11,20,13,16467,14253.873146597334,2213.126853402666
11,20,14,16672,14066.181431130139,2605.8185688698613
11,20,15,16771,14305.925553466599,2465.074446533401
11,20,16,17405,14434.209987428063,2970.790012571937
11,20,17,18331,16299.892682684413,2031.1073173155874
11,20,18,19441,16903.703349379422,2537.2966506205776
11,20,19,18948,17012.031162958738,1935.9688370412623
11,20,20,18269,17540.889346309898,728.1106536901025
11,20,21,17797,17114.619829807096,682.3801701929042
11,20,22,17185,16423.65563506447,761.3443649355286
11,20,23,16407,16019.854905097487,387.14509490251294
11,21,0,15621,12606.415782215026,3014.5842177849736
11,21,1,14984,12998.923629615638,1985.0763703843622
11,21,2,14492,12997.817283553686,1494.1827164463139
11,21,3,14341,12988.292326744957,1352.7076732550431
11,21,4,14455,12931.256054030164,1523.7439459698362
11,21,5,14641,12573.606422239769,2067.393577760231
11,21,6,14935,13487.456581817922,1447.5434181820783
11,21,7,16234,13779.4227479128,2454.5772520871997
11,21,8,17399,15048.729613192867,2350.270386807133
11,21,9,17940,15866.4945658759,2073.5054341240993
11,21,10,18053,16060.813429021619,1992.1865709783815
11,21,11,17835,16002.809034809654,1832.190965190346
11,21,12,17513,16429.216526825607,1083.7834731743933
11,21,13,17365,16544.9537670603,820.0462329397014
11,21,14,17032,16506.39234922464,525.6076507753605
11,21,17,18436,17036.85681119929,1399.14318880071
11,21,18,19255,16157.718872590085,3097.281127409915
11,21,19,18741,15666.14043935936,3074.8595606406398
11,21,20,18375,16357.08230158755,2017.9176984124497
11,21,21,18000,18235.57325154997,235.57325154996943
11,21,22,17231,18500.637388524054,1269.6373885240537
11,21,23,16284,18947.895264114297,2663.895264114297
11,22,0,15356,15715.735441781011,359.7354417810111
11,22,1,14762,15972.244304537257,1210.2443045372565
11,22,2,14428,16161.497737333697,1733.497737333697
11,22,3,14280,16394.31882846731,2114.318828467309
11,22,4,14345,16400.052172545744,2055.052172545744
11,22,5,14626,15993.61396115652,1367.6139611565195
11,22,6,15267,15706.969219465731,439.96921946573093
11,22,7,16302,16930.82721889405,628.82721889405
11,22,8,17443,18041.447503712563,598.447503712563
11,22,9,17496,18013.509919557153,517.5099195571529
11,24,18,17940,16908.461185950353,1031.538814049647
11,24,20,17248,16776.028074109847,471.9719258901532
11,24,21,16833,17142.2511870541,309.2511870540984
11,24,22,16406,17349.00046812476,943.0004681247592
11,24,23,15447,17390.308580899407,1943.3085808994074
11,25,0,14334,14053.204569701551,280.795430298449
11,25,1,13754,14083.455636841594,329.45563684159424
11,25,2,13298,13854.422249320814,556.4222493208144
11,25,3,13248,13773.36230075189,525.3623007518909
11,25,4,13183,13733.732697237147,550.7326972371466
11,25,5,13241,14039.870601183424,798.8706011834238
11,25,6,13769,13943.757313733217,174.7573137332165
11,25,7,14901,14131.157970166274,769.842029833726
11,25,8,16045,15372.97720423321,672.0227957667903
11,25,9,16827,16119.322451109634,707.6775488903659
11,25,10,17194,16957.604098264514,236.3959017354864
11,25,11,16935,16578.8978946728,356.10210532720157
11,25,12,16440,16062.754534519569,377.24546548043145
11,25,13,16335,16012.659981074725,322.3400189252752
11,25,14,16326,16107.151835131706,218.84816486829368
11,25,15,16460,16500.257991967108,40.257991967107955
11,25,16,16899,17175.114635099715,276.1146350997151
11,25,17,17755,17957.130819213704,202.13081921370394
11,25,18,18245,17160.664087990852,1084.3359120091482
11,25,19,17733,18257.293502055003,524.293502055003
11,25,20,17369,18517.416984152744,1148.4169841527437
11,25,21,17211,18764.028049414206,1553.0280494142062
11,25,22,16651,18523.022507710473,1872.0225077104733
11,25,23,15719,17762.56917116455,2043.5691711645486
11,26,0,14757,13713.096206810325,1043.9037931896746
11,26,1,14159,12969.954494272792,1189.0455057272084
11,26,2,13688,14051.744550896088,363.7445508960882
11,26,3,13382,13461.64898953907,79.64898953906959
11,26,4,13038,12684.200474993067,353.7995250069325
11,26,5,13068,12701.839915251561,366.16008474843875
11,26,6,13402,12967.692538421796,434.3074615782043
11,26,7,13844,13469.398830894877,374.6011691051226
11,26,8,14449,13675.729634506148,773.2703654938523
11,26,9,14750,13858.161403447617,891.838596552383
11,26,10,14593,14273.636127728614,319.36387227138584
11,26,11,14376,14098.995622621955,277.0043773780453
11,26,12,13841,13953.455127504485,112.45512750448506
11,26,13,13672,13952.050898803674,280.0508988036745
11,26,14,13713,14498.963864877775,785.9638648777745
11,26,15,13797,14804.001363595158,1007.0013635951582
11,26,16,14526,14807.078946188507,281.07894618850696
11,26,17,15614,15339.841725930157,274.1582740698432
11,26,18,16345,15406.789390829636,938.2106091703645
11,26,19,16266,15885.485066762329,380.51493323767136
11,26,20,15892,15489.7348082757,402.26519172430017
11,26,21,15397,15916.718242294959,519.718242294959
11,26,22,14950,15496.629421395628,546.629421395628
11,26,23,14136,15715.197889926656,1579.197889926656
11,27,0,13488,12972.909778310323,515.0902216896775
11,27,1,13246,13061.005045676635,184.99495432336516
11,27,2,12784,13200.925969130341,416.9259691303414
11,27,3,12535,13376.519735984482,841.5197359844824
11,27,4,12590,13317.269990077682,727.2699900776825
11,27,5,12785,13763.87316685178,978.8731668517794
11,27,6,12805,14330.24700011379,1525.24700011379
11,27,7,13272,16102.157179066424,2830.157179066424
11,27,8,13923,16413.76236710172,2490.762367101721
11,27,9,14489,16165.60734227705,1676.6073422770496
11,27,10,14802,15544.11100258985,742.1110025898506
11,27,11,15290,16113.097110524246,823.0971105242461
11,27,12,15676,16310.167871344162,634.1678713441615
11,27,13,15753,16339.756358610317,586.756358610317
11,27,14,15984,16285.81177863292,301.8117786329203
11,27,15,16282,17054.752922988955,772.7529229889551
11,27,16,16744,17673.71433025879,929.7143302587901
11,27,17,17010,17638.13083264905,628.1308326490507
11,27,18,17464,15653.74667333694,1810.2533266630599
11,27,19,16847,15369.940536312502,1477.0594636874976
11,27,20,16672,15647.200686854298,1024.7993131457024
11,27,21,16284,15723.456313812827,560.5436861871731
11,27,22,15691,15710.580543824603,19.5805438246025
11,27,23,15227,17119.0314445494,1892.0314445494005
11,28,0,14184,13152.954071512097,1031.0459284879034
11,28,1,13471,13178.57891770597,292.4210822940295
11,28,2,13086,13301.934350307612,215.93435030761248
11,28,3,12990,13847.9223212774,857.9223212773995
11,28,4,13304,14114.841766859801,810.8417668598013
11,28,5,13485,15021.425864747416,1536.4258647474162
11,28,6,14258,15389.171040494717,1131.171040494717
11,28,7,15518,15948.865306573429,430.8653065734288
11,28,8,16745,17799.227560604726,1054.227560604726
11,28,9,17232,17992.822700859673,760.8227008596732
11,28,10,17273,18074.72552965881,801.7255296588082
11,28,11,17476,18093.790774854053,617.7907748540529
11,28,12,17673,18058.008231307027,385.008231307027
11,28,13,17704,18358.621324742428,654.6213247424275
11,28,14,17783,18429.777042895614,646.7770428956137
11,28,15,17825,18789.138159288264,964.1381592882644
11,28,16,18090,18696.188102697302,606.1881026973024
11,28,17,18639,19097.17148281323,458.1714828132317
11,28,18,19360,18710.248538563766,649.7514614362335
11,28,19,18809,18404.01691138625,404.9830886137497
11,28,20,18446,18564.77887728744,118.77887728744099
11,28,21,17997,18590.414732794452,593.414732794452
11,28,22,17348,18670.745662098318,1322.7456620983176
11,28,23,16263,18389.12852627938,2126.128526279379
11,29,0,14945,15072.184462799516,127.18446279951604
11,29,1,14353,14256.719057648439,96.28094235156095
11,29,2,13963,15207.271879260108,1244.271879260108
11,29,3,13800,14136.540469381762,336.5404693817618
11,29,4,13757,15069.687151486483,1312.6871514864833
11,29,5,13961,13942.216344904871,18.78365509512878
11,29,6,14623,14009.074974392672,613.9250256073283
11,29,7,15664,15654.412683608934,9.587316391065542
11,29,8,17026,17033.5833150015,7.583315001498704
11,29,9,17528,17384.717336904887,143.2826630951131
11,29,10,17577,17704.678348583897,127.67834858389688
11,29,11,17569,17848.942918882793,279.9429188827926
11,29,12,17435,18214.253247861445,779.2532478614448
11,29,13,17370,18227.60116198343,857.6011619834317
11,29,14,17295,18456.366234302324,1161.3662343023243
11,29,15,17379,18537.28886586788,1158.2888658678785
11,29,16,17359,18759.011383975063,1400.011383975063
11,29,17,18093,18665.40633232918,572.4063323291812
11,29,18,18413,17871.374771914383,541.625228085617
11,29,19,18000,16480.041451664787,1519.958548335213
11,29,20,17622,16583.41136549951,1038.588634500491
11,29,21,17273,17020.010875311706,252.9891246882944
11,29,22,16723,17296.798186616437,573.7981866164373
11,29,23,15712,16952.834521912282,1240.834521912282
11,30,0,14538,13649.397585727742,888.6024142722581
11,30,1,13921,13880.397026317074,40.60297368292595
11,30,2,13472,13785.685208221686,313.6852082216865
11,30,3,13257,14067.13850177028,810.1385017702796
11,30,4,13213,13624.699164179669,411.6991641796685
11,30,5,13245,13830.016087614722,585.016087614722
11,30,6,13904,14269.456455941978,365.45645594197777
11,30,7,15015,14295.558660527224,719.4413394727762
11,30,8,16379,15413.410695138768,965.5893048612324
11,30,9,16992,16149.137271841957,842.862728158043
11,30,10,17393,16684.282507712047,708.7174922879531
11,30,11,17652,16163.073607755776,1488.9263922442242
11,30,12,17758,16152.819850169346,1605.180149830654
11,30,13,17854,17214.741436890945,639.2585631090551
11,30,14,17746,17073.93550033655,672.064499663451
11,30,15,17743,17624.27018238316,118.72981761684059
11,30,16,18118,17704.25189806137,413.7481019386287
11,30,17,18694,18790.144243563158,96.14424356315794
11,30,18,19145,17908.169282384843,1236.8307176151575
11,30,19,18417,17343.202750195807,1073.7972498041927
11,30,20,18003,16181.009871923892,1821.9901280761078
11,30,21,17755,17792.363116575565,37.36311657556507
11,30,22,17228,17228.25752942841,0.25752942841063486
11,30,23,16243,16639.346752988058,396.34675298805814
12,1,0,15291,13253.00512991964,2037.9948700803598
12,1,1,14565,13419.11572831128,1145.8842716887193
12,1,2,14246,13470.313306570333,775.6866934296668
12,1,3,14070,13479.887812313866,590.1121876861343
12,1,4,13942,13491.097048211795,450.9029517882045
12,1,5,14069,13742.918678454407,326.0813215455928
12,1,6,14827,14036.111073846796,790.888926153204
12,1,7,16014,14780.372229486135,1233.6277705138655
12,1,8,17383,17225.449479989522,157.55052001047807
12,1,9,17489,17145.59859214446,343.40140785554104
12,1,10,17300,15729.400795574824,1570.5992044251761
12,1,11,17235,16002.326492752609,1232.6735072473912
12,1,12,17243,17853.014140900174,610.0141409001735
12,1,13,17136,17456.276407634483,320.2764076344829
12,1,14,17177,16960.826348125775,216.17365187422547
12,1,15,17249,17564.939058214994,315.93905821499357
12,1,16,17630,18015.545791730412,385.545791730412
12,1,17,18607,18152.518554334933,454.48144566506744
12,1,18,19273,17883.30829147183,1389.6917085281711
12,1,19,18941,18172.88892958112,768.1110704188795
12,1,20,18533,18178.2139245957,354.7860754042995
12,1,21,18162,18046.079346763956,115.92065323604402
12,1,22,17450,18233.294447306787,783.2944473067873
12,1,23,16552,18210.07054615197,1658.0705461519683
12,2,0,15409,13342.703179674438,2066.2968203255623
12,2,1,14888,13400.452753201296,1487.5472467987038
12,2,2,14488,13689.324281397456,798.6757186025443
12,2,3,14417,15906.633913056872,1489.6339130568722
12,2,4,14135,15735.101120249166,1600.1011202491663
12,2,5,14161,14320.707249780182,159.70724978018188
12,2,6,14712,13843.896989325855,868.1030106741455
12,2,7,15858,13878.307940128067,1979.6920598719335
12,2,8,16934,16578.983928636535,355.016071363465
12,2,9,17170,15689.32390836322,1480.6760916367803
12,2,10,17064,16478.274710315523,585.7252896844766
12,2,11,17272,17403.118391037544,131.11839103754392
12,2,12,17240,17619.385222017863,379.38522201786327
12,2,13,16919,17455.202234962653,536.2022349626532
12,2,14,17301,17819.526178637374,518.526178637374
12,2,15,17401,18422.416961807874,1021.416961807874
12,2,16,17407,17946.531791467965,539.5317914679654
12,2,17,17887,17450.356824388648,436.6431756113525
12,2,18,18227,15934.502734524762,2292.4972654752382
12,2,19,17731,15948.965336350802,1782.0346636491977
12,2,20,17455,16380.169244439572,1074.8307555604279
12,2,21,17062,16451.084301724833,610.9156982751665
12,2,22,16373,17127.021774362376,754.0217743623762
12,2,23,15424,17159.17042918339,1735.1704291833885
12,3,0,14569,12972.744998045615,1596.255001954385
12,3,1,13829,12779.323723978598,1049.6762760214024
12,3,2,13252,13363.539785669229,111.53978566922888
12,3,3,12972,13629.22189456935,657.2218945693494
12,3,4,12806,14119.669644306605,1313.6696443066048
12,3,5,12893,13975.258317017318,1082.2583170173184
12,3,6,13161,14006.315850153944,845.3158501539438
12,3,7,13656,14258.174519009235,602.1745190092352
12,3,8,14515,14623.994376141403,108.99437614140334
12,3,9,15189,14765.901833504882,423.09816649511777
12,3,10,16021,17148.451341733737,1127.4513417337366
12,3,11,16485,14982.356695378689,1502.6433046213115
12,3,12,16578,14657.228374204484,1920.7716257955162
12,3,13,16509,14548.446084761998,1960.5539152380024
12,3,14,16555,15790.193079090686,764.8069209093137
12,3,15,16671,15709.006063115785,961.9939368842151
12,3,16,16900,16451.596700960778,448.4032990392225
12,3,17,17486,16715.379516255212,770.6204837447876
12,3,18,17836,16792.983089749487,1043.0169102505133
12,3,19,17297,16680.217392272018,616.7826077279824
12,3,20,16893,16905.347660810086,12.347660810086381
12,3,21,16785,17608.399813486863,823.3998134868634
12,3,22,16049,17597.85158597372,1548.85158597372
12,3,23,15262,17004.469333021007,1742.4693330210066
12,4,0,14765,15009.81518627371,244.81518627371042
12,4,1,14379,14881.17478901249,502.1747890124898
12,4,2,13982,15392.225763243967,1410.2257632439669
12,4,3,13752,14661.215733866755,909.2157338667548
12,4,4,13511,13307.6973992782,203.30260072179954
12,4,5,13546,13657.095552490366,111.09555249036566
12,4,6,13937,13772.062475209988,164.9375247900116
12,4,7,14507,14384.969902308843,122.0300976911567
12,4,8,15133,15256.102426632648,123.10242663264762
12,4,9,15595,15682.543234167675,87.54323416767511
12,4,10,15576,16020.31648991276,444.3164899127605
12,4,11,15688,15944.390884263275,256.39088426327544
12,4,12,15428,16005.472667966153,577.4726679661526
12,4,13,15094,14612.342586553581,481.657413446419
12,4,14,14868,14836.612186061719,31.387813938281397
12,4,15,15045,14758.945869068097,286.0541309319033
12,4,16,15795,15645.561454514062,149.43854548593845
12,4,17,17226,16480.030751277045,745.969248722955
12,4,18,18185,17182.29650761379,1002.7034923862084
12,4,19,17665,17347.705792695677,317.2942073043232
12,4,20,17235,16146.01824254387,1088.9817574561293
12,4,21,16897,15945.567384279111,951.4326157208889
12,4,22,16182,16082.309377322703,99.69062267729714
12,4,23,15429,16313.714351064506,884.7143510645055
12,5,0,14698,13653.315384235626,1044.684615764374
12,5,1,14104,13604.235824894413,499.7641751055871
12,5,2,13710,13372.786312168142,337.2136878318579
12,5,3,13560,13698.825616521255,138.82561652125514
12,5,4,13495,14051.733792744544,556.7337927445442
12,5,5,13770,14237.678241703814,467.6782417038139
12,5,6,14424,14457.804636657203,33.804636657203446
12,5,7,15495,15191.673798478945,303.3262015210548
12,5,8,16941,17475.306551867827,534.3065518678268
12,5,9,17153,17674.69617518951,521.6961751895105
12,5,10,17107,17681.759439157508,574.7594391575076
12,5,11,16866,17602.086568949606,736.0865689496059
12,5,12,16905,17817.090106840307,912.0901068403073
12,5,13,17131,17681.01263678404,550.0126367840385
12,5,14,17244,18183.142443005057,939.1424430050574
12,5,15,17658,19049.321722158056,1391.3217221580562
12,5,16,18148,19233.994743546144,1085.9947435461436
12,5,17,18835,19889.40458254369,1054.4045825436915
12,5,18,19353,18183.679860908403,1169.3201390915965
12,5,19,18629,18023.79741511841,605.2025848815902
12,5,20,18070,17849.340603018594,220.65939698140573
12,5,21,17828,18296.60506621216,468.6050662121597
12,5,22,17133,18798.660380957946,1665.6603809579465
12,5,23,16049,19166.799519316748,3117.799519316748
12,6,0,15097,15479.757814782542,382.7578147825425
12,6,1,14532,15519.321918134056,987.3219181340555
12,6,2,14005,15791.522949794351,1786.522949794351
12,6,3,13750,16191.853439562898,2441.8534395628976
12,6,4,13694,16088.82208168548,2394.822081685479
12,6,5,13836,16141.09068331183,2305.0906833118297
12,6,6,14382,15938.514063273025,1556.5140632730254
12,6,7,15698,16157.859811172002,459.8598111720021
12,6,8,17150,17755.189805879276,605.1898058792758
12,6,9,17822,17827.12578807815,5.1257880781486165
12,6,10,17936,18094.771884891663,158.77188489166292
12,6,11,17850,18441.357156936065,591.3571569360647
12,6,21,17914,18296.264069669254,382.26406966925424
12,6,22,17352,18627.685701493305,1275.6857014933048
12,6,23,16319,18585.693591498017,2266.6935914980168
12,7,0,15089,15159.273118194262,70.27311819426177
12,7,1,14123,14357.198037320391,234.19803732039145
12,7,7,15478,16111.797200444289,633.797200444289
12,7,8,16756,17548.46218820403,792.4621882040301
12,7,17,18497,18868.63635498233,371.63635498232907
12,7,18,18958,18181.749175495734,776.2508245042663
12,7,19,18414,18159.14404390641,254.85595609359007
12,7,20,18049,18651.74427649946,602.7442764994594
12,7,21,17752,18568.201985309846,816.2019853098463
12,7,22,17100,18364.2629497092,1264.2629497091984
12,7,23,16190,18670.464654548457,2480.4646545484575
12,8,0,14983,15070.45552760493,87.45552760493047
12,8,1,14209,15336.69191947541,1127.69191947541
12,8,2,13758,15706.669518578932,1948.6695185789322
12,8,3,13550,15852.458335505235,2302.4583355052346
12,8,4,13505,15937.6516113553,2432.6516113553007
12,8,5,13655,15914.039990018438,2259.0399900184384
12,8,6,14373,16125.807614017915,1752.8076140179146
12,8,7,15677,16591.69417001118,914.6941700111784
12,8,8,17280,17671.663045051446,391.6630450514458
12,8,19,18629,17530.553145411664,1098.4468545883356
12,8,20,18404,17623.97938699803,780.0206130019687
12,8,21,18215,17909.394435961978,305.60556403802184
12,8,22,17489,17928.86273713331,439.86273713330957
12,8,23,16574,18174.406319257472,1600.4063192574722
12,9,0,15623,15084.30579284727,538.6942071527301
12,9,1,14895,15263.193593797472,368.1935937974722
12,9,2,14456,15393.483020316002,937.4830203160018
12,9,3,14248,15468.517202424959,1220.5172024249587
12,9,4,14170,15755.072198036887,1585.0721980368871
12,9,5,14349,15626.496069688019,1277.496069688019
12,9,6,14970,15467.992363652656,497.9923636526564
12,9,7,16186,16062.9490299838,123.05097001620015
12,9,8,17655,17726.18812465101,71.18812465100928
12,9,9,18131,17727.44657958948,403.55342041052063
12,9,12,17960,17576.66557041968,383.33442958032174
12,9,13,17752,17674.95699014258,77.04300985742157
12,9,14,17487,17932.50475789741,445.50475789741176
12,9,15,17483,17986.034355643777,503.0343556437765
12,9,16,17732,17847.703175004965,115.70317500496458
12,9,17,18691,18181.64356990809,509.3564300919097
12,9,18,19151,17436.885286916448,1714.1147130835525
12,9,19,18836,17566.007667739268,1269.992332260732
12,9,20,18551,17779.39572957064,771.6042704293613
12,9,21,18351,17949.42214390402,401.5778560959807
12,9,22,17462,18329.482943714575,867.4829437145745
12,9,23,16610,18527.47654195727,1917.4765419572686
12,10,0,15799,14745.078551262872,1053.9214487371282
12,10,1,15205,15380.295800054811,175.29580005481148
12,10,2,14786,16047.247381937346,1261.2473819373463
12,10,3,14675,16233.575090800154,1558.5750908001537
12,10,4,14393,15295.259664016537,902.2596640165375
12,10,5,14349,14164.997891709061,184.00210829093885
12,10,6,14613,14338.812392215157,274.18760778484284
12,10,7,15188,14609.053509580473,578.9464904195265
12,10,8,15892,15834.013525050268,57.98647494973193
12,10,9,16581,16409.002539241123,171.99746075887742
12,10,10,16756,17207.139936912256,451.1399369122555
12,10,11,16865,16702.426179700324,162.5738202996763
12,10,12,17144,17816.13611124151,672.1361112415107
12,10,13,17076,17380.030786902804,304.0307869028038
12,10,14,16879,17444.40281282626,565.4028128262617
12,10,15,17062,17469.403353894937,407.403353894937
12,10,16,17727,17342.254977059987,384.74502294001286
12,10,17,18350,17785.982252003298,564.0177479967024
12,10,18,18946,18201.5024617955,744.4975382045013
12,10,19,18438,18107.416012216283,330.583987783717
12,10,20,18148,18250.35028341199,102.35028341198995
12,10,21,17687,18297.007669112103,610.007669112103
12,10,22,17088,18301.82650913581,1213.8265091358116
12,10,23,16481,18448.434972628722,1967.4349726287219
12,11,0,15506,15319.544260372073,186.45573962792696
12,11,1,14912,15325.17733204966,413.1773320496595
12,11,2,14636,16096.559519394972,1460.559519394972
12,11,3,14516,15407.64955727702,891.64955727702
12,11,4,14232,15198.056504103231,966.0565041032314
12,11,5,14444,15361.303908057494,917.3039080574945
12,11,6,14701,15458.447709607319,757.4477096073188
12,11,7,15190,15622.433998372013,432.43399837201287
12,11,8,15705,15807.037034041523,102.03703404152293
12,11,9,16347,15863.923053193977,483.07694680602253
12,11,10,16878,16010.095777833762,867.9042221662385
12,11,11,17443,16872.225429778435,570.7745702215652
12,11,12,17552,16292.871861827782,1259.1281381722183
12,11,13,17448,16447.599876282693,1000.400123717307
12,11,14,17319,16573.629078801874,745.3709211981259
12,11,15,17628,16909.41707635701,718.582923642989
12,11,16,17798,16891.832482216123,906.167517783877
12,11,17,18379,18532.262949305667,153.26294930566655
12,11,18,19064,17398.132394473883,1665.8676055261167
12,11,19,18673,17954.390021016345,718.6099789836553
12,11,20,18259,17979.723468333643,279.2765316663572
12,11,21,17921,17894.297337183853,26.702662816147495
12,11,22,17245,18213.472264993725,968.4722649937248
12,11,23,16382,18268.856852760204,1886.8568527602038
12,12,0,15533,15596.37315822367,63.37315822367054
12,12,1,14986,15496.359860886927,510.359860886927
12,12,2,14675,15525.815495482313,850.815495482313
12,12,3,14548,15676.118530784386,1128.1185307843862
12,12,4,14540,15634.88080708173,1094.8808070817304
12,12,5,14646,16045.361097127628,1399.3610971276285
12,12,6,15346,16213.24764248749,867.2476424874894
12,12,7,16576,17094.297438887985,518.2974388879848
12,12,8,17769,19127.006912020097,1358.006912020097
12,12,9,18590,20180.022808093585,1590.022808093585
12,12,10,18882,20737.154553673918,1855.1545536739177
12,12,11,18763,19360.88164550291,597.8816455029082
12,12,12,18699,19664.396137106618,965.396137106618
12,12,13,18626,19295.02888987478,669.0288898747785
12,12,14,18521,19038.946980582128,517.9469805821282
12,12,15,18477,19272.293396223402,795.2933962234019
12,12,16,18669,19597.993457690736,928.9934576907362
12,12,17,19425,19844.454684578093,419.4546845780933
12,12,18,20173,25892.79075696441,5719.7907569644085
12,12,19,19550,20448.8137798233,898.8137798233001
12,12,20,19426,22679.0196172782,3253.0196172782016
12,12,21,19002,19929.055936272234,927.0559362722342
12,12,22,18428,20521.97011345257,2093.9701134525712
12,12,23,17401,19647.30438010776,2246.3043801077583
12,13,0,16366,15657.656106196424,708.3438938035761
12,13,1,15741,16316.500887241633,575.5008872416329
12,13,2,15352,16050.921242706287,698.9212427062866
12,13,3,15116,16025.331845879164,909.3318458791637
12,13,4,15124,16447.973943931745,1323.9739439317455
12,13,5,15354,16595.241872506725,1241.2418725067255
12,13,6,16011,17117.28142326431,1106.2814232643104
12,13,7,17241,18366.322168637125,1125.3221686371253
12,13,8,18642,24612.016778518373,5970.016778518373
12,13,9,18864,23202.702790602285,4338.702790602285
12,13,10,18444,18829.684577369215,385.6845773692148
12,13,11,18313,18546.788021121003,233.7880211210031
12,13,12,17945,18327.59005903168,382.59005903168145
12,13,13,17572,18673.810693144667,1101.8106931446673
12,13,14,17453,18127.8611369481,674.8611369481005
12,13,15,17559,18273.342609276107,714.3426092761074
12,13,16,17964,18591.165740297663,627.1657402976634
12,13,17,19001,18906.691685262005,94.3083147379948
12,13,18,19868,18262.941232817964,1605.0587671820358
12,13,19,19250,17967.98114515335,1282.0188548466504
12,13,20,18912,17614.426009893166,1297.5739901068337
12,13,21,18619,17493.872791693168,1125.1272083068325
12,13,22,18031,17813.902569114416,217.0974308855839
12,13,23,16854,18032.615409877795,1178.6154098777952
12,14,0,15882,14510.419604226123,1371.5803957738772
12,14,1,15175,14646.756706204214,528.2432937957856
12,14,2,15081,15159.160870974836,78.16087097483614
12,14,3,14697,14541.935646840799,155.06435315920135
12,14,4,14593,14299.430204116958,293.5697958830424
12,14,5,14815,15004.218497955022,189.21849795502203
12,14,6,15327,14726.067663111688,600.9323368883124
12,14,7,16575,15174.872231425925,1400.1277685740752
12,14,8,17894,16716.26214805296,1177.7378519470403
12,14,9,18410,17338.573111183865,1071.426888816135
12,14,10,18094,17710.987853206007,383.01214679399345
12,14,11,18068,17819.081235421738,248.9187645782622
12,14,12,18076,18114.993398898634,38.99339889863404
12,14,13,17829,18161.833842865766,332.8338428657662
12,14,14,17860,18152.31904588937,292.3190458893696
12,14,15,17836,18623.391245261046,787.3912452610457
12,14,16,18018,18583.2047818587,565.2047818587016
12,14,17,18710,18823.246676525458,113.24667652545759
12,14,18,19432,17716.562557837235,1715.4374421627654
12,14,19,19222,17849.428531730337,1372.5714682696635
12,14,20,18927,18228.674930730573,698.3250692694273
12,14,21,18584,18015.22594469158,568.7740553084186
12,14,22,17886,18129.586572953147,243.58657295314697
12,14,23,16933,18266.334873381475,1333.3348733814746
12,15,0,16036,12741.045646332012,3294.9543536679885
12,15,1,15168,13001.03267958781,2166.96732041219
12,15,2,14820,13029.320981733168,1790.679018266832
12,15,3,14591,13136.865946118494,1454.1340538815057
12,15,4,14525,13358.490677745333,1166.5093222546675
12,15,5,14831,13099.567882385501,1731.4321176144986
12,15,6,15203,13229.21934430691,1973.78065569309
12,15,7,16643,14196.858425139812,2446.1415748601885
12,15,8,17826,17558.965255422758,267.03474457724224
12,15,9,18366,17072.74393606675,1293.2560639332514
12,15,10,18649,17099.53052232066,1549.4694776793403
12,15,11,19033,17369.535225244683,1663.4647747553172
12,15,12,19002,17641.977420534997,1360.0225794650032
12,15,13,19336,18005.606595967445,1330.3934040325548
12,15,14,19347,18103.81368224916,1243.1863177508385
12,15,15,19207,18182.028306486347,1024.971693513653
12,15,16,19268,18233.52256757221,1034.4774324277896
12,15,17,19478,18423.51652301769,1054.48347698231
12,15,18,19848,17511.663702218957,2336.336297781043
12,15,19,19473,17700.868439290636,1772.1315607093638
12,15,20,18994,17969.359585705708,1024.640414294292
12,15,21,18724,17998.37448959901,725.6255104009906
12,15,22,18049,17903.18660573657,145.81339426343038
12,15,23,16912,18020.56895879699,1108.56895879699
12,16,0,16047,14524.23633328237,1522.7636667176303
12,16,1,15349,14918.678621855566,430.32137814443377
12,16,2,14929,15149.847871860668,220.8478718606675
12,16,3,14708,15223.252390907746,515.2523909077463
12,16,4,14539,14134.921652749872,404.078347250128
12,16,5,14666,14370.464304210214,295.5356957897857
12,16,6,15215,14263.229839967951,951.7701600320488
12,16,7,16217,16276.279023890207,59.2790238902071
12,16,8,17648,17852.70957818596,204.7095781859607
12,16,9,18151,18374.244876598405,223.24487659840452
12,16,10,18226,17732.35078792567,493.64921207433144
12,16,11,18347,18404.533560301414,57.53356030141367
12,16,12,18413,18092.922331185062,320.0776688149381
12,16,13,18329,18025.732371169444,303.2676288305556
12,16,14,18250,18081.053101578098,168.946898421902
12,16,15,18222,18564.546314286097,342.5463142860972
12,16,16,18308,18673.950908706072,365.95090870607237
12,16,17,18895,18827.756192980913,67.2438070190874
12,16,18,19267,18048.232289463787,1218.7677105362127
12,16,19,18652,17829.80204833534,822.1979516646606
12,16,20,18342,17933.392393507518,408.60760649248186
12,16,21,18165,18276.24605710818,111.24605710817923
12,16,22,17466,18222.606101991525,756.6061019915251
12,16,23,16653,18193.344742474554,1540.3447424745536
12,17,0,15593,14226.003417514872,1366.9965824851279
12,17,1,14899,14418.598956156868,480.40104384313236
12,17,2,14404,14465.76763691423,61.767636914230025
12,17,3,14168,14801.108236434733,633.108236434733
12,17,4,14176,14467.554925935652,291.55492593565214
12,17,5,14184,14244.180592191095,60.18059219109455
12,17,6,14451,14054.742654764259,396.257345235741
12,17,7,14737,13820.531529345197,916.4684706548032
12,17,8,15518,14762.651079962485,755.3489200375152
12,17,9,16159,15328.975394107287,830.0246058927132
12,17,10,16732,15622.76481118783,1109.2351888121702
12,17,11,17017,15878.387828068218,1138.6121719317816
12,17,12,17039,16566.66412558778,472.3358744122197
12,17,13,17073,16620.55627124029,452.4437287597102
12,17,14,16950,16538.677127949722,411.3228720502775
12,17,15,16946,16757.05867285375,188.94132714625084
12,17,16,17212,16593.830371014785,618.1696289852152
12,17,17,17921,16791.120997559257,1129.8790024407426
12,17,18,18504,16903.252235173048,1600.7477648269523
12,17,19,18117,17175.047379495263,941.9526205047368
12,17,20,17530,17360.85199034207,169.14800965792892
12,17,21,17139,17783.513276959944,644.513276959944
12,17,22,16709,17822.342810383885,1113.342810383885
12,17,23,16399,17883.18400985554,1484.1840098555404
12,18,0,15407,14358.570826213132,1048.429173786868
12,18,1,14732,13083.841026595273,1648.1589734047266
12,18,2,14178,12715.257583831364,1462.7424161686358
12,18,3,14052,12839.571582547609,1212.428417452391
12,18,4,13810,13061.730903949147,748.2690960508535
12,18,5,13955,13497.388090573702,457.61190942629764
12,18,6,14111,13644.24295091656,466.7570490834405
12,18,7,14411,13923.066294766073,487.93370523392696
12,18,8,15197,14489.03496357725,707.9650364227491
12,18,9,15725,14635.323265930281,1089.6767340697188
12,18,10,16353,15457.207905705329,895.7920942946712
12,18,11,16580,16361.754424106217,218.2455758937831
12,18,12,16616,15161.400086934796,1454.5999130652035
12,18,13,16643,16543.762081848807,99.2379181511933
12,18,14,16608,15139.511865156246,1468.4881348437539
12,18,15,16911,15236.172486734265,1674.8275132657345
12,18,16,17343,15767.283002848237,1575.7169971517633
12,18,17,18044,17275.490254335917,768.5097456640833
12,18,18,18656,17293.481989478638,1362.5180105213622
12,18,19,18619,17293.03461651321,1325.9653834867895
12,18,20,18065,15575.597230305979,2489.402769694021
12,18,21,17673,15755.733325153826,1917.2666748461743
12,18,22,17156,16053.293990850096,1102.7060091499043
12,18,23,16288,16458.569983807203,170.56998380720324
12,19,0,15463,13848.898978127487,1614.1010218725132
12,19,1,14883,14118.487988808372,764.5120111916276
12,19,2,14790,14354.264375184539,435.73562481546105
12,19,3,14602,14539.621649373978,62.37835062602244
12,19,4,14476,14550.48599110363,74.4859911036292
12,19,5,14683,14460.562595137975,222.43740486202478
12,19,6,15214,14798.790686643684,415.20931335631576
12,19,7,16394,16921.261964327292,527.2619643272919
12,19,8,17946,19012.246774813597,1066.2467748135969
12,19,9,18243,19849.384798991705,1606.3847989917049
12,19,10,18250,20105.870357211083,1855.8703572110826
12,19,11,18261,18395.647061657175,134.64706165717507
12,19,12,18283,18434.59913192821,151.59913192821114
12,19,13,18222,18718.07614344478,496.07614344478134
12,19,14,18118,19402.348954724723,1284.3489547247227
12,19,15,18337,19593.783268156778,1256.783268156778
12,19,16,18720,19646.809146273146,926.8091462731463
12,19,17,19634,20646.72297741162,1012.7229774116204
12,19,18,20326,19212.070599929266,1113.9294000707341
12,19,19,20012,21594.15268702717,1582.15268702717
12,19,20,19703,21611.07186429487,1908.0718642948705
12,19,21,19144,23030.66227506037,3886.662275060371
12,19,22,18331,20433.911648365553,2102.9116483655525
12,19,23,17035,19839.456901982885,2804.456901982885
12,20,0,16111,16667.670628053143,556.6706280531434
12,20,1,15522,16151.515646168313,629.5156461683127
12,20,2,15165,16191.278068628662,1026.2780686286624
12,20,3,14945,16268.397689636942,1323.3976896369422
12,20,4,14870,16312.97619138271,1442.9761913827097
12,20,5,15092,16675.1028666356,1583.1028666355996
12,20,6,15742,17282.19729938751,1540.1972993875097
12,20,7,16958,17326.097742318634,368.0977423186341
12,20,8,18149,19812.80138809496,1663.8013880949584
12,20,9,18525,19663.750080324127,1138.7500803241273
12,20,10,18345,19755.567625700158,1410.5676257001578
12,20,11,18311,20373.71230503093,2062.712305030931
12,20,12,18107,20113.58176395308,2006.5817639530796
12,20,13,18005,20247.601963954734,2242.601963954734
12,20,14,17907,19096.18247615699,1189.1824761569915
12,20,15,17913,19077.07837661745,1164.07837661745
12,20,16,18258,19457.83696409894,1199.8369640989404
12,20,17,19142,20876.780271502124,1734.7802715021244
12,20,18,19840,20028.21476850771,188.2147685077107
12,20,19,19294,20330.07741545002,1036.0774154500214
12,20,20,19168,20622.414588652042,1454.4145886520419
12,20,21,18669,21001.618931930912,2332.6189319309124
12,20,22,18007,19622.41357911254,1615.413579112541
12,20,23,16961,19014.012053417806,2053.012053417806
12,21,0,15952,15791.326810547218,160.67318945278203
12,21,1,15362,15761.425271946235,399.4252719462347
12,21,2,15226,16312.68955408948,1086.6895540894802
12,21,3,14675,15850.682827370232,1175.6828273702322
12,21,4,14682,16044.35321558577,1362.3532155857702
12,21,5,14913,16115.416522263919,1202.4165222639185
12,21,6,15469,16608.7198317144,1139.7198317143993
12,21,7,16742,16623.73373325795,118.26626674205181
12,21,8,18073,19224.23323974348,1151.2332397434802
12,21,9,18555,19326.60676141882,771.6067614188214
12,21,10,18109,19042.936863892017,933.9368638920168
12,21,11,17767,18686.807704828618,919.8077048286177
12,21,12,17344,18540.64075128449,1196.640751284489
12,21,13,17141,18730.35998272092,1589.3599827209182
12,21,14,17177,19189.227701931904,2012.2277019319044
12,21,15,17515,19334.970554875883,1819.970554875883
12,21,16,18099,20132.868760361052,2033.8687603610524
12,21,17,19051,20654.328769784515,1603.3287697845153
12,21,18,19777,21600.734726896786,1823.734726896786
12,21,19,19399,20293.86752915917,894.8675291591717
12,21,20,19157,19866.86938899095,709.8693889909482
12,21,21,18957,20050.03115189589,1093.0311518958915
12,21,22,18395,19569.47002905584,1174.4700290558394
12,21,23,17454,19387.32753844671,1933.3275384467088
12,22,0,16270,15555.591435738666,714.4085642613336
12,22,1,15311,16072.74009658862,761.7400965886209
12,22,2,14814,16383.103230673845,1569.1032306738452
12,22,3,14799,15837.973073672521,1038.9730736725214
12,22,4,14661,16735.997947277232,2074.997947277232
12,22,5,14830,16719.262105883558,1889.2621058835575
12,22,6,15387,16665.02658712466,1278.0265871246593
12,22,7,16322,16411.690871889725,89.6908718897248
12,22,8,17603,17828.75181928967,225.7518192896714
12,22,9,18056,18085.55605292046,29.55605292045948
12,22,10,18234,18582.687278434212,348.6872784342122
12,22,11,18042,18991.09386295061,949.093862950609
12,22,12,17925,19112.153228241474,1187.1532282414737
12,22,13,17640,19163.97795609424,1523.9779560942407
12,22,14,17831,19456.497443395067,1625.4974433950665
12,22,15,17865,19767.817174934436,1902.8171749344365
12,22,16,18026,19938.46771504741,1912.467715047409
12,22,17,18625,19651.00722965767,1026.007229657669
12,22,18,18960,18809.247560336844,150.7524396631561
12,22,19,18393,18806.59867232827,413.59867232826946
12,22,20,18354,18930.54944482502,576.549444825021
12,22,21,18245,19162.150137035664,917.1501370356636
12,22,22,18012,19660.186183934362,1648.186183934362
12,22,23,16977,19513.811032494774,2536.811032494774
12,23,0,16024,16087.798603361469,63.79860336146885
12,23,1,15261,16055.287534679583,794.2875346795827
12,23,2,14719,16165.040007094565,1446.0400070945652
12,23,3,14377,16157.02174395177,1780.0217439517692
12,23,4,14104,14570.607106611593,466.6071066115928
12,23,5,14192,14570.498721639991,378.49872163999135
12,23,6,14477,14685.397569051676,208.39756905167633
12,23,7,15134,16946.292463038633,1812.2924630386333
12,23,8,16114,18058.274557296085,1944.2745572960848
12,23,9,16601,17859.738224828325,1258.7382248283247
12,23,10,17314,17157.27035437025,156.72964562975176
12,23,11,17973,16954.2040580905,1018.7959419094987
12,23,12,18276,17061.051197043664,1214.9488029563363
12,23,13,18409,17037.993774074996,1371.0062259250044
12,23,14,18394,17441.403454529394,952.5965454706056
12,23,15,17937,17654.989146357475,282.01085364252503
12,23,16,18348,17806.897861568294,541.1021384317064
12,23,17,19200,18370.380229453243,829.6197705467566
12,23,18,19779,18430.668291710404,1348.3317082895956
12,23,19,19382,17944.208358074793,1437.791641925207
12,23,20,19000,17885.011964219433,1114.9880357805669
12,23,21,18700,18179.17033774565,520.8296622543494
12,23,22,18017,18361.743218625405,344.74321862540455
12,23,23,17069,18292.18686831354,1223.18686831354
12,24,0,16223,14610.205479971737,1612.794520028263
12,24,1,15704,14604.241104161092,1099.7588958389078
12,24,2,15081,14391.150684233293,689.8493157667072
12,24,3,14791,14594.073053674432,196.92694632556777
12,24,4,14924,12941.384297826175,1982.6157021738254
12,24,5,15005,14510.993482694614,494.0065173053863
12,24,6,15268,13402.783638941823,1865.2163610581774
12,24,7,15497,13451.220374414734,2045.7796255852663
12,24,8,16310,15728.72291959948,581.2770804005195
12,24,9,17690,16578.422216995994,1111.577783004006
12,24,10,17681,17025.313804963498,655.6861950365019
12,24,11,18271,18674.87562893883,403.8756289388293
12,24,12,18253,32979.22985620394,14726.229856203943
12,24,13,18170,38291.336103111746,20121.336103111746
12,24,14,18279,23926.770445428574,5647.770445428574
12,24,15,18293,19858.852564802,1565.8525648020004
12,24,16,18556,19526.215395887975,970.2153958879753
12,24,17,19173,26094.700989204874,6921.700989204874
12,24,18,19567,23219.78234951875,3652.7823495187513
12,24,19,18899,21982.739546803317,3083.7395468033174
12,24,20,18296,17916.48661959021,379.51338040978953
12,24,21,17756,20421.87649607716,2665.8764960771587
12,24,22,17254,18047.362852202263,793.3628522022627
12,24,23,16692,18189.415000547546,1497.4150005475458
12,25,0,16003,13864.621910036618,2138.378089963382
12,25,1,15301,13997.800841143771,1303.1991588562287
12,25,2,14785,13773.771024367097,1011.2289756329028
12,25,3,14589,12512.695038722053,2076.304961277947
12,25,4,14506,12074.634888095903,2431.365111904097
12,25,5,14636,12207.449676025912,2428.5503239740883
12,25,6,14886,12116.460686846278,2769.539313153722
12,25,7,15091,12322.692654509423,2768.307345490577
12,25,8,15745,12524.058491959691,3220.9415080403087
12,25,9,16311,14942.383348688936,1368.6166513110638
12,25,10,16525,15349.509895738289,1175.4901042617112
12,25,11,16555,15460.029010250411,1094.9709897495886
12,25,12,16598,15581.225121282334,1016.7748787176661
12,25,13,16672,15771.47612534766,900.5238746523391
12,25,14,16813,15958.636940085658,854.3630599143416
12,25,15,16761,15807.480342154076,953.5196578459236
12,25,16,17145,16288.409088117383,856.5909118826166
12,25,17,17737,16365.220094566566,1371.7799054334337
12,25,18,18046,16531.47868204801,1514.5213179519887
12,25,19,17410,16597.056138404016,812.9438615959843
12,25,20,17082,16732.534632804054,349.4653671959459
12,25,21,16770,16751.780234436337,18.219765563662804
12,25,22,16466,16918.33237805908,452.33237805907993
12,25,23,15950,17050.78007054355,1100.7800705435511
12,26,0,15576,15054.560470643433,521.4395293565667
12,26,1,15243,16751.499584892244,1508.4995848922445
12,26,2,14934,17910.131746718813,2976.131746718813
12,26,3,14701,17257.032276007398,2556.0322760073977
12,26,4,14615,15197.284881175678,582.2848811756776
12,26,5,14618,15435.055835868949,817.0558358689486
12,26,6,14962,15755.245559661238,793.2455596612381
12,26,7,15334,16866.18039502768,1532.1803950276808
12,26,8,15913,15947.878793889808,34.87879388980764
12,26,9,16418,16946.247552877045,528.2475528770447
12,26,10,16986,16651.812379547766,334.1876204522341
12,26,11,17290,16856.755445577863,433.2445544221373
12,26,12,17325,16675.448185702287,649.5518142977126
12,26,13,17263,16527.767711327757,735.2322886722432
12,26,14,17121,16665.893352866908,455.10664713309234
12,26,15,17097,16404.62957798216,692.3704220178406
12,26,16,17421,17133.859728467884,287.14027153211646
12,26,17,18152,18173.63225148287,21.632251482871652
12,26,18,18578,17762.48247886573,815.5175211342685
12,26,19,18154,19275.05881523907,1121.05881523907
12,26,20,17790,18929.323380811293,1139.3233808112927
12,26,21,17595,19268.1190578508,1673.1190578507994
12,26,22,16954,19452.664473361183,2498.664473361183
12,26,23,16334,18308.42787283109,1974.4278728310892
12,27,0,15473,15489.362196750117,16.36219675011671
12,27,1,15180,15593.922054432984,413.9220544329837
12,27,2,14740,15763.883975357649,1023.8839753576485
12,27,3,14649,15839.540768708855,1190.5407687088555
12,27,4,14651,15922.218550072388,1271.218550072388
12,27,5,14607,16171.881502745742,1564.8815027457422
12,27,6,15162,16328.04905399661,1166.0490539966104
12,27,7,15633,16431.91639295896,798.9163929589595
12,27,8,16032,17399.297816616538,1367.2978166165376
12,27,9,16419,18249.72295626396,1830.7229562639586
12,27,10,17086,18927.138634120634,1841.1386341206344
12,27,11,17399,19309.968934428798,1910.968934428798
12,27,12,17452,19795.622541951536,2343.622541951536
12,27,13,16994,17962.090159977604,968.0901599776043
12,27,14,16680,17942.015790843987,1262.015790843987
12,27,15,16716,18152.100040095433,1436.1000400954326
12,27,16,17036,18163.716473464752,1127.7164734647522
12,27,17,17706,18474.793019295645,768.7930192956446
12,27,18,18229,17605.294274465312,623.7057255346881
12,27,19,18089,17969.017569380205,119.9824306197952
12,27,20,17900,18146.936795508314,246.9367955083144
12,27,21,17504,18463.8679462389,959.8679462389009
12,27,22,16970,18542.8913632371,1572.8913632371004
12,27,23,15975,18490.51082396125,2515.510823961249
12,28,0,15239,13945.575964769963,1293.4240352300367
12,28,1,14418,13643.949522068802,774.0504779311977
12,28,2,14078,13499.144083004852,578.8559169951477
12,28,3,13776,14089.03597733113,313.0359773311302
12,28,4,13676,13766.069157053842,90.06915705384199
12,28,5,13818,13867.761013271396,49.76101327139622
12,28,6,14423,14097.400765839888,325.59923416011225
12,28,7,14974,14555.077865106166,418.9221348938336
12,28,8,15607,16911.292925641006,1304.2929256410061
12,28,9,16250,17495.788631308416,1245.7886313084164
12,28,10,16512,17437.811159454894,925.8111594548936
12,28,11,16476,17767.583167756606,1291.5831677566057
12,28,12,16730,17912.612724179377,1182.6127241793765
12,28,13,16768,18217.12445465062,1449.1244546506205
12,28,14,16719,17951.463109967866,1232.4631099678663
12,28,15,16540,18267.88500636881,1727.8850063688114
12,28,16,16545,18471.39995061604,1926.3999506160399
12,28,17,17097,18346.261956290393,1249.2619562903928
12,28,18,17884,17925.394175600202,41.39417560020229
12,28,19,17511,18145.529228373696,634.5292283736962
12,28,20,17182,18387.397653143016,1205.3976531430162
12,28,21,16948,18063.314166836837,1115.314166836837
12,28,22,16229,17327.580968565147,1098.5809685651475
12,28,23,15528,16432.433190211468,904.4331902114682
12,29,0,14521,13184.720747508449,1336.2792524915512
12,29,1,13812,13228.697960622118,583.3020393778825
12,29,2,13546,13175.778474415964,370.2215255840365
12,29,3,13284,13047.545792320798,236.45420767920223
12,29,4,13211,12946.216681778496,264.7833182215036
12,29,5,13195,13648.170240153337,453.17024015333664
12,29,6,13562,14137.860201082452,575.8602010824525
12,29,7,14240,14455.422859475675,215.42285947567507
12,29,8,15049,16074.923074637687,1025.923074637687
12,29,9,15489,16338.675068907438,849.6750689074379
12,29,10,15511,15886.070967708147,375.0709677081468
12,29,11,15314,16205.909227685072,891.9092276850715
12,29,12,15382,16123.734470260122,741.7344702601222
12,29,13,15588,16510.446061813174,922.4460618131743
12,29,14,15712,16559.021986706077,847.0219867060769
12,29,15,15926,16672.463130721055,746.4631307210548
12,29,16,16177,16782.017399435823,605.0173994358229
12,29,17,16741,17359.489006087966,618.4890060879661
12,29,18,17227,16883.255862624945,343.7441373750553
12,29,19,16744,16013.393659149651,730.6063408503487
12,29,20,16543,16245.99011847167,297.0098815283309
12,29,21,16135,16378.490324337816,243.49032433781576
12,29,22,15413,16457.135767305364,1044.1357673053644
12,29,23,14724,16289.962448937316,1565.9624489373164
12,30,0,13971,12652.915263514004,1318.0847364859965
12,30,1,13233,12803.428959010454,429.5710409895455
12,30,2,12804,12925.978693697436,121.97869369743603
12,30,3,12572,13057.816489663319,485.81648966331886
12,30,4,12428,13503.919105165289,1075.9191051652888
12,30,5,12471,13704.666100357543,1233.6661003575427
12,30,6,12740,14076.897864992354,1336.8978649923538
12,30,7,13429,14011.970533663725,582.9705336637253
12,30,8,14207,15174.814051596091,967.8140515960913
12,30,9,14694,15284.542937472708,590.5429374727082
12,30,10,15083,15786.847962531767,703.8479625317668
12,30,11,15512,16089.58098099408,577.5809809940802
12,30,12,15800,16314.147500244657,514.1475002446568
12,30,13,15784,16543.86416579724,759.8641657972403
12,30,14,15802,16710.757933166944,908.757933166944
12,30,15,15639,16738.351083981037,1099.351083981037
12,30,16,15724,16673.217597679428,949.2175976794279
12,30,17,16232,17227.311590686026,995.3115906860257
12,30,18,16748,16644.90121268157,103.09878731843128
12,30,19,16364,16868.764737604895,504.76473760489534
12,30,20,16204,17637.587994630067,1433.5879946300665
12,30,21,15911,17916.916005382947,2005.9160053829473
12,30,22,15406,18031.92547665913,2625.9254766591293
12,30,23,14888,18172.040873233982,3284.040873233982
12,31,0,14096,14324.282161661482,228.28216166148195
12,31,1,13540,13834.228640785823,294.2286407858228
12,31,2,12917,13877.856895719198,960.8568957191983
12,31,3,12641,14627.597349452733,1986.5973494527334
12,31,4,12521,13771.257115801352,1250.2571158013525
12,31,5,12474,13765.784362448043,1291.7843624480429
12,31,6,12417,13738.907129635787,1321.907129635787
12,31,7,13051,14094.041528815973,1043.041528815973
12,31,8,13970,14429.244208129836,459.2442081298359
12,31,9,14673,15688.368493379623,1015.368493379623
12,31,10,15116,15896.382159113029,780.382159113029
12,31,11,15654,15961.756333603951,307.75633360395113
12,31,12,16127,16253.304084412852,126.30408441285181
12,31,13,16257,16315.828744056125,58.82874405612529
12,31,14,16156,16515.29750125371,359.2975012537099
12,31,15,16229,16829.343173717294,600.3431737172941
12,31,16,16254,16984.437483054466,730.4374830544657
12,31,17,16743,17058.841844641556,315.84184464155624
12,31,18,16996,17238.128901126354,242.12890112635432
12,31,19,16381,17068.506292947975,687.5062929479755
12,31,20,15834,16839.28100695503,1005.2810069550287
12,31,21,15465,17021.584950698467,1556.5849506984669
12,31,22,15086,17006.225793092904,1920.2257930929045
12,31,23,14453,16664.70367636916,2211.7036763691613
11,1,0,13989,13150.625330717043,838.3746692829573
11,1,1,13798,13920.586182233224,122.58618223322446
11,1,2,13621,13240.211132844457,380.7888671555429
11,1,3,13464,13447.576467240578,16.423532759421505
11,1,4,13663,13724.575375948605,61.57537594860514
11,1,5,14210,14795.112903933234,585.1129039332336
11,1,6,15271,15275.368437865382,4.368437865381566
11,1,7,17007,15270.736555171212,1736.2634448287881
11,1,8,17384,16671.129684141586,712.870315858414
11,1,9,17361,16659.276776438546,701.7232235614538
11,1,10,16769,16683.774670430936,85.22532956906434
11,1,11,16066,16738.120603399642,672.1206033996423
11,1,12,15781,17159.967875351867,1378.9678753518674
11,1,13,15856,17358.09910678589,1502.0991067858886
11,1,14,16167,17329.18620803739,1162.1862080373903
11,1,15,16459,17807.108195510067,1348.1081955100672
11,1,16,17150,18335.60904145093,1185.6090414509308
11,1,17,17879,19439.669874160307,1560.6698741603068
11,1,18,18216,17981.3679143774,234.63208562260115
11,1,19,18102,20915.936793174296,2813.9367931742963
11,1,20,17616,17319.075011138044,296.9249888619561
11,1,21,16951,17285.831417936915,334.8314179369154
11,1,22,15779,17524.57727975965,1745.577279759651
11,1,23,14611,17316.63667262158,2705.6366726215783
11,2,0,13998,13615.092139639497,382.90786036050304
11,2,1,13669,13333.267858223779,335.7321417762214
11,2,2,13478,13209.879444727407,268.12055527259326
11,2,3,13417,13761.03516209653,344.03516209653026
11,2,4,13595,14471.743245073956,876.7432450739561
11,2,5,13923,14886.227306388222,963.2273063882221
11,2,6,15233,15037.42420982858,195.57579017142052
11,2,7,16939,15558.29859000326,1380.70140999674
11,2,8,17299,16498.78737871006,800.2126212899384
11,2,9,17052,16211.489389586215,840.5106104137849
11,2,10,16811,18829.768059332317,2018.7680593323166
11,2,11,16674,16603.47454916625,70.52545083374935
11,2,12,16221,16623.650574401512,402.65057440151213
11,2,18,17463,16520.142014537527,942.8579854624732
11,2,19,17385,16903.12180352684,481.87819647316064
11,2,20,16930,16970.63237321904,40.63237321903944
11,2,21,16253,17159.925489870453,906.925489870453
11,2,22,15173,16534.20542980486,1361.2054298048606
11,2,23,14164,16203.71718720525,2039.7171872052495
11,3,0,13594,12708.684948468333,885.3150515316665
11,3,1,13109,12873.522808515485,235.47719148451506
11,3,2,12872,12877.613372618358,5.613372618357971
11,3,3,12746,13219.88213198631,473.8821319863091
11,3,4,12826,13432.753442917547,606.7534429175466
11,3,5,13472,13587.995107786477,115.99510778647709
11,3,6,14631,14472.9646106503,158.03538934969947
11,3,7,16079,15077.649796877846,1001.3502031221542
11,3,8,16453,16273.518501654991,179.48149834500873
11,3,9,16255,16224.877994115797,30.122005884202736
11,3,10,15662,15698.375277965608,36.37527796560789
11,3,11,14873,15520.541196588798,647.5411965887979
11,3,12,14767,15846.432292302308,1079.4322923023083
11,3,13,14999,16027.651317670718,1028.6513176707176
11,3,14,15371,16733.13723298438,1362.1372329843798
11,3,15,15756,18336.31185489917,2580.3118548991697
11,3,16,16161,16763.519617243794,602.5196172437936
11,3,17,16389,16691.40164914878,302.40164914877823
11,3,18,16616,15776.642752361877,839.3572476381232
11,3,19,16428,16048.277916111216,379.72208388878425
11,3,20,15993,16615.744940230594,622.7449402305938
11,3,21,15533,17259.74638051402,1726.7463805140214
11,3,22,14769,18730.754900882766,3961.7549008827664
11,3,23,13860,16702.079090677988,2842.0790906779876
11,4,0,13189,13281.504758294815,92.50475829481547
11,4,1,12884,12828.829271675986,55.17072832401391
11,4,2,12749,13597.279958199384,848.279958199384
11,4,3,12805,13961.065922635273,1156.0659226352727
11,4,4,12785,14173.158594805642,1388.1585948056418
11,4,5,13005,14547.366607357906,1542.366607357906
11,4,6,13595,14751.9571524051,1156.9571524051007
11,4,7,14141,15123.770764639014,982.7707646390136
11,4,8,15257,16097.236391145962,840.2363911459615
11,4,9,15815,18320.545895215047,2505.5458952150475
11,4,10,15589,15487.834953240334,101.16504675966644
11,4,11,15521,15412.793912848723,108.20608715127673
11,4,12,15446,15557.5503110541,111.55031105409944
11,4,13,15264,15780.021215385104,516.0212153851044
11,4,14,15141,15922.285524570369,781.2855245703686
11,4,15,15423,16320.69932379235,897.6993237923507
11,4,16,15852,16674.618080800297,822.6180808002973
11,4,17,16160,16509.469812954245,349.46981295424484
11,4,18,16399,16834.619984585333,435.61998458533344
11,4,19,16146,17884.61487350751,1738.6148735075112
11,4,20,15722,16875.407034225274,1153.4070342252744
11,4,21,15193,16841.342825879903,1648.342825879903
11,4,22,14516,17160.362860316705,2644.3628603167053
11,4,23,13890,17206.10815355212,3316.108153552119
11,5,0,13150,13602.0931291132,452.0931291132001
11,5,2,12646,14456.197976412632,1810.1979764126318
11,5,3,12645,14477.390164321969,1832.3901643219688
11,5,4,12555,13699.358126424526,1144.3581264245258
11,5,5,12568,14157.093773072196,1589.0937730721962
11,5,6,12886,14490.248516165873,1604.2485161658733
11,5,7,13641,15697.427197613744,2056.4271976137443
11,5,8,14276,14886.713295659529,610.7132956595287
11,5,9,14534,14867.922281002404,333.9222810024039
11,5,10,14651,15018.249900067896,367.2499000678963
11,5,11,14722,14781.516647163455,59.51664716345476
11,5,12,14597,15140.599579667967,543.5995796679672
11,5,13,14628,15606.836436821544,978.8364368215443
11,5,14,14494,15609.315892699406,1115.3158926994056
11,5,15,14699,15809.218905325613,1110.2189053256134
11,5,16,15327,15796.777065583876,469.7770655838758
11,5,17,16680,15910.511947611805,769.4880523881948
11,5,18,17394,16116.442444258282,1277.5575557417178
11,5,19,16952,16041.359512208623,910.6404877913774
11,5,20,16586,16967.859449990414,381.85944999041385
11,5,21,16105,16541.556784963206,436.55678496320616
11,5,22,15344,16493.68055601522,1149.6805560152206
11,5,23,14463,16486.84938547601,2023.849385476009
11,6,0,13535,14234.817878790485,699.8178787904853
11,6,1,13108,14225.4078143566,1117.4078143566003
11,6,2,12850,14355.029261182764,1505.0292611827645
11,6,3,12849,14375.636150124807,1526.6361501248066
11,6,4,12919,13968.936358417044,1049.9363584170442
11,6,5,12856,13936.937744999606,1080.9377449996064
11,6,6,13578,14279.644561614821,701.6445616148212
11,6,7,14730,14567.696279552738,162.3037204472621
11,6,8,16048,16088.882997137121,40.88299713712149
11,6,9,16441,16265.3342149052,175.6657850947995
11,6,10,16630,16541.759211652636,88.24078834736429
11,6,11,16328,16818.088439150044,490.088439150044
11,6,12,16432,17114.256731067304,682.2567310673039
11,6,13,17063,17411.284375777617,348.28437577761724
11,6,14,17059,18997.538201148618,1938.538201148618
11,6,15,17021,17802.190945838152,781.1909458381524
11,6,16,17084,17517.412786325855,433.41278632585454
11,6,17,17549,17151.195261520294,397.80473847970643
11,6,18,17793,16402.572261492973,1390.4277385070272
11,6,19,17209,17383.95791618001,174.95791618001022
11,6,20,16773,17600.173157421767,827.1731574217665
11,6,21,16399,18620.293960940937,2221.293960940937
11,6,22,15614,17892.301859934698,2278.301859934698
11,6,23,14776,17647.749872290486,2871.7498722904857
11,7,0,13851,13677.694541862655,173.30545813734534
11,7,1,13299,13803.853932032018,504.85393203201784
11,7,2,12896,13740.725473300381,844.725473300381
11,7,3,12702,13947.327866521358,1245.3278665213584
11,7,4,12750,14177.674390119073,1427.674390119073
11,7,5,12882,14310.171319570974,1428.1713195709744
11,7,6,13424,14274.081141923838,850.081141923838
11,7,7,14598,15020.210758703926,422.21075870392633
11,7,8,15840,16073.624687800524,233.62468780052404
11,7,9,16252,16108.359914997034,143.64008500296586
11,7,10,16133,16282.668996804086,149.66899680408642
11,7,11,16259,16336.376364526632,77.37636452663173
11,7,12,16332,17185.685060762742,853.6850607627421
11,7,13,16409,17297.79238530479,888.7923853047905
11,7,14,16596,17642.90293070553,1046.9029307055316
11,7,15,16809,17565.920094762354,756.920094762354
11,7,16,17079,17877.517458619135,798.5174586191351
11,7,17,17597,18063.70094166726,466.70094166725903
11,7,18,18112,17026.297215633418,1085.702784366582
11,7,19,18011,17202.62715922148,808.3728407785202
11,7,20,17732,17423.6047093834,308.3952906166014
11,7,21,17483,17490.073249036774,7.073249036773632
11,7,22,16655,17297.254938183734,642.2549381837343
11,7,23,15758,17393.55936542743,1635.5593654274307
11,8,0,14748,13969.521185509011,778.478814490989
11,8,1,14252,13824.265269138692,427.734730861308
11,8,2,13958,13964.551567821067,6.551567821066783
11,8,3,13778,14215.874956115513,437.87495611551276
11,8,4,13772,14150.862215625562,378.8622156255624
11,8,5,14018,14123.259110250574,105.25911025057394
11,8,6,14607,13864.647839211766,742.352160788234
11,8,7,15825,14144.330035219951,1680.6699647800488
11,8,8,17096,15506.365357650076,1589.6346423499235
11,8,9,16907,15648.421334768227,1258.578665231773
11,8,10,16677,15912.429994859604,764.5700051403965
11,8,11,16985,16242.340926575505,742.6590734244946
11,8,12,17520,16384.52024688726,1135.4797531127406
11,8,13,17634,16492.776447224842,1141.2235527751582
11,8,14,17463,16737.218516529483,725.7814834705168
11,8,15,17600,16900.944102123252,699.0558978767476
11,8,16,17890,17197.774959629915,692.2250403700855
11,8,17,18845,17698.38587626071,1146.6141237392912
11,8,18,19462,16490.64724470472,2971.35275529528
11,8,19,19042,16274.732809875453,2767.2671901245467
11,8,20,18455,16305.367681239552,2149.6323187604485
11,8,21,18011,16360.993320212001,1650.006679787999
11,8,22,17184,16661.638766239965,522.3612337600352
11,8,23,16129,16889.942043600142,760.9420436001419
11,9,0,15493,14804.00497273402,688.9950272659808
11,9,1,15002,13915.797537782755,1086.2024622172448
11,9,2,14372,14986.391474129952,614.3914741299523
11,9,3,14186,16378.180194386417,2192.1801943864175
11,9,4,13736,14039.589019676256,303.5890196762557
11,9,5,13949,13596.77606618475,352.22393381525035
11,9,6,14457,14091.140147169985,365.85985283001537
11,9,7,15658,14848.853709827496,809.1462901725045
11,9,8,16999,16187.656141876458,811.3438581235423
11,9,9,17393,16514.527545633755,878.4724543662451
11,9,10,17618,17070.85056876188,547.1494312381183
11,9,11,17690,17277.53735995551,412.4626400444904
11,9,12,17201,17458.7812946969,257.78129469689884
11,9,13,16665,17251.27200509613,586.2720050961289
11,9,14,16122,17234.38751870304,1112.387518703039
11,9,15,15896,17680.910351663082,1784.910351663082
11,9,16,16252,17107.254941531133,855.2549415311332
11,9,17,17102,17020.61246565255,81.38753434745013
11,9,18,17906,16525.032225390973,1380.9677746090274
11,9,19,17796,16756.811960705272,1039.1880392947278
11,9,20,17304,16731.809131781843,572.1908682181565
11,9,21,16979,17088.074975975193,109.0749759751925
11,9,22,16393,16693.617227865936,300.617227865936
11,9,23,15572,16791.40579136127,1219.4057913612705
11,10,0,14647,13077.34253220726,1569.6574677927401
11,10,1,14067,13285.031915499581,781.9680845004186
11,10,2,13510,13227.176680279621,282.823319720379
11,10,3,13372,13633.542125415275,261.5421254152752
11,10,4,13465,14076.143628555272,611.1436285552718
11,10,5,13625,14660.393129662334,1035.393129662334
11,10,6,14252,14807.043234323717,555.0432343237171
11,10,7,15255,14688.217217803925,566.7827821960745
11,10,8,16492,15954.249059612033,537.7509403879667
11,10,9,16924,16265.377711507637,658.6222884923627
11,10,10,16770,16683.549407637154,86.45059236284578
11,10,11,16272,17123.459308285834,851.4593082858337
11,10,12,16038,16655.166028928423,617.1660289284227
11,10,13,16020,17125.600563621956,1105.600563621956
11,10,14,16141,16748.607066824792,607.6070668247921
11,10,15,16514,17039.00576047557,525.0057604755712
11,10,16,16889,17458.66241125112,569.6624112511199
11,10,17,17551,17827.460161992316,276.460161992316
11,10,18,17983,16521.823478116312,1461.176521883688
11,10,19,17656,16644.68395478832,1011.316045211679
11,10,20,17226,16760.731379862063,465.2686201379365
11,10,21,16943,16967.833105570535,24.833105570534826
11,10,22,16342,17174.505692542258,832.5056925422577
11,10,23,15590,17491.481789059788,1901.4817890597878
11,11,0,14619,13600.113540965494,1018.8864590345056
11,11,1,14047,13942.88360256805,104.11639743194974
11,11,2,13701,14076.322275037744,375.3222750377445
11,11,3,13536,14042.748643318144,506.7486433181439
11,11,4,13426,14336.581430122376,910.5814301223763
11,11,5,13515,14814.566121391586,1299.5661213915864
11,11,6,13861,14578.579926881896,717.5799268818955
11,11,7,14522,14697.213605659419,175.21360565941904
11,11,8,15229,14829.287966274067,399.712033725933
11,11,9,15526,14821.223701663104,704.7762983368957
11,11,10,15709,14819.066223436577,889.9337765634227
11,11,11,15729,14987.844395348655,741.1556046513451
11,11,12,15867,15163.071117726273,703.9288822737271
11,11,13,16013,15284.188390523886,728.8116094761135
11,11,14,15956,15369.83866183387,586.16133816613
11,11,15,16052,15569.035494379881,482.96450562011887
11,11,16,16519,15518.554252546268,1000.4457474537321
11,11,17,17243,15754.669278701132,1488.3307212988675
11,11,18,17794,15975.659714706528,1818.3402852934723
11,11,19,17467,16117.95879987125,1349.0412001287496
11,11,20,17036,16225.293054973241,810.7069450267591
11,11,21,16624,16319.925783359995,304.07421664000503
11,11,22,16026,16698.882631055916,672.8826310559161
11,11,23,15231,16712.91809460842,1481.9180946084198
11,12,0,14454,13248.477256311518,1205.5227436884816
11,12,1,13975,13523.256661225983,451.7433387740166
11,12,2,13734,13909.432815660755,175.4328156607553
11,12,3,13545,14212.508675907005,667.5086759070055
11,12,4,13414,14243.139060955978,829.1390609559785
11,12,5,13466,14136.229521221525,670.2295212215249
11,12,6,13718,13966.214658507646,248.21465850764616
11,12,7,14108,14061.315229026628,46.684770973372
11,12,8,14698,14101.314728038336,596.6852719616636
11,12,9,14904,14469.087760960923,434.91223903907667
11,12,10,14799,14742.45376659265,56.54623340735088
11,12,11,14542,15015.08537741493,473.0853774149291
11,12,12,14254,15092.689560347208,838.6895603472076
11,12,13,14227,14993.686162631197,766.6861626311966
11,12,14,14365,15161.274100462015,796.2741004620148
11,12,15,14554,15330.162386075586,776.1623860755863
11,12,16,15361,15529.404620108975,168.404620108975
11,12,17,16608,15571.224098684806,1036.7759013151936
11,12,18,17610,15637.475713905307,1972.5242860946928
11,12,19,17463,15591.797638556403,1871.2023614435966
11,12,20,16929,15590.61139957209,1338.3886004279102
11,12,21,16537,15617.54244571526,919.4575542847397
11,12,22,15943,15811.487823325295,131.5121766747052
11,12,23,15103,15944.899603817716,841.8996038177156
11,13,0,14364,13626.339545208317,737.6604547916832
11,13,1,13926,13573.452879072736,352.5471209272637
11,13,2,13645,13843.13055850006,198.13055850005912
11,13,3,13421,13612.728657633768,191.7286576337683
11,13,4,13364,14120.022313365873,756.0223133658728
11,13,5,13396,14521.907867827762,1125.907867827762
11,13,6,13945,14328.554621150714,383.5546211507135
11,13,7,15110,14784.755844374647,325.2441556253525
11,13,8,16368,16008.20932329735,359.79067670265067
11,13,9,17015,16957.587295131598,57.412704868402216
11,13,10,16911,17620.45586532827,709.4558653282693
11,13,11,16226,17528.251644906897,1302.2516449068971
11,13,12,15986,17819.173527233077,1833.173527233077
11,13,13,15874,17872.17209658172,1998.1720965817185
11,13,14,15726,17685.758983250733,1959.7589832507329
11,13,15,15800,17722.607274558854,1922.6072745588535
11,13,16,16105,17748.332689481624,1643.3326894816237
11,13,17,17303,17935.037124763137,632.0371247631374
11,13,18,18285,17287.84717256824,997.1528274317607
11,13,19,18143,17492.31996596109,650.6800340389091
11,13,20,17675,17625.373988090072,49.62601190992791
11,13,21,17200,17679.371160673734,479.37116067373427
11,13,22,16471,17961.131728637178,1490.1317286371777
11,13,23,15592,17721.52826768027,2129.528267680271
11,14,0,14587,14210.262407752032,376.73759224796777
11,14,1,14076,14129.99165047274,53.99165047274073
11,14,2,13709,14209.866139492302,500.86613949230195
11,14,3,13516,14205.189647697238,689.1896476972379
11,14,4,13396,14644.99450080348,1248.9945008034792
11,14,5,13559,14786.760016612221,1227.760016612221
11,14,6,14161,15118.302715080965,957.3027150809648
11,14,7,15402,15019.433984496953,382.5660155030473
11,14,8,16926,16965.20653176034,39.20653176034102
11,14,9,17274,16392.85813154259,881.1418684574091
11,14,10,17173,16374.04603831165,798.9539616883503
11,14,11,16676,16618.1410577741,57.85894222589923
11,14,12,16166,16581.45099000495,415.45099000494884
11,14,13,15938,17010.829084871773,1072.8290848717734
11,14,14,15911,17203.148917456296,1292.1489174562957
11,14,15,15963,17422.651768328386,1459.6517683283855
11,14,16,16383,17573.743652283705,1190.7436522837052
11,14,17,17270,17318.544697235528,48.544697235527565
11,14,18,18187,16497.226001470088,1689.7739985299122
11,14,19,17923,16714.652343369682,1208.347656630318
11,14,20,17485,16789.87709702168,695.1229029783208
11,14,21,17216,16988.82603127157,227.17396872843165
11,14,22,16543,17293.470705189615,750.4707051896148
11,14,23,15508,17246.799036329285,1738.7990363292847
11,15,0,14418,14030.11494138716,387.8850586128392
11,15,1,13842,14170.329921506842,328.32992150684186
11,15,2,13508,13705.386709600101,197.3867096001013
11,15,3,13197,13663.743482926753,466.74348292675313
11,15,4,13165,13909.001770366223,744.0017703662234
11,15,5,13436,14650.94737945854,1214.9473794585392
11,15,6,14024,14449.277566103028,425.2775661030282
11,15,7,15089,15468.488122411252,379.48812241125233
11,15,8,16392,16497.823502519295,105.82350251929529
11,15,9,16464,16736.909803655424,272.9098036554242
11,15,10,16327,16881.211687386534,554.2116873865343
11,15,11,15514,17316.510806730817,1802.5108067308174
11,15,12,15143,17531.920814187866,2388.920814187866
11,15,13,15185,16922.03168141206,1737.0316814120597
11,15,14,15423,17309.580515242083,1886.5805152420835
11,15,15,15347,17087.27689338397,1740.2768933839689
11,15,16,15671,17475.210565867703,1804.2105658677028
11,15,17,16659,18023.90633930175,1364.9063393017495
11,15,18,17417,17325.32867495882,91.67132504118126
11,15,19,17192,17527.85402892335,335.8540289233497
11,15,20,17035,16886.14683552873,148.85316447127116
11,15,21,16837,16949.262321760823,112.2623217608234
11,15,22,16073,16803.39572358362,730.3957235836206
11,15,23,15332,16925.70337316095,1593.7033731609517
11,16,0,14454,13743.927393535798,710.0726064642022
11,16,1,14064,14048.796807340856,15.203192659144406
11,16,2,13753,14903.973653249941,1150.973653249941
11,16,3,13570,14901.31138822731,1331.31138822731
11,16,4,13519,14741.194286130576,1222.194286130576
11,16,5,13584,14704.316163441154,1120.3161634411535
11,16,6,14301,15301.42542593246,1000.4254259324607
11,16,7,15582,15923.91588138331,341.91588138330917
11,16,8,16919,16738.078451968493,180.92154803150697
11,16,9,16733,16600.456108628656,132.54389137134422
11,16,10,15934,16886.813089960244,952.8130899602438
11,16,11,15427,16505.48427199922,1078.4842719992193
11,16,12,15177,17011.658475444852,1834.6584754448522
11,16,13,15034,16971.089056899484,1937.0890568994837
11,16,14,15098,17028.357348459787,1930.3573484597873
11,16,15,15395,17142.531761837352,1747.531761837352
11,16,16,16095,17687.77255401155,1592.7725540115498
11,16,17,16709,17590.543427969555,881.5434279695546
11,16,18,17408,16891.944726031965,516.0552739680352
11,16,19,17090,16551.588290163818,538.4117098361821
11,16,20,16838,16518.837448126604,319.1625518733963
11,16,21,16212,17097.423096533817,885.4230965338174
11,16,22,15636,17141.198166025377,1505.1981660253768
11,16,23,14939,16609.656345198506,1670.6563451985057
11,17,0,13996,12924.948486201629,1071.0515137983712
11,17,1,13393,13028.163188848917,364.83681115108266
11,17,2,12863,13600.821607511136,737.8216075111359
11,17,3,12728,14045.550973953174,1317.5509739531735
11,17,4,12626,14201.15460074611,1575.1546007461093
11,17,5,12704,14388.020415757126,1684.020415757126
11,17,6,13091,14716.079400684552,1625.0794006845517
11,17,7,14168,15056.516437497392,888.516437497392
11,17,8,15403,16432.26284363672,1029.2628436367195
11,17,9,15881,16411.845391460643,530.8453914606434
11,17,10,16358,16412.741027965014,54.74102796501393
11,17,11,16828,17057.90417531762,229.90417531762068
11,17,12,17231,17483.06521094819,252.0652109481889
11,17,13,17179,17019.46300463028,159.53699536971908
11,17,14,16939,17181.21099218491,242.21099218491145
11,17,15,16775,16715.719563284292,59.280436715707765
11,17,16,16780,16884.724937621842,104.7249376218424
11,17,17,17183,17684.042089974355,501.0420899743549
11,17,18,17823,16817.90743304036,1005.09256695964
11,17,19,17547,17096.1624382613,450.83756173869915
11,17,20,17280,17171.994169578324,108.00583042167636
11,17,21,16972,17116.108411405352,144.10841140535194
11,17,22,16488,17313.919222368,825.9192223680002
11,17,23,15617,17537.102086445295,1920.1020864452948
11,18,0,14512,13650.02066958986,861.9793304101404
11,18,1,13933,13596.623046407141,336.3769535928586
11,18,2,13662,13876.910257092186,214.91025709218593
11,18,3,13413,13673.740081521624,260.74008152162423
11,18,4,13390,13760.738465628096,370.7384656280956
11,18,5,13572,14033.323063878408,461.323063878408
11,18,6,13919,14307.38347553035,388.38347553035055
11,18,7,14564,14298.340375811411,265.6596241885891
11,18,8,15233,14370.200260728363,862.799739271637
11,18,9,15270,14226.208047733253,1043.791952266747
11,18,10,14982,14671.310931728258,310.68906827174214
11,18,11,14529,14958.97062526118,429.9706252611795
11,18,12,14251,15148.677666253727,897.6776662537268
11,18,13,14076,15373.926335328442,1297.9263353284423
11,18,14,14217,15050.500735769354,833.5007357693539
11,18,15,14470,15172.63012749977,702.6301274997695
11,18,16,15117,15161.55354008722,44.55354008721952
11,18,17,16089,15760.689950012442,328.31004998755816
11,18,18,16862,15990.096280690832,871.9037193091681
11,18,19,16682,16371.215414100816,310.7845858991841
11,18,20,16282,16768.16864400254,486.16864400254053
11,18,21,15947,17032.02130121991,1085.0213012199092
11,18,22,15328,17125.0495722941,1797.0495722941014
11,18,23,14634,17232.75072222143,2598.75072222143
11,19,0,13914,13688.650007296725,225.34999270327535
11,19,1,13539,13595.088356469885,56.088356469885184
11,19,2,13322,13870.254862754193,548.2548627541928
11,19,3,13004,13912.8999784388,908.8999784387997
11,19,4,12869,13959.946020619664,1090.9460206196636
11,19,5,13031,14443.597586618685,1412.5975866186855
11,19,6,13463,14184.156743384203,721.1567433842029
11,19,7,13786,14525.341997390246,739.3419973902455
11,19,8,14112,14351.174033844869,239.17403384486897
11,19,9,14381,14702.672665913742,321.6726659137421
11,19,10,14732,14889.835963779879,157.8359637798785
11,19,11,15003,14720.554752468648,282.4452475313519
11,19,12,14870,15148.38527947959,278.38527947958937
11,19,13,14703,14922.00752414143,219.00752414143062
11,19,14,14622,15349.322600341182,727.3226003411819
11,19,15,14888,15578.422449275122,690.4224492751218
11,19,16,15589,15738.72470252165,149.7247025216493
11,19,17,16773,15827.22745292354,945.7725470764599
11,19,18,17824,16336.787229639634,1487.2127703603655
11,19,19,17754,16676.784625703734,1077.2153742962655
11,19,20,17266,16923.961556284623,342.03844371537707
11,19,21,16872,16739.12510168676,132.8748983132391
11,19,22,16285,16715.341943868367,430.3419438683668
11,19,23,15500,17022.74817940961,1522.7481794096093
11,20,0,14806,14125.70560083577,680.2943991642296
11,20,1,14045,14063.03006868874,18.030068688740357
11,20,2,13783,14146.773992388893,363.773992388893
11,20,3,13839,14300.302984136064,461.30298413606397
11,20,4,13895,14315.05023936708,420.0502393670795
11,20,5,14025,14470.118994713437,445.11899471343713
11,20,6,14791,14618.053773845002,172.94622615499793
11,20,7,16182,14553.279374838889,1628.7206251611115
11,20,8,17508,15555.141883927206,1952.8581160727936
11,20,9,17421,15983.053410120867,1437.9465898791332
11,20,10,16949,16173.293468957923,775.7065310420767
11,20,11,16732,16674.181053435943,57.818946564057114
11,20,12,16594,16860.6550315139,266.6550315138993
11,20,14,16636,17298.95181584333,662.9518158433311
11,20,15,16928,17290.4176394733,362.41763947330037
11,20,16,17573,17211.933436822874,361.0665631771262
11,20,17,18540,17476.52768615999,1063.4723138400113
11,20,18,19536,17124.451428245393,2411.548571754607
11,20,19,18997,16703.902908009382,2293.0970919906176
11,20,20,18701,16954.74089294431,1746.2591070556882
11,20,21,18203,17171.39481620407,1031.6051837959312
11,20,22,17551,17177.80040296317,373.1995970368298
11,20,23,16305,17390.76421862723,1085.7642186272315
11,21,0,15432,13864.997157094764,1567.0028429052363
11,21,1,14560,13664.279380645312,895.7206193546881
11,21,2,14247,13473.594464955335,773.4055350446652
11,21,3,14160,12973.454878228365,1186.5451217716345
11,21,4,14031,13358.357812689192,672.6421873108084
11,21,5,14162,13654.04808776539,507.95191223461006
11,21,6,14956,14665.567841332577,290.4321586674232
11,21,7,16100,15015.786607564596,1084.2133924354039
11,21,8,17363,16312.06991804466,1050.9300819553391
11,21,9,17755,16609.292700536524,1145.7072994634764
11,21,10,17923,16495.20906096229,1427.79093903771
11,21,11,18209,16804.757855710286,1404.242144289714
11,21,12,18450,16780.410038273545,1669.589961726455
11,21,13,18789,16945.75327589257,1843.24672410743
11,21,14,19233,17185.25737388641,2047.7426261135915
11,21,15,18786,17265.955720619808,1520.0442793801922
11,21,16,18761,17503.26082217754,1257.7391778224592
11,21,17,19150,17570.929923466483,1579.0700765335168
11,21,18,19417,17150.355110026838,2266.644889973162
11,21,19,18955,17354.629245133918,1600.3707548660823
11,21,20,18645,17817.59995735291,827.4000426470884
11,21,21,18239,17969.221936142174,269.77806385782606
11,21,22,17423,18119.567871637504,696.5678716375041
11,21,23,16386,18332.60618642683,1946.6061864268304
11,22,0,15187,14808.363300967945,378.6366990320548
11,22,1,14559,14732.577284738334,173.57728473833413
11,22,2,14010,14925.570049388441,915.5700493884415
11,22,3,13819,14276.31070593001,457.31070593000914
11,22,4,13547,14514.198871120981,967.1988711209815
11,22,5,13524,14679.515371167474,1155.5153711674739
11,22,6,14213,15682.829550411217,1469.8295504112175
11,22,7,15369,15957.819433688299,588.8194336882989
11,22,8,16757,17072.58404085083,315.5840408508302
11,22,9,17350,16958.47554657528,391.5244534247213
11,22,10,17548,17015.86905583325,532.1309441667509
11,22,11,17677,17111.07174968437,565.9282503156282
11,22,12,17772,17073.89354089494,698.1064591050599
11,22,13,17715,17245.023443246504,469.97655675349597
11,22,14,17691,17476.118600968555,214.88139903144474
11,22,15,17710,17540.885386800022,169.1146131999776
11,22,16,17972,17706.31383924546,265.68616075453974
11,22,17,18672,17962.43450849004,709.5654915099585
11,22,18,19034,17168.080373024226,1865.919626975774
11,22,19,18503,17211.234731127668,1291.765268872332
11,22,20,18286,17037.70985898242,1248.29014101758
11,22,21,17886,17074.848301691254,811.1516983087458
11,22,22,17065,17317.237519542596,252.2375195425957
11,22,23,16205,17438.129994961528,1233.1299949615277
11,23,0,15172,14036.260811351603,1135.7391886483965
11,23,1,14391,14241.164745685233,149.83525431476664
11,23,2,13745,14462.04774883367,717.0477488336692
11,23,3,13540,14562.512623467623,1022.5126234676227
11,23,4,13482,14500.49479577663,1018.4947957766308
11,23,5,13655,14600.168467692252,945.1684676922523
11,23,6,14151,14523.994572027284,372.99457202728445
11,23,7,15366,15506.541001109681,140.54100110968102
11,23,8,16700,16845.697715545557,145.697715545557
11,23,9,17053,17097.86209139922,44.862091399219935
11,23,10,16998,17201.49148009325,203.49148009324927
11,23,11,16885,17405.45497971029,520.4549797102918
11,23,12,17391,17691.318323822394,300.3183238223937
11,23,13,17426,17946.360295783226,520.3602957832263
11,23,14,17375,18046.933335300248,671.9333353002476
11,23,15,17554,18179.35531401091,625.3553140109107
11,23,16,18147,18311.11443634931,164.1144363493113
11,23,17,18546,18024.17460129483,521.8253987051685
11,23,18,18947,17191.224443260784,1755.775556739216
11,23,19,18480,17356.858557980075,1123.1414420199253
11,23,20,18157,17272.426146545393,884.5738534546072
11,23,21,17800,17215.561472701385,584.4385272986146
11,23,22,17171,17315.262884047093,144.2628840470934
11,23,23,16402,17276.524437572232,874.5244375722323
11,24,0,15629,13954.169194442193,1674.8308055578073
11,24,1,14908,14026.386417989226,881.6135820107738
11,24,2,14411,14271.872919886411,139.12708011358882
11,24,3,14303,14439.105431165852,136.10543116585177
11,24,4,14360,14572.3754261505,212.37542615050006
11,24,5,14737,14739.578022618853,2.5780226188526285
11,24,6,15369,15226.396800705967,142.6031992940334
11,24,7,16360,15464.51722838812,895.4827716118798
11,24,8,17404,16825.89722535449,578.1027746455111
11,24,9,17962,16786.643158882634,1175.3568411173655
11,24,10,17616,16942.627538860906,673.3724611390935
11,24,11,17221,16905.439430660397,315.5605693396028
11,24,12,16969,16999.37538724292,30.375387242918805
11,24,13,16960,17123.09676560232,163.09676560232037
11,24,14,16934,16736.67156595576,197.32843404424057
11,24,15,17061,17017.929746557544,43.070253442456305
11,24,16,17577,17230.802435587346,346.1975644126542
11,24,17,18471,17307.885976823927,1163.1140231760728
11,24,18,19443,16582.62414109137,2860.3758589086283
11,24,19,19137,17007.369763468378,2129.6302365316224
11,24,20,18719,17030.13682245907,1688.8631775409303
11,24,21,18502,16876.200597804396,1625.7994021956038
11,24,22,17830,17123.828548008376,706.171451991624
11,24,23,16952,17398.200754201865,446.2007542018655
11,25,0,15976,13673.354446413297,2302.6455535867026
11,25,1,15321,13730.600903739338,1590.3990962606622
11,25,2,14901,13988.224572645027,912.7754273549726
11,25,3,14430,14046.55148586242,383.4485141375808
11,25,4,14363,14223.664849544595,139.3351504554048
11,25,5,14385,14208.84240078594,176.1575992140606
11,25,6,14697,14340.552162080076,356.4478379199245
11,25,7,15226,14790.850456802615,435.14954319738536
11,25,8,15954,15015.605667050844,938.3943329491558
11,25,9,16345,15336.809115577527,1008.1908844224727
11,25,10,16711,15386.205146197964,1324.7948538020355
11,25,11,16718,15322.382023062839,1395.617976937161
11,25,12,16213,15215.470923302344,997.5290766976559
11,25,13,15722,15281.545416759489,440.45458324051106
11,25,14,15479,15315.455903079685,163.5440969203155
11,25,15,15822,15608.647510095907,213.3524899040931
11,25,16,16890,15771.310109122072,1118.6898908779276
11,25,17,17650,15596.775912167157,2053.224087832843
11,25,18,18393,15897.450417167607,2495.549582832393
11,25,19,17888,16041.286159600844,1846.7138403991557
11,25,20,17586,16249.180077488787,1336.819922511213
11,25,21,17167,16207.524601411384,959.4753985886164
11,25,22,16640,16416.621664465976,223.3783355340238
11,25,23,15745,16699.33518699948,954.3351869994804
11,26,0,15009,13373.088115714661,1635.9118842853386
11,26,1,14565,13617.803833703689,947.1961662963113
11,26,2,14276,13501.842956375362,774.1570436246384
11,26,3,13956,13718.576248133719,237.42375186628124
11,26,4,13735,13805.191489199986,70.19148919998588
11,26,5,13827,14080.641267882365,253.64126788236536
11,26,6,14120,14594.733698928812,474.7336989288124
11,26,7,14553,14674.116810617512,121.11681061751187
11,26,8,15060,14677.30968917978,382.6903108202205
11,26,9,15431,14435.440520261827,995.5594797381727
11,26,10,15362,14736.404517379067,625.5954826209327
11,26,11,15471,15112.717708087925,358.2822919120754
11,26,12,15607,15519.534930651405,87.46506934859462
11,26,13,15961,15787.82574186285,173.1742581371509
11,26,14,16516,15932.749986336688,583.2500136633116
11,26,15,16968,16179.667976825742,788.3320231742582
11,26,16,17499,16192.712980210492,1306.2870197895081
11,26,17,18141,16288.206748283681,1852.793251716319
11,26,18,18499,16158.159563394482,2340.8404366055183
11,26,19,17809,16673.262078709493,1135.737921290507
11,26,20,17439,17030.759212911373,408.24078708862726
11,26,21,16967,17091.151597356973,124.15159735697307
11,26,22,16227,17285.32898912111,1058.3289891211098
11,26,23,15150,17255.96689175916,2105.966891759159
11,27,0,14460,13922.267040505,537.7329594950006
11,27,1,13804,13626.747673559872,177.25232644012794
11,27,2,13637,13635.599630553575,1.40036944642452
11,27,3,13525,13415.08827447962,109.91172552038006
11,27,4,13519,13579.974205344635,60.974205344635266
11,27,5,13774,13642.630534148133,131.36946585186706
11,27,6,14393,14335.064160168255,57.9358398317454
11,27,7,15546,14854.440021264569,691.5599787354313
11,27,8,17064,16841.99209689482,222.00790310517914
11,27,9,17677,16947.95078944823,729.0492105517696
11,27,10,17748,16822.985281875863,925.0147181241373
11,27,11,17649,16907.50587903914,741.4941209608587
11,27,12,17615,16908.264930981062,706.7350690189378
11,27,13,17664,16803.412155359092,860.5878446409079
11,27,14,18085,16964.573701307498,1120.4262986925023
11,27,15,18064,17463.76452287034,600.2354771296596
11,27,16,18281,17628.534695899663,652.4653041003367
11,27,17,19174,17678.677508156863,1495.322491843137
11,27,18,19653,16524.491098970044,3128.508901029956
11,27,19,19246,17110.636212272177,2135.3637877278234
11,27,20,19025,17167.29140872501,1857.7085912749899
11,27,21,18775,17033.816183270643,1741.1838167293572
11,27,22,18093,17091.795354806505,1001.2046451934948
11,27,23,17100,17609.419734263483,509.4197342634834
11,28,0,16126,13969.715558908247,2156.2844410917533
11,28,1,15463,14241.787846083487,1221.2121539165128
11,28,2,14994,14373.267425622045,620.7325743779547
11,28,3,14767,14524.387459540323,242.6125404596769
11,28,4,14708,14597.731480038508,110.26851996149162
11,28,5,14804,14840.945006856957,36.94500685695675
11,28,6,15358,14451.432334839545,906.5676651604554
11,28,7,16597,15011.780914924257,1585.2190850757434
11,28,8,18007,16411.20286000696,1595.7971399930393
11,28,9,18408,16522.610543934738,1885.3894560652625
11,28,10,18023,16509.73568607965,1513.26431392035
11,28,11,17838,16605.614284133102,1232.385715866898
11,28,12,17469,17031.694693318495,437.3053066815046
11,28,13,17451,17063.488140205525,387.51185979447473
11,28,14,17628,17636.951310418983,8.951310418982757
11,28,15,17796,17325.070047574543,470.9299524254566
11,28,16,18449,17146.906385206796,1302.0936147932043
11,28,17,19548,17340.544696671182,2207.4553033288175
11,28,18,20579,16654.874322499,3924.1256775010006
11,28,19,20114,16578.72241560602,3535.2775843939817
11,28,20,19665,16408.191744095,3256.8082559050017
11,28,21,19144,16949.64031269269,2194.359687307311
11,28,22,18460,17447.13155617759,1012.8684438224118
11,28,23,17534,17609.97528166354,75.97528166354095
11,29,0,16469,13719.283655750465,2749.716344249535
11,29,1,15645,13648.289254957695,1996.7107450423046
11,29,2,15148,13987.467998594153,1160.532001405847
11,29,3,14890,14088.592905176378,801.4070948236222
11,29,4,14870,14443.657995120335,426.3420048796652
11,29,5,15049,14772.438827752503,276.56117224749687
11,29,6,15696,14749.387738612775,946.6122613872249
11,29,7,17013,15119.714745161116,1893.2852548388837
11,29,8,18344,15967.774053968691,2376.225946031309
11,29,9,18660,15951.261310540103,2708.7386894598967
11,29,10,18805,16044.965719779806,2760.034280220194
11,29,11,18668,16656.9046857695,2011.0953142305007
11,29,12,18475,16958.723887046846,1516.2761129531536
11,29,13,18041,16609.587527098807,1431.4124729011928
11,29,14,18380,17009.80655434785,1370.1934456521485
11,29,15,18739,17069.162338595765,1669.8376614042354
11,29,16,19177,17454.843783218115,1722.1562167818847
11,29,17,19821,17536.893687044245,2284.106312955755
11,29,18,20113,16953.048028710935,3159.951971289065
11,29,19,19444,16896.727680363736,2547.272319636264
11,29,20,19157,17123.031430412655,2033.968569587345
11,29,21,18850,17132.294825291985,1717.705174708015
11,29,22,18019,17217.446813610364,801.5531863896358
11,29,23,16828,17218.63585878617,390.6358587861687
11,30,0,15661,13711.751163721547,1949.2488362784534
11,30,1,14919,13681.343083901782,1237.656916098218
11,30,2,14435,13766.383735980906,668.6162640190942
11,30,3,14330,13737.505106359538,592.4948936404617
11,30,4,14432,13460.84243652856,971.1575634714409
11,30,5,14469,14128.854003495513,340.1459965044869
11,30,6,14850,14383.667600217419,466.332399782581
11,30,7,16131,14883.283922989105,1247.7160770108949
11,30,8,17415,15816.97209607868,1598.02790392132
11,30,9,17785,16287.381123075096,1497.6188769249038
11,30,10,17434,16591.30896189874,842.6910381012603
11,30,11,17005,17014.70638518199,9.706385181991209
11,30,12,16763,17089.779128533428,326.77912853342787
11,30,13,16157,17221.460566972833,1064.4605669728335
11,30,14,15942,17693.104405217175,1751.1044052171746
11,30,15,16204,17731.668603533137,1527.6686035331368
11,30,16,16850,17591.381030214525,741.3810302145248
11,30,17,17708,18326.228931726095,618.2289317260947
11,30,18,18596,17562.43025107564,1033.5697489243612
11,30,19,18321,17691.18433992154,629.8156600784605
11,30,20,18117,17868.14247525028,248.85752474972105
11,30,21,17680,18038.451628333314,358.45162833331415
11,30,22,16935,18206.479494404633,1271.4794944046334
11,30,23,15978,17727.964577042767,1749.964577042767
12,1,0,15199,14247.309687470919,951.690312529081
12,1,1,14488,14055.957376210157,432.04262378984276
12,1,2,14105,14609.652137553241,504.6521375532411
12,1,3,13728,14744.249809305904,1016.2498093059039
12,1,4,13767,15100.773705079922,1333.7737050799224
12,1,5,13865,15218.894348458012,1353.8943484580122
12,1,6,14459,15554.19146448105,1095.1914644810495
12,1,7,15738,15781.053793357492,43.053793357492395
12,1,8,17251,17127.276682723208,123.72331727679193
12,1,9,17833,16878.1520372246,954.8479627753986
12,1,10,17889,16690.601007748304,1198.3989922516957
12,1,11,17948,16496.471693441443,1451.5283065585572
12,1,19,18307,16960.980773387048,1346.0192266129525
12,2,1,14784,13955.641217663448,828.3587823365524
12,2,8,15563,14917.236330121106,645.7636698788938
12,2,9,16182,15043.423239184704,1138.5767608152964
12,2,10,16704,15361.001969298006,1342.9980307019941
12,2,11,17024,15409.002800997278,1614.9971990027225
12,2,12,17225,15603.186121215806,1621.8138787841945
12,2,14,17233,15776.661438401665,1456.3385615983352
12,2,15,17228,15885.742658071435,1342.2573419285654
12,2,16,17339,16042.94660913066,1296.0533908693396
12,2,17,17808,16274.752289155282,1533.2477108447183
12,2,18,18168,16370.726572150214,1797.2734278497865
12,2,19,17727,16393.0819164792,1333.918083520799
12,2,20,17201,16601.635586441622,599.3644135583781
12,2,21,16725,16818.139710895146,93.13971089514598
12,2,22,16322,16943.215501710005,621.2155017100049
12,2,23,15522,17005.072992619756,1483.0729926197564
12,3,0,14862,13831.214598170725,1030.7854018292746
12,3,1,14277,14093.12149902729,183.87850097271075
12,3,2,13840,13635.847763922124,204.1522360778763
12,3,3,13412,13440.334559318304,28.334559318303945
12,3,4,13343,13882.780950333687,539.7809503336866
12,3,5,13432,14243.215799338977,811.2157993389774
12,3,6,13780,14771.72776048062,991.7277604806204
12,3,7,14440,14827.884898318809,387.88489831880906
12,3,8,15075,14883.971331532892,191.02866846710822
12,3,9,15857,15014.921371033775,842.0786289662246
12,3,10,16360,15351.553697158144,1008.4463028418559
12,3,11,16941,15604.424677080307,1336.5753229196926
12,3,12,17280,15918.82222685996,1361.1777731400398
12,3,13,17676,17301.131260838698,374.8687391613021
12,3,14,17877,16680.183296553692,1196.8167034463077
12,3,15,17721,15865.919155530737,1855.080844469263
12,3,16,17828,16015.51914051453,1812.4808594854694
12,3,17,18376,16307.16991313294,2068.8300868670594
12,3,18,18863,16597.09429085847,2265.9057091415307
12,3,19,18403,16868.616490591987,1534.3835094080132
12,3,20,17841,16641.6386165299,1199.361383470099
12,3,21,17193,16787.64612989478,405.35387010522027
12,3,22,16527,16862.553509015666,335.55350901566635
12,3,23,15715,16875.606868282182,1160.6068682821824
12,4,0,14772,14311.874123268517,460.125876731483
12,4,1,14551,14696.424805081962,145.4248050819624
12,4,2,14169,15143.179171108364,974.1791711083642
12,4,3,13979,14986.697191507114,1007.6971915071135
12,4,4,13966,15094.436773290541,1128.4367732905412
12,4,5,14231,14963.709243816802,732.709243816802
12,4,6,15048,15265.819565133168,217.819565133168
12,4,7,16524,16029.335901214654,494.66409878534614
12,4,8,17814,18001.557432916128,187.55743291612816
12,4,9,18208,18127.964618872735,80.03538112726528
12,4,10,18365,19159.182618167837,794.1826181678371
12,4,11,18376,17343.895219958416,1032.1047800415836
12,4,12,18345,17458.32695560367,886.6730443963315
12,4,13,18314,17361.029183291244,952.9708167087556
12,4,14,18307,17421.912619773386,885.0873802266142
12,4,15,18414,17507.68959953959,906.3104004604102
12,4,16,18627,17660.168305015664,966.8316949843356
12,4,17,19183,17807.021363874253,1375.9786361257466
12,4,18,19667,16977.269083292333,2689.7309167076673
12,4,19,19230,17065.02019308209,2164.9798069179087
12,4,20,18925,17444.090749303614,1480.9092506963862
12,4,21,18583,17693.880841511087,889.119158488913
12,4,22,17688,17267.816309796584,420.1836902034156
12,4,23,16673,17509.22498136221,836.2249813622111
12,5,0,15730,13929.850716154555,1800.149283845445
12,5,1,15230,14035.12717656127,1194.8728234387308
12,5,2,14857,14128.449826489628,728.5501735103717
12,5,3,14616,14224.285612323742,391.7143876762584
12,5,4,14415,14262.88849797179,152.11150202821045
12,5,5,14720,14337.605635102173,382.3943648978275
12,5,6,15393,14871.091716275336,521.9082837246642
12,5,7,16628,15045.34809528453,1582.6519047154707
12,5,8,17911,16283.438839925704,1627.561160074296
12,5,9,18370,16573.32994211438,1796.6700578856216
12,5,10,18542,16939.381902692192,1602.618097307808
12,5,11,18675,17869.61214503224,805.3878549677611
12,5,12,18867,17569.391892968335,1297.608107031665
12,5,13,18605,17714.42596108698,890.5740389130187
12,5,14,18642,17853.384781304678,788.6152186953223
12,5,15,18598,17865.604404202302,732.3955957976978
12,5,16,18793,18022.161235550633,770.8387644493669
12,5,17,19338,18226.285823504306,1111.7141764956941
12,5,18,19844,16990.882372335956,2853.1176276640435
12,5,19,19271,17076.848825831174,2194.1511741688264
12,5,20,19200,17391.957117648355,1808.042882351645
12,5,21,18750,17585.278730491136,1164.7212695088638
12,5,22,17992,17719.327112117782,272.67288788221776
12,5,23,16895,17669.86058765896,774.8605876589609
12,6,0,15915,14311.754171731242,1603.2458282687585
12,6,1,15240,14354.888908452624,885.1110915473764
12,6,2,14743,14271.00813043979,471.99186956021003
12,6,3,14631,14260.938513007051,370.06148699294863
12,6,4,14554,14529.531861501706,24.468138498294138
12,6,5,14861,14850.149015711604,10.85098428839592
12,6,6,15289,15051.361727024276,237.63827297572425
12,6,7,16631,15276.99904860977,1354.0009513902296
12,6,8,18147,16796.785915155328,1350.2140848446725
12,6,9,18541,16889.71542239238,1651.284577607621
12,6,10,18582,16992.68932305326,1589.3106769467413
12,6,11,18411,16957.358229926336,1453.6417700736638
12,6,12,18279,17321.30957524569,957.6904247543098
12,6,13,18046,17413.997582437627,632.002417562373
12,6,14,17906,17634.903414395627,271.0965856043731
12,6,15,17856,17815.8595163911,40.14048360889865
12,6,16,18390,17859.107186336056,530.8928136639443
12,6,17,19239,18302.30452279174,936.6954772082609
12,6,18,19865,17332.181134247297,2532.8188657527025
12,6,19,19640,17061.048237879775,2578.951762120225
12,6,20,19387,17024.264835223188,2362.735164776812
12,6,21,19092,17228.643575974187,1863.3564240258129
12,6,22,18515,17469.61700767722,1045.3829923227786
12,6,23,17151,17738.28427440705,587.2842744070513
12,7,0,16038,14457.298108640913,1580.7018913590873
12,7,1,15300,14475.251991885152,824.7480081148478
12,7,2,14961,14933.899229975294,27.100770024706435
12,7,3,14795,14855.985579921215,60.985579921214594
12,7,4,14643,14644.953557623634,1.9535576236339693
12,7,5,14880,14756.325189081408,123.6748109185919
12,7,6,15405,14850.567611981063,554.4323880189368
12,7,7,16779,15714.660592010781,1064.3394079892187
12,7,8,18260,16832.627807468314,1427.3721925316859
12,7,9,18677,17016.383086247002,1660.6169137529978
12,7,10,18780,17132.45462826428,1647.5453717357195
12,7,11,18585,17350.756115954282,1234.243884045718
12,7,12,18554,17547.687847456513,1006.3121525434872
12,7,13,18126,17621.937750405417,504.0622495945827
12,7,14,18147,17880.40387568757,266.5961243124293
12,7,15,18344,17966.15488911322,377.8451108867812
12,7,16,18712,18161.764196150518,550.2358038494822
12,7,17,19343,19317.374236221975,25.62576377802543
12,7,18,19528,17923.171787918774,1604.8282120812255
12,7,19,19018,17599.712061538885,1418.2879384611151
12,7,20,18824,17844.863835656794,979.1361643432065
12,7,21,18550,18148.9333755719,401.0666244280983
12,7,22,17837,18477.073469841256,640.0734698412562
12,7,23,16756,18422.351361112906,1666.3513611129056
12,8,0,15695,14811.755615388856,883.2443846111437
12,8,1,14936,14823.34308307521,112.6569169247905
12,8,2,14450,15039.09440563638,589.0944056363805
12,8,3,14250,14707.357035445411,457.3570354454114
12,8,4,14121,14670.338119150272,549.3381191502722
12,8,5,14226,14699.727657118114,473.7276571181137
12,8,6,14783,14986.19777885718,203.1977788571803
12,8,7,15885,15257.116342947164,627.8836570528365
12,8,8,17046,16371.995987608077,674.0040123919225
12,8,9,17511,16644.19836615991,866.8016338400885
12,8,10,17648,16847.546347338382,800.4536526616175
12,8,11,17601,16613.85973418459,987.1402658154111
12,8,12,17448,16801.655617723725,646.3443822762747
12,8,13,17818,17102.962758303187,715.037241696813
12,8,14,18110,17466.542514800483,643.4574851995167
12,8,15,18028,17758.53588101506,269.464118984939
12,8,16,18071,17925.98251245452,145.01748754547953
12,8,17,18233,18100.243898940003,132.75610105999658
12,8,18,18838,17285.959766350727,1552.0402336492734
12,8,19,18384,17248.194187881352,1135.8058121186477
12,8,20,17882,17283.813647492465,598.186352507535
12,8,21,17488,17236.707885745574,251.29211425442554
12,8,22,16820,17354.57964702353,534.5796470235291
12,8,23,15861,17537.44337529898,1676.443375298979
12,9,0,14896,13641.38878787702,1254.6112121229799
12,9,1,14149,13562.19901318513,586.8009868148692
12,9,2,13664,13748.004807932946,84.00480793294628
12,9,3,13325,14313.219539673597,988.219539673597
12,9,4,13157,14302.976901374856,1145.9769013748555
12,9,5,13242,14927.711674717115,1685.7116747171149
12,9,6,13452,14396.632796026468,944.632796026468
12,9,7,13934,14376.017724938323,442.0177249383232
12,9,8,14491,15231.722339962156,740.7223399621562
12,9,9,15167,15685.392015019346,518.3920150193462
12,9,10,15763,15877.038116418604,114.03811641860375
12,9,11,16098,15874.292869021447,223.70713097855332
12,9,12,16439,16239.54318381005,199.45681618994968
12,9,13,16583,16617.0512021762,34.051202176200604
12,9,14,16360,16633.22020655089,273.22020655089
12,9,15,16252,16031.739731467926,220.2602685320744
12,9,16,16476,16486.38702399188,10.387023991879687
12,9,17,16871,17041.77547909615,170.77547909615168
12,9,18,17204,17176.46550863206,27.534491367940063
12,9,19,16800,17442.555817847788,642.5558178477877
12,9,20,16453,17602.16978263778,1149.1697826377786
12,9,21,16146,17248.693754463893,1102.6937544638931
12,9,22,15725,17289.794688256447,1564.7946882564465
12,9,23,14758,17299.371569082014,2541.3715690820136
12,10,0,13975,14082.523938976467,107.52393897646652
12,10,1,13485,13961.782022503847,476.78202250384675
12,10,2,13076,14154.778864572816,1078.778864572816
12,10,3,13042,13632.322690810553,590.3226908105535
12,10,4,12652,13754.005926252818,1102.0059262528175
12,10,5,13022,13701.39918812515,679.3991881251495
12,10,6,13199,13232.957518557922,33.9575185579215
12,10,7,13589,13389.191611548118,199.8083884518819
12,10,8,14200,14045.257722932638,154.742277067362
12,10,9,14854,14522.632925155263,331.36707484473663
12,10,10,15399,15163.1742332662,235.82576673380026
12,10,11,16012,15060.601293402226,951.3987065977744
12,10,12,16476,15308.08812409814,1167.9118759018602
12,10,13,16764,15646.261604853918,1117.7383951460815
12,10,14,16841,17102.547632132846,261.54763213284605
12,10,15,17069,16103.08219778157,965.9178022184296
12,10,16,17226,15820.951191197484,1405.0488088025159
12,10,17,17704,16297.207454125297,1406.7925458747031
12,10,18,18232,16389.81899819274,1842.181001807261
12,10,19,17871,17007.841659282258,863.1583407177422
12,10,20,17485,16981.584205295723,503.4157947042768
12,10,21,17148,17017.266213590185,130.73378640981537
12,10,22,16593,16555.327134436313,37.67286556368708
12,10,23,15464,16608.01011508138,1144.010115081379
12,11,0,14551,13978.485669754176,572.5143302458237
12,11,1,14063,14117.186447095393,54.186447095393305
12,11,2,13840,14243.494293693733,403.4942936937332
12,11,3,13747,14432.808346410857,685.8083464108568
12,11,4,13650,14446.304453029006,796.3044530290063
12,11,5,13836,14314.274562246048,478.27456224604794
12,11,6,14422,14282.085571536987,139.91442846301288
12,11,7,15654,14925.674179516885,728.3258204831145
12,11,8,17247,16396.88726614616,850.112733853839
12,11,9,17888,16623.231295381498,1264.768704618502
12,11,10,18000,16701.423363173868,1298.576636826132
12,11,11,17907,16969.321630837978,937.6783691620221
12,11,12,17780,17052.07748516577,727.9225148342302
12,11,13,17815,17191.828571397647,623.1714286023525
12,11,14,17889,17152.222532101845,736.777467898155
12,11,15,18100,17454.8047975486,645.1952024513994
12,11,16,18473,17129.33300287857,1343.6669971214287
12,11,17,19274,17562.10843340583,1711.8915665941713
12,11,18,19888,17170.4719372225,2717.528062777499
12,11,19,19465,17352.917742318692,2112.082257681308
12,11,20,19074,17447.23771977268,1626.7622802273218
12,11,21,18574,17578.63889491501,995.3611050849904
12,11,22,17872,17492.369008219615,379.63099178038465
12,11,23,16906,17423.615257626298,517.6152576262975
12,12,0,15806,14151.404161559441,1654.5958384405585
12,12,1,15250,14239.247882781712,1010.7521172182878
12,12,2,14777,14588.55664382681,188.4433561731894
12,12,3,14384,14773.093581634233,389.0935816342335
12,12,4,14318,14683.49214052439,365.49214052438947
12,12,5,14506,14819.548532467697,313.54853246769744
12,12,6,15032,14715.239821269095,316.76017873090495
12,12,7,16289,15329.436288358938,959.5637116410617
12,12,8,17570,16603.818506606083,966.1814933939168
12,12,9,17968,16507.945382749167,1460.054617250833
12,12,10,17724,17035.511855719575,688.4881442804253
12,12,11,17547,17296.542184188947,250.45781581105257
12,12,12,17491,17288.22759970907,202.77240029093082
12,12,13,17588,17091.278841228832,496.7211587711681
12,12,14,17574,17298.85128939686,275.1487106031418
12,12,15,17549,17409.2102305463,139.78976945369868
12,12,16,17827,17554.956349239328,272.0436507606719
12,12,17,18828,17533.80858039032,1294.1914196096805
12,12,18,19461,16833.30008487105,2627.699915128949
12,12,19,19053,17019.894560140692,2033.1054398593078
12,12,20,18847,17232.143255108218,1614.856744891782
12,12,21,18480,17271.823434881273,1208.176565118727
12,12,22,17923,17321.87529046359,601.1247095364088
12,12,23,16888,17184.993507723397,296.99350772339676
12,13,0,15741,13582.079080147374,2158.920919852626
12,13,1,15093,13742.913670969378,1350.0863290306224
12,13,2,14857,14006.347905299648,850.6520947003519
12,13,3,14586,14494.38633988507,91.6136601149301
12,13,4,14503,14800.371644176374,297.3716441763736
12,13,5,14550,14579.758075175825,29.75807517582507
12,13,6,15438,14626.941627139024,811.0583728609763
12,13,7,16541,14874.270657517758,1666.729342482242
12,13,8,18266,16439.422341443034,1826.5776585569656
12,13,9,18446,16498.686367854847,1947.313632145153
12,13,10,18044,16448.38468691549,1595.6153130845087
12,13,11,17572,16348.423061260257,1223.5769387397431
12,13,12,17663,16851.0770303063,811.9229696937
12,13,13,17468,16727.61935828971,740.3806417102896
12,13,14,17293,16765.5993817186,527.400618281401
12,13,15,17377,16877.20592351423,499.79407648577035
12,13,16,18170,17337.878457970695,832.1215420293047
12,13,17,19410,20179.93835320306,769.9383532030588
12,13,18,20004,19621.024616690527,382.9753833094728
12,13,19,19491,16848.297081178305,2642.7029188216948
12,13,20,19321,17102.64331940535,2218.3566805946502
12,13,21,19220,17443.12473475535,1776.8752652446492
12,13,22,18640,17654.644312116325,985.3556878836753
12,13,23,17400,17246.14389409571,153.85610590429133
12,14,0,16274,13924.874357305845,2349.1256426941545
12,14,1,15541,14137.106092850972,1403.8939071490277
12,14,2,15157,14414.757432304765,742.2425676952353
12,14,3,14868,14370.534712423361,497.46528757663873
12,14,4,14699,14626.205771326908,72.79422867309222
12,14,5,14888,14499.818225247614,388.18177475238554
12,14,6,15375,14413.883543168158,961.1164568318418
12,14,7,16599,14975.69337953726,1623.3066204627394
12,14,8,17860,15988.31840414666,1871.6815958533407
12,14,9,18215,16357.246076545334,1857.7539234546657
12,14,10,17924,16907.76863604534,1016.2313639546592
12,14,11,17741,16971.17713711193,769.8228628880715
12,14,12,17652,17239.362336236798,412.637663763202
12,14,13,17436,16967.720374928194,468.27962507180564
12,14,14,17222,16757.873182941585,464.1268170584153
12,14,15,16935,16544.719252698167,390.2807473018329
12,14,16,17309,17222.73483361445,86.2651663855504
12,14,17,18073,17444.288529356374,628.711470643626
12,14,18,18686,16647.2604561372,2038.739543862801
12,14,19,18470,16727.956867473702,1742.043132526298
12,14,20,18299,16909.760528997147,1389.239471002853
12,14,21,18037,17223.403603389354,813.5963966106465
12,14,22,17377,17315.178918304515,61.82108169548519
12,14,23,16321,17248.38140042589,927.3814004258893
12,15,0,15491,13842.94651477781,1648.05348522219
12,15,1,14765,13703.261665513332,1061.7383344866685
12,15,2,14347,13844.12118229943,502.8788177005699
12,15,3,14164,13930.467140632954,233.5328593670456
12,15,4,13949,13814.78674788085,134.21325211915064
12,15,5,14149,13827.519235405394,321.4807645946057
12,15,6,14805,13955.485921784795,849.5140782152048
12,15,7,15848,14756.377396604536,1091.6226033954645
12,15,8,17132,16030.834585770563,1101.1654142294374
12,15,9,17474,16416.77695771288,1057.2230422871216
12,15,10,16924,16579.0905843464,344.9094156536012
12,15,11,16328,16269.983657694485,58.01634230551463
12,15,12,15990,16258.210749072641,268.2107490726412
12,15,13,15421,16125.452933240686,704.4529332406855
12,15,14,15442,16301.377024640997,859.3770246409968
12,15,15,15602,16638.459073644295,1036.4590736442951
12,15,16,16459,16958.70589355902,499.7058935590212
12,15,17,17519,17067.790833866304,451.20916613369627
12,15,18,17965,15726.007088001928,2238.9929119980716
12,15,19,17618,15664.231645547927,1953.7683544520733
12,15,20,17411,16324.674084949349,1086.325915050651
12,15,21,17149,16842.031877274476,306.96812272552415
12,15,22,16690,17200.4543677748,510.45436777480063
12,15,23,15845,17296.03965779586,1451.03965779586
12,16,0,14968,13669.21868663873,1298.7813133612708
12,16,1,14445,13883.911762904618,561.0882370953823
12,16,2,14011,14108.362414434623,97.36241443462313
12,16,3,13639,14420.047087001238,781.0470870012377
12,16,4,13418,13858.613453870152,440.6134538701517
12,16,5,13430,13976.828898953218,546.8288989532175
12,16,6,13826,13998.096408446563,172.09640844656315
12,16,7,14434,13917.529986832467,516.4700131675327
12,16,8,15151,14269.146189546635,881.8538104533654
12,16,9,15429,14405.78235704359,1023.2176429564097
12,16,10,15673,14909.1914780691,763.8085219308996
12,16,11,15869,15329.857932334735,539.1420676652651
12,16,12,15960,15406.641140364829,553.358859635171
12,16,13,15960,15360.615975223212,599.3840247767876
12,16,14,16075,15426.505741525696,648.4942584743039
12,16,15,16429,15576.158372592738,852.8416274072624
12,16,16,16735,15745.390856822787,989.6091431772129
12,16,17,17234,15761.281258447498,1472.7187415525023
12,16,18,17588,15838.996718868657,1749.003281131343
12,16,19,17098,16291.132250402552,806.867749597448
12,16,20,16765,16392.5104043866,372.4895956133987
12,16,21,16490,16447.157310057544,42.84268994245576
12,16,22,15973,16458.52586840303,485.5258684030305
12,16,23,15249,16519.85724188223,1270.8572418822296
12,17,0,14516,13340.13655981663,1175.8634401833697
12,17,1,14125,13264.807535674321,860.1924643256789
12,17,2,13550,12969.953915258076,580.0460847419236
12,17,3,13259,12922.946693777016,336.05330622298425
12,17,4,13115,13303.647956275536,188.64795627553576
12,17,5,13108,13442.28292295088,334.2829229508807
12,17,6,13221,13363.335503674212,142.3355036742123
12,17,7,13798,13992.603231890722,194.60323189072187
12,17,8,14359,14190.079703490208,168.92029650979202
12,17,9,14923,14327.94546424897,595.0545357510291
12,17,10,15699,14480.40176899245,1218.5982310075506
12,17,11,16193,15118.640490818843,1074.3595091811567
12,17,12,16531,15263.619227533653,1267.3807724663475
12,17,13,16935,15891.151048855814,1043.8489511441858
12,17,14,16864,15351.049229781978,1512.9507702180217
12,17,15,16790,15383.11146499272,1406.8885350072796
12,17,16,16904,15577.222944961522,1326.7770550384776
12,17,17,17509,15988.308536647437,1520.691463352563
12,17,18,18259,16351.219252876317,1907.7807471236829
12,17,19,17958,16536.956315603777,1421.0436843962234
12,17,20,17415,16564.107297666946,850.8927023330543
12,17,21,16833,16673.616988204965,159.3830117950347
12,17,22,16050,16785.28900654574,735.2890065457395
12,17,23,15156,17015.955387793652,1859.9553877936523
12,18,0,14512,14460.676344481555,51.323655518444866
12,18,1,14088,14153.502227516754,65.50222751675392
12,18,2,13576,14241.271096756065,665.2710967560652
12,18,3,13351,14273.898192952838,922.8981929528381
12,18,4,13251,14292.097258373517,1041.0972583735165
12,18,5,13250,14257.288701964122,1007.2887019641221
12,18,6,13891,14244.103092578442,353.10309257844165
12,18,7,15120,15119.91808623831,0.08191376169088471
12,18,8,16408,16099.501210476803,308.49878952319705
12,18,9,17373,16128.342869201406,1244.6571307985942
12,18,10,17342,16481.675329453043,860.3246705469573
12,18,11,17601,17015.052991939097,585.9470080609026
12,18,12,17809,17106.54516485261,702.4548351473895
12,18,13,17515,17299.45916457582,215.54083542418084
12,18,14,17507,17445.163111053935,61.8368889460653
12,18,15,17637,17494.272287466167,142.72771253383326
12,18,16,17718,17508.05152866303,209.94847133697112
12,18,17,18364,17681.01889162291,682.981108377091
12,18,18,19033,16923.394192140695,2109.605807859305
12,18,19,18487,16799.056645958888,1687.943354041112
12,18,20,18385,16942.132184079375,1442.8678159206247
12,18,21,17978,16999.842699370427,978.157300629573
12,18,22,17695,17180.28411582951,514.7158841704913
12,18,23,16626,17132.298152953736,506.29815295373555
12,19,0,15584,13538.974877594595,2045.0251224054045
12,19,1,14934,13356.108573275797,1577.8914267242035
12,19,2,14639,13742.425620504267,896.5743794957325
12,19,3,14434,13471.66471658833,962.3352834116704
12,19,4,14426,13630.456815877335,795.5431841226655
12,19,5,14490,14041.021375881854,448.9786241181464
12,19,6,15085,14717.449829007672,367.5501709923283
12,19,7,16376,15538.250975226125,837.7490247738751
12,19,8,17959,16381.999158106722,1577.0008418932775
12,19,9,18456,16380.340980298464,2075.6590197015357
12,19,10,18647,16450.18628761572,2196.813712384279
12,19,11,18620,16564.669094542995,2055.3309054570054
12,19,12,18284,16767.287691491973,1516.7123085080275
12,19,13,17844,16820.41602014408,1023.5839798559209
12,19,14,17623,16655.326982320003,967.6730176799974
12,19,15,17631,16991.23872043575,639.761279564249
12,19,16,18165,17455.535632152863,709.4643678471366
12,19,17,19035,17809.4534855607,1225.5465144392983
12,19,18,19717,16923.076888180574,2793.9231118194257
12,19,19,19324,16741.718118860193,2582.2818811398065
12,19,20,19138,16686.445096625444,2451.5549033745556
12,19,21,18789,16622.254525611927,2166.7454743880735
12,19,22,18006,16777.59612498052,1228.4038750194813
12,19,23,17086,16978.931073743966,107.06892625603359
12,20,0,15942,13650.730192279574,2291.269807720426
12,20,1,15219,13871.77124057633,1347.2287594236695
12,20,2,14693,13854.286715822467,838.7132841775328
12,20,3,14607,14081.459564705798,525.5404352942023
12,20,4,14510,14642.530763069923,132.5307630699226
12,20,5,14720,15303.742451839977,583.7424518399766
12,20,6,15194,15321.841047463415,127.84104746341472
12,20,7,16442,15395.02399859936,1046.9760014006406
12,20,8,17962,16659.1471165465,1302.852883453499
12,20,9,18356,16803.897262041675,1552.1027379583247
12,20,10,18335,16668.524460929184,1666.475539070816
12,20,11,18192,16781.388791721798,1410.611208278202
12,20,12,17936,16752.52303664972,1183.4769633502801
12,20,13,17472,17138.803387595002,333.1966124049977
12,20,14,17901,17533.78502480672,367.21497519328113
12,20,15,18043,17439.175812083566,603.8241879164343
12,20,16,18348,17487.93958451426,860.0604154857392
12,20,17,19038,17845.727052602466,1192.2729473975342
12,20,18,19452,16713.223885387764,2738.7761146122357
12,20,19,19224,17310.01057696479,1913.989423035211
12,20,20,18806,17243.50964088129,1562.4903591187103
12,20,21,18485,17523.21046914539,961.7895308546103
12,20,22,17746,17673.848163775754,72.15183622424593
12,20,23,16752,17978.51093537838,1226.510935378381
12,21,0,15706,14246.52916507134,1459.4708349286593
12,21,1,15117,14353.769113265036,763.2308867349639
12,21,2,14505,14488.051755844903,16.9482441550972
12,21,3,14258,14602.454949880723,344.4549498807228
12,21,4,14174,14983.223559249309,809.2235592493089
12,21,5,14426,15254.49659966557,828.4965996655701
12,21,6,14991,15529.53214688807,538.5321468880702
12,21,7,16232,15910.748119090755,321.2518809092453
12,21,8,17586,16930.814134716788,655.1858652832125
12,21,9,18000,16894.921836235426,1105.0781637645741
12,21,10,17656,16921.31273259779,734.6872674022088
12,21,11,17275,16968.213266947863,306.7867330521367
12,21,12,17054,17158.825496892317,104.82549689231746
12,21,13,16866,17377.28247905044,511.28247905043827
12,21,14,17070,17374.86607475492,304.8660747549184
12,21,15,17395,17601.74393501626,206.74393501626037
12,21,16,17959,17697.442943068247,261.5570569317533
12,21,17,18817,17766.56091095877,1050.4390890412287
12,21,18,19625,16710.12705497463,2914.8729450253704
12,21,19,19359,16795.030417564914,2563.9695824350856
12,21,20,19224,16864.433823370488,2359.5661766295125
12,21,21,19005,17406.393710448145,1598.6062895518553
12,21,22,18430,17320.725508378055,1109.2744916219453
12,21,23,17323,17449.706095267993,126.70609526799308
12,22,0,16201,13889.13537197261,2311.8646280273897
12,22,1,15506,14308.322886011174,1197.677113988826
12,22,2,15115,14550.310637808212,564.689362191788
12,22,3,14923,14670.103126271075,252.89687372892513
12,22,4,14814,14769.90634297308,44.09365702692048
12,22,5,15010,14771.74178136336,238.25821863663987
12,22,6,15461,15161.224771606277,299.7752283937225
12,22,7,16490,15440.747724761855,1049.2522752381446
12,22,8,17748,16566.439658799518,1181.560341200482
12,22,9,18173,16697.258498678188,1475.7415013218124
12,22,10,18198,16858.61420469231,1339.3857953076913
12,22,11,18078,16976.497799861314,1101.502200138686
12,22,12,17956,16986.325275621,969.6747243790014
12,22,13,17758,17099.087324422762,658.9126755772377
12,22,14,17725,17414.581349735698,310.4186502643024
12,22,15,17668,17346.716248158962,321.2837518410379
12,22,16,17933,17696.85987618827,236.1401238117287
12,22,17,18467,17841.796821121105,625.2031788788954
12,22,18,18941,17081.953264092208,1859.046735907792
12,22,19,18543,17257.24177060338,1285.7582293966188
12,22,20,18138,17470.650305620053,667.3496943799473
12,22,21,17819,17494.265428539587,324.73457146041255
12,22,22,17209,17401.186699024634,192.18669902463444
12,22,23,16256,17530.536422537985,1274.5364225379853
12,23,0,15297,13861.293305723935,1435.7066942760648
12,23,1,14681,13999.187817880516,681.8121821194836
12,23,2,14224,14256.740834201284,32.74083420128409
12,23,3,13891,14474.477037949055,583.4770379490546
12,23,4,13731,14617.562607777492,886.5626077774923
12,23,5,13872,14638.368711314886,766.3687113148862
12,23,6,13989,14452.100265605313,463.1002656053133
12,23,7,14457,14612.187345637058,155.18734563705766
12,23,8,15187,14725.141828025467,461.8581719745325
12,23,9,15867,14898.377304523052,968.6226954769481
12,23,10,16600,15014.521769427602,1585.4782305723984
12,23,11,17050,15205.608109697376,1844.3918903026242
12,23,12,17404,15435.348754471846,1968.6512455281536
12,23,13,17488,15583.745062595997,1904.2549374040027
12,23,14,17444,15609.209005517847,1834.790994482153
12,23,15,17365,15746.22642682352,1618.7735731764806
12,23,16,17365,16003.975493273476,1361.0245067265241
12,23,17,17730,16541.79651133865,1188.203488661351
12,23,18,18051,16469.715650284677,1581.2843497153226
12,23,19,17591,16622.862916268874,968.137083731126
12,23,20,17189,16648.092455695467,540.9075443045331
12,23,21,16719,16810.008110289218,91.00811028921817
12,23,22,16184,16964.22275929225,780.22275929225
12,23,23,15328,17053.4171870023,1725.4171870022983
12,24,0,14558,13430.20056871205,1127.7994312879491
12,24,1,13907,13648.448277399386,258.5517226006141
12,24,2,13455,13822.285938808765,367.2859388087654
12,24,3,13224,13987.474120307219,763.474120307219
12,24,4,13006,14094.923905395597,1088.923905395597
12,24,5,12997,14043.448967455168,1046.4489674551678
12,24,6,13164,14037.788776206244,873.7887762062437
12,24,7,13612,14425.452065786267,813.4520657862668
12,24,8,14440,14524.761029546782,84.76102954678208
12,24,9,15209,14323.28517371755,885.7148262824503
12,24,10,15817,14533.850446697923,1283.149553302077
12,24,11,16151,14765.112933465995,1385.8870665340055
12,24,12,16658,15378.77279318813,1279.227206811869
12,24,13,16823,15685.91532244827,1137.0846775517293
12,24,14,16664,15324.211242257188,1339.7887577428119
12,24,15,16661,15602.970107036863,1058.0298929631372
12,24,16,16780,15612.869487007409,1167.1305129925913
12,24,17,16935,15703.456205858194,1231.5437941418058
12,24,18,16877,15621.53765721079,1255.4623427892093
12,24,19,16296,15844.536412480822,451.46358751917796
12,24,20,15764,16165.431324611814,401.4313246118145
12,24,21,15426,16208.390242098989,782.3902420989889
12,24,22,14935,16289.404854024278,1354.4048540242784
12,24,23,14378,16329.072921646235,1951.072921646235
12,25,0,13767,12636.796814506633,1130.2031854933666
12,25,1,13103,12891.305743487736,211.69425651226447
12,25,2,12819,13028.940789935376,209.9407899353755
12,25,3,12552,13236.899041522902,684.8990415229018
12,25,4,12560,13601.093830887508,1041.0938308875084
12,25,5,12648,13563.291246000035,915.2912460000352
12,25,6,12756,13689.86397884171,933.8639788417095
12,25,7,13099,13737.53182594849,638.5318259484902
12,25,8,13690,13601.81091860809,88.1890813919108
12,25,9,14250,13836.91098401194,413.08901598806005
12,25,10,14733,14273.099409394204,459.9005906057955
12,25,11,15089,14808.170424963977,280.829575036023
12,25,12,15261,15000.272242076677,260.7277579233232
12,25,13,15067,15193.488186876544,126.4881868765442
12,25,14,15054,15139.56023570295,85.56023570294929
12,25,15,15329,15009.881450406981,319.11854959301854
12,25,16,15541,15158.154643333653,382.84535666634656
12,25,17,15769,15273.201525357103,495.7984746428974
12,25,18,15795,15357.902028632798,437.09797136720226
12,25,19,15174,15598.91339831978,424.91339831978075
12,25,20,14816,15417.406853520866,601.4068535208662
12,25,21,14641,15445.405695095493,804.4056950954928
12,25,22,14376,15661.811542987574,1285.8115429875743
12,25,23,13773,15982.146751285176,2209.146751285176
12,26,0,13185,12900.118536623499,284.8814633765014
12,26,1,12831,12960.245941005427,129.24594100542708
12,26,2,12490,12283.969896094251,206.03010390574855
12,26,3,12117,12361.225794051705,244.22579405170472
12,26,4,12029,12428.524681174451,399.52468117445096
12,26,5,12106,12644.864265107959,538.864265107959
12,26,6,12509,13200.791936508445,691.7919365084454
12,26,7,13050,13660.09971677873,610.09971677873
12,26,8,13548,13910.069913168167,362.06991316816675
12,26,9,13996,13929.323481011897,66.67651898810254
12,26,10,14353,13828.489037950954,524.5109620490457
12,26,11,14637,14014.671183007293,622.3288169927073
12,26,12,15082,14311.588716533059,770.4112834669413
12,26,13,15231,14505.126987458081,725.8730125419188
12,26,14,15214,14611.350082173714,602.6499178262857
12,26,15,15231,14681.841483107926,549.1585168920737
12,26,16,15407,14835.255945557956,571.7440544420442
12,26,17,15967,15091.688280398666,875.3117196013336
12,26,18,16333,15258.98186007736,1074.0181399226403
12,26,19,16124,15325.062845311908,798.937154688092
12,26,20,15841,15237.226675794798,603.7733242052018
12,26,21,15472,15322.740449942621,149.25955005737887
12,26,22,15001,15635.250640972105,634.2506409721045
12,26,23,14223,15707.736525453285,1484.7365254532851
12,27,0,13453,13217.389095455319,235.61090454468103
12,27,1,12905,13455.049420340942,550.0494203409417
12,27,2,12489,13643.772643694803,1154.7726436948033
12,27,3,12297,13716.566844899899,1419.5668448998986
12,27,4,12317,13698.15716598536,1381.1571659853598
12,27,5,12505,13979.624867494233,1474.6248674942326
12,27,6,12891,14260.617210319171,1369.6172103191711
12,27,7,13723,14468.480361175014,745.480361175014
12,27,8,14466,15688.915372925369,1222.9153729253685
12,27,9,15086,16051.023668331958,965.0236683319581
12,27,10,15575,16012.309140425921,437.3091404259212
12,27,11,16102,16181.283810899213,79.28381089921277
12,27,12,16487,16394.88395493325,92.11604506674848
12,27,13,16731,16348.734035542551,382.2659644574487
12,27,14,16631,16368.297027412067,262.7029725879329
12,27,15,16462,16549.287290910193,87.2872909101934
12,27,16,16504,16823.411817677996,319.4118176779957
12,27,17,16903,16937.087664990177,34.08766499017656
12,27,18,17358,16163.999586131713,1194.000413868287
12,27,19,17040,16209.737621084147,830.2623789158533
12,27,20,16787,16399.832314040563,387.1676859594372
12,27,21,16363,16464.53030851074,101.53030851074072
12,27,22,15724,16651.35447715804,927.3544771580382
12,27,23,14872,16686.55239989116,1814.5523998911594
12,28,0,14012,13405.259677550375,606.7403224496247
12,28,1,13359,13642.273580809426,283.27358080942577
12,28,2,13007,13775.91376172232,768.9137617223205
12,28,3,12947,13995.292947134785,1048.2929471347852
12,28,4,12879,14246.78561832346,1367.7856183234599
12,28,5,12921,14212.603893482858,1291.6038934828575
12,28,6,13255,14454.13768802294,1199.13768802294
12,28,7,13895,14510.141670178833,615.141670178833
12,28,8,14646,15743.845150088275,1097.8451500882747
12,28,9,15214,15988.495290115856,774.4952901158558
12,28,10,15616,16097.622267657316,481.6222676573161
12,28,11,15951,16358.726657785428,407.72665778542796
12,28,12,16253,16611.821476904406,358.82147690440615
12,28,13,16310,16619.968648095582,309.96864809558247
12,28,14,16275,16740.05553275819,465.05553275818966
12,28,15,16295,16822.285134997757,527.2851349977573
12,28,16,16390,16983.55093448182,593.5509344818201
12,28,17,16795,17041.107409046377,246.10740904637714
12,28,18,17247,16255.335522909905,991.6644770900948
12,28,19,16933,16456.12013448801,476.8798655119899
12,28,20,16594,16465.281901405804,128.7180985941959
12,28,21,16349,16746.634400177492,397.63440017749235
12,28,22,15832,16995.4449260481,1163.4449260481015
12,28,23,15063,17018.773726430503,1955.7737264305033
12,29,0,14312,13704.604225871819,607.3957741281811
12,29,1,13902,13814.778298448628,87.22170155137246
12,29,2,13435,14110.492734673622,675.4927346736222
12,29,3,13130,14143.00655629876,1013.0065562987602
12,29,4,12895,14309.534752232974,1414.534752232974
12,29,5,13001,14538.853049048374,1537.8530490483736
12,29,6,13332,14781.82849161251,1449.8284916125103
12,29,7,13988,14950.275312433921,962.2753124339215
12,29,8,14609,15972.633758480439,1363.6337584804387
12,29,9,15273,16130.510192874492,857.5101928744916
12,29,10,15688,16229.056710975143,541.0567109751428
12,29,11,16002,16330.073987111486,328.0739871114856
12,29,12,16171,16540.343761375152,369.3437613751521
12,29,13,16204,16692.795706546105,488.79570654610507
12,29,14,16188,16815.39369405708,627.3936940570784
12,29,15,16249,16927.06836233351,678.0683623335099
12,29,16,16353,16928.17788937743,575.1778893774317
12,29,17,16908,17396.83654131963,488.83654131962976
12,29,18,17472,16626.76289388066,845.2371061193408
12,29,19,16996,16609.321425199243,386.6785748007569
12,29,20,16459,16493.985714291623,34.98571429162257
12,29,21,16295,16584.84337263576,289.8433726357616
12,29,22,15963,16797.13255070791,834.1325507079091
12,29,23,15383,16979.381402482526,1596.381402482526
12,30,0,14765,13579.32209050866,1185.67790949134
12,30,1,14005,13648.807513589745,356.1924864102548
12,30,2,13548,13224.746588724503,323.25341127549655
12,30,3,13293,13190.977240686367,102.02275931363329
12,30,4,13189,13479.96933842574,290.9693384257407
12,30,5,13389,13492.120245549517,103.12024554951677
12,30,6,13753,13624.380558127063,128.6194418729374
12,30,7,14160,13833.964757390304,326.03524260969607
12,30,8,14703,13895.596068013823,807.4039319861768
12,30,9,15241,14168.076807010279,1072.9231929897214
12,30,10,15844,14517.579467071286,1326.4205329287142
12,30,11,16323,14964.46879740491,1358.5312025950898
12,30,12,16700,15344.682353023518,1355.3176469764821
12,30,13,16999,15816.172305669863,1182.827694330137
12,30,14,17118,15368.64000435792,1749.3599956420803
12,30,15,17188,15377.818131539672,1810.1818684603277
12,30,16,17361,15520.03773691001,1840.9622630899903
12,30,17,17899,16217.556568977345,1681.4434310226552
12,30,18,18138,16421.598426643628,1716.401573356372
12,30,19,17798,16401.075659469727,1396.9243405302732
12,30,20,17328,16372.720505776093,955.279494223907
12,30,21,16862,16450.028770556404,411.9712294435958
12,30,22,16304,16595.53381229371,291.53381229371007
12,30,23,15470,16697.281763749612,1227.2817637496119
12,31,0,14774,13304.994675422737,1469.0053245772633
12,31,1,14176,13668.905137293787,507.09486270621346
12,31,2,13834,13979.315881273282,145.31588127328178
12,31,3,13578,13794.317639856077,216.31763985607722
12,31,4,13469,14129.534389050157,660.5343890501572
12,31,5,13451,14281.257229045346,830.2572290453463
12,31,6,13601,14531.685136990396,930.6851369903961
12,31,7,13739,14271.217183309023,532.2171833090233
12,31,8,14368,14142.94225455321,225.05774544678934
12,31,9,14874,14767.733207678997,106.26679232100287
12,31,10,15507,15045.973019201509,461.0269807984914
12,31,11,15926,15402.58512327711,523.4148767228908
12,31,12,16354,15614.304548406884,739.6954515931156
12,31,13,16792,16100.0730310278,691.9269689722005
12,31,14,17013,16411.542102665062,601.457897334938
12,31,15,17158,16667.46566483137,490.5343351686315
12,31,16,17279,16638.774076774287,640.2259232257129
12,31,17,17700,16815.507409483474,884.4925905165255
12,31,18,18017,16912.17877146293,1104.8212285370682
12,31,19,17570,17456.555346534908,113.44465346509241
12,31,20,17114,17168.462597903737,54.46259790373733
12,31,21,16499,17286.134390676292,787.1343906762922
12,31,22,15939,17182.95388617989,1243.95388617989
12,31,23,15328,17286.355353805637,1958.3553538056367
11,1,0,13267,14232.178178698017,965.1781786980173
11,1,1,12852,13586.949236925022,734.949236925022
11,1,2,12689,13686.891507064078,997.8915070640778
11,1,3,12554,13550.77832382599,996.7783238259908
11,1,4,12409,13891.763601428878,1482.7636014288782
11,1,5,12755,14207.691446544675,1452.6914465446753
11,1,6,13752,14564.416717269387,812.4167172693869
11,1,7,15119,14336.830453156788,782.1695468432117
11,1,8,15864,15910.627849374436,46.627849374435755
11,1,9,16495,15869.664272025642,625.3357279743577
11,1,10,16484,16012.545733668081,471.4542663319189
11,1,11,16116,16227.11406583878,111.11406583877942
11,1,12,15949,16410.18725246259,461.18725246259055
11,1,13,15820,16940.14873607146,1120.14873607146
11,1,14,15531,16845.57965595883,1314.5796559588307
11,1,15,15693,16682.08186451612,989.0818645161198
11,1,16,16187,18344.52822194601,2157.5282219460096
11,1,17,16668,20415.780529329535,3747.780529329535
11,1,18,16818,17269.409044192704,451.40904419270373
11,1,19,16709,16840.821362918497,131.82136291849747
11,1,20,16324,16897.510380775067,573.5103807750675
11,1,21,15847,17477.16135671913,1630.1613567191307
11,1,22,15131,17428.167669074788,2297.167669074788
11,1,23,14336,17116.25581321798,2780.25581321798
11,2,0,13698,13892.955914280892,194.9559142808921
11,2,1,13420,13945.502989033495,525.5029890334954
11,2,2,13241,14481.27109466958,1240.2710946695806
11,2,3,13158,13876.64252336799,718.6425233679893
11,2,4,13220,14155.026110096393,935.0261100963926
11,2,5,13348,14118.990691491626,770.9906914916264
11,2,6,13882,14273.37636431626,391.37636431626015
11,2,7,14590,14395.411111785861,194.58888821413893
11,2,8,15272,15324.335790740033,52.33579074003319
11,2,9,15728,16787.13653001697,1059.136530016971
11,2,10,15562,17429.840844205497,1867.840844205497
11,2,11,15032,14456.076384339996,575.9236156600036
11,2,12,14672,14444.203711880209,227.79628811979092
11,2,13,14518,14398.504035366614,119.4959646333864
11,2,14,14207,14634.1789033777,427.1789033777004
11,2,15,14263,14832.54941911044,569.5494191104408
11,2,16,15000,15389.74030889545,389.74030889545065
11,2,17,16024,16372.749727777053,348.7497277770526
11,2,18,16416,15705.47719326151,710.5228067384905
11,2,19,16253,15668.165370680039,584.8346293199611
11,2,20,15763,15919.468808997903,156.46880899790267
11,2,21,15357,16320.72807961344,963.7280796134401
11,2,22,14893,16315.625299597214,1422.6252995972136
11,2,23,14213,16071.974197168796,1858.9741971687963
11,3,0,13570,12697.986708746308,872.0132912536919
11,3,2,13005,12735.153982923555,269.8460170764447
11,3,3,13014,13052.412481129346,38.412481129345906
11,3,4,12896,13163.947910118757,267.94791011875714
11,3,5,13013,13863.335990805548,850.3359908055481
11,3,6,13226,13824.58178497746,598.5817849774594
11,3,7,13813,13630.477331002858,182.52266899714232
11,3,8,14214,13832.417669273631,381.58233072636904
11,3,9,14145,13847.714596111948,297.2854038880523
11,3,10,14236,14223.14888706343,12.851112936570644
11,3,11,13881,14377.91609261214,496.91609261214035
11,3,12,13888,14465.877856722665,577.8778567226655
11,3,13,13906,14793.574788075208,887.5747880752078
11,3,14,14020,15060.91384155458,1040.9138415545804
11,3,15,14612,15021.600331159552,409.6003311595523
11,3,16,15050,14780.809988824385,269.1900111756149
11,3,17,16259,15114.172015523734,1144.8279844762656
11,3,18,16933,15527.879791643596,1405.120208356404
11,3,19,16597,15824.624445990441,772.375554009559
11,3,20,16092,16023.649978729294,68.35002127070584
11,3,21,15674,16145.7766557307,471.77665573070044
11,3,22,15132,15678.69403006231,546.69403006231
11,3,23,14362,16145.330175598512,1783.3301755985121
11,4,0,13692,13281.400564347467,410.59943565253343
11,4,1,13199,13630.12633525388,431.1263352538808
11,4,2,12849,13576.57969200818,727.5796920081793
11,4,3,12794,13836.683260036107,1042.6832600361067
11,4,4,12650,13574.603846856284,924.6038468562838
11,4,5,12758,13586.36152260992,828.3615226099191
11,4,6,13458,14269.048416959133,811.0484169591327
11,4,7,14924,15137.666793905586,213.66679390558602
11,4,8,16202,16544.483666268225,342.4836662682246
11,4,9,16611,16375.371735918243,235.62826408175715
11,4,10,16678,16642.01128640319,35.98871359680925
11,4,11,16763,16873.874127134826,110.87412713482627
11,4,12,16829,16906.532338585148,77.53233858514795
11,4,13,16840,16780.808259823316,59.19174017668411
11,4,14,16816,16950.23522060665,134.23522060664982
11,4,15,16785,20757.547747731405,3972.5477477314053
11,4,16,17003,18783.45627025446,1780.4562702544608
11,4,17,17552,17647.524691355226,95.52469135522551
11,4,18,17690,17087.20100009402,602.7989999059791
11,4,19,17160,17112.096916263923,47.90308373607695
11,4,20,16911,17545.214928931076,634.2149289310764
11,4,21,16638,17863.1992164832,1225.1992164832009
11,4,22,15793,18216.65085109719,2423.6508510971908
11,4,23,14966,17884.279114813024,2918.2791148130236
11,5,0,14042,14237.33550384027,195.33550384026967
11,5,1,13392,14244.782162275276,852.7821622752763
11,5,2,12818,14127.884808353609,1309.8848083536086
11,5,3,12632,13989.151675200548,1357.1516752005482
11,5,4,12501,13635.060660621912,1134.0606606219117
11,5,5,12620,13574.798570668498,954.7985706684976
11,5,6,13093,14002.05681256588,909.0568125658792
11,5,7,14247,14794.306470918587,547.3064709185874
11,5,8,15378,16165.299609125965,787.2996091259647
11,5,9,15611,16268.233839580978,657.2338395809784
11,5,10,15597,16743.63289443825,1146.6328944382512
11,5,11,15663,16825.300756187615,1162.3007561876148
11,5,12,15724,16824.71078504272,1100.71078504272
11,5,13,15468,16671.927309201063,1203.9273092010626
11,5,14,15533,17010.050301669355,1477.0503016693547
11,5,15,15612,17097.11028568373,1485.1102856837315
11,5,16,16148,17247.9753208675,1099.9753208674992
11,5,17,16753,17517.756312676152,764.7563126761524
11,5,18,17175,16513.5036889189,661.4963110811004
11,5,19,16969,16494.680847329182,474.31915267081786
11,5,20,16568,16720.57652283433,152.5765228343298
11,5,21,16014,16580.37995057466,566.379950574661
11,5,22,15222,16837.10009477452,1615.1000947745197
11,5,23,14250,16559.71497449362,2309.7149744936214
11,6,0,13382,13233.853950341603,148.1460496583968
11,6,1,12820,12895.014279789297,75.01427978929678
11,6,2,12395,13169.634486786987,774.6344867869866
11,6,3,12230,13515.48400775516,1285.4840077551598
11,6,4,12257,14021.542981585953,1764.5429815859534
11,6,5,12555,13942.585874643575,1387.5858746435752
11,6,6,13108,14162.643072831374,1054.6430728313735
11,6,7,14236,14526.971154986537,290.97115498653693
11,6,8,15498,15932.697845294126,434.6978452941257
11,6,9,16052,15667.666216209353,384.33378379064743
11,6,10,16182,16643.06441290675,461.0644129067514
11,6,11,16081,18263.09764485166,2182.0976448516594
11,6,12,16009,18568.49738645602,2559.4973864560197
11,6,13,15890,16349.110755109567,459.1107551095665
11,6,14,15691,16221.505780779638,530.5057807796384
11,6,15,15792,16874.20275145146,1082.2027514514593
11,6,16,16157,17633.90852484363,1476.9085248436313
11,6,17,17004,18226.797669888692,1222.7976698886923
11,6,18,17253,16477.294426773915,775.7055732260851
11,6,19,17161,16634.184644394336,526.8153556056641
11,6,20,16923,21004.287588468236,4081.287588468236
11,6,21,16383,19092.255193042867,2709.255193042867
11,6,22,15655,17288.402800902586,1633.402800902586
11,6,23,14892,17303.894269160057,2411.894269160057
11,7,0,13930,13721.852472846174,208.14752715382565
11,7,1,13458,14143.863126592705,685.8631265927052
11,7,2,13024,14457.377415866993,1433.377415866993
11,7,3,12770,14259.125933449102,1489.1259334491024
11,7,4,12683,14289.122602420946,1606.1226024209464
11,7,5,12804,14022.383505500986,1218.3835055009858
11,7,6,13326,14590.858148510368,1264.8581485103678
11,7,7,14608,14904.369009904134,296.36900990413415
11,7,8,15687,16180.249054715192,493.24905471519196
11,7,9,16022,16325.682762560726,303.6827625607257
11,7,10,15629,17312.282540290853,1683.282540290853
11,7,11,15172,16052.54303308111,880.5430330811105
11,7,12,14882,16042.267704336551,1160.267704336551
11,7,13,14601,16283.58710214366,1682.5871021436596
11,7,14,14746,17076.792092092473,2330.7920920924735
11,7,15,15064,17168.488928744468,2104.4889287444676
11,7,16,15637,17402.878771526506,1765.8787715265062
11,7,17,16643,17111.486009647368,468.4860096473676
11,7,18,17232,16962.328306865296,269.6716931347037
11,7,19,16971,16361.472970681501,609.5270293184985
11,7,20,16539,16066.500477457443,472.4995225425573
11,7,21,16024,16327.828183969094,303.8281839690935
11,7,22,15512,16686.70546033908,1174.7054603390789
11,7,23,14601,16948.044557776884,2347.044557776884
11,8,0,13739,13096.08443586875,642.91556413125
11,8,1,13024,13175.449104044616,151.44910404461552
11,8,2,12695,13362.093606134677,667.0936061346765
11,8,3,12675,13230.789215380917,555.7892153809171
11,8,4,12683,13249.88246626292,566.8824662629195
11,8,5,12655,13245.89895058776,590.8989505877598
11,8,6,13183,13730.21171796189,547.2117179618908
11,8,7,14376,14270.400577813118,105.5994221868823
11,8,8,15480,15556.136314621175,76.13631462117519
11,8,9,15780,16144.652736047196,364.6527360471955
11,8,10,15606,15957.773444523045,351.7734445230453
11,8,11,15633,16067.694188188198,434.6941881881976
11,8,12,15669,16347.458029098374,678.458029098374
11,8,13,15408,16219.686792325732,811.6867923257323
11,8,14,15144,16899.70709091972,1755.707090919721
11,8,15,15222,16619.547332189843,1397.5473321898426
11,8,16,15614,17039.0296149697,1425.0296149696987
11,8,17,16669,18080.571869394196,1411.5718693941963
11,8,18,17289,16989.97172074775,299.02827925224847
11,8,19,17173,17049.35286056847,123.64713943153038
11,8,20,16586,16907.226254612488,321.22625461248754
11,8,21,16378,17045.6467021868,667.6467021868011
11,8,22,16034,17992.57611853513,1958.5761185351294
11,8,23,15133,17094.360229700356,1961.3602297003563
11,9,0,14327,13116.61260530421,1210.3873946957901
11,9,1,13838,13143.381609673666,694.6183903263336
11,9,2,13458,13027.152614698385,430.84738530161485
11,9,3,13173,13133.686528862421,39.313471137578745
11,9,4,13072,13223.176064628646,151.1760646286457
11,9,5,13162,13474.110894710157,312.1108947101566
11,9,6,13342,13708.720456412788,366.7204564127878
11,9,7,14055,13418.681619326515,636.3183806734851
11,9,8,14601,13314.967845502219,1286.0321544977814
11,9,9,14732,13861.974523579553,870.0254764204474
11,9,10,14462,14097.807066844773,364.19293315522737
11,9,11,14165,14361.228538552543,196.2285385525429
11,9,12,14019,14334.56825926253,315.5682592625308
11,9,13,13952,14379.29707785972,427.29707785971914
11,9,14,14091,14502.438734259256,411.4387342592563
11,9,15,14355,14766.989681066761,411.9896810667615
11,9,16,15166,15066.06454402802,99.93545597197954
11,9,17,16184,15277.794911449411,906.2050885505887
11,9,18,16954,15443.406996097574,1510.593003902426
11,9,19,16944,16200.738763431096,743.2612365689038
11,9,20,16205,15873.780692334001,331.2193076659987
11,9,21,15823,15713.964433810821,109.03556618917901
11,9,22,15227,15430.080023767201,203.08002376720106
11,9,23,14432,15392.248149332383,960.248149332383
11,10,0,13746,12121.874694917879,1624.1253050821215
11,10,1,13440,12485.506100965651,954.4938990343489
11,10,2,13057,12822.003097188299,234.99690281170115
11,10,3,12907,13097.919954208464,190.91995420846433
11,10,4,12798,13149.449673500352,351.4496735003522
11,10,5,12812,13356.29287152338,544.2928715233793
11,10,6,13016,13417.148139284112,401.1481392841124
11,10,7,13498,13639.041275741924,141.04127574192353
11,10,8,13937,13805.262618637496,131.73738136250358
11,10,9,14110,14087.616141803426,22.383858196573783
11,10,10,14747,14360.094938313965,386.90506168603497
11,10,11,15412,14788.807937860314,623.1920621396857
11,10,12,15999,21428.998595416128,5429.9985954161275
11,10,13,16117,15582.146947095434,534.8530529045656
11,10,14,16181,15205.290525927056,975.7094740729444
11,10,15,16175,14717.50261873686,1457.4973812631397
11,10,16,16411,15121.603572278666,1289.3964277213345
11,10,17,16734,15311.166750074002,1422.8332499259977
11,10,18,17144,16212.09231930363,931.9076806963694
11,10,19,16759,16480.610592588913,278.3894074110867
11,10,20,16114,16190.434368659553,76.434368659553
11,10,21,15591,16370.94452833779,779.94452833779
11,10,22,14914,16689.25744755353,1775.2574475535293
11,10,23,14316,16773.94876828033,2457.94876828033
11,11,0,13569,13553.967942965413,15.032057034586614
11,11,1,13054,12985.143237466196,68.8567625338037
11,11,2,12627,13024.05743692413,397.05743692412943
11,11,3,12411,13077.290155599994,666.2901555999943
11,11,4,12468,13092.208711746993,624.2087117469928
11,11,5,12483,13317.105122504447,834.1051225044466
11,11,6,13193,13843.293902984462,650.293902984462
11,11,7,14454,14457.540048333722,3.540048333721643
11,11,8,15780,15866.842278114706,86.84227811470555
11,11,9,16145,16240.819217920824,95.81921792082358
11,11,10,16239,16509.714278762025,270.71427876202506
11,11,11,16425,16651.13143248914,226.13143248913912
11,11,12,16520,16546.25964874839,26.259648748389736
11,11,13,16647,16833.971344803445,186.9713448034454
11,11,14,16722,16882.92695166579,160.92695166579142
11,11,15,16705,16902.91929194859,197.9192919485904
11,11,16,16700,17327.61273999697,627.61273999697
11,11,17,17288,17558.294906700936,270.2949067009358
11,11,18,17719,16073.773988324629,1645.2260116753714
11,11,19,17023,15766.8316604076,1256.1683395923992
11,11,20,17108,16181.873505177675,926.1264948223252
11,11,21,16878,16569.730450216095,308.26954978390495
11,11,22,16065,16917.172676231345,852.1726762313447
11,11,23,15207,17295.791487571878,2088.791487571878
11,12,0,14241,13500.325246087506,740.6747539124935
11,12,1,13728,13329.257334299546,398.7426657004544
11,12,2,13425,13459.759745390595,34.75974539059462
11,12,3,13302,13825.666854667437,523.6668546674373
11,12,4,13477,13868.61519075938,391.6151907593794
11,12,5,13749,13980.763366759877,231.7633667598766
11,12,6,14300,14522.144723759571,222.1447237595712
11,12,7,15771,15908.020749046529,137.0207490465291
11,12,8,16928,16095.169079105663,832.8309208943374
11,12,9,16789,16008.658352004384,780.3416479956159
11,12,10,16012,15564.498439213756,447.5015607862442
11,12,11,15499,15579.279052738444,80.27905273844408
11,12,12,15325,15814.324537441355,489.32453744135455
11,12,13,15341,15963.789034523184,622.7890345231845
11,12,14,15358,16272.884939592868,914.8849395928682
11,12,15,15757,16435.033839649794,678.0338396497937
11,12,16,16380,16692.08580451954,312.0858045195382
11,12,17,17546,17158.78431628517,387.21568371482863
11,12,18,18240,17059.735542099275,1180.2644579007247
11,12,19,18109,18049.712316463592,59.28768353640771
11,12,20,17858,17918.198883988596,60.19888398859621
11,12,21,17487,17899.616172335693,412.6161723356927
11,12,22,16861,16588.506685021104,272.4933149788958
11,12,23,16135,16540.05018680284,405.05018680284047
11,13,0,15304,13463.33609443068,1840.6639055693195
11,13,1,14559,13355.583523136802,1203.416476863198
11,13,2,14052,13163.83988111391,888.1601188860895
11,13,3,14010,13289.667133574792,720.3328664252076
11,13,4,13974,13349.065552831067,624.9344471689328
11,13,5,14015,13724.258001701248,290.74199829875215
11,13,6,14540,13677.279237365006,862.7207626349937
11,13,7,15847,14337.615372728214,1509.3846272717856
11,13,8,16847,15733.627349822185,1113.3726501778146
11,13,9,16790,15915.789898396648,874.2101016033521
11,13,10,16265,15816.861814585758,448.1381854142419
11,13,11,15850,15830.85383478171,19.146165218289752
11,13,12,15478,16201.771473139706,723.7714731397064
11,13,13,15166,16061.777945856624,895.7779458566238
11,13,14,15257,16536.02568706313,1279.025687063131
11,13,15,15594,17093.393031077154,1499.3930310771539
11,13,16,16596,17345.441616510077,749.4416165100774
11,13,17,17558,17834.284656404187,276.28465640418653
11,13,18,18293,16682.405686079146,1610.594313920854
11,13,19,18064,16911.075404227005,1152.9245957729945
11,13,20,17816,16763.119220495453,1052.8807795045468
11,13,21,17567,16571.964349919905,995.0356500800954
11,13,22,16862,17074.99952666577,212.99952666577155
11,13,23,16022,17179.162167583403,1157.162167583403
11,14,0,14999,13461.013781629114,1537.9862183708865
11,14,1,14326,13579.861625249143,746.1383747508571
11,14,2,13839,13050.370604673493,788.6293953265067
11,14,3,13719,13563.305164481753,155.6948355182467
11,14,4,13733,14106.036102322874,373.0361023228743
11,14,5,13907,13932.725166587566,25.72516658756649
11,14,6,14322,14014.510511289078,307.48948871092216
11,14,7,15524,14746.200192219041,777.7998077809589
11,14,8,16838,16585.232214348835,252.76778565116547
11,14,9,17182,16746.832463973984,435.167536026016
11,14,10,17160,16093.454828481174,1066.5451715188265
11,14,11,17108,16514.0347041104,593.9652958896004
11,14,12,17166,16799.195139190157,366.8048608098434
11,14,13,17372,19907.762999620947,2535.762999620947
11,14,14,17789,21774.04242079131,3985.0424207913093
11,14,15,17685,22388.695111246943,4703.695111246943
11,14,16,17848,20381.55152404868,2533.5515240486784
11,14,17,18289,18109.362667545454,179.63733245454569
11,14,18,18447,16602.60948610787,1844.390513892129
11,14,19,17914,17007.577871434154,906.4221285658459
11,14,20,17877,16940.889197076533,936.1108029234674
11,14,21,17525,19864.50678491235,2339.5067849123516
11,14,22,16894,18635.780550598556,1741.7805505985561
11,14,23,15954,18295.82735790881,2341.827357908809
11,15,0,15108,14334.6024319725,773.3975680274998
11,15,1,14533,14152.011655607868,380.9883443921317
11,15,2,14096,14186.929715655815,90.92971565581502
11,15,3,13882,14507.536258095992,625.5362580959918
11,15,4,13679,14567.207564941906,888.2075649419057
11,15,5,13794,14835.997268216901,1041.997268216901
11,15,6,14385,14813.66004646453,428.66004646453075
11,15,7,15574,15134.294685525258,439.7053144747424
11,15,8,16658,18343.988277309538,1685.9882773095378
11,15,9,17142,19165.414207791797,2023.4142077917968
11,15,10,16933,19891.86955871252,2958.8695587125185
11,15,11,17015,20318.552597677655,3303.5525976776553
11,15,12,16810,20653.466474023717,3843.4664740237167
11,15,13,16834,17929.794202119345,1095.7942021193448
11,15,14,16864,16621.096323715577,242.90367628442254
11,15,15,16912,16567.127115668838,344.8728843311619
11,15,16,17153,17770.05845586987,617.0584558698683
11,15,17,17648,17959.364565834607,311.36456583460676
11,15,18,17972,16178.037665269087,1793.9623347309134
11,15,19,17488,16727.298007895562,760.7019921044375
11,15,20,17201,17265.41502753015,64.41502753015084
11,15,21,16851,17456.082418729817,605.0824187298167
11,15,22,16274,17575.310870244568,1301.310870244568
11,15,23,15422,17255.24377869759,1833.2437786975897
11,16,0,14458,13227.521465606722,1230.478534393278
11,16,1,13827,13670.201211619555,156.79878838044533
11,16,2,13384,13420.094112226745,36.09411222674498
11,16,3,13099,13453.700562028338,354.700562028338
11,16,4,13072,13668.846832082776,596.846832082776
11,16,5,13140,14044.327598046953,904.3275980469534
11,16,6,13501,14058.92597704172,557.9259770417193
11,16,7,14072,14170.781596426585,98.78159642658466
11,16,8,14481,14478.027360932718,2.9726390672822163
11,16,9,14898,14184.202224148668,713.7977758513316
11,16,10,15093,19558.629143547754,4465.629143547754
11,16,11,15111,15294.06594897589,183.0659489758891
11,16,12,15248,14368.78225480089,879.2177451991101
11,16,13,15382,14312.974055137607,1069.0259448623929
11,16,14,15555,14489.603464690355,1065.3965353096446
11,16,15,15667,14833.064278963906,833.935721036094
11,16,16,16133,14921.652049836006,1211.347950163994
11,16,17,16675,15266.920101701828,1408.0798982981723
11,16,18,17224,15015.388942830725,2208.611057169275
11,16,19,16903,15795.53922516788,1107.4607748321196
11,16,20,16473,15833.22694498975,639.7730550102497
11,16,21,16143,16421.18968599403,278.1896859940316
11,16,22,15560,16577.725710340885,1017.7257103408847
11,16,23,14935,16517.256302362577,1582.2563023625771
11,17,0,14318,13124.285730504938,1193.7142694950617
11,17,1,13879,13286.754763828865,592.2452361711348
11,17,2,13333,13346.613391517512,13.613391517512355
11,17,3,13162,13512.52045339973,350.5204533997294
11,17,4,13071,13372.280364737864,301.28036473786415
11,17,5,13125,13851.360130734845,726.3601307348454
11,17,6,13338,14489.414701765645,1151.414701765645
11,17,7,13808,14104.550698503866,296.55069850386644
11,17,8,14230,13925.822086922703,304.1779130772975
11,17,9,14596,13914.414294846863,681.5857051531366
11,17,10,14814,14024.94861110958,789.0513888904206
11,17,11,15060,13765.829068381901,1294.1709316180986
11,17,12,15375,14098.478679556954,1276.5213204430456
11,17,13,15379,14608.511787436186,770.4882125638142
11,17,14,15866,15293.862021962053,572.1379780379466
11,17,15,16282,15570.421066407265,711.5789335927348
11,17,16,16720,15553.696941291446,1166.303058708554
11,17,17,17098,15839.433816276398,1258.566183723602
11,17,18,17492,15891.965917305179,1600.0340826948213
11,17,19,16880,16054.67931632478,825.3206836752197
11,17,20,16404,16332.833589819196,71.16641018080372
11,17,21,15853,16316.228064526595,463.2280645265946
11,17,22,15243,16713.212719418083,1470.212719418083
11,17,23,14383,16862.88036117627,2479.8803611762705
11,18,0,13645,14059.13159152329,414.1315915232899
11,18,1,13174,13979.160391114294,805.1603911142938
11,18,2,13001,13992.33501578309,991.3350157830901
11,18,3,12833,14152.139523379077,1319.1395233790772
11,18,4,12860,14532.0149488564,1672.0149488564002
11,18,5,13151,14629.940447166056,1478.9404471660564
11,18,6,13828,14700.352873225562,872.3528732255618
11,18,7,15055,15420.989398811591,365.98939881159095
11,18,8,16416,17138.564730367092,722.5647303670921
11,18,9,16397,16199.47097882186,197.52902117813937
11,18,10,15872,16278.71157429026,406.7115742902606
11,18,11,15541,16728.075902139684,1187.0759021396843
11,18,12,15328,16872.691706209825,1544.6917062098255
11,18,13,15575,16404.934775023205,829.9347750232046
11,18,14,15630,16376.949083714899,746.9490837148987
11,18,15,16215,16709.52115927798,494.5211592779815
11,18,16,16978,17160.89583506113,182.8958350611283
11,18,17,17641,16832.246739710885,808.7532602891151
11,18,18,18186,16421.337622452374,1764.6623775476255
11,18,19,17892,16343.191916947842,1548.8080830521576
11,18,20,17598,16793.686689839706,804.3133101602943
11,18,21,17268,18569.693285202164,1301.6932852021637
11,18,22,16469,16466.76688713928,2.2331128607183928
11,18,23,15479,16225.834928466913,746.834928466913
11,19,0,14370,12833.817896152734,1536.1821038472663
11,19,1,13778,12851.013803570724,926.9861964292759
11,19,2,13405,12292.476771828698,1112.5232281713015
11,19,3,13182,12023.708686838505,1158.291313161495
11,19,4,13113,12373.20181105578,739.7981889442199
11,19,5,13289,12572.275119274811,716.724880725189
11,19,6,13950,13142.042268293904,807.9577317060957
11,19,7,15041,14091.253160409346,949.7468395906544
11,19,8,16272,15325.651665547435,946.3483344525648
11,19,9,16506,15390.751438782008,1115.2485612179917
11,19,10,16208,16118.601844805247,89.39815519475269
11,19,11,16205,16288.040326626056,83.04032662605641
11,19,12,16293,16730.662775267334,437.6627752673339
11,19,13,16309,16676.99161574196,367.99161574196114
11,19,14,16658,16736.104625379437,78.1046253794375
11,19,15,17118,16949.4495365103,168.55046348970063
11,19,16,17464,17213.39399851265,250.60600148735102
11,19,17,18007,17492.29707500087,514.7029249991283
11,19,18,18382,17789.499310992844,592.5006890071563
11,19,19,17712,16765.463844777532,946.5361552224676
11,19,20,17508,16908.413543803443,599.5864561965573
11,19,21,17108,17159.002224489846,51.00222448984641
11,19,22,16369,17115.821929380698,746.8219293806978
11,19,23,15483,17240.474982205316,1757.4749822053163
11,20,0,14376,13846.2404451135,529.7595548864992
11,20,1,13874,14142.227259224084,268.22725922408426
11,20,2,13492,14338.976738985153,846.9767389851531
11,20,3,13206,14563.476054909457,1357.4760549094572
11,20,4,13080,14398.797861671963,1318.797861671963
11,20,5,13149,14710.069963421787,1561.0699634217872
11,20,6,13745,15208.078214894387,1463.0782148943872
11,20,7,15011,15428.68135101453,417.68135101452935
11,20,8,16241,16445.304184350538,204.30418435053798
11,20,9,16716,16771.480256391606,55.48025639160551
11,20,10,16803,17028.139632195882,225.13963219588186
11,20,11,16996,17089.809695099644,93.80969509964416
11,20,12,17245,17383.176656799253,138.17665679925267
11,20,13,17107,17471.83856197125,364.8385619712499
11,20,14,17249,17617.701076221325,368.7010762213249
11,20,15,16883,17459.856406632676,576.8564066326762
11,20,16,17010,17560.70979453044,550.7097945304413
11,20,17,17395,17817.531615309075,422.5316153090753
11,20,18,17788,16850.842430921264,937.1575690787358
11,20,19,17216,17050.1261633506,165.8738366493999
11,20,20,17114,17100.727463631112,13.272536368887813
11,20,21,16823,16803.568899734862,19.431100265137502
11,20,22,16184,16551.31278636984,367.31278636983916
11,20,23,15495,16358.243112997861,863.2431129978613
11,21,0,14629,12921.895760072144,1707.1042399278558
11,21,1,14058,13052.992186414614,1005.0078135853855
11,21,2,13578,13186.186104625218,391.8138953747821
11,21,3,13462,13291.248298351557,170.7517016484435
11,21,4,13563,13119.682644862265,443.3173551377349
11,21,5,13538,13418.894866976658,119.1051330233422
11,21,6,13890,14083.605627499392,193.60562749939163
11,21,8,17091,18490.05084483941,1399.0508448394103
11,21,9,17275,16381.01276844354,893.9872315564608
11,21,10,17335,18063.126457511724,728.1264575117239
11,21,11,17457,18553.630107852194,1096.6301078521938
11,21,12,17325,17574.77964933413,249.77964933413023
11,21,13,17440,16415.154098901214,1024.8459010987863
11,21,14,17513,16862.131770116306,650.8682298836939
11,21,15,17546,16705.58539308267,840.4146069173294
11,21,16,17762,17158.362388863778,603.6376111362224
11,21,17,18212,17136.60455537895,1075.3954446210482
11,21,18,18626,17233.712396810857,1392.2876031891428
11,21,19,18264,18519.561046434454,255.5610464344536
11,21,20,17797,16613.440894384246,1183.5591056157537
11,21,21,17430,16758.43791056567,671.5620894343301
11,21,22,16720,16813.833510565368,93.83351056536776
11,21,23,15764,16900.24288782243,1136.242887822431
11,22,0,14783,13536.084650324727,1246.9153496752733
11,22,1,14355,13474.13047637148,880.8695236285203
11,22,2,13720,13758.761022491835,38.76102249183532
11,22,3,13520,13374.094324221009,145.90567577899128
11,22,4,13463,13065.399307709351,397.600692290649
11,22,5,13602,12886.891743372704,715.1082566272962
11,22,6,13949,12939.683851716827,1009.3161482831729
11,22,7,14995,13619.430122374108,1375.5698776258923
11,22,8,16194,15654.23362404035,539.7663759596508
11,22,9,16779,15836.672856690724,942.3271433092759
11,22,10,16970,16153.97713103936,816.0228689606392
11,22,11,17048,16237.129391802257,810.8706081977434
11,22,12,17117,16383.183774925707,733.8162250742935
11,22,13,17156,16389.19358830686,766.8064116931382
11,22,14,17128,16488.393716347342,639.606283652658
11,22,15,17114,16699.398744250386,414.6012557496142
11,22,16,17146,16832.162612519758,313.8373874802419
11,22,17,17554,16950.319410914166,603.6805890858341
11,22,18,17926,16204.631225767804,1721.3687742321963
11,22,19,17530,16517.68720491272,1012.3127950872804
11,22,20,17217,16615.697611838714,601.3023881612862
11,22,21,16872,16776.30851305512,95.69148694488104
11,22,22,16441,16957.1809786752,516.1809786751983
11,22,23,15768,17556.021259850477,1788.0212598504768
11,23,0,15071,13227.749329643262,1843.2506703567378
11,23,1,14423,13346.778280747787,1076.221719252213
11,23,2,13713,13367.024465995426,345.975534004574
11,23,3,13547,13413.741073902042,133.25892609795847
11,23,4,13458,12963.221525409825,494.7784745901754
11,23,5,13528,12955.679072744508,572.3209272554923
11,23,6,13543,13272.471089799988,270.5289102000115
11,23,7,14137,13413.110905647874,723.8890943521255
11,23,8,14763,14092.809713413551,670.1902865864486
11,23,9,15272,14426.267642516917,845.7323574830825
11,23,10,15584,14957.532564146972,626.4674358530283
11,23,11,15870,14969.069967939375,900.9300320606253
11,23,12,15967,15144.922321464488,822.077678535512
11,23,13,16093,14992.912454511641,1100.087545488359
11,23,14,16121,15344.483326165473,776.516673834527
11,23,15,16071,15708.741709104332,362.2582908956683
11,23,16,16431,16193.529985349953,237.47001465004723
11,23,17,16870,16875.443025341,5.4430253409991565
11,23,18,17485,16216.414055544263,1268.5859444557373
11,23,19,16879,16533.886950325515,345.1130496744845
11,23,20,16609,16516.239696853572,92.76030314642776
11,23,21,16113,16535.72900474049,422.7290047404895
11,23,22,15645,16848.7670349586,1203.7670349586006
11,23,23,15000,17050.231470458333,2050.231470458333
11,24,0,14499,13468.761747025585,1030.2382529744154
11,24,1,13972,13493.520233033672,478.4797669663276
11,24,2,13635,13114.263627175016,520.7363728249838
11,24,3,13518,13514.05116662015,3.9488333798508393
11,24,4,13381,13357.621645605152,23.37835439484843
11,24,5,13412,13463.469873528356,51.4698735283564
11,24,6,13617,14168.513156437593,551.5131564375934
11,24,7,13987,14140.83965136098,153.8396513609805
11,24,8,14469,14511.112021211504,42.112021211503816
11,24,9,14963,14487.70974558211,475.29025441789054
11,24,10,15450,14577.57214470603,872.4278552939704
11,24,11,15763,14926.138733806923,836.8612661930765
11,24,12,15764,14848.676741233043,915.3232587669572
11,24,13,15969,15559.625707350926,409.37429264907405
11,24,14,16052,15350.941354660386,701.0586453396136
11,24,15,16272,15465.884293048657,806.1157069513429
11,24,16,16548,15781.789448738513,766.2105512614871
11,24,17,17264,16169.802612661257,1094.1973873387433
11,24,18,18181,16570.09195565636,1610.9080443436396
11,24,19,17969,16397.135805192418,1571.864194807582
11,24,20,17630,16539.16465806093,1090.8353419390696
11,24,21,17172,16739.18058754331,432.81941245669077
11,24,22,16479,16733.1870650236,254.18706502360146
11,24,23,15811,16580.62258282999,769.6225828299903
11,25,0,15097,13776.156994289335,1320.8430057106652
11,25,1,14504,13266.822486300838,1237.1775136991619
11,25,2,14044,13368.559647580689,675.4403524193112
11,25,3,13818,13060.962250239258,757.0377497607424
11,25,4,13800,13260.586600013343,539.4133999866572
11,25,5,14037,13281.30011743424,755.6998825657593
11,25,6,14606,13880.49802379707,725.5019762029297
11,25,7,15715,14854.652232355005,860.3477676449947
11,25,8,17058,16256.798013363086,801.2019866369137
11,25,9,17571,16363.54407302308,1207.4559269769197
11,25,10,17146,16799.49934695724,346.50065304275995
11,25,11,17196,17221.219933285487,25.21993328548706
11,25,12,17266,17663.11307583555,397.11307583555026
11,25,13,17370,17790.841154109003,420.8411541090027
11,25,14,17620,17798.70969054239,178.70969054238958
11,25,15,17909,17741.875211924133,167.1247880758674
11,25,16,18255,17748.1331559802,506.86684401980165
11,25,17,18810,18393.193010729534,416.80698927046615
11,25,18,19260,17590.25243008755,1669.7475699124516
11,25,19,18665,17639.15480255227,1025.8451974477284
11,25,20,18483,17719.04172452964,763.9582754703588
11,25,21,18115,17676.00162728323,438.998372716771
11,25,22,17289,17734.174542203054,445.17454220305444
11,25,23,16392,17940.39544894881,1548.3954489488096
11,26,0,15459,14153.739530870607,1305.2604691293927
11,26,1,14387,13611.155226385223,775.8447736147773
11,26,2,14198,13985.833253651814,212.16674634818628
11,26,3,13873,14046.46511721778,173.46511721778006
11,26,4,13741,13857.978729776089,116.97872977608858
11,26,5,14018,14055.239071376187,37.239071376186985
11,26,6,14338,14069.341538935056,268.6584610649443
11,26,7,15483,14746.710406514023,736.2895934859771
11,26,8,16811,16564.048264476492,246.95173552350752
11,26,9,17251,16918.604667624157,332.3953323758433
11,26,10,17292,16948.19395630191,343.8060436980886
11,26,11,17169,17445.97214867766,276.9721486776616
11,26,12,17043,17325.99902934435,282.9990293443516
11,26,13,16708,16658.088602201227,49.91139779877267
11,26,14,16644,16651.328604944425,7.328604944425024
11,26,15,16720,15968.265280839065,751.7347191609351
11,26,16,17100,16875.882702429673,224.11729757032663
11,26,17,17902,17477.673450915936,424.326549084064
11,26,18,18481,16819.459638705095,1661.5403612949049
11,26,19,18101,17118.711107220133,982.2888927798667
11,26,20,17927,17226.420915375642,700.5790846243581
11,26,21,17617,17353.970362210282,263.0296377897175
11,26,22,16873,17533.055075676868,660.055075676868
11,26,23,16017,16563.06068781432,546.060687814319
11,27,0,15241,13261.866995868448,1979.1330041315523
11,27,1,14618,13212.342846082784,1405.6571539172164
11,27,2,14200,13555.075351857537,644.9246481424634
11,27,3,14011,14107.824862297506,96.82486229750612
11,27,4,14102,14387.684846922597,285.684846922597
11,27,5,14336,13816.72686549027,519.2731345097309
11,27,6,14663,14404.507475414235,258.49252458576484
11,27,7,15873,15398.589395844105,474.41060415589527
11,27,8,17181,16902.66011446589,278.3398855341111
11,27,9,17410,16719.602794531882,690.397205468118
11,27,10,16862,16855.843076049445,6.1569239505552105
11,27,11,16741,16987.524377359245,246.52437735924468
11,27,12,16519,16997.400949924264,478.40094992426384
11,27,13,16125,17222.643481008992,1097.6434810089922
11,27,14,16332,17291.13458648362,959.1345864836185
11,27,15,16907,17553.17854554161,646.1785455416102
11,27,16,17539,17727.526718879293,188.52671887929318
11,27,17,18459,17888.77763753844,570.2223624615617
11,27,18,19213,16979.979964804734,2233.0200351952662
11,27,19,18757,16973.343176110204,1783.6568238897962
11,27,20,18613,17171.2587840934,1441.7412159066007
11,27,21,17986,17287.31051155382,698.6894884461799
11,27,22,17402,17285.613106040924,116.38689395907568
11,27,23,16503,17482.618280738905,979.618280738905
11,28,0,15465,14240.725895182339,1224.2741048176613
11,28,1,14863,14129.500662869046,733.4993371309538
11,28,2,14417,14254.14276855139,162.85723144861004
11,28,3,14200,14540.351740385966,340.35174038596597
11,28,4,14146,15114.699486485028,968.6994864850276
11,28,5,14346,14856.639146082734,510.63914608273444
11,28,6,14968,14932.255487435188,35.744512564811885
11,28,7,16137,15460.940695935087,676.0593040649128
11,28,8,17474,16734.564621351943,739.4353786480569
11,28,9,17865,16711.652623071706,1153.3473769282937
11,28,10,18024,17114.625253201633,909.3747467983667
11,28,11,17992,19808.913089466376,1816.9130894663758
11,28,12,17407,17504.35797798528,97.35797798528074
11,28,13,17465,17575.32569545158,110.32569545157821
11,28,14,17422,17406.0409980359,15.959001964100025
11,28,15,17761,17372.478885199656,388.52111480034364
11,28,16,17969,17805.423470073827,163.57652992617295
11,28,17,18503,17769.325593194313,733.6744068056869
11,28,18,19077,16890.451092413223,2186.548907586777
11,28,19,18807,17197.64342901384,1609.3565709861614
11,28,20,18697,17499.19856223441,1197.801437765589
11,28,21,18100,17495.736460493878,604.2635395061225
11,28,22,17473,17507.224213908034,34.22421390803356
11,28,23,16512,17648.598272149597,1136.5982721495966
11,29,0,15623,13841.053733374269,1781.9462666257314
11,29,1,14935,13600.346186072175,1334.6538139278255
11,29,2,14518,13906.58103818496,611.4189618150394
11,29,3,14469,14126.479608358402,342.5203916415976
11,29,4,14429,14102.723474494922,326.2765255050781
11,29,5,14693,14186.603647692807,506.3963523071925
11,29,6,15142,14324.469285908162,817.5307140918376
11,29,7,16127,15223.096148266532,903.9038517334684
11,29,8,17382,16583.371239540502,798.6287604594982
11,29,9,17713,16788.20778881168,924.7922111883199
11,29,10,17710,16566.904376936676,1143.0956230633237
11,29,11,17420,16571.69369379107,848.3063062089313
11,29,12,17547,16980.44517913686,566.5548208631408
11,29,13,17565,16989.505083649783,575.494916350217
11,29,14,17515,17070.237559168225,444.76244083177517
11,29,15,17868,17153.333789852586,714.666210147414
11,29,16,18014,17301.85011559684,712.1498844031594
11,29,17,18629,17556.122499749705,1072.8775002502953
11,29,18,19181,16767.35840196738,2413.64159803262
11,29,19,18584,16832.605887991962,1751.394112008038
11,29,21,18042,17242.02944406728,799.9705559327194
11,29,22,17392,17203.058439205986,188.94156079401364
11,29,23,16512,17157.27630799708,645.2763079970791
11,30,0,15730,12864.764381607189,2865.2356183928114
11,30,1,15052,12759.32539290526,2292.6746070947393
11,30,2,14544,12816.395577139172,1727.604422860828
11,30,3,14395,12878.589989980157,1516.410010019843
11,30,4,14367,13251.560887580603,1115.4391124193971
11,30,5,14476,12917.433365035322,1558.566634964678
11,30,6,14628,13142.225329488052,1485.774670511948
11,30,7,15158,13355.705219387473,1802.2947806125267
11,30,8,15720,13928.569708052188,1791.4302919478123
11,30,9,16376,14588.315561321439,1787.6844386785615
11,30,10,17021,15324.257526197705,1696.7424738022946
11,30,11,17256,14826.401503610577,2429.5984963894225
11,30,12,17511,15309.448642869953,2201.551357130047
11,30,13,17571,15246.682267238159,2324.3177327618414
11,30,14,17462,15528.401520598649,1933.5984794013511
11,30,15,17499,15886.935277646684,1612.064722353316
11,30,16,17766,15923.826268756075,1842.1737312439254
11,30,17,18380,16381.277088806459,1998.7229111935412
11,30,18,18919,16532.543294688796,2386.456705311204
11,30,19,18376,16799.29227047262,1576.7077295273812
11,30,20,17836,16558.214363296414,1277.7856367035856
11,30,21,17353,16675.164145156603,677.8358548433971
11,30,22,17003,16761.3734545002,241.62654549979925
11,30,23,16614,16815.8756895976,201.87568959760029
12,1,0,15748,13180.761674828935,2567.2383251710653
12,1,1,15188,13417.385425948025,1770.614574051975
12,1,2,14730,12888.375852806887,1841.6241471931135
12,1,3,14403,12892.137186451853,1510.8628135481467
12,1,4,14324,13084.059589149825,1239.9404108501749
12,1,5,14465,13431.328629123931,1033.671370876069
12,1,6,14654,13448.162255163179,1205.837744836821
12,1,7,15095,13299.343966131853,1795.6560338681466
12,1,8,15791,14704.522405885049,1086.477594114951
12,1,9,16310,14723.353350054129,1586.646649945871
12,1,10,16780,15190.225745000796,1589.7742549992035
12,1,11,16861,15136.792772758621,1724.2072272413789
12,1,12,16826,15329.22375722512,1496.7762427748803
12,1,13,16941,15596.356948912606,1344.6430510873943
12,1,14,17291,15771.307249159086,1519.6927508409135
12,1,15,17666,15578.983410046936,2087.016589953064
12,1,16,17906,15868.507708127321,2037.4922918726788
12,1,17,18698,16295.907057037735,2402.0929429622647
12,1,18,19406,16565.275985851902,2840.724014148098
12,1,19,19150,16548.18955622796,2601.8104437720394
12,1,20,18675,16878.236113421794,1796.7638865782064
12,1,21,18272,17294.84421015648,977.1557898435203
12,1,22,17590,17194.010111089876,395.98988891012414
12,1,23,16710,16981.345922159544,271.345922159544
12,2,0,15827,14358.324584511556,1468.6754154884438
12,2,1,15338,13980.50482755166,1357.4951724483399
12,2,2,15033,13614.462671365589,1418.537328634411
12,2,3,14735,14247.74416222239,487.2558377776095
12,2,4,14748,14438.444136052693,309.55586394730744
12,2,5,14987,14231.23024977777,755.7697502222309
12,2,6,15555,14656.895089842128,898.1049101578719
12,2,7,16894,15228.449040723015,1665.550959276985
12,2,8,18406,16400.024214640023,2005.9757853599767
12,2,9,18819,16694.601025013962,2124.3989749860375
12,2,10,18660,16818.529452889903,1841.470547110097
12,2,11,18277,17058.511943980982,1218.4880560190177
12,2,12,18041,17564.88976756705,476.1102324329513
12,2,13,17929,17590.634390334726,338.36560966527395
12,2,14,18307,17847.666280576264,459.3337194237356
12,2,15,18580,18065.449991052923,514.550008947077
12,2,16,18946,18019.228854797206,926.7711452027943
12,2,17,19607,18308.932195815687,1298.067804184313
12,2,18,20161,17289.507780731932,2871.492219268068
12,2,19,19627,17205.76928727119,2421.2307127288113
12,2,20,19429,17275.164057148617,2153.835942851383
12,2,21,18944,17465.13875448651,1478.8612455134898
12,2,22,18208,17584.397358774393,623.6026412256069
12,2,23,17134,17470.703080410716,336.7030804107162
12,3,0,16145,14218.446931325863,1926.5530686741367
12,3,1,15417,14196.093344556875,1220.9066554431247
12,3,2,14906,14069.805462167153,836.1945378328473
12,3,3,14742,14095.882726070427,646.1172739295725
12,3,4,14778,14217.76965194428,560.2303480557202
12,3,5,14972,14754.700965357739,217.29903464226118
12,3,6,15423,15440.527745894518,17.527745894518375
12,3,7,16708,15844.435749114211,863.5642508857891
12,3,8,18241,16926.64176106062,1314.3582389393814
12,3,9,18462,17408.84295712514,1053.15704287486
12,3,10,18266,17542.93195523656,723.0680447634404
12,3,11,17791,17496.12324268926,294.8767573107398
12,3,12,17318,17426.14600367442,108.14600367442108
12,3,13,17172,17572.557358148533,400.55735814853324
12,3,14,17704,17737.749145489604,33.749145489604416
12,3,15,18043,18167.19320159343,124.19320159342897
12,3,16,18546,17987.579390252187,558.4206097478127
12,3,17,19371,17991.277013981944,1379.722986018056
12,3,18,20080,16791.781253170848,3288.218746829152
12,3,19,19543,16836.562594961244,2706.437405038756
12,3,20,19286,17215.92301204503,2070.07698795497
12,3,21,18942,17370.390845415623,1571.6091545843774
12,3,22,18229,17543.156127689977,685.8438723100226
12,3,23,17079,17527.072147765382,448.0721477653824
12,4,0,16064,13904.567317050869,2159.432682949131
12,4,1,15355,13856.020040096333,1498.979959903667
12,4,2,14983,13966.566991976113,1016.4330080238869
12,4,3,14695,13346.416764900465,1348.5832350995352
12,4,4,14693,13356.964921403069,1336.0350785969313
12,4,5,14854,13659.226665840008,1194.7733341599924
12,4,6,15418,13702.1532045103,1715.8467954897005
12,4,7,16374,14222.112550666108,2151.8874493338917
12,4,8,17889,15894.752541416037,1994.2474585839627
12,4,9,18518,16006.727915844582,2511.2720841554183
12,4,10,18953,16399.2679201173,2553.7320798826986
12,4,11,19111,16671.67610100213,2439.323898997871
12,4,12,19268,16912.11404572881,2355.8859542711907
12,4,13,19352,17231.225664570487,2120.7743354295126
12,4,14,19515,17590.562339479708,1924.4376605202924
12,4,15,19164,17727.58499197223,1436.4150080277686
12,4,16,19151,17952.49484419863,1198.5051558013693
12,4,17,19956,18048.35495638916,1907.645043610839
12,4,18,20074,17371.494481579102,2702.5055184208977
12,4,19,19555,17743.478802257916,1811.521197742084
12,4,20,19453,17619.469352651315,1833.5306473486853
12,4,21,19147,17816.02029416489,1330.9797058351105
12,4,22,18489,17736.712237559103,752.2877624408975
12,4,23,17409,17957.51856976133,548.5185697613306
12,5,0,16373,14547.866376772768,1825.1336232272315
12,5,1,15715,14476.295279553084,1238.7047204469163
12,5,2,15192,14106.192195597878,1085.8078044021222
12,5,3,15077,13994.67346592935,1082.3265340706494
12,5,4,15123,14171.678595506739,951.3214044932611
12,5,5,15097,13500.80267959868,1596.1973204013193
12,5,6,15622,13604.512710612573,2017.4872893874272
12,5,7,16913,14285.749771040253,2627.250228959747
12,5,8,17950,16021.15363695102,1928.8463630489805
12,5,9,18261,16284.379360963587,1976.6206390364132
12,5,10,18357,16646.92710167585,1710.0728983241497
12,5,11,18365,17127.962351902737,1237.0376480972627
12,5,12,18401,17242.59498588343,1158.4050141165717
12,5,13,18356,17124.635018804223,1231.3649811957766
12,5,14,18772,16992.017574262267,1779.9824257377331
12,5,15,18891,17336.48443750821,1554.5155624917898
12,5,16,19145,17491.077205883485,1653.9227941165154
12,5,17,19760,17802.204604767132,1957.795395232868
12,5,18,20239,17185.158350534024,3053.841649465976
12,5,19,20132,17501.733465750243,2630.2665342497567
12,5,20,19987,17869.885192275688,2117.1148077243124
12,5,21,19675,17799.386704425386,1875.6132955746143
12,5,22,19070,17846.198763186552,1223.8012368134478
12,5,23,18030,17603.22173100976,426.7782689902415
12,6,0,17206,14473.170106865193,2732.829893134807
12,6,1,16309,14583.81833698441,1725.18166301559
12,6,2,15810,14947.64413151157,862.3558684884301
12,6,3,15725,15292.918631110904,432.08136888909576
12,6,4,15650,15301.960550970658,348.039449029342
12,6,5,15721,14917.491107956246,803.5088920437538
12,6,6,16336,14824.783802660137,1511.2161973398634
12,6,7,17578,14652.032714203659,2925.9672857963415
12,6,8,19007,15944.810068836297,3062.1899311637026
12,6,9,19344,16713.524460835357,2630.475539164643
12,6,10,19260,16609.322934154734,2650.677065845266
12,6,11,19320,17432.696677819556,1887.3033221804435
12,6,12,19380,17606.666470423344,1773.3335295766556
12,6,13,19140,17643.755893350266,1496.244106649734
12,6,14,19202,17515.489778880183,1686.5102211198173
12,6,15,19249,17375.374669066816,1873.6253309331842
12,6,16,19715,17744.88522439039,1970.1147756096107
12,6,17,20248,18303.637610287802,1944.362389712198
12,6,18,20595,17356.636442238152,3238.363557761848
12,6,19,20013,17459.465282238285,2553.534717761715
12,6,20,19697,17629.784287399707,2067.215712600293
12,6,21,19291,17928.982354203203,1362.0176457967973
12,6,22,18851,17881.207429313956,969.7925706860442
12,6,23,18016,17784.89539214206,231.1046078579384
12,7,0,17006,13925.60506622005,3080.3949337799495
12,7,1,16236,14586.62099004237,1649.3790099576308
12,7,2,15799,14691.011348379352,1107.988651620648
12,7,3,15449,14950.384902732945,498.6150972670548
12,7,4,15402,15366.464934343667,35.535065656333245
12,7,5,15560,15072.216917034551,487.78308296544856
12,7,6,15762,14817.749551710818,944.2504482891818
12,7,7,16293,14950.493193395836,1342.506806604164
12,7,8,16948,15103.48442190735,1844.5155780926507
12,7,9,17533,15447.827390788958,2085.172609211042
12,7,10,18248,17683.536946890617,564.4630531093826
12,7,11,18371,15554.260429739274,2816.7395702607264
12,7,12,18271,15795.419628963096,2475.5803710369037
12,7,13,18281,15757.317371108496,2523.6826288915036
12,7,14,18276,15537.264494627927,2738.735505372073
12,7,15,18519,15974.325270082314,2544.674729917686
12,7,16,18501,16107.605821699859,2393.394178300141
12,7,17,18843,16202.83578786071,2640.1642121392906
12,7,18,19251,16410.891520339097,2840.108479660903
12,7,19,18795,16581.36496969925,2213.6350303007493
12,7,20,18466,16593.546637334588,1872.453362665412
12,7,21,17861,16822.71128643897,1038.288713561029
12,7,22,17406,17067.4943221826,338.5056778174003
12,7,23,16661,17045.05223049231,384.0522304923106
12,8,0,15813,13566.564883374294,2246.4351166257056
12,8,1,14971,13305.248795282947,1665.751204717053
12,8,2,14501,13359.184464523096,1141.8155354769042
12,8,3,14393,13711.720617073202,681.2793829267976
12,8,4,14189,13107.788079880342,1081.2119201196583
12,8,5,14127,13296.982035543617,830.0179644563832
12,8,6,14223,13468.192391688663,754.8076083113374
12,8,7,14757,13775.151203219288,981.8487967807123
12,8,8,15355,14175.45036133446,1179.5496386655395
12,8,9,15810,14664.50328572494,1145.4967142750593
12,8,10,16632,15034.17585185745,1597.8241481425503
12,8,11,16757,15604.788435983543,1152.2115640164575
12,8,12,16956,15768.630389897055,1187.3696101029454
12,8,13,16822,15902.99707308516,919.0029269148399
12,8,14,16922,16333.607568859921,588.3924311400788
12,8,15,17329,16392.524077088266,936.4759229117335
12,8,16,17677,16538.032517348063,1138.9674826519367
12,8,17,18555,18860.520034846937,305.52003484693705
12,8,18,19273,17030.95946892292,2242.0405310770802
12,8,19,18771,16913.557701546993,1857.4422984530065
12,8,20,18438,17769.91282141317,668.0871785868294
12,8,21,18038,18273.262028183686,235.2620281836862
12,8,22,17283,17606.991967963295,323.9919679632949
12,8,23,16308,17503.610684282878,1195.6106842828776
12,9,0,15407,14847.330702570516,559.6692974294838
12,9,1,14812,15085.042058541276,273.04205854127576
12,9,2,14577,14581.725562889818,4.72556288981832
12,9,3,14325,14765.82855764328,440.8285576432809
12,9,4,14402,14830.805668850391,428.80566885039116
12,9,5,14649,14674.824228993437,25.82422899343692
12,9,6,15403,15054.222336775065,348.77766322493517
12,9,7,16630,16117.55093725201,512.44906274799
12,9,8,18019,17788.588567639432,230.41143236056814
12,9,9,18832,17816.43279333139,1015.5672066686093
12,9,10,19044,18541.572026501824,502.42797349817556
12,9,11,19348,24011.442474046107,4663.442474046107
12,9,12,19576,18885.596969954255,690.4030300457453
12,9,13,19662,18673.707862585412,988.2921374145881
12,9,14,19691,19230.525388208636,460.4746117913637
12,9,15,19693,20120.853983420497,427.85398342049666
12,9,16,19731,19701.83075664184,29.169243358159292
12,9,17,20218,20002.61659644541,215.3834035545915
12,9,18,20604,18076.380405342283,2527.6195946577172
12,9,19,19948,18127.53983550789,1820.4601644921095
12,9,20,19416,17981.2319940793,1434.7680059207014
12,9,21,18832,17965.427523668186,866.572476331814
12,9,22,18121,18061.32496941626,59.67503058374132
12,9,23,17114,18159.10795427471,1045.1079542747102
12,10,0,16163,14586.184863773911,1576.8151362260887
12,10,1,15391,15094.797000025701,296.202999974299
12,10,2,14898,15006.80371790482,108.80371790482059
12,10,3,14695,15217.950629058696,522.950629058696
12,10,4,14769,15397.60755905641,628.6075590564105
12,10,5,14812,16016.527196056248,1204.5271960562477
12,10,6,15450,16416.05741589443,966.0574158944291
12,10,7,16707,16587.640145981746,119.35985401825383
12,10,8,18107,17797.487440626515,309.5125593734847
12,10,9,18276,17968.354595823355,307.64540417664466
12,10,10,18327,18092.782565553967,234.2174344460327
12,10,11,18433,18628.772257005592,195.7722570055921
12,10,12,18312,18572.807489542727,260.8074895427271
12,10,13,18062,19099.63541892312,1037.6354189231206
12,10,14,18111,19672.365120509716,1561.3651205097158
12,10,15,18218,19154.662585915437,936.6625859154374
12,10,16,18388,18800.830697044872,412.83069704487207
12,10,17,19046,19408.608528040655,362.6085280406551
12,10,18,19773,20192.118218865882,419.1182188658822
12,10,19,19309,19734.244355141353,425.24435514135257
12,10,20,19066,18992.15852809924,73.84147190075964
12,10,21,18575,19452.47668259067,877.47668259067
12,10,22,17825,19240.685445992567,1415.685445992567
12,10,23,16777,19023.443897346293,2246.443897346293
12,11,0,15745,15379.444024399,365.5559756010007
12,11,1,14910,15534.508960883046,624.5089608830458
12,11,2,14529,15749.695870965412,1220.6958709654118
12,11,3,14382,15688.501696500929,1306.501696500929
12,11,4,14309,15623.868316196935,1314.8683161969348
12,11,5,14380,15740.424220604626,1360.4242206046256
12,11,6,14993,15894.46930349261,901.4693034926095
12,11,7,16259,16147.912942907677,111.08705709232345
12,11,8,17626,17692.165388810714,66.16538881071392
12,11,9,18046,17115.360436233037,930.639563766963
12,11,10,18113,17238.75993401505,874.2400659849518
12,11,11,18186,17435.84304673841,750.1569532615904
12,11,12,18209,17626.68605025858,582.3139497414195
12,11,13,18176,17843.766547321815,332.23345267818513
12,11,14,18262,17581.13536630805,680.8646336919483
12,11,15,18284,17609.340132001507,674.6598679984927
12,11,16,18561,17849.61912655159,711.3808734484082
12,11,17,19268,18204.945172000338,1063.054827999662
12,11,18,19744,18163.963969925728,1580.0360300742723
12,11,19,19518,17063.031977932595,2454.9680220674054
12,11,20,19158,17281.362365601934,1876.6376343980664
12,11,21,18873,17514.050751930838,1358.9492480691624
12,11,22,18233,17685.384889527275,547.6151104727251
12,11,23,17284,17771.64989720618,487.6498972061818
12,12,0,16505,14460.083704370973,2044.9162956290274
12,12,1,15524,14827.817607597017,696.1823924029832
12,12,2,15096,14832.158348652789,263.84165134721115
12,12,3,15054,14910.377312945988,143.6226870540122
12,12,4,15093,14495.139500045221,597.8604999547788
12,12,5,15354,13736.053425636106,1617.946574363894
12,12,6,16036,14065.89376099913,1970.1062390008701
12,12,7,17365,15454.147670937731,1910.8523290622688
12,12,8,18797,16682.73519103193,2114.2648089680697
12,12,9,19169,16985.702350644984,2183.297649355016
12,12,10,18967,16914.05864702756,2052.9413529724407
12,12,11,18534,17053.682575507293,1480.3174244927068
12,12,12,18355,17262.815152226798,1092.184847773202
12,12,13,18278,17501.34066764682,776.6593323531815
12,12,14,18408,17619.968239512327,788.0317604876727
12,12,15,18888,17704.13188437346,1183.868115626541
12,12,16,19339,17772.55527226955,1566.4447277304498
12,12,17,20165,17948.09650077128,2216.9034992287197
12,12,18,20929,17131.187304394964,3797.8126956050364
12,12,19,20546,17377.10416305922,3168.895836940781
12,12,20,20454,17931.441086036037,2522.5589139639633
12,12,21,20198,18342.06575967374,1855.93424032626
12,12,22,19595,18182.156602487084,1412.8433975129155
12,12,23,18456,18144.555447340703,311.4445526592972
12,13,0,17500,14663.747795387324,2836.252204612676
12,13,1,16901,14934.210795240715,1966.789204759285
12,13,2,16602,15557.064930478376,1044.9350695216235
12,13,3,16311,14913.331891883061,1397.668108116939
12,13,4,16342,14965.315565722332,1376.6844342776676
12,13,5,16496,15117.717088048761,1378.282911951239
12,13,6,16959,15264.941372019872,1694.0586279801282
12,13,7,18041,15770.803165950345,2270.196834049655
12,13,8,19218,17984.496682562793,1233.5033174372074
12,13,9,19654,17491.79031569262,2162.2096843073814
12,13,10,19337,17882.162697332475,1454.8373026675254
12,13,11,19047,18154.275045117083,892.7249548829168
12,13,12,18563,17577.307541572703,985.6924584272965
12,13,13,18332,17860.540860311346,471.4591396886535
12,13,15,18705,17826.882284709693,878.1177152903074
12,13,16,19169,18312.864899840788,856.135100159212
12,13,17,20104,19646.99087530957,457.0091246904303
12,13,18,20881,22775.29390332655,1894.2939033265502
12,13,19,20506,21655.80513489138,1149.8051348913796
12,13,20,20040,18665.870187640205,1374.1298123597953
12,13,21,19662,18579.72115547283,1082.278844527169
12,13,22,19178,18906.7973174257,271.20268257430143
12,13,23,18280,18333.622760715163,53.62276071516317
12,14,0,17297,14344.372721241703,2952.6272787582966
12,14,1,16834,14394.372395424221,2439.6276045757786
12,14,2,16443,14317.770768986438,2125.2292310135617
12,14,3,16193,14511.714631267578,1681.2853687324223
12,14,4,15995,14848.995861018613,1146.0041389813869
12,14,5,16080,14536.738968535057,1543.2610314649428
12,14,6,16316,14417.48722902402,1898.51277097598
12,14,7,16830,14695.364810816767,2134.635189183233
12,14,8,17603,15149.704158572484,2453.2958414275163
12,14,9,18031,15571.078904050573,2459.9210959494267
12,14,10,17981,15540.0858916632,2440.9141083367995
12,14,11,17613,15701.53853118945,1911.4614688105503
12,14,12,17560,15751.917027637279,1808.0829723627212
12,14,13,17413,15898.70163722385,1514.2983627761496
12,14,14,17427,16081.330490620963,1345.6695093790368
12,14,15,17638,16225.76123228158,1412.2387677184197
12,14,16,18150,16524.138400968077,1625.861599031923
12,14,17,18898,16580.208090575583,2317.791909424417
12,14,18,19577,16549.805134587794,3027.194865412206
12,14,19,19291,16534.107236899064,2756.8927631009356
12,14,20,18676,16432.096988190668,2243.9030118093324
12,14,21,18124,16795.309168655,1328.6908313450003
12,14,22,17638,17068.252684271043,569.7473157289569
12,14,23,16865,16938.30009315329,73.30009315329153
12,15,0,16265,13687.364916664063,2577.6350833359375
12,15,1,15644,13581.483277677722,2062.516722322278
12,15,2,15289,13894.168538883605,1394.831461116395
12,15,3,15235,14506.975898171588,728.0241018284123
12,15,4,15151,14286.964848335536,864.0351516644641
12,15,5,15161,14172.355568600766,988.6444313992342
12,15,6,15310,13753.932065209987,1556.0679347900132
12,15,7,15723,14454.299678581268,1268.7003214187316
12,15,8,16311,15011.541569622676,1299.4584303773245
12,15,9,16816,15216.761937494332,1599.2380625056685
12,15,10,17266,15453.318510727991,1812.6814892720085
12,15,11,17576,15563.085791701387,2012.9142082986127
12,15,12,17796,15786.20312824129,2009.79687175871
12,15,13,18085,16029.581276875238,2055.4187231247615
12,15,14,18474,17384.26143989954,1089.7385601004607
12,15,15,18656,16756.2193927255,1899.7806072745007
12,15,16,18724,16121.356115562949,2602.6438844370514
12,15,17,19415,17264.522648589038,2150.477351410962
12,15,18,19951,16454.698092821152,3496.3019071788476
12,15,19,19467,17257.26198864554,2209.7380113544605
12,15,20,18982,20339.53497047193,1357.5349704719301
12,15,21,18492,17135.080556361172,1356.919443638828
12,15,22,17895,17452.8192124694,442.18078753060036
12,15,23,16962,17310.797575860877,348.79757586087726
12,16,0,16024,14490.987264121764,1533.0127358782356
12,16,1,15356,14669.482804160585,686.5171958394149
12,16,2,14920,14708.215601171243,211.78439882875682
12,16,3,14682,14270.367064741651,411.6329352583489
12,16,4,14717,14948.787964443793,231.7879644437926
12,16,5,14766,14682.980167478245,83.01983252175523
12,16,6,15285,14444.063868552757,840.9361314472426
12,16,7,16432,14723.878841490363,1708.121158509637
12,16,8,17728,16852.8387423096,875.1612576904008
12,16,9,18230,16858.24391988059,1371.7560801194086
12,16,10,18306,17097.53498768783,1208.4650123121683
12,16,11,18537,17386.5159713206,1150.4840286793988
12,16,12,18553,17397.43412169612,1155.5658783038816
12,16,13,18575,17744.791351047053,830.2086489529465
12,16,14,18590,18347.47453229274,242.52546770725894
12,16,15,18517,18030.08598021004,486.91401978996146
12,16,16,18591,17978.350268438182,612.649731561818
12,16,17,19388,19092.960456887104,295.03954311289635
12,16,18,19653,17400.25210669157,2252.7478933084312
12,16,19,18883,17584.075966077653,1298.924033922347
12,16,20,18720,17818.043258534097,901.9567414659032
12,16,21,18408,17982.843898075327,425.15610192467284
12,16,22,17719,17955.00967171082,236.00967171082084
12,16,23,16559,17722.614808917926,1163.614808917926
12,17,0,15583,13582.192545657228,2000.807454342772
12,17,1,14721,13618.869720484283,1102.1302795157171
12,17,2,14357,13056.679201576133,1300.320798423867
12,17,3,13972,13201.587019894305,770.4129801056952
12,17,4,13838,13218.274564221512,619.7254357784877
12,17,5,14077,13524.90492864239,552.0950713576094
12,17,6,14598,13583.324508889957,1014.6754911100434
12,17,7,15792,14758.650124930493,1033.349875069507
12,17,8,17188,16460.492206833893,727.5077931661071
12,17,9,17585,16791.417628622108,793.5823713778918
12,17,10,17764,17045.70252429265,718.2974757073498
12,17,11,17883,17102.864688667054,780.135311332946
12,17,12,17967,17154.482714690028,812.5172853099721
12,17,13,18247,17217.959822410583,1029.040177589417
12,17,14,18257,17253.503406673473,1003.4965933265266
12,17,15,18259,17201.62182700753,1057.3781729924704
12,17,16,18503,17541.32684723841,961.6731527615884
12,17,17,19214,18337.859343797973,876.1406562020275
12,17,18,19541,17240.596871506204,2300.4031284937955
12,17,19,19159,17398.608617409613,1760.3913825903874
12,17,20,18972,17427.111537263638,1544.8884627363623
12,17,21,18490,17651.321951038793,838.6780489612065
12,17,22,17834,17629.313806676495,204.686193323505
12,17,23,16736,17734.04492573857,998.0449257385699
12,18,0,15839,14185.587085339368,1653.412914660632
12,18,1,15223,14259.25709138432,963.7429086156808
12,18,2,14725,14538.511353858372,186.48864614162812
12,18,3,14478,14750.695215950924,272.69521595092374
12,18,4,14503,15162.073587216742,659.0735872167425
12,18,5,14605,14955.361854870942,350.3618548709419
12,18,6,15130,14520.49683016801,609.5031698319908
12,18,7,16343,15346.977257591294,996.0227424087061
12,18,8,17709,17063.712578584797,645.2874214152034
12,18,9,18368,17358.611286043204,1009.388713956796
12,18,10,18502,17308.993557894308,1193.0064421056923
12,18,11,18612,17476.825702426413,1135.174297573587
12,18,12,18701,17501.80328854325,1199.1967114567487
12,18,13,18675,17480.164385849195,1194.8356141508048
12,18,14,18747,17481.4951822322,1265.5048177678
12,18,15,18772,17714.96611345072,1057.0338865492813
12,18,16,18941,17878.27077376003,1062.7292262399715
12,18,17,19422,18048.47898861269,1373.5210113873109
12,18,18,19768,17081.71193265461,2686.288067345391
12,18,19,19221,17195.797230033026,2025.2027699669743
12,18,20,19094,17401.429368466717,1692.5706315332827
12,18,21,18795,17490.479638136574,1304.520361863426
12,18,22,18219,18822.997728586193,603.9977285861933
12,18,23,17184,18099.197714264956,915.1977142649557
12,19,0,16206,14737.4407888016,1468.5592111984006
12,19,1,15471,15080.759352967692,390.2406470323076
12,19,2,15100,15125.100775962575,25.100775962575426
12,19,3,15023,14624.647069003084,398.35293099691626
12,19,4,15115,14732.954192882444,382.04580711755625
12,19,5,15352,15317.121125313904,34.878874686095514
12,19,6,15857,15736.290898861842,120.70910113815808
12,19,7,17060,16026.546157105597,1033.4538428944034
12,19,8,18617,17354.141009392406,1262.858990607594
12,19,9,19060,17278.463387660675,1781.536612339325
12,19,10,18829,17483.26330653492,1345.7366934650818
12,19,11,18733,17700.490727498724,1032.5092725012764
12,19,12,18599,17622.512723798172,976.4872762018276
12,19,13,18475,18061.367621863392,413.63237813660817
12,19,14,18493,18161.860648109847,331.1393518901532
12,19,15,18610,18978.789148694854,368.7891486948538
12,19,16,19154,18503.989243713673,650.0107562863268
12,19,17,19961,19728.652233575172,232.34776642482757
12,19,18,20483,18207.95448929925,2275.045510700751
12,19,19,19818,17833.549071891804,1984.4509281081955
12,19,20,19566,18218.744029334397,1347.255970665603
12,19,21,19258,18686.26390714321,571.7360928567905
12,19,22,18689,19369.566094683505,680.5660946835051
12,19,23,17832,19318.180283064827,1486.1802830648267
12,20,0,16931,15824.70434235435,1106.2956576456509
12,20,1,16237,16431.397115850912,194.3971158509121
12,20,2,15726,17426.760374054677,1700.7603740546765
12,20,3,15407,16254.06837057757,847.06837057757
12,20,4,15456,16088.503324849853,632.503324849853
12,20,5,15550,16089.954978400816,539.9549784008159
12,20,6,16055,16178.448867798264,123.44886779826447
12,20,7,17209,16541.472467620595,667.5275323794049
12,20,8,18632,17696.269701783323,935.7302982166766
12,20,9,19177,17882.282925825402,1294.7170741745977
12,20,10,19510,18132.8520662259,1377.1479337741002
12,20,11,19548,18169.169246272115,1378.8307537278852
12,20,12,19335,18248.40933881917,1086.5906611808314
12,20,13,19259,18451.12273696033,807.8772630396707
12,20,14,19312,18280.47781351771,1031.5221864822888
12,20,15,19201,18316.782838428626,884.2171615713742
12,20,16,19236,18433.025772175424,802.9742278245758
12,20,17,19810,18684.02916015304,1125.9708398469593
12,20,18,20319,17881.964893772307,2437.035106227693
12,20,19,19900,18305.275856875473,1594.7241431245275
12,20,20,19703,18583.530822895867,1119.4691771041325
12,20,21,19325,18196.70840527848,1128.2915947215188
12,20,22,18643,18266.67312351223,376.32687648776846
12,20,23,17721,18739.223257631656,1018.2232576316565
12,21,0,17001,15016.533936397935,1984.4660636020653
12,21,1,16312,16397.176587376554,85.17658737655438
12,21,2,15908,15299.629482741837,608.3705172581631
12,21,3,15666,16001.606345450717,335.6063454507166
12,21,4,15678,16848.894629066646,1170.8946290666463
12,21,5,15735,15396.45671419965,338.5432858003496
12,21,6,16011,15262.244884988258,748.7551150117415
12,21,7,16549,15557.545025754076,991.454974245924
12,21,8,17521,15572.222621314724,1948.7773786852758
12,21,9,18179,15958.837083541712,2220.1629164582882
12,21,10,18622,16029.723758450074,2592.2762415499255
12,21,11,18826,16314.791698991008,2511.208301008992
12,21,12,18832,17056.92426925446,1775.0757307455387
12,21,13,18582,16302.92039452009,2279.0796054799102
12,21,14,18291,16383.98289001457,1907.0171099854306
12,21,15,18333,16414.837225812287,1918.1627741877128
12,21,16,18771,16720.78593203982,2050.21406796018
12,21,17,19532,17197.14961659883,2334.8503834011717
12,21,18,20372,18314.15691917031,2057.8430808296907
12,21,19,20310,18308.927493461673,2001.0725065383267
12,21,20,19996,18927.447363140273,1068.5526368597275
12,21,21,19524,18051.212188979705,1472.7878110202946
12,21,22,19086,18683.544833005115,402.4551669948851
12,21,23,18527,17902.347286755405,624.6527132445954
12,22,0,17664,14133.644419990384,3530.3555800096165
12,22,1,17168,14059.716680221643,3108.2833197783566
12,22,2,16860,14440.785079543315,2419.214920456685
12,22,3,16707,14557.332508162948,2149.667491837052
12,22,4,16738,14614.312325997747,2123.6876740022526
12,22,5,16746,14688.921116571346,2057.078883428654
12,22,6,16895,14751.63836303701,2143.361636962991
12,22,7,17418,14840.171958160467,2577.8280418395334
12,22,8,18048,15302.068236585337,2745.931763414663
12,22,9,18540,15314.851441031271,3225.148558968729
12,22,10,18928,15258.088846603669,3669.9111533963314
12,22,11,18789,15705.643789112532,3083.3562108874685
12,22,12,18627,15467.72620951256,3159.2737904874393
12,22,13,18496,15683.538464020185,2812.4615359798154
12,22,14,18377,15876.565057801154,2500.4349421988463
12,22,15,18594,15909.22318551149,2684.7768144885104
12,22,16,19042,16058.821186832298,2983.178813167702
12,22,17,20057,16101.682799563294,3955.317200436706
12,22,18,20795,16131.698727985653,4663.301272014347
12,22,19,20597,15915.560051326876,4681.439948673124
12,22,20,20197,16351.912168539531,3845.087831460469
12,22,21,19690,16212.084026847719,3477.9159731522814
12,22,22,18945,16965.83333246035,1979.1666675396482
12,22,23,17979,16982.63940116691,996.3605988330892
12,23,0,17167,14246.58418967195,2920.4158103280497
12,23,1,16581,14167.1388793318,2413.8611206682
12,23,2,16078,14556.701147933461,1521.2988520665385
12,23,3,15900,13909.353617994328,1990.6463820056724
12,23,4,15811,14035.325558029881,1775.674441970119
12,23,5,15853,13967.881341408862,1885.1186585911382
12,23,6,16466,14117.813823480701,2348.186176519299
12,23,7,17238,15022.697035440975,2215.302964559025
12,23,8,18128,16626.888540800574,1501.1114591994265
12,23,9,18549,16926.354124193924,1622.6458758060762
12,23,10,18946,17291.63742901736,1654.362570982641
12,23,11,19032,17474.733617887625,1557.2663821123751
12,23,12,19206,17903.714494750257,1302.2855052497434
12,23,13,19348,18024.538775936227,1323.4612240637725
12,23,14,19393,17993.1902734454,1399.8097265545985
12,23,15,19583,17708.281066348358,1874.7189336516421
12,23,16,19596,18135.454344746744,1460.545655253256
12,23,17,19948,18815.70942842439,1132.2905715756096
12,23,18,20492,17964.222395378692,2527.7776046213075
12,23,19,20069,18231.654268135488,1837.3457318645123
12,23,20,19763,18311.08247713857,1451.9175228614295
12,23,21,19151,18445.708549760635,705.2914502393651
12,23,22,18421,18490.208172784514,69.20817278451432
12,23,23,17497,18545.1539833249,1048.1539833249008
12,24,0,16584,15128.1303786011,1455.8696213989006
12,24,1,15806,15334.678713418054,471.32128658194597
12,24,2,15253,15485.942536827128,232.9425368271277
12,24,3,15044,15617.132477745614,573.1324777456139
12,24,4,14941,15541.718583870237,600.7185838702371
12,24,5,14993,15661.352528436535,668.3525284365351
12,24,6,15318,15854.395376836079,536.3953768360789
12,24,7,16056,16182.28376304259,126.28376304258927
12,24,8,17041,17740.276446603857,699.276446603857
12,24,9,17700,18554.56097544915,854.5609754491488
12,24,10,18227,19714.740223404835,1487.740223404835
12,24,11,18541,21330.86864786561,2789.868647865609
12,24,12,18447,20702.666655947407,2255.666655947407
12,24,13,18321,19083.132849740767,762.1328497407667
12,24,14,17975,18209.28708372893,234.28708372893016
12,24,15,18002,18005.196493143565,3.1964931435650215
12,24,16,17855,17892.760277849426,37.76027784942562
12,24,17,18280,17971.09454070923,308.9054592907705
12,24,18,18502,17202.612688806643,1299.3873111933572
12,24,19,18005,17498.399255500102,506.6007444998977
12,24,20,17419,17715.48115877522,296.4811587752192
12,24,21,16954,17856.366807099057,902.366807099057
12,24,22,16618,17827.212065930587,1209.2120659305874
12,24,23,16005,17985.707296480465,1980.7072964804647
12,25,0,15339,13525.043268183785,1813.9567318162153
12,25,1,14786,13738.875379804651,1047.124620195349
12,25,2,14378,14148.220070889374,229.77992911062574
12,25,3,14463,14323.682258583836,139.3177414161637
12,25,4,14456,14341.073502574278,114.92649742572212
12,25,5,14527,14347.468567721691,179.53143227830878
12,25,6,14670,14246.880260770571,423.1197392294289
12,25,7,15118,14519.755205800078,598.2447941999217
12,25,8,15664,14650.07275271584,1013.9272472841603
12,25,9,16150,14982.71719207629,1167.2828079237097
12,25,10,17020,15407.253538078103,1612.7464619218972
12,25,11,17341,15696.45949842851,1644.5405015714896
12,25,12,17343,15803.037358301059,1539.9626416989413
12,25,13,17482,15989.118952449136,1492.8810475508635
12,25,14,17378,16064.91460817281,1313.0853918271896
12,25,15,17391,16257.446561291184,1133.5534387088155
12,25,16,17444,16228.706581336306,1215.293418663694
12,25,17,17773,16159.409213871115,1613.5907861288852
12,25,18,17715,16346.535016644657,1368.464983355343
12,25,19,17177,16652.447814533945,524.5521854660547
12,25,20,16772,16791.96550203892,19.965502038918203
12,25,21,16366,16839.01957833558,473.0195783355812
12,25,22,16041,16739.670233396046,698.6702333960457
12,25,23,15476,16495.358901062322,1019.3589010623218
12,26,0,15043,13216.592901677279,1826.4070983227211
12,26,1,14575,13281.251202895211,1293.7487971047885
12,26,2,14206,13530.663311191309,675.3366888086912
12,26,3,14065,13579.900300044708,485.0996999552917
12,26,4,13979,12998.183992967042,980.8160070329577
12,26,5,14075,13996.055108502733,78.94489149726724
12,26,6,14369,14309.826514437886,59.173485562114365
12,26,7,14912,14524.389914024869,387.61008597513137
12,26,8,15402,14650.213188212092,751.7868117879079
12,26,9,15851,14821.19986863127,1029.8001313687291
12,26,10,16366,15248.23443153691,1117.76556846309
12,26,11,16694,15282.455070796932,1411.544929203068
12,26,12,16849,15328.444648473767,1520.5553515262327
12,26,13,17071,15444.58340835182,1626.4165916481797
12,26,14,17017,15578.002558188475,1438.9974418115253
12,26,15,17039,15545.672342456488,1493.327657543512
12,26,16,17001,15966.576152032725,1034.423847967275
12,26,17,17456,15924.736511389618,1531.2634886103824
12,26,18,17831,15717.678483353338,2113.3215166466616
12,26,19,17752,15931.601927920163,1820.3980720798372
12,26,20,17409,15997.000768697953,1411.9992313020466
12,26,21,16885,16086.172284491002,798.8277155089982
12,26,22,16495,16178.615692492645,316.3843075073546
12,26,23,15719,16323.604009576004,604.6040095760036
12,27,0,15004,13577.483906978627,1426.5160930213733
12,27,1,14496,14208.963155863106,287.0368441368937
12,27,2,14203,13749.079260123974,453.92073987602635
12,27,3,13952,13411.086320870247,540.9136791297533
12,27,4,13983,13626.261061900152,356.7389380998484
12,27,5,14054,13848.763479395144,205.2365206048562
12,27,6,14329,13910.370015355393,418.62998464460725
12,27,7,15039,14542.83917852294,496.1608214770604
12,27,8,15753,15978.669632768775,225.66963276877505
12,27,9,16227,16268.810393113476,41.810393113475584
12,27,10,16740,16609.620660085613,130.37933991438695
12,27,11,17066,16920.545432049323,145.4545679506773
12,27,12,17379,17130.460154879907,248.53984512009265
12,27,13,17125,17341.074123610615,216.07412361061506
12,27,14,17131,17616.262634309882,485.26263430988183
12,27,15,17102,17861.616829615,759.616829614999
12,27,16,17162,17970.50207412416,808.5020741241606
12,27,17,17744,18083.675305921144,339.6753059211442
12,27,18,18340,17285.902498253607,1054.0975017463934
12,27,19,17946,17477.948589556272,468.05141044372795
12,27,20,17667,17509.325946274606,157.6740537253936
12,27,21,17253,17646.87082515451,393.8708251545104
12,27,22,16715,17848.826945390527,1133.8269453905268
12,27,23,15893,17969.223996625846,2076.2239966258458
12,28,0,15165,13991.667078934064,1173.3329210659358
12,28,1,14557,13689.511400115069,867.4885998849313
12,28,2,14105,13621.359115129953,483.64088487004665
12,28,3,14042,13753.831233717156,288.16876628284444
12,28,4,14064,13865.83680725479,198.16319274521084
12,28,5,13962,13658.791652366173,303.20834763382663
12,28,6,14176,13902.605603173053,273.39439682694683
12,28,7,14695,14122.178604482311,572.8213955176889
12,28,8,15215,14389.01055450462,825.9894454953792
12,28,9,15751,14764.864831012183,986.1351689878175
12,28,10,16102,15298.870348215616,803.1296517843839
12,28,11,16473,15846.041162051839,626.9588379481611
12,28,12,16570,16263.7377417963,306.2622582037002
12,28,13,16578,16109.262906818505,468.73709318149486
12,28,14,16267,15291.338760616274,975.6612393837258
12,28,15,16274,15550.831074691576,723.1689253084241
12,28,16,16418,16920.479092540532,502.4790925405323
12,28,17,16930,16855.804016916318,74.19598308368222
12,28,18,17102,16990.04138587693,111.9586141230684
12,28,19,16855,17181.094356143425,326.0943561434251
12,28,20,16487,17157.102373357284,670.1023733572838
12,28,21,15992,17062.432092643237,1070.4320926432374
12,29,2,13734,14890.2874199475,1156.287419947501
12,29,4,13428,14868.55398518875,1440.5539851887497
12,29,5,13394,14140.563760755056,746.5637607550561
12,29,6,13411,14118.730089096618,707.730089096618
12,29,7,13824,14288.561578549386,464.56157854938647
12,29,8,14371,14480.822297414572,109.82229741457195
12,29,9,14752,14599.754420307601,152.24557969239868
12,29,10,15386,14542.188930850722,843.8110691492784
12,29,11,15960,15113.472233484792,846.527766515208
12,29,12,16508,15379.87531978394,1128.1246802160604
12,29,13,17131,18116.937669502615,985.9376695026149
12,29,14,16965,15973.48949989967,991.5105001003303
12,29,15,17060,16147.994217577672,912.0057824223277
12,29,16,17229,16029.638928054273,1199.3610719457265
12,29,17,17640,16526.251043114946,1113.7489568850542
12,29,18,17829,16946.089792199342,882.9102078006581
12,29,19,17126,16631.911394573912,494.0886054260882
12,29,20,16761,17089.898868835626,328.89886883562576
12,29,21,16151,16404.204645527458,253.20464552745761
12,29,22,15496,16893.93899218902,1397.9389921890215
12,29,23,14846,17170.79199175479,2324.7919917547915
12,30,0,14187,13876.647619337875,310.35238066212514
12,30,1,13472,13426.739192120574,45.260807879425556
12,30,6,13495,13697.045137320269,202.04513732026862
12,30,7,14253,13677.135458575813,575.8645414241873
12,30,8,15145,14978.294043553855,166.70595644614514
12,30,9,15770,15149.965748630017,620.0342513699834
12,30,10,16152,15403.376870553064,748.6231294469362
12,30,11,16524,15644.2678950928,879.7321049071998
12,30,12,16655,15643.829919531194,1011.1700804688062
12,30,13,16576,15976.21212445229,599.7878755477104
12,30,14,16383,16380.319036561188,2.6809634388118866
12,30,15,16409,17298.308991833,889.3089918330006
12,30,16,16788,17473.4900549082,685.4900549082013
12,30,17,17445,17644.87086817532,199.87086817531963
12,30,18,17891,16889.514581394786,1001.4854186052144
12,30,19,17742,17107.869465566084,634.1305344339162
12,30,20,17433,17562.38392128578,129.38392128577834
12,30,21,17038,17666.491051576584,628.4910515765841
12,30,22,16403,17685.8398037942,1282.8398037941988
12,30,23,15646,17372.286474141452,1726.2864741414523
12,31,0,14846,13782.810555677343,1063.1894443226574
12,31,1,14287,13868.954595039293,418.04540496070695
12,31,2,13914,13684.685485909857,229.31451409014335
12,31,3,13755,14462.026644528796,707.0266445287962
12,31,4,13762,14776.063275689177,1014.0632756891773
12,31,5,13865,15012.644965945276,1147.6449659452755
12,31,6,14212,14817.94961468335,605.9496146833499
12,31,7,14841,14972.29684299074,131.2968429907396
12,31,8,15604,15525.898811146099,78.10118885390148
12,31,9,15977,15973.916141941094,3.0838580589061166
12,31,10,16075,15856.249039443652,218.75096055634822
12,31,11,16213,16649.951589974604,436.95158997460385
12,31,12,16218,16991.40984164912,773.4098416491215
12,31,13,16330,17297.463636669323,967.463636669323
12,31,14,16389,17550.874068198824,1161.8740681988238
12,31,15,16436,17691.661403258367,1255.6614032583675
12,31,16,16660,17813.336291311563,1153.3362913115634
12,31,17,17306,17978.241056721443,672.2410567214429
12,31,18,17648,17296.34684103793,351.65315896207176
12,31,19,16961,17278.450196453265,317.45019645326465
12,31,20,16373,17302.058189224797,929.0581892247974
12,31,21,15767,17317.609805794382,1550.6098057943818
12,31,22,15272,16712.70145780288,1440.7014578028793
12,31,23,14734,16748.72396980028,2014.7239698002813
