month,day,hour,y_true,y_pred,error
11,3,21,17399.489647242546,16077.91006659379,1321.5795806487567
12,15,2,15808.35639006027,12785.203491961636,3023.152898098633
12,16,22,18870.456947585702,17539.385309278485,1331.0716383072177
11,5,12,18438.96779821521,17837.084602072286,601.8831961429241
12,26,11,16993.629440089888,14775.542852113855,2218.086587976033
12,13,12,17826.533556524606,14908.097780867356,2918.43577565725
12,25,2,13970.56786456418,13059.423427089368,911.1444374748116
12,13,13,16134.914289843851,15227.528816166136,907.3854736777157
12,11,4,11934.267804874517,13426.21620862594,1491.948403751423
12,8,2,13694.006273868968,14129.588966783773,435.5826929148043
12,17,15,17543.508851988994,17006.55767586646,536.9511761225331
12,23,3,13883.101056512389,13952.925046533815,69.82399002142665
12,3,22,16924.103245463404,17208.155876301596,284.0526308381923
12,10,4,13176.949081686653,13719.40147187986,542.452390193208
12,23,16,19267.69245340995,17617.583420398834,1650.1090330111147
11,11,15,14022.442008232889,16380.482197810321,2358.040189577432
12,8,8,16840.450856783464,16642.1577771597,198.29307962376333
11,1,22,16624.04706198346,15900.046588617628,724.0004733658316
12,5,19,16776.183967333316,16052.119203954077,724.0647633792396
11,2,12,16686.031006378194,14962.960231453922,1723.070774924272
12,27,3,15630.62694055981,13438.511174694173,2192.1157658656375
11,10,8,16974.574374431693,15822.08811230373,1152.4862621279626
12,16,17,17715.386976209327,17755.54571883964,40.15874263031219
11,26,9,16154.320330767956,16238.091164109068,83.77083334111194
12,20,20,17283.435889261924,16613.473453372884,669.9624358890396
12,22,22,17288.505683692667,17021.274902711473,267.2307809811937
12,22,3,14251.56963654375,14236.49407594096,15.075560602790574
11,23,22,16642.04780680437,15703.959627020457,938.0881797839138
11,6,8,14645.310077683002,15240.642818578131,595.33274089513
12,25,5,13548.793384762328,12458.686096158472,1090.1072886038564
12,8,5,12536.164020498614,13739.952849406374,1203.78882890776
11,26,10,16029.172584869932,16844.113817526355,814.9412326564234
12,1,23,17583.793178516888,17538.368196322583,45.4249821943049
12,20,8,16009.934223892866,14292.360539658212,1717.5736842346541
12,21,17,17943.046831075862,15971.241197941461,1971.8056331344014
12,24,0,13516.081209513171,13441.84448397408,74.23672553909091
11,18,9,16554.840921042312,16276.634809831196,278.2061112111169
12,8,0,14039.07977832882,13846.068642818605,193.01113551021444
12,22,14,16435.42995767256,16946.71635076428,511.2863930917192
12,26,21,17656.931833069208,16223.26938303193,1433.6624500372782
12,2,19,18607.018203611377,17518.999716337185,1088.018487274192
12,8,16,19446.042202942925,18525.85993411116,920.1822688317661
12,5,15,16564.706548168426,16626.27226872089,61.56572055246579
12,17,13,16321.550630281416,15889.94129289624,431.60933738517633
11,14,13,16682.882954306147,15411.680123236156,1271.2028310699916
12,15,22,16551.345074028155,17454.362670669452,903.0175966412971
12,19,9,16781.614980520946,16196.445169976114,585.1698105448322
12,19,9,17378.581049845583,17020.501146815564,358.0799030300186
12,10,12,16597.907497349646,16799.486941377254,201.57944402760768
12,24,4,14514.174340341508,15055.135973811175,540.9616334696675
12,10,20,18820.675202738406,17380.052241737736,1440.6229610006703
12,15,8,16478.35587920974,15036.312005326576,1442.0438738831635
12,27,22,16981.00153781165,16440.290223288255,540.7113145233961
11,22,15,16646.787514783384,15557.939716231916,1088.8477985514673
11,2,20,16884.957109990322,16124.074046321284,760.8830636690382
12,13,11,16187.715021801214,15008.021203585811,1179.6938182154026
11,26,15,14284.806103817731,16526.499791021317,2241.693687203586
12,13,4,13455.952037886793,13196.299472119415,259.6525657673774
12,6,16,17111.26547110338,15532.711270244867,1578.5542008585126
12,2,2,13528.95142011098,14300.562110294237,771.6106901832572
11,13,22,16665.606726952377,16780.34732722235,114.74060026997176
12,23,20,16929.563558655493,17732.919814193967,803.3562555384742
12,23,10,16840.078580949867,16480.449868953077,359.6287119967892
12,27,18,18902.19088550139,16536.077891454097,2366.112994047293
12,19,19,17829.465713648962,16357.447687463344,1472.0180261856185
12,22,18,19295.007834263575,17502.90537612469,1792.1024581388847
11,27,21,16805.443293373664,16309.417370131747,496.02592324191755
11,20,12,14433.674272562828,15550.05612472546,1116.3818521626326
12,26,14,17563.93615719362,15138.630834042704,2425.3053231509166
12,6,7,13552.877543345863,13050.365779344173,502.5117640016906
12,22,13,18027.43579750668,17911.49035013931,115.94544736737225
11,9,21,15852.373843388796,16318.155198391896,465.78135500310054
12,11,20,17331.807314821293,17340.659280273212,8.851965451918659
11,11,22,15264.699178552284,16150.134636008404,885.4354574561203
12,2,12,16717.07650423671,16818.798901995364,101.72239775865455
12,5,6,15420.977874355904,15938.062660608732,517.084786252828
12,2,9,17425.655570724342,16679.22792110043,746.4276496239108
11,16,14,16328.592761019729,15923.487964266826,405.104796752903
12,1,0,13629.87675142899,13672.454216190414,42.57746476142347
12,25,20,16936.183970667433,16599.17230111624,337.01166955119334
12,7,11,17090.408513634655,14952.900573949586,2137.507939685069
12,12,11,16150.470465198754,17364.064570462324,1213.5941052635699
12,22,14,15731.975571630555,17708.002677034925,1976.0271054043696
12,16,15,16657.44066837344,16888.538694567294,231.098026193853
11,26,21,16068.299390552587,15684.067372522446,384.23201803014126
12,18,4,12419.862372405005,13714.096069241554,1294.233696836549
11,13,23,16780.218994718292,16608.291103554286,171.92789116400672
11,7,12,16139.206437785986,17216.683654103363,1077.4772163173766
12,20,20,17616.54228245136,16654.611692182883,961.9305902684755
11,23,13,16728.56633323191,14730.472537999944,1998.0937952319655
11,25,22,16624.617323925424,16493.8413918928,130.77593203262222
11,3,20,16390.72674577719,15453.017697772242,937.7090480049465
11,13,8,17645.49605771674,18679.630577729993,1034.1345200132528
12,20,16,17833.883292797622,14438.22928277141,3395.654010026212
12,24,18,17560.32612702163,15509.212789438627,2051.113337583005
11,16,9,15843.794001843591,13529.497362902672,2314.2966389409194
12,20,10,14924.700607878149,15022.767900561224,98.06729268307572
12,22,21,17616.900468851058,17734.022446211515,117.1219773604571
12,15,19,17806.970037636645,16897.797686800008,909.1723508366376
11,17,23,15963.043788596502,16784.45041581857,821.406627222068
12,8,11,17814.040872910966,16315.81620886084,1498.2246640501253
11,2,13,16332.390610603266,14110.613409897942,2221.7772007053245
11,26,21,17380.464328937982,16012.947798831221,1367.516530106761
12,3,14,17126.95047076607,17208.4199300443,81.4694592782289
12,21,6,13955.004676047032,13297.004602961919,658.0000730851134
12,12,14,16927.083849652536,17674.438167003806,747.3543173512699
12,10,13,16903.710574295063,17246.07094737338,342.36037307831793
11,27,21,16624.186783742356,16286.39517027195,337.79161347040645
11,5,22,16629.85962772427,16310.641931396065,319.2176963282036
12,18,16,16141.14262830377,16269.460109350517,128.31748104674625
12,25,17,17707.329579134253,16177.083308213729,1530.2462709205247
11,15,10,17530.26004783829,15071.800619433223,2458.4594284050654
11,7,8,16768.992801189204,16111.790291543344,657.2025096458601
12,15,5,13584.952140553269,14314.157607348476,729.205466795207
12,12,2,13148.65893189838,13268.887085690265,120.22815379188432
11,25,21,17052.371341590406,16661.19838329804,391.17295829236537
12,23,14,17316.294350754422,16678.025137166995,638.2692135874277
11,2,15,16566.899077415066,15632.214856243007,934.6842211720596
12,17,4,12497.933892741496,14302.270139580938,1804.3362468394425
12,10,8,15680.12585258307,16086.720395304514,406.59454272144285
12,20,7,14994.88917915652,13601.64634605057,1393.242833105951
11,27,14,17701.370824575595,16849.671228127,851.6995964485941
12,26,4,14039.816905912396,12838.470881348057,1201.3460245643382
12,22,3,14093.969542104638,14311.74308323368,217.7735411290414
11,10,14,15882.604246378443,16277.227253001409,394.6230066229655
12,19,3,15277.112361226416,13870.057321497958,1407.0550397284587
12,16,14,18442.33142053004,17217.600761540067,1224.7306589899745
12,4,0,13629.225597206374,13286.132592599939,343.093004606435
11,16,22,16755.48282009703,16191.991087143062,563.4917329539676
12,8,0,14168.484237055784,13855.216819255074,313.26741780070915
12,27,8,16768.26843913912,14647.866459729203,2120.4019794099167
11,16,8,14672.711917745895,13826.18047010255,846.531447643345
12,12,19,17231.02876626734,16506.573314451092,724.4554518162477
12,23,4,13663.362514888426,14101.651271518263,438.28875662983774
12,4,23,17619.07772375045,17720.007474677746,100.92975092729466
12,11,13,16394.011699696315,16795.749659137055,401.73795944073936
11,19,10,15524.46049547796,16523.829000706133,999.3685052281726
12,19,5,14670.664435677803,14779.60890902218,108.94447334437609
12,18,10,16995.17289214029,17035.57955658198,40.40666444168892
12,22,21,17280.328833823223,17653.91265091251,373.58381708928573
12,16,4,14430.31205786308,15050.663416481759,620.3513586186782
12,3,8,16677.633561392726,16842.266851060358,164.6332896676322
12,13,21,16889.66719962591,16965.19152654884,75.5243269229286
11,10,9,16130.849951031383,16053.600128675027,77.24982235635616
12,18,18,17015.356110928056,15517.514013352604,1497.8420975754525
12,6,15,17321.02141543322,16295.009442311653,1026.0119731215673
12,6,22,18877.662299175427,16633.779279070754,2243.883020104673
12,15,18,17946.86100351743,17044.377619918014,902.4833835994177
11,15,21,17089.466247640972,15746.655404370045,1342.8108432709269
11,4,14,15773.362873864413,17183.39930680264,1410.0364329382264
12,13,11,15951.639735101016,14904.490574880676,1047.1491602203405
12,10,9,17020.59124192782,17116.687422230796,96.09618030297497
12,1,6,14194.947684415003,15366.506076006859,1171.558391591856
11,22,12,16327.22466102623,14974.748964084956,1352.4756969412738
12,20,16,17097.637209795368,15196.758809568051,1900.878400227317
12,15,21,17290.236848895558,16903.100452867846,387.1363960277122
12,4,5,13971.44504693618,13394.716761087066,576.7282858491144
12,16,20,16996.8035728358,17401.292255218934,404.488682383133
12,1,21,17287.36952246004,17107.324988873657,180.0445335863842
12,21,5,14580.723942761117,14409.61302704826,171.11091571285579
11,13,23,17143.679438783776,17440.067735593355,296.3882968095786
12,14,6,11778.384169612786,13216.490659920026,1438.1064903072402
12,10,2,13683.085020538383,14695.431706652553,1012.3466861141696
11,17,23,16624.463637873825,16665.945323283893,41.48168541006817
12,23,10,17755.03800068706,17118.603168493104,636.4348321939542
11,5,21,17140.889840286687,16524.11196419025,616.7778760964356
11,20,10,14944.70570102555,16300.849723650648,1356.144022625098
11,6,13,14864.46177041629,16416.81616675416,1552.3543963378706
12,19,15,16764.81095669374,16922.431223262123,157.62026656838498
11,19,15,16661.736618906427,16877.007520638497,215.27090173207034
12,24,20,18541.34643771097,17365.262094552563,1176.0843431584071
12,7,9,17026.086102951765,14533.808708945598,2492.277394006167
12,15,23,17399.656728435893,18064.024012321617,664.3672838857237
12,25,23,16694.098598968834,16534.001911440813,160.096687528021
12,25,0,13248.329125712482,12053.619294036938,1194.7098316755437
12,24,10,16472.99473896407,17078.73740588234,605.7426669182714
12,26,0,13762.393318089958,12809.691555825575,952.7017622643834
12,2,23,17661.249111255915,17628.062080571926,33.18703068398827
12,22,22,17205.947561684316,17824.201911687596,618.2543500032807
12,17,6,13382.964722388684,13908.674722756947,525.7100003682626
12,12,19,19720.660230134847,18479.433214554112,1241.2270155807346
12,6,0,15014.23013146254,12656.202884802318,2358.027246660222
12,21,4,14925.889785866371,15524.720976713008,598.8311908466367
12,22,10,16840.749970553876,16809.187318296503,31.562652257372974
12,11,20,19100.197411696132,16928.987352301585,2171.210059394547
11,7,14,17585.020839785902,16875.22109729353,709.7997424923706
12,5,6,14348.748096188248,13553.592247763909,795.1558484243396
12,22,16,17273.092444459555,17533.723101902302,260.6306574427472
11,22,23,16280.950114165436,15563.839655724003,717.1104584414334
12,26,23,16647.15070148055,16020.093190638645,627.0575108419052
12,21,22,18377.29947506232,16866.479512737344,1510.8199623249748
12,12,1,13719.346950181643,13944.541149269266,225.1941990876221
12,21,9,16492.152606548196,14729.796961975855,1762.3556445723407
12,4,23,20144.405249436943,16829.233225157048,3315.1720242798947
12,27,6,14182.674000168625,13813.155057580912,369.51894258771244
11,18,23,16389.978534974704,16944.323659219626,554.3451242449228
12,12,23,17283.45245972385,17000.57096401379,282.8814957100585
11,26,12,16326.186011924428,16927.05301925636,600.8670073319317
12,6,22,16576.519138488966,16492.263889969396,84.25524851957016
12,23,12,17664.45069725369,16972.00820880321,692.4424884504806
12,18,15,19258.199405777923,16966.191974042158,2292.007431735765
12,17,11,17000.64495836778,17232.111688564404,231.46673019662558
11,4,21,16624.613935842674,16069.035710560507,555.5782252821664
12,16,13,16523.922145476732,16315.884988915339,208.0371565613932
11,23,11,13557.035659788728,14823.525285071744,1266.4896252830167
11,26,14,14811.775523082004,16617.9268149136,1806.1512918315966
11,3,13,15767.502869674609,16346.202429292505,578.6995596178967
11,3,11,16089.866619705848,16209.160585025305,119.29396531945713
12,20,9,14697.429573514864,14900.899069454423,203.46949593955833
12,23,23,17637.3752552877,18169.860416044325,532.4851607566234
12,19,23,17202.834359156986,17319.635193350252,116.80083419326547
12,16,21,16709.11876302642,16826.52058691756,117.40182389113761
11,15,15,17418.16475483304,15801.993486846084,1616.171267986956
12,27,22,16676.24423124428,16759.34676558221,83.10253433792968
12,11,0,14716.367641550967,13328.505685019789,1387.8619565311783
11,4,10,16398.31238884425,16311.500422739933,86.81196610431653
12,7,14,16331.442081452553,15256.854395807612,1074.5876856449413
12,13,17,17844.1154436203,15558.804564680631,2285.3108789396683
12,5,0,13690.89528693408,13283.687696863894,407.2075900701857
12,17,17,19260.272446252588,18431.694710593427,828.5777356591607
12,20,13,15813.50254267018,17042.604746067802,1229.1022033976224
11,14,10,17656.32961468879,16314.326797054036,1342.002817634755
12,12,15,15975.669518726088,17243.325634237324,1267.6561155112358
12,16,10,16011.909506729173,16613.26471017088,601.3552034417062
12,12,10,16852.39374121318,17242.22348111126,389.8297398980794
12,10,8,16483.0937206833,16200.076052067674,283.01766861562646
12,26,17,18373.57000947725,15477.746646160616,2895.8233633166346
11,19,21,16601.05104954953,16283.167848321176,317.88320122835285
12,21,18,18724.0,16694.364351203887,2029.635648796113
12,27,7,12442.637932431842,12107.248222119719,335.3897103121235
11,7,14,16116.861428921544,17062.05239231741,945.1909633958676
11,5,15,15788.359166618287,17286.90749662229,1498.5483300040032
11,23,23,16911.070735460384,15995.923490941726,915.1472445186573
11,8,13,17620.97285850798,16121.133729251216,1499.839129256763
12,4,20,17625.71938725866,16898.62440696986,727.0949802888026
12,4,0,14564.970353442402,13274.189946527218,1290.7804069151844
12,17,16,18331.828890435045,17489.67154426792,842.1573461671251
11,15,21,16937.02989246241,16642.094712756763,294.9351797056479
12,7,1,13760.689464414392,13399.182144433638,361.5073199807539
12,5,1,13670.072260194504,13932.935606782656,262.8633465881521
12,23,11,16477.12287753325,16945.37610477276,468.25322723951103
12,6,19,18683.250716512437,15873.302093597997,2809.9486229144404
12,14,0,13558.313785369,12785.198697143853,773.1150882251477
12,23,20,18872.87393863089,17970.352620129175,902.5213185017165
12,19,22,17422.353903093473,17683.853390126314,261.499487032841
12,14,10,16054.814282971178,14793.848560006783,1260.9657229643944
11,27,8,15806.1016228333,15744.153527346463,61.94809548683588
12,7,22,18010.88655158048,16926.534993621233,1084.3515579592458
11,17,11,18018.031471075778,16479.845267504734,1538.1862035710437
12,9,22,18029.76875612468,16935.155974688416,1094.6127814362626
11,23,12,16881.590118667165,15050.817873280457,1830.7722453867082
12,2,4,13605.081731513865,13903.557967356312,298.47623584244684
11,17,22,15847.597092335243,16281.030308122256,433.43321578701216
12,16,19,19269.33202516959,17911.939021399878,1357.3930037697137
11,14,13,14520.328391533074,15173.133132018622,652.8047404855479
12,26,4,13693.0,12503.034361803018,1189.9656381969817
12,14,23,17143.394045356596,16888.903881197686,254.49016415890947
11,4,13,16276.40956324244,16841.793060540203,565.3834972977638
11,6,10,17528.6066406917,19084.628333364995,1556.0216926732937
12,7,22,17349.826827769695,16650.870040485082,698.9567872846128
11,26,22,16754.546236604176,16782.390542115212,27.84430551103651
12,4,16,17815.667385615634,17675.075523880045,140.5918617355892
12,12,16,17360.99467718339,16872.2194242577,488.77525292569044
12,11,15,16670.97809177928,17520.23483900929,849.256747230007
12,23,0,13115.126960284755,14137.188610195744,1022.0616499109892
12,3,23,17969.734445286795,17615.388876165012,354.3455691217823
12,20,1,13714.575486024649,13269.170045736559,445.4054402880902
12,5,4,15426.138544752464,17432.760782190042,2006.6222374375775
12,16,3,13548.509207441955,13964.164793728765,415.6555862868099
11,10,14,13350.589078619225,16024.018284927659,2673.429206308434
11,9,22,16602.7499846778,16185.246948430638,417.5030362471625
12,27,16,17844.841775515117,15859.896940931738,1984.944834583379
11,7,11,16274.18188644296,15891.78612461261,382.39576183035024
12,11,3,14919.895106727769,13483.58547727445,1436.3096294533188
12,7,7,14870.22462237288,13918.687996785366,951.5366255875142
12,16,7,13992.342864515002,15065.939451794382,1073.5965872793804
12,15,9,16736.612576826203,16494.25943251837,242.35314430783183
12,3,19,18293.183730682613,16572.205468516975,1720.9782621656377
12,17,13,17870.498350651073,16674.202299253586,1196.2960513974867
12,11,0,13879.41917701876,14202.467891945782,323.04871492702114
12,18,22,17185.066021500963,17415.10051518833,230.0344936873662
12,18,22,18957.680219243142,16508.98638026139,2448.6938389817515
12,15,23,17483.836535516777,18098.000375136282,614.1638396195049
11,23,11,16735.999356774548,14908.306305742419,1827.693051032129
12,11,6,13459.227790381708,13767.385783060867,308.15799267915827
12,12,3,13810.264447825455,13945.165533781448,134.90108595599304
11,7,20,16610.458452603372,15682.78948242919,927.6689701741816
11,5,11,15236.818410699463,16696.732919438164,1459.9145087387005
11,2,12,15249.261226316556,15812.118555540364,562.8573292238088
12,3,19,17166.961809239496,16293.073640622999,873.8881686164968
12,3,15,15784.311880642506,17143.374209413876,1359.0623287713697
11,21,11,16879.76755125869,16297.416792023141,582.350759235549
12,16,8,17725.260449244048,16246.93495970733,1478.3254895367172
12,15,14,16744.553591328047,16845.797267708134,101.24367638008698
12,1,6,12820.307313207986,14024.522310964654,1204.2149977566678
11,12,9,16326.15075660166,15431.961223643742,894.1895329579183
12,17,2,13090.715271067853,13904.333097502522,813.617826434669
12,23,21,17760.03853030685,16895.038927928454,864.999602378397
12,19,18,18287.535596496786,16544.033666468567,1743.5019300282183
12,19,7,13233.821639188203,14141.025866162914,907.2042269747108
12,10,0,12902.015228754815,13530.53161901802,628.5163902632048
12,5,10,15827.212661967584,16091.524644457557,264.31198248997316
12,12,0,13967.10151513694,12884.639134899298,1082.462380237641
12,4,11,17572.938603119575,16497.666176905735,1075.27242621384
12,18,3,13415.699185441996,14253.127650643088,837.428465201092
11,22,12,14353.816833408337,14655.966555809906,302.1497224015693
12,23,1,13773.723265909242,13776.662806350789,2.9395404415463418
11,18,12,16742.16734977879,16485.500349770813,256.66700000797573
12,3,23,18538.406473167517,17840.44368178304,697.9627913844779
12,3,20,19150.333247838094,16755.031909669407,2395.301338168687
12,6,6,12696.293715098263,13518.453555052252,822.1598399539889
12,19,4,13552.820434523652,13659.979792686654,107.15935816300225
11,16,11,16394.418416339955,15293.12039700614,1101.2980193338153
12,27,4,13767.111584421742,13212.115104887864,554.9964795338783
12,26,17,17324.551660209225,15380.917446734502,1943.6342134747229
12,23,8,17502.456340845285,15792.243475751648,1710.2128650936374
12,1,0,14218.990759451415,13307.411860460137,911.578898991278
11,1,15,16349.808453600186,15724.747049759319,625.0614038408676
11,4,10,16122.61107589038,15676.862057642822,445.7490182475576
11,8,11,14211.05976830715,14580.113381619272,369.05361331212225
11,24,13,14870.197062202677,16566.34050440827,1696.1434422055918
11,8,21,16390.681156391744,15285.721478319769,1104.9596780719748
12,23,16,17233.008932230397,17163.331349263353,69.67758296704415
12,22,15,17651.56994371805,17609.465323167533,42.10462055051539
12,4,9,17501.47533156997,16783.496808700358,717.9785228696128
11,10,13,17583.38496276961,17935.134794424826,351.74983165521553
12,12,12,17815.36154036881,16588.063432171602,1227.2981081972066
11,13,22,17329.69355520115,16490.221700128706,839.4718550724428
12,13,14,17507.939954443973,14949.177611422314,2558.762343021659
12,15,0,13727.947621999529,13359.329690751112,368.6179312484164
11,21,15,16681.666716663443,17020.38185115933,338.71513449588747
12,22,19,16037.353613487836,14935.173122122804,1102.1804913650321
12,11,11,17923.501480692066,17079.127462850898,844.3740178411681
12,2,8,16409.473279399386,16174.557612127002,234.91566727238387
12,14,6,11756.543203050604,13673.761006153782,1917.217803103178
12,19,14,16718.888102868827,17827.471367506896,1108.5832646380695
12,1,17,17353.955660014057,17647.26192970547,293.30626969141304
11,21,10,16327.63722407426,16570.417552006744,242.7803279324835
12,17,23,16863.73733977137,17506.76153021318,643.0241904418108
11,10,12,14361.875295395696,16109.095551291084,1747.2202558953886
11,24,14,17619.33949414225,17730.909121622914,111.56962748066508
12,6,1,13115.297795460236,13630.373978463325,515.0761830030897
11,27,11,14197.752230089232,16437.550362417525,2239.798132328293
12,16,4,11997.208866812662,13330.012337095983,1332.803470283321
12,19,1,13876.102811996294,13469.75953486358,406.3432771327134
12,20,21,16859.80785117483,17494.01139486002,634.2035436851875
12,13,20,16358.49329113021,16153.900161628128,204.59312950208187
12,26,20,15833.203907512392,15656.802690546234,176.40121696615824
12,15,19,16423.751326854974,15765.38845884199,658.3628680129841
12,19,16,18582.796131283892,17342.8780123323,1239.9181189515912
12,4,5,13451.0,13644.34950426919,193.34950426919022
12,5,12,16324.259791302464,17655.18788099185,1330.9280896893852
12,1,23,17577.151544663426,17574.76008025665,2.3914644067772315
11,26,21,16190.643898860844,16411.60290038926,220.9590015284175
12,14,15,16330.004556105345,15259.759079374882,1070.2454767304625
12,6,7,14506.4113056225,14260.118000883293,246.2933047392071
12,22,23,17430.588643103194,17437.02215400853,6.4335109053354245
12,24,10,15961.60321129754,16087.022083367448,125.4188720699076
12,25,14,16336.894907925369,15153.905786039575,1182.9891218857938
12,15,21,19189.847134669075,17420.191371338893,1769.6557633301818
12,2,13,17858.219515350822,16949.45413134997,908.7653840008534
11,3,12,16467.313082095894,16209.650031388164,257.6630507077298
12,15,9,17500.952568496916,15928.174412825345,1572.7781556715709
11,26,9,13490.842671602535,16251.900056229842,2761.0573846273073
12,21,20,18385.29572463158,16580.649952370644,1804.6457722609339
11,17,12,17700.093015250164,17928.86689778586,228.77388253569734
12,23,17,17448.202941893724,17322.680392592723,125.52254930100025
12,18,8,17538.52811436046,16327.78564423798,1210.742470122479
12,19,18,16312.701709052557,15554.887313011264,757.8143960412926
12,21,6,15909.380275373082,18109.965065708704,2200.5847903356225
12,12,21,15445.535013991152,16731.56820277526,1286.0331887841076
12,11,16,16132.241425243315,15101.09434735023,1031.1470778930852
11,10,20,16640.92269901633,15786.633028047423,854.2896709689066
12,6,18,17878.02875050957,16265.283411002512,1612.745339507057
11,18,8,17953.824955636523,16187.127490251381,1766.6974653851412
12,10,7,12842.784629393143,13572.746407757004,729.9617783638605
11,9,15,14025.478204510002,14707.077681823626,681.5994773136244
11,17,22,15780.560525557366,16487.43803447378,706.8775089164137
12,1,23,17894.474488099837,17380.326834843814,514.1476532560227
12,21,14,17313.600282496962,14890.137387320521,2423.4628951764407
12,13,18,17708.704430150065,16186.629220824174,1522.0752093258907
12,6,2,13515.482006409818,13292.517123438729,222.96488297108954
12,6,4,13256.96690249343,12936.66579509197,320.3011074014594
12,26,2,13260.31519338381,13164.377898283477,95.93729510033336
12,24,8,16656.205801215598,16122.089501022763,534.1163001928344
12,2,15,16376.239974111237,16737.12202563848,360.8820515272437
12,3,9,15845.740516051232,15782.668487118513,63.07202893271824
12,19,9,16787.72076298226,16300.33418374101,487.3865792412489
11,4,14,16032.77768010658,15922.522397890234,110.25528221634522
12,9,12,17200.204814991164,16560.83099785959,639.3738171315745
11,20,21,15660.362830502983,16607.045897670585,946.6830671676016
12,6,6,13443.58721930495,13518.157098019414,74.5698787144629
12,10,12,16369.647981363058,15935.759058073225,433.88892328983275
11,13,12,16909.68351852151,15362.889976990331,1546.7935415311786
12,7,19,17426.33017260649,16637.330353012236,788.9998195942535
12,18,20,17409.312865989006,16915.80831442042,493.50455156858516
11,8,13,13571.998603929687,13414.250347512716,157.74825641697134
12,25,21,18270.65707078922,16315.68976877823,1954.9673020109913
12,19,4,13982.276745303649,13816.261982333854,166.0147629697949
11,26,12,16644.19327170698,16610.40253352189,33.79073818508914
11,27,23,16389.75596742518,16342.088672784426,47.667294640752516
11,19,21,16070.075013881158,16667.026549640846,596.9515357596883
12,2,23,15977.80376482775,17315.9600092836,1338.1562444558513
11,7,11,14195.129270108571,15492.02409584528,1296.8948257367083
12,10,13,16614.745084222886,16854.65949177034,239.91440754745418
12,17,10,16843.37250367734,16512.826790610132,330.54571306720754
11,15,22,16759.139392764955,16058.319606286035,700.8197864789199
12,8,13,15392.89082198889,17261.824402394905,1868.9335804060138
12,16,8,16192.873016550013,16482.309205067817,289.4361885178041
11,1,10,16214.64570990249,13592.959651093492,2621.6860588089985
12,10,1,14993.1678948586,13438.875842762602,1554.2920520959979
12,19,14,16627.52604273396,16568.90156207441,58.62448065954959
12,21,7,13459.396126502665,13477.673538765077,18.277412262412327
12,22,3,13714.889312535332,14021.069360624399,306.180048089067
11,19,12,16318.055868620562,16137.843113889672,180.21275473089008
12,24,20,17463.116428760462,16994.215978811415,468.90044994904747
12,4,18,18375.986285254327,17056.380703085673,1319.6055821686532
12,13,16,15876.01016204665,14069.455380842699,1806.5547812039513
11,23,8,15000.044861854594,14430.059767461778,569.9850943928159
11,15,14,16326.496971103124,15224.42755324481,1102.0694178583144
12,19,10,16876.531813777325,16625.706683929016,250.82512984830828
12,13,19,19713.381777948845,17233.893359449175,2479.48841849967
12,21,11,16674.407665503328,15129.371450579954,1545.0362149233733
12,20,2,13556.01958667383,13376.195622578487,179.8239640953434
11,14,12,14613.20599540646,14889.218947824738,276.01295241827756
11,18,12,15505.20941488638,16321.89756221364,816.6881473272606
11,18,12,16873.09635195316,16456.592984697258,416.50336725590387
11,7,23,16596.00616642859,16762.491489122855,166.48532269426505
11,9,21,16912.626337827198,16182.295058335667,730.331279491531
12,2,19,17925.780675571234,16332.149179287304,1593.6314962839297
12,19,8,17797.788021600187,17168.683617095572,629.1044045046146
12,27,6,15884.837483294208,16745.668687056146,860.831203761938
12,16,5,13994.520612074635,13664.635049792792,329.8855622818428
12,24,13,16567.74469027704,16667.527881892256,99.78319161521722
11,8,20,16601.50922746486,15696.468676769406,905.0405506954539
12,23,15,17830.196958012904,18582.78942843389,752.5924704209865
11,14,13,17614.524554892003,16084.814337260901,1529.7102176311018
11,22,12,15419.275411035944,14436.378181382035,982.8972296539087
12,16,22,16584.193319678492,17678.46886626755,1094.2755465890586
11,12,22,16755.5889004017,16952.3725994095,196.78369900779944
12,12,8,17808.63163118154,16882.900085830202,925.7315453513365
12,18,22,17068.488498539424,17501.64704799159,433.1585494521678
12,20,20,17400.11514599175,16567.95053563359,832.1646103581588
11,11,11,16442.76373626719,16610.111072366413,167.34733609922478
12,13,19,18319.189819470397,16714.247488097473,1604.942331372924
12,4,14,18093.753172595596,16757.552802053742,1336.2003705418538
12,15,20,18653.906552783064,16758.3762020496,1895.5303507334647
12,13,6,14161.859069387006,13417.695600103318,744.1634692836888
11,23,13,16462.09735091972,14602.851718335276,1859.245632584445
12,23,4,12322.13151596498,13686.884735179041,1364.7532192140607
12,9,10,16637.814870371443,16450.998429685307,186.81644068613605
12,5,2,13770.974518468338,13855.433258359508,84.4587398911699
12,14,21,18584.348244961227,17032.858661873244,1551.4895830879832
12,20,4,16019.914356589656,17788.77513667428,1768.8607800846257
12,20,8,17058.689380417374,15288.06552068448,1770.6238597328938
12,17,18,18024.968751963403,16912.277600095487,1112.6911518679153
12,16,6,18046.23001305141,21014.828067167735,2968.5980541163262
12,4,10,16791.485894430076,16747.346424962278,44.139469467798335
11,6,15,13569.60722463473,16590.586867997565,3020.9796433628344
12,5,2,15937.771144900018,13149.127714293649,2788.6434306063693
12,1,2,13860.053773194262,13998.81637882685,138.76260563258802
11,19,21,16648.33468264662,15476.586801711986,1171.7478809346321
12,3,16,19036.588055771954,18024.52138918675,1012.0666665852041
12,25,3,13686.115562532032,12482.031882022387,1204.0836805096442
12,2,23,16879.75626988814,17224.169778769417,344.41350888127636
11,10,23,15812.585449858816,17119.873734817254,1307.2882849584385
12,22,16,18384.61334313393,17938.118597112734,446.49474602119517
12,25,20,17352.276345170194,16204.143651903634,1148.1326932665597
11,22,9,16356.098171559986,14883.05325437217,1473.0449171878172
11,14,12,18427.914665290675,17460.07051853794,967.8441467527336
12,21,4,12506.003616345462,13497.47858962463,991.4749732791679
12,25,13,16494.489411119495,14696.922538471112,1797.5668726483837
12,10,18,18659.01645884571,16711.354028505277,1947.6624303404315
11,26,20,16754.473279792488,16158.362273701618,596.1110060908704
12,4,3,15152.55251069414,13768.326107300916,1384.2264033932242
12,9,15,18310.226770277335,17292.56602539272,1017.6607448846153
12,11,6,11784.579684903696,13823.642029947732,2039.0623450440362
12,9,23,17453.00780051742,17965.56669063172,512.5588901143019
11,11,9,14434.83491716801,16756.901750329336,2322.066833161327
12,1,3,13895.30253028183,14121.087476751178,225.78494646934814
11,25,21,16953.216783144184,16799.26899462419,153.94778851999217
11,25,23,16633.66612430719,16851.858927043642,218.192802736452
12,22,7,12915.264693629895,13832.697240854148,917.4325472242526
12,23,5,15348.60852819909,16843.47684346907,1494.8683152699796
12,19,9,17489.805646804645,16856.512625209427,633.2930215952183
11,4,15,16327.272424543286,16977.783403831112,650.5109792878266
12,8,12,16718.823060437207,17232.022351916134,513.1992914789262
11,21,13,16175.636132936568,16384.94712503875,209.31099210218235
11,27,12,16495.63187323673,16084.89370072082,410.73817251590845
11,14,10,17071.20840346808,16048.430725009332,1022.7776784587495
11,6,14,14487.372303052894,16911.550657176333,2424.178354123438
11,26,9,16253.633435696527,16147.46202075141,106.17141494511634
12,6,5,14837.678567569965,12326.716116091911,2510.9624514780535
11,2,9,16205.556127119124,14137.076081822857,2068.4800452962663
11,22,13,13311.919329962027,15214.9090067273,1902.9896767652717
12,13,8,16480.07914724478,14874.619821905453,1605.4593253393286
11,25,12,14254.9651609034,16308.881838512456,2053.916677609055
12,19,10,17331.353382714504,16395.112518702193,936.2408640123103
12,15,8,16129.977202885271,16219.499727642777,89.52252475750538
11,8,10,15283.681004475848,14337.54551506973,946.1354894061169
12,13,18,18363.827617786777,16404.480553665355,1959.3470641214226
12,9,9,16839.471832006264,16886.0543543699,46.58252236363478
12,9,14,16461.036863837184,16095.080901592337,365.9559622448469
12,26,9,17329.570326681926,14749.306295397533,2580.2640312843923
12,10,4,13483.304922743931,13767.756115974518,284.4511932305868
12,1,18,18583.48016748526,17079.783541750436,1503.696625734825
11,14,12,16381.987695297295,16084.033201105925,297.95449419137003
12,24,14,16579.150396748162,19442.94854887803,2863.798152129868
12,13,15,16564.900975888213,16553.26333617813,11.637639710083022
11,22,23,17127.649556294364,17171.590993547146,43.941437252782634
12,17,7,13992.370599149095,14857.930745468104,865.5601463190087
12,3,1,14433.41438747263,13931.784134378717,501.6302530939138
12,20,9,16193.6223114629,14764.908412478591,1428.713898984308
11,8,11,16039.015357300914,13883.144995103545,2155.870362197369
12,10,9,16059.379131344136,16435.93100109821,376.5518697540756
12,6,2,14233.627575558176,12659.537397157503,1574.0901784006728
11,5,14,16328.727711323716,16528.792070577412,200.06435925369624
11,19,13,16005.012585152814,16748.641842356243,743.629257203429
11,8,8,16755.687589032914,14358.19156709686,2397.4960219360546
11,16,23,16734.289002229445,15995.761076923889,738.527925305556
12,14,10,16841.837604800603,14854.376758196831,1987.4608466037716
12,5,9,17749.8181813078,16478.151532039006,1271.6666492687946
11,3,23,15361.736581793708,17531.646068525137,2169.909486731429
12,23,0,13974.823475285571,13924.868027147897,49.955448137674466
11,2,21,14863.044112109576,16675.01256066908,1811.9684485595062
12,15,20,17438.176781758517,17365.456287484543,72.7204942739736
12,11,7,14715.887457317156,15529.498320886618,813.6108635694618
12,22,13,16487.417770189335,16411.443725398214,75.97404479112083
12,1,14,16605.687686700458,17021.536542243513,415.84885554305583
12,13,11,17773.686373036286,15762.792398789521,2010.8939742467646
11,10,11,17452.332212737914,16275.778579266042,1176.5536334718727
11,13,14,15696.931934677314,17072.686473887105,1375.754539209791
12,5,17,17682.220067533017,17886.632286904627,204.41221937161026
12,5,7,14437.41503630142,15634.352807231255,1196.937770929835
12,8,5,13969.26538395356,14106.8227884441,137.55740449054065
12,26,20,16897.0652963296,16131.17664025039,765.8886560792107
12,26,22,16959.89077661281,16044.748209786054,915.1425668267566
12,26,10,15791.623338353478,14208.216691265816,1583.4066470876623
11,15,11,17095.031449945698,14940.392478303862,2154.638971641836
12,23,1,13290.904933562391,14196.625757452259,905.7208238898675
12,4,16,18663.674585270142,17600.37331107101,1063.3012741991333
12,21,22,17052.40069918061,16629.515113187765,422.8855859928444
12,25,9,17459.18476283245,14512.865488174191,2946.319274658259
12,5,3,14489.997188783827,13673.20904260466,816.7881461791676
12,18,5,13674.048043905665,13745.839427923307,71.79138401764249
12,11,0,13923.297280914494,13457.471300500878,465.825980413616
12,14,17,19267.93209872308,17688.303266644623,1579.6288320784552
12,7,17,19398.623027533125,16738.49915152474,2660.123876008387
12,7,0,13722.792564383724,12751.223769704753,971.5687946789712
12,1,22,18046.35208821159,17478.13152661042,568.2205616011706
12,23,2,14636.393307637283,13298.818775363283,1337.5745322740004
12,6,20,16720.174872872347,15736.708155535065,983.4667173372818
12,3,4,14717.76068398589,15298.476192885837,580.7155088999461
11,27,15,14483.755715030617,17594.58285918404,3110.8271441534234
12,15,2,13629.508324003387,13550.06651422133,79.44180978205804
11,16,13,16558.768386224314,15212.140947021555,1346.627439202759
12,17,20,17121.027807484843,16790.709179885453,330.3186275993903
12,7,0,14575.856833109296,13089.699810681916,1486.15702242738
12,20,6,14464.459867030424,13935.657889778475,528.8019772519492
12,25,11,17322.171561853214,15268.066277414438,2054.105284438776
12,12,12,16607.753413634302,16488.715745408612,119.03766822569014
12,12,5,13691.60567248584,13837.838657349283,146.23298486344174
12,26,6,13484.427923892614,12719.557524026388,764.8703998662259
12,23,12,16545.281635105515,16671.295811614167,126.01417650865187
12,27,23,17552.86309200425,16873.175823756814,679.687268247435
11,18,23,17199.018401362282,16535.906028305235,663.1123730570471
11,17,15,16514.509215397833,16806.732891341948,292.2236759441148
11,11,20,18020.709553974037,15970.328104716275,2050.381449257762
12,4,21,17919.52966111427,17402.944521333,516.5851397812694
12,22,0,14768.957167389395,13467.68877580573,1301.268391583666
12,16,16,17233.07343129572,17318.3529503686,85.27951907287934
12,11,16,17874.81821759125,16963.32736479256,911.4908527986918
11,17,10,15469.711294903034,16160.767923166444,691.05662826341
11,1,15,15062.668993044954,14605.65881809845,457.01017494650296
11,2,15,16967.433334401787,14819.105352560962,2148.3279818408246
12,14,19,17484.23121755991,15867.188531027406,1617.0426865325044
12,25,11,17829.921587056888,14333.759444694419,3496.1621423624692
12,23,14,17316.04671805188,16666.988817868958,649.057900182921
11,21,15,18696.56241316256,18569.85013096567,126.71228219688783
12,6,3,13701.701264919137,12868.50012229319,833.2011426259469
12,22,10,17411.037879567673,16430.624801195223,980.4130783724504
12,24,7,14432.27012201136,13972.696011122522,459.5741108888378
12,25,19,16191.706640306324,14670.114991177077,1521.5916491292464
11,25,10,17307.449398443114,18132.11894995833,824.6695515152169
12,16,18,16739.455717764075,15971.198868482981,768.2568492810933
12,19,22,16242.759096430726,17070.317515265957,827.5584188352314
12,8,23,16830.929206095363,16549.40864293144,281.5205631639219
12,21,11,16150.349072699124,14933.809543918544,1216.5395287805804
12,19,20,17045.601701937,17231.692545429774,186.09084349277327
12,8,1,14317.90538567398,13737.459624516387,580.4457611575926
12,9,6,13334.658124289112,12789.713916644754,544.9442076443574
12,18,22,17283.57116398702,17711.575728709704,428.0045647226834
12,5,2,13542.876754041008,13307.359784368795,235.51696967221324
11,7,15,16126.030889767431,17189.905752966748,1063.8748631993167
11,8,9,14510.38517579488,13835.130906060262,675.254269734618
12,25,11,17343.933590693323,15492.206218680116,1851.727372013207
11,23,8,16181.786406615302,13956.733934767537,2225.0524718477645
11,1,21,16642.33992986129,15962.994382090543,679.3455477707466
11,8,11,14993.273945792678,14409.514444286355,583.7595015063234
12,10,13,17237.867193617276,16843.81349053353,394.0537030837477
12,10,22,17662.962914135504,17724.21807462656,61.255160491054994
12,21,8,14917.906912675107,14532.955424571715,384.95148810339197
12,14,9,17317.620144358538,14884.920034618977,2432.7001097395605
12,11,13,17488.89651349297,17945.32077803768,456.4242645447084
12,21,6,14495.025864801071,13081.524723015207,1413.501141785864
12,19,19,16284.530445852855,15737.239817544627,547.2906283082284
11,27,11,15415.647626848277,16051.919926947026,636.2723000987498
12,27,11,16740.597825757843,14790.798221972991,1949.7996037848516
12,15,8,16600.22485773284,16251.181269534442,349.04358819839763
11,8,11,16733.202400088725,16204.269687598538,528.9327124901865
11,15,21,17193.0,15602.2156621747,1590.7843378253
12,12,3,14188.540456309069,14095.595734526883,92.9447217821853
12,7,19,18335.918641867567,15731.303777484787,2604.61486438278
12,14,14,16585.52972131129,15054.532780449877,1530.9969408614124
12,9,16,18359.875678553348,17180.218394136406,1179.6572844169423
12,4,17,17583.24779978744,17258.812481086887,324.4353187005545
11,9,22,16623.57904992697,15913.945419783233,709.6336301437386
12,5,14,16636.646273896124,16642.669009274567,6.022735378443031
11,22,9,16764.25900821485,15557.09096788798,1207.1680403268692
11,21,8,15318.528191762874,15681.327043555102,362.79885179222765
12,8,19,16184.52551925454,15323.747641237995,860.7778780165445
12,6,3,13530.36083077794,13728.980538712905,198.61970793496585
12,22,16,16920.802032665943,17079.769070586128,158.96703792018525
12,23,14,16482.53937895668,17134.378214238568,651.8388352818874
12,14,22,17451.75986594339,17519.174930750716,67.41506480732642
12,13,14,17517.61933609486,15789.370461414948,1728.2488746799118
12,5,14,18057.278147774236,17270.86851908449,786.4096286897438
12,16,18,17871.49404182132,16245.77527361628,1625.718768205039
11,15,21,15433.00593431636,14366.53198467022,1066.4739496461389
11,18,20,17017.271903084715,16109.290412490343,907.9814905943713
12,15,6,12707.262068661585,14252.5986148672,1545.3365462056154
12,2,1,14796.206102885377,13606.77885885808,1189.4272440272962
11,2,14,14618.83066405358,15247.923986734631,629.0933226810521
12,11,16,18045.85171063041,18323.806335852674,277.95462522226444
12,4,20,16937.686960009327,16584.68833824448,352.9986217648475
12,23,20,17011.691835716887,16565.721513317123,445.970322399764
12,12,12,16896.290593847203,16687.940009234982,208.3505846122207
12,16,5,13549.26914094678,13464.840463891516,84.42867705526442
12,9,10,15403.000246448744,16139.975845638848,736.9755991901038
11,10,22,16646.20486851956,16488.69934924542,157.50551927413835
12,7,22,16820.651517164777,16672.49699796523,148.15451919954648
11,16,11,16734.6597756553,14018.481485650065,2716.178290005233
11,2,10,17093.695262454192,14110.881778173012,2982.8134842811796
12,27,15,16533.197423458274,15185.201163585787,1347.996259872487
12,4,13,16575.294394307322,16628.104993240915,52.8105989335927
12,20,16,17804.54540031509,16058.188010187325,1746.3573901277668
12,8,12,17518.968474981215,16116.919550335748,1402.0489246454672
12,27,19,17675.124982096255,16265.749561826105,1409.3754202701493
12,14,18,16192.878393821638,15301.204493141864,891.6739006797743
12,26,13,16630.88271122127,14512.465605809308,2118.4171054119633
12,5,21,16940.674064435847,17103.23693108411,162.56286664826257
11,6,8,16782.835703190663,15410.325185195346,1372.510517995317
11,21,11,15107.727544970916,16332.57985989789,1224.852314926975
11,24,12,16873.105026337635,16604.059563700073,269.0454626375613
12,15,21,16929.524369573937,17127.397038268446,197.87266869450832
12,5,14,16561.947344488664,18326.25466367185,1764.3073191831863
12,11,12,15618.08017794944,17474.808939247498,1856.728761298058
11,11,13,12832.488486830143,14717.973435169819,1885.4849483396756
12,16,17,17616.3896601268,18093.095670689923,476.70601056312444
12,12,0,13972.56806361479,13064.041316332381,908.5267472824089
12,27,22,17335.53204840622,17560.07855951112,224.54651110489795
12,19,17,16759.75119738642,16530.714122220386,229.0370751660339
11,14,13,13080.125820453308,14778.881781061027,1698.7559606077193
12,4,10,15943.086712744029,16463.23170590526,520.1449931612296
12,6,3,14819.670903211796,13502.96034599562,1316.7105572161763
11,20,9,16976.557227596575,16043.27326393375,933.283963662825
12,21,15,17248.908880332074,16152.996472277777,1095.912408054297
11,21,15,16897.961846989747,16692.771116075604,205.19073091414248
12,14,4,13617.03683145418,13293.430682090888,323.6061493632915
11,5,22,17193.0,17042.61932042922,150.38067957077874
11,6,10,16071.526798745685,16033.638605167505,37.8881935781792
12,14,7,14504.901863079303,12939.787051864587,1565.1148112147166
12,13,7,13433.434421923444,13608.956955042862,175.52253311941786
12,5,7,12069.777983224008,14443.27042142321,2373.4924381992023
12,21,20,16094.619249052195,16290.665897839259,196.04664878706353
12,4,13,16648.605720928444,16904.158903589643,255.55318266119866
11,8,9,15802.088564946922,13951.61608428566,1850.4724806612612
11,16,8,16305.75390840573,13926.62666100508,2379.127247400649
11,15,20,16382.840555089357,15339.740033059257,1043.1005220300995
11,22,14,16284.437878204022,15093.47243167769,1190.965446526332
12,25,21,17085.198120059184,15752.397322616742,1332.8007974424418
12,13,10,17158.348837635025,14768.240773213456,2390.108064421569
12,13,23,17508.603736239053,16937.669119398404,570.9346168406482
12,10,10,16168.40650481333,16088.2865795522,80.11992526113136
11,23,21,15960.844169708926,15818.160169803716,142.68399990520993
11,15,21,16392.892236417796,16029.99463867533,362.8975977424652
12,22,6,13766.222660154386,13700.90029984052,65.32236031386674
12,21,15,17264.243638757336,15407.48616776452,1856.7574709928158
12,21,1,13973.105481473973,12876.178929872061,1096.9265516019113
11,27,20,16232.279719679967,16272.356890665244,40.0771709852761
11,1,14,15114.877229229449,15077.347838408285,37.52939082116427
12,7,19,18105.363082864587,15939.251496069686,2166.111586794901
12,8,23,17195.0342486816,17538.740620508383,343.70637182678183
12,14,16,16477.587487184886,15067.244532833602,1410.3429543512848
12,11,12,16499.065894369458,16752.626151676657,253.5602573071992
11,6,11,17299.0,16000.636724319727,1298.3632756802726
12,11,18,18848.418553271673,17270.632470279128,1577.7860829925448
12,2,2,14319.728399803127,14155.84726733459,163.88113246853754
11,11,10,14148.243686294833,15764.988960059483,1616.7452737646508
11,4,23,16812.66855789632,17003.86948897451,191.20093107819048
12,16,3,13533.507824531427,13828.000304638581,294.4924801071538
12,19,12,16530.42874677613,16813.835380051005,283.40663327487346
12,27,20,17267.43260465976,16304.971096520107,962.4615081396532
11,9,22,16808.768265817424,16141.181731845918,667.5865339715056
12,25,16,17952.57820006018,15424.044920195087,2528.5332798650925
11,12,21,16742.929797449728,16709.63125064176,33.298546807967796
12,4,18,18052.330227420924,16870.98286429673,1181.347363124194
12,14,7,14415.987823810709,14634.180410593319,218.1925867826103
12,23,7,11884.798065741195,13306.866268833655,1422.06820309246
12,6,1,13973.371953176073,13271.66839775105,701.7035554250233
12,7,1,13454.675495697156,13207.37547524636,247.3000204507971
12,5,15,16814.35380565048,16923.77137473232,109.41756908184107
12,14,0,14173.049804218175,13199.94319123241,973.1066129857645
11,1,9,16693.931516131775,14407.530267448543,2286.4012486832326
11,3,8,16157.320690224791,15879.359907959742,277.9607822650487
12,19,17,18721.638509947137,16066.452092897785,2655.186417049352
12,11,4,14191.655331267217,14610.310482522687,418.6551512554706
11,23,12,16705.23011858385,15446.552510011084,1258.677608572767
12,27,14,16580.381871628357,14947.366829289189,1633.0150423391678
12,10,19,18255.37433426677,15881.491146750144,2373.883187516625
12,9,5,14543.28569040727,13263.458533054785,1279.8271573524853
12,10,6,15354.502869154116,16954.211012990603,1599.7081438364876
11,6,20,16297.940709993549,16818.65543777434,520.7147277807926
11,20,11,17108.164113598836,16349.835249194264,758.3288644045715
11,6,21,16638.93825251831,16909.13853033055,270.20027781224053
12,1,22,17007.451067537564,17181.766120405424,174.31505286785978
12,5,4,14835.983796317796,15840.72974654337,1004.7459502255733
12,2,23,19223.09314161202,16653.354404926475,2569.7387366855437
12,19,22,17441.818781806593,18016.788328465725,574.9695466591329
11,22,10,14111.432368495058,14348.990976387127,237.55860789206963
12,18,9,16205.72543698866,16054.097386291132,151.62805069752721
11,13,10,15021.839460633446,16047.195232006252,1025.355771372806
11,15,11,17631.240228341085,14651.61753524111,2979.6226930999746
11,19,22,17041.052913829746,16075.365543844968,965.6873699847783
11,19,21,17159.117414933313,16733.994476851876,425.1229380814366
12,11,20,16068.459437134925,16690.696827894262,622.2373907593374
12,10,4,13972.313794635582,13555.06093364679,417.25286098879224
12,1,20,18689.998315094603,17561.606143216603,1128.3921718780002
11,2,9,12839.234723956422,14371.520640227725,1532.285916271303
12,27,5,14107.868153733,13970.012439658953,137.85571407404677
12,2,9,15757.139792860007,16063.360747627084,306.2209547670773
12,18,17,18320.304580022887,17747.817215348925,572.4873646739616
11,6,15,17371.375073568954,18264.75468765466,893.3796140857048
12,4,23,17299.537385410596,17404.062572011324,104.52518660072747
11,17,15,15578.924576886851,17416.016536431845,1837.091959544994
12,6,11,16006.75625721188,14982.989917093471,1023.7663401184091
12,9,8,16193.268730651034,17099.25892061422,905.9901899631841
12,22,1,14812.861458369902,13243.614668335487,1569.2467900344145
12,19,11,17409.212540853146,17214.68749046919,194.5250503839561
11,16,12,14921.293753760196,14713.901609070408,207.39214468978753
11,1,8,14717.867537328772,14332.747242724814,385.1202946039575
11,6,8,16223.98455964596,15672.053823268776,551.9307363771841
11,22,12,15751.421538803232,15431.084875156661,320.33666364657074
12,17,5,15099.85334416005,16030.007943448632,930.1545992885822
12,22,14,16588.50688811245,16717.309834886222,128.80294677377242
11,5,13,16754.36838128596,15999.10657409001,755.2618071959496
12,8,4,12433.09549652804,12829.414279136969,396.3187826089288
12,3,1,13559.083090073918,14123.018034669873,563.9349445959542
12,14,23,17226.976468416793,17227.294582085287,0.318113668494334
12,5,14,16664.164357468184,16689.842360353323,25.678002885138994
11,25,22,16796.869727151417,16554.88382756761,241.98589958380762
11,15,23,16390.932571035464,15771.182340122285,619.7502309131796
12,17,12,15760.091921433454,16910.42251348806,1150.3305920546081
11,8,9,15684.11795729082,14793.12850032684,890.98945696398
11,5,12,15808.052109373712,16365.398213938166,557.3461045644544
12,26,21,16103.974367536634,15864.232793179435,239.74157435719826
12,2,1,14792.95206283966,13644.741138006535,1148.2109248331253
11,26,12,14627.313459712655,16945.740578596975,2318.4271188843195
11,1,15,16631.105716473932,14750.70266813014,1880.4030483437928
12,16,21,16675.411085781416,16805.776478954427,130.3653931730114
12,17,5,12434.271993984788,13280.894484857346,846.622490872558
11,22,11,17250.911205490695,14408.805809290967,2842.1053961997277
12,24,3,14903.297235440798,13750.278300890646,1153.0189345501512
12,18,23,17410.76133139895,17759.818188536505,349.0568571375552
12,13,11,16738.495332102873,15217.340039649958,1521.155292452915
12,1,8,16541.090715655497,16788.477134985602,247.38641933010513
12,15,7,14212.940450107097,15049.292447499149,836.351997392052
12,21,13,16449.554349887996,15067.546196378533,1382.0081535094632
12,7,17,14896.804031233783,14295.235011578456,601.5690196553278
11,26,23,16725.142844273145,17035.75469953692,310.6118552637745
12,9,17,16950.031873367487,16509.995860685052,440.0360126824344
12,9,17,17605.333370376706,17821.38276843089,216.04939805418326
12,16,12,16784.287796804456,16758.42567310935,25.862123695107584
12,13,8,15818.17093759886,14396.09936662112,1422.0715709777396
12,18,6,13056.565067681027,13370.399004956913,313.83393727588555
11,1,20,16858.89529910238,15915.08613091854,943.8091681838396
12,15,16,17592.036281543653,17501.229360242138,90.8069213015151
12,20,6,16374.640970027564,17196.211969743756,821.5709997161921
11,16,21,16705.038845141557,15396.926833550764,1308.1120115907925
12,6,19,16721.69506423411,15985.738306747267,735.9567574868433
12,17,12,17645.881963317308,17043.95122894147,601.9307343758373
12,26,12,19503.37361715227,16933.55437526623,2569.819241886038
11,11,22,15489.358660124222,15960.539915697143,471.18125557292115
11,20,8,16259.826518250096,15354.442065789133,905.3844524609631
11,5,22,15384.34451151652,17207.742769298144,1823.3982577816241
12,17,23,17625.729877290123,18249.553661878417,623.8237845882941
12,2,10,17888.226884199536,16067.259447148157,1820.9674370513785
12,12,3,13195.199016316932,14504.478098971915,1309.2790826549826
11,15,13,13589.805963447196,13912.003560045996,322.1975965988004
11,19,20,17625.125694795468,16612.49127476815,1012.6344200273197
12,1,2,13385.50929845552,13728.521798779151,343.0125003236317
11,21,8,17507.50546084082,15339.893289425696,2167.612171415125
12,9,14,16620.115592618095,16757.40823911425,137.29264649615652
12,25,16,17334.589834572205,15244.234634608953,2090.3551999632527
11,26,10,15783.38926133038,16221.150383681916,437.76112235153596
12,20,16,19697.50861918982,17571.479650439054,2126.0289687507648
12,8,12,16306.53438141938,18303.421380231608,1996.8869988122278
11,21,10,16444.463403099257,15373.778209709104,1070.6851933901526
12,15,8,16842.762641240348,16039.778053381515,802.984587858833
11,22,22,16400.022605660928,16053.417313030259,346.6052926306693
12,14,9,17630.30048743862,14776.886486003432,2853.4140014351888
11,5,23,16397.566987737584,16752.291544751934,354.72455701434956
11,5,11,16443.151410944767,16479.898470222557,36.74705927778996
12,19,10,16776.988210433778,16847.637859214392,70.64964878061437
11,15,11,13883.42588908384,14268.710533671234,385.2846445873947
12,9,3,13394.125875626356,14402.42116900991,1008.2952933835531
12,26,10,16734.105002095068,14896.274951715148,1837.83005037992
12,10,4,13693.0,13838.495867237509,145.49586723750872
12,17,8,17156.14477212511,16010.211599758044,1145.9331723670657
12,3,10,16678.192303504955,16772.38135603405,94.18905252909462
12,9,22,19598.414719700533,17609.825190999112,1988.589528701421
11,15,8,17467.222136599106,14227.359487111484,3239.8626494876225
11,25,11,17518.91076787657,16421.690851733514,1097.2199161430544
12,2,23,19124.956945839924,17571.497200366208,1553.4597454737159
12,21,18,18376.57349095446,15494.56184140617,2882.011649548289
11,7,15,14211.90045062355,15189.947066125884,978.0466155023332
12,5,3,14607.956612443006,14103.567315073102,504.38929736990394
12,3,20,18571.704474462047,17546.85965280933,1024.8448216527177
11,25,8,16612.369879299706,16438.570161898293,173.79971740141264
12,21,17,17077.040104547214,14900.775624932334,2176.2644796148797
12,20,2,13842.372095002322,13422.718086957591,419.6540080447303
11,5,13,16566.447884657704,17398.41130401526,831.9634193575548
11,13,11,14980.017243132774,16315.817811502942,1335.8005683701685
12,26,10,17478.326192659424,14413.916189216267,3064.4100034431576
11,19,14,15692.13283477562,17621.607609000737,1929.4747742251166
12,17,14,16432.0228606506,16852.743027259687,420.72016660908776
12,19,4,13450.57600433574,13552.943514588707,102.3675102529669
12,8,17,17818.021406734446,17932.577901214107,114.55649447966061
12,27,3,13008.338367660008,12788.163112291813,220.17525536819448
12,23,21,17430.924174155876,17351.93528960051,78.98888455536508
12,3,0,13874.548612818004,13487.505034058486,387.0435787595179
11,6,15,16601.401782809407,16761.925787168777,160.52400435936943
12,16,18,17914.668753602204,16951.540241936324,963.1285116658801
12,16,20,18543.099717698035,17009.07462460157,1534.0250930964648
12,15,0,14553.568670082304,13688.836218546936,864.7324515353685
12,12,20,15690.906199973166,16735.64372602194,1044.7375260487734
12,18,3,12954.444873121543,13299.999804079367,345.5549309578237
12,12,22,17092.750037926744,16557.37854782699,535.3714900997547
12,10,16,17238.990864603737,17611.859074756157,372.86821015242094
12,16,11,17548.875161595988,17345.558227157275,203.31693443871336
11,1,10,18041.196056015368,15609.086809140688,2432.1092468746792
12,25,0,12976.687651682238,12561.027915668743,415.6597360134947
12,21,8,15229.757392625706,13925.260991996534,1304.496400629172
12,7,11,15956.405748822586,15108.914471268945,847.4912775536413
12,27,1,13830.09856922071,13518.602059235407,311.4965099853034
12,21,16,17844.94778677984,15605.399343345673,2239.548443434169
11,12,12,17462.14859410716,16202.61644033849,1259.5321537686686
12,21,2,14171.808203310413,13310.191756362863,861.6164469475498
12,15,4,14714.54686735895,14455.380110292192,259.1667570667578
11,24,12,16852.682338593728,16310.472029080334,542.2103095133934
12,24,2,14156.837882325231,13271.923486609934,884.9143957152974
11,25,22,17148.19725745866,16206.590466118352,941.6067913403094
11,20,11,14325.590563555712,15832.310948133898,1506.720384578186
12,23,22,19189.17219019915,17366.467121364745,1822.7050688344061
12,20,17,17872.282881910578,16176.570041221365,1695.7128406892134
12,4,13,15613.917373608005,17437.761703856195,1823.84433024819
12,6,15,16594.28881867864,15899.51714682875,694.7716718498905
11,3,21,14737.958963630284,16465.388459670565,1727.4294960402804
12,16,4,13483.114727158318,14006.139660138431,523.0249329801136
12,23,7,12687.13026876942,14274.866224654248,1587.7359558848275
12,15,15,16668.74209832453,17087.30646148411,418.56436315958126
12,16,11,16845.65600654069,16195.356701406625,650.2993051340636
12,27,4,13699.012089114996,13195.061574003426,503.95051511157
12,22,4,14160.822792010353,13565.55477557588,595.2680164344729
12,1,2,13478.857771927358,13467.312562084659,11.545209842699478
12,16,5,13925.298213911816,14466.09701990375,540.7988059919335
12,21,23,17409.3409541377,16860.21100829391,549.1299458437898
12,23,13,16582.57460845619,16520.175261972854,62.39934648333656
12,20,22,17067.20814546385,16716.877818718574,350.33032674527567
12,1,17,18279.75116013714,17632.593408832152,647.1577513049888
12,27,15,17801.616685221936,15613.241782573952,2188.3749026479836
12,13,22,17285.593595720915,17361.35284151966,75.75924579874481
11,23,9,17894.13189163477,14241.854593035327,3652.2772985994434
12,14,14,18054.895072869927,15791.08157761657,2263.8134952533583
11,4,14,17641.991401875,17872.719033899408,230.7276320244091
12,16,18,17328.368810749576,16349.409336281968,978.9594744676087
11,27,8,16138.974468742736,15868.952848205687,270.0216205370489
11,6,14,17140.406712024123,17259.900845886557,119.49413386243396
12,24,11,16467.684849314053,16399.059400022154,68.62544929189971
11,18,10,16605.895419527762,15854.737304085647,751.1581154421146
12,16,11,14607.960079065,16861.699596851027,2253.739517786027
12,7,3,14696.698841963376,13190.020584298758,1506.6782576646183
12,27,7,13393.119703310778,13650.344694605532,257.22499129475364
12,8,19,18654.83095475555,17177.578169425728,1477.2527853298234
12,21,19,17635.811172480346,16168.293939284213,1467.517233196133
12,27,2,13808.646309316971,13472.231725975409,336.4145833415623
11,22,8,16253.61611297901,14148.085540384334,2105.5305725946764
12,18,6,14613.290079151717,14931.435941755337,318.1458626036201
12,15,12,16480.901029975415,18319.165942840464,1838.2649128650482
11,8,15,14626.814314898616,14808.41774445001,181.60342955139276
12,8,21,18058.535941926144,17570.082720963594,488.4532209625504
12,2,2,12921.321137515635,14564.855253819711,1643.5341163040757
11,12,9,17047.67608488453,18979.882045944254,1932.2059610597244
12,9,4,13258.34533151356,13387.785697028688,129.4403655151291
12,21,23,18565.089575635295,16887.61355158687,1677.4760240484247
12,5,4,13494.009043917202,12844.672988553728,649.3360553634739
12,27,10,17746.871682484805,15707.7338325604,2039.1378499244056
12,20,11,17798.396664146538,16133.124330032837,1665.2723341137007
11,22,20,17544.0419046964,15021.181636543137,2522.8602681532648
12,23,4,12664.560362446537,14090.903303937925,1426.342941491388
12,3,23,17613.81958597807,18146.17634933799,532.3567633599196
12,13,16,16800.324727236148,15105.022276788543,1695.3024504476052
12,15,8,17502.154000079394,16771.847972229254,730.3060278501398
12,21,16,18702.383563445343,15871.431791283454,2830.9517721618886
12,11,8,16069.243523076304,16156.90722086932,87.66369779301567
11,5,21,16736.319029528022,16364.404022313358,371.915007214664
12,12,11,16711.53451423266,16691.913732908888,19.620781323770643
11,26,14,16607.096750881727,17299.086964538863,691.9902136571363
12,2,7,13685.165915653395,14090.848680820247,405.6827651668518
11,18,23,15474.5989830732,16193.055158421315,718.4561753481157
12,23,15,16718.23344032727,17493.19485282118,774.9614124939108
12,20,16,18700.896609468517,16030.12046592637,2670.776143542147
12,25,0,12975.189062539306,13104.524620850709,129.33555831140256
11,14,20,16074.029433328558,16391.687977577003,317.65854424844474
12,11,5,14529.821444973411,15564.385050996549,1034.5636060231373
11,26,8,16454.585369250726,16089.595323282892,364.9900459678338
12,9,0,13690.07884510627,13567.500219672245,122.57862543402553
11,6,22,16003.344372141151,16766.111959302223,762.7675871610718
12,14,8,17761.806827367673,14845.809105764369,2915.997721603304
11,16,9,15117.493649308515,14553.16059321711,564.3330560914055
12,19,1,14735.682748037369,13572.753077698966,1162.9296703384025
12,16,16,17852.797339430454,17097.72725929236,755.0700801380954
11,22,21,16134.71731547614,16260.393387956643,125.67607248050263
12,9,10,16842.46938416694,16719.08518225732,123.38420190961915
12,11,22,17310.588278490508,18090.92428860212,780.3360101116123
11,3,9,16167.733379782612,15955.246209440213,212.48717034239962
12,16,9,16469.314433715634,16910.80996048788,441.4955267722471
12,15,7,16654.132726809312,20669.281302653384,4015.148575844072
12,6,5,12434.547721300476,13452.584007567453,1018.0362862669772
11,7,21,17193.0,16987.42894351996,205.57105648003926
11,2,9,16180.581217446506,14744.93668776914,1435.6445296773672
12,12,14,16533.645672150415,16773.949428379055,240.30375622864085
11,20,21,14785.757138960103,17229.432938506365,2443.6757995462613
12,26,0,13547.388073408052,11968.344746205741,1579.043327202311
11,12,8,16671.00553569355,15512.293743224129,1158.711792469423
11,14,23,16812.632405272027,16974.675687384555,162.0432821125287
11,4,8,16699.732853818117,15822.627422553884,877.1054312642336
12,16,19,16121.40144923959,15930.674116308055,190.72733293153578
12,22,19,17060.63329264043,16562.55169740521,498.0815952352168
12,21,5,14328.423083971036,13064.571575001206,1263.8515089698303
12,25,4,13285.391284586656,12688.285330462006,597.1059541246505
11,20,20,16744.620117733026,15796.553961369296,948.0661563637295
12,22,16,18778.82557662228,18041.800152981865,737.0254236404144
12,17,0,15620.269022413897,13438.616302156588,2181.652720257309
12,27,0,13527.32220401263,12988.886704257142,538.4354997554874
12,17,17,18214.934242744584,17193.44795941083,1021.4862833337538
11,17,22,14733.92224488356,17887.061186753268,3153.138941869707
11,20,11,16896.18780934672,16150.811364895268,745.3764444514527
12,21,10,17474.25576931725,15296.201667455103,2178.054101862146
11,6,12,16521.833630767305,15777.123938320068,744.7096924472371
11,21,14,16352.75259736053,16943.628798787915,590.8762014273852
11,9,13,15611.944467504276,15155.15138848668,456.793079017596
12,15,16,18373.556751394863,17174.811627085986,1198.7451243088763
11,20,10,17279.754672311177,16372.878847307678,906.8758250034989
12,5,13,16562.596186522565,16662.41678750876,99.82060098619331
12,22,11,16476.344266723612,16824.726796922816,348.38253019920376
11,26,14,14111.969825158963,16053.024474060461,1941.0546489014978
12,2,3,13554.440310291677,14133.863736860032,579.4234265683554
11,11,12,16962.955577961373,16493.333016380035,469.62256158133823
11,2,23,16025.187963933922,15933.30532453759,91.8826393963318
11,27,23,16394.8323349995,17503.24123392526,1108.408898925758
11,24,11,16831.66024675371,16204.835029295722,626.8252174579866
11,15,22,17163.264506368836,16841.10994781868,322.15455855015534
12,22,6,14605.5319133194,16193.823835269706,1588.2919219503056
12,12,5,14161.925218305249,13616.506649451598,545.4185688536509
12,18,11,15959.424908838237,16518.51945139848,559.0945425602422
12,7,0,15109.963519263694,13156.849131928046,1953.1143873356486
12,26,5,13693.0,13227.094822013436,465.905177986564
12,20,1,15276.587527471627,12926.21993364279,2350.367593828838
12,19,8,17755.930195213165,16558.468428373857,1197.4617668393075
12,1,23,17180.84060962096,17086.828355029545,94.01225459141278
12,9,12,17513.332844960903,16991.49620962771,521.8366353331949
12,1,2,15338.748390413331,13532.8984055176,1805.8499848957308
12,14,20,17515.53166801983,16988.846306748266,526.685361271564
11,22,9,16133.733262811244,14878.820758626327,1254.9125041849165
12,26,2,13320.315733447042,12954.410602072938,365.9051313741038
12,5,0,16474.936505087364,13101.22386954551,3373.712635541853
11,15,8,15355.196807506483,14429.654225493296,925.5425820131877
12,25,3,14233.346262541423,13109.449899493366,1123.8963630480575
11,20,22,16402.225818109666,16469.27923322542,67.05341511575534
12,14,10,15195.541475427272,15290.638091421197,95.0966159939253
12,12,2,14964.791314022506,13566.925200523454,1397.8661134990525
12,6,22,17438.414950595838,16695.259137409845,743.1558131859929
11,7,22,16605.129998956367,16704.325419597142,99.19542064077541
11,9,8,12893.572287525818,13957.027950669411,1063.4556631435935
11,17,22,16562.702158075517,16924.0969789378,361.39482086228236
12,22,3,13478.606241548025,14608.844211458661,1130.2379699106368
12,24,14,16374.983869203605,16617.838396099858,242.85452689625345
11,22,11,15329.585926934904,14663.047280000492,666.5386469344121
12,2,23,19061.705464729712,18047.95683582939,1013.7486289003209
12,9,0,13780.89675448944,13190.020930720135,590.8758237693055
12,7,10,16789.541830860864,15230.324069588622,1559.2177612722426
12,17,5,14941.129835266293,16257.211730869181,1316.0818956028888
12,25,10,17323.418559028436,15275.40230462567,2048.016254402766
12,23,14,14525.444525680605,17954.697882530498,3429.253356849893
11,11,13,16307.18049779823,16726.05932185245,418.87882405421806
12,21,8,17287.06732107911,14883.474629507045,2403.5926915720647
12,26,18,17807.340188626968,15882.984674593912,1924.3555140330554
12,25,11,17798.733343165408,15434.59158138411,2364.1417617812986
11,11,12,15585.763448568723,16262.118074816752,676.3546262480286
12,13,12,17296.929448457347,16716.37430058144,580.555147875908
12,9,15,16664.38041643675,16856.799282299922,192.41886586317196
11,8,20,16761.55801622928,15687.944487041032,1073.6135291882474
12,24,0,14790.646274887273,13669.238499275423,1121.4077756118495
12,27,21,17421.60194764714,17164.725470841502,256.87647680563896
11,8,21,17661.477092424768,16930.507584163257,730.9695082615108
11,14,12,16596.39376360067,16046.801932763248,549.5918308374221
11,2,15,14471.395976236394,15266.21585581351,794.8198795771168
11,12,12,17142.7782435948,16641.424529422326,501.3537141724737
12,25,23,18605.22900633439,16615.756407638888,1989.4725986955018
12,16,6,14609.758371483744,15223.598788489438,613.8404170056947
12,5,18,17844.10592979494,16702.1419611198,1141.9639686751398
11,23,8,14135.834494847892,13946.38155690153,189.452937946362
12,20,18,19037.70772354704,16791.15480884106,2246.5529147059788
12,23,20,17353.915166831546,17492.227359757577,138.31219292603055
12,24,11,16481.696991707155,16272.976729847984,208.72026185917093
11,17,9,15912.954269917544,16385.27497860582,472.3207086882758
12,13,1,14721.297270215153,12993.01020181398,1728.2870684011723
12,1,5,14056.671200288118,14222.319305476372,165.6481051882547
12,3,2,14258.432159187769,13772.3872249471,486.0449342406682
11,11,10,14975.254170762915,16419.90307797163,1444.6489072087152
12,16,9,17663.229032649044,16246.230465876313,1416.9985667727306
12,8,17,18724.0,17472.648555948468,1251.3514440515319
12,26,22,17283.723405917583,16274.389889959999,1009.3335159575836
12,27,16,17073.351431158397,15837.757374490935,1235.5940566674617
11,23,10,18049.887783954782,15153.614997876006,2896.2727860787763
12,26,7,16389.86344621359,18582.360050151772,2192.4966039381834
11,15,21,15936.289199207577,15814.773270552814,121.51592865476232
11,7,20,16726.582752677718,16197.687272444085,528.895480233632
12,14,2,14992.649950810532,13023.38457805875,1969.265372751781
11,2,15,16648.47669379908,15268.44300547164,1380.0336883274394
12,19,15,17673.423404716697,17393.124471398754,280.298933317943
12,4,2,14167.349341828589,13976.10224454686,191.2470972817282
12,9,22,15711.674600804334,17728.931517446905,2017.256916642571
12,3,9,15775.535312615082,16690.776613399696,915.2413007846135
11,5,10,17508.060549381247,16460.842883209687,1047.2176661715603
12,20,1,13762.489626876317,13325.597908982598,436.89171789371903
12,19,1,13345.501130313472,13919.27109613557,573.7699658220972
12,4,9,17374.141611491017,16519.476178892404,854.6654325986128
12,6,6,14506.519186464526,13701.333949648108,805.1852368164182
12,15,4,13438.742902849004,13653.44226991374,214.69936706473527
12,19,18,17728.876791487764,16692.1687705926,1036.708020895163
12,5,4,14705.196150167105,14840.80631637938,135.61016621227463
11,16,9,16041.840583118636,14226.131025695708,1815.709557422928
12,12,1,13970.620561179108,13465.573762571834,505.04679860727447
11,7,23,16650.379817704354,16300.11771767465,350.262100029704
11,12,9,17520.993240480315,16007.589893320768,1513.4033471595467
11,13,15,15787.081692880494,16724.812356462815,937.7306635823206
12,25,11,16491.449472993438,14101.076507280712,2390.372965712726
12,23,13,16676.01007888621,16880.52633344776,204.51625456154943
12,3,7,14442.019611977405,14075.743881841689,366.275730135716
12,6,14,17163.820815562027,15929.751679541863,1234.0691360201636
12,26,5,13554.292633788822,12141.084959691478,1413.2076740973444
11,9,13,14963.831976297412,15194.238694220976,230.40671792356443
12,10,9,16699.077831500108,16599.682849385852,99.39498211425598
12,22,17,18717.804944300307,18071.88982146392,645.915122836388
12,14,22,18361.168730320795,16180.324398873472,2180.8443314473225
12,15,17,18438.307185601872,18127.4153384161,310.89184718577235
12,2,3,15332.171754395717,14028.93699649502,1303.2347579006964
11,14,22,16725.399576201216,16411.164275321935,314.23530087928157
12,7,6,15033.012570268407,15648.165824609465,615.1532543410576
12,15,21,17483.749186694437,16731.860720553173,751.888466141263
12,14,23,16163.928680888104,16608.89303682641,444.9643559383039
12,8,5,14408.319972605168,15236.2475410395,827.927568434332
12,19,18,17601.349295900727,16674.39751862852,926.9517772722065
12,4,3,13960.43503439551,13340.49668705116,619.9383473443504
12,16,18,16413.373653238465,15769.654897655317,643.7187555831479
11,18,20,15861.032943304042,16527.068996824582,666.03605352054
11,24,13,16281.295025823934,16676.082708462225,394.7876826382908
12,9,10,17293.934075347403,17223.434457803625,70.49961754377728
12,14,13,16595.973138860103,15402.179854611686,1193.793284248417
11,10,15,15926.911474757522,17042.098881102243,1115.1874063447212
12,13,23,17442.608453648612,17560.00189597677,117.39344232815711
11,19,20,17638.39942747911,15988.585507863083,1649.8139196160282
12,12,14,15725.100924342369,16875.20970564572,1150.1087813033519
12,24,4,13547.40651009106,13771.281495800136,223.874985709077
12,7,23,17172.08672194817,17656.112895740913,484.02617379274307
12,1,3,14167.486409987456,13775.43674456862,392.0496654188355
12,23,5,13546.489770051836,14325.430029899815,778.9402598479792
12,20,3,14690.944801478669,13400.307879697872,1290.636921780797
12,2,17,17422.55780237555,16496.892605029192,925.6651973463595
11,16,21,17049.859495316854,15919.026164676474,1130.8333306403802
12,27,11,16756.559598254924,15659.824936492023,1096.734661762901
12,8,13,16582.91103104014,16497.0558495532,85.85518148694246
12,12,21,19213.79271214158,16719.236533546602,2494.5561785949794
12,15,10,17717.649389232807,15937.867395498115,1779.7819937346922
11,12,21,16792.999405654566,16546.815850513172,246.1835551413933
12,4,14,16421.179209738955,16363.697915787261,57.48129395169417
12,26,12,17006.833377256,14880.779481941683,2126.053895314317
11,2,9,14343.139759466563,14282.89850103825,60.24125842831381
11,2,12,15516.757003596142,15052.885383964678,463.87161963146355
11,7,14,17218.838766360426,15928.240074881156,1290.5986914792702
11,7,15,16230.045339125634,16554.152141538634,324.10680241299997
12,22,6,13419.744460345886,14120.791815823977,701.047355478091
12,1,14,16664.072962467577,16788.752547144948,124.67958467737117
12,12,21,17206.845157344862,16240.42783535142,966.4173219934419
12,18,1,14106.469464133645,13533.948306830653,572.5211573029919
11,18,12,14528.9651182307,16072.674473344496,1543.709355113795
12,7,10,16451.63647998928,14622.273003559698,1829.363476429582
12,15,8,15947.2969992437,16100.901459164736,153.60445992103632
11,26,10,17531.28842332324,16373.492697698715,1157.7957256245245
11,17,21,16809.09230385536,16583.058736301315,226.03356755404457
12,25,18,16427.13829585316,14494.919125737757,1932.2191701154043
12,15,5,14953.345038149006,15621.743610863608,668.3985727146028
11,4,20,15989.378345478684,16060.05790756309,70.67956208440592
12,7,22,17526.20036467945,16965.576557939,560.623806740452
12,2,16,18715.73979637741,18032.16555648893,683.5742398884795
11,4,21,16272.153720952463,16505.881038194733,233.72731724227015
11,11,9,15994.01193540678,16173.791948427132,179.78001302035227
12,6,4,14196.642663218414,13558.106373375425,638.5362898429885
11,25,13,16308.07003551701,16643.878345006106,335.80830948909534
12,13,2,14061.015754108494,13242.938962413975,818.0767916945188
11,24,15,15119.621404121795,17105.5159994827,1985.8945953609054
12,7,20,19096.561367917704,16084.545850720016,3012.0155171976876
11,24,14,16873.016729138468,16950.910902315838,77.89417317737025
11,21,22,16625.277969308027,16340.458508852951,284.8194604550754
12,12,3,13063.621919831898,13948.12398139845,884.5020615665526
12,14,22,16141.519281592013,17175.08564857019,1033.5663669781788
11,1,11,16326.72279627811,13704.414605528478,2622.3081907496326
12,26,12,16695.64796692488,14771.029075023407,1924.618891901473
12,27,17,15895.480029840366,14730.277039465082,1165.2029903752846
12,21,7,13991.972015307416,13807.677126943554,184.2948883638619
12,17,16,18378.479497361768,17247.588522786056,1130.8909745757119
11,17,22,17524.548638784672,17000.172777681266,524.3758611034064
12,17,15,17775.33376516432,17707.963548384323,67.37021677999655
12,20,17,17946.74682048075,15812.395012148523,2134.351808332225
12,23,0,13881.193641939792,13623.989437354518,257.20420458527406
12,19,13,17574.310549766644,17273.1681625245,301.14238724214374
12,13,7,14320.960668305612,14354.52846460158,33.56779629596895
12,14,10,16458.22579835029,15075.123086153433,1383.1027121968564
12,8,12,17150.981900921994,16313.471709488316,837.5101914336774
12,5,5,13693.0,13476.452241555777,216.5477584442233
12,4,19,19596.76985568829,17810.65348485041,1786.1163708378808
12,18,12,16324.806323570692,16546.97435445719,222.16803088649795
11,23,23,16383.439708840093,16112.709798206084,270.7299106340088
11,2,11,14288.983079812482,14287.220021262347,1.7630585501356109
12,14,20,17656.349883501698,16421.754331179654,1234.5955523220437
12,1,16,17175.362435152103,17192.292940457497,16.930505305394036
12,19,2,13190.37180499344,14046.467469092153,856.0956640987133
11,5,9,15288.277264493738,15541.945615325889,253.6683508321512
11,25,8,17292.80345546289,15901.97248278251,1390.83097268038
12,8,12,16660.419437803328,16496.113903189762,164.30553461356612
11,12,20,16629.648706238477,15969.610511924346,660.038194314131
12,27,12,17604.190802118857,15859.148113484316,1745.0426886345413
12,20,2,13593.050064628527,12960.002974366562,633.0470902619654
12,1,21,16914.971060055508,17206.935035226095,291.9639751705872
12,24,14,16601.339347697238,16728.702015100716,127.36266740347855
12,1,16,18549.498193360894,17779.354955416806,770.1432379440885
12,22,21,19102.05104519308,17768.112883271482,1333.9381619215965
12,8,2,13711.277232321949,13583.223672922988,128.05355939896072
11,25,9,16648.009485512237,16106.778879997104,541.230605515133
12,16,9,16839.60722172117,16146.88615557727,692.7210661439003
12,14,20,17435.421888441717,16238.205715234904,1197.2161732068125
12,2,15,18295.637366867428,17921.89969013293,373.73767673449765
11,11,15,16762.58662022465,16520.17076946645,242.41585075819967
11,5,13,16884.084803213907,16434.16661115724,449.91819205666616
12,26,16,18299.746972026413,15745.468211585154,2554.278760441259
12,25,1,13293.532900026736,13194.264843399706,99.26805662703009
12,16,19,18000.963911993793,17144.583603554493,856.3803084393003
11,12,10,15310.565785436143,15530.907963206855,220.34217777071171
12,18,3,14444.817794053555,13572.999241870853,871.8185521827018
12,2,16,17866.69939646957,17663.815049900735,202.88434656883328
12,25,5,14576.701381755249,13658.79342045033,917.907961304918
12,8,8,16677.00875846775,16295.493585757878,381.51517270987097
12,26,13,15738.630874333869,14872.452733123313,866.1781412105556
12,17,23,17183.501921994957,16931.418173381495,252.08374861346238
12,19,6,14057.840575178783,14668.622102442876,610.7815272640928
12,8,3,13695.529830789275,14158.729903264284,463.2000724750087
12,18,6,14165.000749856788,14946.616097193992,781.6153473372033
12,15,16,17872.828923958146,17572.540969650247,300.2879543078998
11,23,14,16668.68495912757,14429.288767257456,2239.396191870115
12,15,6,13269.557009475657,14280.422380266578,1010.8653707909216
12,18,15,16379.0,18269.598270305476,1890.598270305476
11,15,12,15325.69766680545,14584.691945273424,741.0057215320267
12,23,0,14714.47034403144,14070.634664757097,643.8356792743434
11,18,20,16625.211081702328,15913.674292197353,711.5367895049749
12,19,20,18900.494559428455,18079.6650269924,820.8295324360552
11,20,22,17025.66451739784,16834.49948943753,191.1650279603091
12,5,7,14988.916365538227,15962.010384808947,973.0940192707203
12,6,15,16653.40352457352,15241.320560709313,1412.082963864208
12,2,0,13995.41919683093,13728.335959125829,267.08323770510106
12,23,5,12807.3886356791,13144.537104032242,337.14846835314165
11,3,23,16604.578943804587,16525.700409685058,78.87853411952892
12,1,20,17261.37987346649,17269.46804807129,8.08817460479986
12,2,20,18929.30750374459,15941.191045095065,2988.1164586495233
12,10,19,19758.31576799129,18105.07188521812,1653.2438827731712
12,26,12,16667.37006118417,15238.118717313771,1429.251343870399
11,4,23,16236.93436757351,16715.18157698046,478.24720940694897
11,4,22,14995.043128200708,17792.40298771346,2797.3598595127514
12,2,9,16206.221332342662,16614.88160267558,408.660270332919
12,4,16,20776.8058276303,18845.05553510553,1931.7502925247718
11,6,11,17962.154166381835,16710.5834343501,1251.5707320317342
11,26,12,14010.264910800588,16137.168283773173,2126.903372972585
11,3,14,17144.369928047458,17028.678684131086,115.6912439163716
12,5,13,16132.96827421417,17301.4263861578,1168.4581119436298
12,2,12,16657.07930532133,16528.34381912035,128.73548620098154
12,3,0,13768.783690771905,13818.80002649398,50.01633572207538
12,18,10,17455.3293039099,17080.983023860084,374.3462800498164
11,8,11,15574.299558755432,14554.94876759083,1019.3507911646029
11,23,22,16937.276096535414,15314.670821322685,1622.6052752127289
11,12,10,14464.433488267485,16044.951761733717,1580.5182734662321
12,5,11,15829.626210392467,16358.726458209878,529.1002478174105
12,13,6,12597.718915430663,12717.559990863112,119.84107543244863
11,22,12,15510.154499624878,15377.927300650728,132.22719897414936
12,18,11,17490.466697093667,15983.38987863213,1507.0768184615372
12,3,10,16796.678199274636,16855.393557265834,58.71535799119738
12,7,3,14116.834442017784,12754.659543026697,1362.1748989910866
12,2,2,13151.691946297591,14416.237396478477,1264.5454501808854
12,14,23,16984.569176201545,16659.117870449863,325.4513057516815
12,27,11,17216.656958566204,14973.805344199314,2242.8516143668894
12,5,17,16116.842896188033,15412.227650114033,704.6152460739995
12,16,19,18821.419096498867,16823.520475159097,1997.8986213397693
11,27,20,17537.597131359456,16360.286503432832,1177.3106279266249
12,23,20,17225.08654511366,16676.01482496984,549.0717201438201
11,5,22,17190.599136862722,17216.971663080614,26.3725262178923
11,9,11,15894.3928850438,14101.016503201748,1793.376381842052
11,2,14,16133.410819594748,15126.907293551933,1006.5035260428158
12,9,16,16086.4510210668,16494.552435218848,408.10141415204816
12,4,2,13628.497911986628,13752.309344827961,123.81143284133395
12,12,12,16660.309895537594,16337.730007719209,322.57988781838503
12,10,5,13693.0,13287.269031801821,405.73096819817874
12,20,22,17283.373781270613,16993.64923125677,289.7245500138415
12,4,3,13667.33613301388,13765.355773581605,98.01964056772522
12,12,14,16630.887326940643,16558.97754377181,71.90978316883411
12,20,22,17441.16943957964,16960.094624607285,481.07481497235494
12,18,1,13135.785521316524,13542.94320353726,407.1576822207353
11,19,20,15915.047242558352,16684.9542820031,769.9070394447463
11,8,15,16308.7760906514,16407.776910058554,99.00081940715427
11,19,8,16619.520838510896,15166.736357826014,1452.7844806848825
12,6,20,18535.372306777925,15721.50866856165,2813.863638216275
12,7,16,17369.939599863297,15971.112984330122,1398.8266155331748
12,16,9,16150.408290504016,16321.740181228975,171.33189072495952
12,3,5,14233.06383242502,14914.677736114343,681.6139036893237
11,25,22,16531.312822431828,16734.16262167349,202.84979924166328
12,6,12,17480.256520161267,15512.606185747216,1967.650334414051
11,22,22,16737.395437337564,15547.61309448298,1189.7823428545835
12,7,10,17004.763762850227,14861.121883923195,2143.641878927032
12,6,8,16996.994672610635,15028.570134541802,1968.4245380688335
12,16,20,17888.432609171592,17124.31919412231,764.1134150492835
12,10,18,16109.678268424364,15773.020267662534,336.6580007618304
12,22,3,13681.856407109735,13531.988199737742,149.86820737199378
12,4,16,18978.77791304927,17252.88967245628,1725.8882405929908
12,5,3,13881.990934118248,13929.815723082293,47.824788964044274
12,10,3,13503.36473320534,14625.707920683168,1122.343187477827
11,19,23,16237.327201572469,15498.932853205337,738.3943483671319
11,6,8,16183.071248814327,16646.52332385233,463.45207503800157
11,2,12,14575.814529222484,14611.60200882001,35.78747959752582
12,17,10,17790.010160050955,16943.47116483313,846.5389952178266
12,11,13,18034.065982856893,15998.334470505544,2035.731512351349
12,4,3,14833.450366198016,13674.550646770309,1158.8997194277072
11,23,12,14496.114821192594,13908.011089464542,588.1037317280516
11,2,21,16791.84029560575,15830.072126434026,961.7681691717244
12,21,18,18234.29939754297,15389.720297394711,2844.5791001482594
12,18,12,16379.0,16126.223802248262,252.77619775173844
12,7,22,19209.843409859623,16185.187323801796,3024.6560860578265
12,3,9,16043.86013107265,15981.616041047462,62.24409002518769
12,26,5,11779.132110506716,13309.370599820586,1530.2384893138696
12,20,18,15815.02975350173,15047.415293773396,767.6144597283346
11,23,12,13572.199675971176,14132.179818877725,559.9801429065483
11,19,14,16973.135115545505,17502.2231000405,529.0879844949959
11,12,14,16917.121120922668,17062.628854035072,145.50773311240482
11,9,21,16816.40868217158,15945.359235682969,871.0494464886106
12,21,9,16892.904428513182,14528.915749158661,2363.988679354521
12,21,17,18581.90145480035,16240.111939947192,2341.789514853159
11,22,13,14036.34999491622,15354.105938723698,1317.7559438074786
11,7,23,16682.388237010753,16604.05900983524,78.32922717551264
12,27,14,15734.816254135128,15867.409017052256,132.5927629171274
12,14,3,12674.026308324952,13463.952523074002,789.9262147490499
12,11,15,15595.847046525356,18289.40055318265,2693.5535066572957
11,18,23,15846.54570816298,17165.175859490333,1318.6301513273538
12,15,19,17850.58741831385,16656.13115050041,1194.4562678134425
12,11,3,13703.213379915327,13268.204417465213,435.00896245011427
12,20,4,14956.742284726404,14482.083921815054,474.6583629113502
12,18,12,16669.90096374444,16605.895935682944,64.00502806149598
12,16,9,17798.88612109354,16495.54601081607,1303.3401102774696
11,3,9,16059.465133685586,15949.838171684538,109.62696200104801
12,10,3,13876.761708274977,14467.86074490282,591.0990366278438
12,27,3,14102.164848545062,13104.325964132075,997.8388844129877
11,11,21,16632.191179627665,16173.127000230465,459.06417939720086
12,14,0,14967.999999999998,12661.588216557673,2306.411783442325
12,13,14,17135.034770327435,16433.211296103047,701.8234742243876
12,9,11,15807.25659294076,16829.943282828688,1022.6866898879289
12,17,4,15029.22713003072,16264.19533258938,1234.968202558659
11,1,12,13630.830561375198,14215.716576144498,584.8860147692994
12,19,20,19264.378570998375,16716.498846376908,2547.879724621467
11,14,22,16726.516370872298,16782.676505390493,56.160134518195264
12,19,4,13492.973907528867,13066.43943235431,426.5344751745579
12,19,3,13541.695440502306,14229.756139816387,688.0606993140809
11,12,12,14750.872357699343,15767.951129773994,1017.0787720746503
11,18,21,16789.728955772916,16172.024654012837,617.704301760079
12,15,17,17902.730021938758,17735.22582398613,167.5041979526286
11,26,12,16108.445121410808,16507.329769597014,398.8846481862056
12,9,9,16151.449653914766,16360.454695784874,209.00504187010847
12,11,5,13991.826809743658,13771.814623242815,220.0121865008423
12,6,6,15174.334212895415,12974.961098266682,2199.3731146287337
12,5,15,17255.061896080024,17175.720795719142,79.34110036088168
12,20,8,16759.108532944072,14691.716032585087,2067.3925003589848
12,3,10,16407.03040414248,16098.85442361539,308.17598052708854
12,16,6,12595.645488411088,13939.672325849442,1344.026837438354
12,11,18,19697.07137246878,17531.71483616187,2165.35653630691
11,16,11,15893.19350036818,14537.154245985836,1356.0392543823436
12,13,20,18423.05717141969,15976.386634951747,2446.670536467942
11,23,13,15788.109855921546,15719.920964303938,68.18889161760853
12,4,16,19603.18405161992,18892.531714259705,710.652337360214
11,18,20,16755.64717814986,16561.25926828418,194.38790986567983
12,1,14,17847.662800736198,17202.068085556482,645.5947151797154
11,17,22,16639.222489694494,16016.700126331416,622.5223633630776
12,13,21,16954.11410155908,16260.627557938971,693.4865436201089
12,27,1,13970.342339370738,13284.505771312728,685.83656805801
12,8,2,14569.183937938304,13397.274259988657,1171.9096779496467
12,2,7,12157.298711575457,14389.558829487343,2232.2601179118865
12,25,14,16573.612474608653,14358.819979087684,2214.792495520969
12,11,12,16312.909761367126,16685.56835106263,372.6585896955039
12,8,1,14870.961344857056,13594.127166361413,1276.8341784956428
11,25,13,14349.57754024632,17583.8313501974,3234.2538099510803
12,10,8,16844.307508368373,16378.455760651388,465.8517477169844
11,11,12,16926.184957106794,15762.095563521605,1164.089393585189
11,10,13,14908.259917221572,16339.032314564081,1430.772397342509
12,24,2,13709.742457577102,14070.550575739366,360.8081181622638
12,6,20,19640.449820909864,16188.121139569674,3452.32868134019
12,19,21,17439.964721971854,17793.226024406562,353.26130243470834
12,3,19,17375.130466132407,15916.728755562035,1458.4017105703715
12,26,11,16092.53502823182,14417.270856104265,1675.264172127554
12,6,11,17469.28211119454,15032.161131329938,2437.120979864603
11,17,21,16726.52832188372,15792.438453213468,934.089868670253
11,18,8,15389.861904467383,15574.097849386391,184.23594491900803
11,27,10,16826.388249796833,15996.383104030574,830.0051457662594
11,27,9,16616.609682698505,16136.122784519855,480.4868981786494
11,22,12,14340.641472672583,13640.86906209454,699.7724105780435
11,21,23,16631.87022704845,16635.89579413547,4.025567087021045
12,19,22,16058.48003186388,17464.80147717841,1406.3214453145301
11,2,15,16648.632670001003,15152.047603080116,1496.5850669208867
11,4,13,16902.733198088892,16356.500313350236,546.2328847386561
11,3,9,16326.346840958127,16762.899377026195,436.55253606806764
11,22,13,16279.78564826726,15396.135211915951,883.6504363513086
12,17,4,15422.416702318207,16122.387440477394,699.970738159187
12,24,16,17916.00199954825,17691.87754462825,224.12445492000188
11,16,23,16728.18760543203,16217.440853188864,510.74675224316707
12,20,0,13759.150110135335,12895.265407623981,863.8847025113537
12,21,11,16492.010455783788,15067.015611664743,1424.9948441190445
12,1,21,18807.884166346856,16276.463944472749,2531.4202218741066
12,1,3,14053.421542472235,14335.074445367063,281.652902894828
12,5,19,17092.356570160922,16077.652082142667,1014.7044880182548
12,9,9,16480.858930860093,16773.348541096966,292.489610236873
12,24,15,17450.7577514939,17007.431996546453,443.3257549474474
12,19,16,18304.0643520709,17123.30061541921,1180.7637366516901
12,20,3,14088.869012864188,13076.608977066453,1012.2600357977353
12,14,6,14195.799955459865,13187.294512140641,1008.5054433192236
11,22,11,17510.37008382256,15937.139857887876,1573.2302259346834
12,4,11,17424.034032822212,16951.357031579988,472.6770012422239
12,20,2,14612.28050399448,13437.329042590538,1174.9514614039417
12,10,21,17621.29744801371,17568.49927541984,52.79817259386982
12,4,8,16841.40400591215,16473.243135846966,368.160870065185
12,18,21,18280.595087122543,17235.85166304047,1044.743424082073
12,26,16,17000.597388430528,14972.67402242334,2027.9233660071877
12,13,6,14514.65723773672,14805.715253921588,291.0580161848684
12,24,12,16808.57439199534,16777.866354569498,30.708037425840303
12,20,14,17623.619354166723,15190.859015983822,2432.7603381829013
12,15,12,17318.424505245835,16658.90939029331,659.5151149525263
11,5,20,17133.92156363467,16147.422618912116,986.4989447225544
11,24,13,14614.591208222417,16782.93977906983,2168.3485708474145
11,27,10,16567.014957142677,16160.9823540497,406.0326030929773
11,27,20,16725.7225017305,16685.505398233658,40.217103496841446
12,14,15,17571.007914711845,15377.746522903833,2193.2613918080115
11,21,11,16768.44889758777,15765.139243729374,1003.3096538583941
12,18,15,16383.80451104209,17317.613163748698,933.808652706608
12,19,15,16720.681666243243,17360.69908411201,640.0174178687666
12,13,23,17516.140282847868,17167.869365356688,348.2709174911797
12,12,5,13426.362522845471,14081.960110277514,655.5975874320429
11,18,12,16705.871425365807,16469.26156357616,236.60986178964595
11,21,10,15908.0,16598.35248257174,690.3524825717395
12,25,3,13792.506450066609,13180.991830402798,611.5146196638107
12,12,21,18144.526093940356,17473.765923875464,670.760170064892
12,1,8,14960.555591592216,16316.53374521807,1355.9781536258542
11,13,9,16735.20921874454,14976.506582248185,1758.7026364963567
11,16,20,17161.386693804918,15493.060243167422,1668.3264506374962
12,26,7,13657.283621567538,12563.801853987825,1093.481767579713
12,24,5,13731.313229608162,14259.063583663446,527.7503540552843
12,11,0,12652.75819496451,13423.564072645251,770.8058776807411
12,13,9,16850.402427861656,14971.103759329379,1879.2986685322776
11,18,15,15813.974045454415,16750.373932709474,936.3998872550583
11,26,14,14168.32683341326,16786.978683679565,2618.651850266304
12,7,20,18347.11676126251,15615.290828223393,2731.8259330391174
12,16,3,13338.976856450012,14657.548994079822,1318.5721376298097
12,25,1,14912.430451134813,12520.947077074012,2391.483374060801
11,13,14,15762.035822406471,16359.822467358736,597.7866449522644
12,6,14,16579.841250167232,16037.230418058292,542.6108321089396
11,23,12,13961.065946726763,13212.234714839477,748.8312318872868
11,8,11,15987.623794701069,14321.89739227957,1665.7264024214983
12,2,5,13993.2013174517,14702.552412681911,709.3510952302113
12,17,17,18382.54035190783,17417.454277235647,965.0860746721846
12,11,14,15979.178645149994,17054.412814050538,1075.2341689005443
12,19,22,16317.734694918294,16606.710013028172,288.9753181098786
11,21,15,16581.85479293501,16492.173004658198,89.68178827681186
12,2,2,13946.030920458026,13720.188415902143,225.84250455588335
12,25,7,12820.723816993566,12143.159195062912,677.5646219306545
11,7,14,14083.17427782384,16505.715335752193,2422.5410579283525
12,11,1,14815.974272068135,13561.534148330298,1254.440123737837
12,7,6,12050.257584547982,13949.735143078244,1899.4775585302614
12,23,6,15354.942836104035,17170.170789734402,1815.2279536303668
12,2,1,13628.10722604332,14146.636988124834,518.5297620815145
12,20,6,13505.302596448768,14006.19598330794,500.8933868591721
12,21,13,18292.643969404384,16301.063474328015,1991.5804950763686
11,17,23,16952.691999914878,17013.22062384081,60.52862392593306
12,9,23,17422.977665703656,17597.904424481836,174.92675877817965
11,14,13,14976.622547948346,16423.316271004132,1446.693723055787
11,13,14,18428.26138944534,16835.548496133415,1592.7128933119238
12,17,20,17439.312824397417,17345.436106766767,93.87671763065009
11,11,23,16391.56824952247,17122.448014101472,730.8797645790037
12,26,11,17884.87894616859,15040.296040583771,2844.582905584817
12,13,20,17051.02975904301,16623.81277694766,427.2169820953495
12,7,15,17314.591860926605,16553.77710374369,760.814757182914
12,22,9,16662.581615747727,16969.93391035548,307.3522946077537
12,14,19,17533.855277620012,16989.614170315795,544.2411073042167
11,25,12,16070.07527809066,15841.020314286974,229.0549638036864
11,8,10,14190.30389459458,14041.443316287907,148.86057830667232
11,3,14,14912.814383027227,16875.872334343032,1963.0579513158045
12,21,0,13745.482300749192,12181.48545622089,1563.996844528303
11,11,11,14981.609453978144,16251.88309997336,1270.2736459952157
11,17,15,17326.38562619713,16215.947069351274,1110.4385568458565
11,5,22,15351.863272146647,16990.469380947336,1638.6061088006882
11,6,12,14653.461757259029,16046.384505460244,1392.9227482012157
12,9,8,17003.43732924373,16688.982615205736,314.45471403799456
11,9,11,16122.616807567716,14228.965426874682,1893.6513806930343
12,20,6,13430.27170602336,13169.235293639571,261.03641238378987
12,24,7,14210.59467942832,14898.481577991306,687.8868985629852
12,12,7,16272.720983559684,18781.678430781973,2508.9574472222885
12,9,1,14098.697746471353,13630.66659346953,468.03115300182253
12,11,12,17398.357620452756,16715.769624556233,682.5879958965234
12,23,15,17261.574276457246,17470.01524202003,208.44096556278237
12,4,18,17656.17506757358,16351.04562310354,1305.129444470038
11,8,13,15729.283420806118,15003.163272120593,726.1201486855243
11,17,10,16254.616432501623,16899.304247940472,644.6878154388487
12,16,21,19133.03074974391,17120.992020366008,2012.0387293779022
12,13,19,14911.01064198226,14712.567608274892,198.44303370736816
12,25,10,17029.668001030714,14551.16145252803,2478.5065485026844
11,6,14,17132.200914016306,16318.380214275674,813.8206997406323
12,24,9,15237.542069998748,16057.869584024922,820.327514026174
12,4,22,18141.689192868493,17348.0665639757,793.6226288927937
12,19,15,16522.691762594623,17070.008982119907,547.3172195252846
12,18,8,16635.711661786892,16288.326687639434,347.3849741474587
12,22,14,16435.92099778974,17054.69055281652,618.7695550267781
12,20,11,15192.059715186258,14649.61761729298,542.4420978932776
12,19,7,13651.53621863353,13180.561021271222,470.9751973623079
12,19,2,13970.470907190833,13659.71903449974,310.751872691093
12,4,1,14174.52743837556,13402.097293181165,772.4301451943957
12,9,0,15005.393385523865,13107.159927545888,1898.2334579779763
11,5,12,14711.462856079095,16065.922346347366,1354.459490268271
12,9,1,13768.689528666013,13815.385341835126,46.695813169113535
11,5,12,14951.230082703078,15966.5986197785,1015.3685370754229
12,18,16,19649.787025974176,18408.386081870034,1241.4009441041417
12,5,18,17990.384618957556,16031.665540226715,1958.719078730841
12,26,4,14506.693958872984,14109.859899119434,396.8340597535498
12,5,11,17348.786215908895,17307.781240317083,41.00497559181167
12,9,10,16849.197396709587,16725.213100737405,123.98429597218274
12,12,7,14190.678294842655,13772.049600838063,418.62869400459203
11,17,23,17150.817170507376,16985.084118588555,165.73305191882173
11,23,22,17535.72330589643,16811.718000078392,724.0053058180383
11,20,10,16096.0,16147.300938402075,51.30093840207519
11,15,10,15443.627455012907,14058.57871412598,1385.0487408869267
11,10,23,16938.875181582956,16998.95682749047,60.08164590751403
12,21,1,15205.90581184002,12852.97926420634,2352.9265476336805
12,8,15,17317.172087663697,17048.33807762441,268.83401003928884
12,27,6,15123.545354981385,16027.625710683626,904.0803557022409
12,14,9,16483.84578256581,14117.271368910115,2366.574413655697
11,24,10,16854.31034268492,16313.438990524064,540.8713521608552
12,6,11,14969.633314437862,15100.28490807091,130.651593633047
11,21,9,16467.76961404473,17408.14059265716,940.3709786124309
12,9,15,16426.347869532827,18502.3754123104,2076.027542777574
12,10,19,17425.52253865888,16767.417902745496,658.1046359133834
12,22,20,17262.541648780534,16910.686907566615,351.8547412139196
12,8,20,16868.635296935132,16925.4614552806,56.826158345469594
11,16,10,15410.64772002646,14148.788352688893,1261.8593673375672
12,9,6,14638.486300127212,14192.37664434467,446.1096557825422
12,7,9,16843.697511937524,14494.14911232449,2349.5483996130333
12,3,15,16988.323250990677,17305.76978256254,317.4465315718626
11,25,9,14605.296357726926,15846.452217942126,1241.1558602152
12,8,19,18616.946461461222,17227.717058537488,1389.2294029237346
12,3,16,18704.162397456144,17573.695409921234,1130.46698753491
11,7,12,13564.198847053492,15620.843043654411,2056.644196600919
11,26,8,16847.453936460108,15768.11654619774,1079.337390262368
11,15,15,15807.433409927136,14598.706350876417,1208.7270590507196
11,24,14,14627.910542802503,15691.930623911743,1064.02008110924
12,6,15,16613.945659728084,15083.528219992484,1530.4174397356
11,12,12,16349.496087113735,15705.77302047317,643.7230666405649
12,27,20,18331.664994526785,16833.599732205115,1498.0652623216702
12,10,11,16459.868969992098,16918.0032675667,458.1342975746011
12,21,23,17626.339499461556,17122.434802520773,503.90469694078274
12,16,19,17844.20979548407,17010.278196282932,833.9315992011361
12,4,13,16618.53575896707,17196.864471187793,578.3287122207221
12,23,11,17034.180074372136,16948.043596530417,86.13647784171917
12,6,10,17894.38834710893,15065.12332269493,2829.2650244139986
12,15,0,15038.661428627016,13139.769160662798,1898.8922679642183
12,3,1,13885.097624447955,13680.510449034467,204.58717541348778
12,27,14,18312.261596870852,15447.073358742302,2865.1882381285504
12,1,19,18614.879248889843,17249.410217958797,1365.4690309310463
12,27,0,13769.758994149495,12695.079399203521,1074.6795949459738
11,9,22,16638.22910386937,14957.453074528263,1680.7760293411066
11,22,12,16655.36256069404,14114.862546112503,2540.5000145815375
11,21,12,16779.020133896844,16247.248800711885,531.7713331849591
12,25,7,12762.652342510775,13072.855324582444,310.2029820716689
11,7,8,16444.197147218834,16498.81934913734,54.62220191850429
11,3,9,14282.659170491752,15791.89155716086,1509.2323866691077
12,8,7,13640.660759615945,14127.496348240238,486.83558862429345
12,4,12,16668.70141614632,16237.872955834615,430.8284603117045
12,9,5,14529.610995137238,15223.695890926965,694.0848957897269
12,17,11,16317.4199721654,16113.549578078593,203.8703940868072
12,19,13,17529.504121455386,17829.126525941567,299.62240448618104
11,8,10,16021.590603015862,14809.712571451882,1211.8780315639797
12,7,0,15162.88796893652,12625.188385935066,2537.699583001455
12,5,4,13995.933235286184,13996.003982614708,0.07074732852379384
12,4,6,13302.474750656713,14139.994842721384,837.5200920646712
12,27,3,13132.560239561037,13255.177039381659,122.61679982062196
12,13,16,16316.7610735507,14792.31126998268,1524.4498035680208
12,25,5,17748.927432727764,21199.639263801197,3450.711831073433
12,14,4,14855.530334763544,15464.452208655588,608.9218738920445
12,15,0,13652.34840832242,13396.426897012103,255.92151131031642
12,10,1,13361.065331113385,13970.221564042513,609.1562329291282
12,27,12,16719.081739545138,15079.230379982913,1639.8513595622244
12,9,5,13475.90383602443,13389.612634538245,86.29120148618495
12,25,17,17802.984664500316,15999.969807800191,1803.0148567001252
12,1,4,13292.159250567422,13351.220103588934,59.06085302151223
11,6,21,16957.54940620184,17243.571039937608,286.02163373576695
12,9,13,16953.721497819766,17110.268206906534,156.5467090867678
12,16,19,17955.51192845106,16943.708106334023,1011.8038221170355
12,15,21,17240.81709125782,17933.320207191693,692.5031159338723
12,8,21,15989.301055528864,17626.504032921774,1637.2029773929098
11,21,22,15944.823644410855,16712.459200544785,767.6355561339296
12,4,8,15810.419408858334,16491.32529274407,680.9058838857363
12,25,22,16998.06352128014,16075.845842186221,922.2176790939175
12,27,7,18069.157943093815,21392.871243236874,3323.7133001430593
12,17,2,14595.187663604314,13814.987191699578,780.2004719047363
12,9,0,14637.88305532875,13544.662155576247,1093.220899752503
12,7,17,16725.376826705015,15838.932850513906,886.443976191109
12,26,10,15214.013426167336,14714.288171366497,499.72525480083823
12,5,21,17126.107349337908,16997.170197288593,128.93715204931505
11,16,21,16938.154121166695,16148.945904381555,789.2082167851404
12,2,16,18327.851218683893,16451.488363984194,1876.3628546996988
12,9,1,13517.383612276062,13907.938425225777,390.5548129497147
11,15,12,15195.698003279487,14994.217021172359,201.4809821071285
12,14,9,15935.890335876267,14493.192427593782,1442.6979082824855
12,1,18,16090.923538390609,15003.963551155579,1086.95998723503
12,25,12,15723.182038492534,14853.664606736884,869.5174317556503
12,22,5,12499.09612944084,13812.790532861603,1313.6944034207627
12,9,10,15816.091634522076,16962.902495189832,1146.810860667756
12,17,23,15397.816049752248,17254.94125938602,1857.125209633774
12,19,23,17992.070011222317,17901.045296930144,91.02471429217258
12,19,8,16727.327847599547,16727.555625251705,0.22777765215869294
12,3,13,16292.963055881632,16765.51196262941,472.54890674777926
11,15,20,16815.10108864973,15798.814473305094,1016.2866153446375
11,26,9,15582.182441405936,16067.772708260994,485.59026685505887
12,16,7,14485.83717303442,14154.058167229035,331.77900580538517
12,3,22,16924.93596729387,16486.92123647117,438.01473082269877
12,23,17,17363.235325589903,17191.413817245906,171.82150834399727
12,20,21,17285.106417771538,17334.18254307507,49.076125303530716
12,22,19,17924.691947663967,17061.217142830934,863.474804833033
11,23,13,16542.03451550795,14980.135743153618,1561.8987723543305
12,10,3,14250.532372066473,14186.054855553037,64.47751651343606
11,1,23,15847.581338516857,16686.23928673569,838.6579482188336
12,22,12,17641.226534342622,17275.360401210317,365.86613313230555
12,10,6,12984.645430491368,13611.140647327311,626.4952168359432
12,21,19,18916.364045462375,16801.060428069566,2115.3036173928085
11,20,11,15058.07413143089,16377.406774673962,1319.3326432430713
12,7,20,17456.584628079792,16811.011163090367,645.5734649894257
11,6,9,16481.0,16018.109611885537,462.89038811446335
11,9,22,16747.159062662933,16434.968822351897,312.1902403110362
11,4,22,16846.64040454227,16315.300720531986,531.339684010285
12,25,14,16899.184543372354,14926.578652105341,1972.6058912670123
12,12,6,14506.099678150758,15337.39022619744,831.2905480466816
11,7,10,15990.697531017282,15415.943533413358,574.7539976039243
12,2,22,18359.049066554428,18127.192082885937,231.856983668491
12,7,3,13519.517455256746,13055.966698307097,463.55075694964944
12,15,5,15020.392685212377,16264.149481019533,1243.7567958071559
11,18,10,16783.66115960569,16399.901686320816,383.7594732848738
11,26,8,13032.524397971743,16136.432915237196,3103.9085172654522
12,23,12,16589.81371172478,16563.102001062052,26.711710662726546
12,26,23,16970.18834075201,16893.2142625339,76.97407821811066
12,16,19,16653.973516728012,15798.401404062888,855.5721126651242
12,9,16,17604.896351333562,17601.72063481543,3.175716518133413
11,25,10,16229.285352930645,16507.372492750023,278.0871398193776
11,20,14,14760.242701698022,17656.938278571895,2896.6955768738735
12,21,8,16923.230881244024,14803.403490084496,2119.827391159528
12,25,11,17501.638754536132,14941.353720749405,2560.2850337867276
12,4,6,15126.956367726609,17120.45053658482,1993.4941688582112
11,16,10,16894.32766585273,14696.205129872576,2198.122535980152
12,7,22,17379.217204604167,17187.26555112823,191.95165347593866
11,2,12,15871.92836364704,14994.535331469362,877.3930321776788
12,23,1,16190.9472944567,13662.900249697754,2528.047044758947
12,9,11,16381.656397032555,16940.487998129534,558.8316010969793
11,11,23,16936.67150986653,17357.261482947662,420.5899730811325
12,26,14,16666.171064922888,15340.093278214725,1326.0777867081633
11,8,10,16206.052445804778,14538.433334045338,1667.6191117594408
12,9,6,14184.824055909005,12981.893994644961,1202.9300612640436
12,18,5,15369.820945225414,17401.421231555905,2031.6002863304911
12,5,2,14054.36751866755,13399.00698741561,655.3605312519394
12,21,14,17631.182416048963,15172.516155070378,2458.6662609785853
12,26,9,17521.050772702838,14665.178662975719,2855.872109727119
12,21,4,15123.154844467495,16566.120617368808,1442.9657729013124
12,7,19,17559.925168306905,16526.19194757929,1033.7332207276158
12,4,4,14001.25267615526,13432.692392646488,568.560283508772
12,1,15,16720.602186958968,17226.858205393462,506.25601843449476
12,22,11,18207.321063262356,16761.59473888491,1445.7263243774469
11,7,15,16351.57015820604,16610.99821239255,259.4280541865119
12,19,17,20903.622084296912,19058.178264578288,1845.4438197186246
11,11,21,16238.540868096874,16500.561325216728,262.02045711985375
11,20,23,14926.599918158458,17507.398258648474,2580.798340490017
12,16,2,15195.07494043638,13700.53850268993,1494.5364377464502
12,10,22,17283.078291751888,17891.356837965646,608.2785462137581
11,16,10,14814.895045491308,14896.45300097659,81.55795548528113
11,3,22,16850.90238772023,16514.27080783014,336.6315798900905
11,22,20,17192.322306737424,16020.605325218961,1171.7169815184625
12,11,1,14905.032248107029,13291.804705847708,1613.2275422593211
11,6,11,15408.549727959897,16839.945673286093,1431.395945326196
11,7,11,15740.123871525644,16149.604812802492,409.48094127684817
12,9,20,18311.64365943698,17429.30240408379,882.3412553531889
12,11,21,16871.57147767326,16806.136777687603,65.43469998565706
11,24,23,16714.47989683831,16842.43046588742,127.95056904910962
11,11,22,16388.96181105391,17207.098963342192,818.1371522882837
12,18,10,16673.46668832626,16419.479783282364,253.98690504389742
12,23,23,19033.67629859001,18287.982267431315,745.694031158695
12,9,4,14210.569325292345,14402.050843838693,191.48151854634852
12,26,14,16099.068790425488,15027.15219046572,1071.916599959768
12,17,13,17245.606352755498,17317.787365194054,72.18101243855563
11,24,12,14912.256069123729,16434.317705320747,1522.0616361970187
12,10,2,15627.821248482123,13322.722314747625,2305.098933734498
12,23,22,16402.575964613476,16998.675031008068,596.0990663945922
11,8,14,16499.585600186216,15142.56987925739,1357.0157209288263
11,12,12,14014.785387655547,15221.633604989214,1206.848217333667
12,20,10,16155.454473212914,14817.571517056604,1337.8829561563107
12,20,21,17803.45443233775,17400.33278306844,403.1216492693093
12,26,2,13922.906670949937,12914.587722392356,1008.3189485575804
12,16,11,16840.94718648074,16839.268798262907,1.6783882178315253
11,12,23,15707.81194750637,17595.4786005983,1887.6666530919301
11,8,8,17359.652660893928,14032.619379426047,3327.0332814678804
11,9,22,16939.694224299765,15878.391922589311,1061.3023017104533
11,22,12,14480.06381271722,14621.717655334658,141.65384261743748
12,23,19,18788.581258487367,17251.5549358887,1537.0263225986673
12,26,20,19237.625188020924,16294.863481861445,2942.761706159479
12,25,15,17321.046358080454,15341.23273690401,1979.8136211764431
12,6,14,16380.281406870246,14977.704455271474,1402.5769515987722
12,20,13,17120.90931543338,15478.43989814957,1642.469417283808
12,25,18,17720.82032929268,15241.708112410495,2479.1122168821857
12,10,11,14934.325193382114,16600.58701362764,1666.261820245525
12,20,1,14605.76692941402,12829.661189383254,1776.1057400307654
12,7,13,16598.427287315193,14707.123846980678,1891.3034403345155
11,11,21,17179.935598943164,16394.42390424537,785.5116946977942
12,27,9,16863.824305685943,15166.932545757489,1696.8917599284541
12,27,2,14904.539633760938,13517.88108178088,1386.6585519800574
12,16,16,17647.22715015797,17372.85368333676,274.37346682120915
12,23,19,17878.596414500156,17056.021338984076,822.5750755160807
12,21,7,13468.929544506982,13024.840128716438,444.0894157905441
12,3,18,17973.700049047857,16675.809101361036,1297.8909476868212
12,17,3,13960.289171012491,14163.569389540844,203.28021852835263
11,19,21,17193.0,16094.748997662116,1098.2510023378836
11,13,15,16499.15201782183,16554.644334016728,55.492316194897285
12,27,4,12728.156218496477,12449.751871595821,278.4043469006556
11,7,13,16872.263360967794,16573.255689206057,299.0076717617376
12,7,8,16827.81507108973,15051.333706003592,1776.4813650861397
12,14,20,17285.73102443862,16892.974027889384,392.75699654923665
11,9,10,14466.346340773687,14908.638385972055,442.2920451983682
12,13,18,17719.1277500377,16271.045369552909,1448.0823804847914
11,4,14,16307.936703413496,16525.654311659226,217.71760824572993
12,16,17,17606.24988413728,17131.917060171287,474.33282396599316
12,26,6,15990.699800480184,15203.421138455567,787.278662024617
12,2,12,16460.409989086867,16394.716167927676,65.69382115919143
12,26,4,15071.839382117723,15556.349383007273,484.5100008895497
12,1,0,14788.317762974746,13766.798195926764,1021.5195670479825
12,12,7,12435.06513310763,13968.866098413422,1533.8009653057925
12,27,3,14695.29602618295,13610.800908940848,1084.4951172421024
12,22,8,16732.713646398333,16329.327419246336,403.38622715199745
12,4,4,14212.939779505406,14538.383980287803,325.44420078239636
12,10,18,17914.890275618458,16775.692186932236,1139.198088686222
11,1,23,15078.676998370152,16430.578268988873,1351.9012706187204
12,13,18,18159.80690286116,16146.590337945896,2013.2165649152648
12,2,1,13435.05478828265,13927.130085819972,492.0752975373216
12,14,16,18369.03826491925,17013.109871726887,1355.9283931923637
11,5,12,16326.804691797008,16826.28158295345,499.4768911564406
12,6,12,17322.294414908883,14967.214755680625,2355.0796592282586
12,11,11,17628.681372666288,15994.497656315189,1634.183716351099
12,12,22,19006.211919666308,17552.186474321723,1454.025445344585
12,7,16,18358.657610373608,16190.724422416668,2167.93318795694
11,9,22,16726.917782224562,15615.008345786626,1111.9094364379362
11,26,22,17225.258872921575,16422.658586150585,802.6002867709904
12,20,2,14049.258601535774,13538.009739222334,511.24886231343953
12,23,9,17500.35807271126,16853.72199011874,646.6360825925185
12,11,23,15483.848114442297,16992.501157994095,1508.653043551798
11,9,8,16451.05501038835,14922.591812246943,1528.4631981414077
11,26,14,15613.06133256393,16748.157042268198,1135.0957097042683
11,11,23,16626.3418059993,16212.088516587362,414.25328941193584
12,6,22,16366.973030168589,16988.05612129611,621.0830911275225
12,18,10,17902.308446380648,17563.848999905826,338.45944647482247
12,1,13,17459.044661530937,18509.114919744203,1050.0702582132653
11,24,13,15198.40097016571,16516.63020837727,1318.229238211561
12,22,18,17551.914564237406,17039.287603462904,512.6269607745016
11,24,14,14039.233485738823,15682.758966926618,1643.5254811877949
12,21,0,13130.3880498818,14290.431548238543,1160.043498356743
11,24,15,14758.06275485233,16622.9258984364,1864.863143584069
12,27,18,18058.95228190011,16332.781348917542,1726.170932982568
11,4,20,17154.694889064882,16304.251382611159,850.4435064537229
12,6,9,17630.587046379613,14161.068509819572,3469.518536560041
12,6,15,16452.72191119113,15383.375284020414,1069.3466271707148
12,8,7,13370.45680283238,14536.259458611961,1165.802655779582
11,9,15,14479.743149586537,13881.191699777872,598.551449808665
12,12,18,19271.427710845088,17474.16698285173,1797.2607279933582
12,3,13,16665.256085582252,16582.273639446743,82.98244613550924
12,25,9,16822.278171073965,14353.386351997453,2468.8918190765125
11,9,9,14887.664122843784,14306.931732365478,580.7323904783061
12,21,8,16231.512284845849,14736.03418665805,1495.4780981877993
11,20,13,16944.83819780934,16397.75405039335,547.0841474159897
11,22,14,13574.099644048489,13583.795737502676,9.696093454187576
11,26,10,16830.612809887134,16437.20773958314,393.40507030399385
11,26,22,16666.795792645986,16593.261974205016,73.53381844097021
12,2,0,15024.027961423826,13849.178197794341,1174.849763629485
12,10,19,18375.31337193635,16669.207073333968,1706.1062986023826
12,15,5,12062.434536612049,13658.304718071568,1595.8701814595188
12,19,15,16652.832888021716,17659.075686073265,1006.2427980515495
11,18,8,16212.903937888152,16190.746161774712,22.157776113439468
11,26,15,16456.97745727778,17108.567821810233,651.5903645324543
12,27,6,13612.010053442067,13266.165916072225,345.84413736984243
11,19,20,16679.60509402351,16398.82685598934,280.7782380341705
12,12,7,15137.46535825163,16867.398383901138,1729.9330256495086
12,11,11,17530.84246922943,17592.2925308779,61.45006164847291
12,2,10,16996.295331787016,16426.67509252255,569.6202392644664
11,10,15,14581.82802641682,17165.15961987739,2583.3315934605707
12,12,7,15359.110035243522,15181.590195492667,177.51983975085568
12,12,13,17479.028741610797,17669.62612438151,190.597382770713
11,22,20,17345.02202405105,15653.460781097883,1691.5612429531666
12,1,13,16668.92008206655,16665.158435593727,3.761646472823486
11,23,10,17103.72564916418,13814.726638994885,3288.999010169293
12,24,19,17804.256753342946,17280.61116099321,523.6455923497379
12,21,20,17425.465943305648,17122.76697661479,302.6989666908594
12,14,22,17290.130734745904,16406.90375953033,883.2269752155735
11,19,11,17551.14276555604,15665.731689431961,1885.411076124079
12,7,21,15805.12599522344,15912.919957650078,107.79396242663825
11,22,21,16607.046194908962,14066.96089516479,2540.0852997441725
12,20,17,18721.11419918614,16703.84469530282,2017.269503883319
12,2,15,16553.55746430718,16844.244013911677,290.68654960449567
12,12,5,13690.44568271131,14142.934185451784,452.48850274047436
12,2,22,19600.566403746212,17349.015221294296,2251.5511824519162
12,22,8,16479.277802537203,16559.31901158055,80.04120904334559
11,14,20,17050.44421416492,17956.01436544552,905.5701512806008
12,20,4,14546.560812725606,14756.853687535131,210.29287480952553
11,15,22,16619.255598040578,16350.719119052468,268.5364789881096
11,8,15,13991.774626414062,14763.426131408945,771.651504994883
11,13,23,15199.64284717723,17476.566824529244,2276.923977352013
12,26,1,13922.17551130756,12256.88282412774,1665.292687179819
12,15,7,13580.902427728484,14599.447628253618,1018.5452005251336
11,14,12,16020.584278062972,17063.609407850887,1043.025129787915
12,2,23,15773.66571629791,17573.27019780049,1799.6044815025816
12,3,17,17829.333544776422,17731.071655662996,98.26188911342615
12,9,2,13777.779071810312,13525.551365305477,252.2277065048347
12,3,5,14215.58928921661,15763.276708888947,1547.6874196723365
11,27,14,13957.028045793004,15894.605522169411,1937.5774763764075
12,6,2,14608.700789220657,13591.387511727846,1017.3132774928108
12,21,14,16536.367328772467,14920.714269688518,1615.6530590839484
12,21,5,14486.213666595026,14111.665934843437,374.5477317515888
12,26,18,17663.892334806784,16177.46552959756,1486.426805209223
11,27,13,17501.19485302909,16750.45088326999,750.7439697590999
11,17,8,16114.619092555373,15748.35742545781,366.26166709756217
12,13,5,13304.077139429466,12476.479291394917,827.5978480345493
11,13,9,16181.292473906276,15558.934482454431,622.357991451845
11,17,21,16615.50626535669,15683.04697217304,932.4592931836487
12,16,2,13653.180370058277,13954.067360519093,300.8869904608164
12,25,17,17897.612489106,15926.600041213087,1971.012447892912
12,9,20,18555.6808492485,16966.413629137158,1589.2672201113419
11,8,14,17096.805325563782,16058.819904809152,1037.9854207546305
12,3,15,16663.19838677078,16852.723246207446,189.5248594366676
12,10,19,16200.210254764834,15289.664039354268,910.5462154105662
11,26,11,14464.110735481538,15282.657410353648,818.5466748721101
11,22,23,14921.55811426588,16699.190553411485,1777.6324391456055
12,25,2,13449.615356291357,12992.644450186466,456.9709061048907
12,18,10,17603.304693678085,16950.6308428304,652.6738508476847
11,5,20,16759.102896739896,16195.822741485266,563.2801552546298
12,24,17,17122.889248140826,16830.939339476245,291.949908664581
11,10,11,16208.349071921306,16186.64370639562,21.70536552568592
12,20,20,16264.961060448764,15798.301875833286,466.6591846154788
11,23,9,17333.822055587458,15032.197854668997,2301.6242009184607
12,20,10,16732.609259702418,15352.603828718315,1380.0054309841034
11,2,10,16326.64734392728,14437.884489099399,1888.7628548278808
11,18,13,14621.959921025738,16248.273814404603,1626.313893378865
12,21,15,16456.483309331634,16151.477480924332,305.00582840730203
12,6,11,17608.467803020278,15421.941703963594,2186.526099056684
12,25,14,16672.38446802553,15839.705047878653,832.6794201468783
11,4,14,14052.209261646874,16293.73521840473,2241.525956757856
12,25,17,16234.098405789357,14268.023209738181,1966.0751960511752
12,12,7,11885.862881277197,13958.890943766155,2073.0280624889583
11,19,8,16164.27379424536,16138.951978705374,25.321815539986346
12,25,13,16588.892267692645,14250.343686653809,2338.5485810388363
12,13,0,14705.98599734425,12862.414365081073,1843.571632263178
12,6,21,18390.41507924418,16640.459346753585,1749.9557324905945
12,2,20,16924.709793997532,16418.183655240166,506.5261387573664
11,13,10,15902.299426773256,16594.412773567732,692.1133467944765
11,20,8,15367.47640813996,15782.62456942054,415.1481612805801
12,8,6,15039.277127337193,15874.864201934703,835.5870745975099
12,11,21,17116.323184667657,17755.2840816266,638.9608969589426
12,14,16,18678.101413933848,15645.567106450364,3032.5343074834836
12,11,4,13488.598856316052,13662.286432128527,173.6875758124752
12,18,7,14518.623000639063,16274.322201235773,1755.6992005967095
12,14,15,16327.638172208615,15253.88058067459,1073.7575915340258
12,16,11,16856.09008606339,16155.745721389836,700.3443646735523
11,16,9,17005.27231716256,17207.154830961394,201.88251379883513
12,17,17,17390.444520256828,17006.329820143685,384.11470011314304
12,18,2,13172.469688594863,13329.386304887088,156.91661629222472
12,17,0,13881.76553087956,13625.55013564064,256.2153952389199
11,20,10,16901.20895801862,15858.796930283295,1042.4120277353231
11,6,20,17086.666392545907,16019.98458237511,1066.6818101707977
11,4,14,15424.673757155091,16520.72510402329,1096.0513468682002
12,4,15,17125.657546259095,17173.464058485322,47.806512226226914
12,25,9,17757.769243352137,13993.212833680727,3764.5564096714097
12,6,18,19760.276350153315,17413.1858424548,2347.0905076985146
12,22,1,13826.480471639474,13787.987936119962,38.492535519511875
12,14,21,16942.50570070413,15786.341610760119,1156.16408994401
11,11,20,17051.39161170649,16309.416708536635,741.9749031698557
12,17,12,16718.010334322276,17144.773937189104,426.76360286682757
12,13,17,16188.208548004575,16314.898085610906,126.68953760633121
12,14,9,16849.150177215623,15085.852762180446,1763.2974150351765
12,13,8,17236.99849694091,15298.057493042312,1938.941003898597
12,4,23,19193.97161384295,17460.838558471463,1733.133055371487
12,22,0,13698.691392063813,13198.212114951402,500.4792771124103
11,14,12,16290.7428922106,16363.018809075762,72.2759168651628
12,8,6,13651.333651188272,13682.870645290921,31.53699410264926
12,15,7,14181.842783970642,15127.696231245593,945.8534472749507
12,11,9,15118.00811492363,15451.91398583694,333.9058709133096
12,14,10,17364.726282584616,14674.317523167998,2690.4087594166176
12,13,19,17581.355826578703,16176.68383547072,1404.6719911079836
12,1,4,12883.565088629091,13951.690342485108,1068.1252538560166
12,19,10,16782.404664744718,16431.287632598036,351.1170321466816
11,21,22,16725.25189382496,16560.04268828376,165.20920554119948
12,4,11,17889.3489110435,16806.712829813445,1082.6360812300554
12,26,11,17245.891448957693,14928.416404798816,2317.4750441588767
12,21,0,14116.646353119972,12417.231322964366,1699.4150301556056
11,21,10,16084.056848099312,15898.564380866976,185.4924672323359
12,2,6,13483.19405656394,13765.611909222269,282.41785265832914
12,18,5,14327.23727205256,14258.103013106236,69.13425894632383
11,7,12,14043.230268857234,15809.127959611671,1765.8976907544366
12,3,23,18629.528896890097,17503.471263899064,1126.0576329910327
11,19,13,16673.048378541127,17008.802008481798,335.7536299406711
12,4,9,17650.81608139235,16551.48693707159,1099.32914432076
12,26,6,15439.585572037391,16563.108953448653,1123.5233814112617
11,25,12,15581.7594836267,16521.983378884186,940.2238952574862
12,5,7,13543.157447602222,14287.095932074546,743.9384844723245
12,4,12,17006.266654895684,17950.415780523334,944.1491256276495
11,2,13,17703.40719355978,16491.478431485913,1211.928762073865
11,27,8,16830.020489253537,16376.016331577743,454.004157675794
11,18,13,15537.142331051034,17682.34605367273,2145.2037226216944
12,23,6,13646.155205907093,13746.714073131143,100.55886722405012
12,25,1,14925.655756185368,12385.965024121107,2539.6907320642604
12,4,14,16651.861720341964,16739.75330599165,87.89158564968602
12,18,22,17408.271661285842,17184.19102115213,224.0806401337104
12,22,23,17440.832397342627,17690.6993188065,249.86692146387213
12,7,23,20195.952419432157,16321.95157097672,3874.0008484554364
12,12,3,13835.453827595968,14139.895899728472,304.4420721325041
12,11,16,17591.434484723406,17260.059413693933,331.3750710294735
12,6,3,13706.218095780789,13446.832053417224,259.38604236356514
12,23,21,17213.5314219422,16731.199154961407,482.33226698079307
12,2,17,16979.060426459946,15818.309903356261,1160.7505231036848
12,18,6,15617.169900147526,17159.849522182983,1542.6796220354572
12,18,13,16379.0,16812.48937041467,433.4893704146707
12,18,13,16549.098886955988,16660.97993890059,111.8810519446015
12,10,18,16359.956806841768,16384.140839240587,24.18403239881809
12,15,6,13777.303160680123,14419.149598415092,641.8464377349683
11,22,13,15200.499946530726,14592.861922884216,607.6380236465102
11,2,12,17314.066255217596,15834.55202089096,1479.5142343266361
12,11,7,13119.291234895254,14219.574157273866,1100.282922378612
11,11,15,15582.224602881604,17792.732217989356,2210.507615107752
11,6,13,14746.062415732917,16374.463900764395,1628.401485031478
12,19,2,13558.337364032592,13345.312023799619,213.02534023297267
12,23,16,17953.5435461249,17497.22216348011,456.32138264479
11,25,9,17401.147770706742,16246.106473722932,1155.0412969838108
11,3,13,15063.053488371475,17134.04131385512,2070.987825483644
12,11,5,12510.270211029669,13970.479239642145,1460.2090286124767
12,15,17,18390.18164181133,17339.57355675439,1050.6080850569415
11,23,21,16725.950222970798,15923.838461811967,802.1117611588306
12,19,19,18303.966503507057,16793.925563085635,1510.0409404214224
11,21,9,16599.42269045886,16487.537148500054,111.88554195880715
12,3,4,13631.674366860663,13734.025852944764,102.35148608410054
11,5,22,16047.092339456609,16334.857301163924,287.7649617073148
11,18,12,16646.19160641437,16108.73653923707,537.4550671772995
12,19,7,13545.91466715864,14549.125198468457,1003.2105313098164
12,1,11,15952.92052062208,16780.175706248,827.2551856259197
11,16,22,17169.556443314894,15715.269505212611,1454.2869381022829
12,23,23,17173.29384176531,17602.076556069485,428.7827143041759
12,6,15,16633.14172761575,15390.027111045732,1243.1146165700193
12,11,19,17326.883940366457,16835.878060103158,491.00588026329933
12,24,23,19126.60973493654,17165.394272577738,1961.215462358803
12,7,22,17228.12115034303,16738.917923723464,489.20322661956743
12,1,23,18660.816472264614,17889.30109980254,771.5153724620759
11,15,21,14477.06460941951,16747.18919304839,2270.12458362888
11,23,13,17285.34244291201,15379.829830159113,1905.5126127528965
12,21,23,16940.403543342374,18406.986455069098,1466.582911726724
12,19,10,15129.480414081072,16758.479971731605,1628.9995576505335
12,1,2,15805.879418821796,12847.384500400618,2958.494918421178
12,14,20,16868.105702730234,16183.179037329717,684.9266654005169
12,20,2,13675.31037019956,13762.796098338782,87.48572813922146
12,15,6,13635.699499569197,13978.609815731288,342.9103161620915
12,14,7,15643.66155684472,17861.41738486014,2217.755828015419
12,7,16,16151.382597674836,14880.497195724256,1270.8854019505798
12,4,22,17215.587848758092,17999.019410599478,783.4315618413857
11,18,9,16597.976731179973,15909.357283024725,688.6194481552484
11,13,14,16517.610989141762,16758.41142316,240.80043401823787
12,13,23,16713.685856593765,16065.41720884281,648.268647750956
12,4,8,18011.76682285297,16920.80125212301,1090.9655707299607
11,16,8,16063.994649151646,14772.75013702026,1291.244512131385
12,4,17,17227.700258566558,17570.646538385947,342.946279819389
12,4,0,13294.133728715093,14403.36171358794,1109.2279848728467
12,24,20,17171.89285106193,17100.974921929468,70.91792913246172
12,18,5,13959.83158516525,14510.565287411773,550.7337022465235
12,22,0,14792.673277350948,13508.187739222205,1284.4855381287434
12,18,9,16292.539880726676,16251.245327187802,41.294553538873515
12,20,9,16691.50142361079,14834.658337445126,1856.8430861656634
12,2,15,17139.58413754059,17077.12548815848,62.458649382111616
11,22,22,15382.125324115168,16456.1887475493,1074.0634234341305
12,8,21,17236.460278702692,18009.766945783926,773.3066670812332
11,22,20,16631.540177061055,15614.356042541687,1017.184134519368
12,9,7,13646.091092217252,13409.025941566857,237.06515065039457
12,25,2,15955.75149803019,11863.303453365672,4092.4480446645175
12,14,14,16133.58743731172,16418.92393006921,285.3364927574894
11,21,9,14801.327295308069,16531.12204503388,1729.794749725812
12,7,17,17595.716163133053,17057.72586178216,537.990301350892
12,25,15,16579.946368192283,15503.175429205556,1076.7709389867268
12,4,13,16456.4309919074,17535.028895503932,1078.597903596532
11,24,8,17882.303701752528,15714.9035585826,2167.400143169927
12,13,4,14529.327030824808,14428.295060436441,101.03197038836697
11,4,20,16031.675475569416,16328.728828845058,297.0533532756417
11,2,23,17238.89799993215,17681.887574378772,442.989574446623
12,9,0,13629.53835171994,13499.887077814432,129.6512739055088
11,4,14,16354.14404354549,16909.604317656755,555.4602741112649
12,6,5,13608.363490982743,13272.4092035458,335.95428743694356
12,19,2,13933.327232880232,13232.611458065094,700.7157748151385
12,11,6,16396.264860883206,17610.241384813842,1213.9765239306362
12,17,14,17192.111771637046,18054.37969348229,862.2679218452431
11,22,10,16115.855672652697,14764.95110198827,1350.9045706644265
12,4,11,17730.35889008403,17118.487171426823,611.8717186572067
12,3,20,18401.98319232727,17250.72231090693,1151.2608814203377
12,9,3,13568.473630359264,14260.260270777688,691.7866404184242
11,13,15,17148.38445477917,17021.913349178074,126.4711056010965
12,2,17,17045.865048296982,17622.905455495194,577.040407198212
11,6,12,16132.98765707881,16070.059155438183,62.928501640626564
12,11,16,16824.389635796455,16611.963651171947,212.4259846245077
11,14,22,16532.779838808714,16392.75153650282,140.0283023058946
11,9,12,15773.928565386295,13958.432713515242,1815.4958518710537
12,27,11,16962.92252132699,15566.502905915686,1396.4196154113033
12,18,12,17512.291036569954,16798.276586852313,714.0144497176407
12,25,8,16156.91808048116,14797.332315325817,1359.5857651553433
11,7,12,15150.081418475074,15844.906847039761,694.8254285646872
12,8,3,15433.928253977683,14140.844324438594,1293.0839295390888
11,16,9,15833.198189196595,14598.52530998158,1234.6728792150152
12,20,7,13552.625027724604,13401.420647733226,151.2043799913772
11,18,22,16655.535590244595,15896.548569195627,758.987021048968
12,7,19,19038.801366009295,16788.374562316334,2250.4268036929607
11,5,9,18026.59363098641,16351.138875644036,1675.4547553423727
12,12,11,16476.4809010457,16828.505617352974,352.0247163072745
12,2,6,12664.8071197172,14284.11596477268,1619.3088450554806
11,11,10,14841.318471082315,15997.79189764622,1156.4734265639054
12,25,12,16381.58633930698,14190.13614764705,2191.4501916599293
12,12,10,16665.369223011407,16870.590041148964,205.22081813755722
12,25,1,14227.354502066122,12700.132206595597,1527.2222954705248
12,14,10,16463.74142677369,15125.10486432354,1338.6365624501486
12,8,16,17844.925273379416,17925.391688911273,80.46641553185691
12,24,5,12608.069502216971,13931.592173965379,1323.5226717484074
12,26,6,13479.965290516677,13237.701801335978,242.26348918069925
11,24,15,14361.253457207038,17441.62928963231,3080.375832425272
12,15,5,13742.188141477029,13808.16683756831,65.97869609128065
12,5,6,12691.355007863986,13548.866659357234,857.5116514932488
11,10,9,17756.561681231986,18984.85619728237,1228.2945160503841
11,16,8,17349.103439305596,13712.391174765089,3636.712264540507
11,12,21,16573.584653370082,16846.677266068487,273.092612698405
11,11,8,14966.809673894264,16150.25048107103,1183.4408071767666
12,2,11,17759.19522668803,16899.081050857858,860.114175830171
12,12,4,12839.01168521528,13262.288195925626,423.276510710346
11,1,23,16747.681659206643,16140.798930483774,606.8827287228687
12,7,14,16659.30134355501,15313.094306607267,1346.2070369477424
12,17,23,16358.517675604158,17481.401003815598,1122.8833282114392
12,10,4,14166.436065942777,14560.387841024565,393.9517750817886
12,25,20,16900.49816492754,15794.594628033654,1105.9035368938858
12,23,4,13555.871593940925,13490.322379732992,65.54921420793289
11,14,21,16624.208720075676,16103.096395960301,521.1123241153746
12,14,22,18843.358537347125,17119.016036583784,1724.3425007633414
11,16,20,16755.848432881754,15802.401246973042,953.4471859087116
11,8,20,16650.096549757203,15369.444243790962,1280.6523059662413
12,22,9,16032.945940182792,16241.265840520233,208.31990033744114
12,16,12,17451.45734424164,17443.43366704006,8.02367720158145
12,3,1,12973.79130621598,14176.150837791682,1202.359531575701
12,18,10,17495.92003394316,16970.295322408398,525.6247115347614
12,5,15,17644.331351775858,16966.27709570626,678.0542560695976
11,22,14,16548.274976152185,15281.287817535878,1266.9871586163063
11,17,23,17343.4299038055,16431.103530540375,912.3263732651249
12,27,10,15320.628536304512,14817.282789315383,503.3457469891291
12,25,18,18278.82393981125,15941.087298226059,2337.7366415851902
12,23,3,14181.446367480872,13926.480746957352,254.96562052352056
11,19,22,16767.126680181107,17031.630222660795,264.5035424796879
12,8,3,13445.231635687747,13856.795178198934,411.5635425111868
12,9,9,17797.23442359039,16987.641101474506,809.5933221158848
11,17,14,15557.249118307538,16476.91018196787,919.6610636603309
11,6,9,16313.983488545053,15670.474648361214,643.5088401838384
12,1,21,16991.45309298483,16583.826687984645,407.6264050001846
11,6,21,17393.034079875306,16042.905780365361,1350.1282995099446
11,11,10,16600.04855169646,16519.427448664115,80.62110303234658
12,12,12,16379.0,16458.249872670724,79.24987267072356
11,4,20,16625.50584258274,15344.931835537443,1280.5740070452975
11,10,22,17128.352956605082,16356.268664456587,772.0842921484946
12,15,19,17877.818706215436,16448.55293714491,1429.2657690705273
12,4,12,15889.296134694929,17456.089304828216,1566.7931701332873
12,15,10,17778.434339473428,16444.44236725571,1333.9919722177183
12,15,13,16629.079191554927,16898.946210306258,269.86701875133076
12,7,22,17903.92349755501,17121.471463043952,782.4520345110577
12,8,5,14191.28685520225,13658.472107135727,532.814748066523
11,16,9,17349.947227366523,14896.235440273727,2453.711787092796
12,26,14,16458.293147911296,14784.976124860543,1673.317023050753
12,3,15,16718.897966261327,17066.943386322135,348.0454200608074
12,18,11,14806.67287523217,16853.10719833355,2046.434323101379
12,7,6,15123.246292258413,15098.137500105331,25.108792153081595
12,21,11,16667.831645277896,15076.030996862697,1591.8006484151992
12,13,14,16581.41571029031,15627.97839880647,953.4373114838381
12,8,9,15911.03434082044,16240.249839857768,329.2154990373274
12,27,8,16346.11950940643,15025.349158098652,1320.7703513077777
12,17,19,16901.910985362236,17270.18822376489,368.2772384026539
12,24,10,16994.938521242406,16924.568594105822,70.36992713658401
12,4,2,14138.635864675842,13961.169364508252,177.4665001675894
12,4,14,16378.834231553925,16595.93135922181,217.0971276678847
12,21,4,14278.031389240055,14921.492807352717,643.4614181126617
12,5,19,16732.374736200676,15574.106178454636,1158.2685577460397
11,22,11,16080.304590381294,14723.29367856897,1357.0109118123237
11,21,13,16606.04600674982,17097.538365008455,491.49235825863434
12,7,10,16826.03233365326,14818.07903075285,2007.9533029004106
11,20,23,16625.50281875253,16970.30258982538,344.79977107284867
12,19,23,16559.79752363776,17058.075346249843,498.2778226120827
12,18,3,13153.203899815147,13768.19367680147,614.9897769863219
11,7,11,16739.619273422526,17536.514932779035,796.895659356509
11,14,12,15809.686175941692,15831.75183891945,22.06566297775862
12,21,18,16622.827043008798,15224.793602507578,1398.03344050122
11,12,11,17299.0,16270.003463539162,1028.996536460838
12,14,11,17530.681927322785,15206.64387464395,2324.038052678834
12,4,16,18583.837061200025,17385.934230384195,1197.9028308158304
11,17,13,16018.231058232232,16841.72029744598,823.4892392137481
12,11,16,18711.18864146107,17765.96936121609,945.219280244979
12,4,20,16181.575415557663,17123.72446555476,942.1490499970951
12,18,5,12435.157920893658,14210.100651842835,1774.9427309491766
12,8,19,18375.36940617168,16391.931377857672,1983.438028314009
12,27,12,17289.563280132523,16642.773732518992,646.7895476135309
12,3,0,15008.608593149573,13337.770420944778,1670.8381722047943
12,15,6,14890.743551490605,15754.025845278578,863.2822937879737
12,1,6,13437.372917324436,14189.256258115951,751.8833407915154
12,24,8,17004.033874965422,16043.288801621418,960.7450733440037
12,22,18,17870.68907546585,16992.51851176979,878.1705636960578
11,21,22,16726.506034560964,16777.5081567715,51.00212221053516
12,19,18,18627.3455137151,16077.89512908036,2549.4503846347397
12,6,1,14689.825337431885,12783.756112918009,1906.0692245138762
12,27,23,18539.560919433337,17203.129071842315,1336.4318475910222
11,19,22,16245.145220899543,16393.939149993577,148.79392909403396
12,16,4,15354.666761019447,15847.177563630834,492.5108026113867
11,14,11,16353.018396558158,15746.557018182883,606.4613783752757
11,12,20,17155.31719533642,16461.108252546237,694.2089427901847
11,26,21,17164.38914073965,16615.823200001647,548.5659407380044
12,24,7,13475.33518975915,14100.753129005501,625.417939246352
12,10,13,17142.550026694447,16583.781526723087,558.7684999713601
12,11,22,17636.392122822752,17794.239184971866,157.8470621491142
11,20,9,14817.869721205543,16143.648371525038,1325.7786503194948
12,3,8,16484.20808313377,16532.594346271824,48.386263138054346
12,25,22,18067.560118908943,16817.669433842013,1249.89068506693
12,7,19,17844.547498161995,16229.679688100992,1614.8678100610032
12,26,9,15138.185364804827,14464.110167623732,674.0751971810951
12,11,6,13414.351714663382,14172.511240355821,758.1595256924393
11,19,11,15946.309780496304,16748.183451655397,801.8736711590936
11,14,11,16099.921283742528,15746.855293062057,353.06599068047035
11,19,9,15891.88580249991,16098.002552326752,206.11674982684235
12,2,2,13764.317656718533,13841.68973259706,77.37207587852754
12,16,1,13881.286998291203,13416.159027759477,465.12797053172653
12,24,9,14846.553728881683,16702.489666910824,1855.9359380291407
11,20,13,16339.476036018405,16941.36645499295,601.8904189745444
11,7,21,16747.2952337575,16317.169489957098,430.12574380040314
11,6,20,15897.361686489896,16896.061997792167,998.7003113022711
12,16,2,12688.002141762248,13844.263481660644,1156.2613398983958
12,5,10,15803.648638429326,16190.603434027294,386.95479559796877
11,15,23,16233.92284382063,16391.079524377677,157.15668055704737
12,26,19,18251.06809522909,15969.053231589096,2282.0148636399936
11,22,21,15975.60429313562,14677.036623708194,1298.5676694274262
12,3,7,13551.23868459288,15484.485963760246,1933.2472791673663
12,26,19,16483.221345464495,14313.671830504361,2169.549514960134
12,16,17,17608.65736071375,16674.14726544739,934.5100952663597
11,5,13,17928.81005988299,17694.570866257316,234.2391936256754
12,26,22,15973.175988625168,16773.647966345634,800.4719777204664
12,12,0,13904.6255910156,13850.47942461661,54.14616639899032
12,1,0,14791.166618772888,13599.321229107725,1191.8453896651627
12,26,10,17698.626174109595,14763.759099825766,2934.8670742838294
12,21,13,16815.016846631166,15434.787487702728,1380.2293589284382
12,1,4,13492.420436997923,13099.3587528806,393.06168411732324
11,19,10,16445.307545521617,16555.44250542509,110.13495990347292
11,18,12,16317.416736900092,16158.356531559504,159.06020534058734
12,24,7,12931.779781255143,14160.040562956929,1228.2607817017852
11,14,13,17548.32052068023,16737.987540425485,810.332980254745
12,6,12,16619.71568092885,14647.626223793692,1972.0894571351582
12,16,0,13668.048608818282,14002.643302373373,334.594693555091
11,20,14,15580.973860492104,17143.552931567825,1562.579071075721
11,27,15,16328.411300124031,18010.205647423332,1681.794347299301
11,26,14,14220.772359176668,15350.805857831741,1130.0334986550733
12,8,12,16615.739087402413,17972.299870567134,1356.5607831647212
12,20,10,17874.534063880907,15873.154221082674,2001.3798427982329
11,9,14,16077.189383812069,15232.879127947544,844.3102558645242
11,12,21,16538.382996980097,17283.9284419326,745.5454449525023
12,7,7,14212.597394301483,14770.297004080532,557.6996097790488
12,24,21,18860.411882326152,17680.341223178217,1180.0706591479357
12,20,23,19669.10246858717,15453.681434495955,4215.421034091216
11,23,22,17190.709297461053,16045.432394275884,1145.2769031851694
12,13,21,15637.571030297817,16901.432097370063,1263.8610670722464
12,26,11,17306.99404357993,14790.91908556769,2516.074958012239
11,6,12,14481.843068203842,15502.722679640547,1020.8796114367051
12,1,20,17185.86963742547,18157.14113396239,971.2714965369196
12,10,14,16506.87790200005,16466.08487630019,40.79302569986248
11,11,11,15892.001365216694,15808.380103918327,83.62126129836724
12,26,15,17321.67645992306,14735.06182678978,2586.6146331332784
11,21,11,15892.93095262958,16142.68670765279,249.75575502321044
12,6,12,17033.61043422627,15353.105630824704,1680.5048034015654
12,19,12,17150.934948362014,16517.523855863055,633.4110924989582
12,16,10,17102.791309459313,16633.68185614255,469.1094533167634
12,4,19,17727.05101084532,17356.64821825192,370.4027925933988
12,7,22,17066.467676706015,16500.432133827824,566.0355428781913
12,6,14,16719.078733623155,15471.75326786275,1247.3254657604048
12,20,5,15046.39008857956,15735.244685272282,688.8545966927231
12,5,20,17333.378068757942,16784.745001334533,548.6330674234086
11,21,22,16624.009189470846,16434.45977260153,189.54941686931488
11,24,15,15815.328662683,17595.6568328476,1780.3281701645992
12,10,14,18100.46617854828,17011.563941439534,1088.9022371087449
12,9,20,17428.953050077034,16978.090324768928,450.86272530810675
12,8,0,14186.819343450688,13402.005286547417,784.8140569032712
12,1,20,17994.145499353537,17014.746929905814,979.3985694477233
12,16,8,17798.905876173987,17026.848255569745,772.0576206042424
11,19,10,16762.281635226143,17284.31606940089,522.0344341747477
11,15,21,16731.601308189365,15970.376174448033,761.2251337413327
12,14,10,17377.16627202358,15283.575187723798,2093.591084299782
12,18,9,15511.202660916832,16168.246517508254,657.0438565914228
12,17,9,16150.558191250117,16208.191548437106,57.63335718698909
12,27,4,14718.809031647088,14420.371338560008,298.43769308708033
12,23,17,18701.862126145093,17746.99544421714,954.8666819279533
12,6,22,18448.401340764387,17078.71760573122,1369.6837350331662
12,15,3,14894.8311596657,13974.933499213003,919.8976604526979
12,7,19,17874.455593731287,16537.41753051369,1337.0380632175984
11,13,22,16392.740827400565,16449.07728406114,56.336456660574186
11,7,21,16548.155807463085,16083.349798394152,464.8060090689323
12,3,5,13645.219657224308,13847.240846370047,202.0211891457384
12,16,0,14517.030245957609,13711.4042864749,805.6259594827079
11,3,20,16786.77057507017,16766.72608862912,20.044486441052868
12,3,21,18519.85637654632,17500.370080936907,1019.4862956094112
12,3,21,18999.845023877457,16990.38008483083,2009.4649390466257
11,17,22,16738.50918980783,16520.42490695692,218.08428285091213
12,26,19,19763.028246479946,16878.830692736723,2884.1975537432227
12,1,3,13687.494612975332,14113.686715690614,426.1921027152821
12,17,14,16725.13872984977,18204.49922384052,1479.3604939907527
12,25,16,16868.138168088026,14629.506946302416,2238.6312217856103
12,20,22,17245.652178694858,16757.148412680483,488.5037660143753
12,2,11,16639.846358088947,16807.138550200933,167.29219211198506
11,17,10,15858.764593958813,15448.877120983356,409.88747297545706
12,9,2,14731.60825074904,14223.19353102586,508.4147197231796
12,9,7,16379.190058752789,17830.145914608252,1450.9558558554636
12,6,8,18675.03315911137,15055.547904617664,3619.4852544937075
11,16,9,16761.56147348853,13933.818897505073,2827.7425759834587
12,21,19,17871.95256556237,16474.021745502116,1397.9308200602536
11,18,20,17193.0,16553.193923525974,639.8060764740258
12,25,11,16661.451035973627,14092.520299076921,2568.9307368967056
12,26,22,16854.09392725738,16325.4025304327,528.6913968246809
12,19,1,14782.949687582868,13642.495796663976,1140.4538909188923
12,23,9,17110.740829346614,17083.766800424943,26.97402892167156
12,5,14,17210.373191910927,16625.418146767654,584.9550451432733
11,17,14,17383.125468559745,17610.111279111952,226.9858105522071
12,19,20,17290.542516062233,17196.839207448666,93.70330861356706
12,18,6,12789.271808380518,13437.031499387853,647.7596910073353
12,5,20,18928.428927821984,16886.164137224005,2042.2647905979793
12,7,23,17823.742736937802,17587.392887915354,236.34984902244832
12,17,1,13935.492101238244,13526.317882823963,409.1742184142804
12,22,12,18085.71644569503,17467.4038978241,618.3125478709298
12,7,9,16158.976952187551,14874.614810926863,1284.362141260688
11,23,20,16808.119790571032,15619.823517563496,1188.296273007536
12,16,16,17031.911706636485,17190.37906006964,158.46735343315595
12,27,9,15200.4956385708,14249.328726549558,951.1669120212409
12,19,4,13989.496206959537,14158.331261331963,168.83505437242638
12,9,16,17364.682166520015,16448.832075791364,915.8500907286507
12,19,7,12495.32213914795,13258.146705737003,762.8245665890536
12,19,0,15816.808143727816,13534.712636133634,2282.095507594182
12,5,4,13550.959491532798,13721.50453296008,170.54504142728183
12,15,7,14937.553651734092,16038.889587278853,1101.335935544761
12,19,20,16988.106389364093,17380.537669753536,392.4312803894427
12,23,4,14529.93618792513,15955.011890867432,1425.075702942302
12,13,3,13703.72967128546,13397.499724541623,306.229946743837
12,24,14,17521.1217810684,18295.584092820205,774.4623117518058
12,19,5,15407.190658774109,17498.983396709616,2091.792737935508
12,14,20,15431.006992719904,16136.664581424095,705.6575887041909
12,16,11,17884.61092756478,17397.66691937025,486.9440081945286
12,7,17,17878.714062589574,16229.331460458863,1649.3826021307104
12,9,20,17325.966474781195,17083.258302096754,242.7081726844408
12,25,23,16859.448726264753,16107.916055071715,751.5326711930375
11,6,21,16627.904391429733,15585.434204770101,1042.4701866596315
11,24,8,16901.115089648745,16190.700499315291,710.4145903334538
11,20,9,15598.658545732253,16405.904905656233,807.24635992398
12,7,19,17586.79784851972,16104.603790289188,1482.1940582305324
12,23,9,15819.874621567884,15556.473250293557,263.4013712743272
11,5,14,12862.09108979343,15659.653383048162,2797.562293254732
11,14,14,16617.286030837742,16052.117830082454,565.1682007552881
11,14,20,16782.130301115132,17419.055656198878,636.9253550837457
12,17,23,17231.67294842534,17157.767877342387,73.90507108295424
12,27,14,17375.638497199412,15107.803618682794,2267.834878516618
11,19,11,16208.184115871292,16189.627344801478,18.556771069814204
12,24,21,19234.108879831612,16257.449117055321,2976.6597627762912
12,19,23,17423.740247768557,17875.469781740514,451.7295339719567
12,3,6,13643.535078843624,14015.205374485606,371.6702956419813
12,20,14,16379.0,15262.461374056387,1116.5386259436127
12,17,15,17009.14902026675,16954.359220950504,54.78979931624417
11,17,14,16274.609090870552,16569.880735714716,295.27164484416426
12,5,17,17300.00393429034,16813.262684406156,486.74124988418407
11,20,9,16481.0,15874.202882826543,606.7971171734571
11,5,11,17075.328181478704,15971.205574832073,1104.1226066466315
12,18,2,14140.62381825663,13669.95018549329,470.6736327633407
12,20,8,16150.183699024425,14772.724977492517,1377.458721531908
12,21,13,16609.19975751144,14998.508458286247,1610.6912992251928
12,10,22,15705.815179426078,17570.84002905555,1865.0248496294735
12,15,10,15234.829986048802,16307.091661737131,1072.261675688329
11,16,10,16654.96019045747,13968.360310006889,2686.5998804505816
12,27,21,17107.43321471115,15832.97443046645,1274.4587842447
11,11,21,16710.680033110017,16660.199599712185,50.4804333978318
12,8,12,16660.389145360426,17018.94416574739,358.5550203869643
11,13,15,14958.909949858782,16527.805520532424,1568.8955706736415
12,15,6,14695.412170594444,14479.826686619395,215.5854839750482
12,3,14,16557.76670152252,17228.362600516557,670.5958989940373
12,6,4,13791.268210966127,13228.850606462145,562.4176045039821
11,16,20,16755.26833144094,15771.86643579261,983.4018956483305
12,10,4,15259.30189956433,16510.407617095483,1251.1057175311525
12,14,9,14694.822805735526,14813.577434804829,118.75462906930261
12,3,10,17725.900774696154,17173.800418969946,552.1003557262084
11,12,9,16286.947099800114,17053.41640000239,766.4693002022741
12,11,10,16967.84214826665,17011.080267932488,43.238119665838894
11,23,15,16660.328181113055,14387.362714996341,2272.9654661167133
11,15,21,16755.817990224885,16200.954843688764,554.8631465361213
12,16,9,16677.32149737907,16366.256766625691,311.06473075338
12,4,19,16034.119913579923,15297.533495973663,736.5864176062605
12,23,14,16670.27134268934,16756.47463293145,86.20329024211242
12,25,19,17119.774923868168,15698.748288977762,1421.026634890406
12,3,16,16424.851067290925,16441.162737895575,16.311670604649407
12,25,20,16962.366439439433,16128.273301831254,834.093137608179
12,18,9,17798.510780866567,16666.479175273085,1132.0316055934818
12,12,19,17878.22712907414,16887.575441182806,990.6516878913353
11,8,23,16725.223740893824,16425.214328648934,300.00941224489
12,20,0,14797.871375818771,13159.66641698901,1638.2049588297614
12,22,2,13762.999581337495,13549.697206998533,213.30237433896218
12,10,5,13651.728280798456,13706.470928642593,54.74264784413754
12,23,9,17626.580755838124,17130.730181304756,495.85057453336776
12,13,16,16302.5861548588,14378.627815700105,1923.9583391586948
11,14,10,17808.51908269627,16377.020700874356,1431.4983818219152
12,27,4,14505.410055776205,12600.604202179893,1904.8058535963119
11,8,13,16134.484205578015,15086.211455931803,1048.272749646212
11,19,8,15908.0,15908.914734704496,0.9147347044963681
12,4,2,13468.276060801154,13283.763987229377,184.51207357177736
12,14,20,16694.686415542463,16764.907377807045,70.22096226458234
12,27,19,18043.20526064259,16350.763845318994,1692.4414153235957
12,18,7,14168.890335935032,14446.631845106316,277.74150917128463
12,4,20,15726.66638224622,17132.91693777994,1406.2505555337211
12,9,10,16109.798231181328,16387.294229654846,277.49599847351783
12,8,14,16564.941595130414,17296.967034082554,732.0254389521397
12,26,2,14741.115038256785,12644.375983577746,2096.7390546790393
12,20,20,16978.20624676056,16293.43836262656,684.7678841340003
12,26,7,12674.565942621366,13456.543022966458,781.977080345092
12,2,10,17405.942046589586,17240.418617465875,165.52342912371023
11,11,22,16934.4878997542,16583.551575448768,350.9363243054322
11,6,22,16933.655586668545,17500.145300018597,566.4897133500526
11,26,15,14088.586052630688,16529.656285311306,2441.0702326806186
12,23,2,13694.5591109527,14089.296338769605,394.73722781690594
12,8,8,17396.974324563842,16691.37752956534,705.5967949985024
11,18,20,16828.19725357926,16216.599343721024,611.5979098582357
11,17,21,18024.233966659976,16472.415956134275,1551.8180105257015
12,7,19,17604.76831450387,16167.033908703552,1437.73440580032
12,22,6,14686.990725086813,14601.637972153505,85.35275293330778
11,26,8,17094.476950571698,15476.957455707314,1617.519494864384
12,6,5,14181.24800979056,13170.383344714715,1010.8646650758456
11,1,14,14571.5049709454,14843.274176030662,271.769205085262
12,27,11,17054.094372906296,14593.88802087743,2460.2063520288666
12,17,4,13245.863834047484,13361.43000150078,115.56616745329484
12,17,4,13924.047840786568,14159.007259534634,234.95941874806522
11,12,20,15949.068688762964,16562.555747060152,613.4870582971889
11,14,23,16393.768712911435,16225.142658504989,168.6260544064462
11,21,13,16557.22364871093,16050.449742677847,506.7739060330823
11,4,12,16923.771684634128,16900.42199438446,23.349690249669948
11,10,20,16712.349783229783,15658.708283527409,1053.6414997023749
12,25,18,17316.021825141648,14990.052563059902,2325.969262081746
11,8,21,16624.406610144684,15575.448772009719,1048.9578381349656
11,12,8,16326.398759163018,14999.213025601057,1327.1857335619607
11,15,8,16597.228598499805,13748.37328873023,2848.855309769575
11,8,22,16650.354204000487,15848.39186448162,801.9623395188664
12,21,10,16716.57676356185,14970.476720218354,1746.1000433434965
12,27,7,13270.239110919689,13259.251187957892,10.987922961796357
12,18,23,17920.232806924785,17824.585702037693,95.6471048870917
11,11,13,14945.393116282225,16000.063151791606,1054.6700355093817
12,13,16,16860.93791689472,15835.066098149404,1025.871818745316
12,8,3,13729.827254138829,13934.955453448041,205.1281993092125
11,14,15,14622.296347477824,15942.553960965963,1320.2576134881383
12,25,1,13136.821536630086,12482.311359499952,654.5101771301343
11,21,23,16755.399740371726,16642.204199830085,113.1955405416411
12,12,14,16720.078340792923,17120.409845362337,400.3315045694144
12,15,2,14454.735202729898,13514.53000565065,940.205197079249
12,1,12,19080.39091271719,16598.19505011572,2482.195862601471
12,8,8,17300.575435544753,16562.602934087037,737.9725014577161
12,12,3,13958.848552591848,13888.81467057026,70.03388202158749
12,13,23,16882.683701824288,17084.300147485865,201.61644566157702
11,5,10,16780.690921767968,16870.50063576478,89.8097139968122
12,12,2,15630.54816847944,13938.800950273386,1691.7472182060537
12,25,15,15760.950553758275,15338.146188457364,422.80436530091174
11,4,15,12850.456869361711,15571.765266834549,2721.308397472838
12,26,21,18432.929958998375,16343.886611533071,2089.0433474653037
11,19,9,16482.927051182112,15845.73494051559,637.1921106665231
12,25,5,14954.544216702749,14999.336133438224,44.79191673547575
12,11,6,14425.35349976939,15325.707635041967,900.354135272577
11,1,23,16069.432244530595,15795.555646434665,273.8765980959306
12,11,19,18390.99488999056,16787.74171582779,1603.2531741627718
12,4,14,16616.749498732108,16734.448861730987,117.69936299887922
12,25,6,13725.533472935043,12878.432944020731,847.1005289143122
12,10,7,13547.838516880563,13737.211087608628,189.3725707280646
12,7,5,11798.765040647284,13612.890860698124,1814.12582005084
12,22,18,18203.288062133215,16945.37530178564,1257.9127603475754
11,23,22,16657.164231994244,16075.89361930059,581.2706126936537
11,18,9,16285.25817664825,15747.514580334111,537.7435963141397
12,19,20,18046.044536929327,17216.684441862868,829.3600950664586
12,13,16,17924.38612494362,15623.849495937486,2300.536629006134
12,13,22,17196.604993428842,17136.679649140624,59.925344288218184
12,17,19,16837.63141840769,15630.91443270796,1206.7169856997316
11,16,21,16625.85346352277,14488.70721242927,2137.1462510935
11,20,13,16308.965112524897,16259.350545714824,49.614566810072574
12,14,12,16595.42874992106,14842.461685208194,1752.9670647128642
12,11,5,13545.925897722826,13878.622276362395,332.69637863956996
12,10,16,16413.309061567405,16626.23402380916,212.92496224175557
11,8,23,16713.311632790967,16001.683150034642,711.628482756325
12,22,12,18023.012901517755,16125.989959242417,1897.0229422753382
12,20,0,14270.03789249524,12996.487536593435,1273.5503559018052
11,4,8,15842.473193354945,15848.742028793593,6.268835438648239
12,23,15,16013.595121314427,16430.85898774019,417.2638664257629
12,10,23,17512.755542242678,17924.62577371934,411.8702314766633
12,2,7,13290.184925945996,13304.440811370903,14.25588542490732
12,20,12,17488.330997805504,15758.135081073813,1730.1959167316909
12,2,7,14189.03877404561,14125.0384909182,64.00028312741051
12,3,12,17502.699275800547,16525.043516989135,977.6557588114119
12,4,16,18892.683113344472,17968.520256802076,924.1628565423962
11,6,22,16369.282515285226,16508.017609827144,138.73509454191844
11,17,8,14998.647141126505,16198.929690741035,1200.2825496145306
12,27,8,15601.435179204029,14116.569883590197,1484.8652956138321
12,18,0,13776.632812069529,13864.947429072565,88.31461700303589
11,26,14,15714.754186377832,16791.970413500865,1077.2162271230336
12,25,11,17236.677609557893,14436.967836452077,2799.7097731058166
12,10,7,14030.15318383261,14066.026332855921,35.87314902331127
11,16,20,16625.786755456862,16192.21836729186,433.56838816500203
12,22,10,16356.115956838965,16476.35395286648,120.23799602751569
12,12,3,13103.40270709747,14495.36504277279,1391.96233567532
11,10,15,17690.358266684412,16340.262754155967,1350.0955125284454
12,25,4,12737.192135777384,12694.000896631238,43.19123914614647
12,7,9,17497.696562396737,14882.707119000368,2614.989443396369
11,2,21,17054.07192560406,16033.176566418331,1020.8953591857298
12,19,17,17359.262437165362,17539.523173562942,180.26073639758033
12,26,6,14426.14859692572,13802.499204527858,623.6493923978614
12,7,17,16806.152171200396,15716.494188053557,1089.657983146839
12,9,9,17277.25415728137,16235.058421554013,1042.1957357273586
11,18,22,16395.374838751843,16959.240414256084,563.8655755042419
12,7,11,17304.811336107676,15392.790211563128,1912.021124544548
12,20,5,13449.90943820911,13344.16708839808,105.74234981102927
12,15,15,16382.64291155377,17323.258475184513,940.615563630743
12,8,5,12934.562182455988,14196.595472788707,1262.0332903327198
12,17,22,19199.822222231447,17091.808003595474,2108.0142186359735
11,2,23,17027.100383428293,16344.18069493128,682.9196884970133
12,23,23,17961.309206433514,17635.007164776835,326.30204165667965
12,3,3,13874.138145282244,14468.232496627354,594.0943513451093
11,19,20,16949.198141277553,16330.467006885552,618.731134392001
11,21,14,16393.497876010097,15759.073291451008,634.4245845590885
11,24,21,17110.939518207204,17067.373812015525,43.565706191679055
11,26,22,16951.910925435863,17047.96945054912,96.05852511325793
11,25,13,16348.924822223376,16254.128919896444,94.79590232693226
12,3,5,11778.076004161634,12975.892266123557,1197.8162619619234
11,22,13,16897.18067350015,15135.282596180812,1761.8980773193362
12,15,17,18790.703583590726,17888.036557636005,902.6670259547209
12,3,4,15403.20640240997,16503.78176771768,1100.5753653077081
11,16,23,17046.71119539361,16764.5377607593,282.173434634311
12,3,1,14617.57238599299,13786.226571413132,831.3458145798577
12,18,6,12663.904084550588,14135.70254800332,1471.798463452733
11,26,15,16431.05505495619,17271.29563847561,840.2405835194222
11,25,21,16780.362809542625,17161.453114085612,381.0903045429877
12,6,23,16882.49836631765,16635.751964285035,246.74640203261515
11,6,14,15236.753542420349,16726.050781612645,1489.2972391922958
12,19,23,17200.080989420727,16830.493124045614,369.5878653751133
12,14,8,17001.769627524933,15042.859374246538,1958.9102532783945
11,20,23,16386.63528428188,16339.735661528015,46.899622753866424
12,24,15,17021.29296345508,17016.86545493378,4.427508521297568
11,10,15,16823.66139851909,16731.384873341514,92.27652517757451
11,6,14,15778.302622330337,17067.904840275376,1289.6022179450392
12,21,8,16951.529723465683,14832.55255022485,2118.9771732408335
12,4,23,17634.307406899316,18042.524735638814,408.21732873949804
11,10,13,16308.311671184798,16946.92992610393,638.6182549191326
11,27,20,17397.180470416188,16884.71524239803,512.4652280181581
11,14,22,17679.39011344265,15988.743553246062,1690.6465601965865
12,3,7,13777.563881185128,14024.952368651288,247.38848746615986
12,4,14,16715.135745000043,16926.92429648055,211.7885514805057
12,5,17,17844.310348788204,18464.83896151774,620.5286127295367
12,16,21,17363.08243490332,17414.233875293878,51.15144039055667
11,6,14,16895.279954911824,17085.837751721432,190.55779680960768
12,16,1,14018.339656152431,13934.852286632013,83.48736952041872
12,15,2,13419.094009007558,13566.951566649235,147.85755764167698
12,23,14,17008.28061373051,17427.46736191762,419.18674818711224
12,9,19,18322.933126008236,17122.887149575905,1200.0459764323314
12,24,19,18372.250624980585,16968.055454657828,1404.195170322757
12,18,5,13337.21495032433,13626.077539321002,288.86258899667155
12,3,7,15034.271844172095,16765.50907597666,1731.2372318045655
12,26,18,19416.142506410117,14908.970154168426,4507.1723522416905
11,17,22,17179.531060165944,16883.383326994004,296.14773317193976
12,27,7,15046.865835981149,16107.80032200016,1060.9344860190104
12,22,22,17997.571227719625,17681.394915373963,316.17631234566215
12,27,5,11864.988072196742,13484.592763863195,1619.6046916664527
12,14,10,17291.283422398526,15496.488087214153,1794.7953351843735
12,9,9,16463.73077480016,17062.852908194913,599.1221333947542
11,23,11,16189.58221848853,14803.81967610669,1385.762542381839
12,27,18,16967.272445670944,16332.140843527783,635.1316021431612
12,19,22,17103.27715450751,17885.078463567537,781.8013090600289
12,8,19,16767.860547844204,14829.878734816553,1937.9818130276508
12,12,6,13493.082230090642,13849.555301149492,356.4730710588501
11,4,12,16561.46727394456,16415.277119347626,146.190154596934
11,27,21,16205.278567693562,16399.92237046868,194.64380277511918
12,6,14,16147.77101145282,15782.614455630955,365.15655582186446
12,19,19,17593.114765317252,17138.22613072005,454.8886345972023
11,10,15,16901.268297049093,16103.381642237064,797.8866548120295
12,24,0,14873.838761661904,13426.625471401097,1447.2132902608064
12,16,5,13650.340145910555,14225.729417824823,575.3892719142677
11,1,20,16064.43086790499,15876.247712853203,188.18315505178725
12,14,20,17283.516814580333,16309.495526865303,974.0212877150298
12,13,8,16055.97970159267,14610.255238205968,1445.724463386703
12,5,17,18339.971192972494,17860.535489300677,479.43570367181746
12,27,5,14531.62708635479,12784.360168826362,1747.2669175284282
11,25,10,16180.30090557002,16140.191395448366,40.10951012165424
12,26,19,17112.27171103893,15706.559153727892,1405.7125573110388
11,26,11,15410.50814735201,16723.377891917902,1312.8697445658927
11,14,22,16725.928448465394,17088.31490178725,362.3864533218548
12,14,2,13761.609147249465,12867.297455628119,894.3116916213457
12,15,7,14118.95407411998,14794.916106790377,675.9620326703971
12,11,23,16732.04717546344,16803.876051769665,71.82887630622281
11,27,10,17030.211741276216,15502.274762177018,1527.9369790991987
12,2,13,16598.70421143145,16389.45323397977,209.25097745168023
11,13,15,16667.38288992135,16475.636919885124,191.74597003622694
11,19,9,16184.905210321596,16103.406318650357,81.49889167123911
11,9,23,16933.362556475608,16476.133703193394,457.2288532822131
12,8,18,16793.60125977903,16942.08088060527,148.47962082624144
11,14,10,15772.197656545555,16801.896542125287,1029.6988855797317
12,4,22,18433.83450643011,17182.35373181802,1251.4807746120896
12,4,7,13423.684347571343,13610.607898641263,186.92355106992
11,19,9,16122.021384476488,16651.731502422823,529.7101179463352
12,3,21,17478.448981922957,17329.056537244487,149.39244467846947
12,14,0,13770.42362503035,12970.336209061888,800.0874159684608
12,1,22,15352.270466507212,17236.547127626964,1884.2766611197512
12,20,22,15803.186140650409,17134.570745309244,1331.384604658835
12,15,10,16962.159475813776,17027.13612857574,64.97665276196494
12,18,21,17203.897623843266,17551.890528395623,347.9929045523568
12,26,13,15392.506800829737,15588.362432950973,195.85563212123634
12,14,5,14692.16070744445,15172.629711082165,480.469003637716
11,7,14,17603.893382593567,16698.17447656182,905.7189060317469
11,13,8,15780.433026971356,16026.948142098481,246.51511512712568
12,12,19,19654.158354262458,18053.3215624223,1600.8367918401564
