month,day,hour,y_true,y_pred,error
11,3,21,17399.489647242546,16961.9579848123,437.5316624302468
12,15,2,15808.35639006027,14909.486125381954,898.8702646783149
12,16,22,18870.456947585702,17774.22216776847,1096.234779817234
11,5,12,18438.96779821521,17698.283014350094,740.6847838651156
12,26,11,16993.629440089888,16327.80662027872,665.8228198111683
12,13,12,17826.533556524606,17897.77295184273,71.23939531812357
12,25,2,13970.56786456418,13815.376244116023,155.19162044815675
12,13,13,16134.914289843851,15875.407493929613,259.50679591423796
12,11,4,11934.267804874517,13462.269723568332,1528.0019186938152
12,8,2,13694.006273868968,13407.915386923554,286.09088694541424
12,17,15,17543.508851988994,17444.243134862216,99.26571712677833
12,23,3,13883.101056512389,13634.117672060718,248.98338445167064
12,3,22,16924.103245463404,16812.141267584477,111.96197787892743
12,10,4,13176.949081686653,13407.915386923554,230.96630523690146
12,23,16,19267.69245340995,16097.919978468919,3169.77247494103
11,11,15,14022.442008232889,15776.766583573339,1754.3245753404499
12,8,8,16840.450856783464,16097.919978468919,742.5308783145447
11,1,22,16624.04706198346,15967.019262098504,657.027799884956
12,5,19,16776.183967333316,17327.36343883245,551.1794714991338
11,2,12,16686.031006378194,15241.7542773231,1444.2767290550946
12,27,3,15630.62694055981,14909.486125381954,721.140815177856
11,10,8,16974.574374431693,16363.49931130761,611.0750631240826
12,16,17,17715.386976209327,17518.891304858542,196.49567135078541
11,26,9,16154.320330767956,15193.242504120306,961.07782664765
12,20,20,17283.435889261924,17122.501187412778,160.93470184914622
12,22,22,17288.505683692667,16812.141267584477,476.3644161081902
12,22,3,14251.56963654375,13308.333643276004,943.2359932677464
11,23,22,16642.04780680437,15866.656896183284,775.3909106210867
11,6,8,14645.310077683002,15193.242504120306,547.9324264373045
12,25,5,13548.793384762328,13657.900182503634,109.10679774130585
12,8,5,12536.164020498614,13491.94267295088,955.7786524522653
11,26,10,16029.172584869932,16846.44355564742,817.2709707774884
12,1,23,17583.793178516888,17273.90073110218,309.8924474147061
12,20,8,16009.934223892866,17122.501187412778,1112.566963519912
12,21,17,17943.046831075862,16097.919978468919,1845.1268526069434
12,24,0,13516.081209513171,13546.057704036966,29.976494523794827
11,18,9,16554.840921042312,17721.83898127595,1166.9980602336364
12,8,0,14039.07977832882,13634.117672060718,404.9621062681017
12,22,14,16435.42995767256,17546.4071809682,1110.9772232956384
12,26,21,17656.931833069208,16812.141267584477,844.7905654847309
12,2,19,18607.018203611377,17826.278034901603,780.7401687097736
12,8,16,19446.042202942925,17826.278034901603,1619.7641680413217
12,5,15,16564.706548168426,16961.9579848123,397.2514366438736
12,17,13,16321.550630281416,14458.825973680689,1862.724656600727
11,14,13,16682.882954306147,15656.041769646918,1026.8411846592298
12,15,22,16551.345074028155,16097.919978468919,453.42509555923607
12,19,9,16781.614980520946,17611.517979540084,829.9029990191375
12,19,9,17378.581049845583,17721.727124054545,343.1460742089621
12,10,12,16597.907497349646,16136.370452343257,461.53704500638923
12,24,4,14514.174340341508,14317.92658651586,196.24775382564803
12,10,20,18820.675202738406,17542.65854275022,1278.016659988185
12,15,8,16478.35587920974,17611.517979540084,1133.1621003303444
12,27,22,16981.00153781165,16812.141267584477,168.86027022717462
11,22,15,16646.787514783384,16139.221282926037,507.5662318573468
11,2,20,16884.957109990322,16812.141267584477,72.81584240584561
12,13,11,16187.715021801214,15950.619248892059,237.09577290915513
11,26,15,14284.806103817731,15776.766583573339,1491.9604797556076
12,13,4,13455.952037886793,13657.900182503634,201.9481446168411
12,6,16,17111.26547110338,17848.54860238733,737.2831312839517
12,2,2,13528.95142011098,13308.333643276004,220.6177768349753
11,13,22,16665.606726952377,15875.407493929613,790.199233022764
12,23,20,16929.563558655493,18568.411293400328,1638.8477347448352
12,23,10,16840.078580949867,17611.517979540084,771.439398590217
12,27,18,18902.19088550139,17774.22216776847,1127.9687177329215
12,19,19,17829.465713648962,16812.141267584477,1017.3244460644855
12,22,18,19295.007834263575,18696.848141721766,598.1596925418089
11,27,21,16805.443293373664,16086.311614788394,719.1316785852705
11,20,12,14433.674272562828,15012.363980896107,578.6897083332788
12,26,14,17563.93615719362,17444.243134862216,119.69302233140479
12,6,7,13552.877543345863,15435.292396382405,1882.414853036542
12,22,13,18027.43579750668,17417.564977615315,609.8708198913664
11,9,21,15852.373843388796,15875.407493929613,23.03365054081769
12,11,20,17331.807314821293,16327.80662027872,1004.0006945425739
11,11,22,15264.699178552284,14458.825973680689,805.8732048715956
12,2,12,16717.07650423671,18087.716497537003,1370.639993300294
12,5,6,15420.977874355904,15407.857524973355,13.120349382548739
12,2,9,17425.655570724342,17444.243134862216,18.587564137873414
11,16,14,16328.592761019729,17848.54860238733,1519.9558413676023
12,1,0,13629.87675142899,12714.32426089883,915.5524905301609
12,25,20,16936.183970667433,16327.80662027872,608.3773503887132
12,7,11,17090.408513634655,17444.243134862216,353.834621227561
12,12,11,16150.470465198754,16097.919978468919,52.55048672983503
12,22,14,15731.975571630555,15899.252180483993,167.2766088534372
12,16,15,16657.44066837344,17076.250378715577,418.8097103421351
11,26,21,16068.299390552587,15498.846975985329,569.4524145672585
12,18,4,12419.862372405005,13462.269723568332,1042.407351163327
11,13,23,16780.218994718292,16961.9579848123,181.73899009400702
11,7,12,16139.206437785986,17848.54860238733,1709.3421646013448
12,20,20,17616.54228245136,16812.141267584477,804.4010148668822
11,23,13,16728.56633323191,15656.041769646918,1072.5245635849915
11,25,22,16624.617323925424,16972.601577468417,347.9842535429925
11,3,20,16390.72674577719,15498.846975985329,891.8797697918599
11,13,8,17645.49605771674,18087.716497537003,442.220439820263
12,20,16,17833.883292797622,15866.656896183284,1967.2263966143382
12,24,18,17560.32612702163,17076.250378715577,484.0757483060552
11,16,9,15843.794001843591,15875.407493929613,31.613492086022234
12,20,10,14924.700607878149,15950.619248892059,1025.91864101391
12,22,21,17616.900468851058,17327.36343883245,289.53703001860777
12,15,19,17806.970037636645,16327.80662027872,1479.163417357926
11,17,23,15963.043788596502,15656.041769646918,307.00201894958445
12,8,11,17814.040872910966,16057.227033813248,1756.8138390977183
11,2,13,16332.390610603266,15193.242504120306,1139.1481064829604
11,26,21,17380.464328937982,16961.9579848123,418.5063441256825
12,3,14,17126.95047076607,17701.49258242629,574.5421116602192
12,21,6,13955.004676047032,13815.376244116023,139.6284319310089
12,12,14,16927.083849652536,17444.243134862216,517.1592852096801
12,10,13,16903.710574295063,16136.370452343257,767.3401219518055
11,27,21,16624.186783742356,16374.561317464333,249.62546627802294
11,5,22,16629.85962772427,16374.561317464333,255.29831025993553
12,18,16,16141.14262830377,16374.561317464333,233.41868916056228
12,25,17,17707.329579134253,16586.106507581782,1121.223071552471
11,15,10,17530.26004783829,18175.353233487214,645.093185648926
11,7,8,16768.992801189204,16113.190272796512,655.8025283926927
12,15,5,13584.952140553269,13657.900182503634,72.94804195036522
12,12,2,13148.65893189838,13815.376244116023,666.7173122176428
11,25,21,17052.371341590406,16812.141267584477,240.23007400592905
12,23,14,17316.294350754422,16139.221282926037,1177.0730678283853
11,2,15,16566.899077415066,17848.54860238733,1281.6495249722648
12,17,4,12497.933892741496,13937.475768604103,1439.5418758626074
12,10,8,15680.12585258307,16566.25747548296,886.1316228998876
12,20,7,14994.88917915652,14789.82918482917,205.05999432735007
11,27,14,17701.370824575595,17411.370125349586,290.0006992260096
12,26,4,14039.816905912396,13815.376244116023,224.4406617963723
12,22,3,14093.969542104638,13815.376244116023,278.5932979886147
11,10,14,15882.604246378443,16165.441766927675,282.83752054923207
12,19,3,15277.112361226416,14152.760673005474,1124.3516882209424
12,16,14,18442.33142053004,18933.98173869986,491.6503181698172
12,4,0,13629.225597206374,14142.576793088952,513.3511958825784
11,16,22,16755.48282009703,16374.561317464333,380.9215026326965
12,8,0,14168.484237055784,13815.376244116023,353.10799293976015
12,27,8,16768.26843913912,17701.49258242629,933.2241432871706
11,16,8,14672.711917745895,15875.407493929613,1202.695576183718
12,12,19,17231.02876626734,17327.36343883245,96.33467256510994
12,23,4,13663.362514888426,13815.376244116023,152.01372922759765
12,4,23,17619.07772375045,17611.517979540084,7.5597442103680805
12,11,13,16394.011699696315,15875.407493929613,518.6042057667019
11,19,10,15524.46049547796,15193.242504120306,331.2179913576547
12,19,5,14670.664435677803,14909.486125381954,238.82168970415114
12,18,10,16995.17289214029,17939.937098693965,944.7642065536747
12,22,21,17280.328833823223,17273.90073110218,6.428102721041796
12,16,4,14430.31205786308,14040.594402479239,389.7176553838417
12,3,8,16677.633561392726,16097.919978468919,579.7135829238068
12,13,21,16889.66719962591,16097.919978468919,791.7472211569911
11,10,9,16130.849951031383,16139.221282926037,8.37133189465385
12,18,18,17015.356110928056,16374.561317464333,640.7947934637232
12,6,15,17321.02141543322,17444.243134862216,123.22171942899513
12,6,22,18877.662299175427,17611.517979540084,1266.144319635343
12,15,18,17946.86100351743,17892.223672520155,54.63733099727688
11,15,21,17089.466247640972,16086.311614788394,1003.1546328525783
11,4,14,15773.362873864413,17379.664206767793,1606.3013329033802
12,13,11,15951.639735101016,16097.919978468919,146.28024336790259
12,10,9,17020.59124192782,17721.727124054545,701.135882126724
12,1,6,14194.947684415003,14152.760673005474,42.18701140952908
11,22,12,16327.22466102623,15241.7542773231,1085.4703837031302
12,20,16,17097.637209795368,17346.836750725004,249.199540929636
12,15,21,17290.236848895558,16812.141267584477,478.09558131108133
12,4,5,13971.44504693618,13462.269723568332,509.17532336784825
12,16,20,16996.8035728358,16097.919978468919,898.8835943668819
12,1,21,17287.36952246004,17774.22216776847,486.8526453084269
12,21,5,14580.723942761117,14317.92658651586,262.7973562452571
11,13,23,17143.679438783776,16097.919978468919,1045.7594603148573
12,14,6,11778.384169612786,13129.968020808677,1351.5838511958918
12,10,2,13683.085020538383,13407.915386923554,275.16963361482885
11,17,23,16624.463637873825,15875.407493929613,749.0561439442117
12,23,10,17755.03800068706,16097.919978468919,1657.1180222181392
11,5,21,17140.889840286687,16086.311614788394,1054.5782254982932
11,20,10,14944.70570102555,15875.407493929613,930.701792904063
11,6,13,14864.46177041629,16165.441766927675,1300.9799965113853
12,19,15,16764.81095669374,17677.726257788287,912.9153010945483
11,19,15,16661.736618906427,17346.836750725004,685.1001318185772
12,24,20,18541.34643771097,17444.243134862216,1097.1033028487545
12,7,9,17026.086102951765,17611.517979540084,585.4318765883181
12,15,23,17399.656728435893,17611.517979540084,211.86125110419016
12,25,23,16694.098598968834,16097.919978468919,596.1786204999153
12,25,0,13248.329125712482,13308.333643276004,60.00451756352231
12,24,10,16472.99473896407,16097.919978468919,375.07476049515026
12,26,0,13762.393318089958,13815.376244116023,52.98292602606489
12,2,23,17661.249111255915,17611.517979540084,49.731131715831
12,22,22,17205.947561684316,17492.092191365013,286.1446296806971
12,17,6,13382.964722388684,13462.269723568332,79.30500117964766
12,12,19,19720.660230134847,19206.044102441472,514.6161276933744
12,6,0,15014.23013146254,13741.83092434564,1272.3992071168996
12,21,4,14925.889785866371,14317.92658651586,607.9631993505118
12,22,10,16840.749970553876,16097.919978468919,742.8299920849568
12,11,20,19100.197411696132,16327.80662027872,2772.3907914174124
11,7,14,17585.020839785902,17721.83898127595,136.8181414900464
12,5,6,14348.748096188248,13579.08501769877,769.6630784894787
12,22,16,17273.092444459555,17346.836750725004,73.74430626544927
11,22,23,16280.950114165436,15498.846975985329,782.1031381801076
12,26,23,16647.15070148055,16812.141267584477,164.99056610392654
12,21,22,18377.29947506232,17611.517979540084,765.7814955222348
12,12,1,13719.346950181643,12955.815866561976,763.5310836196677
12,21,9,16492.152606548196,17491.995082172038,999.8424756238419
12,4,23,20144.405249436943,19387.10355137212,757.3016980648208
12,27,6,14182.674000168625,14152.760673005474,29.913327163150825
11,18,23,16389.978534974704,15189.567760518714,1200.4107744559897
12,12,23,17283.45245972385,16812.141267584477,471.311192139372
11,26,12,16326.186011924428,17848.54860238733,1522.3625904629025
12,6,22,16576.519138488966,16374.561317464333,201.95782102463272
12,23,12,17664.45069725369,17376.43327926127,288.01741799242154
12,18,15,19258.199405777923,18933.98173869986,324.21766707806455
12,17,11,17000.64495836778,16097.919978468919,902.7249798988596
11,4,21,16624.613935842674,15875.407493929613,749.2064419130602
12,16,13,16523.922145476732,15875.407493929613,648.5146515471188
11,23,11,13557.035659788728,15193.242504120306,1636.2068443315784
11,26,14,14811.775523082004,15203.32979676372,391.55427368171695
11,3,13,15767.502869674609,16165.441766927675,397.9388972530669
11,3,11,16089.866619705848,15875.407493929613,214.45912577623494
12,20,9,14697.429573514864,18087.716497537003,3390.286924022139
12,23,23,17637.3752552877,18568.411293400328,931.0360381126266
12,19,23,17202.834359156986,16097.919978468919,1104.9143806880675
12,16,21,16709.11876302642,16812.141267584477,103.02250455805552
11,15,15,17418.16475483304,15656.041769646918,1762.1229851861226
12,27,22,16676.24423124428,17122.501187412778,446.2569561684977
12,11,0,14716.367641550967,13741.83092434564,974.5367172053266
11,4,10,16398.31238884425,16363.49931130761,34.81307753663896
12,7,14,16331.442081452553,15656.041769646918,675.4003118056353
12,13,17,17844.1154436203,17721.83898127595,122.27646234435088
12,5,0,13690.89528693408,13287.365800858093,403.5294860759859
12,17,17,19260.272446252588,17436.23026787108,1824.0421783815073
12,20,13,15813.50254267018,16057.227033813248,243.724491143068
11,14,10,17656.32961468879,18175.353233487214,519.0236187984228
12,12,15,15975.669518726088,15189.567760518714,786.1017582073746
12,16,10,16011.909506729173,16097.919978468919,86.01047173974621
12,12,10,16852.39374121318,16097.919978468919,754.4737627442628
12,10,8,16483.0937206833,17491.995082172038,1008.9013614887372
12,26,17,18373.57000947725,16327.80662027872,2045.7633891985315
11,19,21,16601.05104954953,15866.656896183284,734.3941533662455
12,21,18,18724.0,17542.65854275022,1181.3414572497786
12,27,7,12442.637932431842,13462.269723568332,1019.6317911364895
11,7,14,16116.861428921544,16165.441766927675,48.58033800613157
11,5,15,15788.359166618287,15656.041769646918,132.31739697136982
11,23,23,16911.070735460384,16812.141267584477,98.929467875907
11,8,13,17620.97285850798,16846.44355564742,774.5293028605593
12,4,20,17625.71938725866,17774.22216776847,148.50278050980705
12,4,0,14564.970353442402,13308.333643276004,1256.6367101663982
12,17,16,18331.828890435045,16097.919978468919,2233.9089119661257
11,15,21,16937.02989246241,16097.919978468919,839.1099139934922
12,7,1,13760.689464414392,13815.376244116023,54.68677970163117
12,5,1,13670.072260194504,13634.117672060718,35.954588133785364
12,23,11,16477.12287753325,15656.041769646918,821.0811078863317
12,6,19,18683.250716512437,15866.656896183284,2816.5938203291535
12,14,0,13558.313785369,12714.32426089883,843.9895244701711
12,23,20,18872.87393863089,17791.833147391055,1081.0407912398368
12,19,22,17422.353903093473,17774.22216776847,351.86826467499486
12,14,10,16054.814282971178,16165.441766927675,110.6274839564976
11,27,8,15806.1016228333,15875.407493929613,69.30587109631415
12,7,22,18010.88655158048,17444.243134862216,566.6434167182633
11,17,11,18018.031471075778,18568.411293400328,550.3798223245503
12,9,22,18029.76875612468,17774.22216776847,255.54658835621012
11,23,12,16881.590118667165,17611.517979540084,729.9278608729182
12,2,4,13605.081731513865,13937.475768604103,332.39403709023827
11,17,22,15847.597092335243,15498.846975985329,348.7501163499146
12,16,19,19269.33202516959,18520.437922249566,748.894102920025
11,14,13,14520.328391533074,15006.15605266519,485.8276611321162
12,26,4,13693.0,13815.376244116023,122.37624411602337
12,14,23,17143.394045356596,16327.80662027872,815.5874250778761
11,4,13,16276.40956324244,16165.441766927675,110.9677963147642
11,6,10,17528.6066406917,18087.716497537003,559.1098568453017
12,7,22,17349.826827769695,17774.22216776847,424.3953399987731
11,26,22,16754.546236604176,14834.436984921633,1920.109251682543
12,4,16,17815.667385615634,17721.727124054545,93.94026156108885
12,12,16,17360.99467718339,16586.106507581782,774.8881696016069
12,11,15,16670.97809177928,16139.221282926037,531.7568088532444
12,23,0,13115.126960284755,12415.671427695408,699.4555325893471
12,3,23,17969.734445286795,17611.517979540084,358.21646574671104
12,20,1,13714.575486024649,13407.915386923554,306.6600991010946
12,5,4,15426.138544752464,14317.92658651586,1108.211958236605
12,16,3,13548.509207441955,13815.376244116023,266.867036674068
11,10,14,13350.589078619225,15007.270123197595,1656.6810445783703
11,9,22,16602.7499846778,15875.407493929613,727.3424907481876
12,27,16,17844.841775515117,16298.403069730839,1546.4387057842778
11,7,11,16274.18188644296,16961.9579848123,687.7760983693388
12,11,3,14919.895106727769,13741.83092434564,1178.064182382128
12,7,7,14870.22462237288,14909.486125381954,39.26150300907466
12,16,7,13992.342864515002,14317.92658651586,325.58372200085796
12,15,9,16736.612576826203,17939.937098693965,1203.324521867762
12,3,19,18293.183730682613,17654.827251451832,638.3564792307807
12,17,13,17870.498350651073,17897.77295184273,27.274601191656984
12,11,0,13879.41917701876,13308.333643276004,571.0855337427565
12,18,22,17185.066021500963,17122.501187412778,62.56483408818531
12,18,22,18957.680219243142,17897.77295184273,1059.9072674004128
12,15,23,17483.836535516777,17444.243134862216,39.593400654561265
11,23,11,16735.999356774548,15983.523260194277,752.4760965802707
12,11,6,13459.227790381708,13462.269723568332,3.0419331866232824
12,12,3,13810.264447825455,13308.333643276004,501.93080454945084
11,7,20,16610.458452603372,15866.656896183284,743.8015564200887
11,5,11,15236.818410699463,15983.523260194277,746.704849494814
11,2,12,15249.261226316556,15158.955439886156,90.30578643039917
12,3,19,17166.961809239496,17076.250378715577,90.71143052391926
12,3,15,15784.311880642506,15875.407493929613,91.09561328710697
11,21,11,16879.76755125869,16363.49931130761,516.2682399510795
12,16,8,17725.260449244048,17376.43327926127,348.8271699827783
12,15,14,16744.553591328047,17483.567355343737,739.01376401569
12,1,6,12820.307313207986,12979.161329239467,158.85401603148057
11,12,9,16326.15075660166,15875.407493929613,450.7432626720474
12,17,2,13090.715271067853,13815.376244116023,724.6609730481705
12,23,21,17760.03853030685,18653.40802646281,893.3694961559595
12,19,18,18287.535596496786,16586.106507581782,1701.4290889150034
12,19,7,13233.821639188203,13634.117672060718,400.29603287251484
12,10,0,12902.015228754815,13815.376244116023,913.361015361208
12,5,10,15827.212661967584,16586.106507581782,758.8938456141987
12,12,0,13967.10151513694,13308.333643276004,658.767871860935
12,4,11,17572.938603119575,16097.919978468919,1475.0186246506564
12,18,3,13415.699185441996,12714.32426089883,701.3749245431663
11,22,12,14353.816833408337,15776.766583573339,1422.9497501650021
12,23,1,13773.723265909242,13546.057704036966,227.66556187227616
11,18,12,16742.16734977879,16139.221282926037,602.9460668527518
12,3,23,18538.406473167517,17611.517979540084,926.8884936274335
12,3,20,19150.333247838094,18696.848141721766,453.4851061163281
12,6,6,12696.293715098263,13634.117672060718,937.8239569624548
12,19,4,13552.820434523652,13407.915386923554,144.90504760009753
11,16,11,16394.418416339955,15193.242504120306,1201.175912219649
12,27,4,13767.111584421742,13657.900182503634,109.2114019181081
12,26,17,17324.551660209225,17721.83898127595,397.28732106672396
12,23,8,17502.456340845285,16554.0035313841,948.4528094611851
12,1,0,14218.990759451415,14142.576793088952,76.41396636246282
11,1,15,16349.808453600186,15656.041769646918,693.7666839532685
11,4,10,16122.61107589038,15875.407493929613,247.20358196076631
11,8,11,14211.05976830715,14511.84435979991,300.7845914927602
11,24,13,14870.197062202677,15776.766583573339,906.5695213706622
11,8,21,16390.681156391744,15498.846975985329,891.8341804064148
12,23,16,17233.008932230397,17721.727124054545,488.71819182414765
12,22,15,17651.56994371805,17902.716278132317,251.1463344142685
12,4,9,17501.47533156997,16554.0035313841,947.471800185871
11,10,13,17583.38496276961,15723.651351535558,1859.7336112340527
12,12,12,17815.36154036881,18103.074128375527,287.71258800671785
11,13,22,17329.69355520115,16961.9579848123,367.73557038884974
12,13,14,17507.939954443973,16961.9579848123,545.9819696316736
12,15,0,13727.947621999529,13815.376244116023,87.42862211649481
11,21,15,16681.666716663443,17848.54860238733,1166.8818857238875
12,22,19,16037.353613487836,15498.846975985329,538.5066375025071
12,11,11,17923.501480692066,16327.80662027872,1595.6948604133468
12,2,8,16409.473279399386,16363.49931130761,45.97396809177553
12,14,6,11756.543203050604,13129.968020808677,1373.424817758074
12,19,14,16718.888102868827,18087.716497537003,1368.8283946681768
12,1,17,17353.955660014057,17721.727124054545,367.77146404048835
11,21,10,16327.63722407426,16298.403069730839,29.234154343421324
12,17,23,16863.73733977137,16097.919978468919,765.8173613024519
11,10,12,14361.875295395696,16165.441766927675,1803.56647153198
11,24,14,17619.33949414225,16846.44355564742,772.8959384948284
12,6,1,13115.297795460236,12714.32426089883,400.97353456140627
11,27,11,14197.752230089232,15193.242504120306,995.4902740310736
12,16,4,11997.208866812662,13462.269723568332,1465.06085675567
12,19,1,13876.102811996294,13966.921762946797,90.81895095050277
12,20,21,16859.80785117483,16298.403069730839,561.4047814439928
12,13,20,16358.49329113021,14645.26005486149,1713.2332362687193
12,26,20,15833.203907512392,14645.26005486149,1187.943852650902
12,15,19,16423.751326854974,16374.561317464333,49.190009390640625
12,19,16,18582.796131283892,16097.919978468919,2484.8761528149735
12,4,5,13451.0,13614.56549111137,163.56549111137065
12,5,12,16324.259791302464,16057.227033813248,267.03275748921624
12,1,23,17577.151544663426,17774.22216776847,197.0706231050426
11,26,21,16190.643898860844,15875.407493929613,315.23640493123094
12,14,15,16330.004556105345,16374.561317464333,44.5567613589883
12,6,7,14506.4113056225,14633.790766434866,127.37946081236623
12,22,23,17430.588643103194,16812.141267584477,618.4473755187173
12,24,10,15961.60321129754,16413.658081057016,452.05486975947497
12,25,14,16336.894907925369,15656.041769646918,680.8531382784513
12,15,21,19189.847134669075,18922.71556750398,267.1315671650955
12,2,13,17858.219515350822,17898.37017848473,40.150663133907074
11,3,12,16467.313082095894,16139.221282926037,328.09179916985704
12,15,9,17500.952568496916,17444.243134862216,56.70943363469996
11,26,9,13490.842671602535,14864.146955896493,1373.3042842939576
12,21,20,18385.29572463158,17611.517979540084,773.7777450914946
11,17,12,17700.093015250164,16846.44355564742,853.6494596027442
12,23,17,17448.202941893724,17922.036633610143,473.8336917164197
12,18,8,17538.52811436046,16327.80662027872,1210.7214940817394
12,19,18,16312.701709052557,16374.561317464333,61.85960841177621
12,21,6,15909.380275373082,15672.181852283578,237.1984230895032
12,12,21,15445.535013991152,14834.436984921633,611.0980290695188
12,11,16,16132.241425243315,15498.846975985329,633.3944492579867
11,10,20,16640.92269901633,15866.656896183284,774.2658028330461
12,6,18,17878.02875050957,17444.243134862216,433.78561564735355
11,18,8,17953.824955636523,16327.80662027872,1626.0183353578032
12,10,7,12842.784629393143,12979.161329239467,136.3766998463234
11,9,15,14025.478204510002,15319.824277324593,1294.346072814591
11,17,22,15780.560525557366,15498.846975985329,281.71354957203766
12,1,23,17894.474488099837,17774.22216776847,120.25232033136854
12,21,14,17313.600282496962,17483.567355343737,169.9670728467754
12,13,18,17708.704430150065,17721.727124054545,13.022693904480548
12,6,2,13515.482006409818,13657.900182503634,142.41817609381542
12,6,4,13256.96690249343,14278.881509544079,1021.9146070506486
12,26,2,13260.31519338381,13308.333643276004,48.01844989219353
12,24,8,16656.205801215598,16097.919978468919,558.2858227466786
12,2,15,16376.239974111237,14458.825973680689,1917.4140004305482
12,3,9,15845.740516051232,16298.403069730839,452.6625536796073
12,19,9,16787.72076298226,17611.517979540084,823.7972165578249
11,4,14,16032.77768010658,15241.7542773231,791.0234027834795
12,9,12,17200.204814991164,17483.567355343737,283.362540352573
11,20,21,15660.362830502983,15189.567760518714,470.7950699842695
12,6,6,13443.58721930495,14278.881509544079,835.2942902391278
12,10,12,16369.647981363058,15875.407493929613,494.2404874334443
11,13,12,16909.68351852151,16165.441766927675,744.2417515938341
12,7,19,17426.33017260649,16327.80662027872,1098.5235523277697
12,18,20,17409.312865989006,16327.80662027872,1081.5062457102867
11,8,13,13571.998603929687,15128.408117565477,1556.40951363579
12,25,21,18270.65707078922,17774.22216776847,496.43490302075224
12,19,4,13982.276745303649,13937.475768604103,44.80097669954557
11,26,12,16644.19327170698,16139.221282926037,504.9719887809424
11,27,23,16389.75596742518,15875.407493929613,514.3484734955655
11,19,21,16070.075013881158,15875.407493929613,194.66751995154482
12,2,23,15977.80376482775,15554.647727813033,423.1560370147163
11,7,11,14195.129270108571,16086.311614788394,1891.1823446798226
12,10,13,16614.745084222886,16136.370452343257,478.3746318796293
12,17,10,16843.37250367734,17611.517979540084,768.1454758627442
11,15,22,16759.139392764955,16812.141267584477,53.00187481952162
12,8,13,15392.89082198889,15875.407493929613,482.5166719407225
12,16,8,16192.873016550013,16097.919978468919,94.95303808109384
11,1,10,16214.64570990249,16086.311614788394,128.33409511409627
12,10,1,14993.1678948586,13741.83092434564,1251.336970512959
12,19,14,16627.52604273396,16374.561317464333,252.9647252696268
12,21,7,13459.396126502665,13815.376244116023,355.98011761335874
12,22,3,13714.889312535332,13546.057704036966,168.8316084983653
11,19,12,16318.055868620562,15656.041769646918,662.0140989736446
12,24,20,17463.116428760462,17721.727124054545,258.6106952940827
12,4,18,18375.986285254327,16097.919978468919,2278.0663067854075
12,13,16,15876.01016204665,15751.900138194185,124.11002385246502
11,23,8,15000.044861854594,15193.242504120306,193.1976422657117
11,15,14,16326.496971103124,16165.441766927675,161.05520417544903
12,19,10,16876.531813777325,17611.517979540084,734.9861657627589
12,13,19,19713.381777948845,19562.46183043684,150.919947512004
12,21,11,16674.407665503328,16040.19776964429,634.2098958590377
12,20,2,13556.01958667383,12625.30277938336,930.7168072904697
11,14,12,14613.20599540646,15815.956291458526,1202.750296052065
11,18,12,15505.20941488638,15776.766583573339,271.5571686869589
11,18,12,16873.09635195316,16139.221282926037,733.8750690271245
11,7,23,16596.00616642859,14834.436984921633,1761.5691815069567
11,9,21,16912.626337827198,16812.141267584477,100.48507024272112
12,2,19,17925.780675571234,16961.9579848123,963.8226907589342
12,19,8,17797.788021600187,16097.919978468919,1699.8680431312678
12,27,6,15884.837483294208,15672.181852283578,212.6556310106298
12,16,5,13994.520612074635,13815.376244116023,179.14436795861184
12,24,13,16567.74469027704,16374.561317464333,193.18337281270578
11,8,20,16601.50922746486,16374.561317464333,226.94791000052646
12,23,15,17830.196958012904,17826.278034901603,3.9189231113014102
11,14,13,17614.524554892003,15656.041769646918,1958.4827852450853
11,22,12,15419.275411035944,15776.766583573339,357.49117253739496
12,16,22,16584.193319678492,16097.919978468919,486.2733412095731
11,12,22,16755.5889004017,16285.681645594854,469.90725480684705
12,12,8,17808.63163118154,17774.22216776847,34.409463413070625
12,18,22,17068.488498539424,16298.403069730839,770.0854288085848
12,20,20,17400.11514599175,16812.141267584477,587.9738784072724
11,11,11,16442.76373626719,16298.403069730839,144.36066653634953
12,13,19,18319.189819470397,17444.243134862216,874.9466846081814
12,4,14,18093.753172595596,18175.353233487214,81.60006089161834
12,15,20,18653.906552783064,18653.40802646281,0.49852632025431376
12,13,6,14161.859069387006,13815.376244116023,346.4828252709831
11,23,13,16462.09735091972,15656.041769646918,806.0555812728035
12,23,4,12322.13151596498,13462.269723568332,1140.1382076033515
12,9,10,16637.814870371443,16363.49931130761,274.31555906383255
12,5,2,13770.974518468338,13657.900182503634,113.074335964704
12,14,21,18584.348244961227,15976.5835717487,2607.7646732125268
12,20,4,16019.914356589656,15407.857524973355,612.0568316163008
12,20,8,17058.689380417374,17774.22216776847,715.5327873510942
12,17,18,18024.968751963403,16327.80662027872,1697.1621316846831
12,16,6,18046.23001305141,16459.337963292262,1586.8920497591462
12,4,10,16791.485894430076,17939.937098693965,1148.451204263889
11,6,15,13569.60722463473,15776.766583573339,2207.1593589386084
12,5,2,15937.771144900018,15407.857524973355,529.9136199266632
12,1,2,13860.053773194262,13634.117672060718,225.93610113354407
11,19,21,16648.33468264662,16080.614417355531,567.7202652910873
12,3,16,19036.588055771954,17754.808907363724,1281.77914840823
12,25,3,13686.115562532032,13815.376244116023,129.26068158399175
12,2,23,16879.75626988814,15498.846975985329,1380.9092939028124
11,10,23,15812.585449858816,16165.441766927675,352.8563170688594
12,22,16,18384.61334313393,17705.37288067224,679.2404624616902
12,25,20,17352.276345170194,16812.141267584477,540.1350775857172
11,22,9,16356.098171559986,17939.937098693965,1583.8389271339784
11,14,12,18427.914665290675,17698.283014350094,729.6316509405806
12,21,4,12506.003616345462,13815.376244116023,1309.372627770561
12,25,13,16494.489411119495,16374.561317464333,119.92809365516223
12,10,18,18659.01645884571,16961.9579848123,1697.0584740334089
11,26,20,16754.473279792488,15765.49692329531,988.9763564971781
12,4,3,15152.55251069414,14152.760673005474,999.7918376886664
12,9,15,18310.226770277335,18933.98173869986,623.7549684225232
12,11,6,11784.579684903696,12979.161329239467,1194.5816443357708
12,9,23,17453.00780051742,17721.727124054545,268.7193235371269
11,11,9,14434.83491716801,15193.242504120306,758.4075869522967
12,1,3,13895.30253028183,13634.117672060718,261.1848582211114
11,25,21,16953.216783144184,16086.311614788394,866.90516835579
11,25,23,16633.66612430719,16812.141267584477,178.4751432772864
12,22,7,12915.264693629895,13462.269723568332,547.0050299384366
12,23,5,15348.60852819909,15407.857524973355,59.248996774264015
12,19,9,17489.805646804645,16097.919978468919,1391.8856683357262
11,4,15,16327.272424543286,15656.041769646918,671.2306548963679
12,8,12,16718.823060437207,17444.243134862216,725.4200744250084
11,21,13,16175.636132936568,15241.7542773231,933.8818556134684
11,27,12,16495.63187323673,15241.7542773231,1253.8775959136292
11,14,10,17071.20840346808,16106.297843127904,964.9105603401767
11,6,14,14487.372303052894,16165.441766927675,1678.069463874781
11,26,9,16253.633435696527,15983.523260194277,270.11017550225006
12,6,5,14837.678567569965,15435.292396382405,597.6138288124403
11,2,9,16205.556127119124,15193.242504120306,1012.3136229988177
11,22,13,13311.919329962027,15128.408117565477,1816.48878760345
12,13,8,16480.07914724478,16097.919978468919,382.1591687758628
11,25,12,14254.9651609034,15007.270123197595,752.3049622941944
12,19,10,17331.353382714504,17444.243134862216,112.88975214771199
12,15,8,16129.977202885271,16363.49931130761,233.52210842233944
11,8,10,15283.681004475848,16086.311614788394,802.6306103125462
12,13,18,18363.827617786777,17611.517979540084,752.3096382466938
12,9,9,16839.471832006264,17774.22216776847,934.7503357622045
12,9,14,16461.036863837184,15498.846975985329,962.189887851855
12,26,9,17329.570326681926,16327.80662027872,1001.763706403206
12,10,4,13483.304922743931,13462.269723568332,21.0351991755997
12,1,18,18583.48016748526,17868.095852264472,715.3843152207883
11,14,12,16381.987695297295,15656.041769646918,725.9459256503778
12,24,14,16579.150396748162,17873.32865495291,1294.178258204749
12,13,15,16564.900975888213,17158.4305721483,593.5295962600867
11,22,23,17127.649556294364,16812.141267584477,315.508288709887
12,17,7,13992.370599149095,13937.475768604103,54.894830544992146
12,3,1,14433.41438747263,13815.376244116023,618.0381433566072
12,20,9,16193.6223114629,15723.651351535558,469.970959927341
11,8,11,16039.015357300914,15875.407493929613,163.60786337130048
12,10,9,16059.379131344136,16097.919978468919,38.540847124782886
12,6,2,14233.627575558176,14142.576793088952,91.05078246922312
11,5,14,16328.727711323716,15899.252180483993,429.47553083972343
11,19,13,16005.012585152814,17379.664206767793,1374.6516216149794
11,8,8,16755.687589032914,17491.995082172038,736.3074931391238
11,16,23,16734.289002229445,15656.041769646918,1078.2472325825274
12,14,10,16841.837604800603,17611.517979540084,769.6803747394806
12,5,9,17749.8181813078,16097.919978468919,1651.8982028388818
11,3,23,15361.736581793708,15960.520616897047,598.7840351033392
12,23,0,13974.823475285571,13815.376244116023,159.4472311695481
11,2,21,14863.044112109576,15992.202304919107,1129.158192809531
12,15,20,17438.176781758517,17774.22216776847,336.04538600995147
12,11,7,14715.887457317156,14317.92658651586,397.96087080129655
12,22,13,16487.417770189335,16586.106507581782,98.68873739244736
12,1,14,16605.687686700458,16139.221282926037,466.46640377442054
12,13,11,17773.686373036286,16327.80662027872,1445.8797527575662
11,10,11,17452.332212737914,18175.353233487214,723.0210207493001
11,13,14,15696.931934677314,15656.041769646918,40.89016503039602
12,5,17,17682.220067533017,17546.4071809682,135.81288656481775
12,5,7,14437.41503630142,14317.92658651586,119.48844978556008
12,8,5,13969.26538395356,13657.900182503634,311.36520144992573
12,26,20,16897.0652963296,16097.919978468919,799.1453178606826
12,26,22,16959.89077661281,16097.919978468919,861.9707981438914
12,26,10,15791.623338353478,16106.297843127904,314.67450477442617
11,15,11,17095.031449945698,16113.190272796512,981.8411771491865
12,23,1,13290.904933562391,13308.333643276004,17.42870971361299
12,4,16,18663.674585270142,16554.0035313841,2109.6710538860425
12,21,22,17052.40069918061,16812.141267584477,240.25943159613234
12,25,9,17459.18476283245,17444.243134862216,14.94162797023455
12,5,3,14489.997188783827,13815.376244116023,674.620944667804
12,18,5,13674.048043905665,13462.269723568332,211.77832033733284
12,11,0,13923.297280914494,13815.376244116023,107.9210367984706
12,14,17,19267.93209872308,17826.278034901603,1441.6540638214756
12,7,17,19398.623027533125,18922.71556750398,475.907460029146
12,7,0,13722.792564383724,13287.365800858093,435.42676352563103
12,1,22,18046.35208821159,18653.40802646281,607.0559382512183
12,23,2,14636.393307637283,13966.921762946797,669.4715446904866
12,6,20,16720.174872872347,16586.106507581782,134.06836529056454
12,3,4,14717.76068398589,14317.92658651586,399.83409747003134
11,27,15,14483.755715030617,15656.041769646918,1172.286054616301
12,15,2,13629.508324003387,13287.365800858093,342.14252314529404
11,16,13,16558.768386224314,17346.836750725004,788.0683645006902
12,17,20,17121.027807484843,16812.141267584477,308.8865399003662
12,7,0,14575.856833109296,13815.376244116023,760.4805889932722
12,20,6,14464.459867030424,14152.760673005474,311.69919402495
12,25,11,17322.171561853214,17939.937098693965,617.7655368407504
12,12,12,16607.753413634302,15899.252180483993,708.5012331503094
12,12,5,13691.60567248584,13462.269723568332,229.33594891750909
12,26,6,13484.427923892614,15435.292396382405,1950.8644724897913
12,23,12,16545.281635105515,15656.041769646918,889.2398654585977
12,27,23,17552.86309200425,17721.727124054545,168.86403205029637
11,18,23,17199.018401362282,16812.141267584477,386.8771337778053
11,17,15,16514.509215397833,15656.041769646918,858.4674457509154
11,11,20,18020.709553974037,16086.311614788394,1934.3979391856428
12,4,21,17919.52966111427,19287.290069567764,1367.7604084534942
12,22,0,14768.957167389395,13815.376244116023,953.5809232733718
12,16,16,17233.07343129572,16586.106507581782,646.9669237139387
12,11,16,17874.81821759125,16086.311614788394,1788.5066028028577
11,17,10,15469.711294903034,15875.407493929613,405.69619902657905
11,1,15,15062.668993044954,14816.336033161917,246.3329598830369
11,2,15,16967.433334401787,15656.041769646918,1311.3915647548693
12,14,19,17484.23121755991,16136.370452343257,1347.8607652166538
12,25,11,17829.921587056888,16554.0035313841,1275.918055672788
12,23,14,17316.04671805188,17677.726257788287,361.6795397364076
11,21,15,18696.56241316256,17698.283014350094,998.2793988124649
12,6,3,13701.701264919137,13634.117672060718,67.58359285841834
12,22,10,17411.037879567673,16518.593745148042,892.4441344196312
12,24,7,14432.27012201136,13815.376244116023,616.8938778953361
12,25,19,16191.706640306324,15751.900138194185,439.80650211213833
11,25,10,17307.449398443114,17848.54860238733,541.0992039442172
12,16,18,16739.455717764075,15866.656896183284,872.7988215807909
12,19,22,16242.759096430726,15765.49692329531,477.26217313541565
12,8,23,16830.929206095363,16586.106507581782,244.8226985135807
12,21,11,16150.349072699124,16363.49931130761,213.1502386084867
12,19,20,17045.601701937,16097.919978468919,947.681723468082
12,8,1,14317.90538567398,13815.376244116023,502.5291415579559
12,9,6,13334.658124289112,14338.734256066657,1004.076131777545
12,18,22,17283.57116398702,17774.22216776847,490.6510037814478
12,5,2,13542.876754041008,13287.365800858093,255.51095318291482
11,7,15,16126.030889767431,16165.441766927675,39.41087716024413
11,8,9,14510.38517579488,15875.407493929613,1365.0223181347337
12,25,11,17343.933590693323,17774.22216776847,430.28857707514544
11,23,8,16181.786406615302,15875.407493929613,306.3789126856882
11,1,21,16642.33992986129,16961.9579848123,319.61805495101
11,8,11,14993.273945792678,15875.407493929613,882.1335481369351
12,10,13,17237.867193617276,17518.891304858542,281.0241112412659
12,10,22,17662.962914135504,17611.517979540084,51.44493459541991
12,21,8,14917.906912675107,18087.716497537003,3169.809584861896
12,14,9,17317.620144358538,17611.517979540084,293.8978351815458
12,11,13,17488.89651349297,17902.716278132317,413.8197646393455
12,21,6,14495.025864801071,14152.760673005474,342.2651917955973
12,19,19,16284.530445852855,15751.900138194185,532.6303076586701
11,27,11,15415.647626848277,15875.407493929613,459.7598670813368
12,27,11,16740.597825757843,16327.80662027872,412.79120547912316
12,15,8,16600.22485773284,17076.250378715577,476.02552098273736
11,8,11,16733.202400088725,18087.716497537003,1354.5140974482783
11,15,21,17193.0,16812.141267584477,380.85873241552326
12,12,3,14188.540456309069,13815.376244116023,373.1642121930454
12,7,19,18335.918641867567,17774.22216776847,561.6964740990989
12,14,14,16585.52972131129,16374.561317464333,210.9684038469568
12,9,16,18359.875678553348,16097.919978468919,2261.955700084429
12,4,17,17583.24779978744,16812.141267584477,771.1065322029644
11,9,22,16623.57904992697,15189.567760518714,1434.0112894082577
12,5,14,16636.646273896124,16961.9579848123,325.3117109161758
11,22,9,16764.25900821485,17546.4071809682,782.1481727533501
11,21,8,15318.528191762874,15193.242504120306,125.28568764256852
12,8,19,16184.52551925454,15866.656896183284,317.86862307125557
12,6,3,13530.36083077794,13546.057704036966,15.696873259026688
12,22,16,16920.802032665943,17346.836750725004,426.03471805906156
12,23,14,16482.53937895668,17546.4071809682,1063.8678020115185
12,14,22,17451.75986594339,17492.092191365013,40.332325421622954
12,13,14,17517.61933609486,16976.422231240795,541.1971048540654
12,5,14,18057.278147774236,17873.32865495291,183.94949282132438
12,16,18,17871.49404182132,16812.141267584477,1059.3527742368424
11,15,21,15433.00593431636,14458.825973680689,974.1799606356708
11,18,20,17017.271903084715,16961.9579848123,55.31391827241532
12,15,6,12707.262068661585,13815.376244116023,1108.1141754544387
12,2,1,14796.206102885377,13966.921762946797,829.2843399385802
11,2,14,14618.83066405358,16165.441766927675,1546.611102874096
12,11,16,18045.85171063041,17546.4071809682,499.4445296622107
12,4,20,16937.686960009327,16812.141267584477,125.54569242485013
12,23,20,17011.691835716887,15875.407493929613,1136.2843417872737
12,12,12,16896.290593847203,17677.726257788287,781.4356639410835
12,16,5,13549.26914094678,13657.900182503634,108.63104155685323
12,9,10,15403.000246448744,16363.49931130761,960.4990648588664
11,10,22,16646.20486851956,16812.141267584477,165.93639906491808
12,7,22,16820.651517164777,18087.716497537003,1267.0649803722263
11,16,11,16734.6597756553,16961.9579848123,227.2982091570011
11,2,10,17093.695262454192,15950.619248892059,1143.076013562133
12,27,15,16533.197423458274,15875.407493929613,657.7899295286607
12,4,13,16575.294394307322,16413.658081057016,161.63631325030656
12,20,16,17804.54540031509,17677.726257788287,126.81914252680508
12,8,12,17518.968474981215,16961.9579848123,557.0104901689156
12,27,19,17675.124982096255,16812.141267584477,862.9837145117781
12,14,18,16192.878393821638,15866.656896183284,326.2214976383548
12,26,13,16630.88271122127,16961.9579848123,331.07527359102824
12,5,21,16940.674064435847,16812.141267584477,128.53279685137022
11,6,8,16782.835703190663,17728.942747155623,946.1070439649593
11,21,11,15107.727544970916,15656.041769646918,548.3142246760017
11,24,12,16873.105026337635,16139.221282926037,733.8837434115976
12,15,21,16929.524369573937,16812.141267584477,117.38310198946056
12,5,14,16561.947344488664,17546.4071809682,984.4598364795347
12,11,12,15618.08017794944,15872.681360258957,254.60118230951775
11,11,13,12832.488486830143,15128.408117565477,2295.919630735334
12,16,17,17616.3896601268,16812.141267584477,804.2483925423221
12,12,0,13972.56806361479,13966.921762946797,5.646300667993273
12,27,22,17335.53204840622,17721.727124054545,386.19507564832384
12,19,17,16759.75119738642,16374.561317464333,385.18987992208713
11,14,13,13080.125820453308,15006.15605266519,1926.0302322118823
12,4,10,15943.086712744029,16106.297843127904,163.21113038387557
12,6,3,14819.670903211796,13741.83092434564,1077.8399788661554
11,20,9,16976.557227596575,16113.190272796512,863.3669548000635
12,21,15,17248.908880332074,17444.243134862216,195.33425453014206
11,21,15,16897.961846989747,17346.836750725004,448.87490373525725
12,14,4,13617.03683145418,13937.475768604103,320.43893714992373
11,5,22,17193.0,16097.919978468919,1095.080021531081
11,6,10,16071.526798745685,15875.407493929613,196.11930481607124
12,14,7,14504.901863079303,13770.261510614153,734.6403524651505
12,13,7,13433.434421923444,13815.376244116023,381.9418221925789
12,5,7,12069.777983224008,13634.117672060718,1564.3396888367097
12,21,20,16094.619249052195,15983.523260194277,111.0959888579182
12,4,13,16648.605720928444,16136.370452343257,512.2352685851874
11,8,9,15802.088564946922,16086.311614788394,284.22304984147195
11,16,8,16305.75390840573,16961.9579848123,656.2040764065696
11,15,20,16382.840555089357,15875.407493929613,507.4330611597434
11,22,14,16284.437878204022,15899.252180483993,385.18569772002957
12,25,21,17085.198120059184,16812.141267584477,273.05685247470683
12,13,10,17158.348837635025,17611.517979540084,453.1691419050585
12,13,23,17508.603736239053,16812.141267584477,696.4624686545758
12,10,10,16168.40650481333,17898.37017848473,1729.9636736713983
11,23,21,15960.844169708926,15899.252180483993,61.59198922493306
11,15,21,16392.892236417796,15875.407493929613,517.4847424881827
12,22,6,13766.222660154386,13657.900182503634,108.32247765075226
12,21,15,17264.243638757336,17257.650072619865,6.593566137471498
12,21,1,13973.105481473973,13634.117672060718,338.9878094132546
11,27,20,16232.279719679967,15498.846975985329,733.4327436946387
11,1,14,15114.877229229449,16165.441766927675,1050.5645376982266
12,7,19,18105.363082864587,17774.22216776847,331.140915096119
12,8,23,17195.0342486816,17327.36343883245,132.32919015084917
12,14,16,16477.587487184886,16586.106507581782,108.51902039689594
12,11,12,16499.065894369458,15656.041769646918,843.0241247225404
11,6,11,17299.0,17721.727124054545,422.72712405454513
12,11,18,18848.418553271673,17542.65854275022,1305.7600105214515
12,2,2,14319.728399803127,13308.333643276004,1011.3947565271228
11,11,10,14148.243686294833,15498.846975985329,1350.6032896904962
11,4,23,16812.66855789632,16812.141267584477,0.52729031184208
12,16,3,13533.507824531427,13966.921762946797,433.41393841536956
12,19,12,16530.42874677613,16136.370452343257,394.0582944328744
12,27,20,17267.43260465976,16812.141267584477,455.2913370752831
11,9,22,16808.768265817424,16086.311614788394,722.4566510290297
12,25,16,17952.57820006018,16097.919978468919,1854.6582215912604
11,12,21,16742.929797449728,16812.141267584477,69.2114701347491
12,4,18,18052.330227420924,17701.49258242629,350.8376449946336
12,14,7,14415.987823810709,14300.739152919481,115.24867089122745
12,23,7,11884.798065741195,15435.292396382405,3550.4943306412097
12,6,1,13973.371953176073,13142.764005917787,830.607947258286
12,7,1,13454.675495697156,14616.873481343937,1162.1979856467806
12,5,15,16814.35380565048,17483.567355343737,669.2135496932569
12,14,0,14173.049804218175,13815.376244116023,357.6735601021519
11,1,9,16693.931516131775,16363.49931130761,330.4322048241647
11,3,8,16157.320690224791,16363.49931130761,206.17862108281952
12,19,17,18721.638509947137,16097.919978468919,2623.718531478218
12,11,4,14191.655331267217,14152.760673005474,38.894658261742734
11,23,12,16705.23011858385,16426.775213829897,278.4549047539549
12,27,14,16580.381871628357,15875.407493929613,704.9743776987434
12,10,19,18255.37433426677,16812.141267584477,1443.2330666822927
12,9,5,14543.28569040727,14338.734256066657,204.55143434061392
12,10,6,15354.502869154116,15407.857524973355,53.35465581923927
11,6,20,16297.940709993549,16285.681645594854,12.259064398695045
11,20,11,17108.164113598836,16113.190272796512,994.973840802324
11,6,21,16638.93825251831,15765.49692329531,873.4413292230001
12,1,22,17007.451067537564,16812.141267584477,195.30979995308735
12,5,4,14835.983796317796,14317.92658651586,518.0572098019366
12,2,23,19223.09314161202,18696.848141721766,526.2449998902521
12,19,22,17441.818781806593,17721.727124054545,279.90834224795253
11,22,10,14111.432368495058,16285.681645594854,2174.249277099796
12,18,9,16205.72543698866,16106.297843127904,99.42759386075522
11,13,10,15021.839460633446,15656.041769646918,634.2023090134717
11,15,11,17631.240228341085,18175.353233487214,544.1130051461296
11,19,22,17041.052913829746,16961.9579848123,79.0949290174467
11,19,21,17159.117414933313,16086.311614788394,1072.805800144919
12,11,20,16068.459437134925,15765.49692329531,302.962513839615
12,10,4,13972.313794635582,13407.915386923554,564.3984077120276
12,1,20,18689.998315094603,17444.243134862216,1245.755180232387
11,2,9,12839.234723956422,14864.146955896493,2024.9122319400703
12,27,5,14107.868153733,13815.376244116023,292.49190961697605
12,2,9,15757.139792860007,16298.403069730839,541.2632768708318
12,18,17,18320.304580022887,16554.0035313841,1766.3010486387866
11,6,15,17371.375073568954,15723.651351535558,1647.7237220333955
12,4,23,17299.537385410596,16298.403069730839,1001.1343156797575
11,17,15,15578.924576886851,16729.73742590482,1150.812849017968
12,6,11,16006.75625721188,15950.619248892059,56.13700831982169
12,9,8,16193.268730651034,16106.297843127904,86.97088752312993
12,22,1,14812.861458369902,14142.576793088952,670.2846652809494
12,19,11,17409.212540853146,17721.727124054545,312.51458320139864
11,16,12,14921.293753760196,14324.6875160618,596.6062376983955
11,1,8,14717.867537328772,15193.242504120306,475.37496679153446
11,6,8,16223.98455964596,15554.647727813033,669.3368318329267
11,22,12,15751.421538803232,15656.041769646918,95.37976915631407
12,17,5,15099.85334416005,15407.857524973355,308.00418081330463
12,22,14,16588.50688811245,15875.407493929613,713.0993941828365
11,5,13,16754.36838128596,15554.647727813033,1199.7206534729266
12,8,4,12433.09549652804,15435.292396382405,3002.1968998543653
12,3,1,13559.083090073918,13308.333643276004,250.74944679791406
12,14,23,17226.976468416793,17774.22216776847,547.2456993516753
12,5,14,16664.164357468184,17076.250378715577,412.08602124739264
11,25,22,16796.869727151417,15967.019262098504,829.8504650529139
11,15,23,16390.932571035464,15498.846975985329,892.0855950501355
12,17,12,15760.091921433454,15899.252180483993,139.16025905053903
11,8,9,15684.11795729082,15193.242504120306,490.87545317051445
11,5,12,15808.052109373712,16165.441766927675,357.38965755396384
12,26,21,16103.974367536634,16972.601577468417,868.627209931783
12,2,1,14792.95206283966,13741.83092434564,1051.1211384940198
11,26,12,14627.313459712655,13829.380995251602,797.9324644610533
11,1,15,16631.105716473932,16165.441766927675,465.66394954625684
12,16,21,16675.411085781416,15983.523260194277,691.8878255871387
12,17,5,12434.271993984788,15435.292396382405,3001.0204023976166
11,22,11,17250.911205490695,15193.242504120306,2057.6687013703886
12,24,3,14903.297235440798,14300.739152919481,602.5580825213165
12,18,23,17410.76133139895,17774.22216776847,363.4608363695188
12,13,11,16738.495332102873,16363.49931130761,374.99602079526267
12,1,8,16541.090715655497,17491.995082172038,950.9043665165409
12,15,7,14212.940450107097,14152.760673005474,60.179777101622676
12,21,13,16449.554349887996,15875.407493929613,574.1468559583827
12,7,17,14896.804031233783,15751.900138194185,855.0961069604018
11,26,23,16725.142844273145,16812.141267584477,86.99842331133186
12,9,17,16950.031873367487,15866.656896183284,1083.374977184203
12,9,17,17605.333370376706,16812.141267584477,793.192102792229
12,16,12,16784.287796804456,16136.370452343257,647.9173444611988
12,13,8,15818.17093759886,16298.403069730839,480.2321321319796
12,18,6,13056.565067681027,13212.898530886012,156.33346320498458
11,1,20,16858.89529910238,16812.141267584477,46.75403151790306
12,15,16,17592.036281543653,16812.141267584477,779.8950139591761
12,20,6,16374.640970027564,15672.181852283578,702.4591177439852
11,16,21,16705.038845141557,15866.656896183284,838.3819489582729
12,6,19,16721.69506423411,16986.88493274738,265.1898685132692
12,17,12,17645.881963317308,17570.313475777268,75.56848754004022
12,26,12,19503.37361715227,19562.46183043684,59.0882132845727
11,11,22,15489.358660124222,14458.825973680689,1030.5326864435337
11,20,8,16259.826518250096,16086.311614788394,173.5149034617025
11,5,22,15384.34451151652,15498.846975985329,114.5024644688092
12,17,23,17625.729877290123,17444.243134862216,181.4867424279073
12,2,10,17888.226884199536,16554.0035313841,1334.2233528154356
12,12,3,13195.199016316932,12714.32426089883,480.8747554181027
11,15,13,13589.805963447196,13323.63891234249,266.167051104705
11,19,20,17625.125694795468,16961.9579848123,663.1677099831686
12,1,2,13385.50929845552,13966.921762946797,581.4124644912772
11,21,8,17507.50546084082,17728.942747155623,221.4372863148019
12,9,14,16620.115592618095,16413.658081057016,206.45751156107872
12,25,16,17334.589834572205,17444.243134862216,109.65330029001052
11,26,10,15783.38926133038,15193.242504120306,590.1467572100737
12,20,16,19697.50861918982,17826.278034901603,1871.230584288216
12,8,12,16306.53438141938,16057.227033813248,249.30734760613268
11,21,10,16444.463403099257,16086.311614788394,358.1517883108627
12,15,8,16842.762641240348,16327.80662027872,514.9560209616284
11,22,22,16400.022605660928,15875.407493929613,524.6151117313148
12,14,9,17630.30048743862,16554.0035313841,1076.2969560545207
11,5,23,16397.566987737584,15189.567760518714,1207.9992272188701
11,5,11,16443.151410944767,16518.593745148042,75.4423342032751
12,19,10,16776.988210433778,17721.727124054545,944.7389136207676
11,15,11,13883.42588908384,14458.825973680689,575.4000845968494
12,9,3,13394.125875626356,13287.365800858093,106.76007476826271
12,26,10,16734.105002095068,16097.919978468919,636.1850236261489
12,10,4,13693.0,13815.376244116023,122.37624411602337
12,17,8,17156.14477212511,17902.716278132317,746.5715060072071
12,3,10,16678.192303504955,16363.49931130761,314.6929921973442
12,9,22,19598.414719700533,18922.71556750398,675.6991521965538
11,15,8,17467.222136599106,18175.353233487214,708.131096888108
11,25,11,17518.91076787657,16363.49931130761,1155.4114565689579
12,2,23,19124.956945839924,17774.22216776847,1350.7347780714554
12,21,18,18376.57349095446,16097.919978468919,2278.65351248554
11,7,15,14211.90045062355,15006.15605266519,794.2556020416396
12,5,3,14607.956612443006,13815.376244116023,792.5803683269824
12,3,20,18571.704474462047,17868.095852264472,703.6086221975747
11,25,8,16612.369879299706,17898.37017848473,1286.0002991850233
12,21,17,17077.040104547214,16586.106507581782,490.9335969654312
12,20,2,13842.372095002322,13308.333643276004,534.0384517263174
11,5,13,16566.447884657704,15193.242504120306,1373.205380537398
11,13,11,14980.017243132774,15875.407493929613,895.3902507968396
12,26,10,17478.326192659424,16554.0035313841,924.3226612753242
11,19,14,15692.13283477562,17848.54860238733,2156.41576761171
12,17,14,16432.0228606506,16374.561317464333,57.46154318626577
12,19,4,13450.57600433574,13657.900182503634,207.32417816789348
12,8,17,17818.021406734446,16812.141267584477,1005.8801391499692
12,27,3,13008.338367660008,12714.32426089883,294.0141067611785
12,23,21,17430.924174155876,17939.937098693965,509.01292453808855
12,3,0,13874.548612818004,13634.117672060718,240.4309407572855
11,6,15,16601.401782809407,15656.041769646918,945.3600131624898
12,16,18,17914.668753602204,17273.90073110218,640.7680225000222
12,16,20,18543.099717698035,19287.290069567764,744.190351869729
12,15,0,14553.568670082304,13966.921762946797,586.6469071355077
12,12,20,15690.906199973166,14834.436984921633,856.469215051533
12,18,3,12954.444873121543,13634.117672060718,679.6727989391748
12,12,22,17092.750037926744,16586.106507581782,506.6435303449616
12,10,16,17238.990864603737,17444.243134862216,205.25227025847926
12,16,11,17548.875161595988,17721.727124054545,172.85196245855695
11,1,10,18041.196056015368,17934.46717490364,106.7288811117287
12,25,0,12976.687651682238,13308.333643276004,331.64599159376667
12,21,8,15229.757392625706,18087.716497537003,2857.959104911297
12,7,11,15956.405748822586,14253.061251825262,1703.3444969973243
12,27,1,13830.09856922071,13634.117672060718,195.9808971599923
12,21,16,17844.94778677984,16327.80662027872,1517.141166501122
11,12,12,17462.14859410716,16097.919978468919,1364.2286156382397
12,21,2,14171.808203310413,13815.376244116023,356.4319591943895
12,15,4,14714.54686735895,14789.82918482917,75.28231747022073
11,24,12,16852.682338593728,15241.7542773231,1610.928061270628
12,24,2,14156.837882325231,14142.576793088952,14.261089236279076
11,25,22,17148.19725745866,16961.9579848123,186.23927264636222
11,20,11,14325.590563555712,15498.846975985329,1173.2564124296168
12,23,22,19189.17219019915,17542.65854275022,1646.51364744893
12,20,17,17872.282881910578,16812.141267584477,1060.1416143261013
12,4,13,15613.917373608005,15320.667113979805,293.2502596281993
12,6,15,16594.28881867864,17546.4071809682,952.1183622895587
11,3,21,14737.958963630284,14458.825973680689,279.13298994959587
12,16,4,13483.114727158318,13937.475768604103,454.3610414457853
12,23,7,12687.13026876942,13634.117672060718,946.9874032912976
12,15,15,16668.74209832453,16413.658081057016,255.08401726751254
12,16,11,16845.65600654069,16961.9579848123,116.301978271611
12,27,4,13699.012089114996,13407.915386923554,291.0967021914421
12,22,4,14160.822792010353,13212.898530886012,947.9242611243408
12,1,2,13478.857771927358,13966.921762946797,488.0639910194386
12,16,5,13925.298213911816,13966.921762946797,41.6235490349809
12,21,23,17409.3409541377,16812.141267584477,597.1996865532237
12,23,13,16582.57460845619,15899.252180483993,683.322427972198
12,20,22,17067.20814546385,16097.919978468919,969.2881669949311
12,1,17,18279.75116013714,17774.22216776847,505.52899236867233
12,27,15,17801.616685221936,18175.353233487214,373.73654826527854
12,13,22,17285.593595720915,16097.919978468919,1187.673617251996
11,23,9,17894.13189163477,18566.73808936006,672.6061977252903
12,14,14,18054.895072869927,17648.978276137877,405.91679673205
11,4,14,17641.991401875,16846.44355564742,795.5478462275787
12,16,18,17328.368810749576,17076.250378715577,252.11843203399985
11,27,8,16138.974468742736,15983.523260194277,155.45120854845845
11,6,14,17140.406712024123,16566.25747548296,574.149236541165
12,24,11,16467.684849314053,17122.501187412778,654.8163380987244
11,18,10,16605.895419527762,15193.242504120306,1412.652915407456
12,16,11,14607.960079065,14071.724436218094,536.2356428469066
12,7,3,14696.698841963376,14142.576793088952,554.1220488744239
12,27,7,13393.119703310778,13815.376244116023,422.2565408052451
12,8,19,18654.83095475555,17444.243134862216,1210.587819893335
12,21,19,17635.811172480346,17273.90073110218,361.91044137816425
12,27,2,13808.646309316971,13815.376244116023,6.729934799051989
11,22,8,16253.61611297901,15193.242504120306,1060.3736088587048
12,18,6,14613.290079151717,14317.92658651586,295.36349263585726
12,15,12,16480.901029975415,16057.227033813248,423.6739961621679
11,8,15,14626.814314898616,15128.408117565477,501.59380266686094
12,8,21,18058.535941926144,17774.22216776847,284.31377415767565
12,2,2,12921.321137515635,13614.56549111137,693.2443535957354
11,12,9,17047.67608488453,18087.716497537003,1040.0404126524736
12,9,4,13258.34533151356,14278.881509544079,1020.5361780305193
12,21,23,18565.089575635295,16327.80662027872,2237.2829553565753
12,5,4,13494.009043917202,15435.292396382405,1941.2833524652033
12,27,10,17746.871682484805,17774.22216776847,27.350485283663147
12,20,11,17798.396664146538,16097.919978468919,1700.4766856776187
11,22,20,17544.0419046964,16961.9579848123,582.0839198841022
12,23,4,12664.560362446537,13815.376244116023,1150.8158816694868
12,3,23,17613.81958597807,17698.283014350094,84.46342837202246
12,13,16,16800.324727236148,16586.106507581782,214.21821965436538
12,15,8,17502.154000079394,16097.919978468919,1404.2340216104749
12,21,16,18702.383563445343,17774.22216776847,928.1613956768742
12,11,8,16069.243523076304,15723.651351535558,345.59217154074577
11,5,21,16736.319029528022,16374.561317464333,361.7577120636888
12,12,11,16711.53451423266,16327.80662027872,383.7278939539392
11,26,14,16607.096750881727,16165.441766927675,441.6549839540512
12,2,7,13685.165915653395,13815.376244116023,130.21032846262824
11,18,23,15474.5989830732,15498.846975985329,24.24799291212912
12,23,15,16718.23344032727,16136.370452343257,581.8629879840119
12,20,16,18700.896609468517,17774.22216776847,926.6744417000482
12,25,0,12975.189062539306,12415.671427695408,559.5176348438981
11,14,20,16074.029433328558,16812.141267584477,738.1118342559184
12,11,5,14529.821444973411,14317.92658651586,211.8948584575519
11,26,8,16454.585369250726,16518.593745148042,64.008375897316
12,9,0,13690.07884510627,13815.376244116023,125.29739900975255
11,6,22,16003.344372141151,15656.041769646918,347.3026024942337
12,14,8,17761.806827367673,16518.593745148042,1243.2130822196305
11,16,9,15117.493649308515,15875.407493929613,757.9138446210982
12,19,1,14735.682748037369,13741.83092434564,993.851823691728
12,16,16,17852.797339430454,16097.919978468919,1754.8773609615346
11,22,21,16134.71731547614,15875.407493929613,259.309821546527
12,9,10,16842.46938416694,16363.49931130761,478.97007285932887
12,11,22,17310.588278490508,18015.34256048871,704.7542819982009
11,3,9,16167.733379782612,16961.9579848123,794.2246050296872
12,16,9,16469.314433715634,16097.919978468919,371.39445524671464
12,15,7,16654.132726809312,16459.337963292262,194.79476351704943
12,6,5,12434.547721300476,13407.915386923554,973.3676656230782
11,7,21,17193.0,16812.141267584477,380.85873241552326
11,2,9,16180.581217446506,17546.4071809682,1365.8259635216928
12,12,14,16533.645672150415,17323.60760929684,789.961937146425
11,20,21,14785.757138960103,15189.567760518714,403.81062155861036
12,26,0,13547.388073408052,13815.376244116023,267.9881707079712
11,12,8,16671.00553569355,16086.311614788394,584.6939209051579
11,14,23,16812.632405272027,15193.242504120306,1619.3899011517206
11,4,8,16699.732853818117,17939.937098693965,1240.2042448758475
12,16,19,16121.40144923959,15189.567760518714,931.833688720877
12,22,19,17060.63329264043,15866.656896183284,1193.9763964571448
12,21,5,14328.423083971036,13966.921762946797,361.5013210242396
12,25,4,13285.391284586656,13462.269723568332,176.87843898167557
11,20,20,16744.620117733026,15593.087114413394,1151.5330033196315
12,22,16,18778.82557662228,18520.437922249566,258.38765437271286
12,17,0,15620.269022413897,14300.739152919481,1319.5298694944158
12,27,0,13527.32220401263,13546.057704036966,18.735500024336943
12,17,17,18214.934242744584,16961.9579848123,1252.976257932285
11,17,22,14733.92224488356,14458.825973680689,275.09627120287223
11,20,11,16896.18780934672,16113.190272796512,782.9975365502087
12,21,10,17474.25576931725,16327.80662027872,1146.4491490385299
11,6,12,16521.833630767305,16139.221282926037,382.6123478412683
11,21,14,16352.75259736053,16426.775213829897,74.02261646936677
11,9,13,15611.944467504276,16165.441766927675,553.4972994233995
12,15,16,18373.556751394863,17774.22216776847,599.3345836263943
11,20,10,17279.754672311177,16113.190272796512,1166.5643995146656
12,5,13,16562.596186522565,17546.4071809682,983.8109944456337
12,22,11,16476.344266723612,16097.919978468919,378.42428825469324
11,26,14,14111.969825158963,15776.766583573339,1664.7967584143753
12,2,3,13554.440310291677,12714.32426089883,840.1160493928473
11,11,12,16962.955577961373,16165.441766927675,797.5138110336975
11,2,23,16025.187963933922,15875.407493929613,149.78047000430888
11,27,23,16394.8323349995,15765.49692329531,629.3354117041908
11,24,11,16831.66024675371,14071.724436218094,2759.935810535615
11,15,22,17163.264506368836,16097.919978468919,1065.344527899917
12,22,6,14605.5319133194,14317.92658651586,287.6053268035412
12,12,5,14161.925218305249,13657.900182503634,504.02503580161465
12,18,11,15959.424908838237,16106.297843127904,146.87293428966768
12,7,0,15109.963519263694,14789.82918482917,320.13433443452413
12,26,5,13693.0,13937.475768604103,244.475768604103
12,20,1,15276.587527471627,13741.83092434564,1534.7566031259867
12,19,8,17755.930195213165,16327.80662027872,1428.123574934445
12,1,23,17180.84060962096,16812.141267584477,368.69934203648154
12,9,12,17513.332844960903,16976.422231240795,536.9106137201088
12,1,2,15338.748390413331,14317.92658651586,1020.8218038974719
12,14,20,17515.53166801983,18568.411293400328,1052.8796253804976
11,22,9,16133.733262811244,17346.836750725004,1213.1034879137605
12,26,2,13320.315733447042,13308.333643276004,11.982090171037271
12,5,0,16474.936505087364,15407.857524973355,1067.078980114009
11,15,8,15355.196807506483,16586.106507581782,1230.909700075299
12,25,3,14233.346262541423,13741.83092434564,491.51533819578253
11,20,22,16402.225818109666,15498.846975985329,903.3788421243371
12,14,10,15195.541475427272,16097.919978468919,902.3785030416475
12,12,2,14964.791314022506,14300.739152919481,664.0521611030254
12,6,22,17438.414950595838,16812.141267584477,626.2736830113608
11,7,22,16605.129998956367,15189.567760518714,1415.562238437653
11,9,8,12893.572287525818,14864.146955896493,1970.5746683706748
11,17,22,16562.702158075517,16812.141267584477,249.43910950895952
12,22,3,13478.606241548025,13815.376244116023,336.77000256799874
12,24,14,16374.983869203605,14458.825973680689,1916.157895522916
11,22,11,15329.585926934904,16165.441766927675,835.8558399927715
12,2,23,19061.705464729712,17444.243134862216,1617.462329867496
12,9,0,13780.89675448944,13966.921762946797,186.0250084573563
12,7,10,16789.541830860864,16097.919978468919,691.6218523919451
12,17,5,14941.129835266293,14317.92658651586,623.203248750433
12,25,10,17323.418559028436,17774.22216776847,450.80360874003236
12,23,14,14525.444525680605,15875.407493929613,1349.9629682490086
11,11,13,16307.18049779823,15656.041769646918,651.1387281513125
12,21,8,17287.06732107911,17774.22216776847,487.15484668935824
12,26,18,17807.340188626968,17518.891304858542,288.44888376842573
12,25,11,17798.733343165408,17774.22216776847,24.511175396939507
11,11,12,15585.763448568723,15320.667113979805,265.09633458891767
12,13,12,17296.929448457347,18173.40310287433,876.4736544169828
12,9,15,16664.38041643675,16374.561317464333,289.8190989724171
11,8,20,16761.55801622928,16961.9579848123,200.39996858302038
12,24,0,14790.646274887273,13937.475768604103,853.1705062831697
12,27,21,17421.60194764714,17774.22216776847,352.6202201213273
11,8,21,17661.477092424768,16097.919978468919,1563.5571139558488
11,14,12,16596.39376360067,16139.221282926037,457.17248067463333
11,2,15,14471.395976236394,14163.650085275975,307.7458909604193
11,12,12,17142.7782435948,16413.658081057016,729.1201625377835
12,25,23,18605.22900633439,18568.411293400328,36.817712934062
12,16,6,14609.758371483744,14317.92658651586,291.83178496788423
12,5,18,17844.10592979494,17273.90073110218,570.2051986927581
11,23,8,14135.834494847892,14458.825973680689,322.99147883279693
12,20,18,19037.70772354704,17774.22216776847,1263.4855557785704
12,23,20,17353.915166831546,16097.919978468919,1255.9951883626272
12,24,11,16481.696991707155,17721.83898127595,1240.141989568794
11,17,9,15912.954269917544,15983.523260194277,70.56899027673353
12,13,1,14721.297270215153,13966.921762946797,754.3755072683562
12,1,5,14056.671200288118,13937.475768604103,119.1954316840147
12,3,2,14258.432159187769,13634.117672060718,624.3144871270506
11,11,10,14975.254170762915,15193.242504120306,217.98833335739073
12,16,9,17663.229032649044,16327.80662027872,1335.4224123703243
12,8,17,18724.0,17774.22216776847,949.7778322315316
12,26,22,17283.723405917583,16812.141267584477,471.58213833310583
12,27,16,17073.351431158397,17922.036633610143,848.6852024517466
11,23,10,18049.887783954782,17417.564977615315,632.3228063394672
12,26,7,16389.86344621359,14708.712792713332,1681.1506535002572
11,15,21,15936.289199207577,15189.567760518714,746.7214386888627
11,7,20,16726.582752677718,16086.311614788394,640.2711378893237
12,14,2,14992.649950810532,13741.83092434564,1250.819026464891
11,2,15,16648.47669379908,15656.041769646918,992.4349241521613
12,19,15,17673.423404716697,17648.978276137877,24.445128578820004
12,4,2,14167.349341828589,13815.376244116023,351.9730977125655
12,9,22,15711.674600804334,16097.919978468919,386.24537766458525
12,3,9,15775.535312615082,17546.4071809682,1770.871868353117
11,5,10,17508.060549381247,18175.353233487214,667.292684105967
12,20,1,13762.489626876317,13546.057704036966,216.4319228393506
12,19,1,13345.501130313472,12714.32426089883,631.1768694146431
12,4,9,17374.141611491017,16097.919978468919,1276.221633022098
12,6,6,14506.519186464526,14909.486125381954,402.9669389174287
12,15,4,13438.742902849004,13212.898530886012,225.84437196299223
12,19,18,17728.876791487764,16327.80662027872,1401.070171209045
12,5,4,14705.196150167105,14909.486125381954,204.28997521484962
11,16,9,16041.840583118636,15656.041769646918,385.79881347171795
12,12,1,13970.620561179108,13815.376244116023,155.24431706308496
11,7,23,16650.379817704354,15866.656896183284,783.72292152107
11,12,9,17520.993240480315,16118.275047912577,1402.7181925677378
11,13,15,15787.081692880494,16165.441766927675,378.3600740471811
12,25,11,16491.449472993438,17122.501187412778,631.05171441934
12,23,13,16676.01007888621,15554.647727813033,1121.3623510731777
12,3,7,14442.019611977405,13966.921762946797,475.0978490306079
12,6,14,17163.820815562027,18087.716497537003,923.8956819749765
12,26,5,13554.292633788822,13462.269723568332,92.0229102204903
11,9,13,14963.831976297412,15656.041769646918,692.2097933495061
12,10,9,16699.077831500108,16097.919978468919,601.157853031189
12,22,17,18717.804944300307,16097.919978468919,2619.8849658313884
12,14,22,18361.168730320795,16097.919978468919,2263.2487518518756
12,15,17,18438.307185601872,16097.919978468919,2340.3872071329533
12,2,3,15332.171754395717,14300.739152919481,1031.4326014762355
11,14,22,16725.399576201216,15967.019262098504,758.3803141027129
12,7,6,15033.012570268407,14317.92658651586,715.0859837525477
12,15,21,17483.749186694437,16812.141267584477,671.6079191099598
12,14,23,16163.928680888104,15875.407493929613,288.52118695849094
12,8,5,14408.319972605168,14143.515961141879,264.8040114632895
12,19,18,17601.349295900727,16518.593745148042,1082.755550752685
12,4,3,13960.43503439551,14472.371049594243,511.936015198733
12,16,18,16413.373653238465,16374.561317464333,38.8123357741315
11,18,20,15861.032943304042,15872.681360258957,11.648416954914865
11,24,13,16281.295025823934,15656.041769646918,625.2532561770167
12,9,10,17293.934075347403,17774.22216776847,480.2880924210658
12,14,13,16595.973138860103,16136.370452343257,459.602686516846
11,10,15,15926.911474757522,16426.775213829897,499.8637390723743
12,13,23,17442.608453648612,17721.727124054545,279.1186704059328
11,19,20,17638.39942747911,16961.9579848123,676.4414426668118
12,12,14,15725.100924342369,15875.407493929613,150.30656958724467
12,24,4,13547.40651009106,13407.915386923554,139.49112316750507
12,7,23,17172.08672194817,17444.243134862216,272.1564129140461
12,1,3,14167.486409987456,13966.921762946797,200.5646470406591
12,23,5,13546.489770051836,13634.117672060718,87.6279020088823
12,20,3,14690.944801478669,14616.873481343937,74.07132013473165
12,2,17,17422.55780237555,15866.656896183284,1555.900906192268
11,16,21,17049.859495316854,16086.311614788394,963.5478805284602
12,27,11,16756.559598254924,17939.937098693965,1183.377500439041
12,8,13,16582.91103104014,16374.561317464333,208.34971357580798
12,12,21,19213.79271214158,19060.369878756435,153.42283338514608
12,15,10,17717.649389232807,17873.32865495291,155.679265720104
11,12,21,16792.999405654566,16086.311614788394,706.6877908661718
12,4,14,16421.179209738955,16961.9579848123,540.7787750733441
12,26,12,17006.833377256,17346.836750725004,340.00337346900415
11,2,9,14343.139759466563,15193.242504120306,850.1027446537428
11,2,12,15516.757003596142,15656.041769646918,139.28476605077594
11,7,14,17218.838766360426,15241.7542773231,1977.0844890373264
11,7,15,16230.045339125634,15656.041769646918,574.0035694787166
12,22,6,13419.744460345886,13462.269723568332,42.525263222445574
12,1,14,16664.072962467577,17076.250378715577,412.17741624799964
12,12,21,17206.845157344862,15593.087114413394,1613.7580429314676
12,18,1,14106.469464133645,13966.921762946797,139.54770118684792
11,18,12,14528.9651182307,14324.6875160618,204.27760216890056
12,7,10,16451.63647998928,17721.83898127595,1270.2025012866688
12,15,8,15947.2969992437,16566.25747548296,618.9604762392592
11,26,10,17531.28842332324,17491.995082172038,39.293341151202185
11,17,21,16809.09230385536,16961.9579848123,152.8656809569402
12,25,18,16427.13829585316,15751.900138194185,675.238157658976
12,15,5,14953.345038149006,14909.486125381954,43.85891276705115
11,4,20,15989.378345478684,15656.041769646918,333.3365758317668
12,7,22,17526.20036467945,16327.80662027872,1198.3937444007315
12,2,16,18715.73979637741,16097.919978468919,2617.81981790849
11,4,21,16272.153720952463,15189.567760518714,1082.5859604337493
11,11,9,15994.01193540678,15875.407493929613,118.60444147716589
12,6,4,14196.642663218414,14040.594402479239,156.04826073917502
11,25,13,16308.07003551701,15656.041769646918,652.0282658700926
12,13,2,14061.015754108494,13815.376244116023,245.63950999247027
11,24,15,15119.621404121795,15656.041769646918,536.4203655251222
12,7,20,19096.561367917704,18696.848141721766,399.71322619593775
11,24,14,16873.016729138468,16139.221282926037,733.7954462124308
11,21,22,16625.277969308027,16374.561317464333,250.7166518436934
12,12,3,13063.621919831898,13142.764005917787,79.14208608588888
12,14,22,16141.519281592013,16097.919978468919,43.599303123093705
11,1,11,16326.72279627811,16086.311614788394,240.4111814897169
12,26,12,16695.64796692488,16136.370452343257,559.2775145816231
12,27,17,15895.480029840366,15751.900138194185,143.57989164618084
12,21,7,13991.972015307416,13815.376244116023,176.5957711913925
12,17,16,18378.479497361768,16097.919978468919,2280.559518892849
11,17,22,17524.548638784672,16097.919978468919,1426.6286603157532
12,17,15,17775.33376516432,17902.716278132317,127.38251296799717
12,20,17,17946.74682048075,16327.80662027872,1618.9402002020288
12,23,0,13881.193641939792,13815.376244116023,65.81739782376826
12,19,13,17574.310549766644,17648.978276137877,74.66772637123358
12,13,7,14320.960668305612,13937.475768604103,383.48489970150877
12,14,10,16458.22579835029,17491.995082172038,1033.769283821748
12,8,12,17150.981900921994,17728.942747155623,577.9608462336291
12,5,5,13693.0,13579.08501769877,113.91498230123034
12,4,19,19596.76985568829,19562.46183043684,34.30802525144827
12,18,12,16324.806323570692,15189.567760518714,1135.2385630519784
11,23,23,16383.439708840093,15498.846975985329,884.5927328547641
11,2,11,14288.983079812482,16086.311614788394,1797.3285349759117
12,14,20,17656.349883501698,17774.22216776847,117.8722842667703
12,1,16,17175.362435152103,16586.106507581782,589.2559275703206
12,19,2,13190.37180499344,13614.56549111137,424.19368611793107
11,5,9,15288.277264493738,15875.407493929613,587.1302294358757
11,25,8,17292.80345546289,16118.275047912577,1174.5284075503132
12,8,12,16660.419437803328,17076.250378715577,415.8309409122485
11,12,20,16629.648706238477,15765.49692329531,864.1517829431668
12,27,12,17604.190802118857,17542.65854275022,61.532259368636005
12,20,2,13593.050064628527,13815.376244116023,222.32617948749612
12,1,21,16914.971060055508,16327.80662027872,587.1644397767886
12,24,14,16601.339347697238,15875.407493929613,725.9318537676245
12,1,16,18549.498193360894,17868.095852264472,681.4023410964219
12,22,21,19102.05104519308,18447.70684764523,654.344197547849
12,8,2,13711.277232321949,13815.376244116023,104.09901179407461
11,25,9,16648.009485512237,17939.937098693965,1291.9276131817278
12,16,9,16839.60722172117,17444.243134862216,604.6359131410463
12,14,20,17435.421888441717,16327.80662027872,1107.6152681629974
12,2,15,18295.637366867428,17826.278034901603,469.3593319658248
11,11,15,16762.58662022465,15554.647727813033,1207.9388924116174
11,5,13,16884.084803213907,16139.221282926037,744.8635202878704
12,26,16,18299.746972026413,16327.80662027872,1971.940351747693
12,25,1,13293.532900026736,13308.333643276004,14.800743249268635
12,16,19,18000.963911993793,16327.80662027872,1673.1572917150734
11,12,10,15310.565785436143,15875.407493929613,564.8417084934699
12,18,3,14444.817794053555,13966.921762946797,477.8960311067585
12,2,16,17866.69939646957,16298.403069730839,1568.2963267387295
12,25,5,14576.701381755249,14317.92658651586,258.7747952393893
12,8,8,16677.00875846775,17273.90073110218,596.891972634432
12,26,13,15738.630874333869,15189.567760518714,549.0631138151548
12,17,23,17183.501921994957,16812.141267584477,371.3606544104805
12,19,6,14057.840575178783,14317.92658651586,260.08601133707634
12,8,3,13695.529830789275,13815.376244116023,119.846413326748
12,18,6,14165.000749856788,14040.594402479239,124.40634737754954
12,15,16,17872.828923958146,16554.0035313841,1318.8253925740464
11,23,14,16668.68495912757,16139.221282926037,529.4636762015343
12,15,6,13269.557009475657,13657.900182503634,388.3431730279772
12,18,15,16379.0,16057.227033813248,321.77296618675246
11,15,12,15325.69766680545,15656.041769646918,330.34410284146725
12,23,0,14714.47034403144,13634.117672060718,1080.3526719707224
11,18,20,16625.211081702328,15866.656896183284,758.554185519044
12,19,20,18900.494559428455,17791.833147391055,1108.6614120373997
11,20,22,17025.66451739784,16812.141267584477,213.52324981336278
12,5,7,14988.916365538227,15407.857524973355,418.9411594351277
12,6,15,16653.40352457352,15899.252180483993,754.1513440895287
12,2,0,13995.41919683093,13657.900182503634,337.51901432729574
12,23,5,12807.3886356791,15435.292396382405,2627.903760703304
11,3,23,16604.578943804587,15866.656896183284,737.9220476213031
12,1,20,17261.37987346649,17444.243134862216,182.86326139572702
12,2,20,18929.30750374459,16097.919978468919,2831.3875252756698
12,10,19,19758.31576799129,19206.044102441472,552.2716655498189
12,26,12,16667.37006118417,17444.243134862216,776.8730736780453
11,4,23,16236.93436757351,15189.567760518714,1047.366607054797
11,4,22,14995.043128200708,15960.520616897047,965.4774886963387
12,2,9,16206.221332342662,16097.919978468919,108.30135387374321
12,4,16,20776.8058276303,18880.767730202126,1896.0380974281761
11,6,11,17962.154166381835,18653.40802646281,691.2538600809748
11,26,12,14010.264910800588,15776.766583573339,1766.5016727727507
11,3,14,17144.369928047458,17922.036633610143,777.6667055626858
12,5,13,16132.96827421417,15899.252180483993,233.71609373017782
12,2,12,16657.07930532133,16136.370452343257,520.708852978074
12,3,0,13768.783690771905,13815.376244116023,46.59255334411864
12,18,10,17455.3293039099,16327.80662027872,1127.5226836311813
11,8,11,15574.299558755432,15656.041769646918,81.74221089148523
11,23,22,16937.276096535414,16972.601577468417,35.32548093300284
11,12,10,14464.433488267485,15875.407493929613,1410.9740056621285
12,5,11,15829.626210392467,17491.995082172038,1662.3688717795703
12,13,6,12597.718915430663,13462.269723568332,864.5508081376684
11,22,12,15510.154499624878,15320.667113979805,189.4873856450722
12,18,11,17490.466697093667,17542.65854275022,52.191845656554506
12,3,10,16796.678199274636,16327.80662027872,468.87157899591693
12,7,3,14116.834442017784,13966.921762946797,149.912679070987
12,2,2,13151.691946297591,12714.32426089883,437.36768539876175
12,14,23,16984.569176201545,16812.141267584477,172.42790861706817
12,27,11,17216.656958566204,17257.650072619865,40.993114053660975
12,5,17,16116.842896188033,15498.846975985329,617.9959202027039
12,16,19,18821.419096498867,16097.919978468919,2723.4991180299476
11,27,20,17537.597131359456,16086.311614788394,1451.2855165710625
12,23,20,17225.08654511366,16812.141267584477,412.94527752918293
11,5,22,17190.599136862722,16097.919978468919,1092.679158393803
11,9,11,15894.3928850438,15875.407493929613,18.985391114187223
11,2,14,16133.410819594748,15656.041769646918,477.3690499478307
12,9,16,16086.4510210668,15189.567760518714,896.8832605480857
12,4,2,13628.497911986628,13075.969352377093,552.5285596095346
12,12,12,16660.309895537594,16136.370452343257,523.9394431943365
12,10,5,13693.0,14631.470500622381,938.4705006223812
12,20,22,17283.373781270613,16097.919978468919,1185.453802801694
12,4,3,13667.33613301388,13546.057704036966,121.27842897691335
12,12,14,16630.887326940643,16374.561317464333,256.32600947631
12,20,22,17441.16943957964,16327.80662027872,1113.3628193009208
12,18,1,13135.785521316524,13966.921762946797,831.1362416302727
11,19,20,15915.047242558352,15498.846975985329,416.2002665730233
11,8,15,16308.7760906514,17848.54860238733,1539.7725117359314
11,19,8,16619.520838510896,16086.311614788394,533.2092237225024
12,6,20,18535.372306777925,17774.22216776847,761.1501390094563
12,7,16,17369.939599863297,17677.726257788287,307.7866579249894
12,16,9,16150.408290504016,16097.919978468919,52.4883120350969
12,3,5,14233.06383242502,14040.594402479239,192.46942994578058
11,25,22,16531.312822431828,15189.567760518714,1341.7450619131141
12,6,12,17480.256520161267,17721.727124054545,241.47060389327817
11,22,22,16737.395437337564,15866.656896183284,870.73854115428
12,7,10,17004.763762850227,16327.80662027872,676.9571425715076
12,6,8,16996.994672610635,17939.937098693965,942.9424260833293
12,16,20,17888.432609171592,16327.80662027872,1560.6259888928726
12,10,18,16109.678268424364,16374.561317464333,264.8830490399687
12,22,3,13681.856407109735,13815.376244116023,133.51983700628807
12,4,16,18978.77791304927,17774.22216776847,1204.5557452808025
12,5,3,13881.990934118248,13815.376244116023,66.61469000222496
12,10,3,13503.36473320534,13308.333643276004,195.0310899293363
11,19,23,16237.327201572469,15498.846975985329,738.48022558714
11,6,8,16183.071248814327,18087.716497537003,1904.6452487226761
11,2,12,14575.814529222484,15776.766583573339,1200.9520543508552
12,17,10,17790.010160050955,17444.243134862216,345.76702518873935
12,11,13,18034.065982856893,17257.650072619865,776.4159102370286
12,4,3,14833.450366198016,13966.921762946797,866.5286032512195
11,23,12,14496.114821192594,13323.63891234249,1172.4759088501032
11,2,21,16791.84029560575,15967.019262098504,824.8210335072472
12,21,18,18234.29939754297,16097.919978468919,2136.379419074052
12,18,12,16379.0,15875.407493929613,503.59250607038666
12,7,22,19209.843409859623,19574.729681173267,364.8862713136441
12,3,9,16043.86013107265,17721.83898127595,1677.9788502032989
12,26,5,11779.132110506716,13634.117672060718,1854.9855615540018
12,20,18,15815.02975350173,15866.656896183284,51.62714268155287
11,23,12,13572.199675971176,15319.824277324593,1747.6246013534164
11,19,14,16973.135115545505,16729.73742590482,243.3976896406857
11,12,14,16917.121120922668,17698.283014350094,781.1618934274265
11,9,21,16816.40868217158,16086.311614788394,730.0970673831853
12,21,9,16892.904428513182,17611.517979540084,718.6135510269014
12,21,17,18581.90145480035,17611.517979540084,970.383475260267
11,22,13,14036.34999491622,15319.824277324593,1283.4742824083733
11,7,23,16682.388237010753,15875.407493929613,806.9807430811397
12,27,14,15734.816254135128,16057.227033813248,322.41077967811907
12,14,3,12674.026308324952,13634.117672060718,960.0913637357662
12,11,15,15595.847046525356,16057.227033813248,461.3799872878917
11,18,23,15846.54570816298,16165.441766927675,318.89605876469614
12,15,19,17850.58741831385,17491.995082172038,358.5923361418136
12,11,3,13703.213379915327,13966.921762946797,263.70838303146957
12,20,4,14956.742284726404,14317.92658651586,638.8156982105447
12,18,12,16669.90096374444,17444.243134862216,774.3421711177762
12,16,9,17798.88612109354,17444.243134862216,354.64298623132345
11,3,9,16059.465133685586,15554.647727813033,504.8174058725526
12,10,3,13876.761708274977,13631.102637323636,245.65907095134025
12,27,3,14102.164848545062,13546.057704036966,556.1071445080961
11,11,21,16632.191179627665,15593.087114413394,1039.104065214271
12,14,0,14967.999999999998,14317.92658651586,650.0734134841387
12,13,14,17135.034770327435,17542.65854275022,407.6237724227867
12,9,11,15807.25659294076,16165.441766927675,358.1851739869162
12,17,4,15029.22713003072,14317.92658651586,711.3005435148607
11,1,12,13630.830561375198,15012.363980896107,1381.5334195209089
12,19,20,19264.378570998375,19574.729681173267,310.3511101748918
11,14,22,16726.516370872298,16086.311614788394,640.2047560839037
12,19,4,13492.973907528867,13657.900182503634,164.92627497476678
12,19,3,13541.695440502306,13287.365800858093,254.32963964421288
11,12,12,14750.872357699343,15776.766583573339,1025.8942258739953
11,18,21,16789.728955772916,15193.242504120306,1596.4864516526104
12,15,17,17902.730021938758,16298.403069730839,1604.326952207919
11,26,12,16108.445121410808,16165.441766927675,56.99664551686692
12,9,9,16151.449653914766,15723.651351535558,427.7983023792076
12,11,5,13991.826809743658,13741.83092434564,249.99588539801698
12,6,6,15174.334212895415,14909.486125381954,264.848087513461
12,5,15,17255.061896080024,17444.243134862216,189.18123878219194
12,20,8,16759.108532944072,16097.919978468919,661.1885544751531
12,3,10,16407.03040414248,17721.83898127595,1314.80857713347
12,16,6,12595.645488411088,13407.915386923554,812.2698985124662
12,11,18,19697.07137246878,18880.767730202126,816.3036422666555
11,16,11,15893.19350036818,15656.041769646918,237.15173072126163
12,13,20,18423.05717141969,16327.80662027872,2095.250551140969
11,23,13,15788.109855921546,15581.009953225637,207.0999026959089
12,4,16,19603.18405161992,18448.56076547293,1154.6232861469907
11,18,20,16755.64717814986,16812.141267584477,56.49408943461822
12,1,14,17847.662800736198,18103.074128375527,255.4113276393291
11,17,22,16639.222489694494,15866.656896183284,772.56559351121
12,13,21,16954.11410155908,16812.141267584477,141.97283397460342
12,27,1,13970.342339370738,13815.376244116023,154.96609525471467
12,8,2,14569.183937938304,14142.576793088952,426.60714484935124
12,2,7,12157.298711575457,13542.55024011497,1385.251528539513
12,25,14,16573.612474608653,15875.407493929613,698.2049806790401
12,11,12,16312.909761367126,17444.243134862216,1131.3333734950902
12,8,1,14870.961344857056,13308.333643276004,1562.627701581052
11,25,13,14349.57754024632,15006.15605266519,656.5785124188696
12,10,8,16844.307508368373,17273.90073110218,429.59322273380894
11,11,12,16926.184957106794,15241.7542773231,1684.4306797836944
11,10,13,14908.259917221572,15776.766583573339,868.5066663517664
12,24,2,13709.742457577102,13657.900182503634,51.842275073468045
12,6,20,19640.449820909864,19574.729681173267,65.72013973659705
12,19,21,17439.964721971854,17220.482342106166,219.4823798656871
12,3,19,17375.130466132407,15866.656896183284,1508.473569949123
12,26,11,16092.53502823182,15723.651351535558,368.8836766962613
12,6,11,17469.28211119454,17444.243134862216,25.038976332325547
11,17,21,16726.52832188372,15866.656896183284,859.8714257004376
11,18,8,15389.861904467383,15875.407493929613,485.54558946223005
11,27,10,16826.388249796833,15193.242504120306,1633.1457456765274
11,27,9,16616.609682698505,16298.403069730839,318.20661296766593
11,22,12,14340.641472672583,15007.270123197595,666.6286505250118
11,21,23,16631.87022704845,16374.561317464333,257.3089095841169
12,19,22,16058.48003186388,16097.919978468919,39.43994660503813
11,2,15,16648.632670001003,16139.221282926037,509.4113870749661
11,4,13,16902.733198088892,16139.221282926037,763.5119151628551
11,3,9,16326.346840958127,18087.716497537003,1761.369656578876
11,22,13,16279.78564826726,16729.73742590482,449.95177763755964
12,17,4,15422.416702318207,15407.857524973355,14.559177344852287
12,24,16,17916.00199954825,17701.49258242629,214.50941712196072
11,16,23,16728.18760543203,16374.561317464333,353.62628796769786
12,20,0,13759.150110135335,13634.117672060718,125.03243807461695
12,21,11,16492.010455783788,17491.995082172038,999.98462638825
12,1,21,18807.884166346856,16097.919978468919,2709.9641878779366
12,1,3,14053.421542472235,13308.333643276004,745.0878991962309
12,5,19,17092.356570160922,16586.106507581782,506.2500625791399
12,9,9,16480.858930860093,16097.919978468919,382.9389523911741
12,24,15,17450.7577514939,17483.567355343737,32.809603849837
12,19,16,18304.0643520709,16097.919978468919,2206.144373601983
12,20,3,14088.869012864188,13966.921762946797,121.94724991739167
12,14,6,14195.799955459865,13657.900182503634,537.8997729562307
11,22,11,17510.37008382256,17898.37017848473,388.00009466216943
12,4,11,17424.034032822212,16097.919978468919,1326.1140543532929
12,20,2,14612.28050399448,13815.376244116023,796.9042598784563
12,10,21,17621.29744801371,17076.250378715577,545.0470692981326
12,4,8,16841.40400591215,16327.80662027872,513.5973856334313
12,18,21,18280.595087122543,18568.411293400328,287.81620627778466
12,26,16,17000.597388430528,16374.561317464333,626.0360709661945
12,13,6,14514.65723773672,14300.739152919481,213.9180848172382
12,24,12,16808.57439199534,17518.891304858542,710.3169128632035
12,20,14,17623.619354166723,17677.726257788287,54.106903621563106
12,15,12,17318.424505245835,17677.726257788287,359.30175254245114
11,5,20,17133.92156363467,16086.311614788394,1047.609948846277
11,24,13,14614.591208222417,15776.766583573339,1162.175375350922
11,27,10,16567.014957142677,15193.242504120306,1373.7724530223713
11,27,20,16725.7225017305,16298.403069730839,427.3194319996601
12,14,15,17571.007914711845,18175.353233487214,604.3453187753694
11,21,11,16768.44889758777,16086.311614788394,682.1372827993746
12,18,15,16383.80451104209,15656.041769646918,727.7627413951723
12,19,15,16720.681666243243,16136.370452343257,584.3112138999859
12,13,23,17516.140282847868,17076.250378715577,439.8899041322911
12,12,5,13426.362522845471,14142.576793088952,716.2142702434812
11,18,12,16705.871425365807,17346.836750725004,640.9653253591969
11,21,10,15908.0,15193.242504120306,714.757495879694
12,25,3,13792.506450066609,13075.969352377093,716.5370976895156
12,12,21,18144.526093940356,17444.243134862216,700.2829590781403
12,1,8,14960.555591592216,16097.919978468919,1137.364386876703
11,13,9,16735.20921874454,17728.942747155623,993.7335284110814
11,16,20,17161.386693804918,16961.9579848123,199.42870899261834
12,26,7,13657.283621567538,13657.900182503634,0.6165609360959934
12,24,5,13731.313229608162,13937.475768604103,206.16253899594085
12,11,0,12652.75819496451,13407.915386923554,755.1571919590442
12,13,9,16850.402427861656,16327.80662027872,522.5958075829367
11,18,15,15813.974045454415,15581.009953225637,232.9640922287781
11,26,14,14168.32683341326,15776.766583573339,1608.439750160078
12,7,20,18347.11676126251,16329.064260378169,2018.0525008843415
12,16,3,13338.976856450012,13308.333643276004,30.643213174007542
12,25,1,14912.430451134813,13741.83092434564,1170.5995267891722
11,13,14,15762.035822406471,16165.441766927675,403.4059445212042
12,6,14,16579.841250167232,18087.716497537003,1507.8752473697714
11,23,12,13961.065946726763,15319.824277324593,1358.7583305978296
11,8,11,15987.623794701069,16961.9579848123,974.3341901112308
12,2,5,13993.2013174517,13937.475768604103,55.725548847596656
12,17,17,18382.54035190783,16097.919978468919,2284.620373438913
12,11,14,15979.178645149994,15875.407493929613,103.77115122038049
12,19,22,16317.734694918294,15765.49692329531,552.2377716229839
11,21,15,16581.85479293501,16165.441766927675,416.41302600733434
12,2,2,13946.030920458026,13308.333643276004,637.6972771820219
12,25,7,12820.723816993566,14338.734256066657,1518.0104390730903
11,7,14,14083.17427782384,15776.766583573339,1693.5923057494983
12,11,1,14815.974272068135,14300.739152919481,515.2351191486541
12,7,6,12050.257584547982,13634.117672060718,1583.8600875127358
12,23,6,15354.942836104035,15407.857524973355,52.914688869319434
12,2,1,13628.10722604332,13308.333643276004,319.773582767315
12,20,6,13505.302596448768,14040.594402479239,535.291806030471
12,21,13,18292.643969404384,17826.278034901603,466.3659345027809
11,17,23,16952.691999914878,16086.311614788394,866.3803851264838
12,9,23,17422.977665703656,16812.141267584477,610.8363981191796
11,14,13,14976.622547948346,15319.824277324593,343.2017293762474
11,13,14,18428.26138944534,16097.919978468919,2330.34141097642
12,17,20,17439.312824397417,16327.80662027872,1111.5062041186975
11,11,23,16391.56824952247,14834.436984921633,1557.1312646008355
12,26,11,17884.87894616859,16097.919978468919,1786.9589676996693
12,13,20,17051.02975904301,16097.919978468919,953.1097805740901
12,7,15,17314.591860926605,17618.18801355707,303.5961526304636
12,22,9,16662.581615747727,16097.919978468919,564.6616372788085
12,14,19,17533.855277620012,16327.80662027872,1206.0486573412927
11,25,12,16070.07527809066,15656.041769646918,414.0335084437429
11,8,10,14190.30389459458,16086.311614788394,1896.0077201938147
11,3,14,14912.814383027227,16165.441766927675,1252.627383900448
12,21,0,13745.482300749192,13966.921762946797,221.43946219760437
11,11,11,14981.609453978144,15193.242504120306,211.63305014216166
11,17,15,17326.38562619713,16139.221282926037,1187.1643432710935
11,5,22,15351.863272146647,15498.846975985329,146.98370383868132
11,6,12,14653.461757259029,15012.363980896107,358.90222363707835
12,9,8,17003.43732924373,17721.83898127595,718.4016520322184
11,9,11,16122.616807567716,17728.942747155623,1606.3259395879068
12,20,6,13430.27170602336,13657.900182503634,227.6284764802731
12,24,7,14210.59467942832,14040.594402479239,170.00027694908204
12,12,7,16272.720983559684,15672.181852283578,600.5391312761058
12,9,1,14098.697746471353,13546.057704036966,552.6400424343865
12,11,12,17398.357620452756,18087.716497537003,689.3588770842471
12,23,15,17261.574276457246,18087.716497537003,826.1422210797573
12,4,18,17656.17506757358,16586.106507581782,1070.068559991796
11,8,13,15729.283420806118,15656.041769646918,73.24165115920005
11,17,10,16254.616432501623,15554.647727813033,699.9687046885902
12,16,21,19133.03074974391,17542.65854275022,1590.3722069936885
12,13,19,14911.01064198226,15751.900138194185,840.8894962119248
12,25,10,17029.668001030714,17444.243134862216,414.57513383150217
11,6,14,17132.200914016306,16139.221282926037,992.9796310902693
12,24,9,15237.542069998748,16298.403069730839,1060.860999732091
12,4,22,18141.689192868493,18568.411293400328,426.72210053183517
12,19,15,16522.691762594623,17546.4071809682,1023.7154183735765
12,18,8,16635.711661786892,16106.297843127904,529.413818658988
12,22,14,16435.92099778974,15899.252180483993,536.6688173057482
12,20,11,15192.059715186258,15950.619248892059,758.5595337058003
12,19,7,13651.53621863353,14338.734256066657,687.198037433127
12,19,2,13970.470907190833,13407.915386923554,562.5555202672786
12,4,1,14174.52743837556,13815.376244116023,359.1511942595371
12,9,0,15005.393385523865,13815.376244116023,1190.0171414078413
11,5,12,14711.462856079095,16165.441766927675,1453.9789108485802
12,9,1,13768.689528666013,13546.057704036966,222.6318246290466
11,5,12,14951.230082703078,15776.766583573339,825.5365008702611
12,18,16,19649.787025974176,17826.278034901603,1823.5089910725728
12,5,18,17990.384618957556,17774.22216776847,216.16245118908773
12,26,4,14506.693958872984,14317.92658651586,188.76737235712426
12,5,11,17348.786215908895,16097.919978468919,1250.8662374399755
12,9,10,16849.197396709587,16705.472451790494,143.7249449190931
12,12,7,14190.678294842655,13212.898530886012,977.7797639566434
11,17,23,17150.817170507376,15193.242504120306,1957.5746663870705
11,23,22,17535.72330589643,16097.919978468919,1437.8033274275112
11,20,10,16096.0,15193.242504120306,902.757495879694
11,15,10,15443.627455012907,15498.846975985329,55.21952097242138
11,10,23,16938.875181582956,16812.141267584477,126.7339139984797
12,21,1,15205.90581184002,14317.92658651586,887.9792253241612
12,8,15,17317.172087663697,17483.567355343737,166.39526768003998
12,27,6,15123.545354981385,14317.92658651586,805.6187684655251
12,14,9,16483.84578256581,16705.472451790494,221.6266692246827
11,24,10,16854.31034268492,16363.49931130761,490.8110313773086
12,6,11,14969.633314437862,16298.403069730839,1328.7697552929767
11,21,9,16467.76961404473,18087.716497537003,1619.9468834922736
12,9,15,16426.347869532827,16057.227033813248,369.1208357195792
12,10,19,17425.52253865888,16327.80662027872,1097.7159183801596
12,22,20,17262.541648780534,16812.141267584477,450.4003811960574
12,8,20,16868.635296935132,18087.716497537003,1219.0812006018714
11,16,10,15410.64772002646,15875.407493929613,464.7597739031535
12,9,6,14638.486300127212,14909.486125381954,270.999825254743
12,7,9,16843.697511937524,17611.517979540084,767.8204676025598
12,3,15,16988.323250990677,16139.221282926037,849.1019680646405
11,25,9,14605.296357726926,15875.407493929613,1270.1111362026877
12,8,19,18616.946461461222,17868.095852264472,748.8506091967502
12,3,16,18704.162397456144,16097.919978468919,2606.2424189872254
11,7,12,13564.198847053492,15128.408117565477,1564.2092705119849
11,26,8,16847.453936460108,16363.49931130761,483.9546251524971
11,15,15,15807.433409927136,16165.441766927675,358.00835700053904
11,24,14,14627.910542802503,15128.408117565477,500.4975747629742
12,6,15,16613.945659728084,16374.561317464333,239.38434226375102
11,12,12,16349.496087113735,16165.441766927675,184.05432018606007
12,27,20,18331.664994526785,18568.411293400328,236.7462988735424
12,10,11,16459.868969992098,15656.041769646918,803.8272003451802
12,21,23,17626.339499461556,17774.22216776847,147.88266830691282
12,16,19,17844.20979548407,17273.90073110218,570.3090643818869
12,4,13,16618.53575896707,17444.243134862216,825.7073758951447
12,23,11,17034.180074372136,17491.995082172038,457.81500779990165
12,6,10,17894.38834710893,16327.80662027872,1566.581726830209
12,15,0,15038.661428627016,14142.576793088952,896.0846355380636
12,3,1,13885.097624447955,13815.376244116023,69.72138033193187
12,27,14,18312.261596870852,17898.37017848473,413.8914183861234
12,1,19,18614.879248889843,16327.80662027872,2287.072628611124
12,27,0,13769.758994149495,13634.117672060718,135.6413220887771
11,9,22,16638.22910386937,15498.846975985329,1139.3821278840405
11,22,12,16655.36256069404,16165.441766927675,489.920793766365
11,21,12,16779.020133896844,15241.7542773231,1537.2658565737438
12,25,7,12762.652342510775,13815.376244116023,1052.723901605248
11,7,8,16444.197147218834,17546.4071809682,1102.2100337493648
11,3,9,14282.659170491752,15498.846975985329,1216.187805493577
12,8,7,13640.660759615945,14278.881509544079,638.220749928134
12,4,12,16668.70141614632,15554.647727813033,1114.0536883332861
12,9,5,14529.610995137238,14317.92658651586,211.68440862137868
12,17,11,16317.4199721654,16298.403069730839,19.016902434561416
12,19,13,17529.504121455386,18173.40310287433,643.8989814189445
11,8,10,16021.590603015862,15193.242504120306,828.3480988955562
12,7,0,15162.88796893652,13741.83092434564,1421.0570445908797
12,5,4,13995.933235286184,14616.873481343937,620.940246057753
12,4,6,13302.474750656713,14040.594402479239,738.1196518225261
12,27,3,13132.560239561037,13407.915386923554,275.3551473625175
12,13,16,16316.7610735507,16374.561317464333,57.800243913632585
12,25,5,17748.927432727764,16459.337963292262,1289.589469435501
12,14,4,14855.530334763544,14317.92658651586,537.603748247684
12,15,0,13652.34840832242,13966.921762946797,314.5733546243773
12,10,1,13361.065331113385,12714.32426089883,646.7410702145553
12,27,12,16719.081739545138,17677.726257788287,958.6445182431489
12,9,5,13475.90383602443,13579.08501769877,103.18118167433931
12,25,17,17802.984664500316,18087.716497537003,284.731833036687
12,1,4,13292.159250567422,13462.269723568332,170.11047300091013
11,6,21,16957.54940620184,16976.422231240795,18.872825038954034
12,9,13,16953.721497819766,16136.370452343257,817.3510454765092
12,16,19,17955.51192845106,17273.90073110218,681.6111973488769
12,15,21,17240.81709125782,18452.608413228798,1211.7913219709772
12,8,21,15989.301055528864,16097.919978468919,108.6189229400552
11,21,22,15944.823644410855,16165.441766927675,220.61812251682022
12,4,8,15810.419408858334,16097.919978468919,287.50056961058544
12,25,22,16998.06352128014,16327.80662027872,670.2569010014195
12,27,7,18069.157943093815,16459.337963292262,1609.819979801552
12,17,2,14595.187663604314,14300.739152919481,294.4485106848333
12,9,0,14637.88305532875,13966.921762946797,670.9612923819532
12,7,17,16725.376826705015,16818.613661344192,93.23683463917769
12,26,10,15214.013426167336,16097.919978468919,883.9065523015834
12,5,21,17126.107349337908,16097.919978468919,1028.187370868989
11,16,21,16938.154121166695,16812.141267584477,126.01285358221867
12,2,16,18327.851218683893,16086.311614788394,2241.5396038954987
12,9,1,13517.383612276062,13546.057704036966,28.674091760904048
11,15,12,15195.698003279487,16729.73742590482,1534.039422625332
12,14,9,15935.890335876267,15950.619248892059,14.728913015791477
12,1,18,16090.923538390609,15866.656896183284,224.26664220732528
12,25,12,15723.182038492534,15875.407493929613,152.2254554370793
12,22,5,12499.09612944084,13407.915386923554,908.8192574827135
12,9,10,15816.091634522076,16097.919978468919,281.82834394684323
12,17,23,15397.816049752248,16586.106507581782,1188.2904578295347
12,19,23,17992.070011222317,17868.095852264472,123.97415895784434
12,19,8,16727.327847599547,16097.919978468919,629.4078691306277
12,3,13,16292.963055881632,15875.407493929613,417.55556195201825
11,15,20,16815.10108864973,16086.311614788394,728.7894738613377
11,26,9,15582.182441405936,15193.242504120306,388.93993728562964
12,16,7,14485.83717303442,13966.921762946797,518.915410087624
12,3,22,16924.93596729387,15875.407493929613,1049.5284733642566
12,23,17,17363.235325589903,17076.250378715577,286.98494687432685
12,20,21,17285.106417771538,17492.092191365013,206.98577359347473
12,22,19,17924.691947663967,16327.80662027872,1596.8853273852474
11,23,13,16542.03451550795,16136.370452343257,405.66406316469147
12,10,3,14250.532372066473,13815.376244116023,435.15612795044945
11,1,23,15847.581338516857,15498.846975985329,348.73436253152795
12,22,12,17641.226534342622,17873.32865495291,232.1021206102887
12,10,6,12984.645430491368,14278.881509544079,1294.236079052711
12,21,19,18916.364045462375,17618.18801355707,1298.1760319053064
11,20,11,15058.07413143089,15193.242504120306,135.16837268941526
12,7,20,17456.584628079792,18568.411293400328,1111.8266653205355
11,6,9,16481.0,15193.242504120306,1287.757495879694
11,9,22,16747.159062662933,16812.141267584477,64.9822049215436
11,4,22,16846.64040454227,15193.242504120306,1653.3979004219655
12,25,14,16899.184543372354,17677.726257788287,778.5417144159328
12,12,6,14506.099678150758,14152.760673005474,353.3390051452843
11,7,10,15990.697531017282,17728.942747155623,1738.2452161383408
12,2,22,18359.049066554428,17542.65854275022,816.3905238042062
12,7,3,13519.517455256746,13966.921762946797,447.4043076900507
12,15,5,15020.392685212377,15407.857524973355,387.46483976097807
11,18,10,16783.66115960569,16518.593745148042,265.0674144576478
11,26,8,13032.524397971743,15362.902963441004,2330.37856546926
12,23,12,16589.81371172478,16136.370452343257,453.4432593815218
12,26,23,16970.18834075201,17492.092191365013,521.9038506130019
12,16,19,16653.973516728012,16136.370452343257,517.6030643847553
12,9,16,17604.896351333562,16812.141267584477,792.7550837490853
11,25,10,16229.285352930645,15983.523260194277,245.76209273636778
11,20,14,14760.242701698022,15006.15605266519,245.9133509671683
12,21,8,16923.230881244024,16327.80662027872,595.4242609653047
12,25,11,17501.638754536132,16327.80662027872,1173.8321342574127
12,4,6,15126.956367726609,14317.92658651586,809.0297812107492
11,16,10,16894.32766585273,16113.190272796512,781.1373930562168
12,7,22,17379.217204604167,16097.919978468919,1281.297226135248
11,2,12,15871.92836364704,16165.441766927675,293.5134032806345
12,23,1,16190.9472944567,15407.857524973355,783.0897694833457
12,9,11,16381.656397032555,17491.995082172038,1110.3386851394825
11,11,23,16936.67150986653,16812.141267584477,124.53024228205322
12,26,14,16666.171064922888,16136.370452343257,529.800612579631
11,8,10,16206.052445804778,15875.407493929613,330.64495187516513
12,9,6,14184.824055909005,13462.269723568332,722.5543323406728
12,18,5,15369.820945225414,14708.712792713332,661.1081525120826
12,5,2,14054.36751866755,13546.057704036966,508.3098146305838
12,21,14,17631.182416048963,18103.074128375527,471.8917123265637
12,26,9,17521.050772702838,16327.80662027872,1193.2441524241185
12,21,4,15123.154844467495,14317.92658651586,805.2282579516359
12,7,19,17559.925168306905,17444.243134862216,115.6820334446893
12,4,4,14001.25267615526,15435.292396382405,1434.0397202271452
12,1,15,16720.602186958968,16136.370452343257,584.2317346157106
12,22,11,18207.321063262356,16327.80662027872,1879.5144429836364
11,7,15,16351.57015820604,15899.252180483993,452.31797772204663
12,19,17,20903.622084296912,18880.767730202126,2022.8543540947867
11,11,21,16238.540868096874,15189.567760518714,1048.9731075781601
11,20,23,14926.599918158458,15992.202304919107,1065.602386760649
12,16,2,15195.07494043638,14300.739152919481,894.3357875168986
12,10,22,17283.078291751888,16729.73742590482,553.3408658470689
11,16,10,14814.895045491308,18450.442653790386,3635.547608299077
11,3,22,16850.90238772023,16086.311614788394,764.5907729318369
11,22,20,17192.322306737424,16086.311614788394,1106.01069194903
12,11,1,14905.032248107029,14142.576793088952,762.4554550180765
11,6,11,15408.549727959897,15875.407493929613,466.85776596971664
11,7,11,15740.123871525644,15875.407493929613,135.28362240396928
12,9,20,18311.64365943698,17542.65854275022,768.9851166867593
12,11,21,16871.57147767326,16374.561317464333,497.0101602089271
11,24,23,16714.47989683831,16374.561317464333,339.918579373978
11,11,22,16388.96181105391,15554.647727813033,834.3140832408753
12,18,10,16673.46668832626,17611.517979540084,938.051291213822
12,23,23,19033.67629859001,19287.290069567764,253.61377097775403
12,9,4,14210.569325292345,14152.760673005474,57.80865228687071
12,26,14,16099.068790425488,14458.825973680689,1640.2428167447997
12,17,13,17245.606352755498,17444.243134862216,198.63678210671787
11,24,12,14912.256069123729,13829.380995251602,1082.8750738721264
12,10,2,15627.821248482123,14152.760673005474,1475.0605754766493
12,23,22,16402.575964613476,16586.106507581782,183.5305429683067
11,8,14,16499.585600186216,15656.041769646918,843.5438305392981
11,12,12,14014.785387655547,15776.766583573339,1761.9811959177914
12,20,10,16155.454473212914,16097.919978468919,57.53449474399531
12,20,21,17803.45443233775,17444.243134862216,359.2112974755328
12,26,2,13922.906670949937,13634.117672060718,288.7889988892184
12,16,11,16840.94718648074,16327.80662027872,513.1405662020188
11,12,23,15707.81194750637,15875.407493929613,167.59554642324292
11,8,8,17359.652660893928,15950.619248892059,1409.0334120018688
11,9,22,16939.694224299765,16961.9579848123,22.263760512534645
11,22,12,14480.06381271722,13829.380995251602,650.6828174656184
12,23,19,18788.581258487367,17774.22216776847,1014.3590907188991
12,26,20,19237.625188020924,16554.0035313841,2683.621656636824
12,25,15,17321.046358080454,17444.243134862216,123.19677678176231
12,6,14,16380.281406870246,14458.825973680689,1921.4554331895579
12,20,13,17120.90931543338,17346.836750725004,225.92743529162544
12,25,18,17720.82032929268,16961.9579848123,758.8623444803816
12,10,11,14934.325193382114,17546.4071809682,2612.0819875860852
12,20,1,14605.76692941402,13815.376244116023,790.3906852979962
12,7,13,16598.427287315193,16961.9579848123,363.5306974971063
11,11,21,17179.935598943164,16961.9579848123,217.97761413086482
12,27,9,16863.824305685943,17273.90073110218,410.07642541623864
12,27,2,14904.539633760938,13504.219902864417,1400.319730896521
12,16,16,17647.22715015797,17721.727124054545,74.49997389657437
12,23,19,17878.596414500156,17273.90073110218,604.6956833979748
12,21,7,13468.929544506982,12979.161329239467,489.7682152675152
12,3,18,17973.700049047857,16812.141267584477,1161.55878146338
12,17,3,13960.289171012491,13634.117672060718,326.1714989517732
11,19,21,17193.0,16812.141267584477,380.85873241552326
11,13,15,16499.15201782183,15656.041769646918,843.1102481749131
12,27,4,12728.156218496477,15435.292396382405,2707.136177885928
11,7,13,16872.263360967794,16139.221282926037,733.0420780417571
12,7,8,16827.81507108973,17939.937098693965,1112.1220276042332
12,14,20,17285.73102443862,17491.995082172038,206.26405773341685
11,9,10,14466.346340773687,15193.242504120306,726.8961633466188
12,13,18,17719.1277500377,17273.90073110218,445.2270189355186
11,4,14,16307.936703413496,17379.664206767793,1071.7275033542974
12,16,17,17606.24988413728,17721.727124054545,115.47723991726525
12,26,6,15990.699800480184,15407.857524973355,582.8422755068295
12,2,12,16460.409989086867,15875.407493929613,585.0024951572541
12,26,4,15071.839382117723,14317.92658651586,753.9127956018638
12,1,0,14788.317762974746,13815.376244116023,972.9415188587227
12,12,7,12435.06513310763,15435.292396382405,3000.2272632747754
12,27,3,14695.29602618295,13815.376244116023,879.9197820669269
12,22,8,16732.713646398333,16327.80662027872,404.9070261196139
12,4,4,14212.939779505406,14040.594402479239,172.34537702616763
12,10,18,17914.890275618458,16327.80662027872,1587.0836553397385
11,1,23,15078.676998370152,15498.846975985329,420.1699776151763
12,13,18,18159.80690286116,17273.90073110218,885.9061717589793
12,2,1,13435.05478828265,13287.365800858093,147.68898742455713
12,14,16,18369.03826491925,17546.4071809682,822.6310839510516
11,5,12,16326.804691797008,15656.041769646918,670.7629221500902
12,6,12,17322.294414908883,17483.567355343737,161.2729404348538
12,11,11,17628.681372666288,17376.43327926127,252.24809340501815
12,12,22,19006.211919666308,18696.848141721766,309.36377794454165
12,7,16,18358.657610373608,17868.095852264472,490.56175810913555
11,9,22,16726.917782224562,16374.561317464333,352.35646476022885
11,26,22,17225.258872921575,16097.919978468919,1127.338894452656
12,20,2,14049.258601535774,13815.376244116023,233.8823574197504
12,23,9,17500.35807271126,16327.80662027872,1172.5514524325408
12,11,23,15483.848114442297,16586.106507581782,1102.2583931394856
11,9,8,16451.05501038835,16298.403069730839,152.65194065751166
11,26,14,15613.06133256393,15320.667113979805,292.39421858412425
11,11,23,16626.3418059993,15866.656896183284,759.6849098160146
12,6,22,16366.973030168589,18087.716497537003,1720.7434673684147
12,18,10,17902.308446380648,16097.919978468919,1804.388467911729
12,1,13,17459.044661530937,17826.278034901603,367.2333733706655
11,24,13,15198.40097016571,16165.441766927675,967.0407967619649
12,22,18,17551.914564237406,16586.106507581782,965.8080566556237
11,24,14,14039.233485738823,15012.363980896107,973.1304951572838
12,21,0,13130.3880498818,12171.670793659207,958.7172562225933
11,24,15,14758.06275485233,15776.766583573339,1018.7038287210089
12,27,18,18058.95228190011,17273.90073110218,785.0515507979289
11,4,20,17154.694889064882,16812.141267584477,342.5536214804051
12,6,9,17630.587046379613,17376.43327926127,254.15376711834324
12,6,15,16452.72191119113,16374.561317464333,78.16059372679592
12,8,7,13370.45680283238,13937.475768604103,567.0189657717237
11,9,15,14479.743149586537,15128.408117565477,648.6649679789407
12,12,18,19271.427710845088,18003.588372804646,1267.8393380404414
12,3,13,16665.256085582252,15875.407493929613,789.8485916526388
12,25,9,16822.278171073965,17721.83898127595,899.5608102019833
11,9,9,14887.664122843784,15875.407493929613,987.7433710858295
12,21,8,16231.512284845849,16165.441766927675,66.07051791817321
11,20,13,16944.83819780934,16426.775213829897,518.0629839794419
11,22,14,13574.099644048489,15204.97664846341,1630.8770044149205
11,26,10,16830.612809887134,17898.37017848473,1067.757368597595
11,26,22,16666.795792645986,16374.561317464333,292.23447518165267
12,2,0,15024.027961423826,14152.760673005474,871.2672884183521
12,10,19,18375.31337193635,16586.106507581782,1789.206864354568
12,15,5,12062.434536612049,12979.161329239467,916.726792627418
12,19,15,16652.832888021716,17444.243134862216,791.4102468404999
11,18,8,16212.903937888152,15554.647727813033,658.2562100751184
11,26,15,16456.97745727778,16165.441766927675,291.5356903501033
12,27,6,13612.010053442067,13815.376244116023,203.36619067395623
11,19,20,16679.60509402351,15875.407493929613,804.1976000938976
12,12,7,15137.46535825163,14317.92658651586,819.5387717357698
12,11,11,17530.84246922943,16097.919978468919,1432.9224907605094
12,2,10,16996.295331787016,16327.80662027872,668.4887115082965
11,10,15,14581.82802641682,16165.441766927675,1583.6137405108548
12,12,7,15359.110035243522,15407.857524973355,48.74748972983252
12,12,13,17479.028741610797,17376.43327926127,102.59546234952722
11,22,20,17345.02202405105,16097.919978468919,1247.1020455821308
12,1,13,16668.92008206655,17076.250378715577,407.3302966490264
11,23,10,17103.72564916418,16086.311614788394,1017.4140343757845
12,24,19,17804.256753342946,17444.243134862216,360.01361848073066
12,21,20,17425.465943305648,17444.243134862216,18.77719155656814
12,14,22,17290.130734745904,16812.141267584477,477.98946716142746
11,19,11,17551.14276555604,17491.995082172038,59.14768338400245
12,7,21,15805.12599522344,16586.106507581782,780.9805123583428
11,22,21,16607.046194908962,15498.846975985329,1108.1992189236335
12,20,17,18721.11419918614,16097.919978468919,2623.1942207172215
12,2,15,16553.55746430718,16374.561317464333,178.99614684284825
12,12,5,13690.44568271131,13815.376244116023,124.93056140471344
12,2,22,19600.566403746212,19574.729681173267,25.83672257294529
12,22,8,16479.277802537203,16097.919978468919,381.35782406828366
11,14,20,17050.44421416492,16097.919978468919,952.5242356960007
12,20,4,14546.560812725606,14317.92658651586,228.63422620974598
11,15,22,16619.255598040578,16812.141267584477,192.88566954389898
11,8,15,13991.774626414062,15776.766583573339,1784.9919571592764
11,13,23,15199.64284717723,15960.520616897047,760.8777697198166
12,26,1,13922.17551130756,13815.376244116023,106.79926719153627
12,15,7,13580.902427728484,13937.475768604103,356.57334087561867
11,14,12,16020.584278062972,15656.041769646918,364.54250841605426
12,2,23,15773.66571629791,15983.523260194277,209.85754389636713
12,3,17,17829.333544776422,17721.727124054545,107.60642072187693
12,9,2,13777.779071810312,14142.576793088952,364.7977212786409
12,3,5,14215.58928921661,14317.92658651586,102.33729729924926
11,27,14,13957.028045793004,15128.408117565477,1171.3800717724735
12,6,2,14608.700789220657,14616.873481343937,8.172692123280285
12,21,14,16536.367328772467,16586.106507581782,49.73917880931549
12,21,5,14486.213666595026,14317.92658651586,168.28708007916612
12,26,18,17663.892334806784,16327.80662027872,1336.0857145280643
11,27,13,17501.19485302909,15656.041769646918,1845.1530833821726
11,17,8,16114.619092555373,16961.9579848123,847.3388922569266
12,13,5,13304.077139429466,13491.94267295088,187.86553352141345
11,13,9,16181.292473906276,17728.942747155623,1547.6502732493464
11,17,21,16615.50626535669,15498.846975985329,1116.6592893713605
12,16,2,13653.180370058277,13634.117672060718,19.062697997558644
12,25,17,17897.612489106,17444.243134862216,453.36935424378316
12,9,20,18555.6808492485,17774.22216776847,781.4586814800314
11,8,14,17096.805325563782,16057.227033813248,1039.5782917505348
12,3,15,16663.19838677078,17076.250378715577,413.0519919447979
12,10,19,16200.210254764834,16972.601577468417,772.3913227035828
11,26,11,14464.110735481538,16086.311614788394,1622.2008793068562
11,22,23,14921.55811426588,15498.846975985329,577.2888617194494
12,25,2,13449.615356291357,13308.333643276004,141.28171301535258
12,18,10,17603.304693678085,17444.243134862216,159.06155881586892
11,5,20,16759.102896739896,16961.9579848123,202.8550880724033
12,24,17,17122.889248140826,16374.561317464333,748.3279306764925
11,10,11,16208.349071921306,15656.041769646918,552.3073022743883
12,20,20,16264.961060448764,16586.106507581782,321.145447133018
11,23,9,17333.822055587458,17654.827251451832,321.0051958643744
12,20,10,16732.609259702418,16327.80662027872,404.80263942369857
11,2,10,16326.64734392728,16363.49931130761,36.85196738033119
11,18,13,14621.959921025738,16165.441766927675,1543.481845901937
12,21,15,16456.483309331634,15976.5835717487,479.8997375829331
12,6,11,17608.467803020278,17774.22216776847,165.7543647481907
12,25,14,16672.38446802553,18087.716497537003,1415.3320295114718
11,4,14,14052.209261646874,15203.32979676372,1151.1205351168464
12,25,17,16234.098405789357,16374.561317464333,140.46291167497657
12,12,7,11885.862881277197,12979.161329239467,1093.29844796227
11,19,8,16164.27379424536,15983.523260194277,180.75053405108338
12,25,13,16588.892267692645,16363.49931130761,225.39295638503427
12,13,0,14705.98599734425,13741.83092434564,964.1550729986102
12,6,21,18390.41507924418,19287.290069567764,896.8749903235839
12,2,20,16924.709793997532,16586.106507581782,338.6032864157496
11,13,10,15902.299426773256,18087.716497537003,2185.4170707637477
11,20,8,15367.47640813996,15875.407493929613,507.93108578965257
12,8,6,15039.277127337193,14909.486125381954,129.79100195523824
12,11,21,17116.323184667657,16097.919978468919,1018.4032061987382
12,14,16,18678.101413933848,16097.919978468919,2580.1814354649287
12,11,4,13488.598856316052,13657.900182503634,169.30132618758216
12,18,7,14518.623000639063,14317.92658651586,200.6964141232038
12,14,15,16327.638172208615,16586.106507581782,258.46833537316706
12,16,11,16856.09008606339,17611.517979540084,755.4278934766953
11,16,9,17005.27231716256,18087.716497537003,1082.4441803744448
12,17,17,17390.444520256828,16097.919978468919,1292.5245417879087
12,18,2,13172.469688594863,13966.921762946797,794.4520743519333
12,17,0,13881.76553087956,13815.376244116023,66.3892867635368
11,20,10,16901.20895801862,16961.9579848123,60.74902679368097
11,6,20,17086.666392545907,16961.9579848123,124.7084077336076
11,4,14,15424.673757155091,16165.441766927675,740.7680097725843
12,4,15,17125.657546259095,16518.593745148042,607.0638011110532
12,25,9,17757.769243352137,17444.243134862216,313.52610848992117
12,6,18,19760.276350153315,19707.716770752144,52.559579401171504
12,22,1,13826.480471639474,13815.376244116023,11.10422752345039
12,14,21,16942.50570070413,16586.106507581782,356.39919312234633
11,11,20,17051.39161170649,16812.141267584477,239.2503441220142
12,17,12,16718.010334322276,16136.370452343257,581.6398819790193
12,13,17,16188.208548004575,16057.227033813248,130.98151419132773
12,14,9,16849.150177215623,16363.49931130761,485.65086590801184
12,13,8,17236.99849694091,16413.658081057016,823.340415883893
12,4,23,19193.97161384295,17542.65854275022,1651.313071092729
12,22,0,13698.691392063813,13815.376244116023,116.68485205221077
11,14,12,16290.7428922106,15241.7542773231,1048.9886148874994
12,8,6,13651.333651188272,13815.376244116023,164.04259292775168
12,15,7,14181.842783970642,14143.515961141879,38.3268228287634
12,11,9,15118.00811492363,18087.716497537003,2969.708382613373
12,14,10,17364.726282584616,17611.517979540084,246.79169695546807
12,13,19,17581.355826578703,16327.80662027872,1253.5492062999838
12,1,4,12883.565088629091,13815.376244116023,931.811155486932
12,19,10,16782.404664744718,16097.919978468919,684.4846862757986
11,21,22,16725.25189382496,16374.561317464333,350.69057636062644
12,4,11,17889.3489110435,16097.919978468919,1791.4289325745813
12,26,11,17245.891448957693,17273.90073110218,28.00928214448868
12,21,0,14116.646353119972,13308.333643276004,808.3127098439672
11,21,10,16084.056848099312,15875.407493929613,208.6493541696982
12,2,6,13483.19405656394,13815.376244116023,332.18218755208363
12,18,5,14327.23727205256,14152.760673005474,174.47659904708598
11,7,12,14043.230268857234,15006.15605266519,962.9257838079557
12,3,23,18629.528896890097,18653.40802646281,23.879129572713282
11,19,13,16673.048378541127,16165.441766927675,507.6066116134516
12,4,9,17650.81608139235,16097.919978468919,1552.8961029234306
12,26,6,15439.585572037391,15407.857524973355,31.728047064036218
11,25,12,15581.7594836267,15656.041769646918,74.28228602021773
12,5,7,13543.157447602222,13815.376244116023,272.21879651380186
12,4,12,17006.266654895684,17542.65854275022,536.3918878545373
11,2,13,17703.40719355978,16846.44355564742,856.9636379123585
11,27,8,16830.020489253537,17546.4071809682,716.3866917146624
11,18,13,15537.142331051034,15656.041769646918,118.89943859588311
12,23,6,13646.155205907093,13212.898530886012,433.2566750210808
12,25,1,14925.655756185368,14909.486125381954,16.169630803413384
12,4,14,16651.861720341964,16812.141267584477,160.27954724251322
12,18,22,17408.271661285842,17774.22216776847,365.9505064826262
12,22,23,17440.832397342627,17721.727124054545,280.89472671191834
12,7,23,20195.952419432157,19387.10355137212,808.8488680600349
12,12,3,13835.453827595968,13815.376244116023,20.077583479944224
12,11,16,17591.434484723406,17076.250378715577,515.1841060078295
12,6,3,13706.218095780789,14142.576793088952,436.35869730816376
12,23,21,17213.5314219422,16812.141267584477,401.3901543577231
12,2,17,16979.060426459946,15498.846975985329,1480.2134504746173
12,18,6,15617.169900147526,15407.857524973355,209.3123751741714
12,18,13,16379.0,15875.407493929613,503.59250607038666
12,18,13,16549.098886955988,16413.658081057016,135.44080589897203
12,10,18,16359.956806841768,17346.836750725004,986.8799438832357
12,15,6,13777.303160680123,14040.594402479239,263.2912417991156
11,22,13,15200.499946530726,14955.793859302694,244.70608722803263
11,2,12,17314.066255217596,16298.403069730839,1015.6631854867574
12,11,7,13119.291234895254,13407.915386923554,288.62415202830016
11,11,15,15582.224602881604,17379.664206767793,1797.4396038861887
11,6,13,14746.062415732917,15776.766583573339,1030.704167840422
12,19,2,13558.337364032592,13966.921762946797,408.58439891420494
12,23,16,17953.5435461249,17273.90073110218,679.6428150227184
11,25,9,17401.147770706742,17939.937098693965,538.7893279872224
11,3,13,15063.053488371475,15012.363980896107,50.68950747536837
12,11,5,12510.270211029669,13815.376244116023,1305.1060330863547
12,15,17,18390.18164181133,16097.919978468919,2292.2616633424113
11,23,21,16725.950222970798,16961.9579848123,236.00776184150163
12,19,19,18303.966503507057,16812.141267584477,1491.8252359225808
11,21,9,16599.42269045886,17898.37017848473,1298.9474880258676
12,3,4,13631.674366860663,13815.376244116023,183.70187725536016
11,5,22,16047.092339456609,15498.846975985329,548.2453634712801
11,18,12,16646.19160641437,16139.221282926037,506.9703234883327
12,19,7,13545.91466715864,14633.790766434866,1087.8760992762254
12,1,11,15952.92052062208,17546.4071809682,1593.4866603461196
11,16,22,17169.556443314894,15193.242504120306,1976.3139391945879
12,23,23,17173.29384176531,16097.919978468919,1075.3738632963905
12,6,15,16633.14172761575,16413.658081057016,219.48364655873593
12,11,19,17326.883940366457,17848.54860238733,521.664662020874
12,24,23,19126.60973493654,17774.22216776847,1352.3875671680726
12,7,22,17228.12115034303,17273.90073110218,45.77958075915012
12,1,23,18660.816472264614,17611.517979540084,1049.2984927245307
11,15,21,14477.06460941951,15929.219699051831,1452.1550896323206
11,23,13,17285.34244291201,17346.836750725004,61.49430781299452
12,21,23,16940.403543342374,16097.919978468919,842.4835648734552
12,19,10,15129.480414081072,16586.106507581782,1456.6260935007103
12,1,2,15805.879418821796,14909.486125381954,896.3932934398417
12,14,20,16868.105702730234,16812.141267584477,55.96443514575731
12,20,2,13675.31037019956,13308.333643276004,366.97672692355627
12,15,6,13635.699499569197,13598.417405121407,37.28209444778986
12,14,7,15643.66155684472,14317.92658651586,1325.73497032886
12,7,16,16151.382597674836,15866.656896183284,284.7257014915522
12,4,22,17215.587848758092,17774.22216776847,558.6343190103762
11,18,9,16597.976731179973,15193.242504120306,1404.7342270596673
11,13,14,16517.610989141762,16426.775213829897,90.83577531186529
12,13,23,16713.685856593765,16586.106507581782,127.57934901198314
12,4,8,18011.76682285297,16097.919978468919,1913.8468443840502
11,16,8,16063.994649151646,17546.4071809682,1482.4125318165534
12,4,17,17227.700258566558,16812.141267584477,415.558990982081
12,4,0,13294.133728715093,13407.915386923554,113.78165820846152
12,24,20,17171.89285106193,16812.141267584477,359.7515834774531
12,18,5,13959.83158516525,13815.376244116023,144.45534104922626
12,22,0,14792.673277350948,14631.470500622381,161.2027767285672
12,18,9,16292.539880726676,15723.651351535558,568.8885291911174
12,20,9,16691.50142361079,16413.658081057016,277.84334255377325
12,2,15,17139.58413754059,17483.567355343737,343.98321780314654
11,22,22,15382.125324115168,15872.681360258957,490.55603614378924
12,8,21,17236.460278702692,17721.727124054545,485.2668453518527
11,22,20,16631.540177061055,16374.561317464333,256.97885959672203
12,9,7,13646.091092217252,13462.269723568332,183.82136864891982
12,25,2,15955.75149803019,15672.181852283578,283.56964574661106
12,14,14,16133.58743731172,17444.243134862216,1310.6556975504955
11,21,9,14801.327295308069,15193.242504120306,391.9152088122373
12,7,17,17595.716163133053,16097.919978468919,1497.7961846641338
12,25,15,16579.946368192283,17546.4071809682,966.4608127759166
12,4,13,16456.4309919074,17546.4071809682,1089.9761890607988
11,24,8,17882.303701752528,16961.9579848123,920.3457169402282
12,13,4,14529.327030824808,14300.739152919481,228.58787790532733
11,4,20,16031.675475569416,15189.567760518714,842.1077150507026
11,2,23,17238.89799993215,16097.919978468919,1140.97802146323
12,9,0,13629.53835171994,13815.376244116023,185.83789239608268
11,4,14,16354.14404354549,15656.041769646918,698.1022738985721
12,6,5,13608.363490982743,13741.83092434564,133.46743336289728
12,19,2,13933.327232880232,14142.576793088952,209.24956020872014
12,11,6,16396.264860883206,16459.337963292262,63.073102409056446
12,17,14,17192.111771637046,17902.716278132317,710.6045064952705
11,22,10,16115.855672652697,15554.647727813033,561.2079448396635
12,4,11,17730.35889008403,18520.437922249566,790.0790321655368
12,3,20,18401.98319232727,17611.517979540084,790.465212787185
12,9,3,13568.473630359264,13546.057704036966,22.41592632229731
11,13,15,17148.38445477917,17346.836750725004,198.4522959458336
12,2,17,17045.865048296982,15899.252180483993,1146.6128678129899
11,6,12,16132.98765707881,15656.041769646918,476.9458874318916
12,11,16,16824.389635796455,16374.561317464333,449.82831833212185
11,14,22,16532.779838808714,15866.656896183284,666.1229426254304
11,9,12,15773.928565386295,15241.7542773231,532.1742880631955
12,27,11,16962.92252132699,16413.658081057016,549.2644402699734
12,18,12,17512.291036569954,17902.716278132317,390.4252415623632
12,25,8,16156.91808048116,16097.919978468919,58.99810201224136
11,7,12,15150.081418475074,16165.441766927675,1015.3603484526011
12,8,3,15433.928253977683,14317.92658651586,1116.0016674618237
11,16,9,15833.198189196595,15193.242504120306,639.9556850762892
12,20,7,13552.625027724604,13598.417405121407,45.792377396803204
11,18,22,16655.535590244595,15866.656896183284,788.8786940613118
12,7,19,19038.801366009295,17774.22216776847,1264.5791982408264
11,5,9,18026.59363098641,18175.353233487214,148.75960250080607
12,12,11,16476.4809010457,17492.092191365013,1015.6112903193134
12,2,6,12664.8071197172,13815.376244116023,1150.569124398824
11,11,10,14841.318471082315,15875.407493929613,1034.089022847298
12,25,12,16381.58633930698,16374.561317464333,7.025021842646311
12,12,10,16665.369223011407,16097.919978468919,567.4492445424876
12,25,1,14227.354502066122,13815.376244116023,411.97825795009885
12,14,10,16463.74142677369,17491.995082172038,1028.2536553983482
12,8,16,17844.925273379416,16812.141267584477,1032.7840057949397
12,24,5,12608.069502216971,13634.117672060718,1026.048169843747
12,26,6,13479.965290516677,13937.475768604103,457.51047808742624
11,24,15,14361.253457207038,15006.15605266519,644.9025954581521
12,15,5,13742.188141477029,13462.269723568332,279.91841790869694
12,5,6,12691.355007863986,13491.94267295088,800.587665086894
11,10,9,17756.561681231986,18087.716497537003,331.15481630501745
11,16,8,17349.103439305596,17728.942747155623,379.83930785002667
11,12,21,16573.584653370082,16812.141267584477,238.55661421439436
11,11,8,14966.809673894264,16586.106507581782,1619.2968336875183
12,2,11,17759.19522668803,17444.243134862216,314.9520918258131
12,12,4,12839.01168521528,13407.915386923554,568.9037017082737
11,1,23,16747.681659206643,16086.311614788394,661.3700444182487
12,7,14,16659.30134355501,16413.658081057016,245.64326249799342
12,17,23,16358.517675604158,18087.716497537003,1729.198821932845
12,10,4,14166.436065942777,13937.475768604103,228.96029733867363
12,25,20,16900.49816492754,15765.49692329531,1135.0012416322297
12,23,4,13555.871593940925,15435.292396382405,1879.4208024414802
11,14,21,16624.208720075676,15498.846975985329,1125.3617440903472
12,14,22,18843.358537347125,17611.517979540084,1231.8405578070415
11,16,20,16755.848432881754,15875.407493929613,880.4409389521406
11,8,20,16650.096549757203,15765.49692329531,884.5996264618934
12,22,9,16032.945940182792,17721.83898127595,1688.893041093157
12,16,12,17451.45734424164,17376.43327926127,75.0240649803709
12,3,1,12973.79130621598,12714.32426089883,259.46704531715113
12,18,10,17495.92003394316,16097.919978468919,1398.00005547424
12,5,15,17644.331351775858,18175.353233487214,531.0218817113564
11,22,14,16548.274976152185,16426.775213829897,121.499762322288
11,17,23,17343.4299038055,16961.9579848123,381.47191899320023
12,27,10,15320.628536304512,15723.651351535558,403.0228152310465
12,25,18,18278.82393981125,17518.891304858542,759.9326349527073
12,23,3,14181.446367480872,14789.82918482917,608.382817348298
11,19,22,16767.126680181107,15193.242504120306,1573.884176060801
12,8,3,13445.231635687747,14142.576793088952,697.3451574012051
12,9,9,17797.23442359039,16327.80662027872,1469.4278033116716
11,17,14,15557.249118307538,18450.442653790386,2893.1935354828474
11,6,9,16313.983488545053,16961.9579848123,647.9744962672466
12,1,21,16991.45309298483,15765.49692329531,1225.9561696895198
11,6,21,17393.034079875306,16961.9579848123,431.0760950630065
11,11,10,16600.04855169646,16298.403069730839,301.6454819656228
12,12,12,16379.0,15875.407493929613,503.59250607038666
11,4,20,16625.50584258274,15498.846975985329,1126.6588665974123
11,10,22,17128.352956605082,16961.9579848123,166.3949717927826
12,15,19,17877.818706215436,16812.141267584477,1065.677438630959
12,4,12,15889.296134694929,15899.252180483993,9.956045789063865
12,15,10,17778.434339473428,16554.0035313841,1224.430808089328
12,15,13,16629.079191554927,16136.370452343257,492.70873921167004
12,7,22,17903.92349755501,17721.727124054545,182.1963735004647
12,8,5,14191.28685520225,13657.900182503634,533.3866726986162
11,16,9,17349.947227366523,16097.919978468919,1252.0272488976043
12,26,14,16458.293147911296,15875.407493929613,582.8856539816825
12,3,15,16718.897966261327,17076.250378715577,357.35241245424913
12,18,11,14806.67287523217,14071.724436218094,734.9484390140769
12,7,6,15123.246292258413,15407.857524973355,284.61123271494216
12,21,11,16667.831645277896,16413.658081057016,254.1735642208805
12,13,14,16581.41571029031,15656.041769646918,925.3739406433906
12,8,9,15911.03434082044,17491.995082172038,1580.9607413515969
12,27,8,16346.11950940643,16097.919978468919,248.19953093751064
12,17,19,16901.910985362236,16586.106507581782,315.80447778045345
12,24,10,16994.938521242406,16165.441766927675,829.4967543147304
12,4,2,14138.635864675842,13308.333643276004,830.3022213998374
12,4,14,16378.834231553925,14458.825973680689,1920.0082578732363
12,21,4,14278.031389240055,14317.92658651586,39.895197275804094
12,5,19,16732.374736200676,16374.561317464333,357.813418736343
11,22,11,16080.304590381294,15193.242504120306,887.0620862609885
11,21,13,16606.04600674982,17444.243134862216,838.1971281123951
12,7,10,16826.03233365326,16705.472451790494,120.5598818627659
11,20,23,16625.50281875253,16812.141267584477,186.63844883194542
12,19,23,16559.79752363776,15554.647727813033,1005.1497958247273
12,18,3,13153.203899815147,13407.915386923554,254.7114871084068
11,7,11,16739.619273422526,17546.4071809682,806.7879075456731
11,14,12,15809.686175941692,15656.041769646918,153.64440629477394
12,21,18,16622.827043008798,16374.561317464333,248.26572554446466
11,12,11,17299.0,18175.353233487214,876.3532334872143
12,14,11,17530.681927322785,16327.80662027872,1202.8753070440653
12,4,16,18583.837061200025,17774.22216776847,809.614893431557
11,17,13,16018.231058232232,15656.041769646918,362.189288585314
12,11,16,18711.18864146107,18568.411293400328,142.77734806074295
12,4,20,16181.575415557663,16097.919978468919,83.65543708874429
12,18,5,12435.157920893658,13815.376244116023,1380.2183232223651
12,8,19,18375.36940617168,16961.9579848123,1413.411421359382
12,27,12,17289.563280132523,17376.43327926127,86.86999912874671
12,3,0,15008.608593149573,14317.92658651586,690.6820066337132
12,15,6,14890.743551490605,14317.92658651586,572.8169649747451
12,1,6,13437.372917324436,13579.08501769877,141.7121003743341
12,24,8,17004.033874965422,17444.243134862216,440.2092598967938
12,22,18,17870.68907546585,17444.243134862216,426.44594060363306
11,21,22,16726.506034560964,16961.9579848123,235.4519502513358
12,19,18,18627.3455137151,16097.919978468919,2529.4255352461805
12,6,1,14689.825337431885,13579.08501769877,1110.740319733115
12,27,23,18539.560919433337,17611.517979540084,928.0429398932538
11,19,22,16245.145220899543,15498.846975985329,746.2982449142146
12,16,4,15354.666761019447,15407.857524973355,53.19076395390766
11,14,11,16353.018396558158,16961.9579848123,608.9395882541412
11,12,20,17155.31719533642,16086.311614788394,1069.0055805480279
11,26,21,17164.38914073965,16961.9579848123,202.43115592735194
12,24,7,13475.33518975915,14278.881509544079,803.5463197849294
12,10,13,17142.550026694447,17677.726257788287,535.1762310938393
12,11,22,17636.392122822752,17774.22216776847,137.8300449457165
11,20,9,14817.869721205543,15193.242504120306,375.37278291476287
12,3,8,16484.20808313377,16097.919978468919,386.28810466485083
12,25,22,18067.560118908943,17611.517979540084,456.04213936885935
12,7,19,17844.547498161995,17654.827251451832,189.72024671016334
12,26,9,15138.185364804827,15723.651351535558,585.465986730731
12,11,6,13414.351714663382,13462.269723568332,47.9180089049496
11,19,11,15946.309780496304,15983.523260194277,37.213479697973526
11,14,11,16099.921283742528,15751.900138194185,348.02114554834225
11,19,9,15891.88580249991,15193.242504120306,698.643298379604
12,2,2,13764.317656718533,13815.376244116023,51.058587397490555
12,16,1,13881.286998291203,13815.376244116023,65.91075417518005
12,24,9,14846.553728881683,16298.403069730839,1451.8493408491559
11,20,13,16339.476036018405,17848.54860238733,1509.0725663689263
11,7,21,16747.2952337575,15656.041769646918,1091.253464110583
11,6,20,15897.361686489896,15875.407493929613,21.954192560282536
12,16,2,12688.002141762248,13634.117672060718,946.1155302984698
12,5,10,15803.648638429326,16363.49931130761,559.850672878285
11,15,23,16233.92284382063,15875.407493929613,358.51534989101674
12,26,19,18251.06809522909,16298.403069730839,1952.6650254982505
11,22,21,15975.60429313562,14458.825973680689,1516.778319454932
12,3,7,13551.23868459288,14317.92658651586,766.68790192298
12,26,19,16483.221345464495,15866.656896183284,616.5644492812116
12,16,17,17608.65736071375,16086.311614788394,1522.3457459253568
11,5,13,17928.81005988299,17698.283014350094,230.52704553289732
12,26,22,15973.175988625168,16097.919978468919,124.74398984375148
12,12,0,13904.6255910156,13287.365800858093,617.2597901575064
12,1,0,14791.166618772888,13815.376244116023,975.7903746568645
12,26,10,17698.626174109595,16554.0035313841,1144.622642725495
12,21,13,16815.016846631166,16136.370452343257,678.6463942879091
12,1,4,13492.420436997923,15435.292396382405,1942.8719593844817
11,19,10,16445.307545521617,15723.651351535558,721.6561939860585
11,18,12,16317.416736900092,15656.041769646918,661.374967253174
12,24,7,12931.779781255143,13491.94267295088,560.1628916957361
11,14,13,17548.32052068023,17721.83898127595,173.51846059571835
12,6,12,16619.71568092885,16961.9579848123,342.2423038834495
12,16,0,13668.048608818282,13634.117672060718,33.93093675756427
11,20,14,15580.973860492104,15656.041769646918,75.0679091548136
11,27,15,16328.411300124031,15960.520616897047,367.89068322698404
11,26,14,14220.772359176668,15128.408117565477,907.6357583888093
12,8,12,16615.739087402413,17546.4071809682,930.668093565786
12,20,10,17874.534063880907,16097.919978468919,1776.6140854119876
11,9,14,16077.189383812069,16165.441766927675,88.25238311560679
11,12,21,16538.382996980097,16812.141267584477,273.7582706043795
12,7,7,14212.597394301483,14300.739152919481,88.14175861799777
12,24,21,18860.411882326152,18568.411293400328,292.00058892582456
12,20,23,19669.10246858717,18922.71556750398,746.3869010831913
11,23,22,17190.709297461053,16812.141267584477,378.5680298765765
12,13,21,15637.571030297817,14645.26005486149,992.3109754363268
12,26,11,17306.99404357993,17611.517979540084,304.52393596015463
11,6,12,14481.843068203842,15012.363980896107,530.5209126922655
12,1,20,17185.86963742547,17492.092191365013,306.222553939544
12,10,14,16506.87790200005,16961.9579848123,455.0800828122483
11,11,11,15892.001365216694,15875.407493929613,16.59387128708113
12,26,15,17321.67645992306,17257.650072619865,64.0263873031945
11,21,11,15892.93095262958,15875.407493929613,17.523458699966795
12,6,12,17033.61043422627,18087.716497537003,1054.1060633107336
12,19,12,17150.934948362014,17483.567355343737,332.63240698172376
12,16,10,17102.791309459313,17444.243134862216,341.4518254029026
12,4,19,17727.05101084532,16097.919978468919,1629.131032376401
12,7,22,17066.467676706015,16327.80662027872,738.661056427296
12,6,14,16719.078733623155,18087.716497537003,1368.6377639138482
12,20,5,15046.39008857956,14317.92658651586,728.4635020636997
12,5,20,17333.378068757942,16812.141267584477,521.2368011734652
11,21,22,16624.009189470846,15498.846975985329,1125.162213485517
11,24,15,15815.328662683,17848.54860238733,2033.2199397043314
12,10,14,18100.46617854828,18103.074128375527,2.607949827248376
12,9,20,17428.953050077034,16812.141267584477,616.8117824925575
12,8,0,14186.819343450688,13579.08501769877,607.7343257519187
12,1,20,17994.145499353537,16327.80662027872,1666.3388790748177
12,16,8,17798.905876173987,17774.22216776847,24.6837084055187
11,19,10,16762.281635226143,18087.716497537003,1325.43486231086
11,15,21,16731.601308189365,15875.407493929613,856.1938142597519
12,14,10,17377.16627202358,16413.658081057016,963.5081909665641
12,18,9,15511.202660916832,16097.919978468919,586.7173175520875
12,17,9,16150.558191250117,16165.441766927675,14.883575677558838
12,27,4,14718.809031647088,15407.857524973355,689.0484933262669
12,23,17,18701.862126145093,17774.22216776847,927.6399583766251
12,6,22,18448.401340764387,17444.243134862216,1004.1582059021712
12,15,3,14894.8311596657,13815.376244116023,1079.454915549677
12,7,19,17874.455593731287,16812.141267584477,1062.3143261468103
11,13,22,16392.740827400565,15554.647727813033,838.0930995875315
11,7,21,16548.155807463085,15866.656896183284,681.4989112798012
12,3,5,13645.219657224308,13407.915386923554,237.30427030075407
12,16,0,14517.030245957609,13966.921762946797,550.108483010812
11,3,20,16786.77057507017,16086.311614788394,700.4589602817778
12,3,21,18519.85637654632,17868.095852264472,651.7605242818463
12,3,21,18999.845023877457,18696.848141721766,302.9968821556904
11,17,22,16738.50918980783,15967.019262098504,771.4899277093282
12,26,19,19763.028246479946,18880.767730202126,882.26051627782
12,1,3,13687.494612975332,13308.333643276004,379.1609696993273
12,17,14,16725.13872984977,17618.18801355707,893.0492837072998
12,25,16,16868.138168088026,16374.561317464333,493.57685062369274
12,20,22,17245.652178694858,16812.141267584477,433.51091111038113
12,2,11,16639.846358088947,16097.919978468919,541.9263796200285
11,17,10,15858.764593958813,15751.900138194185,106.86445576462756
12,9,2,14731.60825074904,13815.376244116023,916.2320066330158
12,9,7,16379.190058752789,16459.337963292262,80.14790453947353
12,6,8,18675.03315911137,16327.80662027872,2347.2265388326523
11,16,9,16761.56147348853,16961.9579848123,200.3965113237682
12,21,19,17871.95256556237,17518.891304858542,353.06126070382743
11,18,20,17193.0,16086.311614788394,1106.6883852116061
12,25,11,16661.451035973627,16961.9579848123,300.50694883867254
12,26,22,16854.09392725738,16812.141267584477,41.9526596729047
12,19,1,14782.949687582868,13815.376244116023,967.5734434668448
12,23,9,17110.740829346614,16363.49931130761,747.2415180390035
12,5,14,17210.373191910927,17444.243134862216,233.86994295128898
11,17,14,17383.125468559745,16566.25747548296,816.8679930767867
12,19,20,17290.542516062233,16136.370452343257,1154.1720637189756
12,18,6,12789.271808380518,12979.161329239467,189.88952085894925
12,5,20,18928.428927821984,17611.517979540084,1316.9109482819003
12,7,23,17823.742736937802,18568.411293400328,744.6685564625259
12,17,1,13935.492101238244,13598.417405121407,337.074696116837
12,22,12,18085.71644569503,18173.40310287433,87.6866571792998
12,7,9,16158.976952187551,16097.919978468919,61.056973718632435
11,23,20,16808.119790571032,16961.9579848123,153.83819424126705
12,16,16,17031.911706636485,17346.836750725004,314.9250440885189
12,27,9,15200.4956385708,18087.716497537003,2887.220858966204
12,19,4,13989.496206959537,13815.376244116023,174.11996284351335
12,9,16,17364.682166520015,16812.141267584477,552.5408989355383
12,19,7,12495.32213914795,15435.292396382405,2939.970257234456
12,19,0,15816.808143727816,14909.486125381954,907.3220183458616
12,5,4,13550.959491532798,13212.898530886012,338.06096064678604
12,15,7,14937.553651734092,15407.857524973355,470.30387323926334
12,19,20,16988.106389364093,16097.919978468919,890.186410895174
12,23,4,14529.93618792513,14317.92658651586,212.00960140927054
12,13,3,13703.72967128546,13815.376244116023,111.64657283056295
12,24,14,17521.1217810684,18173.40310287433,652.2813218059309
12,19,5,15407.190658774109,15407.857524973355,0.6668661992462148
12,14,20,15431.006992719904,16586.106507581782,1155.0995148618786
12,16,11,17884.61092756478,17611.517979540084,273.09294802469594
12,7,17,17878.714062589574,16097.919978468919,1780.7940841206546
12,9,20,17325.966474781195,16812.141267584477,513.8252071967181
12,25,23,16859.448726264753,15983.523260194277,875.9254660704755
11,6,21,16627.904391429733,15498.846975985329,1129.057415444404
11,24,8,16901.115089648745,17898.37017848473,997.2550888359838
11,20,9,15598.658545732253,15193.242504120306,405.41604161194664
12,7,19,17586.79784851972,16298.403069730839,1288.394778788881
12,23,9,15819.874621567884,16961.9579848123,1142.0833632444155
11,5,14,12862.09108979343,15203.32979676372,2341.238706970291
11,14,14,16617.286030837742,15656.041769646918,961.2442611908245
11,14,20,16782.130301115132,16097.919978468919,684.2103226462132
12,17,23,17231.67294842534,16812.141267584477,419.5316808408643
12,27,14,17375.638497199412,17064.483158923158,311.15533827625404
11,19,11,16208.184115871292,15899.252180483993,308.93193538729975
12,24,21,19234.108879831612,18993.795505677674,240.31337415393864
12,19,23,17423.740247768557,17721.727124054545,297.9868762859878
12,3,6,13643.535078843624,13462.269723568332,181.26535527529268
12,20,14,16379.0,15875.407493929613,503.59250607038666
12,17,15,17009.14902026675,17483.567355343737,474.418335076989
11,17,14,16274.609090870552,15656.041769646918,618.5673212236343
12,5,17,17300.00393429034,16374.561317464333,925.442616826007
11,20,9,16481.0,17939.937098693965,1458.9370986939648
11,5,11,17075.328181478704,15193.242504120306,1882.0856773583982
12,18,2,14140.62381825663,13634.117672060718,506.50614619591215
12,20,8,16150.183699024425,17491.995082172038,1341.811383147613
12,21,13,16609.19975751144,15875.407493929613,733.7922635818268
12,10,22,15705.815179426078,16097.919978468919,392.1047990428415
12,15,10,15234.829986048802,14071.724436218094,1163.1055498307087
11,16,10,16654.96019045747,16086.311614788394,568.6485756690763
12,27,21,17107.43321471115,16080.614417355531,1026.8187973556178
11,11,21,16710.680033110017,16812.141267584477,101.46123447446007
12,8,12,16660.389145360426,17518.891304858542,858.5021594981154
11,13,15,14958.909949858782,16165.441766927675,1206.5318170688934
12,15,6,14695.412170594444,14909.486125381954,214.07395478751096
12,3,14,16557.76670152252,15656.041769646918,901.7249318756021
12,6,4,13791.268210966127,13966.921762946797,175.65355198066936
11,16,20,16755.26833144094,16961.9579848123,206.68965337135887
12,10,4,15259.30189956433,15407.857524973355,148.5556254090243
12,14,9,14694.822805735526,17546.4071809682,2851.5843752326728
12,3,10,17725.900774696154,17774.22216776847,48.321393072314095
11,12,9,16286.947099800114,18087.716497537003,1800.769397736889
12,11,10,16967.84214826665,16097.919978468919,869.92216979773
11,23,15,16660.328181113055,16165.441766927675,494.8864141853792
11,15,21,16755.817990224885,15193.242504120306,1562.5754861045789
12,16,9,16677.32149737907,17491.995082172038,814.6735847929667
12,4,19,16034.119913579923,16972.601577468417,938.4816638884931
12,23,14,16670.27134268934,17076.250378715577,405.97903602623774
12,25,19,17119.774923868168,17199.305102201874,79.53017833370541
12,3,16,16424.851067290925,16374.561317464333,50.289749826592015
12,25,20,16962.366439439433,16812.141267584477,150.225171854956
12,18,9,17798.510780866567,17444.243134862216,354.26764600435126
12,12,19,17878.22712907414,16812.141267584477,1066.0858614896642
11,8,23,16725.223740893824,16812.141267584477,86.91752669065318
12,20,0,14797.871375818771,13966.921762946797,830.9496128719748
12,22,2,13762.999581337495,13815.376244116023,52.37666277852804
12,10,5,13651.728280798456,13815.376244116023,163.6479633175677
12,23,9,17626.580755838124,17721.727124054545,95.14636821642125
12,13,16,16302.5861548588,15751.900138194185,550.6860166646147
11,14,10,17808.51908269627,16327.80662027872,1480.7124624175522
12,27,4,14505.410055776205,14510.887134490675,5.477078714469826
11,8,13,16134.484205578015,16165.441766927675,30.957561349659954
11,19,8,15908.0,15875.407493929613,32.59250607038666
12,4,2,13468.276060801154,13966.921762946797,498.64570214564264
12,14,20,16694.686415542463,16097.919978468919,596.7664370735438
12,27,19,18043.20526064259,16327.80662027872,1715.39864036387
12,18,7,14168.890335935032,13937.475768604103,231.41456733092855
12,4,20,15726.66638224622,14645.26005486149,1081.4063273847296
12,9,10,16109.798231181328,17546.4071809682,1436.6089497868707
12,8,14,16564.941595130414,16136.370452343257,428.57114278715744
12,26,2,14741.115038256785,14143.515961141879,597.5990771149063
12,20,20,16978.20624676056,16812.141267584477,166.0649791760843
12,26,7,12674.565942621366,13937.475768604103,1262.909825982737
12,2,10,17405.942046589586,17082.03447916626,323.9075674233245
11,11,22,16934.4878997542,16961.9579848123,27.470085058099357
11,6,22,16933.655586668545,14834.436984921633,2099.218601746912
11,26,15,14088.586052630688,15776.766583573339,1688.1805309426509
12,23,2,13694.5591109527,13308.333643276004,386.2254676766952
12,8,8,17396.974324563842,16327.80662027872,1069.1677042851225
11,18,20,16828.19725357926,13951.961898982803,2876.235354596456
11,17,21,18024.233966659976,16086.311614788394,1937.9223518715826
12,7,19,17604.76831450387,17721.727124054545,116.95880955067332
12,22,6,14686.990725086813,14789.82918482917,102.83845974235737
11,26,8,17094.476950571698,16961.9579848123,132.51896575939827
12,6,5,14181.24800979056,13966.921762946797,214.32624684376424
11,1,14,14571.5049709454,13829.380995251602,742.1239756937975
12,27,11,17054.094372906296,18003.588372804646,949.49399989835
12,17,4,13245.863834047484,13462.269723568332,216.40588952084727
12,17,4,13924.047840786568,13815.376244116023,108.67159667054511
11,12,20,15949.068688762964,15872.681360258957,76.38732850400629
11,14,23,16393.768712911435,15498.846975985329,894.921736926106
11,21,13,16557.22364871093,16139.221282926037,418.0023657848924
11,4,12,16923.771684634128,15656.041769646918,1267.7299149872106
11,10,20,16712.349783229783,15887.812552511838,824.5372307179459
12,25,18,17316.021825141648,16374.561317464333,941.460507677315
11,8,21,16624.406610144684,15866.656896183284,757.7497139614006
11,12,8,16326.398759163018,16086.311614788394,240.08714437462368
11,15,8,16597.228598499805,16961.9579848123,364.72938631249417
11,8,22,16650.354204000487,16374.561317464333,275.7928865361537
12,21,10,16716.57676356185,17491.995082172038,775.4183186101873
12,27,7,13270.239110919689,13407.915386923554,137.6762760038655
12,18,23,17920.232806924785,17721.727124054545,198.50568287023998
11,11,13,14945.393116282225,15203.32979676372,257.9366804814963
12,13,16,16860.93791689472,17346.836750725004,485.8988338302843
12,8,3,13729.827254138829,13815.376244116023,85.54898997719465
11,14,15,14622.296347477824,15776.766583573339,1154.4702360955143
12,25,1,13136.821536630086,13815.376244116023,678.5547074859369
11,21,23,16755.399740371726,15875.407493929613,879.9922464421124
12,12,14,16720.078340792923,18087.716497537003,1367.6381567440803
12,15,2,14454.735202729898,14317.92658651586,136.80861621403892
12,1,12,19080.39091271719,18175.353233487214,905.0376792299758
12,8,8,17300.575435544753,17082.03447916626,218.5409563784924
12,12,3,13958.848552591848,13815.376244116023,143.47230847582432
12,13,23,16882.683701824288,17122.501187412778,239.81748558848994
11,5,10,16780.690921767968,17546.4071809682,765.7162592002314
12,12,2,15630.54816847944,14909.486125381954,721.062043097485
12,25,15,15760.950553758275,15875.407493929613,114.45694017133792
11,4,15,12850.456869361711,15012.363980896107,2161.907111534396
12,26,21,18432.929958998375,17611.517979540084,821.4119794582912
11,19,9,16482.927051182112,16113.190272796512,369.7367783856007
12,25,5,14954.544216702749,14317.92658651586,636.6176301868891
12,11,6,14425.35349976939,14317.92658651586,107.42691325353007
11,1,23,16069.432244530595,15498.846975985329,570.5852685452664
12,11,19,18390.99488999056,16097.919978468919,2293.074911521642
12,4,14,16616.749498732108,16413.658081057016,203.0914176750921
12,25,6,13725.533472935043,13657.900182503634,67.63329043140948
12,10,7,13547.838516880563,13129.968020808677,417.870496071886
12,7,5,11798.765040647284,13542.55024011497,1743.7851994676857
12,22,18,18203.288062133215,16554.0035313841,1649.2845307491152
11,23,22,16657.164231994244,15656.041769646918,1001.1224623473263
11,18,9,16285.25817664825,16086.311614788394,198.94656185985696
12,19,20,18046.044536929327,17611.517979540084,434.52655738924295
12,13,16,17924.38612494362,16086.311614788394,1838.0745101552257
12,13,22,17196.604993428842,17444.243134862216,247.63814143337368
12,17,19,16837.63141840769,16374.561317464333,463.07010094335783
11,16,21,16625.85346352277,16972.601577468417,346.74811394564676
11,20,13,16308.965112524897,16165.441766927675,143.52334559722112
12,14,12,16595.42874992106,16413.658081057016,181.77066886404282
12,11,5,13545.925897722826,13937.475768604103,391.54987088127746
12,10,16,16413.309061567405,16374.561317464333,38.747744103071454
11,8,23,16713.311632790967,15656.041769646918,1057.269863144049
12,22,12,18023.012901517755,17728.942747155623,294.0701543621326
12,20,0,14270.03789249524,13634.117672060718,635.920220434522
11,4,8,15842.473193354945,15193.242504120306,649.2306892346387
12,23,15,16013.595121314427,14458.825973680689,1554.7691476337386
12,10,23,17512.755542242678,17220.482342106166,292.27320013651115
12,2,7,13290.184925945996,12979.161329239467,311.02359670652913
12,20,12,17488.330997805504,17444.243134862216,44.0878629432882
12,2,7,14189.03877404561,13657.900182503634,531.138591541976
12,3,12,17502.699275800547,18103.074128375527,600.3748525749797
12,4,16,18892.683113344472,18173.169170143352,719.5139432011201
11,6,22,16369.282515285226,16812.141267584477,442.85875229925114
11,17,8,14998.647141126505,15193.242504120306,194.59536299380125
12,27,8,15601.435179204029,16363.49931130761,762.0641321035819
12,18,0,13776.632812069529,13287.365800858093,489.2670112114356
11,26,14,15714.754186377832,15182.637373996586,532.1168123812458
12,25,11,17236.677609557893,16554.0035313841,682.6740781737935
12,10,7,14030.15318383261,13815.376244116023,214.77693971658664
11,16,20,16625.786755456862,16812.141267584477,186.35451212761473
12,22,10,16356.115956838965,16097.919978468919,258.19597837004585
12,12,3,13103.40270709747,13287.365800858093,183.96309376062345
11,10,15,17690.358266684412,17491.995082172038,198.36318451237457
12,25,4,12737.192135777384,12979.161329239467,241.96919346208233
12,7,9,17497.696562396737,17774.22216776847,276.5256053717312
11,2,21,17054.07192560406,16086.311614788394,967.7603108156673
12,19,17,17359.262437165362,17922.036633610143,562.7741964447814
12,26,6,14426.14859692572,14300.739152919481,125.40944400623812
12,7,17,16806.152171200396,17492.092191365013,685.9400201646167
12,9,9,17277.25415728137,16327.80662027872,949.4475370026521
11,18,22,16395.374838751843,16812.141267584477,416.7664288326341
12,7,11,17304.811336107676,16327.80662027872,977.0047158289563
12,20,5,13449.90943820911,13407.915386923554,41.99405128555554
12,15,15,16382.64291155377,15899.252180483993,483.39073106977776
12,8,5,12934.562182455988,13937.475768604103,1002.9135861481154
12,17,22,19199.822222231447,18696.848141721766,502.9740805096808
11,2,23,17027.100383428293,16812.141267584477,214.9591158438161
12,23,23,17961.309206433514,17611.517979540084,349.7912268934306
12,3,3,13874.138145282244,13815.376244116023,58.76190116622092
11,19,20,16949.198141277553,16086.311614788394,862.8865264891592
11,21,14,16393.497876010097,15241.7542773231,1151.7435986869968
11,24,21,17110.939518207204,16812.141267584477,298.7982506227272
11,26,22,16951.910925435863,15193.242504120306,1758.6684213155568
11,25,13,16348.924822223376,16165.441766927675,183.48305529570098
12,3,5,11778.076004161634,15435.292396382405,3657.216392220771
11,22,13,16897.18067350015,17848.54860238733,951.3679288871826
12,15,17,18790.703583590726,16097.919978468919,2692.7836051218073
12,3,4,15403.20640240997,15672.181852283578,268.97544987360743
11,16,23,17046.71119539361,17721.83898127595,675.1277858823378
12,3,1,14617.57238599299,13815.376244116023,802.1961418769661
12,18,6,12663.904084550588,13815.376244116023,1151.4721595654355
11,26,15,16431.05505495619,15193.242504120306,1237.8125508358826
11,25,21,16780.362809542625,14834.436984921633,1945.925824620992
12,6,23,16882.49836631765,15983.523260194277,898.9751061233728
11,6,14,15236.753542420349,16165.441766927675,928.6882245073266
12,19,23,17200.080989420727,16812.141267584477,387.9397218362501
12,14,8,17001.769627524933,16097.919978468919,903.8496490560137
11,20,23,16386.63528428188,15875.407493929613,511.22779035226813
12,24,15,17021.29296345508,17677.726257788287,656.4332943332083
11,10,15,16823.66139851909,15899.252180483993,924.4092180350963
11,6,14,15778.302622330337,16165.441766927675,387.1391445973386
12,21,8,16951.529723465683,16097.919978468919,853.6097449967638
12,4,23,17634.307406899316,16327.80662027872,1306.500786620596
11,10,13,16308.311671184798,17848.54860238733,1540.236931202533
11,27,20,17397.180470416188,16097.919978468919,1299.2604919472687
11,14,22,17679.39011344265,16961.9579848123,717.4321286303493
12,3,7,13777.563881185128,13614.56549111137,162.99839007375704
12,4,14,16715.135745000043,15983.523260194277,731.6124848057661
12,5,17,17844.310348788204,14071.724436218094,3772.58591257011
12,16,21,17363.08243490332,17076.250378715577,286.83205618774446
11,6,14,16895.279954911824,17350.77580032611,455.49584541428703
12,16,1,14018.339656152431,13815.376244116023,202.96341203640804
12,15,2,13419.094009007558,13966.921762946797,547.8277539392384
12,23,14,17008.28061373051,17701.49258242629,693.2119686957813
12,9,19,18322.933126008236,17444.243134862216,878.6899911460205
12,24,19,18372.250624980585,16097.919978468919,2274.3306465116657
12,18,5,13337.21495032433,13407.915386923554,70.7004365992234
12,3,7,15034.271844172095,14317.92658651586,716.3452576562358
12,26,18,19416.142506410117,18696.848141721766,719.2943646883505
11,17,22,17179.531060165944,16812.141267584477,367.3897925814672
12,27,7,15046.865835981149,14317.92658651586,728.9392494652893
12,22,22,17997.571227719625,17774.22216776847,223.34905995115696
12,27,5,11864.988072196742,11214.552093550594,650.4359786461482
12,14,10,17291.283422398526,16097.919978468919,1193.3634439296075
12,9,9,16463.73077480016,16097.919978468919,365.81079633123954
11,23,11,16189.58221848853,15193.242504120306,996.3397143682232
12,27,18,16967.272445670944,17444.243134862216,476.97068919127196
12,19,22,17103.27715450751,16097.919978468919,1005.3571760385894
12,8,19,16767.860547844204,15498.846975985329,1269.0135718588754
12,12,6,13493.082230090642,13598.417405121407,105.33517503076473
11,4,12,16561.46727394456,15656.041769646918,905.425504297642
11,27,21,16205.278567693562,15189.567760518714,1015.710807174848
12,6,14,16147.77101145282,15899.252180483993,248.5188309688274
12,19,19,17593.114765317252,16812.141267584477,780.9734977327753
11,10,15,16901.268297049093,16165.441766927675,735.8265301214178
12,24,0,14873.838761661904,14909.486125381954,35.647363720050635
12,16,5,13650.340145910555,13815.376244116023,165.03609820546808
11,1,20,16064.43086790499,15189.567760518714,874.8631073862762
12,14,20,17283.516814580333,16812.141267584477,471.375546995856
12,13,8,16055.97970159267,16097.919978468919,41.94027687624839
12,5,17,18339.971192972494,16097.919978468919,2242.0512145035755
12,27,5,14531.62708635479,13815.376244116023,716.2508422387673
11,25,10,16180.30090557002,15983.523260194277,196.7776453757433
12,26,19,17112.27171103893,17491.995082172038,379.7233711331064
11,26,11,15410.50814735201,15193.242504120306,217.2656432317035
11,14,22,16725.928448465394,17721.83898127595,995.9105328105543
12,14,2,13761.609147249465,13308.333643276004,453.2755039734602
12,15,7,14118.95407411998,14040.594402479239,78.359671640741
12,11,23,16732.04717546344,15866.656896183284,865.3902792801582
11,27,10,17030.211741276216,16961.9579848123,68.25375646391694
12,2,13,16598.70421143145,15967.019262098504,631.6849493329464
11,13,15,16667.38288992135,15241.7542773231,1425.6286125982515
11,19,9,16184.905210321596,15193.242504120306,991.6627062012903
11,9,23,16933.362556475608,16812.141267584477,121.22128889113083
12,8,18,16793.60125977903,17444.243134862216,650.6418750831872
11,14,10,15772.197656545555,17546.4071809682,1774.2095244226439
12,4,22,18433.83450643011,18568.411293400328,134.57678697021765
12,4,7,13423.684347571343,13657.900182503634,234.21583493229082
11,19,9,16122.021384476488,18087.716497537003,1965.6951130605157
12,3,21,17478.448981922957,17721.727124054545,243.27814213158854
12,14,0,13770.42362503035,13614.56549111137,155.85813391897864
12,1,22,15352.270466507212,14645.26005486149,707.0104116457223
12,20,22,15803.186140650409,14645.26005486149,1157.9260857889185
12,15,10,16962.159475813776,16363.49931130761,598.6601645061655
12,18,21,17203.897623843266,16097.919978468919,1105.977645374347
12,26,13,15392.506800829737,15875.407493929613,482.90069309987666
12,14,5,14692.16070744445,14317.92658651586,374.2341209285896
11,7,14,17603.893382593567,16165.441766927675,1438.451615665892
11,13,8,15780.433026971356,15193.242504120306,587.1905228510495
12,12,19,19654.158354262458,18880.767730202126,773.3906240603319
