month,day,hour,y_true,y_pred,error
10,3,17,17432.927288115025,17831.572799947466,398.6455118324411
2,12,21,18808.457563638687,16122.581291065606,2685.876272573081
3,24,2,13031.002713501452,12596.169849055923,434.8328644455287
11,4,11,14763.279675751925,14071.683102244213,691.5965735077116
11,14,21,18411.674731969833,16042.45247696021,2369.222255009623
6,12,16,13103.410872220991,13438.996802043432,335.58592982244045
6,25,7,16323.337606728075,15289.44675351107,1033.8908532170044
3,26,3,13074.84119106829,12354.616674065477,720.2245170028127
11,11,12,15881.291781246662,14319.412177572438,1561.8796036742242
11,13,21,18364.453053951263,16115.338762190064,2249.1142917611996
9,4,21,14432.964562952518,14132.948637214366,300.0159257381529
4,18,20,18383.787268400192,15668.60657438898,2715.180694011213
2,20,5,13403.220790863035,12968.730135051333,434.4906558117018
2,12,4,15774.450807213783,14897.394412780155,877.0563944336282
8,6,16,16960.52267765999,17528.68108337738,568.1584057173932
11,17,21,19048.99267846346,15911.133128435777,3137.8595500276824
6,17,13,13213.36068327725,13301.94934562903,88.58866235177993
10,27,20,18807.49134504795,15834.778259394792,2972.7130856531585
7,7,21,15814.050595372915,14939.156489710362,874.8941056625536
12,24,13,16375.8931722641,15040.150749219516,1335.7424230445831
10,13,21,15946.087072521448,15659.71003832644,286.3770341950076
2,12,10,17555.429533600807,16293.52614143316,1261.9033921676473
4,20,2,12716.063640817998,12311.660998711466,404.40264210653186
11,24,19,18900.821663200855,15813.332556647694,3087.489106553161
4,28,3,12631.875694453714,11297.641100857207,1334.2345935965077
3,9,2,13116.887078881264,12489.616776200002,627.2703026812615
8,25,8,13201.988749787211,12240.828717367369,961.1600324198425
11,2,14,15255.789507001638,14404.256219310722,851.533287690916
9,9,21,18886.273429632187,16002.68284814693,2883.5905814852576
6,18,16,13277.943947806954,13643.907273735535,365.96332592858016
2,24,3,14476.694976598024,14288.44761792109,188.2473586769338
10,10,19,14605.79916897416,13829.128967236435,776.6702017377247
2,6,20,17792.059583306313,16175.616033997881,1616.443549308431
9,11,20,14439.490229427814,13506.777331392688,932.7128980351263
4,11,21,18044.41488158703,16326.678088113453,1717.7367934735757
2,18,4,14123.572839915752,13282.747965380193,840.8248745355595
6,26,4,16517.119388878345,15170.194103756528,1346.925285121817
10,3,17,17022.388554930687,17602.696656898726,580.3081019680394
3,14,17,17710.016305923462,15927.282549289015,1782.7337566344468
9,23,5,13148.51843443513,12358.706355255126,789.8120791800029
9,16,20,16448.15410158038,17110.555480787003,662.4013792066216
9,24,18,17434.98029756546,15745.927012858998,1689.0532847064624
3,21,15,12746.595287054775,12613.169739173867,133.4255478809082
6,26,6,15709.535763889551,15071.1692326458,638.3665312437515
5,28,2,12853.174406006932,14472.705356421759,1619.5309504148263
11,23,19,18288.453974187378,15997.581772643858,2290.8722015435196
2,22,4,12595.797518789768,12501.833600689393,93.96391810037494
11,3,9,14193.544946670532,14092.845173106127,100.6997735644054
4,25,3,12975.206050544975,11756.606882510707,1218.5991680342686
12,4,14,15631.039115697144,14422.1580284407,1208.8810872564445
11,18,12,13276.91129143536,12873.537930448485,403.3733609868759
9,1,15,15654.690145462751,14765.445959079,889.2441863837521
5,4,22,19586.91314303875,15991.250181509135,3595.662961529615
8,27,1,12464.798824384809,12182.078551679242,282.72027270556646
10,21,4,14905.609087616203,14779.975645806642,125.63344180956119
4,8,12,15166.848593592644,14608.228105668866,558.6204879237775
9,24,2,12281.538613140585,11338.635474523304,942.903138617281
10,3,17,15279.413059413431,16069.670271136716,790.2572117232849
10,12,21,18955.702551066875,16121.030796636403,2834.671754430472
3,21,6,13125.845721498132,14834.118464708334,1708.272743210202
1,27,4,14847.183621108532,14579.909934393396,267.27368671513614
1,23,3,13014.37850433588,11518.600860892155,1495.7776434437255
1,8,4,15130.260241389276,14890.255318598156,240.0049227911204
10,2,15,18036.357865273952,18850.563506197355,814.2056409234028
2,12,17,18708.14553695917,15885.856336243938,2822.289200715233
9,24,4,14080.729493677616,13434.7708123551,645.958681322516
5,29,2,13394.889411121609,14805.85386624857,1410.9644551269612
2,23,9,17679.031693458557,16054.750689136412,1624.2810043221452
8,28,4,13164.24634872377,13149.154029155285,15.092319568484527
9,21,6,14087.370811104774,13098.963755134646,988.4070559701286
10,2,14,14498.277002632618,14542.136504676113,43.85950204349501
9,7,21,18945.35056054592,15970.373485759967,2974.9770747859548
3,16,2,13471.9486246109,12685.42502588567,786.5235987252308
10,9,6,12995.109292283654,12259.796570183471,735.3127221001832
5,11,11,14441.897573709488,14271.844199530493,170.053374178995
2,12,13,17143.2962936759,15921.95891136557,1221.3373823103302
9,13,19,15301.712777525188,14613.687230104671,688.0255474205169
3,10,20,18393.929282724857,16046.243424213053,2347.6858585118043
8,20,5,14129.535425692797,12535.060143372713,1594.4752823200834
12,21,13,17354.932614266872,15146.757130881975,2208.1754833848972
9,2,18,17396.167510032654,15929.199283682061,1466.9682263505929
4,3,22,19541.987259447575,15852.594964737695,3689.39229470988
4,18,12,13115.607946544886,13883.56879136954,767.9608448246545
3,19,9,16266.8187404871,15423.693812751426,843.1249277356746
2,26,4,12666.62593472004,12494.274793552984,172.35114116705518
1,15,4,15428.94522896409,14897.807091947343,531.1381370167474
4,14,14,16201.123668402432,17263.613119688434,1062.4894512860028
2,13,15,18056.116133213043,16167.099547280503,1889.0165859325407
8,25,1,11986.45418418944,11481.698497369753,504.755686819688
3,7,4,15287.375750482082,14965.197263803942,322.17848667813996
10,2,16,17268.662745714188,16974.63976822367,294.0229774905165
10,13,21,19145.224113047123,15977.985221555762,3167.238891491361
4,24,7,12907.412651881576,14947.281742058354,2039.8690901767786
2,13,21,17787.815767526627,16261.25693496519,1526.5588325614372
9,8,19,14990.179871439934,14456.905677222047,533.2741942178873
9,5,14,15989.312641054392,17201.944891788364,1212.632250733972
12,10,18,18293.910074412823,15646.475173216699,2647.434901196124
8,25,4,12203.133214369416,11044.508837422227,1158.6243769471894
7,19,4,15975.56412151456,15072.610256350748,902.9538651638122
6,9,20,15013.9928945601,15085.164317999057,71.17142343895648
3,9,11,14618.83614808321,14290.13975182313,328.6963962600803
11,21,4,12451.048459351065,11436.16276247667,1014.8856968743949
9,5,20,17069.555278241634,16482.722392918127,586.8328853235071
11,17,19,18748.821043014526,16050.286919570226,2698.5341234443003
5,25,2,11807.527807816865,11446.929763575328,360.5980442415366
11,2,15,14979.599859893322,14411.851012073395,567.7488478199266
11,16,21,18187.68918633461,15979.339439746525,2208.3497465880846
7,27,2,12277.883920028806,12216.624506088623,61.25941394018264
6,4,14,15374.444922953844,14794.834687900777,579.6102350530673
9,9,20,18292.70763260126,16082.472209874019,2210.2354227272426
7,23,1,11944.052116051316,11714.654269017094,229.39784703422265
10,2,15,14683.15571203828,14660.502929639168,22.652782399112766
10,14,21,18412.567130804066,16191.271920696337,2221.295210107728
5,27,1,12089.42843836546,12125.180330939027,35.7518925735676
2,11,3,15056.950251311064,14916.671099124602,140.27915218646194
9,2,16,17484.080278277397,17171.506548293986,312.5737299834109
10,8,22,19600.297485113144,15923.86198142381,3676.435503689334
5,27,2,12207.757201895118,12011.296913339498,196.46028855561963
11,3,15,15063.322126626968,14300.594151497782,762.7279751291862
3,19,15,17325.373543322086,15592.415745040002,1732.9577982820847
3,15,3,13513.523501366377,12938.094196196684,575.4293051696932
9,9,10,13091.040526524186,12481.422636724952,609.617889799234
2,2,2,13615.53420266509,14691.890093490045,1076.3558908249543
6,7,13,15043.065165221691,14523.950043116216,519.1151221054752
12,19,21,18281.84546554089,15970.015358443317,2311.830107097572
6,23,2,13133.330429643393,14834.374403159218,1701.0439735158252
2,12,10,18184.26476985216,16274.478868608356,1909.7859012438057
7,24,19,14717.094345092772,13853.54404986463,863.5502952281422
3,23,4,15199.835772007704,14822.644093363326,377.19167864437804
8,8,21,13782.151954859495,13781.912689827983,0.23926503151233192
11,25,20,17902.202761113644,16059.159549849583,1843.043211264061
4,24,4,13000.933671072124,12598.596346685965,402.3373243861588
2,12,4,15760.124443024397,15011.963272081315,748.1611709430817
6,10,15,15901.640607237816,16034.192525462602,132.55191822478628
11,7,15,15825.656701534986,14658.82178096456,1166.8349205704271
6,4,21,17176.000906467438,16323.919012140765,852.0818943266731
8,28,4,13558.68724861741,13468.931991029754,89.75525758765616
11,26,14,17888.630588769913,15086.983127514372,2801.647461255541
9,4,17,16974.896204471588,17198.742769835157,223.84656536356852
9,8,22,19220.421018123627,15823.992510725098,3396.4285073985284
4,26,2,12261.79346871376,12029.691791227502,232.10167748625827
11,2,14,14746.000931411982,14318.926877366366,427.0740540456154
4,23,14,17193.382178246975,15543.057771378228,1650.3244068687472
9,18,1,12893.033793643115,13502.032977025834,608.9991833827189
11,9,16,17585.961384892464,15573.68149730135,2012.279887591114
10,10,21,14110.029785364866,13703.371563044791,406.65822232007486
2,12,21,18494.20439952612,15939.6659931559,2554.5384063702186
5,21,15,14519.512075811625,13206.619423147895,1312.8926526637297
9,22,18,18075.179675221443,15728.164175158892,2347.015500062551
4,21,14,14139.316953539848,13133.556279494616,1005.760674045232
4,8,21,18560.35182267427,15071.419533148832,3488.932289525439
7,22,6,14294.372891426086,12340.730210242218,1953.6426811838683
5,7,11,16316.05938884616,16279.855456964233,36.20393188192793
10,19,21,15526.44636335969,14826.6180365739,699.8283267857896
9,10,6,12570.300790056586,11641.457479867771,928.8433101888149
9,1,14,15224.70728841424,15311.24625293148,86.53896451723995
6,4,22,19335.300963640213,16135.065869841399,3200.235093798814
6,28,1,12179.324497401714,11999.936397364432,179.38810003728213
11,2,14,14989.827997267246,14340.826995421648,649.0010018455978
11,19,21,18093.985668301582,15976.124331033692,2117.86133726789
7,26,2,12124.577715426683,11983.110876200582,141.466839226101
12,24,13,17719.660447001457,15092.824590379465,2626.835856621992
9,2,17,17655.867053866386,17607.10015074286,48.7669031235273
2,18,19,18295.700613617897,15505.041966557425,2790.6586470604725
9,25,5,13860.515727490189,13472.627972676146,387.88775481404264
8,28,3,12919.013426616788,12179.432752321416,739.5806742953719
1,10,2,14166.228355884552,14803.719168500122,637.4908126155697
10,2,16,17140.84219688177,17041.814444360018,99.02775252175343
6,19,13,16470.49072957039,18081.504637795268,1611.0139082248788
2,16,21,17891.45378434658,16209.117674011959,1682.3361103346215
8,27,2,12720.56172464788,12595.27898865366,125.28273599422027
9,27,5,13009.204969733952,12207.744175745123,801.4607939888283
2,5,3,14373.387098133564,14810.680350735005,437.29325260144105
10,2,16,17050.731240332127,17009.842932956944,40.888307375182194
8,10,20,19098.461757957935,16176.706681806994,2921.755076150941
7,27,2,12355.524669155477,11934.145177230692,421.3794919247848
2,4,3,14818.984884232284,14587.375558976439,231.60932525584576
9,8,15,15456.520188897848,14559.230426563763,897.289762334085
11,19,21,18358.72053974867,16028.836761545102,2329.883778203566
8,24,1,12194.290632814167,12266.753653772696,72.46302095852843
2,4,5,15302.78849542141,14919.085781691323,383.70271373008654
10,4,20,16148.503715634346,15472.191933722655,676.3117819116906
10,2,16,16822.980066895485,16604.638550788208,218.34151610727713
5,3,20,18231.438054919243,16121.847823577968,2109.5902313412753
6,27,1,12528.436580866575,12712.674759924226,184.238179057651
11,26,12,17690.694394767284,15038.343785384688,2652.3506093825963
10,2,17,17068.76294618845,17265.672742748913,196.9097965604633
2,15,19,17913.331499516964,15530.275400455277,2383.056099061687
9,23,5,14150.778290957212,13932.447749040793,218.33054191641895
8,28,3,12822.094032913446,12010.833111366816,811.2609215466309
1,10,2,14137.966051995754,14822.644602295943,684.6785503001884
7,14,16,15953.17951068282,15398.092610765867,555.0868999169525
11,9,14,17157.70508992672,15376.200885546989,1781.5042043797312
8,26,2,12028.08093982935,11111.958349074494,916.122590754856
8,1,13,15207.880485028028,15901.905661271161,694.0251762431326
3,22,15,18375.525197207928,15812.12266399738,2563.4025332105484
9,9,5,13289.082528844476,12965.468152935504,323.61437590897185
8,26,4,12646.53629809618,11611.652994133252,1034.883303962928
10,29,3,15244.29125970602,15074.653513909358,169.63774579666278
10,6,21,16493.932193249464,15566.135075475775,927.797117773689
10,2,17,17282.66881418228,16701.73878324146,580.9300309408209
10,9,20,18590.7352142334,16013.117442682698,2577.6177715507
4,18,11,13272.9391733706,14168.485755659758,895.5465822891583
2,13,22,18295.064943492413,16287.45697435768,2007.6079691347331
7,8,10,14844.599519520998,14009.8086303023,834.7908892186988
12,14,9,15788.577037841082,14886.01076618106,902.5662716600218
9,18,9,15537.25152516365,14186.7823954495,1350.4691297141508
11,5,15,14544.392204523088,14705.675416345317,161.28321182222862
7,3,21,18500.755492806435,16083.585348700997,2417.1701441054374
8,29,2,13039.222543388603,12763.3173483909,275.9051949977038
12,25,13,17847.047919929028,15069.747095998457,2777.300823930571
10,4,21,16340.967815130947,15990.812368765646,350.15544636530103
11,2,16,15808.094981461763,14441.317254684645,1366.777726777118
10,10,21,18057.585966587067,16463.124303982597,1594.46166260447
7,18,15,13666.143387287855,13538.672717736563,127.4706695512923
2,16,22,18349.963055968285,16294.07902813622,2055.884027832064
8,15,14,17007.176763772964,18793.881291400117,1786.7045276271529
5,27,4,16222.13605198264,15160.077125285763,1062.0589266968764
9,12,19,13954.385750085115,13185.001975244471,769.383774840644
4,27,11,16668.96908867359,16087.343170932096,581.6259177414959
6,29,1,13481.52345713973,14068.480161628086,586.9567044883552
3,10,2,13347.63697487116,12971.574801964527,376.06217290663335
7,25,14,16369.253085166216,15423.761512944388,945.4915722218284
11,23,20,18060.949686825275,15998.531810111826,2062.417876713449
2,22,3,12087.647946849464,12561.97672023703,474.3287733875659
2,18,11,18700.728291869164,16768.336727428417,1932.3915644407462
4,22,11,14736.711125165224,14326.821893629884,409.8892315353405
9,10,2,12049.826599657536,11291.778498749816,758.0481009077193
8,11,16,16244.513280838728,16760.455292603216,515.9420117644877
3,17,11,17437.948671996593,16231.130851872125,1206.8178201244682
9,25,5,13541.067703068256,13364.388346360161,176.67935670809493
11,4,17,15399.121637225153,14820.295028247192,578.8266089779609
8,13,13,15457.288734585049,15201.439545631685,255.8491889533634
11,20,21,18841.102300405502,16019.642148090286,2821.460152315216
3,24,2,12624.93028064072,13682.353078125898,1057.4227974851783
1,16,5,16202.408952385187,15095.329537608895,1107.0794147762917
9,7,21,16800.603658258915,16079.460705383623,721.1429528752924
3,13,11,17172.33124434948,16560.189626759464,612.1416175900158
4,26,3,13507.294754356146,13439.800577177926,67.49417717821962
6,9,9,16515.81647017598,16196.538877798077,319.2775923779045
12,11,18,18453.846318423748,15580.06538698208,2873.780931441668
10,17,21,13920.313011139631,13752.068411202468,168.244599937163
2,7,22,18469.90211546421,16023.928580200794,2445.973535263416
10,20,20,16791.862578868866,16334.151759040677,457.7108198281894
11,19,18,18449.79771488905,16060.881533449647,2388.916181439403
3,23,3,12113.74487121403,12330.08033506626,216.33546385223053
1,10,6,16364.600800067186,15175.446289249143,1189.1545108180435
9,9,15,16402.29275763035,17132.547874280386,730.255116650038
2,14,16,18060.158995211124,16016.43542378155,2043.7235714295748
9,16,4,13885.577944934368,13425.74829532933,459.82964960503887
8,26,4,12727.332021594048,11811.089871279473,916.2421503145742
1,8,2,14046.283554852009,14797.497483612986,751.2139287609771
9,7,16,16335.2033123672,15789.89750893061,545.3058034365913
2,17,16,18067.93057513237,15913.557301760491,2154.373273371879
8,11,2,13524.660031855106,13462.727542515117,61.93248933998984
9,25,9,12626.734353467822,11871.783168792304,754.9511846755177
2,8,4,14888.516533106564,14968.557464402465,80.04093129590183
10,6,16,16632.451275348663,17163.431294440597,530.9800190919341
11,13,21,19050.67822957039,15964.244424749946,3086.4338048204427
6,24,13,13333.134878650308,13853.304869532687,520.1699908823794
2,22,6,15377.91814249754,14914.798331070613,463.1198114269264
2,26,3,12559.606767997146,11599.519280603045,960.0874873941011
1,10,3,15046.338661313055,14844.662396631193,201.67626468186245
10,2,16,17592.663398563862,18370.54947112297,777.8860725591076
10,3,17,17451.082847118378,17863.49889021561,412.41604309723334
3,29,14,17338.095148026943,15563.418147435272,1774.6770005916715
9,18,5,13557.05255112052,12578.643115323666,978.4094357968534
8,29,3,13138.63253365457,12192.658959908265,945.9735737463052
10,25,7,16233.887336999178,14820.234891721111,1413.6524452780668
10,2,17,17375.39955186844,17410.834002629068,35.43445076062926
6,4,22,18770.1254247427,15885.715007047005,2884.4104176956935
2,18,6,13394.964051097631,14830.187188994789,1435.2231378971574
2,24,9,16494.631430387497,15396.986724845969,1097.6447055415283
6,29,3,12840.753001645207,12107.915216755267,732.8377848899399
3,6,14,17131.625390172005,16506.303884319084,625.3215058529204
11,5,15,15321.585466086864,14740.720858827506,580.8646072593583
11,17,20,18814.87496113777,15940.291902957875,2874.5830581798964
8,17,3,13843.997326642277,13988.606215412532,144.60888877025536
11,16,3,12890.11442732811,12373.170096994525,516.9443303335847
10,14,11,15455.204556792974,14503.333171092352,951.8713857006223
3,15,14,16128.359534412622,15475.222179523953,653.1373548886695
9,14,4,13158.551564618943,12373.276689607781,785.2748750111623
6,9,15,15432.508672654629,15616.864227668599,184.35555501396993
3,17,13,17745.003589630127,16183.312150479362,1561.6914391507653
9,9,2,13549.442554444076,13330.275606183488,219.16694826058847
9,24,3,12032.771570190787,10428.644575519564,1604.1269946712237
10,2,14,15583.212935894728,14826.693340712094,756.5195951826336
5,3,22,19253.16254079342,16034.805382132796,3218.357158660623
11,9,16,17524.15538364649,15570.522956158646,1953.6324274878425
8,26,2,12042.11325532198,11165.449826979213,876.6634283427666
9,15,3,15198.772357404232,15004.025902060263,194.7464553439695
10,1,17,18229.499876201153,17999.41401233758,230.08586386357274
3,14,18,18594.624695181847,15832.428567229597,2762.1961279522493
9,10,5,14282.73274615407,14244.903208407779,37.82953774629095
6,21,12,15523.902452528477,15898.180088181143,374.2776356526665
10,20,19,18673.506846547127,15945.872595931643,2727.6342506154833
6,28,7,13554.841649413109,14114.989602910933,560.1479534978243
11,28,17,18372.485463678837,15133.13929424076,3239.3461694380767
10,15,21,14416.61430710554,13801.79958905652,614.8147180490196
10,2,16,15760.557518929245,14452.921785358096,1307.635733571149
11,20,21,18393.79476672411,15952.141277201928,2441.653489522181
9,8,5,13780.895378559828,13102.05325502237,678.8421235374572
8,27,4,12660.007993549109,11341.837985061693,1318.1700084874155
10,2,13,15350.03272947669,14637.269522062385,712.7632074143057
4,2,21,18863.391765773296,16021.072945127387,2842.318820645909
8,28,2,12279.538712903855,12054.558010349889,224.9807025539667
12,22,15,18096.100194215775,15194.855162735794,2901.2450314799808
6,9,13,15319.56731596589,14407.584821704262,911.9824942616287
11,4,15,15484.024199843408,14397.693356848158,1086.3308429952504
6,3,22,18169.205539524555,16539.48770267776,1629.717836846794
7,29,3,13503.615249603989,13522.63284509918,19.017595495191927
1,15,3,15333.91582608223,14766.692760360502,567.2230657217278
9,7,16,17634.484751284122,19120.180058485963,1485.6953072018405
5,26,5,16544.433929115534,15165.429664392048,1379.004264723486
2,26,3,13172.428653568028,13796.838296356982,624.4096427889544
1,18,3,15290.82846453786,14862.179323795464,428.6491407423964
4,23,1,12769.613722518086,12721.742860071266,47.870862446819956
8,3,15,18784.282413601875,15815.243813876554,2969.0385997253215
9,22,20,16716.023852020502,16363.598737025195,352.425114995307
11,26,20,18771.267990529537,15863.460359914734,2907.807630614803
2,22,3,12281.24128356576,12466.326399685859,185.08511612009897
11,2,11,14494.624565124512,14136.116211899893,358.508353224619
10,13,21,18242.263312101364,15967.538605242884,2274.72470685848
4,16,11,12586.263287127018,13845.573070389719,1259.3097832627009
1,26,4,14946.167712390425,14588.560731645874,357.60698074455104
7,29,13,13184.057315766811,12876.994511255365,307.0628045114463
2,17,20,17976.594210624695,16208.816211652818,1767.7779989718765
7,11,10,14594.684374302626,13792.200783725448,802.4835905771779
9,22,17,17716.45831000805,15683.533428469957,2032.9248815380924
6,5,20,13874.58782362938,13584.786438397488,289.8013852318909
4,8,21,17791.774146914482,16326.120816758643,1465.6533301558393
9,8,18,14247.993168741465,13595.686555169244,652.3066135722202
2,13,21,17952.24025273323,16188.70854505703,1763.5317076762003
7,6,19,13678.10013729334,13398.772956024432,279.32718126890904
3,6,21,17903.57088726759,16427.4204370644,1476.1504502031894
4,20,17,14588.609008342028,13471.952246534884,1116.656761807144
5,21,13,15906.495076447723,17473.596602677768,1567.1015262300443
2,10,21,17832.74493199587,16252.011651958192,1580.733280037677
6,27,3,12376.158726483582,12166.874516528089,209.28420995549277
8,29,3,13355.86172607541,12727.672393966886,628.1893321085245
10,2,12,14720.50932905078,14474.584308034575,245.92502101620448
9,9,21,18829.675002098083,15906.830945607184,2922.8440564908997
9,7,12,13632.257658392193,13577.909952025077,54.34770636711619
12,12,6,14849.854255855083,14505.505314260014,344.34894159506985
8,1,17,17618.488010048866,15957.52434061717,1660.963669431696
4,3,22,19390.95613873005,16201.13114602825,3189.8249927017987
6,27,1,12511.124207526444,11915.840533687175,595.2836738392689
12,21,15,18370.400465667248,15162.722156224378,3207.67830944287
8,7,15,16721.57591792941,16064.278461348722,657.297456580689
2,17,17,18367.186845600605,15576.376688240385,2790.81015736022
9,23,2,12581.66821233928,11922.145297372404,659.5229149668758
2,3,2,14246.406043976544,14548.687492082385,302.28144810584126
9,6,15,15388.960347741842,14557.277089440257,831.6832583015857
11,11,15,15519.01968574524,14502.139353136956,1016.8803326082834
5,3,21,16743.886298894882,16142.537154758898,601.3491441359838
7,20,14,13882.261387318373,13300.555165234393,581.7062220839798
2,16,7,16019.847363114355,15245.647269817866,774.2000932964893
5,24,8,13153.32225508988,13804.627347681395,651.305092591514
6,13,20,17944.49984115362,16382.713005341602,1561.7868358120195
2,17,7,13741.313225120306,13957.388666233648,216.0754411133421
3,21,3,13258.836729109287,12201.304737894641,1057.531991214646
11,4,13,14843.191202610731,14213.394782496203,629.7964201145278
12,11,17,15683.448682159184,15145.295680821073,538.1530013381107
5,4,10,15419.929376035929,14834.983059020664,584.9463170152649
3,23,12,14587.67600864172,14292.564325137526,295.11168350419393
9,9,3,12663.838008582592,11614.008221707947,1049.829786874645
7,29,4,12748.341534405949,11860.146666813169,888.1948675927797
10,2,11,15031.56281682849,14274.558670181203,757.0041466472867
5,2,21,18736.671951532364,16011.464954600708,2725.2069969316562
8,27,2,12388.533788442612,12186.302133523654,202.23165491895816
12,24,15,18177.78749632835,15154.137071686793,3023.650424641557
6,15,13,15310.579760611055,14841.87128333184,468.708477279215
10,10,14,15953.949286699297,14897.561305337733,1056.387981361564
10,23,21,16427.34267178178,16341.697201754843,85.64547002693507
9,12,6,13222.47250188887,12581.98605101192,640.4864508769497
8,29,4,12774.363818794489,11754.116327733982,1020.247491060507
2,13,20,18146.5018633008,16141.474972437987,2005.0268908628132
9,2,15,16944.59729552269,17427.34558963798,482.74829411528845
7,6,21,18516.827694237232,16155.655629467938,2361.1720647692946
2,24,2,13216.252982348204,14107.241216198498,890.9882338502939
1,16,4,16116.090690881014,15029.648005758503,1086.4426851225107
6,24,20,15838.420137435198,15840.10438691699,1.6842494817919942
11,9,20,19146.29860061407,15822.996648560566,3323.3019520535054
2,21,4,12647.49144372344,12933.33923755213,285.84779382869056
9,6,16,17693.272344708443,19036.850940593376,1343.5785958849337
6,27,4,16436.536922454834,15122.780666973027,1313.7562554818069
5,22,16,13049.92271709442,12783.477272634998,266.4454444594212
4,26,11,16331.397493809462,15498.887527240766,832.5099665686957
2,23,4,13527.602569371462,12983.287667716537,544.314901654925
2,12,4,15579.529330044985,14944.601876998191,634.9274530467937
5,11,13,15883.172954708338,16209.612996660326,326.44004195198795
2,16,15,17334.660068690777,15825.213316306586,1509.4467523841904
9,14,2,13093.69291138649,13061.509309503188,32.18360188330189
9,22,4,12166.19298799336,10745.40930946514,1420.7836785282198
11,23,3,14792.732528269293,15033.51680530002,240.78427703072703
8,19,14,15762.355850219728,14746.689582121116,1015.6662680986119
11,14,21,17962.801399230957,16203.636868263862,1759.1645309670948
6,18,20,15623.953649401665,16709.094519760336,1085.1408703586712
2,9,11,18218.901819825172,16470.85672648687,1748.0450933383036
8,16,2,13332.019380107522,13314.788558157969,17.2308219495535
9,22,4,12122.654710769652,10628.621206115837,1494.0335046538148
10,1,13,15317.948612749577,14848.953296486974,468.9953162626025
5,2,22,19031.233285486695,16108.739348668478,2922.4939368182168
3,18,10,12932.537821173668,14235.420009379586,1302.8821882059183
2,12,21,18603.364134132866,16052.00697247322,2551.3571616596455
7,27,3,14083.139708727598,13204.220133513196,878.9195752144024
8,18,12,15138.909456193447,16340.145350561826,1201.2358943683794
9,12,19,17491.272783219814,16180.595212773773,1310.6775704460415
12,10,18,18429.43248450756,15563.830014940391,2865.6024695671695
7,10,13,17594.067614376545,19265.029714236494,1670.9620998599494
2,24,17,18184.67405939102,15529.735751357792,2654.93830803323
9,23,4,14123.923073649406,13655.89128237907,468.0317912703358
8,25,5,12966.349115148189,12110.416590456358,855.9325246918306
10,2,15,15279.192010253668,14742.770231792003,536.4217784616649
4,2,21,18802.4806240201,16037.193124110603,2765.2874999094965
3,18,12,13143.306964680552,14235.903365070999,1092.5964003904464
1,25,5,15071.647354722025,14842.734573028401,228.9127816936234
4,25,2,12427.299003243446,14262.863599017885,1835.5645957744382
11,9,18,18571.315696954727,16062.309670448265,2509.006026506462
4,21,3,12338.235467016695,11750.34136883555,587.8940981811447
1,10,2,14454.39771914482,14786.416223624943,332.01850448012374
7,10,15,16284.022844851015,16160.7781433667,123.24470148431465
7,13,19,18634.08545613289,16499.039607473682,2135.045848659207
3,24,2,13122.804962694643,13688.424290483319,565.619327788676
11,17,8,16160.06347939372,14821.240954971785,1338.8225244219357
11,24,21,16599.610916227102,16054.915516118936,544.6954001081667
8,25,2,12440.581638097765,12350.561649340852,90.01998875691243
10,2,12,14530.550179958344,14663.415076348158,132.86489638981402
11,15,21,18283.83613830805,16110.26385056347,2173.5722877445787
5,27,2,12389.57300657034,12726.697472384694,337.12446581435506
11,4,10,14940.059127539396,13772.344000602761,1167.715126936635
11,21,21,17948.34338980913,16039.349743552368,1908.993646256764
12,10,18,18148.72055709362,15666.891483354953,2481.829073738667
9,19,19,13565.327335715294,13427.315371903487,138.0119638118067
2,13,13,17100.53496938944,16145.372641920096,955.1623274693429
8,20,15,16760.715973049402,17243.65219965908,482.9362266096796
11,26,20,18900.673203468323,15841.390613676896,3059.2825897914263
10,2,19,15135.738897651434,14660.932324381742,474.8065732696923
11,19,7,13377.28052842617,13153.238303148135,224.0422252780354
8,1,15,16153.850316554308,15019.717685240319,1134.132631313989
9,16,22,19691.05969595909,16033.227193575187,3657.8325023839043
7,20,3,13002.210752859712,11952.881759739375,1049.3289931203362
12,19,9,16012.423146158457,14870.078116925974,1142.3450292324833
11,16,18,16331.644379884005,14860.742197449536,1470.902182434469
2,5,14,16841.35749527812,16007.6921202827,833.6653749954203
10,5,16,14032.719584703444,14069.768990426493,37.04940572304986
3,3,3,13666.60476076603,13951.048045885706,284.44328511967615
4,10,11,14615.196423977612,14208.835674558431,406.36074941918014
10,4,15,15191.878822475672,14702.890888312317,488.987934163355
11,19,21,18653.339289069176,16022.156850484298,2631.1824385848777
8,19,2,13209.439828932283,13589.434045308484,379.9942163762007
10,17,3,12492.462162971497,11945.316170925966,547.1459920455309
9,1,15,15763.873256325722,14861.02349646275,902.849759862971
7,6,22,19623.74345999956,15986.586000976758,3637.157459022803
8,26,2,12352.829222768543,11729.090334443485,623.7388883250587
10,2,15,14948.62221929431,14691.594991773789,257.0272275205207
4,29,4,12666.95402252674,12142.50543342585,524.4485891008899
2,15,2,13685.613758176563,12658.618118090815,1026.9956400857482
8,28,12,15949.931031286716,15023.396310028564,926.5347212581528
11,20,20,17971.175840497017,16129.939095201335,1841.2367452956823
3,19,14,12739.249606117604,13110.695469946106,371.4458638285014
6,28,7,16021.0243781209,15222.633626423521,798.3907516973777
4,28,3,12836.364622175694,12325.141772288542,511.2228498871518
6,27,4,16292.791401594875,15098.953565259257,1193.8378363356187
8,17,15,15626.303988426924,15319.628649272652,306.67533915427157
5,23,14,16346.476819515228,15570.47693137505,775.9998881401789
10,14,19,15662.160704821348,14654.2640693273,1007.8966354940476
6,20,19,15880.499859303236,15494.316263369452,386.1835959337841
9,10,15,15860.598052948711,15357.047448285508,503.55060466320356
5,7,20,17545.273575544357,16210.1915325441,1335.0820430002568
8,14,9,13209.766481354833,13066.006173662592,143.76030769224053
9,2,15,14464.292437285185,15168.73277983331,704.440342548125
10,15,21,18738.71757900715,16125.111922470844,2613.605656536305
6,27,2,11989.422148510814,11857.290795747233,132.13135276358116
12,25,13,17679.368803679943,15084.484049865096,2594.8847538148475
9,2,16,17504.210925877094,17514.388311432103,10.177385555009096
2,17,19,18233.7125236392,15577.517036444531,2656.1954871946673
9,23,5,14188.664230436088,13969.852372809613,218.8118576264751
8,28,3,12701.095454856752,11895.988596484742,805.1068583720098
10,3,14,15150.95725056529,14460.503358594486,690.4538919708048
9,6,16,17661.57988280058,19014.08949782464,1352.5096150240606
2,11,21,18560.620034456253,16122.057191360456,2438.562843095797
9,21,6,13824.408023923635,12616.111511231584,1208.2965126920517
12,16,10,16099.549733996391,14998.330601588612,1101.2191324077794
9,1,17,17856.73553264141,16569.150851405957,1287.584681235454
2,18,18,18633.159428298473,15781.996275513804,2851.1631527846694
9,11,6,14006.366341739891,13943.968689684556,62.39765205533513
8,27,3,12516.81058438122,11310.751606220685,1206.0589781605358
10,3,13,15324.225752711296,14421.7658339272,902.4599187840959
4,2,21,18540.64276790619,16041.690214018445,2498.952553887744
7,28,1,12164.608733996747,12138.7174706478,25.891263348947177
10,2,13,14782.243971198795,14424.252447335097,357.9915238636986
3,17,15,17252.26245647669,15753.809112927647,1498.4533435490412
9,18,5,13294.718872308733,12624.94996001339,669.7689122953434
8,27,4,13111.376229003072,12153.71080345391,957.6654255491612
3,15,3,15078.701242566109,14854.595968000529,224.10527456557975
6,13,14,16225.367306768894,15645.27030907839,580.0969976905035
3,13,15,18100.736895143986,16154.238014067645,1946.4988810763407
9,11,17,14370.437998861074,13551.925227504804,818.5127713562706
2,10,21,18300.537448108196,15893.905655683395,2406.6317924248015
1,15,10,14589.573176383972,14315.428372947623,274.1448034363493
2,19,4,16438.267995744944,14943.79855924055,1494.4694365043943
9,8,21,17493.147805035114,16412.63264588087,1080.5151591542453
2,13,14,17630.762595117092,16032.999155707092,1597.7634394100005
3,20,3,13236.592580869794,12222.433629228766,1014.1589516410277
9,6,14,16431.382252901793,18104.32702675626,1672.944773854466
4,27,11,17291.798677623272,15921.95776690818,1369.8409107150928
8,28,1,13783.486452013254,14451.827616131943,668.3411641186885
12,9,10,16258.768285930157,14887.376411300042,1371.3918746301151
9,2,18,17645.185335099697,16405.865990969687,1239.31934413001
5,3,22,19237.520954608917,16141.237390554259,3096.283564054658
2,14,6,12862.66865196824,15152.081790585647,2289.4131386174067
2,28,7,16027.386000692844,15022.173856949561,1005.2121437432834
2,24,4,13518.029377281666,11666.516448711604,1851.5129285700623
2,8,4,15275.008070498703,14856.907999054465,418.100071444238
7,6,15,16982.78507578373,18153.61470736135,1170.8296315776206
2,13,16,17403.269790828228,15959.33771974946,1443.9320710787688
10,21,6,12342.58078496158,12239.6121982803,102.9685866812797
7,22,7,13995.960626840591,13082.595158316715,913.3654685238762
2,11,5,15424.190416425468,15061.139323872645,363.0510925528233
9,8,15,16596.525250405073,17000.55332179139,404.0280713863176
10,18,19,18730.424339473248,16052.488148068831,2677.9361914044166
8,25,2,12156.154321327806,11867.431186088463,288.7231352393428
4,6,5,15315.798817396164,14974.425337911905,341.3734794842585
10,2,16,16650.2926902771,15872.947001830358,777.3456884467414
9,15,19,18297.37058055401,16191.316334302504,2106.054246251504
8,26,3,12637.682438522575,12443.328292384582,194.35414613799367
12,19,13,17548.145164072514,15168.541253200536,2379.603910871978
4,28,3,12549.771720826626,11274.88231163611,1274.889409190515
2,11,3,13379.408793017268,12128.746368154356,1250.6624248629123
7,16,14,15988.685583233831,15780.174709948822,208.51087328500944
11,25,20,18201.489379704,15984.324864322703,2217.164515381295
3,21,14,12758.810201153156,12837.277559487004,78.4673583338481
2,22,21,18179.287677824497,16251.018420379218,1928.2692574452794
6,27,4,13929.779984802008,13245.061964942786,684.7180198592214
5,8,20,18898.15184867382,16059.471683925365,2838.6801647484554
8,20,12,15170.02079257369,14494.198703553046,675.8220890206449
10,7,16,15271.329385966064,15901.709699357629,630.3803133915644
9,8,22,19025.02422374487,16190.916566642292,2834.107657102577
5,21,14,13614.807488173246,13605.870816772293,8.936671400953855
2,16,7,15761.934667497871,15165.591895171294,596.3427723265777
4,28,1,12343.00832438469,14104.94938955677,1761.941065172081
10,18,18,17990.39768487215,16174.552742783411,1815.8449420887391
4,11,18,13547.57655504346,12791.090744358313,756.485810685148
2,7,22,17896.736818253994,16381.045955126567,1515.6908631274273
3,21,4,14310.635383784773,13287.867532390099,1022.7678513946739
11,24,19,19056.561664164063,15899.689633441152,3156.8720307229105
10,3,16,16044.355522274973,16432.013534948495,387.65801267352253
11,15,21,18273.630146861076,15882.864302883816,2390.7658439772604
5,28,3,12320.416403070092,12568.065013023745,247.64860995365234
11,3,14,14735.203971803188,14235.485333841005,499.7186379621835
11,15,21,18166.218300044537,15984.820741499054,2181.3975585454828
10,3,17,17425.138483583927,17822.823814602543,397.6853310186161
4,28,15,17547.29459643364,15663.556681072361,1883.7379153612783
9,16,6,13595.606149286032,12822.371245529848,773.2349037561835
8,29,12,14070.618647694588,13654.813525228472,415.8051224661158
11,12,12,16034.676931977272,15067.755343874462,966.9215881028103
4,4,21,17248.98239862919,16432.899098345908,816.0833002832806
8,25,3,12798.133780390024,12144.30680423517,653.8269761548545
12,21,13,17268.208344101906,15137.955092138238,2130.253251963668
10,5,21,16096.211440563202,15585.600624497367,510.610816065835
11,2,17,15869.039342105389,14546.643697135125,1322.3956449702637
9,6,21,18495.459335386753,16345.471915996128,2149.9874193906253
6,17,14,13592.678375720978,13755.642439748666,162.96406402768844
8,23,21,19083.7486602664,15789.451656150182,3294.297004116217
8,23,4,13770.911256492138,13383.100152992009,387.8111035001293
8,20,13,15747.36264756322,16576.657298567396,829.2946510041747
11,23,20,18203.312727689743,16095.190345542418,2108.122382147325
3,24,2,11976.402804121377,12492.001665150052,515.598861028675
11,3,11,14570.119209885595,14056.265751297022,513.8534585885736
3,23,14,17016.897185266018,15531.308761883009,1485.5884233830093
9,19,6,13204.544348746538,12830.593397238034,373.95095150850466
9,13,20,16572.809013187885,16974.07490196846,401.26588878057373
10,27,19,17746.866308152676,15683.420441594799,2063.445866557877
3,21,15,12737.17157997191,12625.22310976719,111.94847020471934
6,26,6,15745.354750186203,15110.680551485728,634.6741987004752
12,10,18,18244.582072675228,15651.895063856553,2592.687008818675
9,6,15,17439.011676490307,18021.298010805134,582.2863343148274
2,14,17,18432.386094987392,15852.369670578402,2580.01642440899
9,14,4,13879.274147838354,13477.633988439558,401.64015939879573
8,27,3,12424.180528640749,11372.855114806227,1051.325413834522
2,7,3,14481.275902599096,14793.775795423764,312.49989282466777
5,12,13,15083.503627836704,14750.640367062177,332.8632607745276
3,6,13,15068.6966150105,14456.074725749297,612.6218892612033
11,25,3,12754.684702038763,11463.50680606936,1291.1778959694038
9,10,20,16826.886772453785,16559.560500409007,267.3262720447783
11,22,20,18609.096648335457,15983.186408774736,2625.9102395607206
3,23,2,12037.97073665261,11754.857745984558,283.1129906680526
11,4,13,15282.350675612688,14151.606477764675,1130.7441978480128
3,22,15,17142.344839036465,15493.285166831729,1649.0596722047358
7,28,2,13593.97145178914,13828.53222271206,234.5607709229189
5,6,1,12801.325254529716,12960.138600548835,158.8133460191184
8,10,16,17137.04704117775,16030.53174463807,1106.5152965396792
4,26,12,17403.859528660774,15926.819536230552,1477.039992430222
6,26,12,14194.183897674084,14361.292058059587,167.10816038550365
2,27,3,14649.155152410269,14338.34380429218,310.81134811808806
3,27,7,12433.48427861929,12135.451610746302,298.0326678729871
2,14,21,18595.602396845818,16246.201537676105,2349.400859169713
7,7,12,14708.65018516779,13434.948816681943,1273.7013684858466
12,15,19,18845.822663724422,16028.766021009673,2817.0566427147496
12,11,18,18443.7198882699,15584.385067081035,2859.334821188866
7,24,3,12409.93290552497,11122.070246997155,1287.8626585278143
7,1,12,14401.795401096344,15581.093238152953,1179.2978370566088
3,26,14,18143.17669337988,15612.716197043472,2530.4604963364072
9,8,5,13478.693699806929,13340.816216054753,137.87748375217598
8,23,4,12328.464602023363,10984.879184901627,1343.585417121736
10,3,15,15482.604809969664,14684.284771976412,798.3200379932514
2,9,16,17345.622302532196,15721.962367986149,1623.6599345460472
8,28,22,14673.746563851832,14851.344166746805,177.59760289497353
7,7,4,12906.564544901252,12333.027658175448,573.5368867258039
5,18,11,15373.620192229748,15932.609036104333,558.9888438745857
11,20,20,18574.204510092735,16037.885251894773,2536.319258197962
6,26,2,11970.315544977782,11491.204405308501,479.11113966928133
2,10,3,14983.894529283049,14647.72077662431,336.1737526587385
6,8,15,16263.306970626116,15260.007493624256,1003.2994770018595
2,22,15,16925.726505100727,15643.86968474564,1281.8568203550876
5,29,2,13490.291603773832,15642.56398336732,2152.272379593487
4,12,20,17724.909851908684,15873.369752439668,1851.5400994690153
6,29,3,12284.532619431617,12232.453677077572,52.07894235404456
8,29,6,14714.584063261747,14107.736237335908,606.8478259258391
10,2,14,14515.629566729069,14535.817244040274,20.187677311205334
8,5,21,18802.25096255541,15980.568917459472,2821.6820450959367
7,27,2,12215.836364135146,12046.761188390763,169.07517574438316
4,3,21,17586.50847131014,16257.250497498577,1329.257973811562
3,15,3,13566.261155635118,13015.963921321842,550.2972343132769
10,13,4,12610.3451371938,11654.577822877236,955.7673143165648
2,2,3,13541.313768923284,14516.482085735428,975.1683168121435
10,1,16,17145.481358468533,16568.70673796451,576.7746205040239
9,7,22,19551.064628839493,16061.931717458634,3489.132911380859
6,27,2,12378.167033970354,12196.504439175107,181.66259479524706
4,12,3,15346.928608715534,14775.285062516363,571.6435461991714
9,8,17,16686.970036298037,15100.373954721339,1586.5960815766975
4,27,16,17095.9556838274,15540.67721529636,1555.2784685310398
9,12,3,13069.245243415236,12780.433283043554,288.8119603716823
7,18,13,15675.235414028168,16351.408533898604,676.1731198704365
10,27,20,17741.29537719488,15740.71416887647,2000.5812083184119
2,25,3,12215.61552003026,13285.185482831352,1069.5699628010916
1,9,7,16366.207610100508,15220.957309081263,1145.250301019245
10,6,21,17356.26465076208,17004.122310773506,352.14233998857526
11,12,20,18755.36393409967,16009.798936657635,2745.5649974420357
8,10,17,13725.257838189602,13612.511064941962,112.7467732476398
11,27,19,18704.33725774288,15718.026289131087,2986.310968611795
6,13,14,15862.84545442462,14622.468319851592,1240.3771345730274
11,27,16,18222.709278821945,15743.297778083304,2479.411500738641
5,24,4,12366.65566316247,12136.802441552285,229.85322161018485
1,12,2,14804.0663215518,14634.832081463042,169.23424008875736
10,3,17,17649.327443659306,17274.73243192287,374.5950117364373
11,13,22,19839.44888961315,15828.430914241593,4011.0179753715584
12,11,18,18381.679304242138,15620.436754442975,2761.2425497991626
7,24,3,12289.116006091235,11125.786394732355,1163.3296113588804
2,4,3,14753.019549816849,14750.8999539576,2.119595859248875
10,4,21,16126.249519705772,15825.644479215125,300.6050404906473
11,2,16,15853.524479836226,14766.090844856388,1087.4336349798377
11,10,20,18393.19108515978,16135.537368510595,2257.6537166491835
8,28,3,12653.114868730308,12844.525286512697,191.41041778238832
1,8,4,15448.261808693407,14901.951564245697,546.3102444477099
10,6,21,16223.88475999236,15748.305239120657,475.5795208717027
11,11,20,17557.00025397539,16024.12774259471,1532.8725113806813
6,28,19,15573.743091464044,17102.546528384864,1528.8034369208199
9,26,6,16656.89299672842,15407.537918515349,1249.3550782130715
2,23,5,12781.469175413253,12737.290795115576,44.178380297676995
2,11,6,15770.447725862265,15039.18928717542,731.2584386868439
10,3,21,16786.44092786312,16494.608568027747,291.8323598353745
3,12,12,15398.628275185823,14643.580089611023,755.0481855748003
9,21,4,12487.45267227292,11408.621258842215,1078.8314134307057
7,9,17,16354.58550965786,16210.393663755307,144.1918459025528
11,24,20,18455.56303787231,15834.361783033535,2621.2012548387756
3,23,3,12048.699412986636,12295.353990020447,246.6545770338107
2,8,20,18879.1949352026,15990.171126885212,2889.0238083173863
10,2,16,16686.885143578053,16497.689369242296,189.19577433575614
11,12,20,18499.32092887163,16054.962842341942,2444.35808652969
5,25,11,13352.800461784003,14275.44511739568,922.6446556116771
4,27,3,12819.261814922094,11548.975643488518,1270.2861714335759
11,4,17,15683.529883891344,15957.028859541579,273.49897565023457
11,19,18,18078.992055535316,15981.74165193297,2097.2504036023456
9,11,11,13532.785126388071,13500.105457594906,32.67966879316555
12,12,9,15691.3900475204,14842.55060340181,848.8394441185883
9,1,17,17670.016660749912,16134.932685316058,1535.083975433854
5,3,22,19300.51299327612,16102.332874638376,3198.1801186377434
2,18,7,12728.570758119226,14902.666560253605,2174.0958021343795
1,28,4,14932.859650731089,14697.332054062188,235.52759666890051
2,26,4,12564.86663070321,11905.725490990812,659.1411397123993
12,9,11,15512.455468952656,13944.26737578456,1568.1880931680953
11,20,20,17906.823877871037,16010.707574018757,1896.116303852279
8,25,2,12355.310591861606,12387.263433470025,31.952841608419476
2,9,3,14858.852884173391,14833.50707822827,25.345805945122265
10,4,21,16258.010403096676,15999.42235848069,258.5880446159863
6,12,13,17275.906104266644,16383.794161992988,892.1119422736556
6,19,20,15085.908921569586,16405.311384958975,1319.4024633893896
11,20,20,19149.69020831585,15865.035514829116,3284.654693486733
2,14,19,12973.742573872209,13010.222596313,36.4800224407918
8,26,6,15896.519156575205,15130.910636807495,765.6085197677094
2,23,3,12791.884527891874,12018.253039324729,773.6314885671454
1,12,4,15269.090596795082,14921.196611620811,347.8939851742707
9,3,16,17760.887960791588,18764.262318539873,1003.3743577482855
3,14,17,18695.16228222847,16024.597904833534,2670.564377394936
8,19,21,16132.276492714882,16948.614668995724,816.3381762808422
6,28,8,15405.070689380167,14631.15979282729,773.9108965528776
10,10,17,14273.512248456478,14275.492810904378,1.9805624478995014
5,10,12,14686.669122338297,14348.690071529727,337.9790508085698
11,22,21,18424.28232616186,15996.47322070451,2427.8091054573506
4,24,2,11957.885118201377,12409.480742502295,451.59562430091864
6,25,4,16318.20713365078,15218.674679476304,1099.5324541744758
11,14,21,17219.150194585323,16099.914371195217,1119.2358233901068
11,3,16,15340.952489316463,14486.633162115191,854.3193272012722
9,7,21,17984.728327572346,16481.305667188695,1503.4226603836505
7,28,2,12643.606063872576,12943.36617453703,299.76011066445426
1,12,3,15100.838967323303,14803.081412229469,297.7575550938345
9,12,21,16057.782515764236,15873.138056313723,184.64445945051375
4,6,12,14338.79351979494,14058.544536055324,280.24898373961514
10,22,21,16100.908427625896,15899.626454003625,201.28197362227183
4,19,3,12812.696572855117,11857.44564698654,955.2509258685768
6,28,2,12440.300097748635,11929.432689546025,510.86740820261
11,2,11,14531.0915248394,14508.86166185739,22.229862982008854
4,23,14,17460.378394901752,15546.243740691498,1914.1346542102547
9,13,2,13298.71703234315,13417.36230396715,118.64527162400009
10,21,3,12091.953074038029,10973.254260431571,1118.6988136064574
5,3,3,14168.125523626804,14823.35927890012,655.2337552733152
10,1,17,17402.60459280014,17090.985042154498,311.61955064564245
3,17,17,18251.854959130287,15834.41260888013,2417.4423502501577
4,13,3,13955.393799871206,13403.00187655777,552.3919233134366
9,7,19,14166.879610180857,13633.530209109316,533.3494010715403
11,22,20,18130.919332921505,16005.205154184105,2125.7141787374003
9,16,15,17018.44575971365,18184.044334844653,1165.5985751310036
11,27,20,18371.467571258545,15763.792644478739,2607.674926779806
9,22,5,13110.30543242395,12386.54611473773,723.7593176862192
8,19,21,16584.31587278843,17567.20663415966,982.890761371229
2,12,12,18143.16931140423,16343.011128120399,1800.1581832838292
9,17,2,13283.480224490166,13670.822289194777,387.3420647046114
10,14,17,13470.548509895802,13412.050819721217,58.49769017458493
3,19,16,17239.35138106346,15877.671052206866,1361.6803288565952
11,28,20,17643.284886479378,15970.350898787683,1672.9339876916947
4,19,12,16933.820431292057,16087.173368396589,846.6470628954685
9,19,3,14178.860556662084,14091.25464460841,87.60591205367382
9,13,8,12634.450363516808,11488.33180527583,1146.118558240978
11,9,5,15131.6738897264,14328.12727153341,803.5466181929896
6,17,11,15054.678243249657,14388.254551225693,666.4236920239637
11,4,16,15183.100833207369,14792.250155047223,390.85067816014634
11,11,21,18284.324168920517,16135.029954277397,2149.2942146431196
7,29,6,14009.079627901316,14806.075742213998,796.996114312682
11,19,9,16391.472421765327,15213.802166481268,1177.6702552840597
11,25,20,16804.37502759695,16495.101220286393,309.27380731055746
9,11,3,12643.988286167383,12525.474991419755,118.5132947476286
9,23,3,12545.093803867698,10776.968612655757,1768.1251912119405
4,13,3,13920.537751287222,13411.379707245647,509.1580440415746
8,9,15,13401.883833050728,13101.869214520615,300.0146185301128
10,2,16,15603.5014757514,14770.774363740897,832.7271120105033
5,4,21,19427.37470549345,15953.349779745671,3474.024925747779
9,26,4,12931.110229104755,12334.232757881722,596.8774712230334
6,17,3,14673.507879972458,14429.46935681738,244.0385231550772
10,2,18,17499.338001728058,15789.117488565322,1710.220513162736
10,12,22,19095.775539040565,15934.398619942096,3161.3769190984694
3,22,7,12834.621040537952,14806.141528286198,1971.5204877482465
2,27,6,15596.229819625616,14882.021335775582,714.2084838500341
2,25,4,13308.38003847003,11577.091099606929,1731.288938863101
2,8,4,15412.545759946108,14910.372169182998,502.17359076311004
5,12,14,15809.146912992,16576.689295720287,767.5423827282866
3,7,14,17909.756162643433,16082.402336612004,1827.353826031429
7,26,1,12234.925127893686,12129.39824853385,105.52687935983704
2,9,4,15748.549095094204,15044.18818476432,704.3609103298841
10,4,21,16443.922999203205,16036.248486105682,407.67451309752323
12,8,20,18145.62012732029,16046.065969872576,2099.554157447714
6,24,9,13344.842281922698,13242.556151839182,102.28613008351567
11,5,13,16209.510002851486,14766.347300499792,1443.162702351694
5,5,21,17391.386450469494,16584.255329320316,807.1311211491775
11,3,19,14969.887230485678,14496.031877899752,473.8553525859261
10,4,16,15833.452888041737,15802.741707244228,30.71118079750886
5,22,16,18263.259291291237,15995.140082894868,2268.119208396369
12,10,17,18081.141030669212,15630.048248507992,2451.0927821612204
8,25,2,12150.357214838266,11013.589801178337,1136.767413659929
11,15,20,18475.53538310528,16185.113909125868,2290.4214739794133
11,12,20,16747.829504221678,15858.805974098526,889.0235301231514
4,28,13,15474.624074071646,15646.34100565344,171.7169315817937
2,6,13,16620.179971158504,15704.633404773977,915.546566384528
9,21,4,12405.326552718878,11376.171242533144,1029.1553101857335
7,29,2,12701.310352370145,12315.800213640774,385.51013872937074
1,11,2,14541.768732398748,14873.274549956666,331.5058175579179
6,15,14,15862.967257022858,16573.21998573116,710.252728708303
3,3,15,16439.928120046854,15768.372366083511,671.5557539633428
11,27,21,15152.63541969657,15324.654838041266,172.01941834469653
8,14,15,13793.253215909004,14009.89977313366,216.64655722465614
2,6,3,13453.49409559369,13391.337651833985,62.156443759706235
10,2,17,16504.71561923623,15567.624021585298,937.0915976509332
3,14,16,18282.9133913517,16063.505037054003,2219.408354297697
6,30,1,13453.36778178811,14748.136431619403,1294.7686498312924
2,14,2,13849.203670024872,13176.186100381425,673.0175696434471
3,28,4,13080.540486380458,12576.646955095463,503.89353128499533
6,5,13,16151.205108612776,16044.167255579494,107.03785303328186
3,14,12,16314.230709433556,14952.390320693832,1361.8403887397235
8,24,1,12534.076820373535,12123.288282407088,410.7885379664476
9,2,14,14754.463546276093,14600.877689117096,153.58585715899608
11,16,21,18512.344374358658,16140.658280044903,2371.6860943137544
4,26,3,12997.709388151765,11668.496765521188,1329.2126226305772
11,4,17,15625.110979139805,16018.7065613619,393.5955822220949
11,17,20,17965.543393075466,15991.576127105809,1973.967265969657
5,27,2,12011.252290949224,12072.442144566034,61.18985361681007
2,10,3,15189.735588878391,14798.306170661499,391.4294182168924
6,16,13,15671.091254919767,15296.108188870712,374.9830660490552
3,8,15,17723.330109119415,16115.032484409314,1608.2976247101014
4,24,3,13332.231201797724,13847.617187171281,515.3859853735576
2,17,5,16335.96898728609,15149.786452992023,1186.1825342940683
9,6,20,14187.49828839302,13726.592657996844,460.905630396177
2,7,10,17699.609360694885,16835.605427483904,864.0039332109809
10,5,18,15122.775328189136,13790.21878556955,1332.5565426195863
2,10,20,18357.922466158867,15703.10650332329,2654.815962835577
8,29,12,16454.030564308167,15460.465863127278,993.5647011808887
10,18,17,17574.089527606964,16160.461592290532,1413.6279353164318
7,26,2,11767.037261262534,11455.375088754108,311.662172508426
6,19,4,15426.613344877958,14826.34337459386,600.2699702840982
7,8,16,16683.404952168465,15819.699105187223,863.7058469812418
2,14,15,17913.793283104897,16033.000717971636,1880.7925651332607
8,24,2,12965.063421055676,12301.947721603905,663.1156994517714
2,5,20,18227.54693353176,16249.969216273721,1977.5777172580401
11,26,20,16022.453610628843,15663.897108077337,358.5565025515061
8,16,3,12362.725786402822,11561.203879110271,801.5219072925502
9,2,17,16479.452037900686,17692.79466764719,1213.3426297465048
12,10,18,18436.30756449699,15569.617006076967,2866.690558420023
8,8,13,17518.25718510151,18845.676262745394,1327.4190776438845
2,23,17,18221.83656525612,15613.318753096191,2608.5178121599274
9,20,4,14066.26164162159,13653.147754383914,413.11388723767595
10,16,20,14313.967935681345,13756.404114202374,557.5638214789706
2,21,6,15696.677592635157,15224.302382965692,472.3752096694643
1,21,6,12853.186709299684,13074.02650590507,220.83979660538716
4,28,5,16569.812751293182,15067.199025518228,1502.6137257749542
9,23,3,14003.159693539144,13040.634449929268,962.5252436098763
2,4,10,17862.167846500874,16485.137079265918,1377.0307672349554
3,21,4,13265.628146708012,13049.337349002622,216.2907977053892
10,1,11,14831.85330823064,14516.657071414627,315.19623681601297
10,11,21,18363.667283654213,16006.083802263884,2357.5834813903293
6,27,3,13326.21038043499,13731.940485847728,405.73010541273834
11,27,16,18872.35922574997,15125.838162288563,3746.521063461407
10,19,19,13544.70332607627,13349.659407617753,195.0439184585157
12,20,21,18472.341448307037,15850.877125571014,2621.464322736023
6,29,12,16174.552247047424,15582.228187357736,592.3240596896885
4,27,9,17646.846279621124,15757.504377365207,1889.3419022559174
6,28,2,14447.701036900282,15425.045294372065,977.3442574717828
2,19,2,13968.152724564075,13367.511886445998,600.6408381180772
9,15,21,14864.169547080994,14051.46582655548,812.7037205255128
11,28,19,18352.95111566782,15722.700013086072,2630.2511025817475
4,23,17,15497.386806100609,15587.785074626177,90.39826852556871
5,12,4,14245.071546822786,13799.83569645995,445.2358503628366
8,16,7,12495.134233102202,11189.230991183395,1305.903241918808
10,2,15,15373.825657218697,14722.34136110489,651.4842961138056
3,21,15,17362.947799384594,15676.973525151889,1685.9742742327053
9,19,5,13108.022351399064,12171.57903392281,936.4433174762544
8,29,4,13430.090567067266,12542.451191970698,887.6393750965672
11,17,11,16319.877920806408,14942.373431940268,1377.5044888661396
11,16,21,17884.985533237457,16410.546750200887,1474.4387830365704
8,9,5,12865.62041695416,12512.461785585125,353.158631369035
9,2,14,14479.092888355255,15057.253291057325,578.1604027020694
10,17,21,18949.64522993565,16061.659982764599,2887.985247171051
5,24,9,12989.908895492554,14314.62405126309,1324.7151557705365
1,27,4,14431.768682897093,14505.907874683482,74.13919178638935
2,24,4,12459.632056593897,11920.92818876095,538.7038678329463
11,5,11,15120.237569004295,14013.438368253785,1106.7992007505109
4,28,13,16394.89847868681,15332.54348452657,1062.3549941602396
10,20,7,13228.97725276649,12874.864869310964,354.11238345552556
7,23,5,13421.19221058488,12331.119271244877,1090.0729393400034
10,2,14,14993.068684577942,14503.67731119255,489.3913733853915
5,2,21,18818.945710599422,16045.12594899394,2773.819761605482
7,28,1,11950.688307106497,11946.780823968664,3.907483137832969
10,2,14,14763.426905155182,14533.155999429404,230.270905725778
11,18,21,18279.740782260895,15963.397872224581,2316.3429100363137
5,19,11,12820.48373694718,13679.827061108395,859.3433241612147
3,19,3,13317.883511900902,12445.972442108628,871.9110697922733
11,6,19,14772.91848540306,14381.10179771232,391.81668769073985
2,3,1,13491.129047900438,13637.267957655742,146.13890975530376
10,2,18,18498.206250548363,17088.332405345085,1409.8738452032776
11,18,21,19433.1588935256,15985.941067281927,3447.2178262436737
5,20,9,12635.843301311135,14212.395946844908,1576.552645533773
1,23,5,14879.63806694746,14710.725987823811,168.91207912364916
4,27,2,12751.591859295964,14311.363965656948,1559.7721063609843
2,8,10,17602.91122120619,16808.75014396203,794.16107724416
5,17,16,14310.181392282248,13262.705727055347,1047.4756652269007
7,27,4,15728.537789434196,14941.912273219325,786.6255162148718
10,11,19,13831.11085781455,13184.20347917419,646.9073786403605
11,27,19,17149.294559001923,15824.439344722261,1324.8552142796616
7,8,20,13789.98915234208,13288.484284546925,501.5048677951545
2,11,21,17932.912600040436,16342.906171487717,1590.0064285527187
9,8,17,13983.927186310291,13339.996344305933,643.930842004358
3,6,21,17879.403939425945,16334.980949880064,1544.4229895458811
1,14,5,14517.808479875326,13764.210178866175,753.5983010091513
5,25,5,16902.544640898705,15234.163032614471,1668.3816082842332
7,26,13,16020.827525436878,15698.129327919007,322.69819751787145
10,8,18,18034.03664404154,16152.088972582911,1881.9476714586272
7,26,1,11766.537337467074,11838.499482179408,71.96214471233361
1,7,3,14773.337617576122,14797.598815727903,24.261198151780263
10,4,21,16264.764500707388,16064.989501498512,199.77499920887567
4,13,4,14136.596695512531,13666.936570542764,469.6601249697669
9,14,7,12557.05342464149,11306.940429190756,1250.1129954507342
11,11,14,15456.490250885488,14565.445627617844,891.044623267644
10,22,18,18196.58938831091,15810.01018843936,2386.5791998715486
7,27,10,14152.672587931156,14830.666835526841,677.994247595685
2,21,6,16349.821674704552,15201.188104431298,1148.633570273254
8,22,21,16192.026613742111,16349.538071380957,157.51145763884597
11,23,20,18188.220688581467,15826.104641849017,2362.11604673245
2,21,8,13429.710600376127,14122.927923385807,693.2173230096796
2,23,11,17568.042869329453,16404.545386720027,1163.4974826094258
7,28,4,12445.88927859068,12109.989242236941,335.90003635373796
9,5,20,17615.540141105652,17098.30474754779,517.2353935578612
2,16,12,18068.56214416027,16417.572634361233,1650.9895097990375
11,2,17,14449.92793288827,14326.362099013892,123.56583387437786
10,18,20,15915.764787316322,15075.896016525732,839.8687707905901
2,13,10,16942.768206000328,15694.628638974735,1248.1395670255934
9,24,3,12849.522583663464,12172.896884708185,676.6256989552785
2,3,4,14661.17587953806,14667.422191069934,6.246311531875108
5,4,13,14572.648356765509,14340.574618711611,232.0737380538976
10,6,16,15481.819039672611,14927.507792071074,554.3112476015376
11,25,2,14706.861286401749,13968.49810663806,738.3631797636881
5,29,2,12180.01512223482,12739.42196135197,559.4068391171513
1,13,4,15327.648528754711,14984.259488775864,343.389039978847
9,6,21,16760.73647853732,16851.70386246126,90.96738392394036
8,11,7,15396.85044938326,14580.336137133712,816.5143122495483
9,25,2,12008.45882833004,11005.401820520396,1003.0570078096443
11,9,20,17910.432843744755,16394.388659465647,1516.0441842791079
8,23,13,15775.723377794027,14540.937043741962,1234.7863340520653
9,19,4,12658.108160093429,11200.003205039435,1458.1049550539938
7,27,2,12273.5644389987,11542.035810476444,731.5286285222555
2,6,3,14783.054758191109,14859.264884317186,76.21012612607774
10,5,21,16166.43125361204,16207.68028538254,41.24903177049964
10,11,15,17542.102606892586,16696.029577636702,846.0730292558837
4,26,2,12821.821925088763,12981.02086356812,159.198938479356
10,2,11,15021.358055710793,14159.258202170317,862.099853540476
9,9,21,18270.459178209305,16052.074835905245,2218.38434230406
3,18,7,12795.046474128962,14716.93949243991,1921.8930183109478
2,26,6,15807.726292788982,14947.138576274741,860.587716514241
10,29,17,13644.242295861244,13417.051903921289,227.1903919399556
2,9,21,17937.2532017231,16188.280201405023,1748.9730003180757
6,28,2,13496.103269159794,14949.8798690385,1453.7765998787054
11,23,20,18344.90312176943,15919.296606249462,2425.6065155199667
2,23,4,12409.787931725385,12587.521658484542,177.73372675915743
5,3,13,17231.686429679394,16531.333998623057,700.3524310563371
11,5,15,14985.246661156416,14491.691890785956,493.55477037045966
6,3,21,17848.530056595802,16356.1979463379,1492.332110257903
7,28,3,13127.55177809298,13041.197513938065,86.35426415491565
11,26,11,17417.652340054512,14985.558586123812,2432.0937539306997
10,4,16,17703.370067179203,18488.597084701498,785.2270175222948
5,12,22,18986.195852041245,16041.538872510704,2944.6569795305404
8,19,4,13502.480886012316,12678.19501987033,824.285866141985
8,29,3,12807.594192296268,11830.35681488955,977.2373774067182
2,12,2,14557.35208299756,14753.683706884565,196.33162388700475
10,2,17,18258.859633803368,17102.245713508055,1156.6139202953127
2,10,17,18625.067142546177,16086.151705836533,2538.9154367096435
9,13,4,13888.487263560295,13485.152660898344,403.33460266195107
8,25,3,12423.488468423486,11196.151118564707,1227.337349858779
11,23,6,15898.380234658718,14731.949560572957,1166.430674085761
6,10,14,15844.528722286224,15134.562978597263,709.9657436889611
2,9,15,18067.157928347588,16072.441332290718,1994.716596056869
7,25,1,12580.982918933034,12288.884539284587,292.098379648447
1,9,2,14819.27114084363,14884.618926103913,65.34778526028276
9,3,16,17450.82693862915,18352.40614506536,901.5792064362104
10,12,22,19892.888651788235,15872.407858471513,4020.4807933167212
4,21,8,12848.749526768925,14086.697930606828,1237.9484038379032
1,26,4,14875.527126729488,14601.41155859332,274.1155681361688
4,27,1,12450.711964294314,13838.255069472414,1387.5431051780997
2,8,8,17686.777846574783,16744.89228195669,941.8855646180928
7,23,3,12609.056572332978,11677.641082039718,931.4154902932605
2,7,1,14232.792450547218,14385.437065824386,152.64461527716776
8,7,16,16626.09908530116,15090.43771969357,1535.6613656075915
11,8,14,15559.858415484428,14320.273401153556,1239.5850143308726
3,14,3,13717.134384095669,13202.967543727696,514.1668403679723
10,6,21,14938.328464359043,13928.566883018724,1009.761581340319
3,24,11,15920.749261319635,15401.944766186147,518.8044951334887
7,19,4,12213.441118091345,11435.956438549294,777.4846795420508
6,13,15,16336.849492937326,18109.83805533358,1772.9885623962546
11,25,20,18131.151455044743,15849.741566019944,2281.4098890247988
2,25,3,12489.933631256225,13473.439400140483,983.5057688842589
1,10,4,15879.653802871704,15007.129995375635,872.5238074960689
9,7,21,17361.360674619675,16972.39833219229,388.962342427385
2,22,15,17296.856151163578,15707.948438181027,1588.907712982551
9,26,3,13420.642868563533,12855.864311932124,564.7785566314087
8,17,9,13036.089099779723,12264.59424271678,771.494857062944
4,6,2,14355.393122375011,14569.556921898076,214.16379952306488
11,6,20,16427.242605000734,15791.982939421952,635.259665578782
2,5,12,16905.428532719612,16158.04868672782,747.3798459917925
10,15,10,13675.074757605791,12966.40355287888,708.6712047269102
9,2,15,15383.111772477629,15391.966102756123,8.854330278494672
5,3,22,19111.955189228054,16214.285324748647,2897.669864479407
5,27,1,12157.39162246883,11995.543377294029,161.84824517480047
6,5,13,15563.592464834452,15071.838576217171,491.7538886172806
11,4,13,15552.512939602137,14319.657471998195,1232.855467603942
4,2,21,16721.018988877535,15837.502496904699,883.5164919728359
9,12,15,14608.212254792452,13793.843938359316,814.368316433136
2,17,21,18490.110683918,15990.174381317725,2499.936302600274
4,29,4,12634.413658693433,12060.037651853032,574.3760068404008
2,15,2,13566.16436973214,12523.85175697226,1042.312612759879
10,12,20,16975.328460156918,16312.552432572416,662.7760275845012
11,21,19,18158.38930475712,15968.774008844763,2189.6152959123556
3,23,3,12228.125918209553,12097.854060443868,130.27185776568513
4,6,14,17181.63007301092,16753.033891159055,428.5961818518663
3,8,12,15002.21700295806,14119.256121088878,882.9608818691813
10,23,4,12506.384158939123,11339.59929746076,1166.7848614783634
8,14,7,12808.178803756831,11496.65861852869,1311.5201852281407
11,20,4,14536.19903177023,14870.367614039136,334.1685822689069
10,2,16,17475.671387791634,16826.511739563488,649.1596482281457
11,14,21,18594.632897377018,15964.980681900519,2629.652215476499
6,28,2,12241.842449188232,12251.559467831661,9.717018643428673
12,24,14,17954.534406721592,15118.65182323258,2835.882583489012
9,2,16,17391.239631175995,17231.37737291194,159.86225826405644
6,4,22,19289.10127913952,15883.736335795906,3405.364943343613
2,20,7,13060.095899760723,14825.553805981037,1765.4579062203138
2,27,5,15845.615923255682,14842.204337720694,1003.4115855349883
3,29,9,13052.641539737582,12248.62657618957,804.014963548012
2,18,21,18605.54345738888,16233.411587567869,2372.1318698210125
7,28,14,16532.30001169443,16011.670854789416,520.6291569050154
11,12,19,17959.885518848896,16048.58841247273,1911.2971063761652
6,26,2,11822.2753547281,11533.657689075875,288.6176656522257
2,5,4,15092.3644592762,14921.621192205972,170.74326707022738
4,25,3,13020.265629917383,11799.14542341578,1221.1202065016023
11,3,17,15823.205065399408,16344.379224830349,521.1741594309406
11,18,20,18260.04157012701,16001.717427342908,2258.324142784102
5,19,12,13224.96966020763,14357.896260368794,1132.926600161165
2,10,21,18078.5458561182,16290.611325390772,1787.934530727427
8,6,15,15277.491695195436,14732.245566432766,545.2461287626702
12,15,6,14374.975453227758,14166.423086721554,208.55236650620463
11,3,20,17182.112362086773,15786.473639590646,1395.6387224961272
10,2,17,17663.656678617,17637.334607941943,26.322070675058058
7,2,21,18589.418761909008,15888.562073017585,2700.856688891423
4,16,12,13324.608491718767,14720.201776693913,1395.5932849751462
1,25,4,15137.358421087263,14713.845116837785,423.5133042494781
7,29,13,12967.177946969869,12735.734638095957,231.44330887391152
3,22,13,16701.611364781857,16091.281600652597,610.3297641292593
9,26,4,12331.504335552454,12027.674324729536,303.83001082291776
8,15,9,14172.583416700363,13388.343510088303,784.2399066120597
2,7,2,13932.016723424196,14637.264284672161,705.2475612479648
10,3,17,17822.595535695553,16690.595112715564,1132.0004229799888
9,9,21,19377.054238140583,15992.365891862122,3384.688346278461
6,27,2,12232.486205160618,11873.423555311243,359.0626498493748
12,23,15,18174.60176372528,15148.239866893357,3026.3618968319242
9,2,16,17556.491717875004,17422.20544793475,134.286269940254
7,5,22,19368.747875094417,15821.281214655774,3547.466660438644
4,27,3,13241.63241969049,13095.247532466714,146.38488722377588
4,28,3,12694.747570961714,11398.87269610031,1295.8748748614034
3,7,2,12782.351936668158,12178.194231124804,604.1577055433536
8,18,12,13320.938009381294,12713.812665686348,607.1253436949464
2,6,21,17836.58519977331,14911.961979218084,2924.623220555228
7,17,13,17127.504607319832,17747.916412212915,620.4118048930832
11,21,20,18160.18558549881,15983.160981986952,2177.024603511858
3,25,2,12107.648589655755,12327.441155779488,219.7925661237332
11,15,13,16260.414466500282,15255.680324507723,1004.7341419925597
3,10,14,16900.73687708378,15425.118408425882,1475.6184686578963
7,24,1,12584.160859450698,12625.83227225373,41.67141280303258
10,28,2,15751.35998737812,15150.938798815307,600.4211885628138
10,6,21,16402.45147010684,15671.184533516194,731.2669365906459
4,26,12,14407.567285835745,14478.512916229516,70.94563039377135
11,19,5,12983.591564774511,12625.032729375802,358.55883539870956
8,13,3,12306.965418159962,11035.756566658749,1271.2088515012128
12,15,21,17545.455664277077,16271.670978019847,1273.7846862572296
10,2,16,16657.202219486237,15252.0350045634,1405.1672149228361
4,23,11,17549.013776540756,15701.06432425931,1847.9494522814457
10,16,6,13971.160879641771,13176.537411110137,794.623468531634
8,28,4,13114.94459401071,12051.599621530533,1063.3449724801776
1,12,2,14389.741455078123,14856.974458111352,467.23300303322867
9,9,21,16258.710870563984,16269.515387558089,10.804516994105143
2,3,11,17343.3166654706,16593.787761432566,749.5289040380339
8,28,21,15146.397240161896,15967.47851724116,821.0812770792636
9,8,15,17552.678517341614,19102.24030588507,1549.561788543455
2,10,21,18343.02809995413,16139.010759575445,2204.017340378683
8,22,3,13307.934249162674,13046.266772531297,261.6674766313772
9,28,4,12459.478675544262,11435.30746686219,1024.1712086820717
3,4,20,17583.548299074173,15900.000687871208,1683.5476112029646
10,2,15,16435.24384638667,16105.797832174774,329.4460142118969
5,2,21,18094.463036060333,16049.15922709194,2045.3038089683942
5,28,1,12797.788057863712,12982.8757008202,185.0876429564869
10,2,10,14300.802592217922,14127.973035319428,172.82955689849405
11,15,21,18200.16226452589,16020.709256256896,2179.4530082689944
4,16,11,12665.485419481993,13797.373113585818,1131.8876941038252
1,25,4,14784.703809529545,14605.495750825281,179.20805870426375
3,28,11,13058.28198429942,12682.627085902779,375.6548983966404
4,26,7,16319.768011391165,15041.790892622368,1277.9771187687966
2,22,3,13588.308246135712,12804.416118612406,783.892127523306
10,2,8,14499.323602735996,14346.390314354378,152.9332883816187
4,23,14,16567.19830158353,15409.022344536252,1158.1759570472768
9,20,5,13232.142479881644,12566.831719457368,665.3107604242759
7,28,20,16704.87255758047,17261.35573494775,556.4831773672777
2,8,21,18610.345842659473,16220.46398227046,2389.881860389014
1,16,6,13784.762303471563,14211.34991720329,426.5876137317264
2,16,5,16363.550508975984,15034.123137076584,1329.427371899401
6,16,14,16337.06603088975,16309.132528343789,27.933502545960437
2,11,14,17643.603951871395,16185.734281634523,1457.8696702368725
12,11,18,18436.232104301453,15588.613145268348,2847.618959033105
8,7,14,17479.49853205681,18578.584409319657,1099.085877262849
2,17,17,18407.779509484768,15835.68438494463,2572.0951245401375
9,14,2,13469.566297024488,13904.034348543633,434.46805151914486
10,20,4,12610.704598397017,11901.819001228278,708.885597168739
12,8,21,18031.895050883293,16194.719195090944,1837.1758557923495
8,27,12,15509.599874705076,14493.079285502134,1016.5205892029426
10,8,16,14562.414887964724,15082.929614220748,520.514726256024
11,15,21,18873.891395807263,15894.597486105413,2979.2939097018498
8,29,15,14867.012427926064,15104.168061145208,237.15563321914487
12,28,20,18491.158104240894,15303.075639250876,3188.0824649900187
2,24,7,13713.15385878086,12457.249985284994,1255.9038734958667
11,4,10,14262.033276319504,13914.174854208903,347.85842211060117
3,24,14,16921.96579861641,15429.74860012134,1492.2171984950692
9,11,4,13195.055434212089,12767.877028585615,427.17840562647325
6,13,17,16111.918234199286,16353.234398783643,241.31616458435747
10,25,19,17503.67368209362,15749.523051608148,1754.150630485472
2,24,2,12111.416062951088,12449.164942357715,337.74887940662666
1,8,4,15376.253096878529,14817.562491150706,558.6906057278229
5,16,13,15958.512577980757,16373.174596313578,414.6620183328214
2,7,15,17841.416292726994,15925.012722055137,1916.4035706718569
10,13,18,14452.063784509895,13479.12117841991,972.9426060899859
2,19,20,18412.4662438035,15750.353167519577,2662.113076283924
1,14,8,14054.755602240562,14138.819105073027,84.06350283246502
10,4,16,17723.67050021887,18569.684520217565,846.0140199986963
3,8,22,18788.28098374605,16055.27809660308,2733.0028871429713
8,23,4,13987.492680549622,13313.204898660517,674.2877818891047
9,18,11,12841.057508140802,12247.342906815727,593.7146013250749
12,11,11,16609.963316857815,15066.621018196649,1543.3422986611658
6,20,11,15228.636960119007,14249.747288086844,978.8896720321627
2,10,13,15963.70989894867,14938.81932590402,1024.8905730446495
10,24,4,12649.950871944427,11613.154715134944,1036.7961568094834
9,8,8,12925.324605688453,12040.523200501138,884.8014051873142
7,9,12,14980.22691771388,14372.899614030484,607.3273036833962
11,13,19,17916.51149058342,15852.145373119267,2064.366117464153
7,25,8,15027.382568061352,15307.823829800454,280.44126173910263
2,15,6,18682.206914961334,16681.967446976243,2000.2394679850913
9,7,15,13877.598029255869,13892.914126996653,15.316097740784244
10,2,16,15320.78780260682,14888.365059536343,432.4227430704759
5,4,22,19156.048550009727,16176.46073620561,2979.587813804117
5,27,1,11952.992098674178,11793.023644933975,159.96845374020268
10,2,13,14743.025995224714,14366.285002898969,376.74099232574554
3,19,14,17471.079798936844,15710.224628670847,1760.855170265997
10,7,5,13366.532987043262,13105.11192565996,261.421061383302
8,27,4,12428.721263885496,11187.759745118334,1240.9615187671625
2,9,20,17877.742174685,16142.058832117798,1735.683342567203
11,13,21,16491.51213556528,15826.581425060635,664.9307105046464
10,3,17,16457.614513486624,16267.867797594796,189.746715891828
4,13,3,14033.652584403751,13550.625463287946,483.02712111580513
7,15,12,17120.81653738022,18186.912977147924,1066.0964397677053
3,4,21,17822.688220500946,16197.468966458988,1625.2192540419583
2,23,2,12778.418163865805,12570.29006462013,208.1280992456741
11,3,8,14375.382692217829,14074.041671733157,301.3410204846714
11,15,20,18276.45990419388,16013.753205295532,2262.7066988983497
5,26,3,12985.49775493145,13400.8977087556,415.39995382414963
11,5,10,15283.29802915454,13932.515918293433,1350.782110861106
7,8,21,17792.13340306282,16513.9033738043,1278.2300292585205
6,26,2,12614.587927699087,12478.138875200642,136.44905249844487
9,10,18,18143.2119628191,16199.127148916901,1944.0848139021982
6,16,13,15893.392889887094,14875.123167952735,1018.269721934359
8,17,9,13033.687086924909,12549.610146509662,484.076940415247
11,27,3,15370.144512027502,15033.529800066237,336.61471196126513
8,20,3,13453.622049838305,12745.027692340493,708.5943574978119
3,14,10,16184.584351956844,15735.79631953675,448.78803242009417
7,29,2,13014.915953174232,12634.166001458132,380.74995171609953
3,4,2,13607.902470171452,13469.721011393483,138.18145877796815
10,16,20,14281.00167286396,13649.573338526523,631.4283343374373
11,12,15,15709.87246400118,14651.501226082308,1058.3712379188728
5,3,20,17255.166853785515,16189.818864967327,1065.3479888181882
5,22,13,14220.302557855844,15063.563510875154,843.2609530193095
1,22,4,15357.171099931002,14851.576162109635,505.59493782136633
1,21,3,12784.60528473556,11658.122922947823,1126.4823617877373
10,3,17,17418.069011569023,17805.67596453694,387.6069529679153
2,12,21,18821.454762101173,16127.78576213426,2693.6689999669143
3,23,2,13257.65581806004,13411.958164502683,154.30234644264237
11,3,8,14581.634271681309,13924.815418517535,656.8188531637734
11,17,21,18094.902673721313,16018.930377508084,2075.972296213229
7,26,2,12509.810215860603,12313.780275195026,196.02994066557767
2,8,8,16162.40848699212,15326.040342031436,836.3681449606847
9,9,15,15255.32157176733,15382.745132812037,127.42356104470673
11,18,20,17844.943236649036,15937.717095800013,1907.226140849023
8,8,17,13715.063329815865,13627.764376561681,87.29895325418329
3,28,11,17844.50770008564,16065.743244810426,1778.7644552752135
8,23,12,16767.18094328046,16513.1526420715,254.0283012089567
2,23,2,13848.3875516057,13805.05113982222,43.33641178347898
3,28,5,12992.494227409365,12762.039380039383,230.4548473699815
11,21,10,15945.733147799969,14582.053301561646,1363.679846238323
11,14,20,17847.83287000656,16323.686144878802,1524.146725127759
8,22,2,12446.825149059296,12195.329558863106,251.49559019618937
12,25,14,17995.33294570446,15117.00350068526,2878.3294450192006
9,3,17,17371.064691722393,17437.726646486844,66.66195476445137
6,5,22,19541.04318678379,15719.180361886343,3821.8628248974474
5,27,2,12538.415986672044,12283.142546001556,255.27344067048762
10,2,13,14582.686613321304,14386.914706574375,195.77190674692974
11,16,21,18330.135889589787,15931.583432303323,2398.5524572864633
7,26,3,12653.16203135252,12394.098288842875,259.0637425096447
10,9,13,16793.00145366788,15255.2603160745,1537.7411375933789
9,6,14,17563.9524345994,18440.12262289514,876.1701882957386
8,9,22,18843.479296565056,16223.054660184707,2620.4246363803486
3,17,10,13294.754141747952,14036.219124594038,741.4649828460861
3,11,21,18801.26259803772,15877.74213133892,2923.5204666987993
6,29,2,12937.43699234724,12882.220048383318,55.21694396392195
8,18,13,15509.349297642708,16813.72110432162,1304.3718066789115
11,21,19,17929.073972702026,16096.307983764109,1832.7659889379174
2,20,7,13065.322748631235,14133.44725467286,1068.124506041624
2,25,4,15190.429494589567,14603.716740178568,586.712754410999
2,26,4,12809.929767370224,12120.080074218076,689.8496931521477
11,4,11,15391.160586595535,13984.171397164147,1406.9891894313878
11,16,20,17991.677227318287,16064.534377287642,1927.1428500306447
7,11,18,13577.247175842524,13699.945966988511,122.69879114598734
2,13,7,15484.889121323824,15187.055033658684,297.83408766514003
10,16,18,14469.760020583868,13514.063786302233,955.696234281635
3,24,11,16247.400453537704,16118.475709266248,128.9247442714568
9,23,4,13330.376480415463,13075.386167290386,254.9903131250776
8,27,7,14154.719035625458,13405.385479527551,749.3335560979067
1,13,3,14855.213160067797,14960.505289366614,105.2921292988176
8,27,3,13930.806079417467,13466.244768538434,464.56131087903304
2,3,10,17167.9898224473,16657.874119567346,510.11570287995346
9,18,21,15825.121918410065,16355.589954947398,530.4680365373333
12,22,21,18878.30991834402,15971.309888794953,2907.000029549068
9,10,9,15825.308108240366,14860.974748349692,964.3333598906738
9,14,16,13358.202427521348,12942.028595762347,416.1738317590007
10,27,3,15051.882525026798,14979.589996438493,72.29252858830478
6,24,2,13805.431015074251,14239.466566908703,434.0355518344513
11,18,16,18572.996326744556,15797.581821776694,2775.4145049678627
3,10,20,13757.369022160769,13753.168607422444,4.20041473832498
2,16,21,18724.52039939165,16062.497030272627,2662.023369119024
2,21,4,14381.163189262152,13895.984843759543,485.17834550260886
10,2,9,14209.727057516577,14523.875827175081,314.14876965850453
8,20,17,17705.85779297352,15920.616361543585,1785.241431429933
10,4,11,14633.144877552986,14597.9973877765,35.1474897764856
11,13,3,13233.140276923776,12857.426627312589,375.71364961118707
10,10,12,15604.915944308044,14442.53722751862,1162.3787167894243
11,7,14,15322.333096176386,14511.884085186046,810.44901099034
6,3,21,17573.535879433155,16385.10188668136,1188.433992751794
8,28,5,13819.55027383566,13375.497284444305,444.05298939135537
8,25,6,16038.122674167156,14854.05203499401,1184.0706391731455
9,4,17,17617.075592041016,17283.779309993944,333.29628204707114
2,15,17,18155.44471669197,16051.48053476054,2103.964181931431
5,26,12,14558.601277321575,15057.217491682906,498.616214361331
3,19,21,17751.99760144949,16191.513849316674,1560.4837521328154
4,29,2,13616.20637255907,13468.897262440536,147.3091101185346
12,23,13,16688.18683195114,15142.25957798237,1545.9272539687718
9,24,10,13285.712451905012,12411.681186485768,874.0312654192439
12,10,18,18249.16545933485,15654.691376210203,2594.474083124647
9,6,15,17430.400191783905,17995.392407052754,564.9922152688487
6,4,22,19261.69692486525,16180.66660961481,3081.0303152504403
3,24,2,12494.463293537498,12460.698871146005,33.76442239149219
11,17,11,16307.74277305603,15205.529347947673,1102.2134251083571
4,17,15,16701.18074953556,15432.906617698547,1268.2741318370136
8,22,7,13724.249378293753,13474.83590238193,249.4134759118224
2,11,20,17674.8871242404,16415.14313168646,1259.7439925539402
10,2,15,15732.21565374732,15909.419349837208,177.20369608988767
11,16,20,18095.351333796974,16051.796200086475,2043.555133710499
6,28,2,12139.431480765345,12169.917682669238,30.486201903893743
11,3,15,14844.615103691816,14313.210499395489,531.4046042963273
11,16,21,18203.502198398113,15980.739871776288,2222.762326621825
5,15,13,12921.899779096246,13394.012278462898,472.1124993666526
2,17,6,15469.22046789527,15023.686495892789,445.53397200248037
4,27,2,12639.43073642254,14284.182113617124,1644.7513771945833
2,6,12,17068.055916965008,16413.264043725056,654.7918732399521
9,15,2,13375.872416570784,13307.92115016927,67.95126640151466
9,22,3,12102.509914383292,11041.963919518537,1060.545994864755
9,1,12,15086.9916113317,14696.285969509421,390.70564182227827
8,8,22,19437.623348355293,15955.940608268702,3481.6827400865914
4,27,5,13538.305203735828,14677.000944727046,1138.6957409912175
2,24,8,16442.798478245735,15271.734909210856,1171.063569034879
6,13,15,13596.42554858327,13427.070509424497,169.35503915877234
9,9,15,17502.31949967146,19147.433016375093,1645.1135167036336
2,19,5,15902.088036984203,15123.614790982841,778.473246001362
10,15,21,13885.255598664284,13496.767382281714,388.4882163825696
2,13,21,18025.784415483475,16329.081254722467,1696.703160761008
1,12,7,14537.796409279108,14149.437556854575,388.3588524245333
2,16,3,15670.408012062311,14806.67880468592,863.7292073763911
9,3,17,18250.727977514267,18128.121030831466,122.60694668280121
11,16,21,19145.952467978,16010.927775612598,3135.024692365403
4,26,2,12139.578300058842,12119.589687361835,19.98861269700683
1,8,3,14979.961986809967,14908.758684559723,71.20330225024372
10,5,21,16926.34495061636,16411.266876060654,515.0780745557058
3,7,13,17705.51658165455,16462.111744475445,1243.4048371791032
4,23,2,12639.48610123992,12757.577848552906,118.09174731298663
4,4,12,17626.629508972168,16714.385119427716,912.2443895444521
5,19,14,15422.419152379036,14678.836010795301,743.5831415837347
6,23,13,16177.057197451591,16933.498923700085,756.4417262484931
12,16,20,18848.285782933235,16041.589211430615,2806.69657150262
3,12,14,13386.33985298872,13619.053838809947,232.71398582122674
9,23,21,19126.96192550659,15897.982119894205,3228.9798056123873
10,3,20,15678.93706470728,14667.111763145298,1011.8253015619812
9,23,8,12507.70389214158,11767.109203829845,740.5946883117358
4,2,21,17664.008552789688,15036.033631956307,2627.9749208333815
8,28,10,15247.024641245604,14534.235805544284,712.7888357013198
11,12,20,15720.17975255847,15259.429235227955,460.7505173305144
12,10,17,17978.215784609318,15628.804505610533,2349.411278998785
7,23,22,16363.483661085367,16814.43969011243,450.9560290270638
2,7,14,17272.368497490883,15868.536807267648,1403.8316902232345
6,30,21,15119.101154863834,15652.428163896904,533.3270090330698
2,12,6,13656.44593194127,13292.34187675797,364.10405518330117
5,29,3,12741.471170678737,12535.312980288163,206.1581903905735
1,11,2,14465.50431162119,14765.198036218268,299.69372459707847
10,3,16,16852.451784461737,17013.017623341515,160.5658388797783
8,8,21,19198.100384414196,16194.976208494469,3003.1241759197273
7,27,2,12189.517980501056,11800.188452433473,389.32952806758294
11,10,15,15779.07110375166,14574.389605362687,1204.6814983889726
11,11,21,18502.404954254627,16030.984750221047,2471.4202040335804
7,24,1,11937.135820031166,11955.255204284524,18.119384253357566
2,5,5,15458.067943125963,14954.697741345426,503.3702017805372
4,5,13,14797.014894366264,14430.528402325643,366.48649204062167
11,17,21,17583.83209502697,16040.063038582088,1543.7690564448822
8,25,10,13720.35333558917,13913.810256714734,193.4569211255639
2,8,21,19132.037443876263,15994.802480257751,3137.2349636185118
7,28,11,15728.508261531591,15549.927918419955,178.58034311163647
11,14,20,18312.7767637372,16153.12508528975,2159.6516784474516
4,24,2,11853.465227127075,11988.66399574017,135.19876861309422
11,5,14,15467.873257339,14315.438899732933,1152.4343576060674
11,14,21,18426.32221210003,16013.647719851258,2412.6744922487705
8,24,1,12228.041640654206,12168.250453636683,59.79118701752304
7,25,20,15576.244350880384,16173.085968309828,596.8416174294434
11,25,19,18329.6322748065,15379.325363139116,2950.3069116673832
5,27,16,13159.384497538207,13311.794326461877,152.40982892366992
5,26,6,16239.487385749817,15156.872219385805,1082.615166364012
2,25,3,13219.714718818665,12849.415505533449,370.29921328521596
2,10,20,18603.001597106457,16066.683663520691,2536.317933585766
9,6,14,16027.773144304752,16326.892910616672,299.1197663119201
11,17,20,18423.22916430235,16029.921794236923,2393.307370065426
5,27,1,11941.419826567171,11964.714761813233,23.29493524606187
11,2,14,14684.020223408936,14244.815762256965,439.20446115197046
11,17,21,18208.33493179083,15949.463711050223,2258.871220740606
7,26,2,12192.240289077165,12002.215645331256,190.02464374590818
12,15,20,17971.56954586506,16064.852711577842,1906.7168342872174
11,2,16,15960.435172528028,14484.204028966224,1476.2311435618049
11,11,20,18218.91986465454,16056.099639204296,2162.820225450245
8,25,4,12744.791419282556,12697.33100816928,47.46041111327577
12,26,14,17743.268825352192,15104.26358841486,2639.0052369373316
8,6,16,16633.26288256049,16424.442012242445,208.82087031804622
2,17,17,18429.73842638731,15664.485261229782,2765.253165157528
8,24,3,13100.986713439226,12283.489626489023,817.4970869502031
12,22,11,17392.67829620838,14984.890961878787,2407.787334329594
10,2,17,17535.76148980856,16924.431160299235,611.3303295093247
8,8,22,19086.96802186966,15867.999630937875,3218.9683909317846
3,21,10,12826.099164813755,14319.511866019635,1493.4127012058798
12,11,18,18381.236385703087,15623.372034966604,2757.864350736483
7,9,13,17522.90126800537,19118.40725863008,1595.505990624708
10,14,22,19512.188684403896,15856.067683963938,3656.121000439958
8,25,3,12205.728799030185,11652.59967663576,553.1291223944245
11,4,16,15479.122568011284,14578.155509742537,900.9670582687468
2,17,15,17258.902133464813,15638.710856287791,1620.1912771770221
8,28,21,14840.143676996233,14840.761880798354,0.6182038021215703
11,25,19,15145.894035488369,13951.710083053114,1194.1839524352545
3,16,5,13971.261766642332,13091.389331892338,879.8724347499938
5,18,12,15898.43272870779,16476.16864267829,577.7359139705004
11,25,21,18723.15719455481,15912.145854614757,2811.0113399400525
4,25,3,12057.604126170278,12302.509569746757,244.90544357647923
11,4,11,15111.678988456726,13924.250236926866,1187.4287515298602
5,26,14,17103.518107771873,15427.250991383295,1676.2671163885789
9,15,1,12887.521918490527,13475.363826086701,587.8419075961738
10,18,4,12484.005289644005,11530.527784657323,953.4775049866821
11,19,3,14592.232738167048,14968.095042534997,375.86230436794904
10,3,16,17272.15442019701,17337.908304483262,65.75388428625229
6,23,15,17696.589312434196,15761.64309196794,1934.946220466256
11,2,19,15373.983959585428,14925.968717312198,448.0152422732299
11,19,5,13316.208828702567,13121.84033147756,194.36849722500665
11,3,20,17421.00375699997,16146.124687838052,1274.8790691619179
4,11,12,15305.402535021303,14203.01317414993,1102.3893608713734
10,21,3,12511.504174217582,11101.874958970931,1409.6292152466503
10,3,17,17395.629446029663,17768.370155966102,372.7407099364391
2,12,21,18828.413504481316,16130.701668520353,2697.711835960963
3,24,2,13121.756722152231,12871.373030678882,250.38369147334924
3,18,3,15595.2230001688,14777.780872956422,817.4421272123782
9,4,17,18357.501693546772,17987.84386543738,369.65782810939345
10,15,21,19034.721679091457,15967.745759720643,3066.975919370814
3,23,2,12344.247471019626,12370.87704752147,26.629576501843985
1,6,3,15143.438298255203,14968.950904021187,174.4873942340164
9,3,16,17616.611347794533,18049.18426485097,432.5729170564373
10,11,22,19826.774857640263,15823.228655926483,4003.5462017137797
3,25,2,12402.158454835417,12470.01801637518,67.85956153976258
11,2,12,14425.305763214828,14275.833919987157,149.47184322767134
11,17,21,18268.801514565945,15907.60283584098,2361.1986787249643
7,24,2,12432.53897562623,12007.710569923569,424.82840570266126
12,22,9,16694.261377692223,14909.290494218407,1784.9708834738158
7,17,12,15344.066042602062,14512.20477032187,831.8612722801918
11,4,15,15662.44080978632,14474.481639020069,1187.9591707662512
7,4,22,17946.55203038454,16597.411449402814,1349.140580981726
9,28,6,13871.320889294147,13535.963031486677,335.3578578074703
10,2,14,14926.955300539732,14603.792302549196,323.1629979905356
9,9,21,18309.467998206615,16222.041943053844,2087.4260551527714
6,27,2,12082.658756583927,12027.47133828241,55.18741830151703
12,25,13,17851.24170231819,15089.245931013986,2761.995771304206
7,9,14,15418.32174578309,15278.092669237314,140.22907654577648
12,10,18,18332.78109753132,15632.770661298604,2700.0104362327147
8,25,4,12242.01469528675,11070.140671483721,1171.8740238030296
11,18,21,18608.626662552357,16147.723259973933,2460.903402578424
10,2,17,17360.1967831254,17356.127719590924,4.0690635344762995
11,19,20,19012.959614872932,15955.516223405175,3057.4433914677575
5,27,2,12108.060339853168,12016.220808850348,91.83953100281906
11,2,15,14739.894807219503,14349.480882289856,390.4139249296477
11,17,21,18267.553140461445,15920.605589077479,2346.947551383966
5,18,12,12863.07281513512,13581.27569527609,718.2028801409706
2,24,21,17877.705264806747,16242.67799665751,1635.027268149237
7,27,4,14035.626442670822,12992.925098675709,1042.7013439951133
11,4,15,15297.83272910118,14410.39630954973,887.43641955145
11,18,21,18503.07179272175,15978.403584186493,2524.668208535255
6,15,14,13206.325865536928,13505.056016697596,298.73015116066745
7,20,21,19211.055751681328,15871.24372050993,3339.8120311713974
10,5,19,15349.958089500666,14539.25842051998,810.6996689806856
9,26,8,12598.366241261365,11725.761951097022,872.6042901643432
11,5,13,15238.97459679842,14309.701768667665,929.2728281307554
3,17,14,17427.65491706133,15510.914047114158,1916.7408699471707
9,22,1,13074.89491544664,13558.789594096736,483.89467865009465
11,15,7,14339.63506501913,13396.675651406344,942.9594136127871
10,8,4,14208.662822693586,14327.198011798744,118.53518910515777
5,14,12,14926.987289100884,14318.51828614144,608.469002959444
10,5,16,15981.544342011211,15291.139851761935,690.4044902492769
12,11,18,18387.56519949436,15621.348918586196,2766.216280908162
7,24,3,12330.409342497587,11056.516455780049,1273.8928867175382
8,1,12,14428.972144454718,15499.345406576102,1070.373262121384
3,24,14,17990.015462577343,15673.808391087274,2316.207071490069
9,17,5,13360.636633992195,12813.158106953098,547.4785270390967
8,27,4,12841.16659733653,11973.570616523764,867.5959808127664
1,10,2,14286.189971417189,14862.747788652121,576.5578172349324
6,18,13,15812.658682852983,15453.600598166224,359.0580846867597
3,12,14,17906.72709196806,16174.40585877533,1732.3212331927298
5,24,1,12588.089300826192,12645.916787264696,57.82748643850391
2,9,3,15457.682850062847,14914.582391811338,543.1004582515088
10,3,16,17230.645571112633,18040.793060150012,810.1474890373793
2,9,17,18787.72323447466,15993.641167476288,2794.0820669983714
11,4,14,15255.66032242775,15004.37969346082,251.28062896692973
11,18,4,13150.277805298569,12810.068572773178,340.2092325253907
5,5,10,15143.850048452616,14897.785067223462,246.064981229154
3,9,13,15984.791180968285,14997.707450150507,987.0837308177779
9,24,1,12453.261821717024,12556.920317854203,103.6584961371791
12,10,8,14661.52201217413,13637.931066479778,1023.5909456943518
11,8,21,17669.28666538,16301.527504402568,1367.7591609774336
3,14,12,15151.401809543371,14265.273064640542,886.1287449028296
8,28,5,12698.297070920467,12083.803499016747,614.4935719037203
5,6,4,12857.426423981786,12137.940879183821,719.4855447979644
10,7,14,15185.72594577074,15583.600551587608,397.8746058168672
9,15,20,16361.616431355476,16988.581177577173,626.9647462216963
3,24,20,16974.27447807789,15984.299088733793,989.9753893440957
11,6,20,15162.957062095404,14512.205798296454,650.7512637989494
11,21,10,13020.778472170234,12578.372516559055,442.4059556111788
12,10,21,17347.28652793169,16339.212330833718,1008.0741970979725
11,3,17,17263.36084675789,16498.807562280403,764.5532844774862
10,9,20,18588.744541466236,15851.253681845985,2737.4908596202513
4,21,17,13523.075367748736,14322.694308275866,799.6189405271307
2,25,4,15050.685004532335,14554.820446876085,495.8645576562503
10,18,16,14404.404929488896,13120.386485530464,1284.0184439584318
11,20,19,17760.29904317856,16026.66732031623,1733.6317228623284
6,7,19,13757.46949905157,13649.7161726507,107.75332640087072
7,26,8,16270.82387238741,15254.519784753866,1016.3040876335435
1,18,7,13471.789912134407,14057.561850266491,585.771938132084
1,21,6,15984.628367394209,15018.875868212053,965.7524991821556
5,15,14,15935.784705281258,16269.010053830258,333.22534854900005
11,12,20,18492.977351129055,16083.083309315289,2409.8940418137663
6,25,14,13785.331535816193,13774.156253866926,11.175281949266719
2,22,6,15562.684481829405,14936.45839894042,626.2260828889848
4,28,1,12590.173068508506,14184.427509433977,1594.2544409254715
8,15,18,18093.774871885777,16223.689347502182,1870.085524383594
2,15,15,14238.905546605589,13697.830515259204,541.075031346385
2,21,7,15960.488896906376,14960.19941715201,1000.2894797543668
6,28,5,12980.919289588928,14621.665241421755,1640.745951832827
7,16,19,16228.64326351881,17503.879787314392,1275.236523795582
2,21,5,15238.174472659826,15019.625709172607,218.54876348721882
6,28,2,12499.450843364,11907.040265065098,592.4105782989027
11,24,20,18285.990034759045,16080.767885175106,2205.2221495839385
4,19,10,15314.211282521486,14396.663091337528,917.5481911839579
11,5,21,14768.351503133774,14311.708346883739,456.64315625003474
11,20,4,14963.64248919487,14651.412522379953,312.22996681491713
10,2,16,16490.86785313487,16467.176596415036,23.6912567198342
11,16,20,18658.49846982956,15980.220743873646,2678.2777259559134
6,29,3,12483.920601978898,13221.684583977662,737.7639819987635
1,13,5,16266.52797266841,15141.172302003646,1125.3556706647632
10,5,21,14871.143053412436,14034.171906424359,836.9711469880767
4,16,10,17050.964182674885,16232.295709048285,818.6684736265997
6,27,12,16096.260243624449,15977.856447369006,118.40379625544301
4,23,11,16194.467997133732,15274.154907039874,920.3130900938577
7,20,21,13981.53706663847,14784.6224065397,803.0853399012303
8,14,11,14343.962953299284,13675.196012089178,668.7669412101059
11,21,20,16695.215292990208,15889.291776337923,805.9235166522849
3,15,9,15745.486395418644,14549.679315768331,1195.8070796503125
8,29,5,13848.462601691484,15548.199823964334,1699.73722227285
2,4,21,18800.40382820368,15922.363422867245,2878.0404053364364
2,17,5,13706.781983464956,13533.514493692464,173.2674897724919
3,5,20,18902.223418354988,15996.129113394465,2906.094304960523
10,2,15,17149.955655932426,16990.705311866575,159.2503440658511
10,3,17,17393.245888113976,17766.605650796282,373.3597626823066
3,7,22,18964.351765871048,16033.818042185154,2930.533723685894
3,22,9,13713.89697766304,15216.971452500287,1503.0744748372472
2,28,5,15853.100836455822,14858.945542027743,994.1552944280793
1,25,4,13530.693976730108,11800.973387487193,1729.7205892429156
11,2,10,14483.112374097109,14403.167076796011,79.94529730109753
11,19,20,18287.351599156857,15892.202369332665,2395.149229824192
7,25,2,12550.382579311728,12308.012957594736,242.3696217169927
10,2,15,14809.830004096031,14471.088211280236,338.74179281579563
6,22,16,17555.328646600246,15762.458283643307,1792.870362956939
5,24,9,13429.180738568306,14456.446827474116,1027.2660889058097
1,27,3,14592.019481092691,14377.105735192408,214.91374590028317
3,25,18,14657.204786747694,15422.529881497512,765.3250947498182
3,14,10,17455.5243358016,16600.746897341796,854.7774384598051
6,24,3,12876.196122348309,11774.2139422707,1101.982180077608
2,12,1,14558.912550628183,14464.873089545461,94.03946108272248
8,9,16,17343.391305446625,15979.890835354616,1363.500470092009
8,15,19,18571.91855829954,16506.293559705624,2065.6249985939176
5,23,1,12295.120833173394,12231.006540534629,64.11429263876562
1,8,2,14692.39917588234,14854.678169494522,162.2789936121826
9,2,16,17349.93009543419,18154.605419514035,804.6753240798462
10,10,22,19774.7507943511,15933.96023666981,3840.790557681292
5,22,11,12838.369853839278,13447.905445944716,609.5355921054379
2,22,6,15258.803403615952,14915.597237782978,343.20616583297306
12,10,17,17947.15325129032,15636.729551657727,2310.4236996325944
9,6,14,17534.110387921333,18335.631651364914,801.5212634435811
3,2,22,18523.93407613039,16252.5923829349,2271.3416931954907
4,22,12,13455.076709151268,13414.67369891956,40.40301023170832
2,17,9,15991.537486493587,15379.612570289995,611.9249162035921
2,26,3,12468.675591930749,11851.233962591205,617.4416293395443
2,15,12,18453.864363253117,16862.392688864198,1591.4716743889185
10,4,15,15682.389368653296,15220.119336164962,462.2700324883335
12,18,20,18925.303575336933,15962.989462505238,2962.3141128316947
7,28,2,12368.797461375594,12402.14502596069,33.347564585095824
6,4,15,15517.184034466743,14969.163742703971,548.0202917627721
4,14,15,17169.164376795292,15838.526900798453,1330.6374759968385
8,27,5,14210.42055311799,15080.558017740595,870.137464622605
2,12,20,18616.11362630129,16024.758273182584,2591.3553531187044
1,14,6,13774.11257326603,13574.8642152424,199.2483580236294
6,25,4,16659.52344071865,15160.938813683017,1498.5846270356342
9,3,16,16471.76371026039,17084.52311018649,612.7593999260971
11,13,21,18761.01770722866,15962.160970206041,2798.856737022619
6,27,2,12021.115225583317,12050.39600510357,29.280779520253418
12,23,14,18147.000556766987,15125.69611623284,3021.304440534146
9,3,17,17586.017159819603,17540.02267179918,45.99448802042389
4,12,21,18974.889946222305,15857.145281767176,3117.744664455129
4,23,14,13421.984952747822,14060.490640756252,638.5056880084303
2,25,4,15267.590825408695,14664.22555886789,603.3652665408044
4,25,3,13027.79134903848,11778.829469965684,1248.9618790727964
12,4,16,16053.623592704536,15004.050887406702,1049.5727052978345
10,3,18,17659.372672080994,16741.514987075774,917.8576850052195
4,2,22,19166.61543804407,16057.532022488103,3109.083415555968
4,26,1,12230.38828869164,12030.693214449588,199.69507424205221
11,14,19,19140.444693922997,16120.726245925189,3019.7184479978077
3,20,10,15229.74630701542,14265.725059815726,964.0212471996947
11,9,20,14802.498061835766,14012.62734391123,789.8707179245357
11,27,3,13969.802186012268,13371.672007503861,598.130178508407
7,13,20,14642.43550401926,14476.765272260433,165.67023175882787
11,20,4,13408.937515839934,12538.04771249663,870.8898033433052
11,12,20,17372.795354902744,17129.934519882165,242.86083502057954
9,20,18,17100.3176112175,15872.574355833358,1227.7432553841409
2,22,3,12816.141289770603,13794.165038847492,978.0237490768886
4,27,6,17139.289521336555,15265.243735658043,1874.0457856785124
9,28,3,14173.600899010897,13533.720319393798,639.8805796170982
2,11,13,16271.53377237916,15710.10685739546,561.4269149837
9,26,6,12198.340466678144,12082.056466614846,116.28400006329866
8,17,9,14155.777528911827,13079.763113899413,1076.0144150124142
2,7,2,14272.38731738925,14799.696285050186,527.3089676609361
9,27,3,13638.658241391182,13379.185301868827,259.47293952235486
3,12,8,17598.15722888708,16351.903928859261,1246.25330002782
5,29,1,13300.57688009739,14316.395119515711,1015.8182394183223
2,5,20,18585.68594288826,15874.708256789676,2710.977686098584
4,28,3,12635.582471504807,11309.451100757438,1326.1313707473691
11,5,17,15269.44493162632,15438.853806494139,169.40887486781867
9,13,20,17933.887841045856,16057.251612934058,1876.6362281117981
7,27,2,12330.324244722722,12144.54778445414,185.776460268582
11,3,14,14807.84138187766,14435.24705447362,372.5943274040401
11,15,21,18413.27005892992,15959.891434676592,2453.378624253328
8,12,6,12959.99036334455,12483.657216837799,476.3331465067513
12,13,10,16150.508332133291,14981.39529931998,1169.1130328133113
11,4,20,16863.448877632618,15409.76667660583,1453.6822010267879
3,9,12,15634.082540214062,14519.548112422304,1114.5344277917575
9,27,3,12659.94934785366,11911.234052256706,748.7152955969541
12,4,17,16659.709630548954,15242.691227132535,1417.0184034164195
10,24,4,12590.956788256764,11332.575846188176,1258.3809420685884
12,12,21,17775.25082474947,16323.001444723504,1452.2493800259654
8,27,3,14257.221868634224,13971.714437836847,285.5074307973773
3,5,20,18027.795593738556,15710.36587752126,2317.429716217295
8,29,12,15988.575673818588,15395.431529128367,593.1441446902209
11,16,20,18053.953214347363,16171.854523288526,1882.0986910588363
3,16,14,12886.504641234877,13007.98176020859,121.477118973713
5,26,10,16539.407623916864,15499.323966323333,1040.0836575935318
6,29,3,13178.278459161518,14864.584905264572,1686.3064461030535
6,21,9,17335.752601087093,16485.704465257124,850.0481358299694
6,22,2,12589.16337828338,11552.702293903072,1036.4610843803075
3,5,20,18110.26538527012,16179.703193859496,1930.5621914106232
3,15,3,13658.465722501278,13105.162507526491,553.3032149747869
9,5,20,17462.136125326157,17562.794059623007,100.65793429685073
3,5,21,17694.626527130604,16094.031326627024,1600.5952005035797
2,18,8,13762.217339724302,14431.403479029152,669.1861393048493
5,28,5,16608.646864533424,15183.728220247429,1424.9186442859955
3,27,2,13054.840138152242,12261.861913579449,792.9782245727929
10,1,11,14473.80247247219,14722.981525431618,249.17905295942728
9,9,21,18573.52044701576,15926.519918623635,2647.0005283921237
4,15,13,12988.515342533588,13818.096139624946,829.5807970913575
2,19,9,15743.578154712915,15331.530076510817,412.0480782020986
5,28,3,13200.834905982018,14755.75072146897,1554.9158154869529
11,22,19,18201.921635389328,15997.35810247201,2204.5635329173183
3,23,4,12614.71916282177,12763.567381808116,148.84821898634618
11,4,8,14369.787974894049,13837.149096373769,532.6388785202798
10,15,21,18245.09224921465,15998.021113706773,2247.0711355078765
7,25,2,12534.342776551845,12244.783518461156,289.5592580906887
12,24,12,17564.979349434376,15058.379555408843,2506.599794025533
10,6,21,16119.93259909749,15670.332341351426,449.600257746064
2,4,13,17800.643180549145,16453.543787735503,1347.0993928136413
4,24,5,13581.156752169132,13489.445876858961,91.7108753101711
11,2,11,15878.692915707828,14091.834854005732,1786.8580617020962
5,4,22,17911.823115825653,16419.6147192072,1492.2083966184546
8,28,2,12846.977852612734,12553.93227273037,293.0455798823641
10,2,13,15022.838551938534,14336.396161223722,686.4423907148121
5,29,6,12935.63312457502,13025.45304156158,89.8199169865602
12,24,18,17891.46362698078,15700.17700386667,2191.2866231141124
3,24,6,13666.832781791689,12297.224641804773,1369.6081399869163
8,23,5,16545.305822461843,15199.785375327265,1345.5204471345787
9,2,17,18210.42731177807,18836.87404995115,626.4467381730828
8,5,22,18942.499477505684,15940.475607887225,3002.023869618459
3,24,2,12947.442030012608,13427.373937847742,479.93190783513455
1,14,3,15744.425441473722,14884.653119749959,859.7723217237635
7,26,3,13800.266092777252,12735.508616336552,1064.7574764407
6,5,14,18632.42205095291,16364.019304184714,2268.402746768197
1,17,8,13598.579855144024,14164.624697056066,566.0448419120421
3,10,10,17744.536064505577,16620.319706566384,1124.2163579391927
5,10,20,13833.014587312937,14370.17862605937,537.164038746434
7,7,13,16469.60079139471,17370.818672289803,901.2178808950921
2,9,15,18053.823619663715,16205.396186077083,1848.427433586632
9,12,4,13634.102332085373,13024.089965204148,610.0123668812248
8,27,3,12574.52717617154,11584.599397276474,989.9277788950658
2,7,4,14751.765024065971,14894.025127715433,142.2601036494616
5,12,13,15031.099392801523,14661.956078927677,369.14331387384664
10,3,15,15664.73783454299,14713.50630493875,951.2315296042398
8,5,21,18225.13384771347,16340.803398534385,1884.330449179086
8,28,2,12650.272808104752,12671.942816966628,21.67000886187634
5,20,3,15425.796406239271,14733.284824089733,692.5115821495383
10,5,21,16236.675263136623,15905.944177760457,330.73108537616645
3,22,3,13203.419007569551,12025.996950564768,1177.4220570047837
7,27,2,12500.013103842735,11622.660568379297,877.3525354634385
10,9,16,14557.848315805197,14691.890165340827,134.0418495356298
3,2,21,18233.726467370987,16174.770255295703,2058.9562120752835
5,27,1,12702.612450852988,12704.086699780986,1.4742489279979054
1,10,2,14848.388523578644,14870.57219025726,22.183666678616646
6,5,15,16359.293979793789,16799.91537806662,440.62139827283136
11,16,21,19128.154524683952,15930.856014012896,3197.2985106710566
3,26,1,12374.577138200402,12768.471871482097,393.89473328169515
5,22,5,16930.661765933037,15284.821097353837,1645.8406685791997
7,25,13,16689.550036787987,16761.39060852276,71.84057173477413
11,13,20,18747.828577399257,15877.85041635052,2869.978161048737
5,26,1,11776.29261828959,11711.246767261664,65.04585102792589
10,2,14,14735.427481621504,14439.488678125199,295.9388034963049
11,16,21,18246.200365781784,15976.971275227415,2269.2290905543687
7,27,2,12223.404939725997,12167.892276897417,55.51266282857978
11,3,15,14868.507277995348,14469.31483699464,399.19244100070864
11,18,21,18350.89154446125,15956.257247909985,2394.634296551265
5,20,11,12895.366087839007,13717.507049239368,822.1409614003605
2,22,5,15000.887017011642,14734.889674018958,265.99734299268493
4,27,1,12629.544425532222,14230.558041992444,1601.0136164602227
11,22,18,18026.9606102705,16062.443447509359,1964.5171627611417
3,24,4,12711.85611975193,12668.038181150192,43.817938601738206
11,3,8,14107.917309999466,13996.105344170865,111.81196582860139
6,29,8,13228.354501098393,13417.70961032731,189.35510922891808
2,19,2,14059.685531646011,13106.111749801305,953.5737818447069
3,28,3,13190.329329356551,12440.927508005876,749.4018213506752
3,4,13,17090.794042408466,16600.67021241828,490.1238299901852
6,17,15,15788.517982035875,15079.070350185955,709.4476318499201
8,20,15,14235.689465880394,13994.98102703944,240.70843884095484
2,11,21,18740.84276777506,16186.908449379787,2553.9343183952715
8,23,4,14462.20661905408,12501.712589232477,1960.4940298216043
9,1,14,14752.51593503356,15024.50708166601,271.9911466324502
3,24,14,17422.96982318163,15780.449807326144,1642.5200158554853
10,15,5,13593.837345898151,12681.832725622084,912.0046202760677
8,29,6,13571.823064178228,12688.940251990867,882.8828121873612
1,16,2,14658.714810878038,14833.133947182956,174.41913630491763
7,25,2,13579.24933168292,12948.190717089637,631.058614593283
1,3,8,17781.111293196678,16506.69861350703,1274.412679689649
9,22,20,16226.753887861969,16440.1709950043,213.4171071423316
12,24,21,18906.66572725773,15867.36874722829,3039.2969800294377
2,16,18,13174.565735518932,13023.371859670639,151.19387584829383
3,15,9,15789.432116687298,15348.131452617665,441.30066406963306
2,25,3,12597.20727108419,11915.434515336301,681.7727557478884
2,12,5,15676.509625047443,14966.884878711599,709.624746335845
9,3,16,17742.244371175766,19001.05194594227,1258.8075747665025
10,9,21,19816.710764169693,15797.769541188953,4018.9412229807403
5,26,2,12137.950369372964,11949.35179115348,188.5985782194839
11,9,15,17335.67303979397,15482.047631648595,1853.6254081453735
9,25,3,12081.120844990017,10769.551649921093,1311.5691950689234
2,4,3,14720.608575612308,14757.083096910927,36.47452129861813
10,17,3,12695.112978756428,11360.822175572277,1334.2908031841507
11,2,16,15418.22578009963,14930.530453628478,487.69532647115193
3,18,14,17327.994964897633,16028.775755885003,1299.21920901263
10,14,5,13614.893611222506,12866.058867294678,748.8347439278277
9,11,20,16729.107993751764,16928.57537780752,199.46738405575525
9,25,19,17323.91929411888,15739.893466075599,1584.0258280432827
2,22,2,12065.045977845788,12387.74962862949,322.70365078370196
1,9,5,15715.217424482107,14925.344986963748,789.8724375183592
7,12,14,16385.01032230258,17116.69643303061,731.686110728031
3,6,16,16698.82835996151,15837.453512064401,861.3748478971083
7,12,20,13413.486658334732,15145.680228108005,1732.1935697732733
7,25,20,16508.99921566248,17351.476267453145,842.4770517906654
3,5,21,18577.26392889023,16151.437701601204,2425.8262272890242
2,23,4,13217.238681152465,12827.791159422379,389.447521730086
10,2,9,14255.62039002776,14263.827108737329,8.206718709569031
11,16,20,18227.437844336033,15930.918834839189,2296.519009496844
6,26,4,13317.69445130229,13487.794634022352,170.10018272006164
12,26,17,18798.07112389803,15133.393412779064,3664.677711118966
6,28,17,14069.241909235716,14934.172976512049,864.9310672763331
2,10,12,17838.969577908516,16333.959545417107,1505.0100324914092
5,26,16,14848.545595616102,14628.793670371755,219.75192524434715
9,7,16,17637.722977936268,19094.869948700238,1457.1469707639699
2,18,20,18447.94565922022,16076.683478802157,2371.2621804180617
8,16,15,13410.595794647932,12838.433435762452,572.16235888548
8,28,6,15620.342222869396,15165.387661186965,454.9545616824307
7,9,21,13709.261507064104,13427.991225725667,281.2702813384367
4,26,10,16713.30277377367,15773.478223035065,939.8245507386055
8,26,4,15279.289616376162,15158.450403811665,120.83921256449685
2,15,1,13637.72647202015,13328.422058714028,309.3044133061212
3,28,3,13028.907257691026,12307.240840491697,721.6664171993289
11,21,20,18885.32033455372,16077.353945924011,2807.9663886297076
4,20,11,15093.125212877989,14316.89527690148,776.2299359765093
8,28,3,12480.231254592538,11426.742246414793,1053.4890081777448
2,2,3,13482.3395755589,13276.864455244262,205.47512031463884
6,27,2,12887.015843048692,12948.813991885698,61.79814883700601
8,10,17,18381.855651438236,15857.210257295688,2524.645394142548
2,23,5,13707.90322354436,13805.530678318119,97.62745477375938
10,2,8,14298.0893060565,14323.246481342263,25.157175285763515
3,21,14,16750.998422324657,15476.287245220832,1274.7111771038253
10,19,6,13266.327999010682,12817.043421369079,449.2845776416034
8,29,8,13774.004714399576,13018.821835081117,755.1828793184595
11,28,18,18908.855713367466,15816.133125693195,3092.7225876742705
10,8,16,15099.353139668705,16165.8727534508,1066.519613782095
11,21,20,18239.08496147394,15982.469626944565,2256.615334529377
4,22,16,13519.072696506975,13596.240578529027,77.16788202205134
4,28,3,12552.97734375298,11411.129487630344,1141.8478561226366
4,19,5,13420.828853338957,12279.034606045525,1141.794247293432
8,17,7,13121.812086969612,12156.34189011561,965.470196854003
10,12,3,14687.74196946621,14923.909716536962,236.16774707075274
10,2,17,17560.827398240566,17210.904395275717,349.92300296484973
5,3,22,18886.5629671216,16017.544061393666,2869.018905727935
4,27,1,12905.537014901636,12900.713989099066,4.823025802570555
11,4,10,14918.75556603074,13753.80705302396,1164.9485130067806
3,18,15,16976.70478850603,15522.258696888082,1454.4460916179487
10,9,4,13240.044064596295,12595.182375197457,644.8616893988383
9,7,20,16883.07016891241,16555.323828168068,327.7463407443429
5,27,11,17500.397725343704,15984.699470222971,1515.698255120733
9,6,10,13442.75742211938,13264.809281683112,177.94814043626866
12,11,10,16253.621818572285,14980.766693397722,1272.855125174563
9,18,11,15875.519076287746,14301.353089466944,1574.1659868208026
2,13,14,16910.77636396885,15618.885666146247,1291.8906978226023
10,4,13,13870.749606400728,13848.49150679601,22.258099604718154
7,8,2,13695.428094804289,14248.667723734174,553.2396289298849
6,7,13,14785.683151632547,14532.966408357255,252.71674327529217
6,24,13,16258.209716439247,15240.01848587777,1018.1912305614769
11,4,16,14092.757602781056,14144.062300921421,51.30469814036587
3,3,2,13401.3451538831,13859.31340708067,457.96825319757045
11,1,17,16276.896777689455,15618.761924899069,658.1348527903865
4,15,15,18457.796495616436,16011.919129970194,2445.8773656462417
4,26,3,12904.50025743246,11521.919212799456,1382.5810446330051
7,10,1,12582.69717772305,12107.565189824078,475.1319878989725
8,22,5,12567.148276343942,11087.674412026925,1479.4738643170167
12,17,20,18093.623131275177,16066.9945534774,2026.6285777977773
10,4,16,16630.409338861704,16895.95987922218,265.5505403604766
3,19,12,17784.37084555626,16022.173983026954,1762.1968625293048
9,5,18,14793.85991999507,14412.889423787721,380.97049620734833
9,3,15,14896.603077322245,14836.403458780404,60.19961854184112
5,4,22,19013.774913072582,16167.91034489866,2845.8645681739217
3,16,10,13116.214703932405,14287.841661190814,1171.6269572584097
1,23,5,14883.915921837091,14829.280062848093,54.635858988998734
4,26,2,12465.585414901376,14347.648387640958,1882.0629727395826
11,21,19,17939.847556054592,16117.108727939787,1822.738828114805
2,23,4,12733.675804391503,12603.26679311624,130.40901127526377
3,3,20,19026.177452385426,15779.368450183749,3246.809002201677
8,23,12,15181.595730394123,14753.239447225948,428.35628316817565
10,5,20,16056.11911058426,15964.07593505306,92.04317553120018
8,5,20,16078.350750476122,16182.466741701062,104.11599122494044
2,11,10,17832.119924724102,16721.108346601286,1111.011578122816
9,17,8,13093.40480928123,12331.312612981763,762.0921962994671
12,11,11,16317.845416843891,15086.813730164147,1231.0316866797439
9,1,18,17895.12590712309,16156.095490109577,1739.0304170135114
2,23,17,18486.244989335537,15653.505459126007,2832.73953020953
9,19,5,13828.632974654436,13101.71821486979,726.9147597846459
12,10,18,18421.706016659737,15567.008259525728,2854.6977571340085
7,25,4,12366.219306379557,11209.598669726309,1156.6206366532479
7,18,5,16578.226152986288,15140.423136642356,1437.8030163439325
9,4,16,16603.888771116734,17268.082892869366,664.1941217526328
5,20,14,17574.45698595047,16083.41468626931,1491.0422996811594
8,25,2,12582.020496621728,11802.74416126053,779.2763353611972
12,21,12,17480.046438694,15090.310915229995,2389.7355234640054
9,1,17,17934.352905511856,17280.495084854247,653.8578206576094
5,4,22,19459.80290430784,15854.059007052743,3605.7438972550954
6,28,2,12962.63126513362,12250.896249847927,711.7350152856925
11,2,14,14976.802501231432,14268.683525586192,708.1189756452404
11,17,21,18074.370938777924,16020.977502473903,2053.3934363040207
7,27,2,12228.050047904251,12118.145866539602,109.90418136464905
11,4,15,15048.297755628824,14346.897718495711,701.4000371331131
11,17,21,18309.101360082623,16029.79416428863,2279.307195793992
7,25,1,12121.991563290358,11992.650208810157,129.3413544802006
2,6,2,14597.118375718594,14739.979114484087,142.8607387654938
9,2,17,17236.19763702154,16997.200804976223,238.99683204531902
8,5,22,19811.54420143366,15952.151534150835,3859.392667282824
3,21,7,12726.469150662422,14465.502456443266,1739.0333057808439
1,26,5,14941.026576459408,14750.764324148626,190.26225231078206
2,26,3,12707.309437915685,11606.653920804483,1100.6555171112013
12,16,10,15686.36866363883,14074.902353923126,1611.4663097157045
10,13,20,18213.779548943043,16143.83880344875,2069.940745494292
3,16,3,13459.631798237562,12810.322701004916,649.3090972326463
10,10,5,12875.92770551145,12051.645498553236,824.2822069582144
3,2,4,13629.2228461802,13765.401948013789,136.179101833588
10,10,13,14712.61225554347,14361.41900219109,351.19325335237954
11,14,20,17328.067964434624,15921.07054478657,1406.9974196480543
7,26,2,12443.375510826709,13063.870877003515,620.4953661768068
10,2,11,14319.446181833744,14421.200526343426,101.75434450968169
10,12,21,18364.482581853867,16046.142627235851,2318.3399546180153
4,15,13,12500.226360917091,13663.065758770837,1162.839397853746
1,23,5,14956.233036190271,14799.369783631026,156.86325255924567
1,23,3,12615.309515818954,11564.805380425825,1050.5041353931283
11,3,10,14589.077353686094,14241.479998793,347.59735489309423
5,28,12,16935.688891351223,15439.303521923299,1496.3853694279242
9,15,1,13055.806971907616,13664.781005457577,608.974033549961
10,17,4,12651.020643249154,11833.909981183266,817.1106620658884
9,1,13,15613.60165888071,14561.915454099286,1051.6862047814247
4,3,22,19286.165713489056,16149.606828059488,3136.5588854295675
2,16,7,13036.907473802568,15179.23793728404,2142.330463481472
2,29,6,15607.846998751163,14879.002786192794,728.8442125583697
2,28,7,13104.092474639416,12154.108604928804,949.9838697106115
12,8,12,15453.43903428316,14114.471020091327,1338.9680141918325
11,21,20,17539.361433267593,15999.550815724164,1539.8106175434295
8,25,2,12612.643802389504,12258.066660028475,354.5771423610295
11,3,15,15116.702012777328,14396.845424918252,719.8565878590762
4,28,3,12571.963990181684,11262.379665125995,1309.58432505569
10,8,17,14952.112663447857,15131.37235664776,179.25969319990327
8,16,18,16937.77717024088,15784.24306937256,1153.534100868319
5,28,3,12176.791659533978,12419.996297310361,243.2046377763836
1,10,3,14850.417746663094,14812.227162210687,38.190584452406256
9,2,16,17442.947089731693,18096.44091593953,653.4938262078358
10,9,22,19695.784160375595,15912.594353786615,3783.18980658898
5,22,11,12827.199079185724,13856.596715507649,1029.3976363219244
5,28,7,15883.045410573484,15200.604264918988,682.4411456544967
6,29,3,13126.006894633174,14865.320172598827,1739.3132779656535
11,23,20,18341.08664035797,15936.852247346817,2404.2343930111547
3,16,12,13700.34244003892,13493.157616102899,207.18482393602062
5,26,7,16316.887400448322,15256.925175937597,1059.9622245107257
3,28,5,13213.862042456863,12903.204757105737,310.6572853511261
5,27,4,16124.16780257225,15056.866580319082,1067.3012222531688
8,19,21,16818.4475338459,17282.814391872544,464.36685802664215
11,16,12,16346.29227012396,15421.390889581566,924.9013805423947
11,26,20,15876.21544265747,15581.074607191145,295.14083546632537
7,17,10,13630.968273311852,13906.698725435173,275.7304521233218
10,2,15,14791.33569443226,14657.829068826248,133.50662560601268
7,4,21,18566.41734600067,16171.515707579008,2394.901638421663
4,18,11,13035.940845102072,13920.696572380251,884.7557272781796
2,19,9,15816.206542372704,15336.542656248279,479.6638861244246
2,26,4,12423.97034738958,12362.485403122271,61.4849442673094
11,10,17,17856.76834142208,15645.785796015309,2210.9825454067723
10,14,20,14382.019088327885,13708.62162990118,673.3974584267053
2,6,21,18220.333923101425,15828.637203904029,2391.6967191973963
2,19,6,14644.18954345584,13657.768188320457,986.4213551353823
5,23,6,17190.23007464409,15194.53585468931,1995.6942199547793
5,22,1,13292.283435508609,13080.298627223252,211.98480828535685
2,7,12,15895.768655717373,15718.1659343127,177.6027214046735
10,27,5,12439.13969218731,11872.043890632747,567.0958015545621
4,10,13,15598.236076563597,15870.758086406351,272.5220098427544
3,20,12,17702.958316981792,16189.235635577905,1513.7226814038877
9,10,8,12822.291500762103,12189.564453283072,632.7270474790312
3,11,2,12650.797953650355,11639.82703545312,1010.9709181972357
11,8,19,17558.53980600834,16166.19912510652,1392.3406809018197
9,27,4,13003.66869305074,12228.254086265379,775.4146067853617
4,25,13,15039.89911788702,14670.587425917958,369.31169196906194
9,19,5,12630.457534909248,11479.259536828115,1151.1979980811338
7,25,2,12400.107495933771,11366.465192741009,1033.6423031927625
9,25,4,15608.23209181428,15158.608767064228,449.6233247500513
11,19,20,17083.7606600523,15698.080778431024,1385.6798816212759
12,10,20,18276.442679584023,16023.271590692128,2253.171088891895
4,25,15,15236.860480993986,16146.646311926175,909.7858309321891
3,12,21,18662.6422188282,15762.319541185541,2900.32267764266
8,27,18,13269.983102232218,13319.913023668007,49.929921435788856
11,26,20,18127.533466756344,16037.539442542122,2089.994024214222
4,28,3,12689.995629191397,11361.64059355672,1328.3550356346768
3,8,2,12886.186806172132,11967.611999378028,918.574806794104
8,14,14,13501.354314506054,13101.022503255996,400.3318112500583
2,6,21,17949.763189792633,14928.088856008888,3021.674333783745
10,3,20,15565.299341648815,14109.757469910037,1455.5418717387784
5,14,7,17000.745422542095,16388.762162792576,611.9832597495188
6,28,1,13531.23655194044,13537.331303777206,6.094751836766591
3,4,17,18562.969143152237,15679.74349860995,2883.2256445422863
3,21,4,14385.644868701696,13783.149972776995,602.4948959247013
10,2,8,14343.990840762854,14260.025216360915,83.96562440193884
10,9,21,18247.64641278982,16147.095918832982,2100.55049395684
7,26,2,12623.056899264457,12699.967723189091,76.91082392463431
1,10,2,14941.65281406045,14810.968483433508,130.68433062694203
7,13,21,14765.122709006071,14517.544329661567,247.57837934450436
2,5,12,16431.26414129138,16052.422497467462,378.8416438239183
10,16,13,13723.197856873274,13092.05482453457,631.143032338703
11,15,20,18066.59935885668,16247.965143178917,1818.6342156777646
11,11,20,16888.413899064064,16031.433894860631,856.980004203433
7,28,21,15254.551385641098,15808.452575770174,553.901190129076
3,4,21,18203.539108276367,15068.32106003389,3135.2180482424774
2,23,5,14121.895080894232,14004.902894876586,116.99218601764551
2,8,21,18963.554512500763,16012.387451469023,2951.1670610317396
8,24,3,12835.449462249877,11972.905971794164,862.5434904557133
10,2,17,16760.799225330353,16677.696448636278,83.10277669407515
11,9,15,17469.5845387578,15498.98994459465,1970.5945941631508
9,24,11,12764.223855018616,12208.99820641824,555.2256486003753
9,25,5,15744.15066793561,15076.668925037611,667.4817428979986
8,10,16,16528.175537854433,17294.553205866043,766.3776680116098
4,20,14,17379.69012016058,15960.752139540517,1418.9379806200632
5,26,10,14853.369306594132,15177.862309392583,324.4930027984519
7,29,5,15449.592204749584,14764.157462192012,685.4347425575725
2,25,4,12916.485510066152,11875.519149475378,1040.9663605907735
2,9,4,15495.528188675642,14855.281510182824,640.2466784928183
10,3,16,17564.930956482887,18118.53587567121,553.6049191883212
11,13,21,19275.694791138172,15945.607898957096,3330.086892181076
5,21,11,13044.805572584271,13648.424120592961,603.6185480086897
2,22,6,15304.857089042664,14913.22588573928,391.6312033033828
4,28,1,12544.626688852906,14083.216283550759,1538.5895946978526
11,21,18,18020.886884748936,16064.747224925035,1956.1396598239007
3,24,4,12841.315467178822,12634.281286185347,207.03418099347437
4,15,5,16583.800774931908,15237.69623506696,1346.1045398649476
8,10,15,16684.605753540993,17370.634811127842,686.0290575868494
3,21,15,17739.41543406248,15832.52519937768,1906.8902346848008
9,16,3,12779.446514084935,11857.364102438733,922.0824116462027
9,2,14,14816.0189704597,14788.353031222297,27.6659392374022
8,7,22,18891.529396295547,16262.376972948265,2629.152423347283
6,26,1,11955.120158210397,11751.038117730066,204.08204048033076
12,25,14,17996.69779098034,15116.115418067466,2880.5823729128733
11,10,17,17802.672403633595,15640.789440085451,2161.8829635481434
9,25,8,12559.73697784543,11674.579136101574,885.1578417438559
9,1,13,15393.66594710946,14822.700253473131,570.9656936363299
6,3,22,19436.27490746975,16029.948336601446,3406.326570868303
5,27,3,13456.592064708471,13834.005968869033,377.4139041605613
10,27,13,17989.58402711153,15070.016758031823,2919.5672690797073
8,24,16,13212.43814137578,13141.840447724235,70.59769365154534
6,23,11,17295.03854471445,16341.497073302688,953.5414714117633
9,13,21,16797.96460196376,17032.27599771481,234.31139575105044
11,26,20,18619.93174815178,15653.230139877982,2966.7016082737973
7,7,19,13749.629430800676,13415.631868996697,333.9975618039789
4,27,8,17467.95476257801,16118.13128964081,1349.8234729371998
10,2,19,14946.448637574911,14727.062710943314,219.3859266315976
9,8,16,15293.552413553,14918.164689759617,375.387723793383
11,23,21,19055.07952749729,15827.459976370992,3227.6195511262995
5,25,6,13500.694447904823,14813.067271916583,1312.3728240117598
2,20,21,18318.40511006117,16159.07460027116,2159.3305097900084
7,6,11,14953.571013748646,14266.79973441872,686.7712793299252
11,11,10,14785.43216446042,14356.93349879052,428.4986656699002
5,4,9,15372.297588258982,14842.82664057789,529.4709476810913
3,17,11,15715.874420315027,14494.600103206465,1221.2743171085622
10,14,19,14960.978006094694,14281.372005678222,679.6060004164719
11,29,3,15262.13185441494,15032.049502563394,230.08235185154626
9,26,4,14657.844147861004,15171.578175678242,513.7340278172378
6,12,5,14762.44428217411,14131.899225236668,630.5450569374425
7,13,12,17145.327157199383,18403.798026879438,1258.4708696800553
2,25,15,17936.28042137623,15662.230560783244,2274.0498605929843
9,25,4,13573.47293573618,12940.64715175997,632.82578397621
10,7,20,16962.063049912453,16734.49086019804,227.57218971441398
11,27,20,18156.85713469982,15719.580642244258,2437.276492455563
2,23,3,12276.49528838694,13184.752478035505,908.257189648566
1,11,4,15845.610181719065,15009.420348954973,836.189832764092
9,22,21,16928.714564800262,16735.82971665699,192.8848481432724
2,4,14,17448.033270955086,16138.36389983262,1309.6693711224652
5,30,3,13641.828799933195,15264.824610441494,1622.9958105082987
11,26,17,18553.41850709915,15823.826707037386,2729.5918000617658
7,9,15,13977.053746759892,14279.361353860688,302.3076071007963
12,15,10,16086.522597521544,14951.891593622317,1134.631003899227
9,20,10,15646.30094024539,14235.484543793284,1410.8163964521063
11,7,15,14355.589154839516,14632.081021340342,276.4918665008263
9,18,19,17456.00006312132,16427.33138850222,1028.6686746190971
10,15,7,13261.63572821021,12839.723640871916,421.91208733829444
9,14,20,16747.301692962646,17145.79597475996,398.4942817973133
10,26,19,17616.554752647877,15707.193073564033,1909.3616790838441
2,22,3,12082.17318663001,12404.210526702765,322.0373400727549
1,9,3,15221.868918776512,14785.515875823794,436.35304295271817
10,3,16,17510.742333889008,17980.887543836518,470.14520994751
2,12,17,18678.593847990036,15909.429663731089,2769.164184258947
7,11,6,15000.663917303084,14401.983371892398,598.6805454106852
9,5,15,17483.565180420876,18589.00671340582,1105.4415329849435
4,3,22,18229.33911317587,16243.762652036556,1985.5764611393133
2,15,3,13328.276923507452,14285.449934318598,957.173010811146
4,28,5,16961.086988687515,15224.686428288343,1736.4005603991718
10,10,21,16696.32422977686,16616.498223773928,79.82600600293154
2,15,14,17614.766674101353,16078.892956749214,1535.8737173521386
9,22,3,13670.42042195797,13195.358331190919,475.0620907670509
9,30,4,14861.810595750809,16027.179020037405,1165.3684242865966
10,21,19,19392.650712251663,15737.773095281027,3654.877616970636
8,8,13,13550.119645655155,13732.441896542367,182.32225088721134
12,13,16,17612.730069041252,15568.089793252477,2044.6402757887754
10,2,18,17125.21045333147,15210.804124750943,1914.4063285805278
6,8,22,19596.147994577885,15570.015741315403,4026.1322532624818
5,21,14,13045.188410043716,13942.858628435984,897.670218392268
2,19,22,17725.6939817667,16405.350579926333,1320.3434018403677
4,27,16,15406.108267068865,16580.712844517864,1174.6045774489994
11,24,19,18603.56426769495,15952.415964454998,2651.148303239952
7,20,3,12357.34576153755,11541.4790825313,815.8666790062507
11,12,16,15795.851564735174,14769.870988781702,1025.980575953472
9,13,20,18413.41687822342,15984.249194711709,2429.1676835117105
8,11,19,13748.217012792826,13478.581626702256,269.6353860905692
2,16,21,18463.273101329803,16087.893604177927,2375.3794971518764
6,24,16,13694.95236748457,12660.004077261488,1034.9482902230811
11,9,16,17648.293967068195,15582.048632454367,2066.245334613828
9,24,10,12706.454974234104,12008.838919466576,697.6160547675281
9,1,13,15584.722960025072,14745.0257662275,839.6971937975723
7,4,22,19546.116244494915,15933.34633927964,3612.769905215275
7,28,3,13115.467073842883,12733.108537400287,382.35853644259623
12,26,13,17619.79626017809,15070.186178320253,2549.610081857836
8,7,15,16605.63624879718,16755.588787871337,149.95253907415827
2,17,18,18183.415022432804,15832.783662442076,2350.631359990728
9,12,3,13942.818194240332,13715.54498473455,227.27320950578178
8,27,3,12152.639065533876,10798.28180956575,1354.357255968127
3,5,13,16551.674006789923,16220.947180688203,330.7268261017198
3,14,12,15622.025313317776,14537.311850702446,1084.7134626153293
9,18,20,14989.949799865484,14296.394360030707,693.5554398347776
7,22,3,15124.669625163078,14892.573150905877,232.0964742572014
7,21,13,15773.823339283466,15626.425801849915,147.3975374335514
11,20,21,18347.764867663383,16145.923832981198,2201.8410346821856
3,25,2,11998.673814550042,12579.869406312908,581.1955917628657
1,11,7,16365.440294742584,15246.458639771623,1118.9816549709612
10,28,5,14010.979256302118,13532.654541053904,478.3247152482145
2,8,13,16377.931827872992,15891.754706957036,486.17712091595604
7,29,12,16337.6045050025,16085.646347521279,251.95815748122186
3,10,20,17974.20491117239,16273.691422597241,1700.5134885751486
2,22,4,12874.764634236692,13679.409822882064,804.6451886453724
1,13,3,15508.657852590084,14883.165731790412,625.4921207996722
4,27,3,12861.876524969935,11489.624355236456,1372.2521697334796
4,8,1,12517.759373307228,11973.92988515867,543.8294881485581
10,8,17,17071.200638592243,15776.1041679818,1295.0964706104423
11,23,20,18652.124543964863,15925.539939220525,2726.5846047443374
6,26,2,11941.138901382685,11826.564429786047,114.57447159663752
1,8,3,14748.526387304068,14897.747483505553,149.22109620148512
9,2,16,17704.210792183876,17703.5666460258,0.6441461580761825
2,9,17,18703.77950847149,16022.334022625897,2681.445485845592
9,10,3,14154.762917369604,14095.067271515305,59.69564585429907
8,26,4,12167.210060194137,10748.016676852483,1419.1933833416533
10,2,13,15395.71321502328,14675.838270264438,719.8749447588416
4,2,21,18683.991712629795,16052.185486680417,2631.806225949378
6,28,2,12666.808228507638,12562.336648159091,104.47158034854692
12,26,15,18509.314483463764,15122.907949400624,3386.4065340631405
7,7,15,16473.014134913683,16831.867865919165,358.8537310054817
2,21,18,18019.024166226387,15619.758352202096,2399.265814024291
9,18,3,14023.875567764044,13491.583306451035,532.2922613130086
8,25,3,12279.331402420998,10902.238917958457,1377.0924844625406
10,2,14,15458.288992285728,14791.804576218305,666.4844160674238
4,2,21,18876.64979404211,16085.073762882223,2791.576031159888
2,23,3,13342.244646713138,14425.324970261307,1083.080323548169
2,23,7,16864.172311246395,15282.87339727412,1581.2989139722758
9,8,21,16574.143920451403,16127.588230435247,446.5556900161555
12,17,20,18185.01773136854,16119.464475821931,2065.5532555466107
12,11,18,18379.915832281113,15621.147585418823,2758.7682468622897
7,24,3,12303.323028340936,11123.631969720203,1179.6910586207323
11,5,20,18924.429221332073,16185.585609002268,2738.843612329805
4,17,12,15518.470138669014,14284.833572065701,1233.6365666033125
9,12,16,15676.517827242613,16497.171054343606,820.6532271009928
2,17,15,18071.555125176907,15885.406206486168,2186.1489186907384
10,11,5,13562.659571737053,12742.300192315324,820.3593794217286
8,29,5,13717.233220547438,12522.592205712419,1194.6410148350187
1,17,2,14561.613123387098,14780.970566230559,219.35744284346038
9,12,21,17266.328400969505,16886.109744531477,380.2186564380281
2,19,14,17506.18765491247,16009.559357313945,1496.6282975985268
8,24,2,13455.440886616709,12988.515900784849,466.9249858318599
8,27,4,12785.027697786689,12026.826834767748,758.2008630189412
11,4,14,15424.654250562193,14329.2087217684,1095.4455287937926
10,8,21,18723.281047701836,15998.148458214855,2725.1325894869806
7,14,17,13181.569795027375,13212.958793014619,31.388997987243783
6,26,7,16470.541993290186,15294.803815680005,1175.738177610181
2,24,4,13182.641001716256,12646.728046587225,535.9129551290316
1,13,4,15230.707604289057,14883.772435408,346.9351688810566
10,2,16,17769.983375012875,18353.64204458276,583.6586695698861
11,12,21,19422.38120907545,15967.919564942706,3454.4616441327453
4,26,2,12134.47181840241,12056.927504577527,77.54431382488292
7,14,5,16401.892490506172,15269.727350071664,1132.1651404345084
7,25,12,15553.577994644642,14655.246634061923,898.3313605827188
3,16,3,13519.960174024103,12913.61929288768,606.3408811364225
10,3,16,16501.02176064253,17229.768425168924,728.7466645263958
3,16,13,17730.445513427258,16395.192203362523,1335.2533100647343
8,18,1,12887.69580502808,13702.234476177884,814.5386711498049
9,5,18,14757.71653687954,15109.500148126363,351.78361124682306
2,14,14,17791.286116302013,16066.045657525307,1725.2404587767069
6,24,17,14653.67087095976,14362.31897153936,291.3518994204005
11,27,19,17759.897955834866,15393.68898107575,2366.2089747591162
3,26,5,13392.521437376738,12444.3605390372,948.1608983395381
3,14,6,16137.34626954794,15077.719601457462,1059.6266680904773
9,4,21,16933.411141753197,16720.197825249677,213.2133165035193
4,8,12,17417.545711517334,16378.250281816936,1039.295429700398
6,25,1,12350.7585785985,12197.025004412972,153.7335741855277
9,1,12,14602.437499284744,14631.733689491484,29.296190206739993
3,18,14,17645.481434345245,15710.276565462676,1935.204868882569
9,7,5,13352.43033772707,13086.191028253446,266.2393094736235
9,12,20,16614.577871859074,16837.413801291685,222.835929432611
7,20,19,17535.798399686813,15983.633233956729,1552.1651657300845
2,22,2,11993.30670814216,12158.966220535322,165.659512393162
11,17,9,15731.184227705002,14099.385159955962,1631.7990677490398
11,12,21,18257.02234208584,16218.542131430457,2038.4802106553816
6,25,2,12361.490740865467,12617.117599221885,255.62685835641787
10,2,12,14801.222210377457,14139.261224413947,661.9609859635093
11,17,21,18185.270358979706,16097.165058198743,2088.1053007809624
8,13,14,17158.1299636364,18896.19948907902,1738.069525442621
2,12,21,18103.585517525673,16207.028442420316,1896.5570751053565
8,27,4,13726.619812697172,13173.760400792646,552.8594119045265
6,29,20,16177.58295816183,16710.09557899002,532.5126208281908
6,24,6,15974.766458034515,15240.680631163334,734.0858268711818
2,24,4,11984.304388836026,12416.786142719131,432.48175388310483
1,16,4,15186.62531647086,14862.70695693658,323.91835953428017
9,6,16,16681.40771764517,17520.770258894423,839.3625412492547
11,16,21,18822.770394206047,16026.490862828756,2796.2795313772913
5,27,2,11991.521295309069,11925.087763017757,66.43353229131208
3,13,3,15444.292356342075,14920.382549301861,523.9098070402142
10,2,17,18335.2671828866,17536.032078771408,799.2351041151924
9,8,22,19464.719300091267,15951.798521096254,3512.9207789950124
5,27,3,12840.237903788686,12768.55613347188,71.68177031680534
11,7,12,15737.77264097333,14268.863967232674,1468.908673740656
11,20,21,17721.968544721603,16050.767482679903,1671.2010620417004
5,21,7,13022.510775789618,14399.805348886475,1377.2945730968568
1,23,4,15111.818425774574,14792.377828261348,319.44059751322675
1,23,3,12890.865338295698,11704.774700593673,1186.0906377020256
3,14,4,15520.965656548738,14968.371184919388,552.5944716293507
10,8,20,16804.684250354767,16775.860738430896,28.823511923870683
9,12,15,17915.961943507195,16711.882783112596,1204.0791603945981
4,24,1,12211.889467820523,12434.29516073837,222.40569291784595
2,8,4,15536.17785781622,14930.494829924388,605.6830278918314
7,17,13,16732.716549515724,18363.804701880916,1631.0881523651915
2,19,20,18100.52363806963,16063.784596837233,2036.7390412323966
9,8,17,14313.00335752964,13676.489501483153,636.5138560464875
11,25,20,17875.261830866337,15929.791531852703,1945.4702990136338
7,19,5,12869.43074671924,12282.626877024937,586.8038696943022
3,7,2,14325.932887881994,13937.187549018452,388.7453388635422
11,5,18,16500.21056354046,14944.35905674597,1555.8515067944882
9,10,21,18753.053375720978,16089.294416489007,2663.758959231971
8,13,15,13484.32122591138,13609.076448295782,124.75522238440135
8,27,6,16286.78411385417,15273.670049702388,1013.1140641517813
8,14,18,14230.57826796174,13072.779542500104,1157.7987254616364
11,28,19,17402.173157334328,15827.078517507665,1575.0946398266624
3,23,5,12974.76579771936,12759.400211686643,215.36558603271624
5,20,5,16447.758345663548,15246.445029405942,1201.313316257605
7,23,14,16150.3397770226,15806.9972769758,343.3425000467996
4,14,13,17188.052391827106,15970.938152530534,1217.1142392965721
6,29,1,12881.710253104568,14334.978496458009,1453.268243353441
3,4,19,18902.00606018305,15873.68024964256,3028.3258105404875
2,20,5,13228.37849251926,12769.715841971029,458.6626505482309
1,12,2,15051.620054781435,14662.861242705698,388.7588120757373
8,6,16,17174.29484987259,17000.088237204127,174.20661266846218
11,13,21,19258.65637111664,15895.0262876613,3363.6300834553385
4,25,1,12086.984184205532,12160.992411481944,74.00822727641207
10,2,12,14490.90281906724,14285.218358110109,205.6844609571308
9,8,15,17525.448049604893,19127.258235258316,1601.810185653423
2,19,6,16228.305743187666,15202.698590164422,1025.6071530232439
1,23,13,13329.251139238477,15317.36910217345,1988.1179629349735
2,25,9,16164.65506824851,15336.55303919494,828.1020290535707
5,23,17,14679.994586020708,15436.084108827881,756.0895228071731
12,18,19,18607.481636106968,16077.337849739912,2530.1437863670562
3,24,3,12180.395499035716,11862.549235448048,317.84626358766764
2,6,4,15462.932254970074,14936.792957162706,526.1392978073673
10,2,16,17661.980970144272,17880.239075357524,218.25810521325184
10,9,21,19376.767981529236,15984.83795102882,3391.9300305004163
4,25,6,13196.136278480291,14949.598294652467,1753.462016172176
2,9,20,18344.39458566904,15996.743294504135,2347.651291164906
5,30,1,12430.063963234425,12323.006803524846,107.05715970957863
9,23,9,14362.53969502449,13376.024286110462,986.5154089140287
3,3,13,15593.112165242434,15470.448423836224,122.66374140620974
11,5,14,14747.399405688047,14526.401968898204,220.99743678984305
4,2,21,17953.609199106693,16366.300435806575,1587.3087633001178
7,23,13,13781.479374855757,13203.332287111021,578.1470877447355
2,15,7,16125.111465126276,15247.268665793861,877.8427993324149
1,23,7,12618.93673157692,12723.306760137659,104.37002856073923
1,17,7,15806.125634402037,15010.502285584114,795.6233488179223
9,10,9,14586.60972326994,13066.019174654764,1520.590548615175
11,2,17,14840.794931292534,14516.19630441588,324.5986268766537
6,4,21,18446.180546820164,16130.763450166281,2315.4170966538823
12,10,18,18195.625630378723,15654.654692760183,2540.97093761854
8,25,2,12169.598129317164,11046.368712710748,1123.2294166064166
6,4,15,16073.808374792336,15557.44749342819,516.3608813641458
3,14,10,16047.32020571828,14906.83019136927,1140.4900143490104
7,17,19,15963.034038066864,17200.924135993973,1237.8900979271093
11,27,20,18672.001743733883,15702.093292148784,2969.908451585099
2,15,17,13149.016512736678,12940.849173951314,208.16733878536434
6,22,7,15897.350449055431,15233.983711506424,663.3667375490077
4,28,1,12195.755134761332,14046.226479497353,1850.471344736021
11,20,18,18249.95369029045,16114.147235312823,2135.806454977628
3,24,5,12709.532847970724,12683.708450953021,25.824397017702722
2,10,6,16322.129833489656,15186.256525337169,1135.8733081524879
9,7,16,17241.821062028408,18093.56330066712,851.7422386387116
11,21,21,18662.6372975111,15912.828486924023,2749.8088105870775
4,26,3,12748.32307946682,14184.488115263137,1436.1650357963172
9,18,7,16304.014055132866,15108.38148709398,1195.6325680388854
11,25,21,16028.5392293334,16527.983181847856,499.4439525144553
9,27,2,13902.57371354103,13648.91410908103,253.659604460001
12,11,7,14811.557796508074,14123.494098879613,688.0636976284604
6,8,6,12562.201737493277,11757.25847932234,804.943258170937
4,11,11,16177.62601968646,15306.066545365435,871.5594743210258
9,8,15,16407.74065566063,15955.140762625304,452.5998930353253
12,19,20,19101.186527192593,16042.829483613852,3058.3570435787406
5,26,2,11961.050755426288,12040.94329650388,79.89254107759189
9,10,15,17385.142119288445,19126.336233942886,1741.1941146544414
3,9,21,18234.631989717484,16093.214421362874,2141.417568354609
8,27,5,13263.05347764492,12642.310210785718,620.7432668592028
8,28,12,13593.09709778428,13540.873255627448,52.22384215683269
10,3,15,15334.573642134666,14568.3879560948,766.1856860398657
4,2,21,18191.779621064663,16028.193226472573,2163.58639459209
4,19,14,13627.637771964071,14321.286911707193,693.6491397431219
3,12,21,18990.19688284397,15924.409968506438,3065.7869143375337
9,16,11,14663.762441784143,13739.829148349181,923.9332934349623
9,15,14,15571.781126379969,16908.26664945189,1336.4855230719204
11,23,20,18457.42657661438,16071.295310717936,2386.1312658964434
3,16,12,13015.703774020076,13425.799205902658,410.0954318825825
2,19,7,15418.424273222685,15081.643481092418,336.7807921302665
2,27,9,12802.61238400638,12613.337832441652,189.27455156472752
2,23,21,18735.020849645138,16046.952135855352,2688.0687137897858
10,16,21,17275.4877923131,16477.39735258833,798.0904397247687
11,12,19,17925.70205026865,16050.650795217876,1875.0512550507738
3,18,13,13438.970468610523,13510.996220953202,72.02575234267897
2,18,6,15586.280556887388,14996.90786254869,589.3726943386973
2,25,4,12699.961091265082,12135.608639778464,564.3524514866185
2,12,5,15802.286596953869,14977.4779703249,824.8086266289683
9,9,21,17068.544767796993,17355.569104557482,287.02433676048895
2,5,13,18038.421537578102,16586.656062660157,1451.7654749179455
7,26,1,12056.07236622274,11502.034661618998,554.0377046037411
5,28,19,14751.749850004911,14944.917399167844,193.16754916293212
5,27,7,14118.066296190023,13770.681734395575,347.384561794448
7,18,12,13596.220083594322,13997.309898173145,401.0898145788233
10,2,15,14936.99314698577,14962.851783262682,25.858636276912875
3,24,14,17644.626765608788,15827.816645911904,1816.8101196968837
9,15,5,13453.60318478942,12598.596090538114,855.0070942513048
9,11,20,16804.52389743924,16874.50597657445,69.98207913521037
11,28,20,18002.498383402824,15652.91687775774,2349.5815056450847
2,23,3,12126.907343909144,12888.432900637337,761.5255567281929
2,9,6,16209.633445888758,15075.611636277366,1134.0218096113913
9,7,15,16708.79935851693,17196.39734169787,487.5979831809382
11,14,21,18871.099368572235,15973.40219437319,2897.6971741990455
6,27,2,11991.332849875093,11906.640250981076,84.69259889401656
11,23,11,17401.605565428734,15034.600675260903,2367.004890167831
9,5,17,17194.332812666893,16833.34176833689,360.9910443300032
2,8,18,17478.898131370544,15844.914033461768,1633.9840979087767
9,26,22,14556.289488613604,15148.775423492432,592.4859348788286
6,30,4,13188.98745022714,13137.935011033875,51.052439193264945
3,23,4,13858.401201575994,12641.902591115082,1216.4986104609125
7,29,3,13069.815911144018,12590.83601166007,478.9798994839475
9,19,5,15799.911651343107,14663.609327176073,1136.3023241670344
6,7,15,15867.72494032979,14765.918010559977,1101.806929769813
2,11,14,17424.22557926178,15949.303592085833,1474.921987175947
7,29,4,13119.689974024892,14846.03711054322,1726.3471365183286
3,17,3,13417.65173304081,12728.032844110967,689.6188889298428
7,18,11,16809.806521236897,17633.25625831589,823.4497370789941
11,23,20,18903.416837751865,15805.777045568935,3097.6397921829303
5,25,12,14001.737022787333,14596.35180439856,594.614781611228
2,19,6,15624.213658988476,15022.417836912471,601.7958220760047
2,26,4,12651.861368253827,11995.73142671734,656.1299415364865
2,10,4,15608.85873952508,14933.093735903358,675.7650036217219
9,22,21,16650.34846520424,16702.131167570802,51.78270236656317
11,3,15,15554.32398429513,14772.230903862326,782.0930804328036
11,23,20,17067.713065207005,15970.751090976051,1096.9619742309533
8,28,6,13292.11857138574,13556.108459031624,263.98988764588466
10,3,14,14883.25154402852,14378.61423087349,504.6373131550299
10,13,21,18224.03475356102,16070.46001084661,2153.5747427144106
7,27,2,12076.448874622583,12141.861443131937,65.41256850935315
10,2,14,14712.2612015903,14502.480027074032,209.78117451626713
11,18,21,18324.21390467882,15965.604451053221,2358.6094536256005
7,26,2,12137.957136183975,11928.964638570735,208.99249761324063
12,21,12,17414.967761576176,15048.14785753434,2366.819904041835
10,3,18,17088.09469997883,16069.306869927985,1018.7878300508437
4,3,22,19028.57167315483,15806.729181125698,3221.8424920291327
6,27,1,13024.399536281824,12582.165736099689,442.2338001821354
2,4,5,16216.042641192676,15126.690104851725,1089.3525363409517
10,2,16,17108.22698801756,16656.337287667622,451.8897003499369
2,12,17,18581.52496927977,15947.24623447754,2634.2787348022302
12,10,18,18273.853246569633,15646.640705436992,2627.2125411326415
9,6,15,17435.684866130352,18018.222003994593,582.5371378642412
6,3,22,19211.07051563263,16186.224445229656,3024.846070402973
3,19,11,13327.130461677909,13713.721384617555,386.5909229396457
2,21,6,15424.521375000477,15015.808244922928,408.71313007754907
3,28,12,12675.524701312184,12758.015195134649,82.49049382246449
3,16,12,16798.610524833202,16219.406985815209,579.2035390179935
9,23,4,12162.171451702714,11710.263134520086,451.9083171826278
8,21,10,14188.451383471487,13463.734104634928,724.7172788365588
8,27,3,15358.008544057608,15063.641883674947,294.3666603826605
8,27,13,15813.836518079042,15675.277402973757,138.55911510528495
2,16,14,17488.492239058018,15752.894222396782,1735.5980166612353
9,17,3,13892.376744508743,13577.195440654607,315.1813038541368
8,27,3,12549.946017473936,11620.453754226835,929.4922632471007
12,19,20,18684.501889169216,16116.13563046061,2568.3662587086055
9,22,14,15400.076782852411,14682.59770998728,717.4790728651315
11,23,4,13286.750644758344,12259.666333224573,1027.0843115337702
7,24,2,12111.912500813603,11677.074079548136,434.83842126546733
10,2,11,14484.056856870651,14617.056105102132,132.99924823148103
3,21,14,17509.709677517414,15552.595129168381,1957.1145483490327
9,9,2,13089.815323621036,13241.871036056484,152.05571243544728
9,23,3,11965.286984175444,10644.127727669062,1321.159256506382
4,3,20,17212.978862941265,15463.753021707633,1749.2258412336323
10,1,15,17249.274396777153,16729.018867550643,520.2555292265097
4,28,3,12690.710655555127,11394.453224468605,1296.257431086522
4,9,2,12842.600546106696,12379.43067042818,463.1698756785154
6,25,3,12601.875140354035,11292.966579623397,1308.9085607306388
12,19,20,18152.53621828556,15920.839293839686,2231.696924445874
11,12,20,16162.351071625948,15574.879650955449,587.4714206704994
10,3,17,16637.262683033943,16897.87421560281,260.6115325688661
11,14,21,18936.431493520737,15952.721470626928,2983.710022893809
4,27,3,12528.9358894974,13259.482402452672,730.5465129552722
11,4,11,15236.681263029575,13914.629781009882,1322.0514820196931
3,20,16,16642.189741671085,15456.367793054354,1185.8219486167309
10,19,5,13083.947473198175,12477.673734650718,606.2737385474575
7,22,20,16604.421913802624,17576.295771136924,971.8738573342998
3,5,21,18414.19526654482,16092.662210780016,2321.533055764803
5,28,16,13360.652013108134,12953.978913834224,406.67309927391034
11,29,18,17950.66379082203,15925.623616612742,2025.0401742092872
8,5,19,15743.325527101755,15038.975752954782,704.3497741469728
7,12,14,15244.64764508605,14481.707710923085,762.9399341629651
11,22,21,18390.967470049854,15971.935551640287,2419.031918409568
7,25,1,11919.113956809044,11979.031214775114,59.91725796606988
6,5,20,17926.31885534525,16113.985074183183,1812.3337811620659
4,13,11,15375.278265982866,14553.650425868276,821.6278401145901
8,29,2,12656.091650411488,12613.5403275612,42.55132285028776
3,1,20,17714.66613036394,16262.517163300341,1452.1489670636001
10,10,17,14661.419894844294,13608.165663953045,1053.2542308912489
10,4,17,17676.913886666298,18435.58122938053,758.6673427142305
2,8,21,18827.822126209736,16060.27633232475,2767.545793884987
8,28,2,13211.98353470862,12138.182357617488,1073.8011770911307
10,2,14,14646.348361223936,14727.606298775621,81.25793755168525
4,22,13,17248.203190088272,15660.783677280433,1587.419512807839
9,12,1,12800.08549273014,13397.483955268051,597.3984625379107
10,20,4,12254.552570819857,11320.486621230368,934.0659495894888
9,1,12,15386.942197620869,14554.452219663355,832.4899779575135
5,3,22,19202.729703366756,16141.1952270664,3061.534476300356
2,21,4,13476.874452918768,15061.744106173044,1584.8696532542763
4,30,6,16689.007871687412,15219.913167622875,1469.094704064537
5,21,8,13618.36478021741,12879.98272529147,738.3820549259399
10,2,15,15061.194477200508,14560.158339889706,501.0361373108026
6,4,21,18853.115235447884,16042.321544599155,2810.793690848728
8,27,2,12429.44613288343,12115.382637626106,314.06349525732367
10,2,15,14917.227907180786,14582.503144099952,334.72476308083424
11,17,21,18381.89748263359,15976.264067486149,2405.633415147442
7,27,3,12500.784930408,12396.863531601384,103.92139880661489
12,26,14,17878.158846199512,15102.747215223255,2775.4116309762576
9,4,16,16481.97011181712,16711.468793156902,229.4986813397809
9,8,22,19177.553885519505,16098.028942920111,3079.5249425993934
3,26,3,12416.00027434528,12442.239361925102,26.23908757982099
1,12,3,15394.293415039778,14909.296260514997,484.99715452478085
9,9,21,17313.20804744959,16742.143769179936,571.0642782696523
4,28,3,12555.656385749578,11258.530905380552,1297.1254803690263
11,6,17,15078.671304553747,15171.04397663365,92.37267207990226
7,13,19,17163.00452822447,15948.345027743599,1214.6595004808696
5,20,17,13594.778137683868,13126.549865738492,468.22827194537604
7,27,6,16118.72974717617,15195.10479411372,923.62495306245
4,28,1,11966.015749216078,13862.197207191435,1896.1814579753573
10,24,18,17715.12381285429,15915.278705838362,1799.845107015928
4,7,18,13613.190425395966,13004.280865980076,608.9095594158898
4,27,11,17213.282344162464,16039.107927074088,1174.1744170883758
8,28,2,13633.727081656456,13781.470893012209,147.74381135575277
11,16,16,14825.595443427565,14075.366208160753,750.2292352668119
12,17,16,17676.73671925068,15608.126018254734,2068.610700995945
9,7,17,16796.393061369658,16124.231104519828,672.16195684983
3,24,16,18619.556907832623,15614.842625488105,3004.7142823445174
10,7,7,13693.715886563064,13109.455466841995,584.2604197210694
12,11,11,16587.183360219,15111.665586454974,1475.5177737640279
6,13,10,15414.52617996931,14274.062311083067,1140.4638688862433
2,6,12,16448.36120700836,15126.700216820494,1321.6609901878674
10,14,9,12922.74050410092,12254.701988286435,668.0385158144854
9,2,15,15284.751458138227,15145.728846624894,139.0226115133337
7,7,21,19435.503901124,16003.02735507896,3432.47654604504
4,27,6,13923.953965574505,15265.400716485727,1341.446750911222
5,18,20,18922.950365543365,15855.244397532559,3067.705968010807
5,29,1,11789.201643154023,11499.99809801675,289.203545137274
8,10,15,17350.233576655388,19095.5257278524,1745.2921511970126
2,14,21,18337.90500885248,16144.19729359426,2193.7077152582187
10,7,16,14625.262978106735,14308.661595516225,316.6013825905102
12,13,7,14685.867357760668,14407.311719687012,278.55563807365616
11,8,21,16753.23434072733,15723.250128966107,1029.9842117612225
10,13,15,15329.941862523556,14368.938979564336,961.0028829592193
5,18,12,15012.377062112091,14029.888221435733,982.4888406763584
9,21,18,15170.378408282995,15645.47920335132,475.10079506832517
7,15,6,12844.013784334064,12460.863317980564,383.1504663534997
12,14,16,17679.83468836546,15474.937641733282,2204.897046632177
11,5,20,16534.953011721373,15259.404995352386,1275.5480163689863
10,2,17,16446.435331583023,15803.55671538308,642.8786161999433
6,3,21,18251.718802690502,16141.754170128723,2109.9646325617796
5,15,12,13412.15544205904,13905.034841000732,492.87939894169176
5,27,17,18350.05984187126,16413.598461037738,1936.4613808335234
8,25,3,13961.23745381832,13592.006762448227,369.23069137009225
9,25,5,13356.984196484089,12219.205183988437,1137.7790124956518
1,5,2,14043.192147493362,14782.898463686439,739.7063161930764
10,2,16,17381.199324071407,17422.06043871631,40.861114644903864
10,10,22,19589.397587955,15951.059460892538,3638.338127062463
4,27,2,12553.814377769828,12715.21982042527,161.40544265544304
2,14,10,17781.69200861454,16743.535202317675,1038.1568062968654
11,22,20,16338.396016836166,16241.435744831555,96.9602720046114
11,5,17,14032.70810163021,14003.27891655124,29.429185078970477
10,3,17,17399.037458121777,17775.432819779744,376.39536165796744
3,7,22,19175.43525850773,15953.894698491029,3221.5405600166996
10,10,14,14582.898229956629,13952.070480066757,630.8277498898715
12,14,15,15373.17768380046,15095.375901347308,277.80178245315255
8,1,15,16411.198701143265,15299.116497719098,1112.0822034241664
5,4,22,19367.487197697163,16129.671150185868,3237.8160475112945
3,20,10,12941.652920663357,14380.776324005012,1439.123403341655
1,26,4,14790.80460229516,14680.794137409825,110.01046488533575
2,24,3,12538.620836496351,11546.72225428182,991.8985822145314
1,10,3,14708.696117460728,14758.915253660973,50.219136200244975
9,3,16,17977.68920367956,19061.016172662166,1083.3269689826047
2,13,17,18636.223768413067,15930.10908593792,2706.1146824751468
9,20,4,14493.34133169055,14266.322766011146,227.01856567940376
8,23,16,13384.078507781029,13176.922993958398,207.15551382263038
3,22,11,16819.938282817602,16055.828919160433,764.1093636571695
9,22,14,14805.828153073788,15647.200495837707,841.3723427639197
11,28,20,17385.543206632137,15810.811017651371,1574.7321889807663
9,15,5,13168.920369639993,12588.188213403955,580.7321562360376
8,28,2,12842.269177421927,11752.257547425026,1090.0116299969013
1,6,2,14003.206856161356,14758.595375657742,755.3885194963859
5,11,12,15035.862817645071,14484.312811612508,551.550006032563
3,12,13,15540.202264875174,14759.571658167264,780.6306067079095
10,21,4,12495.378453463316,11363.175368161039,1132.203085302277
7,26,3,12596.11330330372,11703.382700737398,892.730602566322
5,12,4,14485.794491916897,13884.727549805473,601.0669421114235
8,15,9,12643.573870256543,11594.807166945104,1048.7667033114394
9,1,14,15702.463831216097,15180.320769515998,522.1430617000988
5,3,22,19494.505571842194,16126.779766350532,3367.725805491662
6,27,1,12228.147243916988,11922.401186638137,305.74605727885137
12,24,14,18133.65968632698,15125.731324829267,3007.928361497714
8,7,15,16568.028363734484,16074.792891021521,493.2354727129623
2,3,18,16946.374711215496,15824.94428157974,1121.4304296357568
9,25,21,14517.929052144287,15421.247870895,903.318818750713
8,15,7,13148.348033830523,12901.755133497381,246.5929003331421
6,30,5,12619.637814208863,12690.724129236489,71.08631502762546
10,3,11,15223.349825114012,14155.324353479957,1068.025471634055
5,3,21,18659.70583295822,15926.241571905426,2733.4642610527953
9,24,3,12742.557141318915,11952.832386012979,789.7247553059369
12,18,12,17034.331771314144,15128.67198565551,1905.659785658634
11,6,21,16053.07117486,15124.767508154353,928.3036667056476
11,2,17,16255.915152341127,15130.886890225316,1125.0282621158112
6,27,12,17007.94612967968,15513.443034980144,1494.5030946995357
10,15,6,13740.03368267417,13054.031941027817,686.0017416463525
9,9,20,16721.767029076815,16868.759514482277,146.9924854054625
10,28,20,17681.79583323002,15645.255901310697,2036.539931919322
2,22,3,12152.636604875326,12831.95403823893,679.3174333636034
2,13,20,18909.54633820057,16043.937152791483,2865.6091854090864
8,26,13,15790.474615693092,15343.364406618388,447.11020907470447
4,13,3,14011.100648790598,13470.407571636693,540.6930771539046
9,19,3,12244.247127756476,11279.03578111371,965.2113466427672
6,8,13,14735.358173072338,14637.680668005782,97.67750506655648
11,11,20,18175.248916924,15950.955281273044,2224.2936356509563
3,23,4,12795.755758956073,13887.804304853315,1092.0485458972416
11,24,7,16614.39414268732,15408.430217530582,1205.9639251567387
11,26,21,15885.331362366676,16502.85840488816,617.527042521484
11,3,19,14850.46162840724,14400.244249476493,450.21737893074715
9,4,16,15846.97584721446,16085.388632695578,238.41278548111768
10,14,21,19100.108758747578,16013.859387496645,3086.249371250933
4,22,8,12920.755367815496,14489.753476448976,1568.9981086334792
1,24,5,14806.497862309216,14717.136217719384,89.36164458983149
2,26,3,12411.146420300009,11557.544152130933,853.6022681690756
11,3,11,14607.940352022648,14386.252034685524,221.68831733712432
11,20,21,18372.819293022156,15882.577210562198,2490.2420824599576
7,26,3,12729.490019142628,12455.226334089719,274.26368505290884
12,25,14,18032.77514642477,15113.642443751165,2919.1327026736053
5,12,21,14167.577206879854,14072.74186568083,94.8353411990247
2,4,13,17331.064226329327,16453.782615526638,877.2816108026891
8,21,3,12818.47194352746,11540.861791512634,1277.6101520148259
4,3,21,18472.41936916113,16110.245836166212,2362.173532994917
10,2,15,16344.772403359411,15925.578614328126,419.19378903128563
11,16,20,18415.4132925272,15979.970741220974,2435.442551306225
6,27,2,12232.379781678315,12107.56670658463,124.81307509368526
12,10,17,18058.188007712364,15629.340640101449,2428.847367610915
8,8,13,17555.84620511532,18904.24033511376,1348.39412999844
2,22,17,18235.274221599106,15658.013152723768,2577.2610688753375
9,17,3,13975.35589236021,13683.894117123094,291.46177523711594
8,27,3,12394.96533472836,11411.521042499087,983.4442922292728
1,8,2,14007.475278526545,14736.137539175668,728.6622606491237
6,10,14,15551.522114425898,15257.909911041383,293.61220338451494
2,10,15,17887.985896229744,16156.070312380867,1731.9155838488768
9,25,1,12434.76300084591,12000.10192210375,434.6610787421596
10,2,14,14856.425854623318,14668.54547478808,187.88037983523827
10,12,21,18522.0106613636,16187.667295075284,2334.343366288318
6,27,1,12201.758731514215,12151.664028608955,50.09470290526042
2,5,5,15398.4925288558,14985.275599315424,413.21692954037644
10,5,16,15552.712663054466,15141.31537414829,411.397288906177
7,3,22,18857.883171498775,16113.35149204478,2744.531679453996
9,15,15,13565.843253791332,13315.452469652124,250.39078413920834
2,9,22,18683.52336728573,16030.102100583597,2653.421266702131
3,24,4,13770.346535354853,12865.596466471663,904.7500688831897
2,12,2,15269.234545320272,14649.133854865657,620.1006904546157
9,2,17,18193.449588000774,18147.06480322759,46.38478477318495
10,10,22,19593.692257344723,15992.755324265667,3600.936933079056
5,27,2,12185.493368387222,11992.285344844353,193.20802354286934
1,5,3,14919.977693110704,14826.75722487183,93.22046823887467
5,6,14,15361.824205249548,14860.718833031207,501.10537221834056
10,4,16,17727.668250143528,18577.480126043672,849.8118759001445
3,7,22,18856.986671566963,15996.584705496945,2860.401966070018
7,23,1,13210.000654026866,13466.841208424079,256.84055439721305
10,19,5,12693.706302285194,12196.272690096279,497.4336121889155
11,3,15,15415.857396245005,14616.162216303808,799.6951799411963
10,14,21,19427.588782787323,15851.882720493946,3575.706062293377
4,25,2,12766.086573541164,13116.208553506642,350.1219799654773
2,18,3,15552.97472319007,14946.466986658696,606.5077365313737
5,18,14,16092.746423214674,15445.72295551319,647.0234677014832
2,11,15,17701.645965754986,16043.917572070917,1657.7283936840686
9,11,2,13554.81376194954,13500.594904613481,54.218857336058136
9,28,5,12479.105503305793,11369.426666933035,1109.6788363727574
6,28,4,16077.952944010496,15145.577034997834,932.3759090126623
8,21,12,14570.910311609508,14317.756179648022,253.1541319614862
2,7,11,17308.513931155205,16503.90259885909,804.6113322961137
8,20,6,12943.743250101805,11994.32039818939,949.4228519124154
11,26,3,15468.842346698046,15059.643756582016,409.19859011602966
8,23,14,15850.252214074137,15153.61656794056,696.6356461335763
11,14,21,18130.957883238792,16205.337759704655,1925.6201235341377
8,25,1,11984.902944028378,12186.094875246352,201.19193121797434
2,5,3,14707.996880322697,14761.600725359129,53.603845036432176
8,5,15,15685.681729793549,15485.318373315326,200.36335647822307
11,24,21,17776.801859855652,16306.342793141066,1470.4590667145858
7,29,21,14965.787363231182,15342.106842879155,376.3194796479729
12,10,18,18431.428078591824,15571.787385913009,2859.640692678815
9,6,14,17477.184692800045,18237.817823815683,760.6331310156384
2,13,17,18467.651433110237,15915.486201175963,2552.165231934274
9,11,4,13901.284738570452,13829.375369923398,71.90936864705327
8,28,6,12647.143875703216,11597.73731332384,1049.4065623793758
3,9,13,16847.89013361931,16607.164630558367,240.72550306094126
9,17,8,13147.370537221432,12623.204991077331,524.1655461441005
5,20,2,12228.19215093553,11412.203727242071,815.9884236934595
9,25,4,15364.276661604645,15140.932291111247,223.34437049339795
8,22,14,15871.789538145063,15364.103671586512,507.6858665585514
11,14,21,18446.65873479843,16028.387726411178,2418.2710083872535
7,26,1,11930.30708244443,12140.849697758198,210.5426153137687
1,7,2,14553.040599107742,14759.332335724923,206.2917366171805
9,2,16,17305.915475726128,17911.637848572413,605.722372846285
10,9,22,20111.815903663635,15771.365475377519,4340.450428286116
6,20,12,12946.154080316424,13414.036599669364,467.8825193529392
3,22,17,17477.02146911621,16000.995651743324,1476.025817372887
4,28,1,12811.691803947091,14636.88582823275,1825.194024285658
11,23,19,18219.03141450882,15933.007309262093,2286.0241052467263
3,23,4,12698.635616526008,12567.192777425269,131.44283910073864
2,7,4,15930.42703139782,15045.42954700766,884.99748439016
6,13,14,16525.7628621459,16880.351129023205,354.5882668773047
10,11,20,19012.665156066418,15955.58700822284,3057.0781478435783
8,21,15,13444.363001823423,13169.591391572649,274.77161025077476
10,3,17,17397.33632284403,17772.41686422971,375.0805413856833
3,7,22,18977.368649601936,16024.74463174699,2952.624017854947
8,28,2,13143.724046304822,12023.832662153138,1119.8913841516842
12,20,13,17276.17759692669,15183.761545402183,2092.4160515245057
7,15,12,15265.771578520536,14357.57368091009,908.1978976104456
11,4,15,15537.32247415185,14387.851553147602,1149.4709210042474
5,3,21,18017.75774729252,16509.466212518833,1508.2915347736853
4,25,12,14016.230711758137,15315.917007759223,1299.6862960010858
4,17,20,19307.619375169277,15806.573455179541,3501.045919989736
5,29,1,12312.12623935938,12299.431178782725,12.695060576656033
9,25,8,14572.8119905591,13620.844610570644,951.9673799884549
5,13,3,15195.521827459335,15080.2431709068,115.27865655253481
10,7,21,16505.765910327435,15994.305242478758,511.46066784867617
11,2,16,15662.548668652773,14601.654085976897,1060.8945826758754
11,17,20,18148.213661432263,16100.044644588523,2048.16901684374
8,27,3,12636.967617213726,12649.853425617292,12.885808403565534
5,4,21,17725.442174375057,16268.566823120702,1456.8753512543553
5,17,10,15430.210417568684,14732.477013284022,697.7334042846614
6,15,14,16963.498434066772,18413.429576141214,1449.9311420744416
11,16,19,19444.96759390831,15941.501865465752,3503.4657284425575
3,16,11,13589.379042714834,14096.953525395513,507.57448268067856
2,20,5,15293.644278138876,14807.925480012176,485.71879812669977
1,23,3,12886.05864687264,11543.483017844277,1342.5756290283625
11,2,10,14584.875369101765,14307.776718404044,277.0986506977206
12,10,18,18433.20139318705,15569.550298831628,2863.651094355422
7,23,3,12449.835559740664,11115.226594264648,1334.6089654760162
7,1,12,14403.730298936369,15698.692092066229,1294.9617931298599
3,26,14,18324.56577885151,15512.497503331777,2812.068275519732
4,25,11,13519.760860681534,15325.262095936514,1805.5012352549802
2,23,21,17361.852806329727,16087.811414366937,1274.04139196279
11,13,20,15640.276017785072,14628.770202188962,1011.5058155961106
8,15,13,15852.81581017375,17399.392717224848,1546.5769070510978
10,18,20,18284.38896626234,16152.47095065401,2131.918015608331
2,17,6,13383.486104235051,14817.644237566448,1434.158133331397
2,25,5,15655.560398370028,14846.65688815355,808.903510216478
2,27,3,12719.203236073256,11881.7889946227,837.414241450555
11,3,11,15273.101060122252,14108.392115480001,1164.7089446422506
11,14,21,18118.97037500143,16071.43189585814,2047.5384791432898
8,26,2,12669.813307762144,12643.115151811107,26.698155951036824
8,23,5,15917.43065315485,14935.451388181335,981.9792649735155
10,7,21,16406.33767017722,16090.57983450142,315.7578356758022
2,4,13,17708.742505013943,16508.200363416185,1200.542141597758
6,30,19,15066.668622255323,15643.92270096708,577.2540787117559
2,11,11,18350.36086243391,16262.017807733864,2088.343054700046
8,23,3,13681.740681618452,13283.347731377025,398.39295024142666
6,23,12,15928.09719786048,16433.793660547202,505.69646268672295
11,25,20,18271.452464044098,15808.39341911042,2463.059044933678
2,24,4,12511.647917687891,13890.500758484375,1378.852840796484
5,27,20,14957.660628259182,15157.007725709613,199.34709745043074
2,24,2,14209.43013805151,13611.10605813795,598.3240799135601
3,28,3,13282.663695961235,12382.654054686927,900.0096412743078
2,10,5,15458.764309495687,14861.65609338999,597.1082161056984
10,3,16,18077.751883625984,18884.382758943422,806.630875317438
7,4,22,19851.35355567932,15833.449130360168,4017.9044253191532
3,24,2,12885.440406411886,13097.594957299967,212.15455088808085
1,10,3,15964.259856134651,14980.317204490724,983.9426516439271
6,10,14,16299.799767255785,16143.176187716328,156.62357953945684
2,20,15,17892.825191378593,15897.670303630272,1995.154887748322
9,10,18,15446.994159430264,14469.475256020927,977.5189034093364
3,21,19,16261.501257359982,15623.76820510163,637.7330522583507
11,12,20,16569.112693935633,14736.336261786171,1832.7764321494615
8,28,7,12938.178470790386,11963.585744126634,974.5927266637518
10,27,4,15786.8742621243,15170.683008401436,616.1912537228636
9,9,16,15856.85908228159,16166.94643237637,310.08735009478005
8,25,16,17462.773435890675,15917.451992248556,1545.3214436421185
10,4,13,14282.918935984371,14168.069538340338,114.84939764403316
9,2,16,15074.113754808905,15330.33875791506,256.2250031061558
3,20,14,18083.24161285162,16101.309210835943,1981.9324020156764
10,13,6,13576.456484228373,12995.885513794181,580.5709704341916
7,22,4,12894.520851626992,11661.71857938545,1232.8022722415426
2,6,2,13958.397853851318,14795.6346639249,837.2368100735821
5,15,11,15032.53067585826,14509.10786691386,523.4228089443986
11,9,14,17062.367694616318,15365.366032125983,1697.0016624903346
9,26,2,12021.641806513073,10990.800089617242,1030.8417168958313
8,1,13,15236.899441421032,15830.76448204553,593.8650406244979
9,13,22,19651.00263541937,15992.72748806116,3658.2751473582084
6,27,2,12313.871461436152,12002.178583547215,311.6928778889378
12,24,12,17440.353555619717,15054.982454262192,2385.371101357525
6,14,13,15318.530148386955,14856.541636952956,461.9885114339995
11,5,14,16021.45130237937,14737.086435386602,1284.364866992768
6,4,22,17289.235491633415,16389.569351065617,899.6661405677987
8,12,15,14122.258028030396,13857.3399673964,264.918060633996
2,13,8,16047.87590444088,15349.669429684316,698.2064747565637
7,25,18,13233.650863572955,13019.563772462778,214.08709111017743
2,14,21,17999.973747730255,16295.195199666148,1704.7785480641069
2,10,14,14219.59142753482,14071.537005432085,148.05442210273577
3,18,10,16930.023635149002,16212.717030839933,717.3066043090694
8,26,4,12547.041825219989,11898.202221399264,648.8396038207247
9,7,20,17452.25248014927,17410.70962566727,41.5428544819988
11,25,20,18168.41648834944,15820.375070789843,2348.041417559598
3,20,15,13311.153405711057,12803.39212132166,507.7612843893967
2,14,9,15974.383415520191,15385.986048811948,588.3973667082428
2,26,3,12545.701791584492,11953.638355332003,592.0634362524888
1,12,4,15372.320144295692,14885.273739184875,487.04640511081743
10,3,16,17297.173576116562,18173.376795635348,876.2032195187858
11,13,21,19339.724407494068,15956.528452156106,3383.195955337962
5,29,6,12990.942782193422,13054.791815505463,63.849033312040774
5,18,6,15289.473051786425,14167.661609399942,1121.8114423864827
3,26,3,13392.170793533323,12182.55261189073,1209.6181816425942
2,10,4,15391.524353951216,14791.731848058438,599.7925058927776
8,6,16,16595.958888828754,17540.147974256877,944.1890854281228
3,5,17,17006.02025425434,15965.094829707386,1040.9254245469547
9,20,21,14430.520308792591,14878.671695674328,448.15138688173647
8,21,16,14412.77116855979,14403.20878027266,9.56238828712958
2,12,5,15401.293578505516,14915.348912779924,485.94466572559213
8,17,11,13395.407174691558,12474.795701924526,920.611472767032
10,1,16,16137.900737941263,15296.104263606454,841.7964743348093
7,6,22,19570.357012093067,15964.883945847014,3605.4730662460533
8,21,4,12902.27684737742,12132.659340938397,769.6175064390227
12,17,9,16042.975502938032,14888.376095118734,1154.599407819298
9,1,17,17765.54188632965,16510.51462948051,1255.0272568491418
6,4,22,19595.23919135332,15910.914912874581,3684.32427847874
7,27,2,12657.241803228855,11831.217379813208,826.0244234156471
11,2,15,14986.385946065187,14554.590863933607,431.7950821315808
11,17,21,18193.14528656006,16046.445354228368,2146.6999323316904
7,26,2,12090.008538618684,11928.770117819431,161.2384207992527
12,24,13,17866.158214449883,15104.638957265628,2761.5192571842545
7,8,14,15513.477462470531,14883.785459925035,629.6920025454965
3,11,17,18091.543874800205,15880.559141705528,2210.9847330946777
6,29,1,12992.781099185346,14278.127504021297,1285.346404835951
5,27,20,15054.69464763999,15257.16635098663,202.47170334664042
3,21,11,14758.00976535678,14047.700483254639,710.3092821021401
5,21,21,14805.18797174096,15199.99752801469,394.8095562737308
5,14,4,12542.355911120772,12101.846321961631,440.5095891591409
7,29,3,12720.507180050015,12147.94231593646,572.5648641135558
1,8,2,14037.140157788992,14786.198128323591,749.057970534599
10,2,16,17081.40006828308,17004.170983909604,77.22908437347724
10,8,22,19495.779372751713,15890.380784268262,3605.398588483451
4,27,2,12475.596809267998,12519.799257505565,44.202448237567296
3,5,12,16834.939687669277,16414.67309809495,420.26658957432664
11,14,20,16864.890003323555,16229.022762125369,635.8672411981861
7,14,3,12507.259743273256,11698.086480739135,809.173262534121
12,17,14,17675.16763931513,15256.860518997726,2418.307120317402
7,16,13,15369.951760441065,14453.826568352899,916.1251920881659
3,6,15,15510.188792318106,14917.883698466994,592.3050938511115
10,22,4,12579.4954508394,11448.473635696406,1131.0218151429945
7,29,3,12889.868361473083,12408.241622607173,481.62673886591074
5,27,4,16363.89992249012,15168.02536163441,1195.8745608557092
7,25,14,16433.863006830215,16997.32361061226,563.4606037820449
11,17,20,18603.26078647375,15972.810499717572,2630.4502867561787
3,25,2,12088.188061401248,12664.845356451584,576.657295050336
1,9,5,16205.073025375605,15138.532357313301,1066.5406680623037
9,7,21,17306.825099170208,16982.155738379577,324.6693607906309
3,14,13,17707.57287198305,16495.25289027421,1212.3199817088425
10,3,17,17652.748579263687,18301.202466153263,648.4538868895761
2,8,22,18857.79868888855,16058.851234860167,2798.9474540283827
6,28,4,14040.542428344488,13694.145318009705,346.39711033478306
11,3,12,15251.26107504964,14020.300957598427,1230.9601174512136
4,25,14,16877.049757659435,15496.014532380486,1381.035225278949
9,9,4,13582.272660821676,13068.412096518356,513.8605643033206
6,17,13,15672.86456951499,16072.178704596336,399.31413508134574
11,28,20,17849.110772013664,15708.604898862686,2140.505873150978
4,21,14,12853.598049387336,12606.594350016132,247.00369937120377
5,25,7,15923.607726335526,15224.079975918963,699.5277504165624
5,28,1,12488.350197479129,14248.356949288212,1760.0067518090837
11,17,18,18467.37747979164,16139.81387321981,2327.5636065718318
3,22,4,12470.124714761972,12159.501662458872,310.62305230310085
1,9,3,14933.349731892347,14877.129074062532,56.220657829815536
7,7,15,16285.02023178339,16477.371907130037,192.35167534664652
10,12,20,19007.829141795635,16022.50058337576,2985.3285584198748
8,20,14,13619.528671711683,13286.958904447889,332.56976726379435
2,8,21,18670.406416773796,16000.778734793352,2669.6276819804443
5,26,2,13280.373027905822,12131.494541012753,1148.8784868930688
2,9,2,14955.853684663773,14566.750668187458,389.1030164763142
6,6,15,16343.447338730097,15500.43692846063,843.0104102694677
2,18,15,17278.49963837862,15881.13930447032,1397.3603339083002
6,29,1,13300.540585383773,15091.168618089618,1790.6280327058448
2,9,20,17411.725433826447,16187.72921650173,1223.9962173247168
7,11,7,15288.26855942607,14584.354373442175,703.9141859838946
9,25,2,11979.34308603406,11231.277915490979,748.065170543081
8,1,14,15695.00065383315,16069.740287364972,374.7396335318208
7,8,22,19796.016625761986,16046.642089001765,3749.3745367602205
2,20,4,12952.485559821129,15144.34472988346,2191.859170062331
2,19,10,17754.15313833952,16511.010741644026,1243.1423966954935
7,27,5,12395.052893161774,11971.116544093995,423.9363490677788
6,23,4,13235.991770073771,12851.629868917265,384.36190115650606
10,2,12,14417.493582427502,14414.977771395836,2.5158110316660895
6,3,21,18783.843596160412,16060.695223761119,2723.1483723992933
3,14,11,12705.251097038388,13923.775623530079,1218.5245264916903
1,22,5,15194.00688201189,14881.211135679703,312.79574633218726
1,22,3,12581.687692552803,11518.583400306094,1063.1042922467095
5,6,12,16603.90722605586,16275.322360820099,328.58486523576175
3,14,12,16035.0845810771,14728.424136348493,1306.6604447286081
9,17,3,12798.695630759,11809.25223317918,989.4433975798202
3,12,2,14514.6863142848,14742.675341811766,227.9890275269663
10,2,17,17617.148591578007,16776.139380884724,841.0092106932825
10,14,22,19349.15939259529,15973.706588460345,3375.452804134946
5,26,2,12144.49100485444,11924.561667560069,219.9293372943721
2,4,20,18228.887172222137,16128.88867140146,2099.998500820677
10,2,15,16552.130048841238,15545.511853358823,1006.6181954824151
11,11,21,18418.00354576111,16033.483663605992,2384.5198821551166
5,24,11,13145.546779125929,14228.551092096357,1083.0043129704281
12,10,18,18443.286812365055,15551.445638965735,2891.84117339932
9,6,15,17515.53323608637,18344.616092876015,829.082856789646
2,16,17,18476.203862011433,15843.683532963807,2632.5203290476256
11,2,18,14845.73347300291,14568.930007728319,276.8034652745919
11,22,4,12876.372879654167,12608.997390331757,267.37548932241043
8,1,15,15924.808117598295,14921.090880001835,1003.7172375964601
8,12,22,19599.15902042389,16192.096314212851,3407.062706211038
5,26,2,12862.354302838445,12578.071114922252,284.2831879161931
12,27,15,18241.75395578146,15112.807882361154,3128.9460734203058
9,5,16,16590.62295076251,16902.528779434506,311.90582867199555
9,7,22,19426.481486439705,15854.196600471732,3572.2848859679725
3,26,3,12931.582880601289,12881.803124096234,49.77975650505505
1,16,2,15578.313764721155,14860.832099141802,717.4816655793529
6,15,15,16676.88133624196,15845.5378450151,831.3434912268604
2,15,15,17825.755841493607,15990.775478572887,1834.98036292072
9,22,11,15905.26351684332,14943.942960494125,961.3205563491956
2,20,2,13857.250843703749,13497.336073673017,359.91477003073123
9,19,20,16391.296894788742,16042.463287402994,348.8336073857481
11,20,19,18271.42047548294,16045.742663455889,2225.677812027052
2,19,3,12242.329864636064,12365.212394775628,122.88253013956455
2,8,6,16255.76546227932,15164.140269250443,1091.6251930288763
7,10,15,16785.701910078526,17784.087736537964,998.3858264594382
9,16,19,18661.066577136517,16294.42798131182,2366.6385958246974
4,26,3,13130.53614680469,13661.252179306084,530.7160325013938
3,15,3,13603.55120563507,13047.108058939239,556.4431466958322
10,12,4,12630.668741434813,11696.203100612935,934.465640821878
9,1,16,16540.497285544872,16315.31589583799,225.18138970688233
4,4,22,19633.267028808594,16243.934740900551,3389.3322879080424
2,20,3,13132.355393692853,14479.144365247335,1346.7889715544825
11,18,6,15827.262281239033,14645.571769629494,1181.6905116095386
10,22,20,16698.937449157238,16713.703942913562,14.766493756324053
8,25,11,14691.250868558884,14497.407609086593,193.8432594722908
8,29,3,14234.445602983236,13482.036297627346,752.40930535589
8,20,14,13790.12571889162,13928.432993889297,138.30727499767636
12,19,13,16694.475865095854,15223.377744912235,1471.0981201836184
9,1,18,17734.712295353413,16416.650548470072,1318.0617468833407
4,3,22,19192.111961722378,16118.389214201683,3073.7227475206946
3,18,10,12812.025018125772,14088.891708258567,1276.8666901327942
2,25,5,15110.866150915625,14839.48622950815,271.3799214074752
10,15,19,14129.604734241962,13507.375911297097,622.2288229448659
6,17,19,17411.501513898373,16050.017251507938,1361.484262390435
8,6,19,14048.751185268164,13579.69122026001,469.0599650081531
5,28,11,16879.197092354298,15808.102475877258,1071.0946164770394
8,25,3,13093.503850787876,12978.445798834278,115.0580519535979
8,18,6,13436.33633363247,12558.105894894676,878.2304387377935
2,4,2,14026.85337471962,14766.779407801467,739.926033081847
9,6,18,15795.907339662312,15154.083442686504,641.8238969758077
3,8,11,16738.02911132574,16012.20934883742,725.8197624883214
3,18,2,13334.088588893414,12372.459122254922,961.6294666384911
5,28,1,12822.127251803877,12421.351454949327,400.7757968545502
9,22,3,15385.187748074532,15004.58336612236,380.604381952171
8,26,21,17357.456429719925,17274.45027129203,83.00615842789557
2,18,11,18030.134039580826,16417.862307070412,1612.2717325104131
8,17,2,13620.229139178991,13867.11239998388,246.88326080488878
10,12,7,12908.32863202691,12154.683206073456,753.6454259534548
10,8,2,14036.841597884892,14441.553679204882,404.71208131999083
10,7,15,15137.749665796757,14751.264431647956,386.4852341488004
11,17,20,18613.83669692278,16031.87521981492,2581.9614771078595
7,7,18,13750.571863025429,13796.612249163201,46.04038613777266
2,15,21,18711.063877999783,15925.98749449425,2785.076383505533
2,22,5,13917.919610589744,13255.247376088668,662.6722345010767
10,3,11,14449.686788350344,14128.151645463166,321.53514288717815
10,13,21,18326.18489217758,16055.950654112106,2270.2342380654754
7,26,1,12371.165435120463,12274.388593189511,96.77684193095229
12,25,13,17874.98787754774,15088.567705171892,2786.420172375849
9,2,16,17255.090573370457,17417.97786529604,162.88729192558458
2,18,19,18020.28484362364,15502.909998754512,2517.3748448691294
9,24,5,14169.982090502976,13909.34086636526,260.64122413771474
8,20,17,13758.44802093506,13464.335774430323,294.1122465047374
4,28,5,15803.192529410124,15184.798016894703,618.3945125154205
2,25,4,13375.411863312123,12901.810050287218,473.6018130249049
2,13,5,15798.427054017782,14990.13670948964,808.2903445281427
4,24,3,13096.915963977575,11884.455333879574,1212.4606300980013
12,3,14,15702.965395450592,14741.419117956322,961.5462774942698
9,3,18,17815.469468533993,16844.499710680193,970.9697578537998
4,2,22,19272.72887736559,16043.353241848827,3229.3756355167625
5,27,1,12047.25049521029,11722.673798715554,324.5766964947361
11,2,12,14746.27447462082,14266.544880778103,479.729593842716
3,19,14,17243.69854450226,15679.835912434048,1563.8626320682106
10,17,7,12998.97949807346,12868.512593985832,130.4669040876288
7,20,5,13166.382815510036,12018.913459751453,1147.4693557585833
2,5,4,14659.393542528152,14838.71204839169,179.3185058635372
10,2,16,17020.693161189556,16710.34502225934,310.34813893021783
10,11,21,19135.46842211485,15951.161959442015,3184.3064626728337
6,27,2,12313.861003637314,12131.546961469003,182.31404216831106
9,19,5,15894.013796061276,14841.776716910714,1052.2370791505618
10,2,17,17885.302137970924,16452.526626651343,1432.7755113195817
2,18,18,18298.642741024498,15578.062943702223,2720.5797973222743
10,23,5,14179.343255847692,13650.622491467147,528.720764380545
8,25,21,16098.921445846558,17118.819533335776,1019.8980874892186
2,6,21,18333.246982216835,16194.64867340254,2138.598308814295
2,22,5,13576.46468642354,13487.669834592878,88.79485183066208
1,13,4,16081.78049838543,14954.881374635344,1126.899123750085
9,5,21,17477.83020555973,16932.143002733574,545.6872028261569
9,9,18,18577.908621430397,16300.834701366875,2277.0739200635217
8,11,16,13829.775540441276,13651.952797974833,177.82274246644374
3,17,2,13373.812435254456,12470.52056585743,903.291869397026
10,3,16,16208.499492406843,16903.37514291232,694.8756505054753
3,10,14,17788.55068421364,16403.43981380767,1385.1108704059698
9,13,20,15796.01724907756,14728.508336497856,1067.508912579704
4,24,1,13644.512148082256,13720.77298759639,76.2608395141342
3,27,3,13040.226492077112,12386.125841284153,654.1006507929596
2,11,3,14893.740101099014,14758.87582008613,134.86428101288402
10,3,17,17959.99542826414,18215.71488102795,255.7194527638094
3,15,17,18774.00916415453,15918.135517427008,2855.873646727521
8,26,2,12651.729517966509,11987.369489751958,664.3600282145508
12,21,13,17783.608041405678,15131.450630837737,2652.157410567941
8,9,15,16358.40363150835,15217.112821472077,1141.290810036273
11,11,15,16287.202425807714,15178.311877784061,1108.8905480236535
4,3,21,16766.140084713697,16098.940495142217,667.1995895714808
7,28,3,13533.24321898818,13333.443470240074,199.79974874810614
1,12,2,15033.418563485146,14680.726456920293,352.692106564853
6,17,19,14853.818376779556,14944.984101809196,91.16572502963936
11,2,16,14804.09666967392,14314.263558689414,489.83311098450577
11,18,20,18083.3876119256,16008.747036107787,2074.6405758178116
8,27,4,13014.868380442262,12948.894132967742,65.97424747451987
10,3,15,14810.35822546482,14465.078005456717,345.28022000810415
2,15,15,17415.920856654644,15728.134579555339,1687.7862770993052
11,24,8,13029.876962214708,13120.321792777055,90.4448305623464
7,19,16,14157.087419480084,13502.017754420145,655.0696650599384
10,3,17,17435.00572437048,17838.66433965235,403.6586152818709
2,13,21,18794.94280666113,16116.447099758945,2678.495706902184
6,22,13,13243.14839041233,12976.728992479879,266.41939793245183
11,28,20,18331.07011961937,15843.307801704888,2487.762317914481
10,3,21,15988.069188266993,14853.057594057702,1135.0115942092907
9,4,15,16218.484024584292,16397.078586518615,178.5945619343238
4,3,22,18983.653991758823,16120.901619061722,2862.7523726971012
2,22,3,13152.242436096072,14072.966110427382,920.7236743313097
11,9,6,15065.6392467618,13371.748069838892,1693.891176922909
4,27,14,16126.916768282652,15144.155737668978,982.7610306136739
10,20,6,13217.563693135977,12752.350874425108,465.2128187108683
6,30,1,13692.705376118422,15261.511227410554,1568.8058512921325
2,21,10,18303.77895563841,16166.38642922054,2137.392526417869
8,26,4,13348.403059899809,13324.966503125623,23.4365567741861
8,23,4,13730.997734367847,12648.339205462038,1082.6585289058094
2,4,4,14822.285037457945,14873.786185407696,51.50114794975161
10,2,16,17342.329121172428,17607.39363235477,265.06451118234327
10,8,22,19494.707345843315,15948.435224683477,3546.272121159838
3,22,6,12765.054532334208,14689.04035770333,1923.9858253691218
4,29,7,15951.407836526632,15198.13772323319,753.2701132934417
6,29,3,13413.0248747468,12625.884441057806,787.1404336889937
2,10,3,14878.559478282928,14780.066557037768,98.49292124516069
5,4,15,15267.213934540749,15025.75979428217,241.45414025857826
11,5,15,15442.134358793495,14204.878751239785,1237.2556075537104
12,10,18,18323.427314162254,15632.153251342274,2691.274062819981
9,6,14,17465.333341002464,18218.4754647059,753.1421237034374
2,17,17,18367.62812370062,15810.91115096087,2556.7169727397486
9,16,5,14083.009293824434,13962.18858963167,120.82070419276351
8,27,8,12958.488131299617,12086.20512555176,872.2830057478568
11,5,14,15679.617436796429,14396.9094355751,1282.7080012213282
4,2,21,17968.74635028839,16167.852374908189,1800.8939753802024
8,28,1,12311.725562125444,12144.213688641736,167.51187348370877
10,2,13,14628.192802220585,14578.669200985356,49.52360123522885
11,16,21,18165.78932523727,16078.530991910744,2087.2583333265266
5,17,11,12605.815885022284,13582.45828142247,976.642396400186
1,22,5,15085.047691076994,14791.342267447762,293.7054236292315
11,14,19,14437.443781733513,13573.985964483678,863.457817249835
11,28,20,17486.175118923187,15771.143712734525,1715.031406188662
3,25,5,12946.37759013474,12920.595540832148,25.782049302591986
2,9,20,18583.805179536343,15786.104462370644,2797.7007171656987
9,11,14,15730.994346886871,15434.835904183154,296.1584427037178
4,6,14,14922.70779377222,14821.808238254169,100.89955551805178
8,15,20,15285.192326128485,15779.03330509466,493.8409789661746
7,29,3,14086.2069196105,15793.268776426343,1707.0618568158425
8,25,8,16992.651496350765,15472.99911102223,1519.6523853285344
2,24,4,12294.385096266866,12183.31565100612,111.06944526074585
2,10,12,18041.25621622801,16914.202712924543,1127.0535033034648
10,9,19,16452.903172582388,15662.455023189143,790.4481493932453
3,20,3,13245.661543011664,12231.826423816263,1013.8351191954007
11,5,19,15043.049170941114,14601.462347939168,441.58682300194596
12,9,13,16921.27353334427,15272.045935776863,1649.2275975674056
9,1,18,18377.40185946226,17481.504590464927,895.8972689973343
5,18,20,19158.67571312189,15938.825918125542,3219.8497949963494
9,15,7,13518.815557688476,12822.194893193966,696.6206644945105
12,14,8,15709.84703719616,14789.663625221498,920.1834119746618
11,5,20,16658.19222444296,15302.76865186645,1355.4235725765084
2,6,12,16219.086885929108,15308.69582562894,910.3910603001677
8,24,20,16052.652862906456,17691.899741869587,1639.2468789631312
4,6,21,18983.910720467567,15629.235317783718,3354.67540268385
8,19,19,13574.922263622284,13006.491151451493,568.4311121707906
2,10,21,18351.335283219814,16232.646730716388,2118.6885525034268
1,15,6,14282.840605020525,14042.143322948717,240.69728207180742
2,19,5,16615.966913610697,15140.132010757206,1475.8349028534903
10,4,16,16805.17392140627,17673.723341440545,868.5494200342764
11,16,21,18743.063102006912,16023.292576971202,2719.7705250357103
5,21,11,12896.81808143854,13703.647086125186,806.8290046866459
2,23,5,15079.084285080433,14714.201078419293,364.8832066611394
2,25,3,12852.20962280035,11647.175258878158,1205.034363922192
11,3,10,14645.411260426044,14209.307472351098,436.10378807494635
11,19,20,18344.807156085968,15910.821882283806,2433.985273802162
5,14,17,13197.710074678063,13688.214702957734,490.5046282796702
5,17,21,18979.09111058712,15849.858029404473,3129.233081182647
12,11,18,18415.68642562628,15586.883212996596,2828.8032126296857
8,26,7,12535.643234595656,11717.226238436391,818.4169961592652
9,1,13,14796.371842265127,14624.257734375886,172.1141078892415
6,4,22,19141.23948663473,16082.954395066485,3058.2850915682466
7,27,1,12575.954973295333,12277.097229276293,298.8577440190402
6,3,14,15291.941502422094,14628.585623867812,663.3558785542828
2,12,15,16958.587779819965,15663.938159295987,1294.6496205239782
9,11,3,13099.34586429596,12791.417826470017,307.92803782594274
9,22,5,12337.0974124372,10667.413071532834,1669.6843409043668
10,1,13,15449.03199481964,14755.633834655058,693.398160164581
4,2,22,19031.17176902294,16091.002579820375,2940.1691892025665
7,28,1,12250.491458937526,12053.349915191013,197.14154374651298
11,3,15,15103.554304033518,14452.585923545797,650.9683804877204
2,14,15,17159.028104007244,15714.495220483841,1444.5328835234031
10,27,12,13106.662632495165,13651.125898519911,544.4632660247462
9,9,11,13224.45620279014,12554.385533117118,670.0706696730213
12,11,12,15810.755773574114,15177.90810508457,632.8476684895431
9,1,17,17502.43761128187,16770.2875183141,732.1500929677713
2,21,17,18489.471732914448,15809.13574088749,2680.3359920269577
9,13,5,14183.471010565758,13851.742118901499,331.7288916642592
10,8,20,16828.76548525691,16637.784957014996,190.98052824191473
11,27,20,18488.964017033577,15800.953438830753,2688.010578202824
3,25,4,12538.079491615295,13612.03142884295,1073.9519372276554
11,9,9,15137.520004332066,13664.403821608981,1473.1161827230844
4,27,3,12824.376703828571,11635.64004254158,1188.7366612869919
12,5,15,16267.974019676449,15141.588229646446,1126.3857900300027
9,16,16,17296.344334185123,17239.407933322313,56.93640086281084
2,25,15,18243.3714286685,15643.693902688996,2599.677525979503
9,23,5,13753.084195405245,13178.755508817916,574.3286865873288
9,8,20,16782.164303302765,16840.826266261236,58.66196295847112
11,27,20,17907.443143606186,15683.69183861587,2223.7513049903155
2,23,3,12366.628390863538,13598.314032046257,1231.6856411827193
2,20,21,18950.534347891808,16067.564429900423,2882.969917991384
7,20,2,13996.783717125654,13423.523789387122,573.2599277385325
12,10,19,18969.96862912178,15898.49829273862,3071.4703363831595
6,29,12,16644.089370071888,15483.674017612819,1160.4153524590693
11,17,20,18637.412266492844,16158.52732956214,2478.8849369307045
2,19,5,13111.981140896678,14725.276252331492,1613.2951114348143
1,23,4,15796.814092338083,14867.348526071499,929.4655662665846
3,27,3,12844.083913102746,11674.137806170871,1169.946106931875
2,8,12,17672.98093408346,16861.505696237844,811.4752378456178
4,20,11,14921.43973439932,14131.189859032293,790.2498753670279
8,12,15,15581.88048928976,15640.323580889088,58.44309159932709
4,5,20,17621.053656697273,16370.357622446245,1250.6960342510283
2,21,3,12221.669560283422,12715.720766496048,494.0512062126254
10,2,11,14499.298996150494,14262.541530039609,236.7574661108847
3,17,14,17207.035552322865,15664.890537462617,1542.145014860247
9,18,6,13219.49879603088,12879.309584336086,340.1892116947947
4,28,4,12691.778171256185,12087.718602704266,604.0595685519183
3,19,5,13771.975901424885,12666.795825463176,1105.180075961709
6,21,12,15581.255892127752,15599.998016195997,18.742124068245175
11,22,21,18485.35505115986,16079.05488995132,2406.300161208539
3,19,15,12804.930734470488,12840.303024794337,35.372290323848574
2,20,9,15895.428674727678,15367.640825664486,527.787849063192
6,29,3,13269.469029650092,14735.588311437683,1466.1192817875908
11,20,20,18481.901926994324,16100.67562309482,2381.2263038995043
3,22,4,12377.151602208614,12317.600708827398,59.550893381216156
2,7,6,16273.319800376892,15121.723245718016,1151.596554658876
7,9,15,16283.942463338375,16928.132752495225,644.1902891568498
3,7,15,16374.773982733488,15805.488589550816,569.2853931826721
10,19,5,12436.15757907927,12110.331162220262,325.82641685900853
7,26,3,13182.754602119328,12566.440766002122,616.3138361172059
1,8,4,15005.039788424969,14993.921906452379,11.117881972590112
10,10,21,15921.988202899694,16072.912736384804,150.92453348510935
2,5,12,16678.99914303422,16423.352173323477,255.64696971074227
9,13,21,15873.663739740849,16357.862383411924,484.19864367107584
2,14,12,18009.020769000053,16295.814909891973,1713.2058591080804
9,16,4,13798.9197024405,13154.607550481776,644.3121519587239
8,25,4,12913.891155734658,11914.009051430232,999.8821043044263
12,24,11,17149.107548952103,14990.558202525028,2158.549346427075
9,2,18,17518.52703732252,17433.720901842877,84.80613547964458
2,20,19,17869.04948824644,15430.853145338384,2438.196342908057
9,10,15,17370.26989901066,19105.57953023105,1735.3096312203925
3,24,5,16261.9868273139,15175.254447590163,1086.7323797237368
2,25,5,13216.907517522572,14419.98110777571,1203.0735902531378
2,26,21,18756.374444544315,15892.266966925654,2864.1074776186615
7,26,12,15829.358762323856,15642.207428439797,187.15133388405957
11,12,20,17866.4772798419,16105.154669001637,1761.3226108402632
3,14,11,12787.613439813256,13617.311310543906,829.6978707306498
2,17,8,15640.87559825182,15235.89477859875,404.9808196530703
5,28,2,13063.396463096142,14534.95937628174,1471.5629131855985
11,19,19,18463.611851990223,16166.902201883182,2296.709650107041
3,11,17,13287.715017855167,12794.753035008991,492.9619828461764
8,26,6,15756.281714588404,15119.175785126878,637.1059294615261
2,23,4,13027.51411484182,12488.117380332878,539.3967345089422
3,6,12,17539.742015123367,16745.50584905006,794.2361660733077
3,17,11,15264.746714234352,14405.402704942935,859.344009291417
8,29,3,14079.50777670741,15649.415833060879,1569.908056353468
8,25,3,16537.20533451438,15309.152815716852,1228.0525187975272
4,28,3,13390.065905198457,14820.33946963709,1430.273564438634
11,19,17,18418.51864361763,16015.688999796923,2402.829643820707
4,21,3,12277.993419334292,11833.002717922756,444.99070141153607
8,24,4,16046.91296672821,15160.994760798812,885.918205929398
10,2,16,17390.33656948805,16949.492254476005,440.8443150120438
3,10,17,18237.69797027111,16017.347620646831,2220.3503496242793
9,15,4,14135.71044832468,13528.111755156753,607.5986931679272
10,5,16,17717.277709305286,18857.216108251818,1139.9383989465314
2,11,21,18662.704555511475,16122.256182029107,2540.448373482368
4,25,6,13995.649353533983,14660.910444969624,665.261091435641
8,21,19,18595.98543936014,15868.676412319852,2727.30902704029
5,29,1,11800.686766937377,11229.826927543418,570.8598393939592
10,8,20,14985.484114706516,14091.288073238466,894.1960414680507
2,19,12,16858.193321079016,16331.199366067514,526.9939550115014
8,25,5,12605.35123066604,12613.864649933346,8.513419267306745
8,18,7,13228.175078079104,11828.47400716269,1399.7010709164151
10,1,13,14936.628559410572,14677.054042696982,259.5745167135901
3,22,14,17686.54654467106,15750.803360560856,1935.7431841102025
10,8,5,13695.592958927156,13343.95149722292,351.64146170423555
8,25,3,12357.957235187292,10841.835528269006,1516.1217069182858
10,2,14,15522.250530421734,14816.081349639946,706.1691807817879
4,2,21,18868.580474436283,16075.292700522781,2793.287773913502
3,18,9,13126.704491332172,14678.490607326363,1551.7861159941913
2,16,21,18439.56629663706,16193.366630616429,2246.1996660206296
10,4,19,15329.375911056995,14675.743903271274,653.6320077857217
9,24,9,12571.796460345386,11798.329037831532,773.4674225138533
5,2,21,17700.091649770737,15219.528315165408,2480.563334605329
8,26,11,15207.5388635993,14494.493980066627,713.0448835326733
9,6,20,15175.584751665592,15365.280922489133,189.69617082354125
7,15,4,12129.448794081807,11188.645333905817,940.80346017599
12,9,20,18616.814093768597,16195.544642229606,2421.2694515389903
4,14,3,13901.596832096577,13321.722620424403,579.8742116721733
10,4,16,16618.014591634274,17022.324105885084,404.30951425081
3,10,14,17949.608168303967,16425.70164356285,1523.9065247411163
5,26,14,14727.825687140226,14703.808351058957,24.017336081269605
2,20,21,16998.07806867361,16281.25795552708,716.8201131465303
11,14,20,16028.035614550114,14692.091142091786,1335.9444724583282
8,26,8,13066.865991652012,12252.062265399843,814.8037262521684
2,5,5,15180.38918748498,14772.303086665417,408.0861008195625
5,4,14,15126.664809137585,15055.805736834911,70.85907230267367
12,18,21,18690.04493266344,15996.31200591226,2693.7329267511814
9,21,8,15228.671409338713,14205.456546689898,1023.2148626488142
2,8,20,18673.58476740122,15854.56935820625,2819.015409194968
6,22,19,13794.420798391104,12906.35079475584,888.0700036352646
4,28,9,16838.314480870962,15942.166101091329,896.1483797796336
8,23,2,13420.72714611888,13382.496334765836,38.230811353043464
9,20,4,13041.263454601169,11546.520534123736,1494.7429204774326
3,3,21,17616.340675354004,15159.771023748634,2456.5696516053704
8,27,11,15340.85488319397,14596.532406695564,744.3224764984061
9,17,21,14695.807187974451,14851.879046979111,156.07185900465993
8,12,20,15907.28986915946,16124.139323537587,216.84945437812712
11,28,20,16461.77015566826,15913.563590170097,548.2065654981616
7,23,2,11956.62054476142,12116.502584914399,159.88204015297924
8,12,20,16333.923769921064,17177.802980704142,843.8792107830777
2,20,11,18173.163098692898,16479.04901381742,1694.1140848754767
12,10,18,18362.051451206207,15625.7320689183,2736.3193822879075
7,24,3,12292.414928987622,11075.60713396187,1216.807795025752
9,18,3,15689.598688095808,15056.499923928064,633.0987641677439
10,8,21,15873.594021081924,15031.866881774966,841.7271393069586
11,2,16,17051.00847452879,15930.275411379547,1120.7330631492423
10,10,20,18661.320024967194,15992.03853293114,2669.2814920360543
4,21,10,13221.049010917544,14327.299502959608,1106.2504920420633
2,10,22,18414.302715301514,16191.599759551631,2222.7029557498827
9,4,17,15280.440384358168,14652.145296991657,628.2950873665104
9,3,15,15909.50856295228,16701.603468765767,792.0949058134865
4,3,22,18984.25685310364,16125.47167648782,2858.785176615822
3,26,2,12293.413341194391,12371.376995018403,77.963653824012
5,24,5,16704.523144066334,15244.308457451612,1460.2146866147214
9,10,21,16490.450361400843,15805.794892549402,684.6554688514407
4,20,11,15809.598033726215,15297.886752874834,511.71128085138116
11,2,20,15090.304477959871,14730.975082234341,359.32939572553005
12,9,19,16965.73271203041,15730.411755195108,1235.3209568353032
11,10,21,17471.443156182766,16296.669024669092,1174.7741315136736
4,21,12,15179.285582125189,14355.770397839642,823.5151842855466
10,15,21,15735.25579738617,15566.17428458425,169.08151280192033
6,25,11,15749.037125706673,15737.765336049557,11.271789657115733
2,14,12,17708.060082376003,16102.075020882095,1605.9850614939078
4,30,1,13284.342275202274,14896.172360054825,1611.8300848525505
2,16,2,14144.952271729708,13452.206690352552,692.7455813771558
12,10,18,18435.19206595421,15561.230530550867,2873.9615354033413
7,25,4,12403.773262009025,11185.728089918897,1218.0451720901274
3,6,14,17734.312028229237,15956.43274080232,1777.8792874269166
10,4,16,16619.74115371704,15598.315289853981,1021.4258638630599
11,20,20,19200.22147208452,15889.308390164822,3310.913081919696
7,19,8,13235.043186202643,12920.745057050466,314.29812915217735
12,19,16,17803.017716050148,15436.706195697747,2366.311520352401
9,2,16,17263.79802376032,16076.056951732868,1187.741072027451
2,19,18,18002.860100209713,15537.930702759732,2464.9293974499815
11,6,17,15112.394219875336,14728.011144824706,384.3830750506295
11,18,6,13774.130618095398,13608.06537156774,166.06524652765802
12,6,20,17724.16509258747,16228.741045731758,1495.4240468557127
10,2,16,17336.666325628757,17046.51061959072,290.15570603803644
10,5,21,18552.87552177906,15889.822576917772,2663.052944861289
6,28,2,12609.78902836144,12436.322101659247,173.46692670219272
9,22,4,15557.52037975192,15008.361906048463,549.1584737034573
10,2,16,16040.11785814166,15350.444030809394,689.6738273322662
11,11,21,18495.119764506817,16035.287490330373,2459.832274176444
5,23,11,13136.02464570105,14019.313732769408,883.2890870683568
2,8,21,18164.08244842291,16043.754216882524,2120.328231540385
10,19,14,14756.153198480606,14027.965936157783,728.1872623228228
9,28,9,13704.867181003094,12995.19991979688,709.6672612062139
1,7,3,14067.986153155563,14642.857150132239,574.8709969766751
10,2,17,17628.747315764427,17716.634385589157,87.88706982473013
10,3,17,17576.088402569294,18109.66248226321,533.5740796939172
3,19,18,18211.07364475727,15993.889866073425,2217.183778683846
2,20,3,13244.91227248311,14222.043652816257,977.1313803331468
1,17,6,16295.875837087631,15178.36186874989,1117.513968337742
9,28,4,14032.229093432426,14044.798233085676,12.569139653249294
1,3,11,17682.094393134117,16592.5544546715,1089.539938462618
9,17,9,12915.306649565697,12280.064041261216,635.2426083044811
9,2,15,15092.456323862076,15259.40318636581,166.94686250373343
6,5,22,19072.941447913647,16299.3066291652,2773.6348187484473
6,27,1,12015.558033302426,11823.552413375948,192.00561992647818
10,2,14,14851.153073459864,14427.31094952988,423.84212392998415
11,18,21,18230.14210808277,15955.123073775454,2275.0190343073173
5,23,6,12732.452446982265,14426.723058513657,1694.2706115313922
2,15,20,18024.030786156654,16085.367257525982,1938.6635286306719
10,9,20,15043.34362974763,14525.715058671589,517.6285710760403
9,30,3,13558.36408212781,13947.35599121055,388.9919090827407
2,15,21,18526.200342655186,15978.571183055887,2547.629159599299
1,13,11,14312.172475159168,15574.09061162714,1261.9181364679716
5,29,4,16728.99521356821,15072.183952508956,1656.8112610592543
7,27,2,13620.599878400564,13868.184555514434,247.58467711386947
11,13,17,18906.863400161263,15802.37498315609,3104.488417005172
2,16,8,13038.274779736996,13604.560094477722,566.2853147407259
5,27,5,16978.733191370964,15233.459604634447,1745.2735867365172
6,25,5,13129.624472811818,11807.233833271293,1322.3906395405247
4,28,3,12724.364057272673,11472.545627866168,1251.818429406505
11,4,17,15617.158950924872,15771.419103842676,154.2601529178046
10,10,20,17949.826346695423,16052.584431088264,1897.2419156071592
5,26,2,12072.828015565872,12054.671473713895,18.156541851976726
10,2,12,14503.58054202795,14292.399318217354,211.18122381059584
11,16,21,18263.61690700054,15972.110333748209,2291.5065732523326
7,25,2,12233.23383525014,11918.63017182437,314.6036634257689
12,22,11,17113.466550290585,15011.3529437053,2102.1136065852843
9,1,16,17425.389470756054,16997.95538235904,427.4340883970144
5,4,22,19359.753347873688,15833.257637538578,3526.49571033511
4,23,12,12797.017461627722,13921.99541882348,1124.9779571957588
3,26,9,16062.918730378153,15380.548577160444,682.3701532177092
5,29,3,12765.118304401636,12090.393477524656,674.7248268769799
1,12,3,14700.63705059886,14792.603718361765,91.96666776290476
9,2,16,17676.916347324848,18192.579810444196,515.6634631193483
10,9,22,19580.39567875862,15957.173117531063,3623.222561227558
5,22,11,12823.398181945086,13816.136196537045,992.7380145919597
2,8,21,18112.768695235252,16062.692758981362,2050.07593625389
6,29,3,15268.461488425732,14999.839896264784,268.62159216094733
12,24,12,16710.46768501401,14967.359581972505,1743.1081030415044
9,16,15,16440.867681503296,15861.914247679348,578.9534338239482
11,17,21,18251.435826957226,16343.122761336215,1908.3130656210105
3,17,12,12716.467393875122,12943.282442943539,226.81504906841656
2,19,7,15367.676881611347,15097.692371663697,269.9845099476497
4,21,13,15753.676697403193,17210.745570293646,1457.0688728904533
2,22,3,15088.50286579132,14923.251792114588,165.25107367673263
4,27,2,12627.7760322541,14281.817814918328,1654.0417826642279
11,19,18,18572.93234962225,16049.343477502116,2523.5888721201336
4,23,3,12266.123202487826,11846.138030728396,419.98517175943016
1,11,2,14438.592909276484,14823.30344476341,384.71053548692726
10,3,17,17716.806083083153,17650.493479594636,66.3126034885172
3,16,17,18928.162860572334,15884.180812158842,3043.9820484134925
8,26,2,12931.618150040507,12324.76854349772,606.849606542788
12,24,13,17997.020137250423,15099.76492067819,2897.2552165722336
6,19,13,15329.348843812944,14820.658956810867,508.68988700207774
11,3,15,15863.929784625769,14649.040474593465,1214.889310032304
11,26,21,16986.407165169716,16597.919176271334,388.48798889838145
9,15,7,13248.60161986947,12778.466436429244,470.1351834402267
7,29,3,13412.945108398795,12559.700395732729,853.2447126660663
10,2,11,14894.50700634718,14200.655702482474,693.8513038647052
4,22,14,17244.020890772343,15622.121867470176,1621.8990233021668
10,9,5,13607.483748108149,13027.601573548776,579.8821745593723
8,26,3,12542.981738612056,11142.293214735251,1400.6885238768045
12,15,20,18376.72271770239,16271.741328418704,2104.9813892836846
10,14,15,14983.387633621693,14669.835009601507,313.55262402018525
9,19,18,15717.69038632512,15145.6803058734,572.0100804517187
8,21,3,12921.662940710785,12050.587407607085,871.0755331036999
5,28,3,12447.676741972566,12483.309339473657,35.63259750109137
10,4,16,17713.873798310757,18561.69630165046,847.822503339703
6,27,4,16495.554177343845,15079.38007190649,1416.174105437356
2,23,3,12796.753350943329,13361.125061170298,564.3717102269693
1,15,3,15121.551560670136,14824.030045298554,297.5215153715817
7,7,15,16079.810741215944,16413.74720900483,333.93646778888433
2,20,15,17907.074044823647,15978.090825624993,1928.9832191986534
9,18,3,13826.920356303452,13258.239977102772,568.6803792006795
8,28,5,12925.862054526806,12285.207644616521,640.6544099102848
10,2,14,15254.822058081629,14519.130213357443,735.691844724186
8,6,21,19036.70907098055,15846.733761405505,3189.975309575044
10,7,16,14092.666558414698,14113.797247850353,21.13068943565486
4,11,20,15463.707772523165,14263.177374008359,1200.5303985148057
2,10,9,16918.845683574677,15926.466433034355,992.3792505403217
7,29,3,13294.459887996316,14656.905494962233,1362.4456069659172
2,3,20,18645.253565073013,15892.349813202549,2752.9037518704645
5,24,19,13838.975942760706,12981.176374002578,857.7995687581279
2,16,21,18239.169444084167,16193.01294992389,2046.1564941602774
2,18,6,14006.553351789713,13739.33733013695,267.2160216527627
2,13,4,15890.978573739529,14964.141372387849,926.83720135168
10,2,16,17568.407867014408,18377.278621772464,808.8707547580561
11,12,21,19356.711973905563,15962.452432406111,3394.259541499452
5,27,2,12255.371149897575,12330.728093002184,75.35694310460894
11,19,20,18901.344143033028,16014.526301453245,2886.817841579783
4,24,11,15104.452034294603,14383.830228843965,720.6218054506389
10,3,17,17372.653456926346,17734.247127804505,361.5936708781592
2,11,21,18838.41198039055,16122.982902523201,2715.4290778673476
6,22,13,13300.49362781644,13156.0275196005,144.46610821594004
2,12,21,18165.32262033224,16319.956490473658,1845.366129858583
5,27,2,13615.864751130342,15068.905012709973,1453.0402615796302
11,19,17,18443.08585858345,15988.315398602916,2454.7704599805347
6,24,3,12315.92590627074,11671.275288511099,644.650617759642
11,9,16,15950.53922405839,14731.941347827289,1218.5978762311006
11,18,21,18353.366966962814,16000.003981115751,2353.362985847063
6,26,4,13096.444952920076,14077.711464708307,981.2665117882316
3,5,10,16853.256009697914,16134.139147932101,719.1168617658132
3,6,21,14263.955460757015,15100.967898160727,837.0124374037114
6,24,3,13769.422968178988,12686.40260520743,1083.020362971558
2,12,2,14642.0262144804,14691.239703862684,49.213489382284024
9,5,16,17264.160560786724,17201.01616272479,63.144398061933316
11,21,21,18505.90975224972,15910.331144598666,2595.578607651056
3,25,2,12259.31743104756,12697.343297704623,438.0258666570626
2,12,10,18411.947865068913,16880.25506907489,1531.6927959940222
11,20,21,16006.1857868433,15822.109538727156,184.0762481161437
10,8,14,13406.36366699636,13257.976728899655,148.3869380967044
3,2,3,14144.90880009532,14778.342638627639,633.433838532319
10,2,16,17768.51354163885,17615.900616776325,152.6129248625257
4,16,15,18612.318470597267,15937.369226904151,2674.949243693116
5,24,9,13828.01001793146,14938.631924644435,1110.621906712975
9,8,15,17502.35722976923,19099.71106096459,1597.3538311953598
2,19,5,15929.449329733849,15120.073379648271,809.3759500855776
2,24,14,13189.721546694636,14501.821655373471,1312.1001086788347
1,24,4,14991.701378643513,14731.574831169397,260.1265474741158
1,20,3,12658.68333902955,12270.930954457828,387.75238457172236
11,3,9,14843.096467256546,14159.74085161577,683.3556156407758
11,15,20,18062.147207319736,16001.476342782635,2060.670864537102
7,27,3,13236.417669057846,13237.427144967864,1.0094759100174997
11,6,13,15722.817168414593,14347.043378784036,1375.773789630557
11,21,21,17914.223898351192,16240.027088408975,1674.1968099422174
6,14,18,13272.320727854967,13627.597210253069,355.2764823981015
2,17,4,14621.184436559675,14648.018437945864,26.834001386188902
4,23,2,12395.004910320044,14491.451528781095,2096.446618461052
12,16,19,18351.32133948803,16263.609075655235,2087.7122638327946
3,23,3,12350.269932821391,11979.674290669649,370.59564215174214
1,7,3,15205.31278783083,14897.954742563095,307.35804526773427
10,2,16,17673.156461060047,18112.90686819199,439.75040713194176
11,9,22,19546.457455813885,15924.242201746445,3622.2152540674397
5,27,2,12411.72672560811,12435.682561390126,23.95583578201513
7,22,5,16305.834122240543,15029.281652300177,1276.5524699403668
7,23,22,15833.192058235409,15166.77917150541,666.4128867299987
2,4,11,18295.020651638508,16595.00895608504,1700.0116955534686
2,19,5,13552.806274682283,13467.70581926179,85.10045542049374
2,13,5,16260.542010635138,15117.638932479507,1142.9030781556303
3,15,3,13554.829346120358,12965.07489240819,589.7544537121667
10,12,4,12634.915222927928,11655.476258950821,979.438963977107
8,1,16,16434.554861992598,16211.148024016682,223.40683797591555
5,5,22,19771.33704072237,16166.78186813368,3604.5551725886908
5,27,1,12411.094131305814,12063.509018846513,347.58511245930094
12,25,15,18389.25649213791,15126.461736626627,3262.7947555112823
9,13,21,16254.97969198227,15390.21341167687,864.766280305399
2,3,13,18095.67696094513,16411.67166361501,1684.0052973301208
4,22,2,12704.495059698818,12482.731751722617,221.76330797620176
9,28,3,16176.101231604816,15146.60041794945,1029.500813655366
6,9,21,15357.278548687696,15008.00051686036,349.27803182733624
12,5,20,18779.927868187428,15998.582801143812,2781.345067043616
6,26,5,12770.645148560405,11968.569164699795,802.07598386061
10,1,14,15172.71972489357,14689.018117167112,483.70160772645795
7,4,22,18509.80333429575,16101.151667553857,2408.6516667418928
4,19,10,13076.62578368187,14730.696534422977,1654.070750741108
1,27,5,15281.82942610979,14753.856948292052,527.9724778177388
3,27,1,12309.91492754221,13645.508473351656,1335.5935458094464
2,15,13,16870.881706893444,16166.539203086646,704.342503806798
9,26,4,13837.378155142069,13127.889659302391,709.4884958396779
8,28,15,14336.71918463707,14564.857566236147,228.13838159907755
4,29,8,17338.066440343857,16153.864698050336,1184.2017422935205
8,25,3,12636.259562715888,11940.033451638206,696.2261110776817
10,15,10,13446.936030447485,12407.106685096092,1039.8293453513925
9,14,20,16425.65917122364,17126.185305845243,700.526134621603
2,26,2,14386.670963317156,14614.133505079819,227.46254176266302
2,26,6,12974.572636023164,12906.364828309055,68.20780771410864
6,11,9,16219.097138673067,15783.922859121652,435.17427955141466
10,24,21,15712.60092422366,15292.65069605386,419.9502281697987
7,18,3,12861.07168456912,12281.185323971538,579.8863605975821
10,2,13,14509.990147441626,14894.645265809535,384.6551183679094
11,13,21,18574.05523014069,16018.060630199185,2555.994599941505
8,25,3,12322.690871790051,12020.687627152198,302.00324463785364
10,3,16,15023.33232408762,14720.276579501127,303.05574458649244
3,23,14,17593.844514667988,15616.741447022032,1977.103067645956
10,5,20,15657.898844212294,15047.345288335704,610.5535558765896
12,11,6,14493.056305408478,14185.564896802482,307.4914086059962
9,4,16,16175.500010699034,15266.520113083614,908.9798976154198
5,4,22,19370.052024126053,16050.828352506398,3319.223671619655
3,24,1,12357.019314169884,12407.792729354145,50.77341518426147
10,2,10,14358.007982194424,14279.033713115743,78.97426907868066
11,17,21,18199.6488071084,15953.857252689317,2245.791554419082
6,27,4,13133.875670567157,13506.227865971403,372.35219540424623
11,15,10,15968.00046724081,14731.209336584325,1236.7911306564856
11,25,21,17155.0164103508,16149.42073344487,1005.5956769059303
8,9,8,13132.38369126618,13089.52962639901,42.85406486717147
9,2,15,14545.171002954245,15046.736503608974,501.5655006547295
2,18,15,17884.49750262499,15999.12996084316,1885.3675417818285
4,29,4,12664.347775012257,12145.21760356805,519.130171444207
6,27,5,13353.296489536762,12525.00216846092,828.2943210758422
8,10,22,14385.87370994687,14362.970883780246,22.902826166624436
6,16,2,14445.084536641836,14870.633846208248,425.54930956641147
8,9,15,16327.369395762682,16201.067787216576,126.30160854610585
4,22,13,17396.152746081352,16015.906732368707,1380.2460137126454
9,21,2,12207.307311490176,11239.097774869302,968.2095366208741
12,19,14,17822.198549449444,15244.960946534351,2577.237602915093
9,1,17,17703.1838773489,16665.670754402272,1037.5131229466278
2,15,18,18400.1096367836,15595.072013927063,2805.0376228565365
9,12,6,14244.04463198781,14197.796669639083,46.247962348727015
8,28,3,12482.49752111733,11293.668938711271,1188.8285824060586
10,2,12,15235.656398743393,14446.607803684801,789.0485950585917
4,2,21,18587.056529700756,16023.587280503138,2563.4692491976184
3,20,12,13165.050779014826,14260.311422465928,1095.2606434511017
5,29,7,16217.70891714096,15187.006231564153,1030.7026855768072
6,29,3,13111.59133157134,14965.803376649592,1854.2120450782513
11,24,19,17818.903727650642,15862.627107590977,1956.2766200596652
2,19,3,12555.113605484366,12521.433932508196,33.67967297616997
2,7,5,16223.167888134718,15114.099886623706,1109.068001511012
6,16,13,16553.58265760541,17019.177578240706,465.59492063529615
2,12,15,18033.80370169878,15958.059702570965,2075.743999127815
8,24,16,14276.899755060673,13269.117001315382,1007.7827537452904
8,30,4,15798.45043027401,15108.565600203827,689.8848300701829
3,18,2,13329.02024744451,12340.661982236383,988.3582652081277
11,6,8,13663.369814991953,13005.707250096177,657.6625648957761
9,2,16,17314.624566555023,16542.113038359854,772.5115281951694
4,3,22,19764.891755759716,15994.975837203034,3769.9159185566823
5,27,2,12415.67895334959,12177.62845670107,238.0504966485205
11,2,13,15087.084706246853,14211.654439210499,875.430267036354
3,18,15,17141.804314374924,15658.06257299954,1483.7417413753828
6,28,1,12976.385321155189,14252.637258434635,1276.2519372794468
4,18,4,13919.613774001598,13154.112486665741,765.5012873358573
6,27,17,12996.859435677528,13812.30557638155,815.4461407040217
4,28,9,16597.346700251102,15317.45260456481,1279.8940956862916
2,24,4,14050.84971690178,13393.790277463959,657.0594394378204
2,14,20,18646.87267839909,16126.634796569664,2520.2378818294255
9,3,15,16566.98053330183,17436.601835169244,869.6213018674134
3,12,15,17832.228193700314,16377.695210980417,1454.5329827198966
8,13,1,13420.182110249996,14043.465317995695,623.2832077456987
10,3,18,14928.9902651608,15495.785388788732,566.7951236279314
3,16,14,17739.963340699673,16025.010721603281,1714.9526190963916
11,2,18,14780.395606517792,14721.153310770122,59.24229574767014
11,20,3,12772.112316221,12590.380096777073,181.73221944392753
5,4,10,15107.41999861598,14788.241707976978,319.1782906390017
11,4,15,15239.651277899742,14751.712556746803,487.93872115293925
9,5,21,18472.95251184702,16033.738260411897,2439.2142514351217
8,28,3,13091.638876661658,12790.772206751148,300.8666699105106
4,28,3,12692.69394634664,11404.990439153125,1287.7035071935152
3,8,2,12766.857374832034,12289.375459203919,477.48191562811553
10,12,17,17091.802912414074,15791.39507700513,1300.4078354089434
5,27,12,17391.502101421356,15865.347365718791,1526.1547357025647
5,26,13,14230.62420025468,14475.92905694862,245.30485669393966
4,29,6,15867.447296023369,14952.064633622798,915.3826624005706
4,28,3,12966.729081839325,12222.664250319327,744.0648315199978
1,13,3,14717.533162534237,14829.886585627733,112.35342309349653
9,2,16,17639.927727997303,17962.32643602859,322.39870803128724
10,9,22,19561.81114494801,15948.01793170079,3613.7932132472197
5,22,11,12927.721902281046,13892.290092933266,964.5681906522204
2,9,21,18098.832345426083,16184.033505223631,1914.7988402024512
9,8,20,15520.195880532265,14644.770233658379,875.4256468738859
12,22,8,13677.04615521431,13589.349031379317,87.69712383499245
5,9,2,12065.056845754383,11193.248003189561,871.808842564822
5,3,11,14147.888657599688,14119.510957176353,28.377700423334318
9,16,14,15146.7400919199,14374.181940065442,772.5581518544586
4,6,21,16108.660322278738,15872.358838563454,236.30148371528412
11,5,20,15285.54953172803,14500.523795681722,785.0257360463074
5,8,13,14817.533095687628,14996.950068246593,179.41697255896543
4,2,22,18833.525932729244,16157.718067378846,2675.807865350398
7,16,15,13244.153569430113,12929.673714140501,314.4798552896118
2,15,21,18291.526516497135,16106.372166498115,2185.1543499990203
2,18,5,14212.598235934973,13587.602987810611,624.9952481243618
4,28,3,12618.367089122534,11314.838031586898,1303.5290575356357
3,9,3,12996.172911942003,12118.37844120077,877.7944707412335
8,10,17,13865.392342627048,13515.573412378886,349.81893024816236
3,19,10,16986.207031607628,16285.8111310927,700.3959005149281
8,25,2,12184.001799196005,11400.207396920785,783.7944022752199
10,3,18,16895.700729250908,18038.9579132808,1143.2571840298915
6,3,21,18991.26316821575,16100.419257924905,2890.843910290847
1,12,4,13625.90259757638,15342.010036672076,1716.1074390956965
2,24,8,17760.016887664795,16322.62114722205,1437.3957404427456
8,30,5,12416.339230060576,12509.908111070108,93.56888100953256
7,19,20,16886.58809041977,17642.63132393248,756.0432335127116
11,28,4,15559.654180824757,15205.783595985993,353.87058483876353
2,26,3,12069.19218750298,11971.803349223757,97.38883827922291
2,9,21,18453.85288017988,16081.193991061085,2372.658889118793
8,17,13,15069.06571379304,14673.348113238864,395.7176005541751
11,18,20,16530.711656600237,16028.759131700384,501.9525248998525
8,7,21,16141.00485870242,16409.423827560113,268.41896885769347
2,14,11,17822.062393009663,16438.433644021596,1383.628748988067
7,15,18,14710.351730555296,14152.222318384845,558.1294121704505
2,24,1,13566.880421370268,13805.267197304249,238.38677593398097
3,27,2,12821.548381879924,12084.653701477615,736.894680402309
1,11,2,14441.38657695055,14719.005062090477,277.61848513992663
10,2,16,17688.051647484303,17892.20637477021,204.15472728590612
2,8,17,18770.124604523186,16003.840452058437,2766.2841524647483
4,13,3,14042.278833061457,13463.014213505649,579.2646195558082
8,11,12,13050.251009956002,12436.308523510188,613.9424864458142
11,21,20,17921.117023169994,16178.077650134186,1743.0393730358082
7,18,5,12713.42294408381,11202.49183870762,1510.9311053761903
7,19,4,12764.621456429362,10945.708957094314,1818.9124993350488
7,2,21,17285.402605831623,15892.649899126713,1392.7527067049105
9,9,19,14399.234675765038,13712.28061937956,686.9540563854771
3,5,21,18583.17114984989,15626.000346076253,2957.170803773639
3,19,7,14470.909968346356,13306.220277936745,1164.6896904096102
3,6,21,19032.293009102345,15956.0543876366,3076.2386214657454
7,26,11,16212.36682742834,16421.66573428729,209.29890685895043
11,14,19,18337.909930169582,16052.94027878765,2284.9696513819326
4,25,2,11933.137659996746,12073.670982080037,140.53332208329084
1,9,2,14637.5638101995,14852.537060060842,214.973249861343
6,12,15,16115.744968354702,16751.221238906313,635.4762705516114
10,10,21,19246.49661678076,15868.137240036567,3378.3593767441944
3,25,1,12180.798431873322,12325.3651331439,144.56670127057805
11,6,11,15413.865083038809,13903.038850881912,1510.8262321568964
11,17,21,18126.9781781435,16142.90519287489,1984.0729852686109
7,25,2,12318.153827533126,12479.92065967385,161.76683214072364
12,26,14,18234.697607278824,15108.812565332037,3125.885041946787
9,3,17,17152.069361627102,17456.26011028271,304.19074865560833
2,14,19,18075.22888839245,15575.436945265023,2499.791943127426
5,27,15,14139.576142907144,14840.3981574901,700.8220145829564
6,20,13,16308.76353624463,17907.90772321725,1599.1441869726186
2,24,2,14418.892056703568,14837.490587216816,418.598530513249
4,27,2,11896.131405949593,13710.124806367827,1813.9934004182342
11,16,17,18350.11315613985,15946.992279400221,2403.1208767396292
5,6,18,13513.220430254936,13513.127372845109,0.09305740982745192
4,29,9,17279.127106308937,16073.92030741211,1205.2067988968265
8,25,2,13452.902717322111,13409.082685031579,43.820032290532254
9,19,5,13012.566024258733,11464.813209810021,1547.7528144487114
10,2,13,14776.87358391285,14694.826301311206,82.04728260164302
9,8,21,19080.949251055717,15950.077827000337,3130.87142405538
4,22,12,13029.333771839738,14188.059662452742,1158.7258906130046
1,25,5,14888.489465862513,14760.942480220307,127.54698564220598
2,24,3,12533.252704814076,11556.94691617104,976.3057886430361
5,24,5,16312.179340422152,15139.348500636856,1172.8308397852961
9,12,16,15907.758624613283,16322.1585829598,414.39995834651745
11,17,20,18573.214505136013,16014.045538604592,2559.1689665314207
5,28,2,12401.9704195112,13138.178800110527,736.2083805993261
11,3,9,14527.112229853868,13903.697308993293,623.4149208605759
11,16,21,18137.37199985981,16056.07101153532,2081.3009883244904
4,15,15,12821.41099511087,13718.190240703445,896.7792455925755
1,23,4,14898.252948880196,14669.267607916463,228.9853409637326
1,22,3,12785.37608602643,11472.093991131545,1313.2820948948847
1,9,3,14814.31332397461,14868.501447181723,54.18812320711368
6,6,15,16441.249903798103,17406.444743799424,965.1948400013207
9,7,16,17615.632825911045,19106.206793448182,1490.573967537137
3,9,22,18498.149655401707,16065.347500010013,2432.8021553916933
7,24,4,13177.441425144672,12541.89263119492,635.5487939497525
8,30,9,13783.12104421854,13810.961430128013,27.84038590947239
1,15,5,15487.340347349644,15038.951298214952,448.38904913469196
10,4,20,14837.084258198738,13968.52320972906,868.5610484696772
10,4,16,15445.082227736712,14476.57189505554,968.5103326811713
5,3,21,17970.048858880997,16285.892961855478,1684.1558970255192
6,29,4,13867.829214811323,14533.750426780498,665.9212119691747
11,4,9,15360.162850618362,13736.319850095337,1623.8430005230257
3,24,15,16379.27411711216,15253.960559107316,1125.3135580048438
10,18,6,13206.78272780776,12726.943026801724,479.8397010060362
8,28,3,13129.476218134165,12089.594572834587,1039.881645299578
1,11,2,14261.198292851448,14869.629422860873,608.431130009425
6,16,13,15763.155564248562,15741.887960004757,21.26760424380518
11,8,21,19125.164004325867,15878.149449882098,3247.014554443769
7,21,15,13576.876026511192,13243.769701963716,333.1063245474761
2,11,21,18785.27405899763,16008.643320345824,2776.6307386518074
3,25,4,13929.303847372532,13004.693939743975,924.6099076285573
2,12,3,15944.790715575218,14851.760445218224,1093.0302703569942
8,5,16,17716.502601861954,18085.561931835822,369.05932997386844
2,16,15,18229.47034829855,16064.55266264328,2164.9176856552695
6,25,2,13291.344694271684,12860.184134213074,431.1605600586099
9,27,4,15690.589513272049,14911.256489333815,779.333023938234
12,11,18,18396.507232666016,15616.364842776267,2780.1423898897483
7,24,3,12329.97114022076,11127.43242698013,1202.5387132406304
6,2,21,18697.98465758562,16062.775801892565,2635.2088556930557
11,14,20,16377.19650107622,15809.263962740159,567.932538336061
10,3,17,17091.471543729305,17837.804918029804,746.3333743004987
11,15,20,19022.13541060686,15947.592551594566,3074.5428590122956
5,26,2,12198.00253623724,12211.250876009157,13.248339771917017
4,6,14,16722.681573837996,15949.44337361957,773.2382002184258
3,7,12,15617.572751671076,14687.353326057551,930.2194256135244
10,20,2,12294.99041827023,12269.602623951596,25.387794318634405
10,11,7,12876.518263563514,12002.638214480583,873.8800490829308
11,14,3,14669.557292670012,14989.890544533107,320.33325186309594
8,25,12,15540.565622121096,14620.304264841943,920.2613572791524
7,23,16,16224.17060649395,15550.44500537423,673.7256011197205
8,30,3,13952.124814987184,14433.257966835032,481.13315184784733
2,9,2,13944.703468799593,13370.620780229972,574.0826885696206
7,21,15,16252.125738173723,15053.847520458272,1198.2782177154513
2,11,13,17509.885204494,16245.36720558882,1264.5179989051794
9,30,3,13628.56585034728,13748.786668390723,120.2208180434427
6,12,5,13277.296179443598,12220.093981555858,1057.20219788774
8,25,12,12835.773859068751,12623.711781339814,212.06207772893686
2,3,2,13802.609870046375,14725.996997909326,923.3871278629504
10,4,17,16111.769364356996,15091.620614619094,1020.1487497379021
11,14,21,18811.03961467743,16047.170963612658,2763.8686510647713
10,3,17,17535.163549780846,18025.066435657518,489.90288587667237
5,11,22,19261.97990059853,15969.193924797984,3292.785975800545
7,27,2,14179.794376581907,13812.61603553577,367.1783410461376
8,19,13,14973.237827211618,14849.12225661751,124.11557059410916
3,21,12,17452.974273324013,16008.985054820781,1443.9892185032313
9,22,4,13716.74724048376,13046.549247199642,670.1979932841186
8,25,6,13187.272781327369,12449.570371526574,737.7024098007951
1,7,2,14130.983933359385,14800.574316024213,669.5903826648282
5,6,14,15260.250270843506,14824.012128192519,436.23814265098736
3,18,14,17532.535566449165,16003.5641770506,1528.9713893985645
10,10,5,13183.424311354756,12444.637131028368,738.7871803263879
12,13,14,17681.177387714386,15263.733118666358,2417.444269048028
9,1,18,18047.776961386204,16775.64711798489,1272.1298434013152
2,22,18,18433.27849382162,15461.253060275847,2972.025433545774
9,25,6,13631.938593000174,13125.24540770179,506.69318529838347
5,28,2,13553.980418920515,15240.831176408847,1686.8507574883315
2,23,9,17833.536443829536,16081.389542325951,1752.1469015035855
8,28,3,13152.375926822424,13085.065142453881,67.31078436854295
8,25,7,14300.192348897455,13682.942195543066,617.2501533543891
5,25,4,15645.764926791191,15158.75468968371,487.01023710748086
9,12,21,16926.073457956314,17293.930355206725,367.85689725041084
5,5,12,15522.796386510134,15599.602659664886,76.80627315475249
11,25,21,15126.274794757366,15095.899214720073,30.37558003729282
7,28,12,14289.22437351942,15203.052210048007,913.827836528586
6,12,5,14641.812957406044,14126.369828131777,515.4431292742665
7,25,21,16568.91871201992,16774.59548585077,205.6767738308481
11,16,20,19378.71928375959,15926.075342662385,3452.6439410972052
5,28,7,12931.881440505384,13116.955450373274,185.0740098678907
5,27,5,16867.247724324465,15206.579702391313,1660.668021933152
9,3,20,14618.088928103449,14136.745377690191,481.3435504132576
11,21,20,17892.1058588624,15509.640349774923,2382.4655090874767
9,10,15,16755.143811762333,16565.237557206674,189.90625455565896
11,20,17,18072.41389501095,16019.385042950586,2053.0288520603626
4,21,14,13653.863060683012,13846.373128950045,192.5100682670327
2,22,5,15401.820979654787,14778.433262743016,623.3877169117713
3,28,11,12852.896556645632,12669.519462190565,183.37709445506698
11,28,11,16446.523915290833,15279.060002183527,1167.4639131073054
7,6,20,15019.345647126436,15352.725664165364,333.3800170389277
7,24,3,13042.678743377328,12416.28421864807,626.3945247292577
10,27,3,15354.555830001833,15097.90684323736,256.6489867644723
10,4,16,16456.31692621112,16775.221507784914,318.90458157379544
4,25,16,17062.91806191206,15629.513299002867,1433.4047629091929
10,25,6,13158.20399659872,12646.645323659626,511.5586729390943
8,27,4,13271.740832656622,12504.9685158484,766.7723168082211
10,2,13,15022.645390242338,14624.596593725491,398.0487965168468
5,3,21,18813.78078830242,16059.578020582048,2754.2027677203732
7,28,1,11996.853132277727,11815.448266335214,181.40486594251342
12,23,14,18005.588970541954,15148.287100197931,2857.301870344023
4,27,3,12834.469710037112,11513.323725440085,1321.1459845970276
10,5,16,15499.742886662483,16032.241860782819,532.4989741203353
7,10,19,17277.27669107914,15935.74539416122,1341.5312969179195
4,19,15,13451.76097175479,13302.174152804211,149.58681895057816
6,27,6,16129.10839483142,15183.655493820484,945.4529010109363
2,25,5,12995.8251388669,12994.986055607775,0.8390832591248909
11,7,9,15405.397956967354,13705.60755849015,1699.7903984772038
7,5,21,17969.993083953857,16226.637303463605,1743.355780490252
7,12,18,13608.990491360426,13619.293421539242,10.302930178815586
4,21,6,15864.848020374777,15219.301511323087,645.54650905169
9,10,20,13479.766546934845,13278.405900442933,201.36064649191212
11,23,20,18019.01596403122,16175.09693476168,1843.9190292695403
5,24,3,12749.50829666853,12248.877767991342,500.6305286771876
2,11,5,15888.43835389614,15079.170101418054,809.2682524780848
5,14,13,15626.352381378412,15681.198917131707,54.84653575329503
3,13,15,17308.609896838665,16036.011478539254,1272.5984182994107
10,16,4,12634.862728878856,11755.971404262,878.8913246168559
12,13,9,16742.83272692561,14909.175699307416,1833.6570276181956
9,1,18,17650.839108228683,16173.04435565822,1477.794752570464
7,8,22,19268.03312063217,15775.216656325147,3492.816464307025
4,27,3,13241.930159375072,13208.05704497932,33.873114395752054
11,24,17,18914.61037349701,15139.853467170009,3774.7569063270003
6,12,13,15318.548193216324,15392.97318881094,74.42499559461612
11,16,21,18587.72418838739,16236.571155576945,2351.1530328104454
11,9,14,17149.85394871235,15373.842013153875,1776.0119355584739
9,26,2,12019.526255324485,11118.697520207503,900.828735116982
8,1,14,15297.203210622072,15900.972017949016,603.7688073269437
3,25,15,18208.409571766853,15678.117987103962,2530.291584662891
9,15,5,13561.681049853563,12978.560339493728,583.1207103598354
6,30,2,13664.293382167816,15310.937309649646,1646.6439274818295
2,13,18,19061.044984042645,15934.921408129003,3126.1235759136416
2,15,8,13864.11854171753,14072.511472229337,208.3929305118072
6,15,19,18885.99865609407,16029.491593228699,2856.507062865372
9,2,16,16063.457614600658,16424.306392261613,360.8487776609545
7,23,13,17652.79123067856,16097.845988175552,1554.9452425030067
7,29,4,14221.894193828106,14494.163327571017,272.26913374291144
11,28,18,18906.461492598057,15138.907274741317,3767.5542178567393
10,8,21,16088.566584557297,15773.682586740906,314.88399781639055
11,10,21,18416.58046489954,16192.054771672654,2224.525693226886
3,24,2,12148.156770929694,11654.496076395071,493.66069453462296
1,9,2,14919.26656278968,14903.062788223064,16.20377456661663
10,2,16,17494.443751871586,17798.95154141149,304.5077895399045
11,10,22,19554.393899858,15982.20980608311,3572.184093774891
4,24,6,12909.926829755306,14713.60561489506,1803.678785139753
1,25,5,15307.5564314723,14851.745829448877,455.8106020234227
3,25,18,14536.112498611212,15294.543850942862,758.4313523316505
11,14,19,18554.436399519444,16145.230493792296,2409.205905727147
3,23,3,12326.88321879506,11770.579760308072,556.3034584869874
12,10,18,18263.196954607964,15651.544050213946,2611.6529043940172
7,24,2,12211.17054541409,11017.889960960852,1193.2805844532377
4,4,15,16593.859536975622,15803.97012198626,789.8894149893622
3,12,11,15741.614549189806,14517.023798592216,1224.5907505975902
10,11,21,15258.804223835468,14232.06642581458,1026.7377980208876
11,28,3,15129.824704825878,14871.3388940372,258.48581078867755
8,6,16,13973.801166266205,13471.088636358036,502.712529908169
3,3,21,17763.05580097437,16192.432891603443,1570.6229093709262
10,2,15,16954.86972475052,16563.35847012008,391.5112546304372
4,18,13,17611.10357373953,16261.443568267629,1349.6600054719001
9,11,17,15287.187099993227,15001.497452576288,285.6896474169389
12,13,5,14210.517339020967,14320.485214614358,109.967875593391
9,7,16,16216.214887291191,15349.957692532913,866.2571947582783
3,6,16,17017.89211153984,16015.583169077761,1002.3089424620794
8,12,19,13467.08964419365,14999.131801670823,1532.0421574771735
7,25,5,13775.454862505198,12843.098667793158,932.3561947120397
12,21,20,18736.60961484909,16176.268046826905,2560.341568022186
10,3,16,16067.351606756449,16420.962243881728,353.610637125279
11,15,20,18318.83162420988,15869.186543063572,2449.645081146309
7,28,4,12650.47273661196,12650.195639706768,0.2770969051925931
12,24,15,18175.631139218807,15177.59633232392,2998.034806894888
10,8,21,15974.241927653551,15349.856616396559,624.3853112569923
11,2,16,15763.014076381922,14601.122439497922,1161.891636884
11,19,20,18773.067552149296,15948.802697048444,2824.2648551008515
12,11,18,18467.579253792763,15554.848291304694,2912.730962488069
9,6,15,17513.727112710476,18338.34658739279,824.619474682313
10,10,22,19457.315998733044,16008.121104004596,3449.1948947284473
5,26,2,12025.54605141282,11669.277013567462,356.269037845359
2,4,5,15457.898157685995,14929.657903445983,528.2402542400123
10,2,16,17411.150459945202,17023.785860957483,387.36459898771864
11,10,21,19304.446766078472,16004.75476669757,3299.6919993809024
6,27,2,12161.827369615436,12107.377535291871,54.44983432356457
12,23,14,17926.84707671404,15121.450962839293,2805.3961138747454
9,2,16,17418.01159620285,17238.50437121708,179.50722498576943
2,15,19,18229.372742176056,15627.16111023342,2602.211631942637
4,24,13,13357.561220914124,14276.619192717993,919.0579718038698
2,26,4,15179.50499084592,14621.688321982201,557.8166688637193
4,26,2,12721.05959789455,14218.456310689686,1497.3967127951364
11,20,19,18169.52296447754,16150.1922057192,2019.3307587583386
4,11,17,13306.83597522974,12740.478856261234,566.3571189685063
2,7,22,18009.354598343372,16325.72041029881,1683.6341880445616
4,26,3,13824.312878459692,12714.992794548176,1109.3200839115161
10,3,11,14819.208804160357,14114.688832357584,704.5199718027725
11,16,21,18272.089774608612,16090.963356498887,2181.126418109725
5,13,15,13012.486873075366,13555.430001895049,542.9431288196829
2,20,21,18241.459496974945,16219.935567595683,2021.523929379262
5,26,14,14554.26436662674,13459.720056481561,1094.5443101451783
11,29,17,18329.57896053791,15770.336829591828,2559.2421309460824
4,26,3,12897.757642894983,11536.963881725169,1360.7937611698144
11,9,5,14062.38774484396,12567.016947257462,1495.3707975864982
8,24,4,12400.339002892377,11046.703688656158,1353.6353142362186
3,4,20,17592.675701856613,14974.505722382479,2618.1699794741344
10,2,15,17929.99753987789,17754.326517989994,175.67102188789795
6,21,14,17403.078679680824,16023.914078452719,1379.1646012281053
7,27,3,13337.19024899602,13006.340978326252,330.84927066976707
12,26,13,17910.96516621113,15081.428375478548,2829.53679073258
9,2,16,17202.6900293231,17314.550028189537,111.85999886643549
2,12,19,18309.849400281902,15684.925429222005,2624.9239710598977
9,19,5,14149.64966890216,13854.574654605702,295.0750142964589
8,25,16,13812.78797402978,13369.471627443454,443.3163465863254
1,20,4,15018.63451680541,14967.603815712562,51.030701092848176
1,23,4,13185.7127238065,12748.330320007464,437.3824037990362
11,3,9,14507.779655843971,14278.546694651764,229.23296119220686
11,15,20,18276.96187853813,15990.60676618163,2286.355112356501
7,25,2,12607.57505083084,12500.692374623031,106.88267620780789
12,25,13,17925.423175632954,15092.151194820983,2833.271980811971
9,3,17,17261.09129935503,17228.14924494744,32.94205440759106
2,16,19,18104.67066794634,15575.644562071877,2529.026105874462
10,27,6,12905.904063135384,12634.211851844768,271.6922112906159
8,18,7,13318.554656520486,12495.933076419877,822.6215801006092
12,16,11,16424.804092377424,15017.99747332191,1406.8066190555146
10,10,21,15549.314903706312,14755.970910857099,793.3439928492135
10,5,16,17712.569649279118,18819.700452680347,1107.130803401229
5,25,7,16817.721639573574,15243.999768771535,1573.7218708020391
7,17,17,13194.818800881503,12856.703246383468,338.11555449803564
2,9,21,17917.088925123215,16285.47249433399,1631.616430789225
7,19,9,15460.000790417194,14060.415210217609,1399.5855801995858
7,17,18,17641.096540808678,16046.51970677792,1594.5768340307568
2,22,6,13073.950432673097,13064.558698417655,9.391734255441406
3,18,5,16497.88565132022,15204.43925873519,1293.4463925850287
6,23,13,16051.219939410686,16039.178007486576,12.041931924110031
3,10,13,17360.98747473955,16035.02824847955,1325.9592262600017
7,29,2,13277.925287812948,14368.271814022173,1090.346526209225
4,8,17,18873.770003318787,15811.287508881142,3062.482494437645
2,21,5,12920.494743064046,12582.835227646246,337.6595154177994
10,2,11,14437.284249037504,14324.90511168568,112.37913735182337
3,20,14,17333.89152300358,15687.271085415492,1646.6204375880861
6,28,1,13117.56540042162,14121.272816418772,1003.7074159971526
4,14,1,13341.241313189268,12910.057064904626,431.1842482846423
3,27,3,12740.75245332718,12076.228597611867,664.5238557153134
2,9,4,15035.477314472198,14822.35706083485,213.12025363734938
5,14,13,15404.314036875963,15519.758460014531,115.4444231385678
2,8,15,17458.775685966015,16043.815457767882,1414.9602281981333
7,29,2,12626.389656215906,14597.446598012519,1971.0569417966126
2,16,11,18270.14913523197,16304.901531789108,1965.2476034428637
5,29,2,13726.017361462116,15273.877851284697,1547.8604898225803
10,9,13,16689.80184417963,15237.015410522807,1452.7864336568236
9,15,18,13502.42183020711,13187.999652203438,314.42217800367143
2,9,21,18340.1286239624,16062.016461243407,2278.1121627189914
7,25,13,17033.38523799181,16866.699325498324,166.68591249348538
11,24,20,17780.068794190884,15868.161172555905,1911.9076216349786
3,23,2,12097.356680214403,12265.426971025408,168.07029081100518
1,7,3,14775.696568906307,14759.022541612774,16.674027293533072
6,16,13,15906.940045535564,16206.807263499766,299.8672179642017
3,9,15,17839.01633042097,16011.00265614951,1828.0136742714603
6,25,1,12431.665851950644,12453.712996955745,22.0471450051009
6,18,4,16469.686094224453,14959.479018280728,1510.2070759437247
10,2,16,17275.6690608263,16459.79931855409,815.8697422722107
6,18,16,17858.476038455963,16317.754801227868,1540.7212372280956
6,29,3,13749.35055616498,14127.144116567013,377.7935604020331
1,17,4,16014.488048791884,15033.870985944375,980.6170628475084
8,9,19,14040.280778318644,13700.075867428763,340.2049108898809
10,2,16,15744.973758220673,14606.155116523752,1138.8186416969202
6,3,21,18858.375303208828,16052.215511916615,2806.1597912922134
8,28,2,12644.821834251285,12702.082526473958,57.26069222267324
12,27,13,18030.784473657608,15085.42811114021,2945.3563625173974
10,5,21,16346.220090806484,16114.599868041367,231.62022276511743
2,5,15,18092.633126318455,16221.478878814783,1871.1542475036713
3,23,3,13126.72028055787,13435.76504495996,309.04476440208964
6,28,4,16726.09450724721,15180.386060972549,1545.7084462746607
4,13,4,14140.854455024004,13705.14304432341,435.71141070059457
10,6,20,14678.256130754948,13783.115644169253,895.1404865856948
11,2,17,15890.471678078176,14714.93793965819,1175.5337384199865
5,3,21,18934.352237045765,16053.074074958738,2881.2781620870264
8,28,3,12615.695839211345,12361.389989696916,254.3058495144287
10,2,14,14892.49295732379,14574.512825266105,317.9801320576844
11,17,21,18263.041933119297,16026.18397263529,2236.857960484007
7,26,2,12140.74362693727,11894.399938771981,246.34368816528877
10,3,16,14867.482823818922,14613.342283552262,254.14054026666054
11,19,21,18265.65433228016,15995.258300645693,2270.3960316344655
5,19,10,12785.201994434,13627.774104677643,842.5721102436419
2,21,6,15155.728877604008,14892.466692209966,263.2621853940418
2,25,3,12477.9260276407,11608.44881099957,869.4772166411312
1,10,4,15222.79166573286,14885.602247777853,337.18941795500723
5,14,13,15778.538781285286,16508.991226380025,730.4524450947392
11,8,14,16389.838544487953,15226.702251293143,1163.1362931948097
7,6,21,16276.236090868711,15937.258859593017,338.97723127569407
7,29,9,14456.805883646011,15588.28404557441,1131.4781619283985
11,15,10,16235.01390850544,14904.00783689899,1331.006071606449
3,3,21,17048.222188830376,16256.779725419618,791.4424634107581
7,27,1,12752.146737799048,12163.317512971098,588.8292248279504
10,2,11,14338.14923736453,14592.749449154568,254.60021179003706
11,13,21,18178.09671908617,16103.332078297617,2074.764640788553
7,26,2,12131.35334379971,12077.84483264132,53.50851115839032
6,26,20,15366.794735521078,15782.39220145756,415.59746593648197
12,25,19,18382.889948248863,15426.967430071485,2955.922518177378
2,24,6,13471.395796656609,12176.923684186357,1294.472112470252
10,2,10,13707.19578421116,14577.434899972312,870.239115761151
10,16,21,18560.606910943985,15913.105306385101,2647.5016045588836
4,25,3,13130.345035657288,13738.7198245565,608.3747888992111
1,20,3,15754.326311260462,14914.815123883225,839.5111873772366
9,8,21,16925.112980902195,15976.440437553185,948.6725433490101
5,16,12,17150.20746332407,16725.061828059028,425.1456352650421
3,22,10,14179.097189992666,14599.687828479313,420.59063848664664
2,25,3,15240.099937975408,14584.987631105943,655.1123068694651
4,26,2,12739.974885225296,13986.931162387224,1246.9562771619276
11,21,19,18065.142648994923,16146.048043311273,1919.0946056836492
2,24,5,12633.510186895726,12833.321587022509,199.81140012678225
2,8,4,15852.05751723051,15039.013727987622,813.043789242889
10,5,16,17373.423643052578,17638.086887734473,264.66324468189487
11,17,21,18859.801664948463,15978.806285661283,2880.99537928718
5,23,10,13044.893131017683,13696.428298689978,651.5351676722948
2,22,6,15302.620350420477,14892.454580414218,410.16577000625875
2,27,3,12736.52463182807,11689.98276938564,1046.5418624424292
2,9,20,18440.64242464304,16062.812991219307,2377.8294334237326
8,13,14,15157.538691967726,14741.69682404093,415.8418679267961
11,23,20,16672.551397413015,16265.172621807955,407.3787756050606
8,13,1,12047.983156293629,12217.827753095555,169.84459680192595
3,16,3,13527.4258120656,12922.140390645272,605.2854214203271
10,3,16,16546.42583221197,17302.266287541956,755.8404553299843
3,12,14,17838.50123256445,16410.16005372957,1428.3411788348785
8,17,17,15080.77803838253,14372.120318308194,708.6577200743359
6,28,2,13805.990814894438,14073.952606894885,267.96179200044753
4,25,10,13081.081831261516,13023.376291630391,57.70553963112434
11,22,11,15994.833948731422,14927.413226352379,1067.4207223790436
4,3,21,16569.49737688899,16011.550784288072,557.9465926009179
6,26,2,12682.617959693074,12600.276162268483,82.34179742459128
7,9,21,18882.62263256311,16162.455974628137,2720.166657934973
10,3,16,16502.611756175756,16333.52808254709,169.08367362866557
8,11,19,17372.63951319456,16074.883398571073,1297.7561146234875
4,25,2,12248.261282071471,13022.757177984315,774.4958959128435
11,8,11,15070.430559068918,13890.911116758483,1179.519442310435
3,4,16,15967.710929751396,15346.123886020676,621.5870437307203
10,17,7,12308.978646963837,12221.825774158517,87.15287280531993
7,21,4,13234.7253511399,12036.832108678822,1197.8932424610775
2,9,2,14494.970697760582,14684.303003916513,189.3323061559313
10,6,20,16404.022600591183,16201.795969339077,202.22663125210602
2,4,13,17392.718486964703,16391.469326699935,1001.2491602647679
6,30,19,14655.028744369743,15681.785920939554,1026.7571765698103
3,5,21,18718.204709112644,15729.90913832812,2988.295570784525
1,13,11,14297.56108468771,14881.581949480584,584.0208647928739
2,28,8,17579.55875134468,16372.368620799454,1207.1901305452266
12,11,18,18389.728118360043,15619.748332924592,2769.979785435451
8,25,4,12272.19938866794,11113.180093671965,1159.0192949959746
8,1,13,14397.751308768988,14958.616980225328,560.8656714563404
7,5,22,19278.08573102951,16066.833181530568,3211.2525494989422
3,15,11,12827.414181753991,14680.01485899224,1852.600677238248
2,26,22,18358.319452404976,16145.12224817647,2213.197204228505
6,27,5,14598.834685057402,13423.716096915821,1175.1185881415804
11,7,14,15629.308042407036,14338.576338194647,1290.7317042123886
11,19,20,18255.600901663303,16017.363804190583,2238.23709747272
6,27,2,12718.537217825651,13170.871916924054,452.3346990984028
4,27,5,16941.41812467575,15255.075982507946,1686.342142167805
7,7,16,13487.278527379036,13467.080334037506,20.198193341529986
7,5,14,15444.988312602043,15636.26753758252,191.279224980477
11,13,21,16237.09849640727,15725.355185327644,511.74331107962644
7,26,1,12083.624360010028,12180.00015233019,96.37579232016287
10,2,12,14365.497406601906,14798.699175400434,433.20176879852806
2,15,15,17448.641873836517,15716.293326148041,1732.3485476884762
9,15,5,13361.98466476798,12822.59147285395,539.3931919140305
8,28,4,12943.570388838649,11952.630939345669,990.9394494929802
1,11,2,14372.568108946083,14879.643121094774,507.0750121486908
10,3,16,17110.790174007416,17308.34183318612,197.55165917870545
2,10,17,18635.354335725307,15974.231100883013,2661.1232348422946
9,19,4,13987.317973792551,13471.05078476551,516.2671890270412
9,14,20,16584.586545228958,17050.63807662076,466.0515313918004
4,25,3,13032.401392832398,11774.739886482967,1257.6615063494319
6,20,11,15817.301125317812,16167.120106697685,349.81898137987264
11,26,20,18100.939489364624,15852.364371504702,2248.575117859922
8,24,2,12279.06790690124,12169.402151206283,109.66575569495762
10,2,15,14773.109596550465,14757.081099315277,16.028497235187388
11,17,21,18623.665387392044,15922.324285415692,2701.3411019763516
5,24,6,12763.344374641776,14564.177254758324,1800.832880116548
1,26,4,14943.064411848783,14631.511629917082,311.55278193170125
4,28,1,12778.789928361772,14000.159853957619,1221.3699255958472
6,9,19,18246.199545562267,16310.066505565743,1936.1330399965245
1,18,6,13770.483922123907,13778.375614317765,7.891692193858034
10,2,7,13892.706882864237,14241.378156459386,348.6712735951496
10,14,21,18342.85093253851,15960.555529038687,2382.295403499822
7,24,2,12573.710647642612,12086.901103232462,486.8095444101509
12,22,10,16931.14077413082,14968.45989736275,1962.6808767680704
7,8,14,15886.46285519004,15133.769410424404,752.6934447656367
2,14,16,18277.57376229763,15829.725693186147,2447.8480691114837
7,23,1,12536.765294894576,12457.796613958613,78.96868093596277
1,9,2,14657.728086799383,14769.174002213014,111.44591541363116
9,2,16,17035.30537188053,17605.34064595069,570.0352740701601
10,9,22,19725.74513888359,15892.455614934763,3833.289523948828
5,27,2,12215.464394584298,11987.698256334967,227.76613824933156
8,18,5,16069.03141632676,14956.185785203319,1112.8456311234404
10,2,17,17939.21680724621,16852.702923861747,1086.5138833844612
12,10,18,18439.590083003044,15563.534811576235,2876.0552714268088
7,25,4,12354.242460995913,11199.823421326018,1154.4190396698941
7,18,4,16038.540165901184,15029.114905357701,1009.4252605434831
7,16,1,12553.015073850753,12451.899025416289,101.11604843446366
11,2,16,14953.559120565653,14728.2967783356,225.26234223005304
7,6,22,18764.324832320213,16096.727235118156,2667.597597202057
9,13,5,13388.857926905155,12653.57286830631,735.2850585988454
9,14,20,16494.172107458115,17070.613351706845,576.4412442487301
7,20,19,17498.676084578037,15931.42965104078,1567.246433537257
4,21,15,12636.847249999642,12644.41939104722,7.572141047578043
2,13,21,17885.25538545847,16431.03629832852,1454.21908712995
2,22,10,14503.038376927376,13854.275675599652,648.7627013277233
5,28,4,16559.69042223692,15070.179291256607,1489.5111309803124
4,25,1,12715.773283109069,13092.224204145079,376.4509210360102
2,3,9,17227.8486225605,16365.527371521352,862.3212510391495
7,29,19,15713.33420047164,16493.971494653124,780.6372941814843
2,6,21,18265.18926781416,16143.600761979253,2121.5885058349068
6,21,18,13378.343327865005,12803.070569224763,575.2727586402416
2,10,21,18228.23181682825,16321.980636488634,1906.2511803396173
1,9,9,14389.854645371435,14595.212930617847,205.35828524641147
2,22,6,16653.894274175167,15090.600113338258,1563.2941608369092
6,27,2,13767.253487557173,13711.253958184829,55.999529372344114
11,11,11,15711.08269789815,15220.932889174112,490.14980872403794
8,7,21,15215.485970497131,15493.029542511653,277.5435720145215
4,25,3,12935.030878394842,11738.659123670901,1196.3717547239412
12,4,16,16095.410086095331,15024.427161214579,1070.9829248807528
11,20,13,13295.460965916514,13047.637273671742,247.82369224477225
8,1,14,15809.492225408554,15059.634695845136,749.8575295634182
3,27,15,18579.25214099884,15579.577963361655,2999.6741776371855
8,8,2,13779.27995622158,13706.75066869206,72.52928752951993
8,11,15,15467.940925449131,15751.112480237804,283.17155478867244
11,25,21,18207.641026079655,16030.296166890601,2177.3448591890538
4,27,2,12023.482584163548,12387.646038952747,364.163454789199
11,3,12,14668.346238553524,14085.28016022501,583.0660783285148
11,19,21,18232.22710609436,15910.576289157185,2321.6508169371755
8,23,2,12415.070760577915,11908.626154987876,506.4446055900389
2,4,3,14395.07493248582,14269.25507268827,125.81985979755154
10,1,17,16816.530680835247,15779.221815182156,1037.3088656530908
10,8,22,19389.90707796812,16047.677440575466,3342.2296373926547
6,27,2,12200.750476673244,12084.452834291396,116.29764238184725
5,4,14,15466.389070123434,15075.499679648372,390.8893904750621
2,12,13,16755.170879006386,15464.478055088906,1290.6928239174795
8,24,1,12169.375029608607,11970.538954318123,198.8360752904846
12,15,20,18934.34813594818,16148.860802888696,2785.4873330594855
3,12,12,15215.482279509306,14316.243059089042,899.2392204202642
10,23,3,12634.372647717595,12517.771819983838,116.60082773375689
3,13,2,12282.039972320195,10713.543803189237,1568.4961691309582
8,4,8,14778.064952760937,14830.798261132672,52.73330837173489
10,5,16,17670.432512044907,18815.63472602788,1145.202213982975
4,10,22,18706.095808386803,16064.68362521918,2641.412183167622
8,23,5,13409.230129152536,12696.014486482749,713.2156426697875
8,28,5,13067.001737982037,12255.887640337638,811.1140976443985
12,24,12,17186.66950172186,15029.955105901912,2156.7143958199467
10,7,21,16262.34567335248,15952.004308388763,310.34136496371684
11,2,16,15853.73322570324,14427.414040829015,1426.3191848742244
11,22,20,18242.40110898018,15959.506473285206,2282.8946356949727
9,12,15,14307.8634519279,14506.215238040233,198.35178611233277
12,15,13,16513.28978395462,15241.394366765822,1271.895417188798
11,8,21,16638.906813055277,15537.98202673548,1100.924786319796
3,9,13,14886.059565544128,14289.224312368518,596.83525317561
8,12,21,14314.551931977272,14509.653400292658,195.10146831538623
11,5,16,14526.797265559437,14171.415765911453,355.3814996479832
10,11,20,15900.956134051085,15383.60933851446,517.346795536625
11,10,19,18082.870873630047,15932.292739364811,2150.5781342652353
4,26,2,13180.714921236038,14701.283632174936,1520.5687109388982
2,4,20,18829.95633739233,15843.58067084586,2986.37566654647
3,25,17,14387.005202770231,13463.676685258673,923.328517511558
7,27,5,16048.738365262749,15034.866858811482,1013.8715064512671
2,25,3,13146.25401340425,12572.536010101765,573.7180033024852
3,20,4,16059.555010139942,15052.974547947424,1006.5804621925181
7,9,15,16358.950307816269,17419.726840347146,1060.7765325308774
3,18,15,17880.612122774124,15989.773068216635,1890.8390545574894
5,29,6,12973.14565911889,13050.796380158541,77.6507210396503
12,24,18,17861.058909714222,15686.188116489062,2174.87079322516
10,16,20,16292.099136322737,15655.612186760329,636.486949562408
11,20,20,18129.080400764946,16104.949155249491,2024.1312455154548
2,18,2,12063.366168275476,11906.633417883417,156.73275039205873
11,3,11,14494.305499732494,14148.992983274784,345.31251645771044
10,15,21,18280.488002240658,15982.502040843121,2297.985961397537
7,26,2,12299.069985091686,12088.115191619612,210.95479347207402
11,4,16,15117.719084978104,14484.576941349604,633.1421436285
11,16,21,18439.038895487785,15992.980326711875,2446.0585687759103
5,23,5,12743.733131051064,14369.700024365518,1625.9668933144549
2,20,21,17828.359218239784,16161.480830024553,1666.878388215231
7,8,11,15258.0738183558,14505.116927361927,752.9568909938735
9,2,14,14911.76606541872,15625.109448529922,713.3433831112015
5,3,21,18847.57711327076,16146.715100856916,2700.8620124138433
4,26,2,12248.912126258016,12308.861046016002,59.948919757986005
11,2,11,14822.69268655777,14046.442516206464,776.2501703513062
11,19,21,18161.12063574791,15972.799573439279,2188.3210623086306
8,24,2,12282.332380577922,11984.10738866457,298.2249919133519
10,3,16,14848.272462517025,14650.817042276394,197.4554202406307
11,18,21,18304.495007276535,16056.895678950763,2247.599328325772
6,27,1,11969.234495654702,11845.616382763914,123.61811289078832
12,23,12,17520.338082015514,15047.00872016885,2473.329361846665
9,2,17,17394.05872565508,17087.836294981997,306.2224306730823
5,27,20,15009.7117587924,15201.145641959176,191.43388316677556
2,21,6,14500.097889959812,14068.271775712134,431.82611424767856
8,23,20,16018.141716629269,16416.42061780938,398.27890118011237
11,24,20,18276.404949486256,15875.135123269787,2401.2698262164686
2,19,18,13176.277328595515,12854.119725352424,322.1576032430912
7,17,21,18447.719278633595,16071.096166936732,2376.623111696863
7,28,4,14487.530896633863,15748.502966781443,1260.9720701475799
11,29,4,15350.169706135988,15133.282687381152,216.8870187548364
2,27,9,12636.788194194436,14201.127407795804,1564.339213601368
2,21,21,18934.038913190365,16073.858370748589,2860.180542441776
7,5,10,14419.740983903408,14121.125752539165,298.6152313642433
12,12,13,17017.062049388885,15261.221721133217,1755.8403282556683
7,16,11,15395.30638614297,14207.330747652188,1187.9756384907814
11,5,15,14561.991244584322,14814.295379889381,252.3041353050594
11,14,21,18626.682974994183,15965.380416195592,2661.3025587985903
6,27,15,14288.634225577116,14897.054659291312,608.4204337141964
2,27,3,14842.66585201025,14373.920016459882,468.7458355503677
4,23,3,12753.456013202667,14546.238807716321,1792.7827945136542
11,12,17,18245.654099583626,16119.99335015834,2125.6607494252858
4,20,2,12288.02039787173,11482.940258322935,805.0801395487961
11,2,15,14994.561073988676,14400.944617877545,593.6164561111309
11,14,21,18206.38116890192,15978.180413382972,2228.2007555189484
7,27,2,12566.814652055502,12457.862274027408,108.95237802809424
12,26,13,17966.030603468418,15091.355523251543,2874.6750802168754
3,14,3,13689.495447039604,13185.242154018079,504.2532930215257
8,24,21,16836.426745653152,17040.512751982933,204.0860063297805
4,12,18,17986.67798936367,15870.630451929446,2116.047537434224
1,22,6,13735.26492640376,14220.340862191635,485.075935787876
10,3,7,14453.709965080025,14036.51005767848,417.1999074015439
10,10,21,18339.708671569824,16065.00734317094,2274.7013283988836
7,25,2,12475.05792504549,12406.167955259978,68.88996978551222
11,3,15,15020.03217086196,14401.645846073377,618.386324788582
10,14,20,18336.047211647034,16030.77254244288,2305.274669204153
5,19,12,13032.306862533092,13578.060766804523,545.7539042714307
2,23,4,14906.415773510931,14634.494242457346,271.92153105358557
2,24,5,12667.41396062076,12139.24757036544,528.1663902553191
4,24,4,16078.359362781048,14985.311346948627,1093.0480158324208
7,24,13,16014.530700206757,16264.714735134736,250.18403492797916
2,18,14,17499.728426218033,15815.033496147136,1684.6949300708966
9,15,2,13885.639051288366,13703.083831284835,182.55522000353085
7,19,13,16009.35429483652,16397.828915294984,388.4746204584644
11,26,20,18440.990197718143,15891.111909218296,2549.8782884998473
4,25,2,11960.872767791152,12125.780663622583,164.90789583143123
1,9,3,14954.59833869338,14780.29749569787,174.3008429955098
10,2,16,17542.178067088127,17994.687865492386,452.5097984042586
10,9,22,19651.74493408203,15928.676407414723,3723.068526667308
5,22,10,12882.24011491239,13876.945586261887,994.7054713494963
2,24,5,15042.74692004919,14718.361884056027,324.3850359931639
4,12,4,14191.492757439612,13771.053963134187,420.4387943054244
8,12,12,12984.614173457026,12377.51334613427,607.1008273227562
8,13,3,14959.956832796335,14960.258625328019,0.3017925316835317
10,3,17,18097.075435221195,18745.681292309764,648.6058570885689
3,16,16,18305.765527307987,15943.009272519466,2362.756254788521
10,5,15,14838.287110120058,14493.161091055079,345.1260190649791
12,13,13,15484.355978637934,14968.015682953428,516.3402956845057
9,7,15,16677.75569024682,15436.188811584287,1241.5668786625338
10,3,16,17058.813683450222,17975.033825732095,916.2201422818725
9,19,17,17909.21891885996,16400.069839825293,1509.1490790346652
5,25,13,13858.953619420528,14504.307087657486,645.3534682369573
2,14,21,17544.152335464954,16319.781861636333,1224.3704738286215
10,8,19,15185.919927686453,14415.142286196278,770.7776414901746
9,24,12,12785.915175303817,12403.941719094244,381.97345620957276
8,1,13,14611.615755677223,14844.262348159007,232.64659248178396
5,27,14,18048.711191415787,15657.310321923713,2391.400869492074
11,2,19,15189.989856928589,14704.318532606976,485.6713243216127
5,4,15,14738.21335721016,14713.86958420716,24.343773003000024
3,26,15,17806.45607626438,15726.78216236261,2079.673913901772
6,21,15,14230.403561204672,13528.267392996502,702.1361682081697
2,22,4,15075.998619258404,14828.513056689088,247.48556256931624
1,21,6,12208.83558550477,12407.506013702929,198.67042819815833
2,23,20,18587.88167053461,16042.650902288817,2545.230768245794
8,26,1,13805.89443910122,13752.397532810914,53.49690629030556
12,10,18,18237.23782712221,15654.181521022429,2583.056306099783
8,25,3,12168.695272684095,10894.244202657914,1274.4510700261817
5,10,4,15726.2321523726,15023.389848973293,702.8423033993076
10,2,17,18645.374957561493,19615.092796845456,969.7178392839633
10,9,22,19486.818474531177,15874.514835029566,3612.3036395016115
4,26,2,12436.868914455175,12264.307284333043,172.56163012213256
11,2,12,14576.756016105412,14139.343473404484,437.4125427009276
3,21,14,17236.1123341918,15578.866925624794,1657.2454085670051
9,7,2,13040.595180749891,13274.558565191031,233.96338444114008
9,26,8,12596.492449775338,11841.047030512944,755.4454192623944
7,26,4,15364.935707986357,15093.82393404062,271.1117739457368
9,27,3,14391.193653732538,14052.020743401374,339.17291033116453
11,12,16,18833.793324291702,15868.905972081715,2964.8873522099875
2,22,5,12442.452968925238,12694.50965214664,252.05668322140264
5,24,5,16933.872105121613,15238.94050131608,1694.931603805533
7,19,3,13777.745735615492,12341.241303040304,1436.5044325751878
2,2,8,17631.896958708763,16430.648538647045,1201.2484200617182
5,22,5,13316.475605100391,12448.14068130722,868.3349237931707
8,27,3,16469.374820917845,15040.209571243651,1429.1652496741935
11,13,21,18170.434228360653,17603.89620260798,566.538025752674
11,21,20,17974.2934948802,15942.77815909675,2031.5153357834497
7,10,16,13464.369386166334,13445.545928489035,18.823457677299302
2,16,21,18353.47441571951,16013.936435929227,2339.5379797902824
8,16,16,14510.118921905756,13158.288408624727,1351.8305132810292
12,10,18,18342.49659770727,15630.301681092249,2712.1949166150225
9,6,15,17438.85911566019,18061.16566969789,622.3065540376992
9,9,22,19340.175528228283,16065.207416315521,3274.9681119127617
4,25,2,12031.599886611102,11765.4447299954,266.15515661570134
11,3,14,15193.207988202572,14255.73406098289,937.4739272196821
5,23,15,17243.810914576054,15523.124726085063,1720.6861884909904
5,18,14,13134.269991099834,13452.029244625402,317.75925352556806
2,23,4,14887.745936870577,14653.16523346269,234.58070340788618
2,26,8,12814.210903137922,12451.22726843797,362.98363469995274
2,21,21,18556.02434450388,16173.182810256514,2382.8415342473654
5,21,18,16201.102752804756,16663.490500945354,462.387748140598
12,23,20,18882.383128464226,15765.063742089407,3117.3193863748184
2,23,4,12711.167545467615,13052.119621279326,340.95207581171053
11,2,9,14164.14417809248,14253.209052612676,89.0648745201961
4,25,12,16993.41840159893,15440.44058203081,1552.977819568121
4,20,13,13013.324112147093,13476.933432759217,463.60932061212407
2,28,3,14682.527013778688,14223.64218797987,458.8848257988175
3,22,19,14790.82510778308,15211.690022950796,420.8649151677164
11,15,17,18386.986124515533,16031.410344710392,2355.575779805142
3,22,3,12410.757226139309,11780.40186034004,630.3553657992688
7,20,4,16456.61753666401,15185.140753680718,1271.4767829832908
8,20,14,15587.359965771437,14795.892355929212,791.4676098422242
11,14,21,17355.783181905746,16408.859008176376,946.9241737293705
8,10,21,16183.448758035898,16530.189217410458,346.7404593745596
12,11,18,18435.493086516857,15591.06267208128,2844.4304144355774
9,6,14,17461.93025022745,18154.42322714108,692.4929769136288
6,3,22,19335.574096739292,16153.715432418483,3181.858664320809
3,18,11,13305.765383705497,13927.35447339226,621.589089686764
2,18,9,15980.620774835348,15379.964190479495,600.6565843558528
3,28,3,12423.711158022285,11846.411551253004,577.2996067692802
1,12,3,15021.389634162188,14734.980854156494,286.4087800056932
7,7,15,16221.081659793854,17049.214286183374,828.1326263895207
11,13,21,19220.770431637764,15871.438822093687,3349.331609544077
4,25,1,12104.71404927969,12169.3333145156,64.61926523590955
10,13,20,19146.193612515926,15840.37740304713,3305.816209468796
10,2,16,17326.94918501377,16751.410963646096,575.5382213676749
5,25,12,17817.187828421593,15790.064184881248,2027.1236435403443
5,25,13,13907.975679278374,14321.026544287832,413.050865009458
5,29,6,15471.250511199236,14849.050103947626,622.2004072516102
6,28,3,13111.745327785611,12343.228138618426,768.5171891671853
10,2,15,14841.570858955383,14700.985029050176,140.585829905207
10,19,20,18616.12346893549,15913.284187559695,2702.8392813757946
11,2,18,14816.23878929019,14501.749331756686,314.4894575335038
11,12,4,13492.691155970097,13539.582945183427,46.89178921333041
9,1,16,16541.036989986897,15058.845069144942,1482.191920841955
2,23,16,18502.25731474161,15794.343864368404,2707.9134503732075
9,18,5,13814.881174236536,12905.09045920442,909.7907150321153
8,27,5,13045.015138670802,12186.432922378019,858.5822162927834
10,9,12,16557.06736022234,15132.564033374063,1424.5033268482766
9,25,3,12049.91108226776,10750.164920840443,1299.746161427316
9,20,4,15577.71582469344,15089.483280322378,488.2325443710615
10,6,21,16596.494902282953,15782.83262555082,813.6622767321333
4,27,13,14668.595585286615,14564.848415807477,103.74716947913839
8,12,5,12730.438397958877,11896.07673446942,834.361663489457
8,28,4,12747.91850619018,11667.19060663541,1080.7278995547713
6,22,3,15262.25570756197,15058.956500938188,203.29920662378208
9,6,16,16537.722482919693,16845.643448220264,307.92096530057097
11,18,21,18626.22611272335,16018.906920261592,2607.3191924617586
4,27,2,11942.879817306995,12029.49406724938,86.61424994238405
1,7,3,14859.603795140982,14940.723996840889,81.12020169990683
9,3,16,17611.33077454567,18053.82378825611,442.493013710442
3,13,17,18811.773711144924,15921.8987538068,2889.8749573381247
4,25,9,13858.614868760107,14858.682349092756,1000.0674803326492
1,27,4,15002.620140850544,14616.121150671544,386.4989901789995
2,26,3,12655.424401834607,11640.193064756191,1015.2313370784159
11,3,11,14801.555629611015,14245.730744572413,555.8248850386026
11,23,20,18253.05247962475,15832.715204309246,2420.3372753155018
6,24,10,13266.550073444843,14315.023967667878,1048.4738942230342
2,27,3,14810.507915526628,14437.613495507072,372.8944200195565
3,28,6,12812.69042120874,12178.082916690724,634.607504518015
11,26,11,16522.588202506304,15295.368991449503,1227.2192110568012
11,18,20,16801.543629825115,15923.531072247235,878.0125575778802
3,23,3,13107.306299760938,11891.57416511501,1215.7321346459285
11,9,12,14557.588716328144,13109.522267783856,1448.0664485442885
10,3,17,16701.569533586502,15867.011380701551,834.5581528849507
5,3,22,19267.91418880224,16060.839198447724,3207.0749903545147
5,27,1,12009.609391257163,11802.910000259877,206.69939099728617
11,3,13,15113.679093748333,14174.077192420695,939.6019013276382
11,15,21,18436.112352252007,15992.725277066791,2443.3870751852155
6,15,15,13096.05534864962,13441.14918492343,345.09383627381067
3,19,7,15795.542752087116,15187.140958890719,608.4017931963972
4,28,2,12657.99332936108,14448.614811760102,1790.621482399023
11,15,17,18437.58710694313,16054.953237328096,2382.633869615034
4,23,4,12519.16604977846,12165.276196507808,353.88985327065166
1,13,3,15340.125708043575,14922.311470006869,417.81423803670623
8,9,16,17134.791437506676,17367.596001734917,232.80456422824136
4,19,15,17713.904146432877,16206.925725108957,1506.97842132392
8,24,2,12412.708323314784,11488.39733476781,924.3109885469748
6,5,13,15336.5261746943,14670.685911089036,665.8402636052633
3,18,13,17000.854511737823,15576.330025217021,1424.5244865208024
8,22,1,12386.905857756734,12161.656903784311,225.2489539724229
10,2,14,14621.129891961811,14538.584951811266,82.54494015054479
11,18,21,18391.62692654133,16089.407398961011,2302.219527580317
5,19,9,12612.465814754363,13758.846795430121,1146.380980675758
1,22,5,14974.92050755024,14774.273872328466,200.64663522177398
2,25,3,12480.61183644831,11699.35661053139,781.2552259169206
4,27,3,12862.248904630542,11494.501759401479,1367.7471452290629
9,11,2,13080.955107346175,12511.012360277586,569.9427470685896
8,24,6,12602.151349276304,11271.45314948825,1330.698199788054
10,1,14,15193.561092704536,14919.086898425778,274.47419427875866
3,24,15,17701.167777776718,15632.330874020156,2068.8369037565626
10,15,6,13583.749466061592,12943.73558345528,640.0138826063121
8,26,4,12832.69372972846,11654.38389067078,1178.3098390576797
2,8,4,14910.65917918086,14946.164289419115,35.50511023825493
10,2,16,16817.973446965218,16860.304842709596,42.331395744378824
4,17,17,18141.431266248223,15930.004853798699,2211.426412449524
9,26,3,12875.067500293257,12205.404761703514,669.6627385897427
12,17,15,18042.616140186787,15336.753827793376,2705.8623123934103
7,7,14,15946.43525570631,14431.682091324055,1514.753164382255
10,12,21,18633.52196532488,16000.069840924385,2633.4521244004936
8,8,5,12921.037523329258,12554.822756060508,366.2147672687497
12,12,7,16054.69356906414,14710.472536712765,1344.2210323513755
10,1,18,17594.38749998808,16100.430269289443,1493.9572306986356
2,22,17,18307.307539999485,15534.566830516076,2772.740709483409
9,14,5,14299.096535623074,13968.122808964741,330.97372665833245
8,27,3,12387.71541441977,11112.264985984115,1275.4504284356553
1,8,2,13986.07041990757,14732.743134343582,746.672714436012
10,5,17,16472.73649060726,16241.103544407017,231.632946200245
11,12,21,19657.200214087963,15812.980076364443,3844.2201377235197
6,21,12,13228.322102427484,13620.285537418316,391.96343499083196
6,29,7,13119.725038409231,13287.359379021844,167.6343406126125
12,25,18,17925.079503655434,15642.884314431787,2282.1951892236466
10,13,20,16211.121734201908,15581.980057087723,629.1416771141849
11,15,19,18495.132888019085,16088.172020876767,2406.9608671423175
3,20,3,12132.27096438408,12055.698173107805,76.5727912762759
11,4,12,15336.149283826351,14037.015298513068,1299.1339853132831
3,24,15,17070.55676627159,15480.400764762442,1590.156001509149
10,14,6,13467.135576486588,13082.789480664327,384.3460958222604
8,18,7,12559.043277189136,11110.485532290004,1448.5577448991316
10,3,15,15425.977674752474,14569.771741405313,856.2059333471607
5,2,21,18874.038215100765,15938.65075197984,2935.3874631209255
7,27,1,11980.425365686417,12063.740011231404,83.3146455449878
11,11,19,18778.24641817808,16131.254137801103,2646.9922803769787
3,7,10,15680.618104606869,14572.26456262657,1108.3535419802993
8,29,3,13812.392218112946,15902.65927908374,2090.267060970795
2,13,17,18624.342068493366,15736.582156150318,2887.759912343048
1,15,7,13845.082066953182,14153.479681358018,308.3976144048356
2,16,4,16019.805121809244,14864.851276927662,1154.953844881582
9,12,21,17365.102516055107,17362.467718740456,2.634797314651223
11,10,13,16269.923271358011,15273.624144572368,996.2991267856432
9,14,20,15314.39952290058,15279.602202370037,34.79732053054249
7,26,4,13456.467391341925,13385.365957432288,71.1014339096364
2,7,4,15417.193943947554,14952.649453927428,464.5444900201255
9,6,16,16600.39709663391,16992.1408642767,391.74376764278713
5,28,19,14634.987090587616,14926.855285090025,291.8681945024091
3,25,20,15264.70939424634,15593.89110657836,329.18171233201974
11,11,20,16031.773354887962,14785.371781940321,1246.4015729476414
9,23,8,12582.312494769692,11614.301743200169,968.0107515695236
10,2,13,14747.96986836195,14438.622788051332,309.34708031061746
11,18,21,19021.001867234707,15842.533922952452,3178.4679442822544
5,18,14,13004.14934168756,13457.187201558707,453.0378598711468
5,27,8,16305.16810399294,15315.240234738367,989.927869254574
3,27,3,13354.314381957054,12636.855535289718,717.4588466673358
2,11,20,18463.71601986885,16167.939983598471,2295.7760362703793
9,2,16,16390.40244540572,16561.152252272677,170.74980686695562
4,20,14,17303.04962873459,16029.178899552506,1273.8707291820829
9,9,3,13964.079514443874,13496.950658578497,467.1288558653778
9,25,3,12047.080504715444,10459.990718319386,1587.0897863960581
11,27,2,14548.14634925127,14952.504667480833,404.3583182295624
8,23,12,15561.043632686138,14521.809897795363,1039.233734890775
10,4,16,15684.71838197112,15307.628627281805,377.08975468931567
8,22,16,18229.587639689445,16084.699957915409,2144.8876817740365
9,10,5,14120.084856420755,13805.464820005018,314.62003641573756
8,23,3,12116.802239462731,10472.432430521609,1644.3698089411228
10,1,14,15686.955940812826,14951.660580756065,735.2953600567616
5,2,22,19225.92797195911,16061.192155135768,3164.7358168233422
3,18,11,13030.354740083218,14442.21775857409,1411.8630184908725
1,25,5,14979.684752613306,14819.098245044954,160.58650756835232
3,19,3,13289.769667744637,12376.634642428093,913.1350253165438
11,6,19,14954.20422321558,14470.6951793156,483.5090438999796
11,21,4,13735.648379027843,13200.211999373516,535.4363796543275
10,2,16,16182.429225176573,15940.382387517835,242.0468376587378
11,15,20,18566.148313999176,15973.278490325358,2592.8698236738182
7,27,3,12368.008000090718,12227.690137462178,140.31786262854075
12,22,15,18133.74334871769,15220.785219000085,2912.9581297176046
9,2,16,17345.10064291954,16708.705047347103,636.3955955724377
2,17,19,17933.28333926201,15498.621053410763,2434.6622858512455
4,27,12,13874.792878508568,15185.957201193163,1311.1643226845954
8,29,16,17577.576280772686,15203.891831231394,2373.6844495412915
3,25,6,12501.055192738771,14387.523532498253,1886.4683397594818
2,8,10,17707.2620087862,16604.73462508787,1102.5273836983324
9,18,6,12819.296674251556,11835.640983158864,983.655691092692
10,2,16,14833.59381404519,14565.509244742349,268.0845693028423
5,4,22,18826.45892137289,16215.650993527608,2610.8079278452824
6,27,1,12068.102730929852,11850.366197858657,217.73653307119457
10,8,15,15507.23600205779,14545.613749478574,961.6222525792164
9,10,20,18321.875458836555,16060.541819064512,2261.333639772043
7,23,1,11926.170715421438,11880.343662289342,45.8270531320959
1,7,2,14320.073239654304,14751.089067551326,431.01582789702115
9,1,16,16623.07206517458,16955.5804451394,332.50837996482005
10,8,22,19591.4391143322,15893.886831623733,3697.552282708466
4,24,7,12809.504893660544,14703.045878414083,1893.5409847535393
8,15,14,16995.251592218876,18786.001376513574,1790.7497842946977
2,13,21,18034.952829241753,16219.309047280636,1815.6437819611165
7,26,3,13073.05003669858,12755.375878322997,317.6741583755829
8,23,18,13793.79251024127,13847.221616625273,53.42910638400281
2,14,22,18849.18884462118,16126.744720418394,2722.444124202788
4,22,7,14889.859232455492,13454.276046572999,1435.5831858824931
2,13,20,18859.189781188965,16037.091724765916,2822.0980564230485
8,25,2,13510.536261886358,13151.257507304676,359.27875458168273
11,8,17,18890.12107938528,15968.696836556415,2921.4242428288653
4,25,5,12446.789059400558,12239.579830284623,207.20922911593516
2,16,18,18540.214613318443,15916.65795203417,2623.556661284274
9,8,8,14876.494985759258,13239.335552813565,1637.159432945693
10,2,17,14764.9943446517,14699.182722306366,65.8116223453344
5,2,22,18855.95647585392,16132.67482344382,2723.2816524101
8,28,2,12862.609186053276,12806.469915386859,56.13927066641736
10,2,14,14819.225208550692,14456.814459307627,362.41074924306486
3,21,14,17220.46746712923,15620.39858194155,1600.0688851876803
9,11,1,12792.118495509028,13234.726591817694,442.60809630866606
10,18,14,13228.670900776982,13042.769938195195,185.9009625817871
2,11,21,17725.67183583975,16160.319587621012,1565.3522482187363
10,3,21,15831.58155721426,14211.084442861858,1620.4971143524017
10,15,15,18482.77464056015,15975.334759081565,2507.4398814785854
5,25,1,13630.656589895489,14195.981976329165,565.3253864336766
2,20,10,17168.137461960316,16093.317262868395,1074.8201990919206
12,11,18,18429.968087852,15591.58206437828,2838.3860234737203
7,10,13,17524.441640257835,19169.56590058426,1645.1242603264254
10,15,22,19244.354203402996,16028.477037701796,3215.8771657012003
3,23,4,13031.64535549283,13840.021878635802,808.3765231429716
12,11,8,15490.786909759045,13786.943920303213,1703.8429894558321
4,28,14,15896.283343464136,15039.576366081967,856.7069773821695
10,22,6,13103.844153180718,12679.900248427268,423.9439047534506
9,13,20,16578.68096470833,16892.66577485067,313.9848101423413
11,27,20,18129.926867306232,15688.579735287783,2441.347132018449
2,23,5,12882.90756854415,14068.338923488536,1185.4313549443868
2,15,8,16805.81287240982,15349.02073802939,1456.79213438043
10,7,21,16847.037105321884,16158.543613106614,688.4934922152697
3,11,12,17275.965980291367,16633.083739524318,642.8822407670486
9,25,2,12482.89901857078,11433.214049675014,1049.6849688957664
12,24,13,17727.345903873444,15099.884008341718,2627.4618955317255
9,2,17,17677.49460208416,17584.547808995812,92.94679308834748
2,13,19,18311.72360187769,15644.959928380475,2666.7636734972148
9,18,6,14154.518081843851,14030.21102474517,124.30705709868198
8,21,21,16125.705714166164,17216.25238292574,1090.5466687595763
3,9,21,18615.71664005518,16072.789243647492,2542.9273964076874
5,27,17,12970.842072606089,12668.585513453909,302.25655915217976
2,11,21,18033.63719713688,16469.147036579325,1564.4901605575542
4,25,1,13146.569387808442,14691.86521345111,1545.2958256426682
2,12,11,17063.349497377872,16229.400801624459,833.9486957534136
12,11,18,18433.438436627388,15591.49793387687,2841.940502750518
7,24,3,12392.372005671265,11130.299713965727,1262.0722917055373
11,22,3,15622.880392163992,15079.795814649317,543.0845775146754
9,5,16,16427.277054220438,16599.878157794137,172.60110357369922
6,3,21,18153.63039112091,16046.939916002591,2106.6904751183192
5,28,1,12983.528202816844,12932.53597267727,50.99223013957453
1,8,2,15060.309050232172,14907.422370797522,152.88667943465043
9,5,20,16795.83859297633,16572.34798370943,223.49060926690072
3,8,14,17738.41230559349,16350.204263069056,1388.2080425244349
3,24,2,13148.597790673375,13847.844481949693,699.2466912763175
2,14,4,16167.744835168123,15073.888115309906,1093.8567198582168
4,13,14,15607.682134628296,15448.506002826456,159.1761318018398
12,19,21,18237.499477148056,16061.996854563513,2175.502622584543
3,24,2,11931.306724980472,11994.526352489334,63.219627508862686
1,7,3,15195.94793149829,14901.430001299057,294.51793019923207
10,3,16,17342.49808639288,17801.318800516805,458.8207141239254
11,10,22,19567.46573829651,15914.725203380176,3652.7405349163328
5,22,11,12921.045520469544,13637.718677513296,716.6731570437514
2,19,9,15762.63800573349,15330.976553528808,431.66145220468206
3,29,7,12690.822410464289,12732.444388922217,41.62197845792798
11,5,13,15659.528620392084,14219.261645971414,1440.2669744206705
6,4,21,18040.738657712936,16134.64169660506,1906.0969611078763
3,18,12,13889.152051478624,15507.59242532938,1618.4403738507553
1,27,4,15147.682114034891,14757.6274893312,390.05462470369093
11,9,16,17765.627189159393,15576.043695277373,2189.583493882021
9,6,14,17581.51005357504,18512.786886540525,931.2768329654864
11,16,21,19151.30522054434,16020.492716410843,3130.812504133495
4,18,14,13163.427154481413,13382.60859760727,219.1814431258572
3,10,21,18844.67845749855,16049.835850709607,2794.842606788943
9,5,19,15599.495523631573,14670.572141568826,928.9233820627469
9,4,15,16066.015879273416,16817.467492018437,751.4516127450206
4,3,21,18766.820760309696,16169.838851532892,2596.9819087768046
3,25,2,12465.123016148806,12526.094004061959,60.970987913153294
1,12,3,15292.507043778896,14883.89792627028,408.6091175086167
9,4,21,17105.741722881794,16702.459791419325,403.2819314624685
3,5,14,15796.584430873394,15538.104650224139,258.4797806492552
8,27,21,14199.544852435589,15323.33122636492,1123.7863739293316
5,14,4,12758.226614966989,12165.461943299313,592.7646716676754
6,29,2,12409.529767632484,11964.790149231772,444.73961840071206
1,9,3,14677.981767326592,14829.355446882184,151.3736795555924
10,5,21,16570.795374274254,16420.400285674856,150.39508859939815
11,4,15,15813.09175875783,14656.482193184353,1156.609565573477
7,5,21,17069.620895802975,16300.937993177708,768.6829026252672
7,28,3,13303.335278332232,13524.61494016505,221.2796618328175
9,26,7,16553.702409654856,14860.017306312206,1693.68510334265
9,4,17,17024.908269286156,16785.291030321205,239.61723896495096
2,18,17,18085.582519352436,15756.842092497527,2328.740426854909
8,30,2,13828.61451971531,13910.791756720111,82.17723700480201
5,29,5,12918.32813321054,12860.384321042728,57.94381216781221
2,18,2,13650.8590067029,12718.483517142546,932.3754895603543
5,28,2,13162.389576792715,12358.762808917592,803.6267678751228
3,3,14,16412.057881087065,16126.287507498706,285.7703735883588
10,18,15,15520.80325308442,14695.704478190848,825.0987748935713
11,26,3,13254.47931292653,12210.730506874606,1043.7488060519245
7,29,2,12403.837034076452,12221.300233708653,182.53680036779951
1,9,4,15111.050700306892,14873.261847972748,237.7888523341444
7,14,21,15031.502940803766,15212.813793102372,181.31085229860582
2,9,13,15780.047575086355,15693.557878023903,86.48969706245225
9,22,3,12750.176160410045,12052.320327112655,697.8558332973898
10,10,16,13886.346490621569,13578.624963307868,307.7215273137008
11,24,3,14917.200019717216,15010.349383616947,93.14936389973082
9,14,21,17078.86805063486,17431.54716354515,352.6791129102894
12,18,20,18996.823436319828,15903.365499622012,3093.457936697816
2,18,8,13367.887169465424,14037.831202207406,669.9440327419816
2,16,21,19117.47608679533,15897.156533150583,3220.3195536447474
5,29,12,14716.49886572361,15247.352945311166,530.854079587556
5,20,10,17781.169528782368,16274.72742017594,1506.4421086064285
5,22,3,12872.585516035557,11941.020294609927,931.5652214256297
2,9,2,14485.217467486858,14762.32523217973,277.10776469287157
7,7,15,16272.602108299732,15593.556327358396,679.0457809413365
3,16,15,17771.150547385216,16057.486635370631,1713.6639120145846
9,20,14,14539.484421044588,13472.115704987356,1067.3687160572317
5,28,19,14775.43819975853,14984.212908441234,208.77470868270393
7,18,13,16891.239555299282,15238.146052408816,1653.093502890466
8,24,20,15344.16774982214,15535.938268994878,191.7705191727382
2,8,12,17526.31338119507,16173.452064647618,1352.8613165474508
9,21,4,13822.722062706947,13220.625411902078,602.0966508048696
8,26,4,12888.091560944917,11943.544010792151,944.5475501527653
1,8,2,14400.665548712015,14842.6360378446,441.9704891325855
5,16,13,15413.87943688035,15325.426846090302,88.4525907900479
2,12,14,16198.495685070751,15548.875352230325,649.6203328404263
10,22,4,12194.385983332992,11524.268706524232,670.1172768087599
4,13,14,15518.378274083138,15240.60391109859,277.77436298454813
12,21,21,18591.073964893814,15954.49047939181,2636.583485502004
4,25,2,11892.616150155663,11911.48448319534,18.868333039676145
11,2,13,14657.934782117603,14216.352332478036,441.58244963956713
3,20,14,17179.063606142998,15576.930851346508,1602.1327547964902
10,20,6,12999.430413752794,12639.25057782371,360.1798359290842
7,19,5,13074.484600633385,11932.519799217811,1141.9648014155737
10,2,14,15071.384884476662,14610.671754157653,460.713130319009
4,2,21,18776.58055233955,16048.32623586127,2728.25431647828
2,15,6,13145.4327686131,15151.239605742818,2005.8068371297177
1,28,4,15187.671096354725,14667.730597053329,519.9404993013959
2,25,5,12762.03202341497,11945.615979465987,816.4160439489824
5,26,5,16239.088348954916,15013.577588207047,1225.5107607478694
10,4,17,14243.44095042348,13459.693709340196,783.7472410832852
10,5,16,17730.385637402534,18780.125895656645,1049.7402582541108
2,11,21,18699.198582470417,16125.16231456629,2574.0362679041264
7,18,13,13608.594325333834,13462.819006925438,145.77531840839583
2,14,21,18259.706920564175,16309.012279065873,1950.6946414983013
4,25,3,13694.3786239326,12530.763078476943,1163.6155454556574
2,12,2,14912.300848543644,14537.76545311071,374.5353954329348
8,7,16,16759.39788028598,15938.881013713144,820.5168665728343
11,14,15,16109.45839586854,15232.475013430865,876.9833824376747
5,3,21,16560.47824308276,16087.823444999869,472.65479808289274
8,26,4,13534.64046293497,12888.602664881362,646.0377980536086
2,10,2,14781.870361208916,14435.672160037382,346.1982011715336
5,13,13,15831.92768985033,14788.209676846389,1043.7180130039415
11,9,21,18809.079290032387,15986.738509361767,2822.34078067062
6,20,14,13778.020509153605,13406.220037902038,371.8004712515667
5,24,8,17012.26212477684,15400.686487716877,1611.575637059963
2,24,9,13653.015363812448,13683.55686710215,30.541503289701723
5,28,6,16681.59472769499,15123.14878664508,1558.4459410499076
9,4,17,13671.380899012089,13820.86362350871,149.4827244966218
5,9,13,15636.06419056654,16035.305401343403,399.2412107768632
10,23,4,12389.438285514712,11486.474923789101,902.9633617256113
7,12,13,16244.45463514328,17657.0355682058,1412.5809330625198
2,19,14,18049.055683612823,15977.249893706912,2071.8057899059113
9,17,3,13850.974113851786,13133.302737600477,717.6713762513082
9,9,20,17065.46812438965,17010.59695045141,54.871173938237916
6,29,8,13238.639233618977,13413.843323655741,175.20409003676468
2,20,2,13714.46333923936,12869.770754127669,844.6925851116921
10,10,20,16536.618057340384,15831.72364525622,704.8944120841643
3,17,9,17041.39058047533,16485.92850937612,555.4620710992094
8,25,2,12108.393554031849,11050.973771591245,1057.4197824406037
12,24,8,16586.866755485535,14719.297338975532,1867.569416510003
8,9,16,16712.14011260867,15338.269599693098,1373.8705129155733
10,13,21,19023.1311571002,15871.382171283001,3151.7489858171994
5,25,1,12100.942064777017,12177.874668623326,76.93260384630958
11,13,14,16150.108065009115,14912.200244383026,1237.9078206260892
11,12,21,18055.504249453545,16240.720945946643,1814.7833035069016
7,25,1,11992.904800578952,12232.124015792255,239.21921521330296
6,18,4,16154.434312850237,14946.015075761416,1208.4192370888213
10,2,16,18167.17303556204,17405.677286195834,761.4957493662041
2,12,17,18277.264539539818,15955.806092091538,2321.45844744828
9,22,5,13847.60711273551,13058.49721187805,789.1099008574602
8,29,6,13232.002837508917,12623.776321560617,608.2265159482995
1,14,2,14397.240722119808,14783.372827109684,386.1321049898761
6,22,20,15538.920671880243,15691.184924978736,152.2642530984922
2,3,11,17179.466333925724,16528.532084999457,650.9342489262672
8,28,20,15472.832304537296,16077.480247455795,604.6479429184983
2,13,13,18015.13468527794,16379.096992979084,1636.0376922988544
9,14,2,13423.039755046368,13627.599636306217,204.55988125984913
9,6,18,14757.144023656843,15383.724113996821,626.5800903399777
4,27,3,12737.738761767743,11401.716553853254,1336.0222079144896
5,10,1,12638.926711529492,12073.474709712305,565.4520018171861
8,21,8,12959.576562598346,11786.362358344668,1173.214204253678
3,3,21,17958.673234403133,15009.959486244852,2948.7137481582813
5,23,17,14366.995537549255,14504.193010777142,137.1974732278868
9,24,13,14633.124782174826,14532.053245875024,101.07153629980166
4,3,21,16056.529630452394,15880.23062791412,176.2990025382751
7,23,13,13949.428343325852,13807.49283730561,141.93550602024152
5,27,9,17267.286417365074,15436.626277673364,1830.6601396917104
2,25,3,13498.847723662851,12883.523816734489,615.3239069283627
7,5,11,15744.07479763031,15605.594248443304,138.48054918700655
3,13,13,16540.015816688538,15067.379931910285,1472.6358847782521
9,23,1,12610.617245018482,12165.366641393633,445.25060362484874
2,11,2,14511.337357997894,14803.623135501131,292.2857775032371
9,2,16,17003.701493680477,17086.620265461315,82.91877178083814
4,14,19,18780.4355840683,16023.077883402108,2757.357700666191
8,27,3,12729.303624257444,12068.893722595723,660.4099016617201
12,20,14,17897.5594984293,15195.957994943337,2701.601503485961
7,9,14,15764.253428071735,14668.732964364612,1095.5204637071238
3,14,16,18030.92555141449,15907.396835561663,2123.5287158528263
7,24,1,12446.021744042637,12444.974570905571,1.0471731370653288
3,5,20,18458.957106232643,15696.109556107394,2762.8475501252487
10,4,15,15556.506588429213,15145.792205423912,410.714383005301
4,22,13,15347.17713522911,14766.484923460292,580.6922117688191
12,10,18,18320.1005038023,15640.18032842697,2679.9201753753296
7,25,3,12261.13667793572,11041.944036096702,1219.1926418390176
8,4,15,15465.171454250813,15299.695588718716,165.47586553209658
3,17,11,16611.292892694473,15129.331866048351,1481.9610266461223
9,23,2,12393.877518594263,12106.048786683581,287.8287319106821
5,10,10,16659.893359720707,14916.846766238099,1743.046593482608
11,17,21,16240.277257144451,16022.67453871758,217.60271842687143
10,2,17,18534.227010846134,18733.108753212553,198.88174236641862
4,23,13,18236.90727865696,15787.835994787645,2449.0712838693144
9,15,6,14333.770905584097,13649.416777016777,684.35412856732
8,28,4,13097.260046064854,12104.808515486371,992.4515305784826
10,2,13,15332.641204953194,14429.159050517961,903.4821544352326
4,2,21,18537.442271351814,16068.147429744426,2469.2948416073887
7,28,1,12052.54952339828,11964.764089474049,87.78543392423126
10,2,14,14812.919360905886,14551.980470885706,260.9388900201793
11,18,21,18236.043587505817,15997.00217104162,2239.041416464197
7,26,2,12163.253321245313,11973.99457538841,189.25874585690326
12,24,12,17383.072705447674,15049.107202448133,2333.965502999541
7,16,13,15280.507232248783,14636.482446822802,644.0247854259815
2,5,15,18015.946702599525,16027.758619170223,1988.1880834293024
3,22,2,12874.010647445915,13287.844962018447,413.8343145725321
10,2,10,15121.036052703856,14101.078578219982,1019.9574744838737
10,13,21,18099.646003186703,16101.896130196703,1997.7498729899999
7,27,2,12459.06959106028,12431.365415087494,27.704175972787198
5,29,6,12978.547829911113,13048.92774026413,70.37991035301638
10,19,14,14614.446333229542,14418.686590157184,195.7597430723581
11,29,3,14008.038359224796,13588.950938851107,419.0874203736894
6,30,2,12327.078431040049,12389.432094413474,62.35366337342566
11,3,12,14613.386199504135,14234.42405662019,378.9621428839455
11,15,21,18266.582000553608,16073.009340678856,2193.5726598747515
6,27,3,12795.422134667637,13135.211182804007,339.7890481363702
9,27,8,16808.409687399864,15003.864067654642,1804.5456197452222
4,15,13,15396.751202821732,15105.922235664118,290.8289671576131
11,19,21,18095.201233625412,16045.451692775783,2049.749540849629
3,24,3,12117.915892511606,12131.989349975895,14.073457464288367
1,7,4,15635.03317463398,14956.604021760897,678.4291528730828
10,4,16,17429.858846902847,17928.17138659375,498.31253969090176
10,9,22,19846.24686896801,15741.369606828193,4104.877262139817
5,26,2,12266.934809699656,12281.218713172284,14.283903472627571
1,6,4,15742.256781071424,15038.408420401774,703.84836066965
10,6,21,16601.945260971785,16269.191723850512,332.75353712127253
3,5,12,17158.79188078642,16488.32984929979,670.4620314866297
9,25,1,12228.292217716576,11375.571435414065,852.720782302511
11,27,3,15147.266262739897,15111.466060776567,35.80020196332953
8,16,14,15503.467503488064,14690.173680460195,813.2938230278687
9,5,20,16367.2205812037,15922.14895493842,445.0716262652786
7,14,19,15959.97256872058,16434.436699999434,474.46413127885535
3,18,12,18294.14547741413,16388.953656597907,1905.1918208162242
10,4,17,17680.402280271053,18436.787696463485,756.3854161924319
2,8,22,18860.872051417828,16054.449030706855,2806.423020710972
4,22,11,13698.04008385539,15013.31495353072,1315.2748696753297
2,23,10,16152.726615816357,15462.099800682996,690.6268151333607
5,28,18,14955.622792869806,15807.115091325362,851.492298455556
2,7,13,17475.157930374146,16068.053026619307,1407.1049037548382
10,21,4,13686.66117849946,12928.742524010757,757.9186544887034
8,21,4,12809.209614634514,11572.595230897034,1236.6143837374802
8,15,5,15411.326913744211,14970.53029147357,440.7966222706418
10,2,16,16898.87415856123,16150.119678876534,748.754479684696
11,12,21,18613.17477977276,16013.289551835813,2599.8852279369457
7,28,2,12291.83687928319,12366.32665591338,74.48977663019105
12,24,14,17951.486470997334,15116.953079454377,2834.5333915429565
8,6,15,16838.126240491867,16709.91783716926,128.2084033226056
9,10,22,19581.88437718153,15802.042410326669,3779.8419668548613
3,25,2,12267.002887919543,12283.021154358317,16.018266438773935
2,5,5,15912.11111947894,15054.91864649362,857.1924729853199
10,2,16,17968.416622042656,18124.00248024157,155.58585819891232
2,12,17,18685.842127859592,15860.942682547018,2824.8994453125742
9,21,4,13825.915997505188,13084.620323889803,741.2956736153847
9,11,20,16669.650280982256,16814.192001326228,144.54172034397197
10,27,20,17807.592900514603,15678.181118035547,2129.4117824790555
2,23,3,12207.025155976413,13199.602335438176,992.5771794617631
1,12,6,16085.085162818432,15128.507811960906,956.5773508575257
4,25,3,12977.41121071577,11750.102053053291,1227.3091576624793
12,4,15,15956.973846167326,14999.575373798285,957.398472369041
10,15,20,16305.48142784834,16116.415933370517,189.06549447782345
9,12,21,18531.720420002937,16133.179492736617,2398.54092726632
2,19,3,13229.174105450513,14158.284883249962,929.1107777994494
2,10,6,16567.160981595516,15181.548708129287,1385.6122734662295
9,16,21,17181.39056891203,17076.782578676866,104.60799023516302
2,3,12,18318.537985622883,16518.8490537471,1799.6889318757821
3,24,16,14929.693603396416,14626.937020150981,302.75658324543474
2,23,20,18710.092738091946,15796.389924476385,2913.7028136155604
3,25,4,14075.985754102468,13225.223274398802,850.762479703666
10,2,11,14286.973281055689,14440.52048935268,153.5472082969918
11,16,21,18503.84443950653,15898.260018865007,2605.584420641524
8,18,4,12924.426055207849,12265.450766095702,658.9752891121461
6,5,15,14879.239440262318,14571.174437746102,308.0650025162158
11,17,20,18346.45907819271,15970.92726530742,2375.5318128852905
4,25,2,12084.532548069954,12899.22818528456,814.6956372146069
1,13,6,16139.06421932578,15173.816927214697,965.2472921110839
10,29,4,14058.237023979424,13960.795569800406,97.44145417901746
4,5,13,15467.446743190289,15656.678286312817,189.23154312252882
10,27,21,15469.76386332512,15711.937067798099,242.1732044729779
8,28,5,12703.76998564601,11939.429959841404,764.3400258046058
10,9,4,13122.908925518394,12395.295702791853,727.6132227265407
8,26,3,12326.361354127526,10794.22789822629,1532.1334559012357
12,10,18,18197.30461972952,15660.090098783337,2537.2145209461814
8,25,2,12199.909751668572,11012.055112635928,1187.8546390326446
8,1,13,14695.726806461813,15720.918060677785,1025.1912542159716
3,25,14,18305.52110189199,15640.939202190264,2664.581899701727
9,7,4,13501.166894346476,13319.436702200099,181.7301921463768
8,26,4,12231.480410978198,10845.066671442299,1386.4137395358994
10,3,14,15608.254237741232,14542.449261269894,1065.8049764713378
7,4,22,19196.59036028385,15852.316797067353,3344.2735632164986
8,25,2,12325.532317250969,11916.64820542042,408.88411183054814
12,20,12,17162.92086583376,15087.01943125075,2075.901434583009
7,8,13,15650.416391670704,14400.618812652583,1249.7975790181208
3,12,16,17682.929376602173,15978.793779258014,1704.1355973441587
7,24,1,12392.556555062532,12488.624064748408,96.06750968587585
9,25,3,15813.903365969658,15163.024716240283,650.878649729375
10,2,17,17672.8751257658,17998.432008472788,325.5568827069874
9,8,22,19066.725004196167,15934.8931943286,3131.8318098675663
4,26,2,12465.10456120968,12466.833465021775,1.7289038120943587
1,6,5,15914.52707606554,15099.839317783999,814.6877582815414
8,7,15,16271.92542719841,16257.346108720158,14.57931847825239
12,20,21,18756.24977117777,15869.107547816786,2887.142223360983
6,23,9,13620.44444680214,13935.73514898783,315.29070218568995
2,17,7,15968.259656608105,15209.655598993233,758.6040576148716
7,28,15,13198.353536888955,12922.824128889408,275.5294079995474
2,15,21,18402.84834975004,16262.370224856031,2140.478124894007
9,10,9,15736.76418107748,14847.701579926634,889.0626011508466
9,26,2,11969.5330555588,11265.814527413471,703.7185281453294
5,2,21,17489.121347427368,16171.653335335042,1317.4680120923258
5,20,10,15263.442155092956,14389.788373618525,873.6537814744315
11,13,14,14199.62564405799,13111.405145536586,1088.220498521403
2,2,2,13296.89696523547,13062.76780489735,234.12916033811962
9,9,21,14959.860867112877,14817.258008516805,142.6028585960721
12,9,21,17179.92729729414,16122.84849667164,1057.0788006224993
8,18,14,17099.02330482006,16803.19585352711,295.82745129294926
12,19,19,18893.569282233715,16016.942365695373,2876.626916538342
4,24,2,11982.93626268208,11884.8406769486,98.09558573348113
1,8,3,15086.220604985952,14885.119618060091,201.10098692586143
10,2,16,17290.9677952528,17780.280207980446,489.312412727646
3,14,16,18516.169878184795,15912.891323372145,2603.2785548126503
9,26,3,13109.087611496449,12168.932923153205,940.1546883432438
10,2,16,15085.745697885752,14581.89741185948,503.84828602627204
11,17,21,18251.01013302803,16091.925737956244,2159.0843950717863
5,20,9,12891.294928267598,13835.702793082584,944.4078648149862
1,23,4,14740.085098147392,14624.350134343611,115.73496380378128
1,23,3,12559.19624812901,11568.541007108772,990.6552410202385
2,9,5,15460.071739405394,14980.607637653991,479.46410175140227
9,5,20,16753.252385556698,16885.181332949494,131.92894739279654
3,7,13,17746.552984297276,16384.658180932835,1361.894803364441
8,26,1,12140.107751756908,11920.664399776346,219.4433519805625
10,3,17,17365.446188032627,17723.532390344804,358.0862023121772
8,17,22,19321.25388419628,15909.935317156198,3411.3185670400835
8,18,3,13748.202248841524,13032.774001083511,715.4282477580127
9,23,5,12246.552969872952,10878.917537969253,1367.6354319036982
11,6,14,15611.985826432703,14573.829219047748,1038.1566073849554
11,15,20,18821.47854846716,15929.076147587291,2892.402400879868
5,25,1,12101.344587504862,12323.26293189119,221.9183443863276
1,7,3,15010.589393675327,14866.831331600677,143.7580620746503
9,2,16,17375.5201241374,18142.084162264095,766.564038126693
2,17,18,18564.24458450079,15738.996932429833,2825.247652070957
9,21,4,13851.592969477177,13317.243634672552,534.349334804625
8,28,3,12716.78133289516,11805.821328552342,910.9600043428181
8,28,3,15671.036300212145,15100.63778579308,570.3985144190647
9,10,17,15674.573496878147,15603.526810746347,71.04668613180002
4,16,15,15915.122555434704,15572.911024148412,342.2115312862916
11,24,5,12600.15862596035,12184.853932144304,415.304693816046
7,26,4,13061.816105142236,12540.713287178514,521.1028179637215
1,10,2,14281.049245595932,14869.694281811508,588.6450362155756
9,12,21,16069.312751621008,16273.348697892174,204.0359462711658
11,3,15,15563.625273615122,14336.826939566272,1226.79833404885
9,16,21,16850.85112607479,16920.07217617288,69.22105009808729
9,20,7,13224.89091913402,12820.661699278862,404.2292198551586
8,21,21,16705.70713093877,17435.317904707368,729.6107737685998
3,5,21,18384.70263338089,16109.704502534412,2274.9981308464776
12,10,17,17883.41071176529,15644.654994733766,2238.755717031523
9,29,4,13631.44933205843,14771.203474793254,1139.7541427348242
3,13,20,18527.83339971304,15843.00034261805,2684.8330570949893
1,19,7,14273.129616051912,14421.677452269025,148.5478362171125
2,10,5,16179.4149184525,15040.907758111587,1138.5071603409124
6,8,14,16546.311001479626,17559.672636481526,1013.3616350019001
3,17,15,17979.477282226086,15978.930880975808,2000.546401250278
9,24,1,12146.619474500418,11687.527655861184,459.0918186392337
12,24,12,17846.381081461906,15074.167368692106,2772.2137127698006
6,19,13,15246.116248130798,14558.479755596276,687.6364925345224
11,3,15,15644.12489786744,14519.424411208473,1124.7004866589668
9,6,21,18421.90286934376,16422.239240651597,1999.663628692164
8,28,3,13141.25559566915,12868.226133289323,273.02946237982724
12,26,15,18133.2102060318,15133.832726876537,2999.3774791552623
10,5,21,16372.073409974577,16045.50855034243,326.5648596321462
11,3,16,15865.113361388445,14553.681768141925,1311.4315932465197
11,25,20,17694.89309847355,16057.992048226346,1636.9010502472029
9,8,6,13483.286929100752,13046.615240885112,436.67168821563973
8,24,3,12293.568362683058,10698.871509368942,1594.6968533141153
10,1,13,15458.194256931543,14931.194905936676,526.9993509948672
4,2,22,18989.302023351192,16092.487581935697,2896.814441415496
2,20,4,13488.826281607153,15152.03013810486,1663.2038564977065
1,26,4,15681.375167220833,14934.901207040302,746.4739601805304
3,27,3,12484.71621491015,11723.728925974214,760.9872889359358
9,6,16,17667.923460543156,19062.097586557356,1394.1741260142007
2,15,20,18550.177819788456,16110.945831941957,2439.2319878464987
8,28,2,13080.966385364532,12303.455665792613,777.5107195719193
12,24,14,17725.51517391205,15140.39819106885,2585.1169828431975
9,2,16,17663.512319982052,17506.323386315114,157.18893366693737
2,15,18,18343.680994689465,15586.068260323982,2757.6127343654825
11,5,17,15143.172547131777,14675.377722289737,467.7948248420398
11,16,5,13618.472228974104,13604.18243479757,14.289794176533178
9,2,17,16403.721990138292,14953.763290229876,1449.9586999084167
3,25,16,18141.541995882988,15702.842646548888,2438.6993493340997
9,18,5,13376.59318447113,12410.628059662818,965.9651248083119
8,29,11,14030.07273632288,13731.762464016485,298.31027230639484
1,18,4,15153.110736906528,14935.243641504461,217.8670954020672
10,6,21,16718.059636861086,15893.238118126686,824.8215187343994
6,20,11,17017.483642220497,16435.62685824106,581.8567839794378
6,24,1,12104.702771261334,11371.981649328953,732.7211219323817
2,8,2,14671.789520084858,14856.305862554134,184.51634246927642
10,2,17,17735.15275323391,18168.090713367637,432.93796013372776
2,12,18,18881.250405311584,15856.634419127127,3024.615986184457
9,19,5,13891.203420490026,13244.85264015388,646.3507803361463
8,26,4,12696.961548492312,11709.107757187427,987.8537913048858
11,5,14,15441.3854983747,14383.192783040631,1058.1927153340694
10,8,21,18875.177500009537,15953.855607204297,2921.3218928052393
6,15,16,13189.037073507903,13221.219047169789,32.18197366188542
4,24,3,13060.83717314899,11816.305746120806,1244.5314270281833
11,3,17,15734.040642172098,16262.69135314818,528.6507109760823
11,16,20,18006.83078289032,16004.801428560293,2002.0293543300268
4,18,11,13083.178517401218,14002.267283997231,919.0887665960126
2,19,6,15397.604231119156,14950.427250032963,447.17698108619334
2,25,4,12731.893672436474,12089.570655343514,642.3230170929601
2,12,5,15662.360838383436,14965.972178106362,696.3886602770745
7,7,15,16430.32704049349,17245.660142599598,815.3331021061094
2,18,15,17946.61764794588,15961.914434503302,1984.703213442579
9,16,3,13918.982204973698,13482.082281300425,436.8999236732725
9,7,20,16983.19190466404,16804.368776757576,178.82312790646392
11,27,20,18512.720034897327,15811.97340313522,2700.7466317621074
4,25,2,12101.85578931868,12193.467108270732,91.61131895205108
2,8,6,16030.283426135778,15043.106344305745,987.1770818300338
5,15,13,15614.629804044962,15835.614232936856,220.9844288918939
3,12,14,17476.421068429947,16024.179658605646,1452.2414098243007
8,26,1,12392.63529613614,12175.132599471968,217.50269666417262
10,1,14,14975.470464736223,14643.9010541672,331.5694105690236
3,18,15,17515.789964795113,15759.667923559256,1756.1220412358562
10,15,5,13456.050719827414,12731.256720642472,724.7939991849416
8,27,4,12869.159869223831,11871.590073836162,997.5697953876697
12,25,14,17695.62555450201,15103.642688631042,2591.9828658709685
9,2,16,17123.547048151493,17284.564390543925,161.0173423924316
7,5,22,18784.037988185883,15637.91483988615,3146.123148299732
11,9,13,16970.38253647089,15259.809650013549,1710.5728864573412
10,5,16,17226.452608942986,17389.49333843696,163.04072949397596
3,18,16,18139.414346456528,15953.891410303268,2185.52293615326
9,12,9,13450.810337334871,12900.891043578793,549.9192937560783
12,12,9,15711.880361378193,14871.434390767055,840.4459706111375
9,22,9,15463.766828328373,14232.791981065884,1230.9748472624888
11,11,16,14560.431187063456,14705.72523803176,145.29405096830487
5,6,21,16266.830223560331,16360.607223090912,93.77699953058072
7,25,7,12792.965987324716,12537.91878761867,255.04719970604674
6,29,2,12742.775524765251,12207.861996081509,534.9135286837427
1,9,3,14558.17845416069,14803.143856035398,244.96540187470782
10,2,16,16725.509690731764,16957.499497279172,231.98980654740808
8,8,21,19225.856612861156,16064.762959684977,3161.09365317618
5,25,12,13338.264326453207,14219.243990059958,880.9796636067513
2,26,4,14938.929275155067,14553.677717629545,385.251557525522
2,26,3,12731.705021947622,11559.703487926849,1172.0015340207738
5,24,5,16333.200336307287,15156.18202381154,1177.0183124957475
8,17,15,15748.64095968008,15823.891018667411,75.2500589873307
6,22,14,17014.898310303688,15873.975951329921,1140.9223589737667
10,3,14,14150.63967385888,14218.529416835469,67.88974297658933
9,2,15,15206.10635021329,15567.169473940035,361.0631237267462
7,6,22,19249.01305025816,16094.716159962622,3154.296890295538
3,24,3,13136.408303380013,14358.708681066058,1222.300377686046
1,21,3,15600.86323967576,14899.412030423715,701.4512092520454
10,3,17,17519.888601720333,17992.579382851356,472.69078113102296
2,12,21,18807.693119049072,16129.177916747349,2678.5152023017235
5,22,13,13352.221386805177,13420.025559578606,67.80417277342895
4,15,21,18533.7012501359,16091.846621638462,2441.8546284974364
8,5,15,14720.677063941956,14430.863493579318,289.8135703626376
9,3,15,14967.831350266932,14990.548259523526,22.71690925659459
4,3,21,18907.85012423992,16082.913810327995,2824.936313911927
3,17,12,13423.664762318134,14266.5083752407,842.8436129225665
2,23,21,18143.00444728136,16315.385333854043,1827.6191134273176
6,27,4,14275.150636941196,13130.585353133523,1144.565283807673
10,2,13,14935.827204942703,14327.908049987876,607.9191549548268
10,12,21,18375.32506364584,16125.028819693598,2250.2962439522416
8,24,2,12475.245550259948,12139.50277837716,335.74277188278757
12,23,10,16854.90465092659,14953.476803005375,1901.4278479212153
9,5,17,16591.683084487915,15745.894041101592,845.7890433863231
8,9,22,19731.838549673557,15712.2116458273,4019.626903846258
6,17,15,13098.378210321069,13037.165331300013,61.212879021055414
11,27,19,18950.097170889378,15819.474207669431,3130.6229632199465
9,3,20,15893.490496009588,14749.006191935523,1144.4843040740652
11,21,5,13250.950318455696,13055.433423687327,195.51689476836873
5,3,11,15158.016059726477,14886.047086034903,271.9689736915734
11,5,15,15083.424886763096,14716.241287412171,367.18359935092485
7,3,21,18378.97668093443,16091.996822404491,2286.9798585299377
4,25,10,13873.704447209837,15240.598222554503,1366.8937753446662
12,10,18,18416.970889389515,15574.730512991353,2842.240376398162
6,24,3,12471.47992245853,11162.504125544798,1308.9757969137318
3,2,21,18504.968140244484,16095.045989231878,2409.9221510126063
10,2,16,17994.091133356094,18019.236876286534,25.145742930439155
3,22,15,17044.35731446743,15820.409266022698,1223.9480484447322
8,23,5,13483.652336895466,12748.466874535054,735.1854623604122
8,29,3,12957.180086225271,12341.905812701585,615.2742735236861
1,10,2,14280.357800543308,14817.625364921601,537.2675643782932
6,14,14,15996.039671421053,16334.311804219717,338.27213279866373
5,3,15,16193.6879683733,15780.080520351336,413.60744802196496
9,23,21,14927.499926298857,15702.163193875576,774.6632675767196
8,17,7,13162.23927156627,12836.133335145809,326.10593642046115
6,29,3,12557.908093377948,12218.545105816189,339.3629875617589
10,3,12,14831.993565768003,14368.826612440622,463.16695332738163
5,3,21,18504.187291264538,16062.65053551053,2441.5367557540085
7,27,1,12210.467207178472,12034.403231939887,176.06397523858504
10,22,5,15793.138278573751,14824.73374059474,968.4045379790114
5,10,13,15451.85478028655,14672.923827912475,778.9309523740758
11,3,15,15731.468843877316,14465.080726080929,1266.3881177963867
7,4,22,18054.437143862247,16587.593444114602,1466.8436997476456
8,28,2,13122.588219687344,12938.386989153007,184.2012305343378
11,25,10,17058.575819790363,14911.122172124584,2147.4536476657795
9,11,21,16081.808795958756,15480.401229784544,601.4075661742118
10,6,15,15228.883846193552,14282.375232804377,946.5086133891746
3,16,3,13498.912110894918,12875.164661982199,623.7474489127198
10,11,5,12783.8521181643,11948.5681878643,835.2839302999982
10,15,21,15901.77635356784,15325.367131930723,576.4092216371173
7,22,12,15553.109649300575,14641.764839729538,911.3448095710373
8,16,16,17226.877482652664,17618.272103538886,391.3946208862217
4,7,22,19220.010088145733,16280.396309978418,2939.613778167315
9,28,3,12764.033564090729,12142.152377709419,621.8811863813098
12,24,14,17678.253305137157,15147.830455750547,2530.4228493866103
9,3,17,17493.66208267212,17035.672016205484,457.99006646663474
2,15,19,18191.869845211502,15646.623558513797,2545.2462866977057
10,26,7,12766.513292744754,12612.986417196167,153.52687554858676
8,18,21,15810.134047180414,16591.533607398902,781.3995602184877
11,25,20,18620.906168937683,15957.649209237487,2663.2569597001966
7,27,3,12140.38744661212,11828.288404601182,312.0990420109374
12,26,13,17645.246851563454,15065.948574889102,2579.2982766743517
9,2,17,17597.756961762905,17359.519249006586,238.23771275631952
5,4,22,18939.97320139408,15860.024306769035,3079.948894625046
5,27,2,12970.466207012534,12344.291647284092,626.1745597284425
12,20,16,18614.193492412567,15173.248447599091,3440.9450448134758
5,15,13,15474.756129413843,15175.254152200963,299.50197721287986
2,10,17,18351.502608001232,15787.198925053071,2564.3036829481607
5,24,2,12490.938195109367,12500.659496929,9.721301819632572
3,6,20,18577.98408162594,15467.369520414739,3110.6145612111995
8,28,12,15355.08692213893,14754.238963266582,600.8479588723476
10,4,16,17689.80609703064,18444.545866989676,754.7397699590365
3,8,22,18938.66495126486,16008.129378794638,2930.5355724702204
8,21,3,14049.554590284824,13353.832625918238,695.7219643665867
9,24,6,12368.91987913847,11179.090929313277,1189.8289498251925
4,4,4,14211.583624392748,14777.667793672916,566.0841692801678
5,13,11,14875.96922504902,14438.11589762563,437.8533274233905
11,11,20,17177.644626379013,16310.975971779415,866.6686545995981
7,16,14,16139.252869814634,16340.016155835829,200.7632860211943
12,19,20,18580.420953810215,16093.372659340255,2487.0482944699597
3,24,2,12105.058541476725,12734.76184774125,629.703306264526
1,12,3,15140.07867911458,14913.565437589596,226.51324152498455
6,21,21,15713.035230457785,15910.270400704298,197.235170246513
2,3,12,18137.541785299774,16519.687700528255,1617.8540847715194
3,22,4,13416.12530452013,13172.244220131694,243.88108438843665
8,27,3,16461.69633591175,15136.254558822053,1325.441777089698
9,8,16,16059.696087896824,16713.130525614615,653.4344377177913
4,14,15,17504.812146782875,16074.580584136698,1430.2315626461768
9,9,4,14194.445547699928,13847.019385033123,347.4261626668049
9,25,3,12052.89360548556,10695.568178614987,1357.3254268705732
10,2,14,15627.175471663477,14905.386350865536,721.789120797941
6,3,22,19299.44096636772,15955.995226580979,3343.4457397867427
8,28,2,12442.575796797872,12001.068081268546,441.50771552932565
2,5,6,14756.416899055244,14661.34155367922,95.07534537602442
10,8,14,14767.53128361702,14328.474478079363,439.05680553765706
4,28,3,12551.09658040106,11250.974941651917,1300.1216387491422
11,5,18,15276.797379374504,15344.280032028542,67.48265265403825
11,21,20,18337.89762687683,15934.783619779908,2403.114007096923
8,27,14,14236.435455530882,14651.945129345368,415.5096738144857
12,23,16,17567.67705142498,15242.337811384807,2325.3392400401735
6,27,4,12594.98857729137,13158.344812173098,563.3562348817286
11,20,19,18954.016999959946,15857.04102550684,3096.9759744531057
4,21,15,15418.62030568719,15398.643272170148,19.97703351704149
6,9,20,18212.17848044634,15703.725701233092,2508.4527792132467
1,18,14,14212.122508615255,15589.16090215537,1377.038393540115
2,24,9,17697.99352824688,16398.332305282744,1299.661222964136
6,28,4,12359.3198248595,12155.801452511314,203.51837234818595
5,13,12,16259.950632363558,16729.778329233875,469.8276968703176
2,12,14,17959.38436472416,15977.919391235622,1981.464973488537
9,9,2,13343.809010386469,13101.569182287149,242.23982809932022
6,16,13,15675.235824137926,16055.920859671322,380.6850355333954
11,25,21,18619.30756109953,15950.357936930523,2668.9496241690067
6,27,2,12189.397408232093,12088.86799127734,100.52941695475238
1,11,3,15162.334515482187,14810.03576816007,352.29874732211647
10,3,16,17352.999356865883,17701.776808740608,348.77745187472465
11,13,22,19632.696156024933,15917.100466737136,3715.5956892877966
5,20,12,12892.9019433558,13600.023424596997,707.1214812411963
2,18,8,15609.871300518513,15220.390636616281,389.48066390223175
2,27,3,12523.288678124549,11826.68262753585,696.606050588698
9,6,16,17649.32334256172,19014.299760317634,1364.9764177559118
2,20,6,16313.637280613184,15176.552258505506,1137.085022107678
2,24,3,12594.540532380342,12875.904267218284,281.3637348379416
1,13,4,15359.47591677308,14968.99954076695,390.4763760061305
9,6,15,16852.005174934864,17752.59978307241,900.5946081375478
10,11,21,19171.086454629894,15957.535436538945,3213.5510180909496
6,26,1,11945.155721411107,11567.393081662329,377.7626397487784
12,22,11,17349.456008553505,15018.329339471857,2331.1266690816483
7,7,15,16447.04803556204,15660.544943917612,786.5030916444266
3,17,16,18173.637185573574,15759.421799013107,2414.215386560467
7,24,1,12517.863541185856,12381.44868702957,136.4148541562863
1,8,2,14570.836491853,14766.431441662678,195.59494980967793
8,6,16,16141.657343328,16305.485881915854,163.8285385878553
6,3,16,16055.94973525405,15711.600556197358,344.34917905669136
6,7,21,15341.174358695744,15630.185922658322,289.0115639625783
7,26,4,13432.946366369724,12949.386422041945,483.5599443277788
10,2,13,14923.428766727448,14426.117447710923,497.31131901652407
3,16,15,17206.960092127323,15678.601375985481,1528.3587161418418
10,16,6,13327.85512562096,12831.575512856976,496.2796127639831
8,29,5,13516.99467036128,12483.78469922461,1033.20997113667
5,28,4,16041.267395794392,15144.597536639694,896.6698591546974
9,22,4,13588.650687783957,12626.072402962565,962.5782848213912
10,9,14,14648.484212845564,14229.278876652072,419.20533619349226
11,21,19,17013.340713441372,15812.50172579012,1200.838987651252
4,13,3,13894.716010570526,13379.764326252613,514.9516843179135
10,4,16,16848.032851815224,17499.541924984725,651.5090731695018
11,18,20,18518.932377517223,16077.614087509832,2441.3182900073916
5,26,2,11913.185615196824,11913.26519925628,0.07958405945646518
2,5,4,15316.548908144236,14970.706477912312,345.8424302319236
4,6,14,15030.87547287345,14747.433721191557,283.44175168189213
3,14,14,15108.980466246603,14537.758213744479,571.2222525021243
8,16,21,14623.747622549534,15084.131051281463,460.3834287319296
8,13,20,16017.85792067647,16007.749661773061,10.108258903408569
3,18,11,17784.88102209568,16418.64117106611,1366.2398510295716
9,11,10,13510.036748200657,12841.324531829763,668.7122163708937
12,11,12,16151.344135820866,15101.702096964449,1049.6420388564165
9,1,18,17525.637520313263,15907.538570825927,1618.0989494873356
4,3,22,19317.968084812164,16018.336230640443,3299.631854171721
3,26,2,13089.742529138925,13193.408132478537,103.66560333961206
5,25,5,17007.571289360523,15276.752494811253,1730.81879454927
7,20,3,13497.665377229452,12457.261029674974,1040.4043475544786
10,2,17,15923.64955753088,15341.344482227105,582.3050753037751
9,6,21,19033.875212550163,15965.631361275855,3068.2438512743083
7,28,2,12681.618112102153,12618.54685311399,63.0712589881623
10,2,14,14739.402675509453,14434.001323015276,305.40135249417654
11,17,21,18174.340933918953,16027.869237393805,2146.471696525148
7,26,2,12066.605420202017,11913.293838141704,153.3115820603125
12,24,12,17553.848150372505,15058.143547997313,2495.704602375192
7,25,20,15525.191427499056,16090.987513617869,565.796086118813
2,21,7,14854.243660598991,14641.48629325312,212.7573673458719
7,28,4,13001.293952494858,12701.802595149185,299.49135734567244
10,2,14,14900.666854918005,15041.296340222989,140.62948530498397
11,17,21,18673.37479120493,16007.782594436567,2665.5921967683626
5,27,3,12878.18720522523,13905.0227312017,1026.8355259764703
4,26,5,16232.400279015304,15027.648294397382,1204.751984617922
10,16,21,15079.002263128756,14112.050246713248,966.9520164155074
10,24,13,15767.025770038366,15267.975878794328,499.049891244038
10,14,21,15005.217365950346,15354.519348960497,349.30198301015116
8,15,7,13386.830959424376,13130.681299694503,256.14965972987375
12,18,15,17685.104598760605,15294.886193995571,2390.2184047650335
6,17,13,15120.541460335256,14597.887979644242,522.6534806910149
11,3,15,15816.319322556255,14573.699314651656,1242.6200079045993
9,8,21,17876.697215020657,16519.155593879867,1357.54162114079
8,27,4,13305.661215826867,13013.833231489223,291.827984337644
12,26,14,17875.079742133617,15106.797033404026,2768.282708729592
9,2,16,17135.69203853607,17086.734883510107,48.95715502596431
2,13,18,18184.6289473176,15636.05346907365,2548.575478243951
11,3,19,15597.784545719624,14965.550643672505,632.233902047119
11,21,4,12847.55733770132,12874.126681461077,26.56934375975652
12,8,21,17248.492727577686,16268.573865706676,979.9188618710104
9,26,12,15392.12967595458,14474.276159319968,917.8535166346119
11,18,6,12981.701573953032,12294.467394782609,687.2341791704239
11,9,15,17374.68185979128,15487.440320591817,1887.2415391994618
8,26,2,12042.105873346329,11181.808464952906,860.2974083934223
8,12,3,15194.802084833384,14999.19856211114,195.60352272224372
10,1,17,17979.200048029423,17671.91693332472,307.2831147047036
5,18,18,18411.82729279995,15835.723310886448,2576.103981913502
9,25,3,13171.704194679856,12449.575125725773,722.1290689540838
10,2,16,15068.75977191329,14641.725766334139,427.0340055791512
11,18,21,18369.890289127827,16028.633524611407,2341.25676451642
6,20,9,12904.389732852578,13837.461761091143,933.0720282385646
2,24,8,15668.361154258251,15231.754728093636,436.6064261646152
3,27,3,12483.107149273155,11816.487807139383,666.6193421337721
11,2,12,14700.879015356302,14388.356705982538,312.5223093737641
10,16,21,18469.529735803604,15943.38838781479,2526.1413479888142
8,24,2,12438.763416483996,12070.316016978919,368.44739950507756
8,13,5,14660.68538826704,14677.5605303394,16.875142072360177
11,7,20,16899.22767317295,16052.862430737463,846.3652424354877
9,2,16,18152.325421869755,19110.402954274883,958.0775324051283
11,19,20,19441.054326593876,15921.499736873993,3519.5545897198826
5,22,11,13495.774771243334,14350.784247302845,855.0094760595111
2,23,5,15267.017491966486,14708.796321799618,558.2211701668675
11,15,19,14720.879658162594,13529.673428830916,1191.2062293316776
4,22,8,16823.1375490427,16569.034262168683,254.10328687401852
7,13,5,12941.39168074727,12121.368612381615,820.0230683656555
12,19,11,17363.57034599781,15042.319376082054,2321.2509699157563
12,10,17,17953.22369593382,15641.655340054587,2311.5683558792316
8,25,2,12133.739977538586,10936.677337334986,1197.0626402035996
3,5,4,15344.982227802277,14909.623297674776,435.35893012750057
10,2,16,17938.673821926117,18152.00705184005,213.33322991393288
2,10,17,18855.28143519163,15906.493116057307,2948.7883191343244
9,12,6,14037.591278523209,13963.925504228624,73.66577429458448
8,23,3,12355.371903270485,11041.182348385824,1314.1895548846605
12,22,13,17378.56313854456,15105.224007604149,2273.3391309404105
9,2,17,17479.593677520752,17131.169195190094,348.42448233065807
2,15,19,17970.34085702896,15490.652006723136,2479.6888503058253
9,18,5,14090.071383863688,13824.623856756483,265.4475271072042
8,28,12,13573.118190795183,13143.653479315533,429.46471147964985
1,20,4,14928.79054170847,14947.871948198195,19.08140648972585
8,13,21,15556.51232996583,16094.919044075617,538.4067141097876
6,20,9,17070.11712861061,16339.837285510088,730.2798431005231
4,23,3,12592.803717553616,11685.993492038951,906.8102255146641
1,9,2,14888.304916471245,14865.815212711486,22.489703759758413
6,8,15,16278.40967258811,16077.97466189539,200.43501069271952
11,10,14,16078.331475317478,14988.411787463454,1089.9196878540242
11,25,21,16860.84263011813,16407.060379484687,453.7822506334451
9,14,6,13542.033511549234,12979.106997613253,562.9265139359813
9,13,20,16786.399096667767,17375.629412312806,589.2303156450398
11,29,20,18533.869395136833,15661.699462005925,2872.1699331309082
6,25,2,12236.481699481606,11996.19826657242,240.28343290918565
11,9,14,17121.379207968712,15373.58520327355,1747.7940046951626
9,25,5,12307.804092615845,11063.01562091244,1244.7884717034049
3,8,4,15237.347691386938,14847.00207900273,390.3456123842079
9,3,16,17500.157401025295,18381.720315186198,881.5629141609024
11,11,21,19475.009774148464,15861.92137705574,3613.0883970927243
6,27,2,12064.87065592408,11772.45617724589,292.4144786781908
2,4,4,14956.297833532097,14788.299576230029,167.99825730206794
10,2,16,17209.332166969776,16537.348641773224,671.9835251965524
10,10,22,19362.07538932562,16022.737152176072,3339.3382371495463
6,27,2,12200.917391344905,12120.907631861703,80.00975948320229
12,22,13,17812.686463713646,15108.220393150035,2704.4660705636106
9,2,16,17479.71507000923,17277.924267763497,201.79080224573408
2,15,19,18277.263719320297,15622.970459516788,2654.2932598035095
10,25,5,13454.468106269836,12547.679906991172,906.7881992786643
12,16,14,17564.716058969498,15355.686256665418,2209.0298023040796
9,1,16,17613.831623852253,15916.462196432134,1697.3694274201189
2,20,18,18478.244568169117,15612.231133157873,2866.013435011244
10,15,6,14057.49513542652,13732.433364404547,325.06177102197216
8,18,20,16003.374894559383,16982.04164542839,978.666750869008
2,17,13,18233.244998514652,16103.18379626662,2130.0612022480327
8,26,2,13586.689953029156,13247.606497526745,339.0834555024103
7,22,12,15801.703010767698,16024.963891790294,223.26088102259564
11,22,20,18478.37498307228,16056.310686298279,2422.0642967740023
6,26,2,11850.683452636003,11737.082967932734,113.6004847032691
10,3,17,17503.358717799187,17960.324199960298,456.96548216111114
3,28,15,17461.156783223152,15636.82802196427,1824.3287612588829
9,17,5,13585.02121642232,12625.25481575743,959.7664006648902
7,28,20,16576.172733426094,17426.88541150223,850.7126780761355
4,19,18,18185.51642483473,15991.411549285185,2194.104875549543
1,20,6,12994.268157169225,13309.417713888015,315.14955671879034
1,15,5,15841.092412620785,14996.676581454532,844.4158311662522
4,14,13,15952.39415049553,16780.743434350552,828.3492838550228
11,12,13,16512.722192049026,15363.539512444162,1149.1826796048645
7,7,21,15577.45581510663,15686.181990149267,108.7261750426369
7,28,3,13894.34609156847,15935.595329149457,2041.249237580987
4,18,17,18039.409902095795,15891.161534940296,2148.2483671554983
2,21,7,12950.60028526187,13193.849531189378,243.24924592750904
11,4,9,14405.643871068954,14015.331150736009,390.3127203329459
3,24,14,17014.565301179886,15583.835273145309,1430.7300280345771
9,14,6,13192.842071846128,12846.743273210643,346.09879863548485
9,12,20,16579.13536632061,16970.842999351262,391.7076330306518
10,27,19,17713.13970184326,15685.384257615298,2027.7554442279634
3,21,14,12725.540867224336,12567.299598248692,158.24126897564383
4,30,12,17208.558699965477,15934.960976045026,1273.5977239204512
8,28,2,13334.939771696923,13250.030453679774,84.90931801714942
9,22,10,14514.766695797443,13776.852334102914,737.9143616945294
5,24,4,15617.749508976936,15150.756799661254,466.9927093156821
10,5,20,14639.328102380035,13828.663552719157,810.664549660878
4,12,4,14169.110607266426,13770.46485224797,398.64575501845684
8,11,13,13149.812330722809,12632.25267732245,517.559653400358
9,1,15,15808.891414612532,15022.848952407458,786.0424622050741
5,3,22,19442.497092723846,16090.016034120074,3352.481058603773
7,28,2,12313.29074601829,12108.289377844947,205.0013681733435
9,22,4,15589.18864518404,14733.874780037273,855.3138651467671
9,7,17,16767.749765515327,15332.052799663692,1435.6969658516355
6,28,18,17039.195673048496,15677.630198180965,1361.5654748675315
8,21,4,12993.943145185707,12571.502241286713,422.4409038989943
8,29,3,13150.59317970276,12252.348436292848,898.2447434099122
5,26,5,16348.28786420822,15205.107594237987,1143.180269970233
9,5,16,17043.85944122076,18141.67313618658,1097.8136949658183
11,19,21,18989.223282277584,15915.393331870451,3073.829950407133
5,25,7,13119.836588263512,14292.802434546464,1172.965846282952
2,25,4,15113.820581614971,14643.095861675003,470.72471993996805
10,18,19,14257.64264124632,13424.015269248026,833.6273719982946
3,25,12,16725.54331973195,16093.944977766741,631.5983419652093
9,23,5,13277.77313709259,13127.233089159214,150.54004793337663
7,23,13,15906.970393657684,16699.148117538538,792.1777238808536
2,15,12,17560.281132042408,16282.835437926962,1277.4456941154458
9,14,14,13845.956420958042,13774.523128291845,71.4332926661973
12,16,18,17885.10856616497,15661.23655768667,2223.8720084783
11,14,21,17245.783542513847,15930.5875169656,1315.1960255482481
10,3,17,16873.26608502865,17255.273314017595,382.00722898894674
10,3,17,17519.95503950119,17993.561441400103,473.60640189891274
4,8,22,19149.291581630707,15969.778439297697,3179.5131423330095
7,22,1,13140.622386202216,13158.324222800566,17.701836598349473
10,6,16,14771.841127067804,15535.04364721602,763.2025201482156
11,18,20,18191.79274457693,16093.09669128636,2098.6960532905705
4,27,3,12807.778946742414,14013.12293141804,1205.3439846756264
1,18,3,15530.686898261309,14923.41823805185,607.2686602094582
9,7,21,16733.244360774755,15968.443886621966,764.8004741527893
2,10,12,17283.072362184525,16727.722988736932,555.3493734475924
8,26,1,12075.254019841552,11068.271329126717,1006.9826907148345
2,12,2,14325.523598343134,14527.524735763898,202.00113742076428
10,1,17,18151.39201205969,17152.14062496022,999.2513870994699
2,14,17,18849.910637795925,15871.24278100732,2978.6678567886047
8,16,14,14485.402837097645,14269.801919079633,215.60091801801173
7,27,3,14319.180020600556,14024.48674827178,294.6932723287755
3,27,4,13049.977671802044,12623.13490300949,426.8427687925541
2,12,4,15283.910323023796,14747.987534314703,535.9227887090929
5,16,13,16049.645938158035,16445.608586606082,395.9626484480468
6,4,14,15781.271342605352,15615.077161791198,166.1941808141546
8,13,21,14923.994718194008,15341.844288744685,417.8495705506775
7,25,4,13450.417452186346,13277.995072438694,172.42237974765158
10,2,13,14755.917795479298,14411.65450415701,344.26329132228784
10,11,21,18457.637373030186,16057.980397289011,2399.6569757411744
5,17,12,12764.731570899485,13689.217743487898,924.486172588413
10,9,12,16537.44319817424,15128.343368003012,1409.0998301712261
9,26,2,11996.193265676498,10996.951098854695,999.242166821803
2,3,3,14278.339240312576,14747.22324964267,468.88400933009325
9,1,16,17859.014102458954,18047.29280036738,188.2786979084267
10,8,22,19844.633497178555,15929.057210604833,3915.5762865737215
4,21,10,12651.243537902832,14029.265939118235,1378.022401215403
2,22,7,15281.14741358161,15037.009205751683,244.1382078299266
2,28,5,12642.944146722555,12310.26644260418,332.6777041183759
11,4,12,15483.033784776926,14075.162792854644,1407.870991922282
9,12,21,18019.905902206898,16124.908577823851,1894.9973243830464
8,25,2,12439.548366561532,12166.57758454463,272.9707820169024
12,24,14,17868.98633134365,15122.857381387947,2746.1289499557042
8,4,16,17151.17778301239,17058.43957716528,92.73820584710847
8,7,22,19809.78729122877,15687.0140243964,4122.7732668323715
4,19,13,13041.663721725345,13524.778260246077,483.1145385207328
5,15,21,19124.879388153553,15935.179811072825,3189.699577080728
10,5,21,15735.641710668802,14623.207813177078,1112.4338974917246
9,23,9,12542.264456644654,11753.402232355193,788.8622242894617
9,1,12,14441.637154012918,14604.198057009056,162.56090299613788
10,14,21,19046.113707959652,16060.772438544162,2985.3412694154904
4,19,10,12918.440708339214,14111.381674154994,1192.9409658157801
2,15,21,18197.86893075705,16265.794920527002,1932.0740102300479
9,4,16,15356.002287119629,14733.019444736412,622.9828423832168
9,2,14,15693.061244785786,16301.732439144229,608.6711943584432
4,28,3,12712.01278167963,11433.642451511434,1278.3703301681962
3,8,2,12685.951536864042,11955.304512705281,730.6470241587613
8,24,3,12577.816871598365,11170.649884758146,1407.1669868402187
9,1,13,15055.573512852192,15205.98301815794,150.4095053057481
3,22,15,17912.307045340538,15776.556850190798,2135.7501951497397
9,16,5,13539.41414052248,12874.175710102025,665.2384304204552
8,28,4,12872.638010084627,11975.08933447537,897.5486756092578
2,13,2,14749.95315915346,14772.160569539868,22.20741038640881
10,4,18,18205.105727553368,17094.469520758706,1110.6362067946611
9,9,22,19748.041986227036,15831.582089581798,3916.4598966452377
3,25,1,12468.408200368283,12437.926413522577,30.481786845706665
1,6,4,15951.753148943186,15081.033216897567,870.7199320456184
4,14,13,15779.140002191069,15907.258433151295,128.11843096022676
3,5,14,15591.360996574163,15281.866864397707,309.49413217645633
7,14,20,14031.113184779882,15263.0754514714,1231.9622666915184
7,27,6,13640.678442060947,13601.964927475325,38.71351458562276
7,26,4,16547.35883191228,15175.229384017437,1372.129447894842
8,13,15,16166.47226458788,17266.030665815746,1099.5584012278669
11,20,20,18213.57039296627,16029.689461790465,2183.880931175805
4,26,2,12219.483675271273,12992.764424468663,773.2807491973908
1,10,4,15973.65834146738,15064.38436954944,909.2739719179408
6,26,20,15876.098561376331,15735.39429200822,140.70426936811054
3,5,12,15250.878032535316,15462.576946336369,211.69891380105219
9,21,21,13993.927302658558,14663.095689356389,669.168386697831
6,20,13,16376.546477109194,17959.452036807284,1582.9055596980907
2,19,6,15897.44477429986,15206.452515178176,690.9922591216837
6,29,2,12380.882165625691,11937.544604209854,443.3375614158376
11,3,12,14640.853300571442,14539.582603531877,101.27069703956477
11,20,20,18427.65096771717,15894.366836412224,2533.2841313049466
5,19,10,12731.161421462892,14004.192698111534,1273.0312766486422
1,25,4,14841.946929603817,14596.767117589461,245.17981201435578
1,24,4,12768.816059038045,11866.159376887274,902.6566821507713
11,3,10,14813.17855027318,14135.396162756291,677.7823875168888
11,20,20,18249.42792958021,15903.529088515737,2345.8988410644743
8,21,3,12638.794451132417,12206.633959968416,432.16049116400063
10,3,15,14767.507907360792,14557.680054173175,209.8278531876167
11,17,21,18354.688340604305,16139.609782029735,2215.0785585745707
6,26,1,11960.140926927328,11790.58353186432,169.5573950630078
11,3,15,14889.585689246656,14443.08895395642,446.49673529023676
11,18,21,18235.306210160255,15974.298164353984,2261.008045806271
6,27,1,12145.922698020937,12154.675776575607,8.753078554669628
10,2,13,14594.065108567476,14255.82918074875,338.23592781872685
8,21,18,17804.20949500799,15916.01308623339,1888.1964087746019
5,26,7,13711.414173185824,14498.356859845819,786.9426866599952
12,27,19,18680.52382451296,15182.523914237803,3497.9999102751553
8,23,21,15063.179818540812,15529.06178256999,465.88196402917856
2,13,11,17917.718853712082,16711.204900781027,1206.5139529310545
5,22,4,13155.993710055944,11945.793360479267,1210.2003495766767
4,26,3,12981.05524097383,11671.534958910019,1309.5202820638115
9,18,21,15760.362306684256,15975.470154434988,215.10784775073262
11,26,3,14179.249750822784,14538.483050707675,359.2332998848906
7,20,21,15534.158067256212,16173.752962608101,639.5948953518891
2,10,9,17628.823596179485,16662.171795708186,966.6518004712998
10,7,20,14802.663336068392,14272.417325228113,530.2460108402793
10,5,15,14808.153475403786,14446.70461511978,361.4488602840065
11,21,21,19093.527317345142,15794.809580074712,3298.71773727043
8,9,2,13150.718468233945,13790.584286505018,639.8658182710733
10,18,3,12302.18722936511,11638.74073314217,663.4464962229413
12,7,20,17642.463846743107,16223.171056764579,1419.2927899785282
11,7,16,15468.01966652274,15106.264908620737,361.7547579020029
8,7,17,16751.60907575488,15749.948773373846,1001.6603023810349
6,24,9,15455.760665625334,15481.532378095575,25.771712470241255
2,8,19,19070.784270584583,15980.377985000343,3090.4062855842403
2,20,5,13591.795409411192,12922.878258809906,668.9171506012863
10,2,10,14547.287989526989,14173.183297958969,374.1046915680199
10,14,21,18153.2284835577,16071.713313367867,2081.515170189834
7,25,2,12382.980902314186,12220.048388537067,162.9325137771193
10,2,15,14833.6922403872,14484.50455029141,349.18769009578864
11,18,21,18274.926913917065,16012.737967006819,2262.188946910246
6,28,2,12408.049271404743,12517.114098736654,109.06482733191115
8,26,5,16113.92859223485,15011.33009045046,1102.5985017843905
7,23,6,13311.116085723042,12444.008485569146,867.1076001538968
10,5,16,17725.579971253872,18828.102773265593,1102.522802011721
3,8,22,18656.589819014072,16067.921966814876,2588.667852199196
7,15,14,13886.774645209312,14543.80760059878,657.032955389468
2,26,4,14876.076673805714,14396.262558921495,479.8141148842187
4,24,3,12953.349866136909,14420.718479969262,1467.3686138323537
3,3,20,17889.344999969006,16200.71814882491,1688.6268511440958
1,13,6,14176.805086553097,13992.011707219506,184.79337933359056
2,11,5,16381.763893455269,15094.70761597751,1287.056277477759
9,5,16,16996.701740324497,17158.666295080846,161.96455475634866
11,14,21,18824.105711579323,15995.267905729796,2828.8378058495273
5,27,2,12153.537000849845,12277.142346600594,123.60534575074962
1,10,2,15010.867448091509,14884.49167746847,126.37577062303899
9,6,16,16536.10090893507,16655.23129686176,119.13038792668885
2,7,17,18305.75978577137,16149.189075677617,2156.5707100937525
9,8,3,13712.145398885012,13568.20116507058,143.94423381443085
8,27,3,12112.606406524776,10741.286421570936,1371.3199849538396
10,2,13,15434.78273126483,14676.586817944666,758.1959133201635
3,18,15,17732.58300548792,15638.597573009576,2093.985432478343
10,10,4,13743.38715016842,13247.669576625389,495.7175735430319
8,25,3,12263.105614885688,10715.177242311951,1547.9283725737369
10,2,14,15626.433173000813,14843.242150654347,783.1910223464656
3,19,15,17931.7798768878,15660.542779564445,2271.2370973233537
9,10,2,13353.081181913614,13482.078347537681,128.99716562406684
8,11,16,15589.904696822166,15932.215783557784,342.3110867356172
12,11,18,18425.13453423977,15588.024792521444,2837.1097417183246
9,6,14,17473.927601099014,18204.301841261677,730.3742401626623
2,14,17,18472.963994920257,15900.189058165894,2572.774936754364
9,11,2,13487.523773014544,13571.55871479722,84.03494178267647
9,26,3,11940.347799658775,10513.102993270379,1427.2448063883967
10,1,12,15261.722974985838,14791.345416165792,470.37755882004603
4,2,22,18927.62889766693,16096.659940723528,2830.968956943403
7,28,1,12430.634630963206,12187.423870548617,243.21076041458946
10,2,13,14926.296664267778,14325.695223408304,600.6014408594747
3,19,14,17384.61471813917,15671.914111793405,1712.7006063457666
5,22,13,13643.370402514936,13936.459201417932,293.08879890299613
2,28,3,14295.015943527222,14079.451798752185,215.56414477503677
4,21,19,14744.55857539177,15388.79619653906,644.2376211472911
11,24,18,17916.889611780643,15815.783224557206,2101.106387223437
2,23,6,13061.738594397902,13563.732464001238,501.99386960333504
2,12,7,16696.106051385403,15250.649728547824,1445.4563228375791
5,18,14,16062.782163828611,15712.149322043826,350.63284178478534
2,17,15,17849.03859269619,15780.974193867927,2068.0643988282627
9,25,3,13622.50360789895,13160.949876784376,461.5537311145745
8,21,8,13147.886660352347,12336.652658053328,811.2340022990193
11,6,15,15408.329831629992,14511.06300594117,897.266825688821
8,5,21,18716.182868003845,15983.83305192426,2732.3498160795843
4,16,13,13347.230761155486,13786.931918109514,439.7011569540282
2,17,6,15731.30603030324,15086.223793666619,645.082236636621
9,14,20,16407.17224353552,17158.364785589274,751.1925420537555
2,17,21,17270.40079087019,16259.546399737646,1010.8543911325432
7,29,3,12586.261031523349,12324.991010105876,261.2700214174729
7,28,11,15922.279380828142,15965.171881660923,42.89250083278057
6,11,19,17406.024908185005,16191.267928514868,1214.7569796701373
2,19,12,13363.837950766088,13329.111606044013,34.72634472207574
5,28,7,16166.56535950303,15202.103334524563,964.4620249784675
5,28,18,14940.390086114408,15531.19766805334,590.8075819389323
12,23,19,18707.11698168516,15998.19460861984,2708.922373065321
3,21,3,12477.74168330431,12038.038389466208,439.7032938381017
11,2,12,14718.769233345984,14170.701330315727,548.0679030302563
10,14,21,18208.598222255707,15977.925029613054,2230.673192642653
4,19,7,12618.843226552008,14447.132791082542,1828.2895645305343
1,26,4,15042.837554305792,14712.86406178692,329.97349251887135
2,26,3,12749.53864479065,11674.829756863815,1074.708887926834
11,2,11,14655.372826457024,14395.784731105487,259.58809535153705
11,21,20,18372.803708851337,15819.445518629715,2553.358190221623
8,11,6,13245.433316931129,12647.804379763955,597.6289371671737
12,13,10,16190.765936344862,14986.832736865197,1203.9331994796648
8,1,17,17793.365372776985,16410.63519903323,1382.7301737437556
2,22,18,18487.498284757137,15667.003528410727,2820.49475634641
9,15,6,14156.571501404049,13941.726665803692,214.84483560035733
9,16,20,16364.743108153343,16984.981192367035,620.2380842136918
4,14,20,18231.31502199173,16157.47397819993,2073.841043791799
4,25,3,13044.486507192254,11814.622016865545,1229.8644903267086
6,17,1,11995.888964235784,11048.76871868681,947.1202455489747
11,7,11,14862.799370378256,14010.194457634687,852.604912743569
9,2,17,16566.954286277294,15411.495878491412,1155.4584077858817
5,4,22,19823.90572977066,15779.234018158824,4044.671711611836
8,24,2,12441.263650625944,11802.931705425048,638.3319452008964
11,17,5,15574.1326957345,14528.655259165756,1045.4774365687445
10,1,17,17327.16654318571,15583.570637848468,1743.5959053372426
8,10,22,19236.247973918915,15790.775577859564,3445.472396059351
3,22,10,12955.3885217458,14934.651805061323,1979.263283315524
1,27,3,14843.253949403765,14423.499297706268,419.75465169749623
4,24,3,12705.883896395564,14681.936181610052,1976.0522852144877
11,18,19,18094.735348939896,16197.91177195847,1896.8235769814255
3,21,6,13471.6353007555,14129.334639894649,657.6993391391479
2,20,6,16391.85546427965,15079.331570400404,1312.5238938792481
6,29,4,12996.168605789542,11699.937554402317,1296.2310513872253
11,27,19,18817.48818051815,15720.211028720416,3097.2771517977344
7,27,12,16805.11281505227,15886.422053553535,918.6907614987358
7,24,11,17442.044028043747,16165.23028094762,1276.8137470961265
5,26,6,13968.320459455252,14463.138131282098,494.817671826846
1,19,3,15775.185313791037,14884.063235523221,891.1220782678156
2,26,3,12766.545691415668,11584.210723608716,1182.3349678069517
2,12,20,18133.44478881359,15704.574641353345,2428.870147460246
11,17,19,17617.292950212955,16935.477374097245,681.8155761157104
12,11,18,18358.066824793816,15629.214732340486,2728.8520924533295
8,7,14,17469.568134367466,18501.065819200503,1031.497684833037
3,20,17,18331.278455376625,15799.574911717329,2531.703543659296
9,13,10,13462.570644766092,13131.20489528542,331.3657494806721
11,23,4,13528.591754108667,13043.262991827676,485.3287622809912
4,5,12,14751.893388420343,14412.791436216547,339.1019522037968
9,8,15,16688.79379439354,15905.17146149182,783.6223329017193
4,5,21,18794.423607707024,16369.12898691122,2425.294620795803
3,19,12,13574.724590718746,13447.54251028996,127.18208042878541
2,15,8,15819.210596352816,15274.149208671497,545.0613876813186
4,28,2,12616.646678686142,14088.928977809686,1472.2822991235444
2,6,9,17412.01251065731,16592.24783127726,819.7646793800523
10,8,11,13396.12671226263,13106.208670423755,289.91804183887507
9,14,19,16116.043118149042,15065.402762254243,1050.6403558947986
3,12,9,16236.021138072014,15169.19348755521,1066.8276505168033
8,18,20,16087.903847187756,16804.86440194202,716.9605547542651
11,26,20,18695.909502208233,15750.178841511964,2945.7306606962684
2,21,4,12433.389133155346,12855.870754802349,422.4816216470026
1,9,3,14903.638100117443,14772.163680955748,131.47441916169555
6,16,14,16315.962602943182,16470.92626256936,154.9636596261771
3,13,15,17941.09921103716,16074.053874747658,1867.0453362895005
5,24,1,12520.952282831073,12588.359339947787,67.40705711671399
6,4,12,16710.592768490314,16366.836649622983,343.7561188673317
3,11,13,15978.763387739658,14747.261763422417,1231.5016243172413
7,16,14,16889.727890729904,18645.6509650715,1755.9230743415974
2,18,20,18071.36483424902,16079.220515938174,1992.1443183108458
9,8,17,14157.21250295639,13781.646581645227,375.56592131116304
3,8,21,17854.965498924255,16096.921495078239,1758.0440038460165
6,25,3,13410.365928128362,12327.533470953145,1082.8324571752164
12,25,12,17437.020183503628,14998.591958417714,2438.428225085914
9,6,17,16463.860485106707,15315.483003289353,1148.3774818173533
10,12,22,19286.845675468445,15758.439217697376,3528.4064577710687
6,26,1,12117.267303928733,12254.558543414229,137.29123948549568
2,5,5,15617.650672525167,14947.920411482488,669.7302610426796
4,10,13,15115.326094537972,14737.089858653007,378.2362358849641
10,3,15,15683.676703184845,14584.540596446988,1099.1361067378566
11,22,20,18558.32424002886,15958.79911769027,2599.5251223385876
9,29,15,14556.226741820574,15071.28039928669,515.0536574661164
12,28,19,18220.58573049307,15254.428127873682,2966.157602619387
10,10,20,16106.272253155708,15651.951222089492,454.32103106621616
2,9,14,17647.72719538212,16190.224411090896,1457.5027842912223
9,17,4,13784.950133740902,13382.435412056333,402.51472168456894
7,30,2,13951.156545847654,15493.904402924989,1542.7478570773346
2,25,10,18271.51890182495,15947.912413085593,2323.6064887393586
7,29,3,14485.976990759373,15335.602495582867,849.6255048234943
2,17,1,13369.610655725002,12933.624806510987,435.9858492140156
8,29,13,16616.95896911621,15240.45478888233,1376.50418023388
11,23,20,17730.385637402534,16025.6553745087,1704.7302628938342
8,12,15,17278.80311959982,19120.985069799033,1842.181950199214
2,19,6,16031.044999957085,15230.636909387196,800.4080905698884
2,26,3,12541.965486630796,12759.850216912786,217.88473028199041
11,15,9,15565.990376591682,13818.223395507615,1747.766981084067
11,17,20,17964.38524311781,16118.83919866984,1845.5460444479686
8,4,20,14451.220188736916,14113.022749269256,338.19743946765993
10,26,5,15960.86168667674,15239.646209345052,721.2154773316888
2,24,5,12979.534964099526,13303.976124839674,324.4411607401471
2,22,21,18785.64315778017,16086.5866665446,2699.0564912355712
8,20,2,14139.857068091633,13490.082339458282,649.7747286333506
11,19,19,18545.54275929928,15848.108196370096,2697.434562929182
7,19,20,16986.677837610245,17378.78152034228,392.10368273203494
8,21,20,17840.289311110973,16008.694292947046,1831.5950181639273
4,19,16,12761.353906929491,12870.124056141969,108.77014921247792
2,12,21,18028.06954705715,16341.65376042483,1686.4157866323221
5,28,2,13414.977407306433,14935.472993911353,1520.4955866049204
11,22,20,18376.292102456093,15996.459554785732,2379.8325476703612
3,11,17,13157.708173900844,12768.99477209479,388.7134018060551
3,6,22,18173.15899759531,16275.400936912507,1897.7580606828033
6,26,2,14048.615028828382,14641.290771131667,592.675742303285
5,11,19,17928.647458553314,16005.762193466637,1922.8852650866775
1,14,7,13810.041468977928,14141.042242843916,331.00077386598787
2,22,20,18953.515025615692,15915.507311930634,3038.0077136850578
8,19,14,15727.523588001728,16299.20022370751,571.6766357057822
4,13,3,14034.811964690683,13466.636647335454,568.1753173552297
9,18,3,12317.729363933206,11152.73646273723,1164.9929011959757
3,2,5,14494.5162961483,14849.504672372821,354.98837622452083
11,6,20,16343.531001120806,15800.617590258156,542.9134108626495
9,8,21,15832.417771011593,15107.567224682938,724.8505463286547
11,9,19,14950.9643561244,14176.011214022341,774.9531421020583
11,24,2,14274.225839436054,14767.762149897615,493.5363104615608
10,3,16,17224.079713881016,17965.13196245252,741.0522485715046
11,20,20,18881.674458801743,15949.141270836548,2932.533187965195
5,25,5,12875.557376399636,14797.816799176038,1922.259422776402
1,26,3,15105.457623422146,14547.441272942695,558.0163504794509
1,24,4,12987.896897017956,11779.183482480214,1208.7134145377422
3,16,4,15731.245744168758,14976.442458173677,754.8032859950818
9,12,21,16623.989890813828,17119.82966157344,495.8397707596123
3,4,12,17993.12409454584,16454.851185070496,1538.272909475345
3,24,2,12747.827256768942,12618.980905734974,128.84635103396795
10,1,11,14897.092338263988,14275.609112819962,621.4832254440262
5,22,15,17188.323064267635,15547.711104917133,1640.6119593505027
9,11,1,12691.730803579092,13231.059057008682,539.3282534295904
10,21,2,12247.027466863394,11586.54248299081,660.484983872584
9,1,14,15789.727805823088,14760.086193392268,1029.6416124308198
8,10,21,19615.07620036602,15950.92925806536,3664.14694230066
8,13,8,13558.74589431286,12905.242428002806,653.5034663100541
6,11,5,13299.430623322723,12632.176796147996,667.2538271747271
8,10,8,15486.045220732689,14778.373079984682,707.6721407480072
10,4,16,17048.641321003437,17150.708615680505,102.06729467706828
11,15,21,18522.401906073093,16165.860346542282,2356.5415595308114
4,18,12,12930.605589047074,13636.896219392533,706.2906303454583
3,22,8,15863.437652915716,15299.204668550638,564.2329843650787
5,28,13,12851.283800020814,12867.400916236682,16.11711621586801
5,15,12,16352.214255034924,16097.656481632295,254.5577734026283
6,10,20,13960.15886515379,15027.418362201568,1067.2594970477785
7,20,4,13549.04187721014,12635.189448768684,913.8524284414561
2,6,2,14192.792805373669,14821.257973603886,628.4651682302174
10,2,16,17716.436164081097,17154.18499354677,562.2511705343277
2,12,17,18605.737029194832,15953.728561733675,2652.008467461157
9,21,4,13956.730347573755,13270.948974006822,685.7813735669333
8,26,5,12872.0234606117,11977.365700420563,894.6577601911358
1,7,2,14339.566166579723,14829.62870974642,490.06254316669583
7,10,16,15560.218491852283,14947.349767117845,612.8687247344387
11,3,15,15648.84321063757,14453.42538972145,1195.41782091612
11,15,20,18073.804987311363,16180.282425754795,1893.5225615565687
7,29,6,13890.731794267893,15216.783655800506,1326.0518615326127
2,4,11,17039.325267732143,16096.4885402941,942.8367274380435
3,5,21,15419.83587101102,15518.173620373447,98.33774936242662
6,24,2,13183.705646649005,12280.456834946464,903.2488117025405
4,7,16,17471.617862939835,16078.19101990916,1393.4268430306747
6,24,11,15067.696767419577,14556.470316541476,511.2264508781009
10,3,17,17626.458903312683,18227.186084057415,600.7271807447323
5,25,8,16996.83461588621,15258.061438504663,1738.7731773815485
5,22,15,13051.047032997012,12820.05512181386,230.9919111831514
7,28,5,15449.020101636648,15050.317329046717,398.70277258993156
2,23,4,12647.75698979199,12705.168066757808,57.41107696581821
11,3,8,14680.95219230652,13920.390748221376,760.5614440851441
10,15,21,18275.43709045649,16010.688357287305,2264.7487331691846
7,26,2,12882.42240869999,12568.462720046351,313.9596886536383
12,26,13,17970.37940734625,15091.223270357155,2879.1561369890933
9,24,4,12878.57393872738,11622.955518867599,1255.618419859782
11,2,17,15286.61089578271,14465.226451528828,821.3844442538812
8,6,21,18436.15172278881,16263.445302552835,2172.706420235976
7,29,3,13646.751757472754,14052.715910216783,405.964152744029
11,3,10,15072.452810287476,13861.72078134447,1210.7320289430063
11,17,21,18083.76245224476,16118.885136543004,1964.877315701755
8,25,2,12264.327741965652,12108.803445388021,155.5242965776306
2,5,3,14495.44888573885,14495.646326449567,0.19744071071727376
9,1,17,17035.9451431036,16273.659209844229,762.2859332593707
2,13,17,18676.2078294158,15908.193733291273,2768.014096124525
11,3,18,15254.006349772217,14928.41710005305,325.5892497191671
11,19,4,12794.378815442324,12622.122888469268,172.25592697305547
8,7,12,15258.656584322453,14565.89100136567,692.765582956783
3,17,12,17007.131651699543,15706.785049111702,1300.3466025878406
8,23,1,12327.129694759846,12014.647541727152,312.48215303269353
10,3,17,17614.793741345406,18195.503581264544,580.7098399191382
2,10,21,18827.548993110657,16121.024378188935,2706.524614921722
6,20,13,13466.643854886292,13373.790014025373,92.85384086091835
2,19,21,18357.495952010155,16211.229579134804,2146.2663728753505
4,27,1,12711.667264208198,14433.543695469445,1721.8764312612475
2,9,10,16893.578001141548,16363.403184790264,530.1748163512839
10,9,7,14613.232408344746,14158.500222000654,454.73218634409204
11,19,3,13187.03225195408,12633.232589183397,553.7996627706834
12,6,21,17762.49723148346,16292.80916246575,1469.6880690177095
10,2,17,18050.54028093815,18087.62652659921,37.086245661063
6,2,21,18666.98856204748,15887.041896357168,2779.9466656903132
6,28,2,12811.456400945784,12608.449705396204,203.0066955495804
1,8,3,15474.78196632862,14844.716919014187,630.0650473144324
10,2,16,16884.542462944984,16632.699385387823,251.84307755716145
6,14,19,18647.459135353565,16322.066701846152,2325.3924335074134
6,28,3,13240.127726987004,13218.526111540878,21.601615446126743
12,26,16,18535.88713514805,15125.201170478162,3410.6859646698867
8,9,14,15748.276372104883,16124.88565697437,376.60928486948615
2,10,17,18082.48865133524,15913.24999071685,2169.23866061839
11,2,18,14437.24733915925,14454.993815698233,17.746476538983188
11,16,4,13273.653379514812,13238.332292086896,35.3210874279157
8,1,15,16280.326525598764,15042.565570605491,1237.7609549932731
6,7,22,19524.63797622919,16231.750875876513,3292.8871003526783
6,27,1,12534.566901534796,12129.928111533358,404.6387900014379
4,29,4,12661.298403903842,12120.55559517872,540.7428087251228
11,20,21,15942.171344548464,15787.210393574589,154.9609509738748
2,10,3,12997.711643755436,12259.882243967812,737.8293997876244
8,19,16,14017.954403072596,13730.66134134135,287.29306173124496
3,11,11,16539.307147026062,16222.69069489059,316.61645213547126
9,24,5,12159.525013431909,11844.649157163567,314.8758562683415
7,19,4,13448.92547288537,12582.779635415305,866.1458374700651
10,2,12,14688.735255301,14607.949104583668,80.78615071733293
8,6,21,18813.285375714306,16105.873609565706,2707.4117661486
8,27,2,12129.20047262311,11864.547886722146,264.65258590096346
12,22,13,17703.863019108772,15130.92869901988,2572.9343200888925
7,7,14,15758.278128892183,14602.227054425004,1156.0510744671792
11,6,15,15599.742819815874,14566.972112884536,1032.7707069313383
4,3,22,17501.028474152088,16438.966754094996,1062.0617200570923
7,28,2,13280.798516780138,13044.828249943588,235.97026683654985
2,6,6,16111.268210232258,15130.754059610592,980.514150621666
10,5,16,16183.371247291563,16422.075461178174,238.7042138866109
11,18,21,18918.074160516266,15963.517422482759,2954.556738033507
7,27,1,12125.817067116495,12259.009318079134,133.19225096263835
10,2,14,14626.884141981602,14526.313460098914,100.5706818826875
11,16,21,18479.021316051483,15904.613362610264,2574.4079534412194
5,26,5,13006.913071349263,14417.606362052304,1410.6932907030405
1,22,6,15892.110066562893,15076.639062422317,815.471004140576
5,29,2,12709.737697795032,11674.101485841513,1035.6362119535188
5,13,4,14194.628866761925,13726.533566096612,468.0953006653126
6,28,1,13110.443434357643,13529.53320531371,419.0897709560668
2,3,19,18434.6334964633,15967.657007669632,2466.976488793667
3,19,8,14411.202908843756,13625.673755031497,785.5291538122583
5,24,7,17170.008382678032,15255.18456871045,1914.8238139675814
6,26,2,13635.620558410885,14009.796048932425,374.17549052154027
11,17,18,18846.304132580757,15790.278004447006,3056.0261281337516
2,22,5,12833.527277812362,13168.07367820757,334.54640039520746
4,4,11,17376.717644631863,16360.696298211997,1016.021346419866
10,11,16,15803.36559572816,15276.701676668148,526.6639190600126
10,25,3,14272.49066504836,14017.293174409588,255.19749063877316
5,28,2,12047.908516317606,12160.784276508246,112.87576019064
11,24,20,19089.127659857273,15912.445829670034,3176.681830187239
10,3,16,15798.057545125484,16161.479671518911,363.4221263934269
11,17,20,18347.358038783073,15842.604589215194,2504.753449567879
6,28,3,12235.193339675665,12407.97094956637,172.7776098907052
11,3,16,14985.398401767015,14380.21478993433,605.1836118326846
7,18,18,17728.490930318832,15841.910145924385,1886.5807843944476
9,11,6,13049.446374610066,12518.465042277201,530.9813323328653
12,12,9,16090.547004580498,14883.41103205103,1207.1359725294678
11,4,20,17081.813458919525,15551.614837795587,1530.1986211239382
3,9,11,15954.43567687273,14716.613261699813,1237.8224151729173
6,19,13,15715.002526968718,16626.179098277305,911.1765713085879
11,21,20,18799.467137515545,16053.109596852884,2746.3575406626605
4,24,3,13139.834155246615,11892.053505736047,1247.7806495105688
12,3,17,15918.710195600986,14923.502012541556,995.2081830594307
11,12,22,15658.257280141115,14466.24031445182,1192.0169656892958
9,6,21,17780.65361070633,16067.874770219409,1712.7788404869207
9,7,14,16932.877999067307,17093.95687176919,161.0788727018844
4,21,11,17611.274179399014,16319.094171797284,1292.1800076017298
9,12,5,14393.97542822361,14079.006086397414,314.9693418261959
8,25,4,12499.766012713311,11463.507756679523,1036.2582560337887
5,15,3,15024.231284677982,14760.053821123056,264.17746355492636
8,8,17,17292.69845843315,15887.395702807647,1405.3027556255038
10,12,21,19324.50113326311,15865.205960671323,3459.2951725917883
6,21,14,13544.060273975134,13550.408705186584,6.348431211450588
6,26,6,16287.772888481615,15242.596127532102,1045.1767609495128
2,25,3,12920.510122179983,12381.448597713268,539.0615244667151
3,7,20,18993.318638324738,16038.773111262295,2954.5455270624425
9,3,15,15814.417233496904,15886.42961041341,72.01237691650567
6,26,14,16112.57153904438,15302.482659406136,810.0888796382442
8,22,6,12935.36983411014,12313.834786884428,621.5350472257123
7,27,20,16450.106224030256,17270.91925220305,820.8130281727936
6,15,20,18552.238211214542,15995.323095942358,2556.9151152721843
2,21,5,12999.018253445623,13175.308255907754,176.29000246213036
10,2,10,14424.964962005615,14251.42975029105,173.53521171456487
10,14,21,18200.871754407883,15982.388198033152,2218.483556374731
7,25,2,12465.75376495719,12149.74238736427,316.0113775929203
10,3,17,17542.04109042883,18040.997529020835,498.9564385920057
3,7,22,19004.508893191814,15993.014610955986,3011.494282235828
8,27,5,14117.924808323383,12934.112926620035,1183.8118817033483
10,4,14,14744.600406587124,14413.636205184546,330.9642014025776
4,2,21,18073.79842555523,16153.240675857653,1920.5577496975766
5,26,1,12197.90410989523,11996.624789518382,201.27932037684695
2,14,3,15065.812313079834,14839.808337825745,226.0039752540888
9,4,17,17558.642333447933,17174.09662243566,384.5457110122734
10,9,22,19788.817559063435,15758.318315229233,4030.4992438342015
5,21,11,13171.47822420299,13810.46691115614,638.9886869531492
2,19,21,18386.856529831886,16116.301735211637,2270.5547946202496
4,27,4,14168.370769262314,13232.646418283406,935.7243509789078
2,11,20,18691.86746042967,16202.675213427798,2489.192247001871
8,25,11,15269.798036128284,14590.759481644873,679.0385544834116
11,13,20,15748.323944836857,15573.836038712856,174.4879061240008
6,14,12,15526.83555752039,15872.678365881939,345.84280836154903
11,17,19,18430.196929097176,16047.083167949857,2383.1137611473187
3,17,12,13280.36092966795,14054.164848932553,773.8039192646029
6,27,7,16177.195404440165,15251.208090825066,925.9873136150982
4,27,3,12770.99476712942,12075.138534094342,695.8562330350778
11,3,12,14846.045566529036,14236.94186154916,609.103704979876
11,18,21,18537.487383425236,15918.515450241073,2618.9719331841625
8,20,2,12567.97751827538,12112.672081657836,455.3054366175438
12,20,10,16743.729226857424,14968.429286645485,1775.2999402119385
12,11,18,18383.97591888905,15621.86950824923,2762.106410639819
7,25,3,12322.421634733675,11076.124054762287,1246.2975799713877
12,14,21,18945.78773754835,16143.865405969296,2801.922331579055
10,2,17,18443.01285904646,17424.868992912114,1018.1438661343454
4,27,12,17857.217821717262,15619.362909781841,2237.854911935421
10,19,6,14020.251837939024,13106.112959362714,914.1388785763102
8,26,4,13025.5880343616,11931.891535882029,1093.6964984795723
2,7,2,14359.122660517693,14829.897265947351,470.77460542965855
5,10,13,15242.928875088692,14666.484487627904,576.4443874607878
11,11,21,18551.76822543144,16059.64348651238,2492.1247389190594
6,26,19,15233.075988143682,15960.76445479434,727.6884666506576
9,13,20,18800.84264564514,15957.990518333138,2842.852127312004
2,21,7,13441.535705149174,14437.513533873787,995.9778287246136
2,14,5,16472.904225498438,15070.730935119127,1402.1732903793109
5,17,13,15940.4841530025,15493.60580063609,446.8783523664097
12,15,21,18282.435203373432,16161.63005728855,2120.805146084882
4,25,2,11874.330996468663,11923.851851467394,49.52085499873101
11,3,12,14969.404531300068,14041.424302118101,927.9802291819669
11,17,21,18220.914638519287,15992.185581703414,2228.7290568158733
7,26,2,12379.688951283691,12384.562789229958,4.873837946266576
12,26,14,18149.81883102655,15106.134044509601,3043.6847865169493
9,2,16,16814.66714209318,17093.188495862843,278.5213537696618
6,4,22,19189.07550907135,15884.94490007096,3304.130609000391
5,27,2,12538.37907679379,12087.253271015416,451.12580577837434
12,11,18,18443.842100977898,15554.348155780533,2889.493945197364
9,26,12,12956.872503906488,12546.430879135698,410.44162477079044
10,1,13,15304.307952076197,14531.069762500689,773.2381895755079
3,24,15,17306.1393956542,15527.874699414433,1778.2646962397685
10,29,9,13646.77062252164,13672.1335948573,25.362972335658924
5,6,2,12307.794249981642,11915.996230605833,391.7980193758085
7,28,2,12124.748731195928,11084.334414588035,1040.4143166078939
2,5,3,14531.796503514051,14842.37398173,310.57747821594785
9,7,16,15911.457814633846,15672.675469409223,238.782345224623
11,15,21,19051.157237768173,15885.240429418614,3165.916808349559
5,27,1,12202.461249530315,12453.9774604624,251.5162109320845
11,7,13,15746.69539898634,14354.635557497266,1392.0598414890737
11,14,21,18180.122661292553,16173.710200726724,2006.412460565829
5,23,5,12959.822218343616,14171.198470651325,1211.3762523077094
2,24,20,18685.950396835804,15916.807328537498,2769.1430682983064
6,26,3,14273.937942385674,13032.988416096645,1240.9495262890287
9,1,13,14563.20229870081,14686.520526237891,123.31822753708184
8,6,22,18689.44863307476,16088.542056465905,2600.906576608855
7,27,1,12454.96316204965,12270.84511222618,184.11804982346985
12,25,13,18002.965908527374,15092.86076925544,2910.1051392719346
9,2,16,17012.697661340237,17056.156022068633,43.458360728396656
6,4,22,19050.437085032463,15789.932948363701,3260.504136668762
4,23,13,12986.933549195528,13818.350593745221,831.417044549693
2,25,5,15422.73903799057,14767.34831658524,655.3907214053306
6,12,5,14635.838068336248,14093.58503236767,542.2530359685788
9,9,18,13726.76704210043,13391.818769577994,334.9482725224352
6,18,6,16033.284609347582,15136.094871835106,897.1897375124754
9,4,20,14974.506706804035,13974.060972780862,1000.4457340231729
3,8,12,16776.451064258814,16328.339967010665,448.11109724814924
9,21,3,12434.882957950234,11079.97425891483,1354.9086990354044
11,4,14,15301.362543791533,14275.958690250736,1025.4038535407963
9,2,16,16889.512993216515,15808.992055959761,1080.5209372567533
4,3,22,19316.24808448553,15961.399430260919,3354.848654224612
7,28,1,12217.797508999703,11992.673934960547,225.12357403915667
12,24,14,18058.388141274452,15120.898491586142,2937.4896496883102
7,7,15,15986.815892845392,15519.496921527312,467.31897131808
10,8,22,19530.387715041637,15799.134099163242,3731.253615878395
3,24,2,12257.87692052126,12499.679325778205,241.80240525694535
10,2,11,14490.504602491856,14254.514693385334,235.98990910652174
11,14,21,18106.624430835247,16065.20999278745,2041.4144380477974
7,26,2,12270.329083114862,12267.34459504885,2.984488066013
12,25,12,17711.3007696867,15059.053903798747,2652.2468658879516
9,2,16,17160.390488624573,17213.165879101813,52.77539047723985
2,14,19,18061.770726561543,15577.463219098685,2484.3075074628578
10,9,15,14645.267311900854,14348.012271033784,297.2550408670704
9,3,16,14973.7680991292,14932.62973953486,41.13835959434073
6,5,22,18960.433577239513,16123.085438803408,2837.3481384361057
3,25,2,12312.193087249994,12622.13750362823,309.9444163782355
12,11,18,18451.421749532223,15584.711799548037,2866.709949984186
9,6,14,17452.82335293293,18130.721026636933,677.897673704003
10,12,22,19395.341852486137,16004.13556684009,3391.206285646047
5,26,2,12015.623855918646,11696.295811113034,319.3280448056121
2,8,3,14892.164049297571,14753.878931889587,138.28511740798422
9,2,17,18073.739369750023,17717.43318136319,356.3061883868322
10,9,22,19613.4743116498,16034.659956844216,3578.814354805583
4,21,10,12679.131411582232,13703.912703311307,1024.7812917290757
2,19,10,15677.69115126133,15433.910405442344,243.78074581898545
10,14,20,14291.464803129436,13754.764534592096,536.7002685373409
11,24,20,18530.861650168896,15935.33374968882,2595.527900480076
4,21,3,12811.366997018456,12376.818108212914,434.54888880554245
10,3,10,14486.18983772397,14160.04477208918,326.1450656347897
11,20,21,18383.09582334757,15910.64349589492,2472.452327452649
5,21,10,12787.08931954205,13997.646347192307,1210.5570276502567
2,26,7,15636.18804371357,14957.012349300985,679.1756944125846
2,24,4,13195.043541029096,11671.886561055353,1523.1569799737426
3,16,5,16085.824590712786,15033.72831797676,1052.0962727360256
10,6,21,17357.0537019372,17265.611142817248,91.4425591199506
5,18,12,17510.6734354496,16346.278475543739,1164.3949599058615
4,23,2,12417.123975083232,12693.400086277386,276.2761111941545
1,10,3,15420.19184628129,14950.424434121835,469.7674121594555
9,13,21,16899.337582588196,16757.145156576742,142.1924260114538
2,3,13,17713.512901723385,16613.370151883555,1100.1427498398298
11,9,14,17141.260508835316,15375.4161517489,1765.8443570864165
9,6,14,17526.607019782066,18306.305111292764,779.6980915106979
4,3,22,18678.059064865112,16260.57306413776,2417.486000727353
2,12,6,13512.28948110342,15106.080561158375,1593.7910800549544
1,26,4,15418.71627137065,14790.596621030003,628.1196503406463
2,25,3,13036.982728943229,11764.996751597862,1271.9859773453663
2,12,4,15468.603252708912,14866.155361663186,602.4478910457256
10,3,16,17922.388363420963,19008.452125915624,1086.0637624946612
2,15,17,18588.61248612404,15853.615552513065,2734.9969336109734
7,29,2,14104.804576933384,14642.885200850185,538.0806239168014
10,26,5,13733.58224606514,12592.640323243868,1140.9419228212719
8,16,12,13535.139156401156,12835.585164667204,699.553991733952
9,2,15,15494.124382972715,15623.239271855791,129.11488888307576
6,4,22,19770.843268573284,15892.42442799942,3878.418840573864
6,27,1,11920.690213665366,11776.490883429928,144.19933023543854
12,25,14,17952.15659034252,15111.5091123124,2840.6474780301214
9,2,17,17544.03996539116,17617.8933356969,73.8533703057401
2,15,19,18061.44591963291,15570.014568760502,2491.43135087241
9,14,4,14271.93004500866,14346.163504791435,74.23345978277575
5,29,1,12549.862560138106,14502.598555875216,1952.73599573711
2,7,12,17262.19531482458,15917.607287572759,1344.5880272518225
8,28,5,12836.781088635324,12307.460076306295,529.3210123290282
7,23,6,14248.176897913218,13812.355592406773,435.82130550644433
5,12,12,16748.12437313795,15719.210476629467,1028.913896508484
8,11,15,17335.059515595436,19141.663679616224,1806.6041640207877
6,27,4,16318.076718747616,15150.25991278037,1167.8168059672462
4,28,3,12983.0290992409,13082.870530508399,99.84143126749768
6,26,6,15973.361832112074,14926.770852121372,1046.5909799907022
8,18,21,16397.082313150167,16158.766430156618,238.31588299354917
2,4,13,17696.38589799404,16387.337638085817,1309.0482599082243
7,28,16,14953.792062908413,14382.611463401683,571.1805995067298
2,19,3,15000.977241158484,14794.244510734105,206.73273042437904
5,26,6,12608.906062051654,12002.539856142199,606.366205909455
3,9,21,18174.993008434772,14908.161022207816,3266.8319862269564
10,9,20,17674.832169532776,17068.971181333203,605.8609881995726
4,14,12,16252.219243198631,15920.717054979463,331.5021882191686
7,13,21,13678.79486322403,14965.772121463313,1286.9772582392834
7,21,6,13962.054392457008,13182.40526003233,779.6491324246781
2,10,2,14565.806905776262,14654.885854995802,89.07894921953994
9,5,17,17891.205257833004,17095.806614017885,795.3986438151187
11,18,21,19035.08913743496,15888.678914893168,3146.410222541792
3,24,2,12422.01658450067,12825.91413500575,403.8975505050803
11,4,9,14834.712593466043,13690.149875219824,1144.5627182462194
3,17,15,16404.0135781765,15463.893326981997,940.1202511945012
9,20,6,12913.08241929114,12499.022877441112,414.05954185002884
8,30,8,13950.990041285751,13349.266091304935,601.7239499808165
7,27,18,18747.411085665222,15765.164970998152,2982.2461146670703
6,22,2,13457.765388727188,12698.096825791697,759.6685629354906
5,29,5,12827.25300861895,12691.470591970528,135.78241664842244
2,15,4,13828.189235895872,12887.195265423285,940.9939704725875
5,21,11,15365.58122074604,15043.238079605077,322.3431411409638
2,11,12,17416.10622626543,16499.822735611706,916.2834906537246
10,11,5,13720.43207666278,13485.538186919113,234.8938897436674
10,3,19,14650.305920392277,15061.531953634918,411.2260332426413
11,16,21,18553.97379571199,16104.301281638147,2449.6725140738436
6,26,1,11890.897175103426,11744.05837065271,146.83880445071554
10,24,3,14963.241401851175,14977.978040561344,14.736638710168336
7,14,12,15110.017223715782,14394.391551575703,715.6256721400787
6,5,20,14519.2955378592,14763.806488561648,244.5109507024481
8,29,4,13756.606218010187,14575.961892377634,819.3556743674471
11,27,4,15878.514107853174,15283.831445348183,594.6826625049907
3,27,3,12352.26942294836,12620.214783618574,267.94536067021363
1,14,4,15577.229434520006,14947.223817612532,630.0056169074742
6,11,15,16814.673703849316,18124.894342856234,1310.2206390069186
12,22,21,18688.736682534214,15793.050760392503,2895.6859221417108
5,21,12,13084.149657309054,13075.162594888998,8.987062420055736
3,19,8,15886.98820579052,15284.148387392348,602.8398183981717
4,29,2,12811.72768855095,14381.148335424708,1569.4206468737593
2,10,7,17535.152886927128,16598.000758072878,937.1521288542499
3,18,11,14910.964710950851,14600.77746410898,310.18724684187146
9,17,8,16380.933011084797,15937.243296510022,443.6897145747753
5,8,21,15590.920128583908,15517.81784125803,73.10228732587893
4,28,4,12623.804939463736,11799.599928161144,824.2050113025925
7,28,5,13216.78181888163,12432.814933947859,783.9668849337722
9,12,18,14011.702689915895,14046.839730298103,35.13704038220749
9,2,15,16238.17257386446,15931.025117949976,307.14745591448445
5,3,22,19311.039690554146,16121.326775875015,3189.7129146791303
2,16,7,12954.365297898648,15030.634759785145,2076.269461886497
2,17,21,18277.284224808216,16174.735058708007,2102.549166100209
9,11,18,14836.13895520568,14408.256866299902,427.8820889057788
10,19,10,13038.25324897468,12566.64645928016,471.60678969452056
5,7,11,14561.725083351135,14465.039206045802,96.68587730533363
3,11,12,16346.657267808914,15470.081615787403,876.5756520215109
9,22,2,12830.416595295072,12634.126619701414,196.2899755936578
10,12,8,13207.594335019588,12399.028557815562,808.5657772040267
5,12,10,15586.57337525487,14878.362278252955,708.2110970019148
3,15,10,15347.951422452928,14410.498285581578,937.4531368713506
9,30,5,14136.923963099718,16098.123424675423,1961.1994615757048
8,26,3,16374.85190358758,15330.000019841125,1044.8518837464544
2,23,4,12553.45225085318,12384.529936604587,168.92231424859347
4,24,4,16113.84287929535,15110.134901266998,1003.7079780283511
9,4,16,17560.017021358013,18619.105607544694,1059.088586186681
11,17,21,18848.007728517056,15979.289314246886,2868.71841427017
4,27,2,12126.03422023356,12227.08235716134,101.04813692778043
11,3,12,14603.401667326689,14090.307088934187,513.0945783925017
11,17,21,18333.55620497465,15919.761960221655,2413.7942447529967
4,27,3,12814.066134393215,11507.589042336207,1306.4770920570081
12,7,14,16263.833551555872,14994.167847902554,1269.665703653318
10,7,18,17344.286164939404,16441.26122165426,903.0249432851451
3,2,22,18746.03803819418,16181.642973289343,2564.3950649048365
1,13,4,13389.14459362626,14795.362393479201,1406.2177998529405
2,24,20,18745.05213433504,15970.301799984085,2774.750334350956
8,3,15,15026.82481878996,14339.469451564,687.3553672259604
9,2,14,15354.793283551931,15132.716428741434,222.07685481049703
9,17,20,19018.048256754875,16004.83483245991,3013.213424294965
8,21,16,14821.04732620716,14869.20253930908,48.15521310192162
3,18,19,15415.94639006257,15343.072506229893,72.87388383267717
2,8,6,14527.999297261238,13873.543400474648,654.4558967865905
4,27,9,12515.367408141494,13461.27248516409,945.9050770225967
4,28,8,16531.826745033264,15209.42415385765,1322.4025911756144
8,25,16,16204.2552665174,15754.582574409329,449.6726921080717
3,14,11,17017.527113854885,16418.42172972644,599.1053841284447
7,26,2,12484.948952198029,11915.086494691295,569.8624575067333
12,27,14,18039.683035194874,15098.650759911974,2941.0322752828997
7,19,14,15824.95090264082,15835.262469447858,10.311566807038616
4,3,15,16196.38895124197,15624.787602395067,571.6013488469034
11,29,21,16292.39892655611,15996.091082747284,296.3078438088269
9,21,2,13041.621480420232,12844.156122176822,197.46535824340936
10,6,17,15101.099797129633,16269.52452060841,1168.4247234787763
10,13,21,18357.765804231167,16263.538464670268,2094.227339560899
3,20,3,13232.336051687598,12213.904626261869,1018.4314254257297
11,4,11,14570.011351019144,13877.581071781895,692.4302792372491
12,10,16,15840.36774867773,15185.615634809745,654.7521138679858
12,9,20,18204.734988331795,16249.195283309058,1955.5397050227366
5,5,21,15336.658640146255,14750.861346929574,585.7972932166813
5,17,20,13935.318106979132,14043.721607627544,108.40350064841186
10,3,16,15199.474465310574,14673.130350576856,526.344114733718
9,14,19,17687.420078456402,16224.169526983731,1463.2505514726708
9,9,5,13486.125708848238,12892.70737116093,593.4183376873079
8,27,3,12488.148628532888,11204.255840095691,1283.892788437197
10,28,2,14900.1771838665,15013.878327018738,113.70114315223691
9,23,15,16100.746024161575,14787.770496084528,1312.9755280770478
11,12,20,17254.57957661152,16323.83204177839,930.7475348331282
7,18,14,16085.03020811081,16332.049917525726,247.0197094149171
12,21,19,18686.107058763504,16020.046989483066,2666.0600692804383
3,24,4,13271.05369375646,14796.258803509754,1525.205109753295
1,21,4,15684.72330328822,14895.840298053541,788.8830052346784
6,16,20,15347.855866879225,15832.456762063204,484.60089518397945
12,17,19,18207.375274956223,16131.131732722228,2076.243542233995
2,22,5,12493.519220873712,12899.226862958398,405.7076420846861
1,9,4,15843.23113501072,15021.838017620983,821.3931173897363
7,9,15,16653.700702369213,17090.944310899544,437.2436085303307
12,22,21,18341.24166184664,15895.837382683381,2445.40427916326
3,25,2,12116.73211069405,12361.775049815795,245.04293912174398
12,10,17,18068.59249228239,15628.881929882842,2439.7105623995485
10,10,21,14420.261413186789,13808.164765185551,612.0966480012376
2,9,14,16384.448471933603,16140.814500527431,243.63397140617235
8,25,21,14758.45965576172,16237.023406808947,1478.563751047226
2,4,3,13242.388662084935,13006.908916251765,235.47974583317045
10,11,20,15944.679985940456,15939.3048220339,5.3751639065558265
11,21,20,18127.972284197807,16061.434139072604,2066.5381451252033
2,20,3,12182.816581994295,12073.237634009278,109.5789479850173
1,8,3,15126.174317866564,14840.536982478176,285.63733538838824
10,2,16,17663.35893893242,18230.373492732786,567.0145538003671
2,12,17,18720.534952759743,15879.031355577079,2841.5035971826637
9,22,4,14147.351003706455,13638.320692682071,509.030311024384
9,15,20,16513.882802665234,17141.92479110117,628.0419884359362
5,17,20,18047.49972718954,15987.965542371343,2059.534184818198
2,19,4,12441.35592532158,13129.9075564916,688.5516311700194
1,14,5,15875.66220459342,15019.428116231957,856.2340883614634
8,23,22,16699.93729674816,16605.930616076283,94.00668067187871
11,10,14,15488.53909817338,14976.109404290832,512.4296938825482
6,5,20,15823.331379204988,15648.76991551212,174.56146369286762
6,27,2,13608.37532672286,15869.70386039575,2261.3285336728895
10,18,19,19449.370532274246,15836.682971626113,3612.6875606481335
6,26,2,12132.492218598722,11726.943010628416,405.54920797030536
2,8,2,14174.85829553008,14674.419774527529,499.5614789974479
8,6,15,15917.777606010435,14963.318678207374,954.4589278030617
12,10,18,18437.444388747215,15558.83101814304,2878.6133706041746
10,17,21,13957.68221232295,13773.872237205374,183.80997511757596
2,8,14,16639.76230201125,16171.43714839597,468.32515361528203
9,23,3,12264.543664753435,11940.042940934856,324.500723818579
8,13,16,16258.135076463224,17687.406265614794,1429.27118915157
11,25,20,18129.274792790413,15973.605862718405,2155.668930072008
3,22,6,13128.902474582195,14525.977446735566,1397.0749721533703
5,29,7,16341.602665036917,15267.51593097976,1074.0867340571567
5,28,2,13088.485747784376,12299.462811141137,789.0229366432395
1,10,3,14772.80242434144,14712.399256829298,60.40316751214232
9,2,16,17675.099561095238,18330.87513220897,655.7755711137324
3,13,17,18569.084699869156,15905.278920361989,2663.8057795071672
9,26,4,13215.88736949861,12360.77694744544,855.1104220531706
12,20,9,16512.940370440483,14917.44297374484,1595.4973966956422
9,2,18,17863.15128970146,16722.6678628607,1140.4834268407612
2,19,18,18697.950208365917,15625.037195230307,3072.9130131356105
3,22,9,13458.392036437988,14808.561598032524,1350.1695615945355
1,28,3,14748.63711693883,14451.112051732727,297.5250652061022
3,25,1,12401.94745336473,13852.251764325969,1450.304310961239
11,20,19,17874.264443933964,16226.084112364422,1648.1803315695415
2,24,4,12689.45982079208,12531.696136678096,157.7636841139847
11,9,9,14951.522105395794,13618.627993369479,1332.8941120263153
11,12,21,18369.23247307539,16103.136018115183,2266.0964549602068
4,21,7,12904.103271186352,14179.88999729854,1275.7867261121883
5,28,18,14534.689007639883,14825.765326435318,291.0763187954344
2,23,3,13999.002000808716,13453.441645621879,545.5603551868371
4,28,3,12975.4225884974,12602.807022949313,372.61556554808703
11,2,13,14949.636010617018,14653.631914477792,296.004096139226
11,15,21,18562.221102952957,15901.876589093546,2660.3445138594107
8,22,3,12637.738418504596,12062.194322479289,575.5440960253072
12,21,12,17210.40009278059,15074.561838186624,2135.8382545939658
9,1,16,17441.215606331825,16869.71059199692,571.5050143349035
2,15,18,18381.10433036089,15649.604358872311,2731.499971488578
9,14,2,13559.343014121056,13976.288974644382,416.945960523326
9,25,2,11828.609294891356,10614.876079479345,1213.7332154120104
10,1,12,15189.452613145111,14709.451772980061,480.00084016505025
5,2,22,19085.75983852148,16057.58727784593,3028.17256067555
6,28,2,12850.57205453515,12775.889222071619,74.68283246353167
11,25,12,17876.99413448572,15058.814137954585,2818.1799965311366
9,5,21,17026.363338708878,16373.874356338312,652.4889823705653
2,8,15,18165.74257272482,16288.790069672872,1876.9525030519471
3,22,11,14481.258677989244,14851.048951692897,369.79027370365293
2,24,3,15460.845616519451,14855.075673176598,605.7699433428534
2,23,3,12687.01618179679,11587.166987770754,1099.8491940260355
12,14,10,15555.88076093793,13926.08063820568,1629.8001227322493
11,14,20,18152.012098014355,16106.892109557682,2045.1199884566722
6,26,8,13421.053798541428,14309.608111849626,888.5543133081974
2,19,20,18558.686777055264,15998.268935406159,2560.417841649105
6,18,17,15971.028717696669,17266.65628862433,1295.6275709276615
3,11,21,17681.667878985405,16266.693453255222,1414.9744257301827
6,28,2,12214.906235203149,11997.166220757197,217.7400144459516
9,8,20,16714.309183120728,16994.986399158908,280.67721603818063
11,27,20,17644.581653535366,15746.15263707741,1898.429016457956
2,22,3,12345.730838015676,13017.008654097826,671.2778160821508
1,8,4,15896.043839365244,15015.80347478792,880.2403645773247
10,5,21,17378.778856277466,16928.32750048002,450.451355797446
2,6,14,17908.664450466633,16495.73382161099,1412.9306288556436
6,25,1,12354.994192183016,11992.98318551513,362.01100666788625
11,2,14,15425.510559737682,14313.131013980905,1112.3795457567776
11,14,21,17983.39301019907,16149.795682811115,1833.5973273879554
5,27,2,12896.509678900242,13668.525025617935,772.0153467176933
1,19,3,15824.61461263895,14924.27292562222,900.3416870167312
10,10,20,14837.44515478611,13879.296280802862,958.1488739832475
8,23,10,17594.627824306488,16365.163685223812,1229.4641390826764
3,21,5,13082.553305074573,13055.88460588148,26.668699193092834
2,18,20,18598.23202061653,15996.100366986246,2602.1316536302857
9,24,3,13705.76040005684,12888.224476122246,817.5359239345944
11,7,20,18741.586706876755,16002.02776738064,2739.5589394961153
5,19,16,13438.275332570076,13155.664679434944,282.61065313513245
9,27,4,16252.12409773469,15135.80801983592,1116.3160778987694
6,13,13,13455.538082629442,12665.277825759851,790.2602568695911
11,25,20,18168.34512925148,15276.552596331785,2891.792532919695
4,12,4,14232.9335283041,13804.368907018394,428.5646212857064
8,13,11,12864.931637614964,12119.511911247633,745.4197263673304
2,3,3,14450.73420867324,14751.64141093241,300.90720225916994
10,23,3,13267.929272562264,12044.597773352296,1223.3314992099677
2,6,11,16314.941019535065,16133.372859887413,181.56815964765156
11,7,21,15024.615557521582,14211.82256501855,812.7929925030312
4,5,2,13821.999859422443,13948.59094273785,126.59108331540665
11,2,17,16647.681521445513,16528.477448488098,119.20407295741461
11,17,20,18803.972603321075,16033.148238216305,2770.8243651047705
5,21,8,12577.035612508656,14413.998385570147,1836.9627730614902
1,24,4,14755.03811004758,14520.078839920347,234.95927012723405
2,25,3,12627.164968714118,11522.46748766612,1104.6974810479987
2,9,12,17990.512515604496,16853.443540608325,1137.0689749961712
3,13,11,15140.7209109962,14300.927612601748,839.793298394452
11,5,21,15109.806017190218,14380.630378194564,729.1756389956536
9,3,18,16216.391234487295,15705.268944504154,511.12228998314094
4,3,22,19099.998029112816,16135.304552489337,2964.693476623479
4,26,1,11996.514176562428,11913.026010180733,83.48816638169592
11,3,12,14725.352315187454,14189.35233076648,535.9999844209742
3,19,15,17077.736967921257,15669.435946301244,1408.3010216200128
10,21,7,12845.634743154047,12718.582448076168,127.05229507787953
7,17,5,13124.880118072031,11907.507158416673,1217.3729596553585
12,19,15,17508.49247175455,15249.017305742347,2259.4751660122038
9,3,18,17608.026930332184,17165.538001534573,442.48892879761115
3,15,3,13599.078958719969,13076.839894103778,522.2390646161912
10,3,16,16367.962469756603,16937.772096834164,569.8096270775604
11,15,20,18620.029354274273,16015.615673579212,2604.413680695061
6,27,2,11937.044160500169,11843.505884663959,93.53827583621023
12,23,14,17947.17621743679,15142.139361751782,2805.036855685008
9,2,16,17679.76414948702,17555.74739658617,124.01675290084677
2,15,19,18251.67533105612,15557.702079461309,2693.9732515948126
9,23,5,14209.900533944368,13972.58715315705,237.31338078731824
8,28,3,12707.23951420188,11834.750246980177,872.4892672217029
2,11,2,14365.26405414939,14878.65050452768,513.3864503782916
10,2,17,17960.141427338123,17196.733288638443,763.4081386996804
2,10,17,18627.385082900524,16017.833400079733,2609.551682820791
9,14,4,14025.942110836506,13719.564987813754,306.37712302275213
8,26,3,12346.9021114856,11120.885423808973,1226.016687676627
2,8,2,14052.70956465602,14768.99708490623,716.287520250211
10,5,17,16873.062670588493,16181.8273561087,691.2353144797926
2,14,17,18673.173017203808,15903.12583483741,2770.0471823663975
6,25,13,14194.32907652855,14261.37771816175,67.04864163320053
5,29,5,15548.983945131302,14925.45223456923,623.5317105620725
4,27,3,12627.709799528122,11870.42918920029,757.2806103278326
1,12,2,14313.022222578526,14765.982960162679,452.9607375841533
9,3,17,17725.341287374496,18184.01402870227,458.6727413277731
10,11,22,19938.416576504707,15858.797540434693,4079.6190360700148
3,25,2,12382.633334293962,12382.602357264674,0.030977029287896585
6,29,9,13402.908082172276,13593.620351936333,190.71226976405705
10,27,21,15667.87640452385,16008.900494929774,341.02409040592465
7,28,5,12115.346554875374,11867.948733127381,247.39782174799257
10,13,21,14375.746869683266,14016.886745729033,358.86012395423313
11,17,12,16180.393850445747,14896.052376055062,1284.341474390685
9,20,19,13858.636194467545,13427.859379104691,430.7768153628531
11,20,20,18750.631267488003,15973.963356403607,2776.667911084396
8,20,14,16300.159843623638,16049.592640024715,250.5672035989228
11,15,19,18771.377899944782,15961.346537547375,2810.031362397407
5,24,2,11941.331652969122,11606.047470594403,335.2841823747185
11,25,11,17205.949581682682,14982.8762589938,2223.0733226888824
6,10,14,15879.5434833467,15651.81882453836,227.72465880833988
4,3,16,15752.746158361437,15458.90986487623,293.8362934852066
8,11,21,14798.212414860724,15254.46641105325,456.25399619252676
7,28,10,14449.45261567831,14707.351725141967,257.8991094636567
11,5,11,15783.862826168535,14227.017406138499,1556.8454200300366
4,3,21,17555.947912335396,16473.433506236845,1082.5144060985513
8,28,1,12508.8210311234,12108.549556980222,400.27147414317733
12,24,14,17907.072404384613,15117.824664443466,2789.2477399411473
9,2,16,17464.673064291477,17479.008808832685,14.335744541207532
2,16,19,17995.344428777695,15574.079008661089,2421.265420116606
9,27,4,13319.236874103546,12555.548587617131,763.6882864864147
10,11,15,15238.420128405094,14424.146435142678,814.2736932624157
3,20,13,17346.701711416245,15659.856384751545,1686.8453266646993
4,28,3,12584.807807594538,11318.18961976379,1266.618187830747
6,15,13,14681.015349209309,14589.242488305523,91.77286090378584
6,17,4,14217.149634033442,13630.836474674477,586.3131593589642
7,29,3,13860.265970647337,15320.23799078982,1459.9720201424825
11,24,18,18596.01660770178,15948.18687221287,2647.829735488909
4,26,4,12336.370903000236,12265.76366716985,70.60723583038634
1,11,3,15199.683621287346,14901.613509990426,298.07011129692
6,14,14,16211.042172908785,16515.96659354985,304.924420641064
2,21,16,17211.48934429884,15719.979287897824,1491.5100564010154
10,21,4,13053.468115955591,12374.95206291284,678.5160530427511
5,12,14,15381.611180871723,15620.331185410272,238.7200045385489
11,21,20,18739.08913844824,16060.739431534728,2678.34970691351
4,26,2,11887.927980452776,11962.734747152077,74.80676669930108
1,9,4,15486.821558505297,14986.999358728639,499.8221997766577
10,5,21,16992.71137237549,16584.259586613094,408.45178576239414
3,11,13,15604.329897463322,15128.994078388587,475.3358190747349
10,23,4,12432.306238338351,11504.197232206925,928.1090061314262
7,28,3,12993.014246582983,12303.802288487612,689.2119580953713
1,9,2,14520.86789867282,14830.329358832321,309.46146015950217
10,4,16,16500.16955256462,16794.292207693252,294.12265512863087
10,9,22,19418.9272646904,15905.609714611295,3513.317550079104
5,27,2,12164.773393064736,12098.707688618839,66.0657044458967
3,14,4,15701.49269130826,14986.081241195096,715.4114501131644
6,15,14,16675.358598709106,16273.16014659042,402.19845211868596
4,28,3,12574.124653443694,11260.93298657685,1313.1916668668437
2,9,2,13172.269941091536,12218.014681101195,954.2552599903411
7,27,2,12784.530849814417,11568.187554724307,1216.3432950901097
6,17,3,15359.47345611453,15030.646763661121,328.8266924534091
9,4,17,16930.08187073469,17139.202994347692,209.12112361300024
4,20,20,18181.458798885345,15929.311205061338,2252.1475938240073
7,30,4,14029.719631820915,15005.06281991167,975.3431880907556
3,15,4,13919.740497916937,12912.243265500965,1007.4972324159717
5,29,3,12984.234821930528,12445.868716449193,538.3661054813347
2,7,20,18110.996200859547,16072.85742939348,2038.1387714660668
10,2,15,16258.863021284342,15877.958566059648,380.9044552246942
2,9,15,17907.034674286842,16288.83763137892,1618.1970429079229
9,15,5,14092.888837903738,13458.06903316097,634.8198047427686
8,27,4,12688.430240243672,11766.57470309375,921.8555371499224
2,7,3,14633.554167091846,14863.327123787612,229.77295669576597
6,5,15,15473.46346345544,15252.371836594903,221.09162686053787
11,16,15,16101.800006240606,15300.749626314953,801.050379925653
8,9,21,16304.054655998943,16021.14865958642,282.90599641252265
8,21,7,13434.74141678214,13219.274483313877,215.46693346826396
12,22,15,17460.193025290966,15227.257229879982,2232.9357954109837
9,2,16,17571.627228617668,17019.788217332913,551.8390112847555
2,16,18,18277.724682688713,15626.241172083493,2651.4835106052196
3,26,9,13980.936255842447,15427.067703088609,1446.1314472461618
11,28,19,18805.097124278545,15222.776791044189,3582.3203332343564
4,27,3,12790.956039398909,11478.753778098195,1312.2022613007139
7,25,4,12810.475828513505,11282.985768377559,1527.490060135946
10,5,17,15434.257790774109,15624.376275851066,190.11848507695686
11,18,20,18727.499436676502,15907.113485564274,2820.385951112228
7,26,3,12287.942271962762,12011.98921041365,275.9530615491112
10,3,17,15039.8638484478,14683.011563366592,356.8522850812078
11,18,21,18336.80099338293,16026.93744415306,2309.863549229871
5,19,10,12804.908998653293,13695.391569969815,890.4825713165228
1,22,5,14900.861657053232,14754.171234168734,146.69042288449782
2,24,3,12549.008506566286,11582.683859979974,966.3246465863122
5,24,4,15996.890239059923,15086.695402569714,910.1948364902091
10,3,16,17327.514316260815,18102.529627700624,775.015311439809
11,15,21,18944.93881034851,15966.790360459721,2978.1484498887894
5,27,2,12094.171972885728,12156.856148295965,62.684175410237
2,9,3,15352.932205468416,14894.155839614696,458.77636585372056
10,3,17,18055.57888942957,17226.131332965633,829.447556463936
2,12,17,18514.491709053516,15930.86566250779,2583.626046545727
9,24,5,13764.470482736826,13417.347513973275,347.1229687635514
9,13,20,16378.01590037346,16511.603103814443,133.5872034409822
8,22,19,17640.445286512375,15829.292598985221,1811.1526875271538
2,24,3,12013.781232774258,12240.381710604486,226.60047783022856
1,12,4,15525.13237169385,14960.70505728915,564.4273144047002
10,4,15,17043.10155838728,17907.948391567817,864.8468331805379
2,11,17,18628.50058144331,15997.158323728228,2631.3422577150814
7,11,7,15245.058985173702,14592.47947763213,652.5795075415717
9,23,3,12091.133469685912,10753.102233233963,1338.0312364519486
3,3,4,14858.548582732676,14844.328127313956,14.220455418719212
5,9,13,15092.853720217943,14798.304518838948,294.54920137899535
7,22,16,17154.14697766304,16023.178524203864,1130.968453459176
11,1,18,14744.868618369102,14623.199672820043,121.66894554905957
9,2,17,16341.599794268608,16233.88640418608,107.71339008252835
2,17,15,18621.522153794765,16081.544671913354,2539.977481881411
10,18,6,13820.360240608454,13330.774157888432,489.5860827200213
9,9,7,12621.701896622775,11670.689287950532,951.012608672243
12,8,15,16886.04182422161,15544.579400261478,1341.4624239601326
5,12,9,15220.953143686056,14102.687170762762,1118.2659729232946
8,20,14,15317.59919923544,14618.338865055845,699.2603341795948
7,8,20,15046.428475350142,15288.599145279812,242.1706699296701
7,23,3,12722.311457931995,12267.298301804109,455.01315612788676
2,8,2,14509.431167840958,14835.434501274405,326.00333343344755
10,2,17,17899.01456785202,17172.840950507012,726.1736173450081
9,7,22,19587.108355283737,15993.750980264645,3593.3573750190917
3,25,2,12266.987713858483,12040.333507388223,226.65420647026076
11,2,13,14675.100336164236,14215.889299543755,459.21103662048154
3,18,15,17106.47828000784,15677.491627893743,1428.9866521140957
9,20,5,13228.06537371874,12599.265794977748,628.7995787409927
8,28,4,13312.37758333981,12375.25233439267,937.1252489471408
1,10,4,15017.309452176094,14985.725317138553,31.584135037541273
10,3,17,17569.19855862856,18092.187218967436,522.9886603388768
3,20,17,18079.148717463017,15935.405848886825,2143.7428685761915
2,23,2,12909.349395215511,12755.882182685611,153.46721252990028
11,3,9,14458.269975483418,14129.174844925676,329.09513055774187
11,15,20,18148.298144042492,16005.851164846792,2142.4469791957
4,15,8,12611.894531860948,14008.781849205392,1396.8873173444445
2,18,8,16059.942973971369,15280.641189391197,779.3017845801714
3,28,3,12549.44711895287,11729.167877696293,820.2792412565777
2,15,4,15546.497039556503,14975.629633566034,570.8674059904697
6,10,14,15573.277616888285,15771.869327578925,198.59171069063996
4,18,14,17427.714793086052,15979.80795909419,1447.9068339918613
7,29,2,13538.537735968828,14518.68197716926,980.1442412004326
2,5,19,18575.774410247803,15976.712137864646,2599.0622723831566
10,14,19,14467.302642911673,13317.176229859137,1150.126413052536
2,9,21,17843.622683227062,16256.981601906702,1586.6410813203602
8,9,18,14067.625256568192,13311.153380829393,756.4718757387982
5,27,10,16820.642851382494,15753.402227209062,1067.2406241734316
9,24,2,12881.223862931132,12849.553453521301,31.670409409831336
8,24,4,13599.852425724268,12559.759569371821,1040.0928563524467
1,10,2,14221.442252874374,14878.511056523424,657.0688036490501
10,4,16,17251.890076816082,17623.271003701877,371.3809268857949
11,13,22,19381.53263670206,15960.899116194389,3420.633520507672
5,23,13,13092.910011857748,13412.569275452839,319.65926359509103
2,22,21,18071.58957439661,16217.572656770577,1854.0169176260333
11,9,14,16946.86602270603,15356.835661027719,1590.030361678313
6,28,1,12680.62011000514,13702.931386833838,1022.3112768286974
2,8,12,16119.127143532038,15945.904452131032,173.22269140100616
8,27,4,12353.285879984498,11850.070738474753,503.2151415097451
7,24,6,14050.246855556965,13135.294001688077,914.9528538688883
2,7,4,15030.805754214523,14867.653786500083,163.15196771444062
8,25,3,13779.075721561909,13420.491340944618,358.58438061729066
11,4,14,14495.172061651943,14184.788661889113,310.38339976282987
3,2,21,17176.38476920128,16275.775102746711,900.6096664545676
6,23,9,15674.113353729248,15971.446980143217,297.3336264139689
6,26,7,16742.42138683796,15403.431378171173,1338.9900086667858
7,18,20,13880.01808694005,12970.899633315552,909.1184536244982
2,12,21,17969.769164025784,16310.061268409467,1659.7078956163168
1,14,5,14394.600845605137,13894.773745482666,499.82710012247117
10,2,8,14049.974542677402,14191.78957656431,141.81503388690726
10,12,21,18316.62031239271,16033.817403930481,2282.8029084622303
7,25,2,12581.287835538387,12296.700547263616,284.5872882747717
10,2,15,14869.296329170464,14455.456337504818,413.83999166564536
6,21,17,17613.03355026245,15853.930428865171,1759.1031213972801
5,25,8,13575.430389612911,14692.833130293031,1117.4027406801197
3,28,6,15522.396529495716,14835.02542956868,687.371099927037
3,24,19,14547.826053529978,15107.844201047063,560.0181475170848
12,25,18,18059.839929819107,15834.625626832074,2225.214302987033
2,22,5,12868.190984919667,13120.064908979282,251.8739240596151
12,10,18,18287.00956761837,15647.0975945958,2639.9119730225702
7,25,3,12232.798093631864,11055.749003754014,1177.0490898778498
8,1,13,14550.886702656746,15605.92178890137,1055.0350862446248
3,24,14,18240.35384106636,15692.074634614872,2548.279206451489
9,7,5,13363.562151953578,13236.493766581054,127.06838537252406
8,26,3,12292.01384164393,10949.019666222764,1342.994175421165
11,20,21,18339.12877637148,16174.10446622509,2165.0243101463893
5,22,11,15358.663489341736,14378.534655787356,980.1288335543795
10,21,6,12938.270335376264,12226.886712466898,711.3836229093667
10,2,18,15418.02646675706,15901.441716774934,483.4152500178752
3,13,15,18300.05187815428,16133.81376308705,2166.238115067232
9,11,3,14028.48848232627,13820.602407161101,207.88607516516822
7,13,14,15240.78154039383,15549.53495649356,308.7534160997311
11,27,20,17996.9405759573,15839.537070835022,2157.4035051222763
3,27,3,12239.955944299698,13272.44317228261,1032.4872279829124
12,18,9,15736.956932663918,14259.496344880014,1477.460587783904
11,16,21,18024.720590770245,16274.019096367654,1750.7014944025905
7,24,2,12366.899063304068,12227.421339660854,139.47772364321463
10,2,14,14759.719512939451,14489.97332845458,269.74618448487126
11,16,21,18181.72783088684,16171.126681680427,2010.6011492064135
7,26,2,12027.476232990624,11965.222390384668,62.25384260595638
11,23,7,16393.92323768139,14762.531586146495,1631.3916515348938
10,2,17,17641.896254837513,16884.987111467275,756.9091433702379
8,7,22,19179.638063311577,15763.875771110015,3415.7622922015616
11,9,16,17569.03697538376,15570.099012208684,1998.9379631750744
9,25,4,12144.030041486025,10889.462454030592,1254.5675874554327
11,7,15,15686.740633189678,14696.559801673922,990.1808315157559
8,26,17,17362.57706016302,15647.04399947815,1715.533060684871
9,23,1,13340.450826629996,13222.166952741609,118.28387388838746
12,10,9,15887.38478192687,14609.05368969064,1278.3310922362307
9,2,17,17336.48341667652,15931.896866102521,1404.5865505740003
4,3,22,19153.659250557423,16132.923230197077,3020.7360203603457
2,16,7,12764.660416856408,14827.62357891012,2062.963162053711
1,26,4,14874.746687859297,14728.240950990095,146.50573686920143
2,26,3,12541.942930594088,11599.957724779602,941.9852058144861
2,10,4,15297.141694158316,14825.370258704123,471.7714354541931
9,5,16,16751.55330082774,17509.09329416405,757.5399933363078
10,10,21,19638.356490910053,15759.211695294247,3879.1447956158063
6,19,14,13248.582754820583,13385.551725042187,136.96897022160374
4,29,12,17467.82844877243,16108.784690946779,1359.0437578256515
6,29,3,15258.348181784151,15532.040962604624,273.69278082047276
10,27,17,15676.457130998371,15491.484572776331,184.97255822203988
3,21,5,13826.390904605389,12702.70478480071,1123.686119804679
6,24,15,13616.230158925056,13473.108143049678,143.12201587537857
4,16,12,16727.808355927467,16227.637582825195,500.1707731022725
5,12,20,13964.080334663391,14743.77444694121,779.6941122778189
8,14,6,13523.786498069763,12621.923204442439,901.8632936273243
4,2,21,16916.948515832424,16330.986222740405,585.9622930920195
10,3,17,17449.173376083374,17863.523196339906,414.34982025653153
2,15,20,18716.35101300478,16072.884537400392,2643.4664756043876
6,22,14,13219.922644466162,13034.08878194998,185.8338625161814
11,28,20,18227.67078667879,15875.98948117987,2351.6813054989216
9,3,19,15624.301832586529,14854.54151694037,769.7603156461591
11,20,6,13709.047429770231,13455.560751725392,253.4866780448392
12,5,20,17783.045370817184,16245.25244919233,1537.792921624854
10,2,17,18086.07137018442,18167.252428134765,81.18105795034353
3,19,12,17653.46052980423,15993.128632756661,1660.3318970475684
9,19,5,14110.029785364866,13281.767873373177,828.261911991689
8,17,20,16413.99441936612,17350.48108434048,936.4866649743599
11,28,20,18293.79442346096,15616.775505548161,2677.018917912799
3,24,4,12327.828111678362,12539.742871643228,211.91475996486588
2,8,6,15840.738487899303,14873.490777730693,967.2477101686109
9,7,16,16396.408912926912,16418.178106414332,21.769193487420125
4,27,15,17127.905694663525,15533.235133635397,1594.6705610281278
9,22,4,13510.806524217129,12682.517284144289,828.2892400728397
5,20,12,15462.948659360409,15742.18264091233,279.2339815519208
11,22,21,18621.618119478226,16030.219183789972,2591.398935688254
3,19,15,13169.073955744503,12873.770251197559,295.3037045469446
2,15,9,15904.240292996168,15376.604580238609,527.6357127575593
2,25,3,12530.25500753522,11960.78411742465,569.4708901105696
11,2,10,14672.906659066675,14238.73903592552,434.16762314115476
10,15,21,18368.2441085577,15974.839936446922,2393.4041721107787
5,21,13,16032.659191966057,17601.47678136661,1568.8175894005544
2,24,2,14470.475252002478,14815.175398391435,344.70014638895736
2,26,2,12367.11314059794,11809.615547283425,557.4975933145142
11,3,10,14199.492768496277,14505.523587197915,306.03081870163805
4,25,12,17051.138069212437,15526.352760828744,1524.7853083836926
9,8,6,13543.839224815369,13310.989802081362,232.84942273400702
8,23,4,12198.764725223184,10680.862514902883,1517.9022103203006
10,2,15,15666.950376689434,14848.935061943248,818.015314746186
5,3,22,19308.66843593121,15966.135931136661,3342.532504794548
7,28,1,12046.612364426255,11900.913013486188,145.69935094006723
10,2,15,14856.130165487528,14664.44999313493,191.68017235259867
3,19,14,17563.165023863316,15724.098588944855,1839.0664349184608
10,8,4,13519.72354069352,13035.156914596551,484.5666260969683
9,29,9,13236.612676247954,12424.042486218663,812.5701900292916
1,16,3,14863.326771527529,14848.511073099107,14.815698428421456
6,12,15,15997.120310634376,16173.817443695134,176.69713306075755
2,13,15,17771.75586938858,16332.020312262159,1439.7355571264216
11,2,17,14399.665701121092,14399.280570986883,0.38513013420924835
11,19,5,13334.931364446878,13115.792899752641,219.13846469423697
11,4,14,15739.094834834335,14529.647093268812,1209.4477415655238
4,24,14,17703.480796813965,15573.977761888753,2129.503034925212
7,22,3,13652.265273064377,13160.812098241588,491.45317482278915
2,13,2,14795.084097623823,14770.110815596203,24.97328202762037
10,3,16,16693.25332790613,16702.541655650977,9.288327744845446
4,14,3,13739.56615754962,13200.553673405135,539.0124841444849
9,13,7,12616.06124700606,11601.360768340068,1014.7004786659927
9,1,15,15953.89474210143,15685.45847639561,268.4362657058209
5,4,22,19638.849442839622,16176.713823630413,3462.13561920921
4,26,2,12773.452554911377,12949.989516529426,176.53696161804874
11,3,10,15104.516831636429,13821.877745308631,1282.6390863277975
11,21,21,18023.00387132168,15974.845833921076,2048.158037400606
8,24,2,12359.698151111605,12018.57643603146,341.121715080144
10,3,16,14841.047969013453,14634.868646525465,206.17932248798752
11,17,21,18491.651056170464,16004.290826808621,2487.3602293618424
6,20,11,12931.949108615518,13717.823485870547,785.8743772550297
2,22,5,15000.85707899928,14748.606107223264,252.25097177601492
2,25,3,12531.11131671071,11633.500300967538,897.6110157431722
5,25,5,16336.70185342431,15149.008785849352,1187.693067574959
9,3,16,17235.53079855442,18148.390104123788,912.8593055693673
11,14,21,19001.93012303114,15945.090874722464,3056.8392483086755
4,28,3,12633.753792092204,13400.866511004077,767.1127189118724
1,15,3,15835.085534989834,14944.237778397126,890.8477565927078
6,28,4,13800.366569668056,13680.113530805093,120.25303886296388
11,15,18,18951.247118651867,15854.510820876605,3096.736297775262
2,23,5,12783.2658662647,12915.809605679708,132.5437394150067
2,8,20,18841.31473726034,15996.96260174147,2844.3521355188714
10,8,21,16773.542975962162,16279.364268602329,494.1787073598334
12,10,20,17936.819305598736,15960.45841065397,1976.3608949447662
3,17,2,13354.2627081275,12403.309249322774,950.9534588047263
11,7,8,13495.931023061275,12874.946691381827,620.9843316794486
10,5,16,15895.875284254553,15093.352069257466,802.523214997087
4,3,22,19386.33666241169,16017.91023279218,3368.4264296195106
5,18,14,13253.030805259945,13230.143035873498,22.887769386446962
2,14,21,18625.116355717186,16201.393159861802,2423.723195855384
4,27,1,12941.430846229194,14413.516841088565,1472.0859948593716
11,23,19,18044.033479511734,15914.612483017523,2129.420996494211
3,10,18,13250.98435756564,12890.158114670787,360.82624289485284
4,28,11,17247.625755548477,16091.699812474595,1155.925943073882
9,24,3,14391.56193229556,14317.899276218408,73.66265607715286
7,19,20,16368.249956697226,16850.653046659965,482.4030899627396
2,4,22,18412.82796061039,15510.34268036046,2902.48528024993
10,23,20,14094.191756606102,13273.09765860472,821.094098001382
2,8,21,18354.079737722874,16253.951389459067,2100.1283482638064
3,16,17,14173.151828825474,13339.130605326773,834.0212234987011
6,27,6,16152.0679795444,15079.091700390669,1072.9762791537305
5,27,3,13066.006811708212,14657.764623395384,1591.7578116871719
11,22,19,18317.571767032143,16029.142148501389,2288.429618530754
2,21,4,12540.101947888732,12553.230266343326,13.128318454593682
11,2,10,14196.35542884469,14172.568573313942,23.786855530748653
3,21,14,17168.522144913673,15584.37680759325,1584.145337320424
9,8,6,13150.074390858412,13033.397530405806,116.67686045260598
9,7,20,16738.0442853868,16529.61243919212,208.4318461946823
3,18,3,13329.737734466791,12505.525665708221,824.2120687585702
10,6,20,15024.301003336906,14062.584339782286,961.71666355462
10,23,2,14601.541819572449,14691.70139112805,90.15957155560136
10,4,19,14629.186908274887,13960.160321045067,669.0265872298205
11,6,16,15389.251115560532,14592.478163781567,796.7729517789649
4,2,21,18548.47340363264,16011.72853548656,2536.744868146081
7,28,2,13084.07522238791,13419.72966529933,335.6544429114201
2,21,3,15582.68430441618,14917.907898962718,664.7764054534618
9,26,6,13929.288673311472,13550.996819253696,378.2918540577757
2,7,11,17729.137263298035,16538.44494752523,1190.6923157728052
2,18,6,13864.349433511496,14206.834738561554,342.48530505005874
4,24,5,17055.705051481724,15210.900244131164,1844.8048073505597
8,11,14,16781.856310874224,18369.090993960275,1587.2346830860515
11,21,20,18260.46644383669,15995.775895268333,2264.6905485683565
3,26,2,12168.624528750775,12458.98494427706,290.36041552628376
1,7,2,14835.079231590033,14885.271421832671,50.19219024263839
10,3,16,17406.83774572611,17628.144979295874,221.30723356976523
11,11,22,19555.415073156357,15949.935460117642,3605.479613038715
4,26,2,12210.418199062347,12151.961668761523,58.45653030082394
2,13,4,15727.86192855239,14988.115621168106,739.7463073842828
10,3,17,17930.574974417686,16938.773858102682,991.801116315004
2,13,16,18226.161582767963,16023.369562678536,2202.7920200894278
9,26,3,12903.55782520771,11865.956040938985,1037.6017842687252
12,16,15,17994.009931623936,15352.445187694459,2641.564743929477
6,26,20,15355.89278781414,15759.194427000939,403.30163918679864
2,22,8,14763.26327136159,14584.109034200388,179.1542371612013
6,26,16,13253.417743816972,14172.036447499313,918.6187036823412
5,26,5,15779.355719923971,15108.660784263326,670.6949356606456
9,16,21,16354.140130460262,16177.45535686375,176.68477359651297
11,21,20,18073.65652757883,16066.184588346065,2007.471939232766
3,19,12,13433.820720374584,13125.650974801103,308.1697455734811
2,19,7,15742.711592793465,15082.6515828054,660.0600099880648
5,28,3,13080.895026266577,14524.483116486757,1443.5880902201807
11,20,19,18433.012742698193,16046.916029387834,2386.0967133103586
2,23,4,12551.509560927749,12456.024568984009,95.48499194374017
2,7,5,15857.625987529756,15023.90368131303,833.7223062167268
9,7,16,17081.825762212276,17605.58324574034,523.7574835280648
3,18,15,18159.24561393261,15896.246651416699,2262.9989625159105
7,25,13,14266.375108331442,13765.229592812506,501.145515518936
2,22,5,15547.474331110716,14941.159236250945,606.3150948597704
4,27,2,12590.5130494982,14161.252472747035,1570.739423248835
11,17,18,18353.536752402782,16211.823612362472,2141.7131400403105
4,11,17,13423.693264946342,13053.090289925696,370.6029750206453
5,30,10,17311.400283634663,16011.575332009392,1299.8249516252708
8,26,3,13676.61430963874,13580.105180524271,96.50912911446903
11,13,20,17433.578542411327,17510.619618860554,77.04107644922624
3,6,21,17194.640394985676,15630.978046096747,1563.662348888929
1,16,5,13854.987447947264,14339.282561747557,484.2951138002936
5,12,4,14305.643527805803,13837.416432938731,468.2270948670721
6,19,11,16962.269745230675,17754.191086034065,791.9213408033902
11,26,20,18429.9533239007,15752.814091437414,2677.139232463285
5,26,2,12055.99383020401,12164.805947963498,108.81211775948759
6,5,14,16210.080875635147,15943.034012553342,267.046863081805
2,8,13,16621.1515211761,15289.710844743886,1331.4406764322139
9,23,1,12463.973068386316,11935.863251925686,528.1098164606301
11,28,3,15315.328831613064,15141.780409865278,173.54842174778605
10,8,20,16452.961408168077,15591.283914081903,861.6774940861742
10,2,16,17325.3399143219,16956.64429871199,368.6956156099077
10,10,21,19036.804216444492,16062.95448778096,2973.849728663532
4,17,11,13382.497329607606,14248.932977255587,866.4356476479807
2,23,5,15287.529951751232,14807.56308469372,479.966867057512
1,24,5,12836.04699216783,12201.221599930112,634.8253922377189
2,11,6,15857.669049054384,15003.070366718042,854.5986823363419
10,27,3,14062.373391002417,13642.851854985378,419.52153601703867
2,5,12,16839.948358148336,16120.71151029248,719.2368478558565
6,29,5,14271.86442744732,15991.528624512592,1719.6641970652709
5,22,5,15237.733604669573,14987.313573463201,250.42003120637128
4,28,4,12646.023045733573,12645.166953718986,0.8560920145864657
2,15,4,15501.473139733076,14987.59253932816,513.8806004049165
10,2,16,17173.518101990223,17549.61916109674,376.1010591065169
2,9,17,18543.578333556652,16056.39857664737,2487.1797569092814
10,26,5,13839.214216530325,13573.197500061622,266.0167164687027
3,15,3,13541.925242573025,12957.841723999616,584.0835185734086
10,3,16,16426.635232448578,17052.05501626199,625.4197838134132
3,12,13,17785.235356926918,16402.111077792884,1383.1242791340337
9,9,4,14099.7922154665,13904.88042819557,194.91178727092847
9,25,4,12214.17275390029,10723.615310463392,1490.5574434368973
2,7,2,13994.768847882748,14773.390262910942,778.621415028194
10,2,17,18141.6650288105,17383.52670130657,758.1383275039298
9,7,22,19958.256866395473,15905.005667154875,4053.251199240598
3,24,2,13001.398120373487,13715.191779211806,713.7936588383182
11,10,7,15416.533667236568,13974.059373828222,1442.474293408346
11,23,21,17372.512379169464,16140.023661722147,1232.488717447317
8,25,2,12410.029076263309,12197.861325950129,212.16775031317957
11,6,15,15255.89490520954,14435.16011307573,820.7347921338096
11,15,21,18390.20630633831,16047.449589245016,2342.7567170932944
6,12,16,13192.875905901194,13307.238783384022,114.36287748282848
3,28,13,18011.046711206436,16134.131508191389,1876.9152030150472
8,24,1,13130.158230662346,12962.06964539527,168.08858526707627
8,18,13,16048.85647687316,16929.195061781178,880.3385849080187
11,24,19,17861.99149930477,16000.98098980302,1861.0105095017516
3,16,12,12978.712078869345,13104.949864020431,126.23778515108643
8,22,21,18944.226859807968,15817.671165900138,3126.5556939078306
10,9,17,15135.241434514524,14438.530546867134,696.7108876473903
9,26,9,13202.646770894526,12347.226140651534,855.420630242992
10,1,12,14596.843192070724,14505.212224739877,91.63096733084785
3,22,3,13139.78719767928,12010.817032981618,1128.970164697661
10,18,14,14554.93612641096,12763.48340654851,1791.4527198624492
2,4,1,13367.735633909702,13433.158940603817,65.42330669411422
9,26,3,13162.14597159624,12127.914114671872,1034.231856924367
12,11,20,18559.408570230007,16042.125204436858,2517.2833657931496
5,29,18,15713.72052386403,16165.450991423213,451.7304675591822
11,26,19,18807.960510611538,15643.111443768234,3164.849066843304
2,27,11,12975.395726308228,14424.434745693465,1449.0390193852363
11,8,9,15171.295823812485,13697.902337692552,1473.3934861199323
11,21,21,17957.356782078743,16008.492122921341,1948.8646591574015
6,15,19,13196.052616089582,13751.65874487901,555.6061287894281
2,18,5,14922.685647845268,14828.675669573342,94.00997827192623
1,22,3,12658.470081955194,11543.361392009403,1115.1086899457914
11,6,10,15126.16488534212,13822.105346559396,1304.0595387827234
5,26,13,17064.245177090168,15424.082836054913,1640.162341035255
11,1,18,14817.37069222331,14704.084651047358,113.28604117595205
9,3,16,15493.468207359314,15391.345441644791,102.12276571452276
4,3,22,19004.86158758402,16149.435729187808,2855.425858396211
3,17,10,13032.565846845508,14233.816923065178,1201.2510762196707
1,23,5,15007.7608666718,14840.692247072744,167.06861959905655
2,24,3,12394.96800044179,11614.16772125169,780.8002791900999
1,10,4,15260.949918091295,14837.75523223599,423.1946858553056
10,3,15,17433.867259681225,18311.43745706911,877.5701973878859
11,13,21,19359.85095399618,15937.747698566121,3422.10325543006
3,18,3,13334.513052493334,12520.03572828073,814.477324212603
5,28,1,12907.866848438978,12518.801010655487,389.0658377834916
11,20,17,18257.138813257217,16118.324665412478,2138.8141478447396
7,27,12,16605.701046139002,15558.605956828738,1047.0950893102636
3,12,12,18195.69452881813,16523.202397668196,1672.4921311499347
10,12,5,13874.665744483473,13461.36018445073,413.3055600327425
9,7,20,16871.35538366437,16584.468207732163,286.88717593220645
11,28,20,17851.624744832516,15666.275336634437,2185.349408198079
2,23,3,12115.920503482224,12808.720669235103,692.8001657528785
1,10,4,15538.183704644442,14859.373419565507,678.8102850789346
9,6,16,17432.769805967808,18331.848704381548,899.0788984137398
11,18,21,19019.531213641167,15894.43001579278,3125.1011978483875
3,25,2,12194.99294577539,12233.143960417096,38.15101464170584
1,7,2,14953.616946041584,14925.662007759505,27.95493828207873
10,2,16,17419.39120543003,17581.953596399828,162.56239096979698
2,9,17,18716.49701207876,15990.304685119812,2726.192326958946
6,30,1,13627.098067522047,14840.1450046997,1213.0469371776526
4,12,1,13528.10331338644,13290.666836765575,237.4364766208655
8,25,14,17133.644770622253,15564.455291395405,1569.1894792268486
11,19,20,18194.948129057884,16120.801676050336,2074.146453007548
3,24,3,12210.251694500445,12821.04555492056,610.7938604201154
1,11,4,15866.0143725276,15066.536332700169,799.4780398274306
6,16,14,15956.493197530508,16015.362349379306,58.86915184879763
11,11,21,18621.47047996521,16051.005670543862,2570.464809421348
9,6,16,17669.7615724802,19004.299123788023,1334.5375513078216
2,15,21,18564.64403140545,16137.9940418649,2426.6499895405486
5,20,14,13550.412874132397,13699.309729243676,148.89685511127936
10,29,18,18100.90011882782,15834.85329050461,2266.0468283232094
7,26,2,13140.014193430545,13182.184885239545,42.170691809000346
9,26,5,13792.398137062788,12491.257650328076,1301.1404867347119
10,2,14,14626.766850590706,14589.412609449055,37.35424114165107
3,20,14,17437.51477587223,15724.455508780726,1713.0592670915048
10,14,6,13488.564631581306,12991.35313775676,497.2114938245468
8,26,4,12875.734953925012,11718.503406015474,1157.2315479095378
2,10,2,14197.142839580774,14773.379476691236,576.2366371104617
10,2,17,17735.94098418951,17131.652065096845,604.2889190926653
10,9,22,19579.825626194477,15939.43117704135,3640.3944491531274
5,23,11,12926.855955526233,13930.266396466228,1003.4104409399952
1,25,4,14782.166460454464,14557.220148239167,224.94631221529744
2,24,3,12728.89556504786,11543.989235519022,1184.906329528838
2,10,20,18429.170834481716,16127.058586296873,2302.1122481848433
8,13,13,15290.125126302242,14927.019632341293,363.1054939609494
11,15,20,17734.97804647684,16089.984746793758,1644.993299683083
8,18,3,12424.308072775602,12392.6943682219,31.61370455370161
9,1,14,14381.766050606966,15138.775326135341,757.0092755283749
3,17,14,17919.63980782032,15900.422593639278,2019.2172141810424
9,8,5,13291.723020523788,12994.024459519615,297.6985610041738
9,8,20,16806.784832537174,16575.238465329752,231.546367207422
8,10,7,15423.219686627388,14599.308705715805,823.9109809115835
9,25,2,11970.856889858842,11204.871686327973,765.9852035308686
11,20,3,14634.595435768366,14950.669119332915,316.07368356454936
10,1,16,18155.88271391392,17565.929416085382,589.9532978285388
11,11,22,19289.677893459797,15940.41118084208,3349.2667126177166
7,27,2,12354.767196431756,12202.024287218399,152.74290921335705
12,21,13,17634.542166650295,15114.564925233508,2519.9772414167874
11,5,21,16452.373310774565,15851.00862059827,601.364690176295
2,7,14,16113.819503039122,15286.409688734762,827.4098143043593
10,22,6,12332.649361997845,11893.209047497616,439.44031450022885
7,11,5,12748.0503564775,11447.4272448177,1300.623111659801
2,3,2,13682.24675706029,14729.096002905591,1046.849245845302
10,2,16,17400.943648278713,16932.523744913542,468.4199033651712
10,10,21,19419.64003545046,15997.026788914101,3422.613246536357
6,27,2,12345.530704453588,12032.86872453527,312.66197991831723
12,23,13,17715.17138558626,15101.938612647285,2613.2327729389763
6,16,13,15408.965501755476,15105.623442013084,303.34205974239194
6,3,15,15851.15035444498,15369.88588282226,481.2644716227205
5,7,21,15271.178875684738,15546.40389208174,275.22501639700204
8,23,7,15603.07209083438,16079.786583860132,476.71449302575274
6,26,4,16408.415696322918,15236.127014242484,1172.2886820804342
2,23,6,12729.180386275051,12464.296079954365,264.88430632068594
1,13,4,15108.36530160904,14840.261714193413,268.10358741562595
5,13,13,16192.21936532855,16728.906771672722,536.6874063441719
10,3,17,17398.203294873238,17774.133411310333,375.9301164370954
3,29,14,17394.50574529171,15577.080726941158,1817.425018350552
9,16,6,13566.282071232796,12805.287429107007,760.9946421257882
9,16,20,16380.03979203105,17265.921398447044,885.8816064159946
2,18,12,18052.105259776115,16399.75728879259,1652.3479709835265
11,7,8,14820.525666594503,14469.262023020821,351.2636435736822
11,17,5,13071.272415950894,12487.360734791917,583.9116811589774
12,9,21,17650.656199276447,16302.08170802949,1348.5744912469581
10,2,16,17816.707179784775,17638.89475947551,177.81242030926296
10,6,21,18721.828438937664,15922.75746064291,2799.0709782947542
6,27,3,12491.537365466356,12478.75292807716,12.784437389196682
11,18,20,18247.835063278675,16150.446376950636,2097.3886863280386
3,10,10,15647.927025437357,14555.022744628688,1092.9042808086688
10,10,12,13050.075277924538,12820.587626334458,229.48765159007962
9,1,15,15344.272327810526,15225.731890637015,118.54043717351124
3,22,15,18139.541480481625,15899.521326258182,2240.0201542234427
10,11,5,13774.854871928692,12985.812272257974,789.0425996707181
8,26,4,12794.724537968636,11592.874823171946,1201.84971479669
11,25,10,16690.65323203802,14908.75837861968,1781.8948534183419
6,14,14,15811.822058945894,15553.077837972594,258.7442209732999
11,8,14,16436.04520085454,15273.695591527623,1162.3496093269168
11,28,21,16397.391125798225,16349.903333340679,47.487792457546675
10,13,7,13227.505573898554,12803.783515295747,423.722058602807
7,27,20,16680.223730772734,17458.107209624544,777.8834788518107
10,3,17,17445.716971039772,17854.345064361743,408.6280933219714
2,8,22,18909.610315322876,16088.077743828293,2821.532571494583
6,20,13,13549.215353637934,13784.053832434012,234.83847879607856
6,28,6,16131.143359452486,15213.53212740035,917.6112320521352
2,26,3,12679.467291474342,12064.198840714864,615.2684507594786
1,12,5,15473.287526369097,14952.122909084832,521.1646172842648
10,2,16,17845.875826239586,18797.186814792793,951.3109885532067
2,12,17,18648.63533014059,15950.938923660811,2697.6964064797794
9,17,4,14113.711340665815,13559.258562624353,554.4527780414628
8,27,3,12521.680022597311,11448.371043452884,1073.3089791444272
1,8,2,14022.475863158705,14759.31413148749,736.8382683287855
6,15,13,15574.768775969744,15170.35977060562,404.409005364123
3,9,14,17716.71585893631,16200.699476427639,1516.016382508671
3,23,3,13675.887185037136,14192.848743346716,516.9615583095801
6,29,4,16832.736578047276,15209.132110472143,1623.6044675751327
5,11,13,12917.111337557437,12826.9734601372,90.13787742023669
11,26,20,17908.05912846327,14979.619433620617,2928.439694842651
5,19,17,15886.818420350552,17207.231063779258,1320.4126434287064
2,8,11,16883.82887196541,15812.66178481379,1071.167087151618
8,29,22,14698.880140393972,15201.752026194948,502.8718858009761
5,27,5,12635.05855628848,12583.614156825872,51.444399462609
6,28,19,14052.202668994663,14635.913648299893,583.7109793052296
10,25,21,15140.894387423992,15940.377334849569,799.4829474255766
2,14,3,12906.126137569549,12305.333511351339,600.79262621821
12,10,18,18437.555938601497,15564.81806467513,2872.7378739263677
6,28,2,12878.314134195449,14407.528888267003,1529.2147540715541
3,12,20,18233.875747323036,15844.70756723575,2389.1681800872866
5,27,17,15319.46888962388,15521.794823572109,202.32593394822834
11,27,20,18515.331613838673,15860.892396315814,2654.4392175228586
3,12,18,13273.746884539723,12886.178651856662,387.56823268306107
5,21,13,16774.08965227008,15779.646678783402,994.4429734866771
2,24,5,13602.264691323042,13483.922104369018,118.34258695402423
1,17,5,15824.892256945372,14983.49148611119,841.4007708341815
8,22,21,16867.63814881444,16969.99692886734,102.35878005289851
2,3,11,18311.87288182974,16557.60585724659,1754.2670245831468
3,23,4,13118.044613674285,12984.435317461546,133.60929621273863
6,25,4,16426.805838108063,15155.06180513742,1271.7440329706424
9,7,16,16234.03333607316,16906.7010652734,672.6677292002387
11,15,20,18443.914280295372,15967.665493859944,2476.248786435428
6,27,2,11934.909334152935,11888.844363280576,46.06497087235948
12,23,14,17937.668232798576,15126.137509332013,2811.5307234665634
6,12,13,15499.120340049269,15208.715760423773,290.4045796254959
2,7,16,18183.164035260677,15857.126557600526,2326.037477660151
5,24,2,12533.325499296188,12584.148925729834,50.82342643364609
2,9,5,15967.624806702135,15091.585714469114,876.0390922330207
10,3,16,17196.017543554306,18011.17366716687,815.1561236125635
3,12,16,18598.50023239851,16007.346525092265,2591.1537073062445
7,28,6,14551.649916917086,14408.067603861331,143.58231305575464
5,29,4,12733.108417540789,12446.884236903772,286.2241806370166
2,17,2,13955.407743602991,12877.222143406874,1078.1856001961169
4,27,3,13321.617971360683,12329.724379225909,991.8935921347747
2,9,12,18135.218103408813,16702.7905490065,1432.4275544023149
3,16,11,14951.994141727686,14201.526519941863,750.4676217858232
9,12,15,15804.423678904772,16408.66575054723,604.2420716424567
11,22,21,18986.016223967075,16022.069134430085,2963.9470895369905
5,27,2,12058.03781723976,12209.990804071402,151.9529868316422
12,26,14,17990.17294472456,15109.181716679466,2880.9912280450935
8,6,16,16994.623304069042,17193.05648821369,198.43318414464738
9,11,22,19456.246432483196,15802.360334776373,3653.8860977068234
3,25,2,12289.018605023624,12323.303271122226,34.28466609860152
10,2,12,14471.165056616068,14356.997491270333,114.16756534573506
11,16,21,18190.18593454361,15974.87994842656,2215.3059861170495
6,26,2,12351.909346580504,12232.069676120078,119.83967046042562
12,25,12,17736.09272480011,15064.082211845453,2672.0105129546573
9,2,16,17073.876194655895,17235.90857331438,162.03237865848496
6,4,22,19286.539733588696,15898.575846240223,3387.963887348473
2,23,4,13563.923940122128,14215.091226738386,651.1672866162589
1,22,3,15989.239231407642,14858.905050514508,1130.3341808931345
8,21,21,16305.803364008663,15871.97447700932,433.828886999343
12,22,20,17904.231984198093,15979.76083863985,1924.4711455582437
2,19,4,12646.640671029683,12864.9495811409,218.3089101112164
3,4,21,19229.064491391186,15830.7178842779,3398.346607113286
12,11,18,18434.32345348597,15587.258115806264,2847.0653376797054
7,24,3,12400.960114121435,11025.561772803652,1375.398341317783
2,4,4,15111.957863092422,14789.733525267187,322.2243378252351
7,6,18,16085.53546333313,16222.798545723175,137.26308239004538
12,13,21,18526.330757558346,15969.517527398744,2556.8132301596015
6,21,4,14485.777267307045,14244.930969976183,240.8462973308615
2,5,21,18478.822002708912,15838.039735292637,2640.7822674162744
9,20,20,14612.141106277704,13271.839118900609,1340.3019873770954
2,7,21,18189.9456102252,16247.758609997854,1942.1870002273463
2,14,5,14374.797465592625,13603.719519970055,771.07794562257
2,14,3,15764.319045633078,14876.088299405334,888.230746227744
9,2,17,17927.576251864433,17951.992436943514,24.416185079080606
5,14,18,18631.55097782612,16276.529934861674,2355.021042964445
8,26,2,12533.856796488166,11814.089975289258,719.7668211989076
10,2,15,15051.859968990088,14486.41572405319,565.444244936898
3,19,15,17581.72495108843,15752.092618511148,1829.632332577281
9,8,4,13678.309293270113,13227.413462728733,450.89583054137984
10,7,20,16857.607274234295,16455.828810591112,401.7784636431825
8,22,19,17103.985632896423,15875.128262894967,1228.8573700014567
3,23,13,12706.889075413346,12603.653627300177,103.2354481131697
10,27,20,18305.21926110983,15916.297954005218,2388.9213071046106
8,5,15,14998.57317775488,14740.720856447964,257.85232130691656
9,3,16,15222.964321941135,15235.02434732449,12.060025383354514
10,14,21,19066.722543537617,16052.626564211052,3014.0959793265647
12,10,18,18439.13568139076,15560.965651785764,2878.170029604995
7,24,3,12468.348324343562,11047.801675531233,1420.5466488123293
3,3,15,17346.585240244865,16065.91289431071,1280.6723459341556
10,11,20,16690.243122279644,15770.062675399384,920.1804468802602
7,11,15,16837.102606534958,17486.50650846307,649.4039019281117
11,21,20,18683.92937594652,16041.333055314095,2642.596320632427
3,22,2,12006.353324830532,12602.34322268724,595.9898978567071
4,12,15,18813.84968674183,16975.321075882202,1838.5286108596265
10,14,20,16553.937402546406,16080.001088172057,473.9363143743485
11,6,19,14393.872900784016,14086.262996322408,307.6099044616076
9,3,16,15834.04016521573,15918.082799335265,84.04263411953434
8,9,21,19461.85509353876,15955.878877730363,3505.9762158083977
4,21,12,13221.56779976189,14557.459349879568,1335.891550117678
1,25,4,14550.912129461763,14568.92992303743,18.017793575667383
1,23,4,12498.514357730744,11887.685350483,610.8290072477448
2,11,6,15673.285342127085,14975.493187062,697.7921550650844
6,24,1,13220.4385625422,12923.030924760367,297.4076377818328
2,2,10,17359.184632241726,16671.319903247062,687.8647289946639
6,23,3,12630.23484531045,11819.30917701464,810.9256682958094
2,9,3,15312.096756607294,14886.932689190295,425.1640674169994
10,2,16,17350.181082606316,17549.787191822343,199.6061092160271
4,18,16,18318.14510047436,15896.693570196854,2421.451530277507
8,26,3,13003.148263767362,12263.165286045161,739.9829777222003
12,21,12,17268.945721447468,15080.652086883307,2188.293634564161
12,10,18,18446.331467211246,15565.541712119693,2880.789755091553
8,16,21,17012.64598751068,17757.395233545798,744.7492460351168
2,18,15,18073.36863052845,15796.2708703908,2277.0977601376508
11,4,20,15105.193512737753,15018.34080004768,86.85271269007353
8,16,1,13320.988657936454,13481.523438045531,160.53478010907747
4,12,2,12042.660956904292,10656.80936184312,1385.8515950611727
11,13,19,17135.865925073624,16056.205840391796,1079.6600846818274
10,3,16,18174.057958185673,18127.271776222067,46.786181963605486
11,18,19,18953.910371422768,15898.196860149945,3055.713511272823
4,17,14,13189.515261486173,14091.4512304904,901.9359690042274
2,18,9,15731.132143765688,15304.324299354907,426.8078444107814
2,27,3,12471.529955849051,11742.52966085772,729.0002949913323
6,6,13,16341.54155868292,16167.86984592044,173.67171276247973
2,13,13,16369.682470083237,15027.470373660037,1342.2120964232
9,9,9,13495.4598069489,12979.383503203595,516.0763037453053
11,16,4,15036.468549758196,14408.33092446383,628.1376252943664
10,2,19,17701.13907009363,16452.380325471313,1248.7587446223188
7,21,20,18925.70138180256,15750.340996758398,3175.3603850441614
7,25,2,12808.903057590129,12343.119308230032,465.7837493600964
12,20,14,17928.46619004011,15173.135671090795,2755.3305189493167
9,2,17,17817.187828421593,16940.83581859018,876.3520098314111
2,21,19,18201.780557632446,15453.560036889889,2748.2205207425577
9,23,5,13976.69777148962,13488.930280694805,487.7674907948149
8,29,4,13170.14680287242,12340.73220966433,829.4145932080901
11,10,17,17818.665863990784,15643.163155146249,2175.502708844535
9,6,15,17473.166437387466,18092.56517207375,619.398734686285
4,2,22,18676.317738831043,16252.403723847925,2423.9140149831182
2,11,6,13469.35591071844,15080.676848417928,1611.3209376994891
2,25,5,15698.365194290876,14946.82280623778,751.5423880530961
7,28,11,12672.98612190783,12713.357454457946,40.37133255011577
11,28,20,18603.921883404255,15732.818850817166,2871.103032587089
9,15,20,17145.086832880974,16406.330020856043,738.7568120249307
4,24,10,17115.793513059616,15833.794353731757,1281.9991593278592
9,18,4,14561.407658398151,13925.907628830038,635.500029568113
8,28,6,13037.40944814682,12487.355061976457,550.0543861703627
1,12,2,14358.75930327177,14838.68519625622,479.9258929844491
10,3,17,17846.724753439426,17634.568399691187,212.15635374823978
10,10,22,19700.9982958436,15928.131981173776,3772.8663146698254
3,23,4,13105.540572196243,14853.700790565874,1748.1602183696305
1,26,3,15258.297738283873,14705.045810612413,553.2519276714593
2,25,3,13082.608464837074,11720.410823452165,1362.1976413849097
6,24,4,16120.387000709772,15066.449884754038,1053.937115955734
10,3,16,17253.850401461124,18056.955470071993,803.1050686108683
2,12,17,18407.00030094385,15963.039093605583,2443.9612073382687
9,17,4,14277.157303988934,13762.385170726828,514.7721332621059
8,27,3,12652.64672844112,11639.076137173583,1013.5705912675367
10,2,14,15292.012861520052,14606.14421041116,685.8686511088927
4,2,21,18629.651349425316,16070.276252336276,2559.3750970890396
3,21,3,13211.974717348814,12108.530210438852,1103.444506909962
12,4,14,15106.051052242516,14436.534660962334,669.5163912801818
12,10,20,16035.420050859451,15337.598805052976,697.8212458064754
8,1,16,16709.5908703506,15296.256851553644,1413.3340187969552
5,4,22,19565.012461721897,16031.392274425623,3533.620187296274
4,27,3,13538.00377306342,13898.689776785992,360.6860037225724
2,16,6,16489.73554009199,15228.053442285316,1261.6820978066753
8,7,19,14094.13639178872,13950.208084677357,143.9283071113623
10,2,16,15993.138554990292,14844.23182038111,1148.9067346091815
6,4,22,19235.689404428005,16037.564177538037,3198.125226889968
4,18,13,13690.116353213789,14691.508463301574,1001.3921100877851
2,20,21,18077.678063869476,16329.608114155617,1748.0699497138594
7,8,9,14903.221018493176,13935.293860258562,967.9271582346137
9,2,14,14750.580627083778,15199.349439137883,448.7688120541043
5,3,21,18839.496310591698,16148.881557803323,2690.614752788375
3,15,10,13131.16792088747,14533.974108849325,1402.8061879618544
2,23,9,15678.165238142014,15265.642769143404,412.52246899860984
3,28,3,12355.1855083853,11817.910220702808,537.2752876824925
11,3,12,14893.427597463133,14279.546136926028,613.8814605371044
3,22,15,16944.33728593588,15600.649156111484,1343.6881298243952
10,21,6,12980.002899333836,12474.224637903728,505.7782614301086
8,16,20,16432.940669983625,16908.90915867352,475.968488689894
2,12,13,18037.79160898924,16231.381805409643,1806.409803579596
9,20,2,13605.073122948408,13239.24138215473,365.83174079367745
12,10,18,18313.321389496326,15636.104322109324,2677.2170673870023
9,6,15,17408.006558537483,18016.605992975445,608.5994344379615
10,12,22,19498.298266887665,15857.382038031164,3640.9162288565003
4,26,4,12929.750920310616,13334.013649039152,404.2627287285359
1,14,4,15904.539673119783,15010.190261216361,894.3494119034222
9,9,20,14379.039640933275,13688.132356710095,690.9072842231799
2,11,10,17427.193133473396,16807.886333212908,619.3068002604887
10,6,20,15092.699108839037,14104.622312458112,988.0767963809249
6,11,1,13767.22149899602,14167.688193802302,400.46669480628225
7,12,14,13587.860406279564,13419.522299587581,168.33810669198283
5,14,11,14217.755776256325,13810.405662719331,407.3501135369934
8,7,16,14247.792625069618,14979.352835457737,731.5602103881192
9,5,20,16289.64175865054,16149.8122338348,139.8295248157392
11,23,20,17881.757149219513,15825.511078167236,2056.2460710522773
2,22,3,12297.359417289495,12563.862681204017,266.5032639145211
1,8,3,15183.609779417517,14825.517269156308,358.0925102612091
10,3,16,17958.181922912598,18670.239369744693,712.0574468320956
10,12,22,19714.22761642933,15887.350930899496,3826.8766855298327
3,25,2,12483.99831777811,12635.517747762213,151.51942998410232
1,8,3,15641.323848217726,14979.161196497418,662.1626517203076
8,7,15,17040.845954716206,17635.1642364486,594.3182817323941
11,15,21,19139.679429113865,15960.304695533669,3179.3747335801963
5,21,13,13159.067482694983,13358.435642202616,199.3681595076323
2,18,21,18107.830153524876,16318.096736840755,1789.733416684121
3,19,2,13289.157783985138,12248.396427991844,1040.7613559932943
11,5,9,13961.884196907282,13286.974120785466,674.910076121816
9,2,17,17412.677708685398,16577.099883467625,835.5778252177734
4,3,22,19511.526767253876,16102.070197671494,3409.456569582382
3,18,10,12885.424002021551,14222.077401037357,1336.653399015806
3,11,21,18622.49903523922,16138.552660808264,2483.946374430956
10,5,20,15658.333560556172,14692.932334886267,965.4012256699043
9,27,19,13614.791083782911,13452.804906831947,161.98617695096436
7,26,6,15753.294885218143,15180.595747064952,572.6991381531916
8,11,15,16397.612995177507,17106.60055462774,708.9875594502337
11,19,20,18298.96918839216,16040.704142097562,2258.2650462945967
5,27,2,11935.764823108912,12167.557341066804,231.79251795789241
3,6,13,17527.460868299007,16724.807220135703,802.6536481633048
10,4,15,15247.62463182211,14676.149404871278,571.4752269508317
11,22,21,18154.687654078007,16221.02561068815,1933.662043389857
9,13,6,13325.39405696094,12606.927791125285,718.4662658356556
8,28,3,13140.532572165132,12053.911414065387,1086.6211580997442
1,11,2,14320.136806666853,14871.944286349624,551.8074796827714
9,7,19,16587.859631210566,16258.41082225665,329.44880895391543
3,7,13,17685.873144447803,16478.738577239306,1207.1345672084972
6,25,1,12486.19917179644,12379.05882597926,107.14034581717897
10,1,12,14690.848140776156,14539.48001475307,151.368126023086
11,15,21,18344.49875354767,16019.366379018607,2325.132374529061
7,27,2,12331.665303632615,12256.050778495579,75.61452513703625
12,10,18,18180.35068231821,15665.429760679135,2514.9209216390755
8,25,2,12176.73075823486,11034.903687486232,1141.827070748628
9,5,21,18516.131327867508,16148.04810631461,2368.083221552897
9,17,14,15512.024033486843,14647.603601423472,864.4204320633708
10,14,15,14786.96597495675,14367.247642338138,419.7183326186132
11,24,20,17025.161717116833,16520.75959891383,504.402118203001
7,25,22,14462.448583811522,14631.754136721209,169.30555290968732
8,13,2,12008.204560279844,11526.611385755637,481.5931745242069
9,24,3,12428.193862736223,11002.722504553063,1425.4713581831602
11,17,3,14569.1230532825,14989.925523250302,420.8024699678026
9,19,13,15489.377362519504,14529.651094486797,959.7262680327076
10,7,16,15011.958750158548,14855.701427180915,156.25732297763352
9,9,21,18592.1796208024,16243.216111938738,2348.9635088636605
9,16,13,13846.15655452013,13999.358492010544,153.2019374904139
12,14,8,15509.75325575471,14776.306229288644,733.4470264660649
11,6,21,16134.69778072834,15245.416417967304,889.2813627610358
3,8,12,15262.489880234005,14489.879762389042,772.6101178449626
9,14,4,12620.233293578029,11387.346882323714,1232.8864112543142
9,7,20,17501.37378656864,17482.0016076501,19.372178918540158
5,13,20,17834.96362578869,16034.928107494907,1800.035518293782
2,21,3,12920.65550608933,13426.713732262255,506.05822617292506
11,21,18,19500.304523825645,15944.27926988833,3556.025253937316
10,3,16,16093.975112050772,16698.76543528382,604.79032323305
2,13,14,18304.355569958687,16164.10410637353,2140.2514635851567
10,5,16,17727.240095555782,18873.086024690456,1145.8459291346735
2,10,21,18652.09009474516,16109.297544258046,2542.7925504871127
6,18,13,13651.865826159716,13954.031984566445,302.16615840672966
2,12,22,18411.441789627075,16248.819054086634,2162.6227355404408
6,29,3,13793.190469115973,15481.924744510052,1688.7342753940793
3,5,21,18254.340224266052,16259.048199693607,1995.2920245724454
1,14,4,13549.892444849014,13341.296314261548,208.59613058746618
3,21,5,16571.18292799592,15182.52934070832,1388.6535872875993
9,4,16,17146.832260012627,18241.342726738305,1094.5104667256783
11,18,21,18833.073991775513,15959.511426515555,2873.5625652599574
4,28,2,12225.954181984069,12613.017124951324,387.06294296725537
11,18,11,16451.092127889395,15367.115718096717,1083.9764097926782
2,15,15,16323.9433388412,15181.92555368412,1142.0177851570807
10,14,2,12435.577683880923,12325.799001927131,109.77868195379233
9,17,7,12590.24032650888,11369.47003288723,1220.7702936216501
10,20,4,14980.634566813707,15109.140795414763,128.50622860105614
10,3,16,17485.999591946602,17800.82111536368,314.8215234170784
11,16,21,18810.68774050474,15965.21780116554,2845.469939339202
5,25,5,12742.458920031786,14693.125219913294,1950.6662998815082
1,26,4,15356.467761695383,14629.880368738506,726.587392956877
4,25,4,12710.67069749534,14563.258775740145,1852.5880782448057
12,14,19,18386.201174438,16210.690810717575,2175.5103637204247
2,19,3,12419.439864888787,11999.280031622618,420.1598332661688
11,2,12,14540.680301100016,14222.075467845483,318.6048332545324
3,22,3,13202.002693518996,12050.09379263511,1151.9089008838855
12,3,14,15306.09110930562,14525.025238284212,781.0658710214084
10,28,4,12236.490106731651,11568.812707829886,667.6773989017656
2,6,13,17178.493553578854,16337.579079081137,840.9144744977166
9,9,21,16096.165918380022,16201.996980456446,105.83106207642413
12,14,20,19239.628918766975,16039.971210706972,3199.6577080600036
5,26,2,11925.005183488129,11605.687536671267,319.3176468168622
11,24,8,16522.3921700418,14779.941692854143,1742.4504771876564
6,8,15,16062.351958692074,15606.335701018414,456.0162576736602
11,5,14,15923.06597134471,14718.030249467405,1205.0357218773042
5,3,22,17333.958781003952,16377.772594771297,956.186186232655
9,9,16,14299.190040647984,13986.39548802936,312.79455261862313
2,12,8,16103.230469077826,15361.975781189356,741.2546878884696
1,22,5,12408.486858516932,11914.930680704183,493.5561778127485
1,15,3,14623.050025850534,14650.577308248001,27.52728239746648
5,9,14,16270.046714395285,16954.6125458203,684.565831425014
5,17,15,18132.14884197712,16180.036801305083,1952.1120406720365
5,25,7,14045.94972550869,14407.818984072133,361.8692585634435
2,23,4,15834.339955449104,14955.425406290085,878.9145491590189
1,24,3,12696.50714688003,11650.272992114686,1046.234154765345
3,17,5,15874.011512815952,15046.417599723207,827.5939130927454
10,8,20,17246.742379128933,17168.327499577998,78.41487955093544
11,10,20,18726.061591863632,15961.233379619347,2764.828212244285
3,25,2,12259.594050079582,13049.035101875786,789.4410517962042
4,26,3,12925.951458454132,11690.138189740883,1235.8132687132493
8,10,14,15825.707965254784,16811.90350831518,986.1955430603957
11,26,3,14826.90492388606,14709.879771691947,117.02515219411362
4,28,1,11809.108165770767,11904.715232403069,95.60706663230121
3,5,20,18467.915543794632,15381.067625923437,3086.847917871195
8,17,13,15028.624380409718,14497.116240581827,531.5081398278908
11,19,5,13439.1943885386,12920.73224490406,518.4621436345406
7,26,1,11896.696332141755,11640.78974076481,255.90659137694456
2,6,4,14971.071217358112,14813.843598068235,157.2276192898771
10,2,16,18061.901961684227,18902.532206562013,840.630244877786
6,3,22,19835.763643324375,15929.40989203648,3906.3537512878956
2,15,4,13130.188168674707,14884.236181654795,1754.0480129800872
1,26,6,15748.058603823183,15041.985214512713,706.0733893104698
4,29,7,12473.682211861014,12095.118071786443,378.5641400745717
11,3,15,15833.230608552694,14441.258024272931,1391.9725842797634
9,9,20,18045.032506883144,16042.044623596577,2002.987883286567
8,23,3,12698.6376670748,12200.026185418299,498.6114816565005
12,20,15,17921.76499658823,15238.587672370883,2683.1773242173476
10,7,21,15939.237009227276,15197.841678351077,741.3953308761993
3,10,11,16334.14235842228,15488.217939332042,845.9244190902373
10,13,19,14834.73637983203,14044.395821200478,790.3405586315512
10,2,16,15599.472147375343,14655.151705823475,944.3204415518685
3,2,21,18315.828800559044,16230.75396550672,2085.0748350523245
6,28,2,12368.431848526,12336.750293412992,31.681555113007562
12,11,18,18358.389991283417,15632.534509247918,2725.8554820354984
9,26,10,12752.12889802456,12160.781356835669,591.3475411888921
7,23,6,16321.978502988815,15145.52042017477,1176.458082814046
8,16,15,16333.479621052742,17161.94409782338,828.4644767706377
11,21,20,18061.697727024555,16036.592761702113,2025.1049653224418
4,20,11,13140.465929329395,13199.909202049546,59.44327272015107
2,18,7,15730.71957334876,15115.060516238816,615.6590571099441
5,28,3,13113.66341112554,14508.25476055916,1394.59134943362
2,6,13,17471.858187258244,16214.612925775587,1257.2452614826561
9,14,2,13453.742211997507,12918.327887504307,535.4143244932002
9,26,14,13086.988232001662,12937.984609578261,149.00362242340088
11,3,14,15846.436142772436,14588.645641609508,1257.7905011629282
5,4,21,18104.569780945774,16048.642209890126,2055.9275710556485
8,11,2,13397.356836482882,12952.77527725276,444.58155923012237
9,22,5,12212.96969692409,10989.554036409492,1223.4156605145981
11,4,13,15568.042155712845,14402.736019472539,1165.306136240306
4,22,14,17753.94562280178,15511.702561509172,2242.243061292609
10,14,4,13123.92066629231,12489.467301073904,634.4533652184055
12,14,14,17848.532517254353,15290.96152111687,2557.5709961374832
9,1,17,17257.55861389637,15972.811986211143,1284.7466276852265
4,3,22,19000.43650329113,15813.820066093744,3186.6164371973864
4,23,13,12859.627688109877,14027.176310406649,1167.548622296772
3,9,21,18336.60906201601,16053.96642010539,2282.642641910621
7,27,5,15477.07160910964,14364.836968971578,1112.2346401380619
10,3,17,17642.148062229156,18267.358824865136,625.2107626359793
5,25,7,16891.777619302273,15192.821827873879,1698.9557914283941
2,23,3,12902.672398239374,13457.163088791562,554.4906905521875
2,9,20,18673.41498196125,16088.490198529125,2584.924783432125
4,19,17,13465.922881931068,13795.587235552255,329.6643536211868
6,8,2,12417.70838148892,11390.492178675966,1027.2162028129533
8,18,4,12658.954626634715,11206.233290389624,1452.7213362450912
11,16,4,13358.902689933777,13101.867958659599,257.03473127417783
10,3,15,18319.626416921616,19235.712886881767,916.0864699601516
10,12,21,18599.701853990555,16031.586981538885,2568.1148724516697
4,27,2,12340.94834306836,12368.399536977306,27.451193908946152
11,3,11,14573.430025964975,14083.610154665592,489.8198712993835
10,15,20,18360.796515345573,15947.910541888317,2412.885973457256
8,20,3,12552.142770394685,12186.613340814863,365.5294295798212
12,19,9,16521.788898587227,14911.744109985813,1610.0447886014135
8,1,17,17530.888565659523,16695.753585183727,835.1349804757956
4,3,22,19188.32500821352,16000.161564218977,3188.163443994543
3,24,3,13430.031921371816,13771.763672277026,341.73175090521
2,21,4,16306.366444706917,14964.91719753734,1341.4492471695776
7,28,9,13093.467145964503,12128.39787415135,965.069271813154
11,7,14,15783.261195152998,14386.669962430498,1396.5912327224996
8,4,20,17005.87671583891,16107.565309641932,898.3114061969773
7,29,4,14316.09886598587,16179.919025821826,1863.8201598359556
4,16,19,18382.518388807777,15878.25578748058,2504.2626013271965
4,28,3,12576.5947445184,11271.932179146208,1304.6625653721912
2,8,2,13057.91575628519,12333.469071105314,724.446685179877
7,27,4,12822.61610263586,11548.765269780004,1273.8508328558564
2,5,20,17689.79297351837,15041.287793378884,2648.5051801394875
10,23,20,15253.403078317642,14562.70584631616,690.6972320014829
11,2,16,15545.192070305347,14710.580958093531,834.6111122118164
8,20,15,17842.34724187851,16251.63349086865,1590.71375100986
10,5,20,15006.93449550867,14766.693733540864,240.24076196780698
11,14,21,15999.03470298648,14816.488283959448,1182.5464190270322
10,4,14,15612.905292510986,14391.419249742512,1221.4860427684744
3,4,20,17492.323484420776,16453.05013889191,1039.2733455288653
7,27,2,12413.466411203146,12499.975999285914,86.50958808276846
2,10,2,14562.022823035715,14761.626984249247,199.60416121353228
9,4,17,16932.09879052639,16895.8890949495,36.209695576890226
10,9,22,19834.454572975636,15761.625477916125,4072.829095059511
6,19,13,13113.361980453132,13323.412542290942,210.05056183781016
6,26,7,16247.761350125074,15293.000530225798,954.7608198992766
7,12,19,13468.351141810415,13088.975312770126,379.3758290402893
3,9,21,17996.25815331936,16313.037273216087,1683.220880103272
7,13,9,15450.812281280756,14156.421880962225,1294.3904003185307
4,7,19,17767.690861463547,16100.898261194998,1666.792600268549
1,13,12,14398.967694312334,14994.741753537834,595.7740592254995
2,22,7,16592.759622603655,15200.335407080378,1392.4242155232769
9,15,21,16657.88628256321,16281.473276669516,376.4130058936935
3,20,3,13290.88578145206,12278.053675237456,1012.8321062146042
11,4,15,14872.066620588304,14309.3047102002,562.7619103881043
9,2,16,17279.154993772507,16276.16421438426,1002.9907793882467
7,5,22,19869.4369353652,15758.738585919758,4110.698349445442
6,28,3,12830.738531455396,12522.469507542397,308.2690239129988
5,23,10,15979.639382183552,14934.708456829261,1044.9309253542906
2,18,11,15727.03268662095,14418.689366782815,1308.3433198381354
11,8,21,15082.652239978312,14474.872785754254,607.7794542240572
12,14,13,16210.941285908222,15173.672652738853,1037.2686331693694
11,9,22,15476.153373360634,14441.796841437295,1034.3565319233385
4,5,12,15549.388313353062,15422.1831362533,127.2051770997623
9,9,21,15253.799654453993,15008.437136291812,245.362518162181
10,25,11,15035.333365947008,14750.160137009167,285.1732289378415
5,16,16,18680.373724341393,15900.223836135798,2780.149888205595
9,7,20,14805.166235923769,14287.421103347457,517.7451325763122
4,16,2,12556.528689205648,11638.079404088137,918.449285117511
11,11,20,17025.752275168896,16435.569297134585,590.1829780343105
8,25,21,14610.788974404337,14568.6807868447,42.10818755963737
12,23,5,14051.985310822723,14383.015920142772,331.0306093200488
6,28,3,12334.326710909603,12134.570996994069,199.75571391553422
11,25,20,18895.988109588623,15951.286864716358,2944.7012448722653
8,18,9,12924.08976520598,12386.653666059405,537.4360991465746
8,8,5,13274.067385315897,12668.24355865375,605.8238266621465
7,9,16,15612.639951497316,15625.040512775273,12.400561277956513
11,10,17,17836.194775283337,15644.01616248212,2192.1786128012172
8,25,3,12108.049266889691,10900.449849490895,1207.5994173987965
2,4,4,15196.871908783913,14825.143671562675,371.7282372212376
10,2,16,17904.231984198093,18515.394714740498,611.1627305424045
10,9,21,19680.096641898155,15889.492918142278,3790.6037237558776
5,27,3,12921.430203422904,13107.470221545213,186.04001812230854
3,19,4,15980.202462881804,15004.77707838477,975.4253844970335
7,28,5,13864.2419847548,13272.126566041865,592.1154187129359
10,6,18,19258.601416409016,15796.82625270492,3461.7751637040965
5,28,16,15525.24064067006,15469.637010114982,55.60363055507696
11,27,19,18471.55731844902,15803.202946501298,2668.354371947722
2,15,20,13018.796821817754,13026.197518282099,7.400696464344946
11,28,20,18499.668701946735,15879.609593453202,2620.059108493533
8,5,17,15208.487857580183,14721.900045527223,486.58781205295963
12,15,8,15288.43506398797,14610.563760089994,677.8713038979768
11,4,20,16844.432088136673,15559.599642814139,1284.832445322534
10,2,17,17335.499973475933,16627.03394239454,708.4660310813924
9,21,15,18110.905156493187,16253.789893614517,1857.1152628786695
8,24,1,13682.162274450064,14025.818980136886,343.65670568682253
11,13,16,14204.87873995304,13867.829795239883,337.04894471315674
2,5,21,17442.551743924618,16138.328708250709,1304.2230356739092
9,16,13,16411.544833779335,16456.510018153822,44.96518437448685
8,26,11,17088.19312632084,16129.348966258905,958.8441600619335
6,27,9,13936.512756705284,14460.309038489193,523.7962817839089
4,27,3,12816.800541207194,11568.877977562908,1247.9225636442861
11,4,17,15709.771577000618,15984.816666640221,275.04508963960325
6,24,11,17051.764716923237,15770.060690599741,1281.7040263234958
5,26,12,13991.914073854685,14891.290849721154,899.376775866469
2,27,3,14651.509182423351,14262.645327072321,388.86385535103
2,25,3,12969.010317370296,11676.826628079381,1292.1836892909141
2,9,5,15521.383558392525,14989.928521848107,531.4550365444175
9,8,21,16692.606174707413,16889.852891641603,197.24671693419077
2,4,13,17492.229979395866,16362.971185714954,1129.2587936809123
10,6,12,13719.63851428032,13453.363161070407,266.2753532099123
12,10,13,17132.722023665905,15215.494368028008,1917.2276556378965
9,1,18,17828.763586461544,16367.16546345169,1461.5981230098532
5,4,22,19245.46806150675,15920.616054193908,3324.85200731284
6,27,1,12468.528567582369,11950.81530125451,517.713266327859
11,3,15,15004.33480975032,14344.77014477048,659.56466497984
2,18,15,17280.34677273035,15674.09349512431,1606.2532776060398
6,27,1,13222.554523840548,14578.714383891574,1356.159860051026
7,27,4,13929.132011383772,13516.685196245056,412.44681513871546
6,24,13,13296.10135230422,14239.027392618997,942.9260403147764
2,6,3,14254.194438397884,14762.07281354973,507.87837515184583
10,2,16,17041.04444783926,16407.890547890674,633.1538999485856
3,13,16,18447.65694195032,16010.03995905917,2437.6169828911516
11,4,19,15435.881005197763,14995.381714745941,440.49929045182216
10,4,17,15026.460231214762,14812.6283704475,213.83186076726088
5,13,4,14156.481277257204,13669.209173543763,487.27210371344154
8,27,2,13790.311498612164,14231.28064423307,440.9691456209057
2,22,8,17417.0839279294,16298.652554007927,1118.431373921474
7,16,20,15164.502355664968,14545.900091173207,618.6022644917612
10,2,16,15364.291425555944,14462.854323003394,901.4371025525506
4,3,21,18193.303588926792,16227.111301994326,1966.1922869324662
6,27,2,12208.502371326089,12116.889785205338,91.61258612075108
10,2,13,14687.939232259989,14468.270838276634,219.6683939833547
11,17,21,18184.05233299732,16025.80013817257,2158.2521948247486
5,17,11,12699.825960099695,13530.52950611791,830.7035460182142
3,10,21,18362.12116986513,15974.35667781627,2387.764492048862
5,29,2,14929.021023392675,15313.712824234972,384.6918008422963
9,26,3,14263.470711022615,13569.546791216457,693.9239198061587
6,28,6,13058.271731555462,12556.584088611666,501.68764294379616
3,15,4,15316.452532351015,14766.04102648026,550.4115058707557
9,5,16,17259.735476493835,17958.013551931283,698.2780754374471
2,16,16,18208.65563762188,15980.06918910192,2228.58644851996
8,18,2,14227.324457138777,14011.691463439509,215.6329936992679
10,12,8,13002.753738179805,12497.31002399883,505.443714180974
4,2,2,13179.037162214518,13429.077906747332,250.04074453281464
10,1,17,17636.016101121902,17414.587707540617,221.4283935812855
4,16,16,18548.41516804695,15927.054451029158,2621.360717017793
9,10,4,14664.636795789003,14800.285280720964,135.6484849319604
9,24,3,12026.174339562654,10426.87689305612,1599.2974465065345
10,5,16,17730.197807133198,18778.265222107562,1048.0674149743645
2,8,22,18810.646729528904,16026.875639770738,2783.7710897581655
10,7,16,14747.11848050356,14304.100738440806,443.0177420627533
12,15,7,14363.97753983736,14117.424547367398,246.5529924699622
8,1,16,16840.9477956295,15610.39918823609,1230.5486073934117
5,4,22,19455.728053748608,16135.564472927144,3320.1635808214633
3,19,9,12655.098364576696,14442.612434236265,1787.51406965957
2,26,21,17872.496050655842,16277.62920806597,1594.8668425898722
6,23,9,15270.728165060282,14070.849576427107,1199.8785886331752
2,19,1,14256.723585277796,14253.005445868886,3.7181394089093374
9,2,18,18757.84099704027,17376.206955174508,1381.6340418657637
2,15,17,18690.979162693024,16034.662663327077,2656.3164993659466
9,18,4,14077.373565524817,13360.28579284392,717.0877726808958
8,18,21,16076.164865463972,17153.194670935653,1077.0298054716804
11,26,20,18827.60886913538,15805.755254894968,3021.853614240412
5,27,4,12251.317214936018,12134.595692195777,116.7215227402412
1,12,2,14543.715933531525,14698.748262780611,155.03232924908662
9,2,17,18111.959958791733,18306.31475530847,194.35479651673813
10,10,22,19731.919751405716,16026.516781421313,3705.402969984403
5,26,2,12257.084383413196,11995.22951557417,261.85486783902525
12,22,15,18281.5231192708,15145.430525728098,3136.092593542704
6,12,13,15482.471114188433,15270.735013992566,211.73610019586704
2,9,17,18341.087460577488,15792.733283781265,2548.3541767962233
3,21,3,13125.65173958242,13643.736963247458,518.0852236650389
3,21,3,13186.33978162706,12101.863781107424,1084.4760005196367
8,22,21,16350.812909990547,16552.429154336493,201.61624434594523
10,22,13,15473.511446297169,15280.660457446305,192.85098885086336
10,23,10,13669.374642074108,13516.27126855111,153.10337352299757
7,26,3,13204.512360185385,12888.385787314619,316.1265728707658
2,7,5,15459.267104059458,15061.075082018893,398.19202204056455
10,3,16,17096.225536048412,17430.056776598012,333.8312405495999
2,10,17,18455.582723140717,16091.030272451786,2364.5524506889305
7,28,1,14089.084659785032,14293.233788268763,204.14912848373024
7,7,1,12847.768749281764,12814.490103923163,33.27864535860135
10,5,18,17529.736157238483,15902.689737617411,1627.0464196210723
11,25,20,18433.502413749695,15871.22200040852,2562.2804133411755
5,24,6,12876.518263563514,14683.870956304516,1807.352692741002
2,15,21,17893.850465774536,16295.790775755273,1598.0596900192631
8,7,16,15193.331021130083,14700.506643955836,492.8243771742473
9,2,14,15653.45735552907,16675.450716535404,1021.9933610063345
4,3,21,18938.157235383987,16148.32461240322,2789.832622980768
3,25,2,12335.637831807137,12440.012645994586,104.37481418744937
11,14,10,16132.34785181284,14612.711562317434,1519.6362894954054
3,19,14,16849.205765724182,15395.409860218284,1453.7959055058982
10,4,10,13462.208107739689,13386.596019459183,75.61208828050621
12,11,9,16039.270981490612,14894.441739490148,1144.8292420004636
8,1,17,17678.638808310032,16145.851494839877,1532.787313470155
4,3,22,19262.052900135517,16105.011450036083,3157.041450099434
10,4,16,17740.667089045048,18631.53142240026,890.8643333552136
4,11,22,18904.049226999283,16052.338561955232,2851.710665044051
8,20,4,13473.233088374138,12628.099458266,845.1336301081374
8,29,3,12850.25339925289,11938.070532210477,912.1828670424129
10,2,13,15129.44781395793,14635.297352315882,494.15046164204796
3,21,14,17492.187327980995,15643.344497707601,1848.8428302733937
10,9,4,13700.73901617527,13233.229382082576,467.5096340926939
8,26,3,12322.350890800357,10798.099996354546,1524.2508944458114
10,2,14,15582.357446938751,14549.175178749412,1033.182268189339
4,2,21,18864.370287656784,15967.025373871707,2897.3449137850766
3,24,3,13480.679861366749,14433.866961952433,953.1871005856847
1,24,3,15768.931960195305,14877.061989210057,891.8699709852481
6,27,6,12595.29144334793,11712.344245924258,882.9471974236731
11,13,13,15881.424656808376,14498.253700092451,1383.170956715925
11,13,20,16806.526873499155,15967.448342161386,839.0785313377692
8,27,2,12356.385079428554,12693.551190890148,337.1661114615945
11,15,20,19281.726685464386,16127.529383775416,3154.1973016889697
3,16,11,15071.507097184658,14142.55582265529,928.9512745293687
9,16,2,11903.60668157041,11250.990069675696,652.6166118947149
9,11,7,12946.096254840491,11849.155621812493,1096.940633027998
3,4,12,16206.806969434025,15947.945857455741,258.8611119782836
8,22,14,14820.453077167273,14763.317627048345,57.13545011892711
11,26,3,13484.443438619375,12619.315390248012,865.1280483713635
7,28,2,12253.300710782409,12150.26018010989,103.0405306725188
4,29,3,12536.859825193882,11536.337036334082,1000.5227888598001
12,20,17,17452.415703833103,15758.3634290195,1694.0522748136027
8,25,13,15869.002842336891,15255.218466062219,613.7843762746725
4,17,16,17852.234167933464,16398.389176365636,1453.8449915678284
8,24,2,12002.44436366856,11275.324103472794,727.1202601957648
2,8,2,14342.584984511135,14529.717302335259,187.13231782412367
5,6,14,15218.417024940252,14712.88610693909,505.5309180011627
3,22,14,16087.15047556162,15112.315580904526,974.834894657095
10,19,4,12836.397430956364,11877.803385751513,958.5940452048508
8,22,3,12295.142774045467,10688.41112385354,1606.7316501919267
11,5,15,15661.17972227931,14508.68807893831,1152.4916433409999
4,6,16,16112.127390176058,15429.41537729266,682.7120128833976
10,18,5,12382.988899454474,11681.106293491974,701.8826059625007
7,28,3,13035.861898973584,12101.822838846565,934.0390601270192
10,2,11,14741.903524816036,14403.651386843989,338.2521379720474
7,5,21,18928.49586969614,15999.43920195892,2929.056667737221
8,25,2,12279.091898322104,11723.83153465553,555.2603636665735
10,2,15,14921.549233704804,14841.257774599198,80.2914591056051
11,18,21,18476.852655649185,16072.241047743391,2404.611607905794
5,21,9,12839.973793104293,13955.013134784203,1115.0393416799106
2,11,21,18100.28823506832,16029.940995322853,2070.347239745468
9,24,8,14571.60954874754,13396.527860046095,1175.0816887014444
9,28,11,14031.37893590331,13743.294152838549,288.0847830647617
1,10,5,14718.805323004724,14709.551259881859,9.254063122865773
4,28,3,12597.822845831512,11563.009945695821,1034.8129001356901
12,21,14,16956.762791395187,15271.344925467052,1685.4178659281351
9,18,19,13236.591555595398,13364.945190347966,128.3536347525678
11,3,15,15589.302655696869,14735.805252926522,853.4974027703465
5,3,21,17937.617379188538,16182.588049585025,1755.0293296035125
8,27,2,12743.356035128236,12347.70668097522,395.64935415301625
12,25,15,18090.717093527317,15139.311322329433,2951.405771197884
6,16,13,15294.793405681849,15171.388263052368,123.4051426294809
2,5,15,16359.69014582038,15534.527056779301,825.1630890410779
7,14,20,13374.831558004022,14880.314698300404,1505.4831402963828
7,25,14,14812.487515330316,14373.006059748735,439.48145558158103
2,13,3,15499.926205724478,14903.45667920983,596.4695265146474
10,9,20,16235.914099425076,15821.200585173012,414.71351425206376
2,6,12,17427.367840230465,16721.949164824862,705.4186754056027
10,5,13,13517.874765902758,13345.607030712526,172.26773519023118
10,2,16,15130.352926194668,14922.922405961352,207.4305202333162
8,10,22,19123.48255431652,16133.074732558933,2990.407821757588
4,20,10,13052.140180557964,14293.979994914105,1241.8398143561408
1,25,4,14467.461355388165,14611.660056377958,144.198700989793
1,23,3,12385.495900407434,11529.376363272067,856.119537135366
7,14,19,18923.88459557295,16043.3631036631,2880.521491909849
10,2,16,17190.349826693535,17353.6698352485,163.32000855496517
8,5,21,18835.935737669468,16094.638584288376,2741.2971533810924
3,22,3,13191.619534656404,14666.910302802493,1475.2907681460892
12,10,18,18428.06025725603,15561.727084478807,2866.333172777224
7,25,4,12362.439734846354,11207.32244290532,1155.1172919410328
8,20,4,16181.914127320051,15046.193601266847,1135.7205260532046
9,5,17,16547.07298541069,17609.08742999148,1062.0144445807891
11,18,21,18410.55595254898,15994.01164346507,2416.544309083911
5,27,2,11984.677793771029,12045.042036574654,60.36424280362553
3,10,13,17634.410111308098,16489.189103412595,1145.2210078955031
10,3,15,15537.785488069056,14712.753221506837,825.0322665622189
11,15,20,18375.98452013731,16040.81491096465,2335.169609172661
5,20,16,13623.518219441175,13366.57950422845,256.9387152127256
4,24,6,16028.936625689268,15167.48032791555,861.4562977737187
2,25,3,12519.90199173987,11721.752323797495,798.1496679423744
11,3,11,14698.627512782812,14231.570735084759,467.05677769805334
5,27,13,17112.821857750416,15457.398254221565,1655.4236035288504
5,22,12,13323.623408079147,13735.301241695455,411.6778336163079
2,28,3,14792.785022318363,14341.875394967523,450.9096273508403
