month,day,hour,y_true,y_pred,error
8,8,18,20158,19634.145607524457,523.8543924755431
6,12,21,16140,15702.827480208263,437.1725197917367
6,10,7,14602,12911.71909133832,1690.2809086616799
6,22,1,11736,11929.851884696624,193.85188469662353
10,3,23,13102,15270.641548351392,2168.641548351392
4,13,19,15210,15059.500886048456,150.49911395154413
4,1,23,14206,15131.691357491947,925.6913574919472
1,6,5,16647,15091.399922687047,1555.6000773129526
7,7,3,14824,15995.425318079544,1171.425318079544
5,21,17,16340,15802.604820487171,537.3951795128287
1,5,6,14371,14433.683741290917,62.68374129091717
3,14,20,17258,15862.286519032243,1395.7134809677573
4,2,12,14178,14922.172339722703,744.1723397227033
1,8,11,17360,15613.458472072298,1746.5415279277022
10,31,19,15262,14050.412641324108,1211.5873586758917
3,3,0,16676,15170.02018246613,1505.9798175338692
12,7,3,14795,14968.439033373294,173.43903337329357
3,7,11,16927,16352.240270514581,574.7597294854186
7,7,2,15245,15427.62835087063,182.62835087062922
2,1,9,19216,15523.684320098495,3692.315679901505
6,8,2,14746,15211.155370289665,465.15537028966537
4,28,22,15232,15232.100177806513,0.10017780651287467
10,26,18,14937,14506.938208296222,430.061791703778
2,1,18,18666,15434.871762606368,3231.128237393632
7,3,4,13360,14065.372309428834,705.3723094288343
8,7,7,16794,15766.14765206944,1027.8523479305604
6,8,7,14559,13149.133875782138,1409.8661242178623
11,9,20,17381,15358.000200133489,2022.9997998665112
1,18,8,17893,15638.98099301463,2254.0190069853707
10,2,1,11614,12394.382617415204,780.3826174152036
3,20,12,15295,15389.582682197219,94.58268219721867
4,13,15,12255,13510.951901447219,1255.951901447219
10,22,4,11884,12211.547669286467,327.54766928646677
8,26,6,13057,13214.713345955697,157.71334595569715
1,28,2,14438,14208.06652905625,229.93347094374985
6,24,0,13785,13365.965096760274,419.0349032397262
8,1,17,19723,18513.689934620288,1209.310065379712
7,10,11,22831,19164.502178286806,3666.497821713194
5,7,0,12235,13156.834598766964,921.8345987669636
12,26,10,14414,14822.049670815792,408.0496708157916
6,20,9,18730,17224.928956518455,1505.0710434815446
7,7,16,18726,18754.69629256782,28.69629256781991
12,13,3,13797,13305.232327331469,491.7676726685313
10,13,18,14562,14913.997891179057,351.99789117905675
10,26,8,14729,13883.08162880592,845.9183711940805
2,21,5,14335,14438.02498723445,103.02498723445024
4,7,19,15004,14289.739268690986,714.2607313090139
4,15,14,13245,14730.039977392958,1485.0399773929585
4,27,16,14223,14486.048784868366,263.04878486836606
2,8,1,15632,15142.876991210685,489.12300878931455
5,3,7,15506,14397.003043458213,1108.9969565417869
2,27,2,13651,14218.346320798191,567.3463207981913
4,14,8,13331,12765.451627344559,565.5483726554412
10,29,23,12737,14330.798698812496,1593.7986988124958
6,1,10,13490,13288.187071469936,201.8129285300638
6,7,1,11438,12644.340166887181,1206.340166887181
10,24,20,16719,16456.918925014554,262.0810749854463
1,14,11,18210,15173.833104257006,3036.166895742994
5,14,3,10953,12848.207309736707,1895.2073097367065
11,19,22,16285,15173.20971283194,1111.7902871680599
11,29,6,14623,13754.202534235139,868.797465764861
11,19,12,15942,15397.620037182807,544.3799628171928
10,26,12,16082,15697.985258629178,384.01474137082187
11,1,21,16951,15874.22452409197,1076.7754759080308
10,18,20,16628,16420.22043701051,207.77956298948993
4,6,14,12584,14557.446196221736,1973.4461962217356
10,24,1,12323,12202.967813633091,120.03218636690872
2,18,5,14752,15087.513021259303,335.51302125930306
8,17,12,20700,20587.007447379405,112.99255262059523
7,10,10,22072,21209.98044271031,862.0195572896882
7,30,18,18499,17418.224282290677,1080.7757177093226
11,3,17,16293,15121.124843212614,1171.875156787386
3,3,6,13330,13625.778638575188,295.77863857518787
7,12,15,19420,18846.919577702858,573.0804222971419
12,26,11,14637,14286.485167674982,350.5148323250178
11,8,0,12067,11526.425006303794,540.5749936962056
9,6,16,17635,16394.849235543417,1240.1507644565827
9,19,0,11995,11957.031862991786,37.9681370082144
8,3,6,14704,13867.593039701738,836.4069602982618
1,30,9,15908,13917.016606578953,1990.9833934210474
12,15,4,13994,14582.573152302435,588.5731523024351
7,19,10,17945,18354.759707860383,409.75970786038306
7,10,8,13303,12541.653529699295,761.3464703007048
12,5,14,17244,15394.939277634458,1849.0607223655425
3,21,15,16164,15653.065894055091,510.9341059449089
12,19,21,18043,15631.54857109473,2411.4514289052695
1,15,13,18363,16412.10502450047,1950.8949754995301
12,12,12,15620,14447.117943617688,1172.882056382312
1,22,0,15238,13300.076586375531,1937.9234136244686
11,18,14,15822,15102.93264831148,719.0673516885199
8,14,1,14643,14585.611640099463,57.38835990053667
7,17,18,19655,19254.453733563303,400.5462664366969
4,25,11,15398,14797.525676927766,600.4743230722343
4,17,12,14009,14704.012457040153,695.0124570401531
2,1,8,18015,15604.910265607554,2410.089734392446
9,25,16,16441,16860.893657531476,419.8936575314765
10,3,9,13543,13167.897539770122,375.1024602298785
3,14,3,14600,15089.484264657118,489.4842646571178
12,18,7,16397,15290.845396659675,1106.1546033403247
5,22,21,15740,15125.576981260256,614.4230187397443
10,29,18,15867,14358.943396217308,1508.056603782692
9,22,15,19132,18433.524503279597,698.4754967204026
7,19,19,22321,16620.280499007473,5700.719500992527
10,19,20,15808,15196.30215038244,611.6978496175598
8,28,8,13049,13187.059794129616,138.05979412961642
8,3,18,21185,20255.38400420493,929.6159957950695
6,16,23,15143,15581.903442571374,438.9034425713744
4,18,4,12576,13964.291954889091,1388.2919548890914
9,8,8,13018,12366.92306286584,651.0769371341594
2,21,15,16959,15596.146734215363,1362.8532657846372
11,17,3,12293,13327.96882420164,1034.96882420164
12,29,10,16242,16763.349866941026,521.3498669410255
11,22,23,17412,15168.566373071017,2243.4336269289834
10,27,18,16252,15509.04348520052,742.9565147994799
11,18,16,17611,16498.056213357137,1112.9437866428634
10,30,3,11857,14104.481114333184,2247.4811143331845
1,7,16,20575,15119.153453880468,5455.846546119532
7,6,22,18422,18366.22149936523,55.77850063476944
12,20,15,17034,16388.870499199355,645.1295008006455
8,8,12,17652,16963.49276360759,688.5072363924082
3,1,5,14144,14980.401337929836,836.4013379298358
6,21,12,18211,18769.31219323387,558.312193233869
12,5,4,14529,14781.932094287396,252.93209428739647
8,1,21,18988,18181.04985801167,806.9501419883309
7,14,17,19628,19372.537893616533,255.46210638346747
10,12,18,14700,14854.652163347891,154.65216334789147
11,26,23,14545,15424.888128720808,879.8881287208078
6,10,20,14965,14116.448770924668,848.5512290753322
11,8,7,15825,14650.344513478489,1174.6554865215112
10,28,19,16400,15807.220704063324,592.7792959366761
2,2,5,16112,15165.181530978536,946.8184690214639
6,24,15,19170,18080.920111258634,1089.0798887413657
8,26,0,14386,13886.90282142901,499.09717857098985
3,18,19,16971,15411.871481339185,1559.1285186608147
6,5,23,14038,14946.488784716297,908.4887847162972
10,7,19,14265,13955.301174852697,309.69882514730307
9,1,10,16549,16144.596693317424,404.40330668257593
4,5,10,16040,15725.305953862557,314.69404613744337
1,17,5,14647,14853.446719089507,206.4467190895066
7,19,14,18563,18701.90652113276,138.90652113276155
2,13,6,15962,15163.130616427408,798.8693835725917
6,27,2,11653,11653.10003663226,0.10003663226052595
12,2,17,16401,14721.694626146955,1679.3053738530452
7,3,7,11555,12890.905997523894,1335.9059975238943
7,7,13,18748,18170.852319591067,577.1476804089325
3,7,21,17649,15226.75511749979,2422.24488250021
7,7,20,18884,18269.84474536173,614.15525463827
6,17,2,12375,12438.953014368904,63.953014368904405
1,6,16,19134,16080.174677286357,3053.825322713643
11,20,8,16241,15907.097526097381,333.902473902619
2,15,19,18222,16277.820026337442,1944.179973662558
6,28,19,20659,19077.208360930184,1581.7916390698156
7,29,5,14606,14369.833457608693,236.1665423913073
5,19,0,11762,12710.303692009638,948.3036920096383
9,17,12,14586,14307.98015846693,278.0198415330706
9,4,6,14280,14093.73100806022,186.26899193977988
5,13,1,12458,13409.395970127085,951.3959701270851
8,12,11,15617,15617.100147138774,0.10014713877353643
12,10,16,17226,14395.327721033227,2830.672278966773
8,5,5,12697,13007.434680563754,310.4346805637542
2,26,16,18800,15528.104176018673,3271.8958239813273
3,31,8,14020,13531.54657126558,488.4534287344195
10,9,10,12816,12546.193215078143,269.8067849218569
3,27,3,13710,14104.522152804122,394.522152804122
10,28,21,15858,15032.507382129104,825.4926178708956
12,3,11,16485,14335.949311745506,2149.050688254494
8,23,21,16704,15881.556181912692,822.4438180873076
4,4,0,13755,13735.799442714471,19.200557285528703
3,5,4,14014,14652.847811098813,638.8478110988126
8,21,21,19526,18495.740313147835,1030.259686852165
12,27,7,14948,15186.113415107826,238.11341510782586
10,2,17,16318,15824.034063908157,493.9659360918431
7,1,11,17616,15403.141146178597,2212.8588538214026
8,12,2,13042,13346.440861311195,304.4408613111955
2,28,2,16034,15155.901097943486,878.0989020565139
9,25,15,13495,14551.295713672313,1056.2957136723126
7,23,4,14057,14541.151972374155,484.15197237415487
4,11,21,13452,14452.538324054365,1000.5383240543651
7,4,9,13389,12865.351873071633,523.6481269283668
11,14,9,17009,14632.645539190575,2376.3544608094253
8,4,14,17971,17533.93169820308,437.0683017969204
7,17,6,11263,11529.87559308523,266.8755930852294
10,12,9,15271,15699.92341336398,428.9234133639802
10,6,5,11576,12136.464611711675,560.4646117116754
10,21,21,13683,13781.688240011203,98.68824001120265
4,29,17,12852,13506.75067432856,654.7506743285594
10,18,14,15424,14470.931417990136,953.0685820098643
4,9,13,12817,14161.891858470786,1344.8918584707862
10,3,22,14135,14988.312126529696,853.3121265296959
6,1,19,17761,15896.814842495867,1864.1851575041328
8,2,13,18010,18528.417517480564,518.4175174805641
10,30,21,15807,14910.990967713944,896.009032286056
12,17,9,16159,15111.059927973118,1047.9400720268823
5,7,21,15333,14822.475653465308,510.5243465346921
5,30,12,14582,15163.549557848406,581.549557848406
2,23,1,14740,14530.170268080064,209.8297319199355
12,12,3,14548,15198.221744656597,650.2217446565974
12,10,23,16645,15483.085070202078,1161.914929797922
3,27,17,16277,15663.612362957809,613.3876370421913
10,21,4,12214,13906.457698036098,1692.457698036098
4,30,10,14400,14877.15285483794,477.15285483793923
11,30,7,15314,14852.622232322768,461.37776767723153
4,27,11,15570,15506.672235441363,63.32776455863677
3,12,8,17751,15845.770646939676,1905.2293530603238
3,9,6,14213,14307.28929830662,94.28929830661946
7,19,6,13453,13517.436291753687,64.43629175368733
10,10,21,15914,14781.921481629273,1132.0785183707267
8,15,23,16455,16942.528349434513,487.5283494345131
5,11,7,14031,14332.38343925644,301.3834392564404
2,14,3,14103,14474.731902031404,371.7319020314044
12,29,6,13548,14448.073320140555,900.0733201405546
10,19,17,16998,16004.290976390334,993.7090236096665
3,9,7,15379,14744.343316404156,634.6566835958438
1,5,15,17558,16942.29582562836,615.70417437164
1,5,22,19754,15109.516459065097,4644.483540934903
11,8,14,17463,16064.891746680112,1398.1082533198878
12,27,7,12821,13781.561511264246,960.5615112642463
4,2,7,15080,14833.081108680999,246.91889131900098
11,17,9,14596,14261.401069316298,334.59893068370184
5,29,12,15714,16029.868731302788,315.86873130278764
9,7,12,14368,14773.405107222057,405.40510722205727
9,3,21,18901,17642.62364582543,1258.3763541745684
3,17,11,14926,14925.899765926491,0.10023407350854541
9,18,12,18007,18342.891552117748,335.8915521177478
9,28,15,15726,15816.864574537574,90.8645745375743
7,18,21,18751,19916.67264581144,1165.672645811439
4,20,7,16248,14806.96225686723,1441.0377431327706
10,27,13,15163,14932.380204858986,230.61979514101404
1,19,18,19621,15436.53670711486,4184.463292885141
8,14,16,21132,18676.525923251047,2455.474076748953
2,10,22,17772,15196.548224547454,2575.451775452546
1,13,18,19393,16033.142992478904,3359.8570075210955
8,22,21,15993,16080.260097257169,87.26009725716904
11,19,10,14732,13861.214139606267,870.785860393733
12,30,9,16658,15141.125009401718,1516.8749905982822
8,15,9,15995,14927.713327195186,1067.2866728048139
2,6,1,14529,13286.427344332318,1242.5726556676818
12,9,4,12731,13882.464564552247,1151.4645645522469
8,8,5,12114,12530.354239199147,416.35423919914683
12,11,22,18962,15684.121486751297,3277.878513248703
4,27,19,13665,15043.995389460613,1378.9953894606133
2,3,11,16635,15670.11560906765,964.8843909323496
8,24,3,14471,14707.918834215314,236.91883421531384
2,24,1,14307,13399.73500674205,907.2649932579498
12,24,6,12701,14211.58931821268,1510.5893182126802
1,9,9,15263,14617.857629530767,645.1423704692334
9,22,17,19320,18530.21440390498,789.7855960950183
4,21,20,16650,15571.869913775368,1078.1300862246317
7,20,8,15526,14958.358667698138,567.6413323018623
2,24,14,15006,15213.664518789372,207.66451878937187
3,8,18,17269,15963.146918975839,1305.853081024161
8,16,13,20287,19327.107526597974,959.8924734020256
7,7,19,19080,18390.636986522637,689.363013477363
12,21,3,13505,13902.546256336842,397.5462563368419
9,4,19,19362,18102.09620540116,1259.9037945988384
7,14,18,19052,18769.531341212984,282.46865878701647
11,27,22,17190,15295.058375779856,1894.9416242201441
4,8,22,13399,14288.477463499752,889.477463499752
12,22,6,14964,15008.761702876029,44.76170287602872
5,8,21,14076,14020.53477632333,55.465223676670576
6,14,8,15172,15739.489030004792,567.4890300047919
12,14,9,18205,16123.152718773064,2081.8472812269356
6,2,19,16318,16356.47626709742,38.47626709741962
7,11,17,18563,16615.64338328051,1947.3566167194913
12,1,16,17630,16058.62960427636,1571.3703957236394
5,9,23,13671,15456.895145244785,1785.8951452447855
3,31,0,14550,13569.759344859885,980.2406551401145
10,16,10,13662,14629.378657884004,967.3786578840045
2,13,22,18994,15492.140317710799,3501.8596822892014
2,7,18,19412,16041.480803257811,3370.519196742189
6,15,5,12309,12488.62850242322,179.6285024232202
7,16,12,16654,16844.0605957344,190.06059573440143
12,20,11,14891,13658.027680728617,1232.9723192713827
12,25,19,15527,14729.288540139674,797.7114598603257
5,22,14,16125,16741.256787499897,616.2567874998967
4,9,9,14874,15235.307399355097,361.307399355097
10,21,9,13371,12863.92579976383,507.0742002361694
11,16,9,17510,16654.602926171458,855.3970738285425
7,3,17,19745,18681.143898607683,1063.8561013923172
2,19,11,17634,15193.082239133108,2440.9177608668924
3,23,20,17240,16419.629849343677,820.370150656323
9,4,18,15194,15278.67717033565,84.67717033564986
2,28,19,17060,15451.939197041835,1608.0608029581654
10,29,11,17314,15391.149102640125,1922.8508973598746
9,26,16,17878,17672.205541530493,205.79445846950694
12,1,18,18832,15747.670467603537,3084.329532396463
7,11,0,15105,14805.4609765529,299.5390234470997
9,27,23,13432,15335.992515136948,1903.992515136948
2,5,15,16552,15286.762495881101,1265.2375041188989
3,18,21,16339,15493.281005980003,845.7189940199969
5,6,15,12035,14196.082797108074,2161.0827971080744
12,6,14,16097,13990.469400788863,2106.530599211137
11,16,2,12646,12682.379340790707,36.37934079070692
6,2,22,17384,16709.54865380495,674.4513461950482
12,20,20,19116,15437.38413349426,3678.615866505739
3,29,8,16487,15571.393860996306,915.6061390036939
4,6,22,15200,15593.762972988297,393.7629729882974
3,27,20,15254,15258.557702481266,4.55770248126646
4,20,19,16320,15765.5241339302,554.4758660698008
8,3,17,16953,16351.29214592663,601.7078540733692
3,20,10,17012,15912.061210239764,1099.9387897602355
10,2,8,15514,15330.154597383817,183.8454026161835
5,31,2,11210,13291.153359262054,2081.1533592620544
5,26,6,13052,13759.783303458826,707.7833034588257
10,4,19,16071,14300.414853797138,1770.5851462028622
1,14,5,15253,14972.342557847911,280.65744215208906
3,11,19,18132,16392.73939589471,1739.2606041052895
1,3,14,17483,15132.074456056514,2350.9255439434855
2,25,19,19878,15361.005334504589,4516.994665495411
9,6,23,14982,16018.745452656878,1036.7454526568781
9,27,23,13482,14406.442717583632,924.4427175836317
6,3,7,15148,13452.618503210871,1695.3814967891285
10,6,16,15746,14678.464631174716,1067.5353688252835
11,17,10,14814,14577.46801476642,236.5319852335797
9,30,6,13010,12943.432763904264,66.567236095736
9,21,18,15517,15388.490692704743,128.5093072952568
11,17,1,13393,14222.693890662676,829.6938906626765
9,18,5,12290,13276.314751071766,986.3147510717663
4,13,8,16257,16129.610912576456,127.38908742354397
2,12,23,19179,15136.304171940437,4042.6958280595627
9,3,15,19369,17809.206681188207,1559.7933188117931
1,2,21,18737,15739.552978557464,2997.4470214425364
3,2,7,14518,14096.690792008148,421.3092079918515
8,2,10,14896,14583.894749621693,312.10525037830666
4,30,8,14381,14866.468541598162,485.4685415981621
5,18,21,15543,14952.416886939898,590.5831130601018
6,16,22,15464,14767.56610132113,696.4338986788698
6,29,18,20500,18532.80656862834,1967.1934313716592
11,22,22,17546,16030.069970859233,1515.9300291407671
8,31,19,19402,18122.082349183038,1279.9176508169621
6,23,12,17716,18044.136209949815,328.13620994981466
8,3,9,14006,13702.027264095419,303.972735904581
3,4,8,17942,16166.754488920014,1775.2455110799856
4,7,20,15074,13489.860294104426,1584.1397058955736
11,19,16,15662,14654.789313709323,1007.2106862906767
2,12,4,15357,15251.56771648148,105.4322835185194
2,1,1,16126,15146.873772133826,979.1262278661743
3,5,10,15958,15116.904105687328,841.0958943126716
12,2,20,17441,15827.95271561627,1613.0472843837306
8,25,8,16597,16116.646629457373,480.3533705426271
11,10,12,15117,13367.992609493554,1749.0073905064455
12,28,22,17069,15599.441283558484,1469.5587164415156
11,20,2,14015,14467.498459767781,452.49845976778124
6,12,21,18430,17302.716627222268,1127.2833727777324
2,29,17,18431,15338.773096157407,3092.226903842593
12,8,14,16589,15847.458232048812,741.5417679511884
6,3,13,15835,16727.841900119012,892.8419001190123
3,24,17,16145,15337.738592812002,807.261407187998
1,9,7,16075,15327.25135284357,747.7486471564298
11,2,9,16154,15851.642046243109,302.3579537568912
2,5,7,17997,15170.685343262214,2826.314656737786
4,18,19,17086,15373.367481299001,1712.6325187009988
4,29,16,14824,14665.795525132795,158.20447486720514
3,8,12,16711,15499.227416412743,1211.772583587257
6,30,23,14919,15792.72274860105,873.7227486010506
10,24,14,14982,14757.304056354948,224.69594364505247
1,8,2,14114,14582.188530409969,468.18853040996873
1,21,9,20171,15102.981879193792,5068.018120806208
3,5,14,18140,15365.254536242033,2774.7454637579667
4,24,18,13741,14256.209780074734,515.2097800747342
2,27,20,17049,15192.349849739514,1856.650150260486
4,16,11,12435,12462.911565463459,27.911565463458828
10,28,22,15530,15371.762933857657,158.23706614234288
3,23,9,17226,16319.392368003866,906.6076319961339
8,12,16,19211,18732.096416517008,478.90358348299196
1,27,16,17485,16225.704698797712,1259.295301202288
1,20,8,17481,16179.561903738077,1301.4380962619234
9,25,2,12063,12917.419086254795,854.4190862547948
8,27,21,20465,19158.809315608272,1306.1906843917277
12,10,23,17256,15463.820379718403,1792.1796202815967
10,28,15,13682,13829.776286863498,147.77628686349817
5,3,20,15802,15717.256170058496,84.74382994150437
6,14,7,15693,14080.765199911844,1612.2348000881557
3,21,10,15647,15391.058129371317,255.94187062868332
11,27,16,17100,15453.386514996044,1646.6134850039562
3,19,8,14894,14035.220315485116,858.7796845148841
6,6,11,15625,15159.52527184553,465.47472815446963
11,27,18,17557,15406.794812831104,2150.2051871688964
10,4,12,14754,13095.651965166404,1658.348034833596
12,9,9,17031,16367.02671877854,663.9732812214606
1,28,4,15836,15237.730396751089,598.2696032489112
12,3,4,12491,13150.143211829087,659.1432118290868
10,11,22,13692,14675.37604859186,983.3760485918592
2,28,4,13160,14186.017041664374,1026.0170416643741
2,14,9,19651,15229.10872612207,4421.891273877931
3,18,7,15389,13853.731619522458,1535.2683804775425
9,23,20,19224,18907.335597206424,316.6644027935763
10,3,18,16799,16075.04077804433,723.9592219556707
8,1,5,12532,13581.398660793448,1049.3986607934476
8,27,13,19288,18413.370022191702,874.6299778082976
2,26,9,16416,15326.178774042493,1089.8212259575066
9,22,22,16429,16324.054890508169,104.94510949183132
12,8,2,13760,14569.381449354909,809.3814493549089
11,30,23,15472,15151.775979893153,320.2240201068471
3,13,7,12507,12435.706702597245,71.29329740275534
9,19,18,18307,16855.337858908093,1451.662141091907
3,9,22,16850,15455.686949595336,1394.313050404664
2,12,17,15610,14600.450256644497,1009.5497433555029
10,8,19,14811,14627.168291160488,183.83170883951243
11,10,12,14480,14797.546064338465,317.54606433846493
3,23,23,15568,15450.10500471203,117.89499528797023
3,20,0,14183,14159.936597775877,23.06340222412291
3,27,2,12485,13131.588189160668,646.5881891606678
10,16,8,15170,14985.81886410607,184.18113589393033
3,13,15,16044,15838.781681191056,205.21831880894388
4,12,21,14905,15117.110367080128,212.11036708012762
4,24,12,13838,14721.55258690431,883.5525869043104
8,30,6,11424,11733.368966072394,309.36896607239396
6,28,15,17399,18266.95026913994,867.9502691399393
4,16,1,12037,13089.938140461287,1052.9381404612868
9,22,17,16979,16131.9774560882,847.0225439118003
8,23,18,16397,16384.296162412713,12.703837587287126
5,28,9,14726,15242.18566045105,516.1856604510504
2,14,17,17597,15207.928587111192,2389.0714128888085
11,28,13,17704,16132.87984412336,1571.1201558766406
8,21,14,16696,16150.447403540524,545.5525964594763
9,7,13,13979,13845.182576128387,133.81742387161285
1,14,9,17879,16445.229224881874,1433.770775118126
5,12,14,14822,15157.171343679693,335.17134367969265
6,16,5,12372,12752.106040006156,380.10604000615604
4,14,20,16205,15852.110154823002,352.8898451769983
3,30,20,17800,15990.328645243058,1809.6713547569416
4,7,19,17999,15521.758306144682,2477.241693855318
4,5,5,14005,14092.271956364739,87.2719563647388
10,23,21,14258,13860.161177293172,397.83882270682807
5,21,5,10903,11640.202080166955,737.202080166955
12,31,8,13990,14578.60942978831,588.6094297883101
11,7,18,18695,15776.819295168934,2918.1807048310657
7,31,1,12807,13534.8536189933,727.8536189933002
5,26,4,12584,12856.874380695835,272.8743806958355
8,23,16,18108,17553.794468100717,554.2055318992825
6,16,23,13977,15000.910791623508,1023.910791623508
12,1,17,18698,15269.476040767939,3428.5239592320613
3,8,19,18620,15769.688883838924,2850.311116161076
5,24,18,17184,16388.96590725531,795.0340927446887
12,7,8,17315,16249.507373902303,1065.4926260976972
3,12,23,15739,15945.83361598818,206.8336159881801
9,28,2,11432,12286.907006207884,854.9070062078845
10,24,7,13575,13595.862763471772,20.86276347177227
9,24,8,15527,15072.858904119646,454.14109588035353
8,18,11,19251,19138.108900874715,112.89109912528511
6,18,13,17036,17200.247084406165,164.2470844061645
1,28,5,12566,13795.514281844331,1229.514281844331
3,4,16,16359,15640.53073741373,718.4692625862699
7,29,23,18732,17082.281516192957,1649.7184838070425
6,30,6,13353,13432.296365204757,79.29636520475651
2,8,23,17415,15438.691084126387,1976.308915873613
7,6,7,15035,13158.804049356435,1876.195950643565
6,5,1,12267,12972.623288904619,705.6232889046187
8,29,21,17791,15992.250198523494,1798.749801476506
2,26,7,15291,14103.42030126155,1187.5796987384492
9,14,4,11684,12735.410394014674,1051.4103940146742
11,6,13,12998,13021.119636428193,23.11963642819319
7,21,23,16506,15553.933148266355,952.0668517336453
3,3,0,16479,15186.474024188647,1292.5259758113534
6,26,13,16535,16612.89744494418,77.89744494418119
4,28,0,13787,13286.052192884472,500.9478071155281
4,26,7,14833,13952.255996637252,880.7440033627481
11,27,10,16862,15814.842090637372,1047.1579093626278
7,31,21,16671,16442.072577387888,228.92742261211242
1,17,12,18242,16408.776977750065,1833.2230222499347
2,4,9,19021,15092.439119213122,3928.5608807868775
3,14,0,13851,13497.38139935936,353.6186006406406
10,29,12,16069,15625.953164569039,443.04683543096144
7,6,8,17167,15971.289152010026,1195.7108479899744
1,12,16,18552,16871.677775226748,1680.322224773252
4,6,22,15562,15780.073138215872,218.07313821587195
2,22,16,18849,15750.51315950464,3098.4868404953595
9,16,17,19946,20580.598210444194,634.5982104441937
6,2,7,12610,11919.96419969211,690.0358003078909
12,25,3,12681,14600.385345607401,1919.3853456074012
8,16,9,14830,14463.22149588746,366.77850411254076
12,3,4,14426,15111.671134178878,685.6711341788778
7,22,4,13636,14496.521303578087,860.5213035780871
3,17,10,16019,15846.624953358134,172.375046641866
12,25,1,13882,14925.764121545599,1043.7641215455988
2,5,9,18088,16006.80174327546,2081.1982567245395
3,31,3,11733,14516.906718451284,2783.906718451284
3,21,3,13228,14134.370171812036,906.3701718120356
11,8,22,16034,15525.061691785035,508.9383082149652
2,5,2,14971,14302.596996752807,668.4030032471928
2,4,16,17023,16181.28500194706,841.7149980529393
2,21,6,12991,13137.541008063054,146.5410080630536
6,1,20,15892,16288.91327471953,396.9132747195308
3,15,6,16624,15078.113855908365,1545.8861440916353
4,26,0,11051,14417.23008736209,3366.2300873620898
5,20,15,13997,14328.761196902786,331.76119690278574
11,11,3,12190,12739.1620561017,549.1620561017007
3,8,13,15423,15395.192838275485,27.807161724515026
7,10,20,20022,20595.36301504929,573.36301504929
9,6,23,18043,18305.40597741546,262.40597741545935
3,18,11,15704,14343.118419371933,1360.8815806280672
3,13,18,16976,15839.056072854064,1136.943927145936
7,29,5,15187,15204.062264393719,17.06226439371858
1,9,22,17483,16259.562955122337,1223.4370448776626
5,1,9,12485,14228.543846237351,1743.5438462373513
5,28,11,17365,17190.41303326175,174.58696673825034
1,30,23,17000,15450.813772022644,1549.1862279773559
1,13,17,18365,15827.296526178676,2537.703473821324
11,10,13,15811,14776.146522459836,1034.853477540164
5,31,22,16111,15602.131963337188,508.8680366628123
4,25,18,14243,14403.120494758507,160.12049475850654
4,1,6,15899,14881.57717952831,1017.4228204716892
1,16,5,15180,14805.592607534287,374.4073924657132
6,21,2,12305,12350.222601243713,45.22260124371314
3,15,11,17321,16775.668334465026,545.3316655349736
3,11,5,14701,14116.376343576438,584.6236564235624
11,9,10,14864,14402.149859601077,461.85014039892303
8,10,10,20609,18840.09402301745,1768.9059769825508
8,19,7,16116,13964.358535618117,2151.6414643818825
6,28,19,19206,17530.519375501557,1675.480624498443
11,24,10,16830,16294.407131838345,535.5928681616551
3,21,11,15287,15337.766758224765,50.766758224765
4,2,22,15187,15104.13414493846,82.86585506154006
11,15,23,13538,14343.45815455162,805.4581545516194
2,3,5,15056,15119.384376156784,63.38437615678413
10,22,21,14999,15931.605600870596,932.6056008705964
9,23,7,12953,12954.507650678848,1.507650678848222
11,1,22,14886,15473.802564261918,587.8025642619177
1,16,16,17340,15942.177655237323,1397.822344762677
10,1,13,14406,14184.751495924012,221.2485040759875
8,24,17,19074,17837.811891190056,1236.1881088099435
10,27,18,17247,14867.87539231479,2379.1246076852094
8,25,21,19169,18636.906312546205,532.0936874537947
9,2,4,12862,13200.671307071432,338.67130707143224
4,4,14,15718,15718.099975686639,0.09997568663857237
11,25,4,13408,13317.828140611025,90.17185938897455
7,28,7,17104,15530.548181485947,1573.4518185140532
7,20,20,20545,18656.251471952637,1888.748528047363
1,16,9,19027,16137.660351847397,2889.3396481526033
4,21,23,13385,15118.087151692636,1733.0871516926363
1,1,19,16208,15016.271095805721,1191.7289041942786
2,6,14,16829,14891.485360357645,1937.5146396423552
6,18,21,16372,15185.290105660284,1186.709894339716
5,13,23,12812,14872.970986409124,2060.9709864091237
10,19,17,15649,16037.306581605484,388.3065816054841
10,8,9,14417,15550.750116545261,1133.7501165452613
10,3,13,16429,14955.799313248894,1473.2006867511063
7,4,18,18016,16310.61374424505,1705.3862557549492
12,31,1,13689,13354.686697016492,334.31330298350804
4,22,15,12295,13354.687070109543,1059.6870701095431
2,8,23,16609,15670.469454591812,938.5305454081881
1,13,4,14611,15052.406851786174,441.40685178617423
4,15,22,14276,14697.624723579964,421.62472357996376
4,27,19,14625,13624.276602828784,1000.7233971712158
6,16,0,13298,12033.438140163813,1264.561859836187
9,28,9,15204,15053.038969805493,150.96103019450675
7,27,9,16597,17489.5373153572,892.5373153572
8,19,20,17878,17022.91951424225,855.0804857577496
5,29,16,14954,14954.099860815484,0.09986081548413495
10,15,10,14969,15341.615336731937,372.6153367319366
12,22,0,15706,13378.393939775215,2327.6060602247853
8,10,8,16701,16068.246417617109,632.7535823828912
5,14,17,13489,14909.694509836441,1420.6945098364413
5,14,22,13435,13947.902215462484,512.9022154624836
10,4,11,15069,15307.721143044057,238.7211430440566
5,22,22,14575,14719.382846032016,144.38284603201646
3,10,8,16919,16010.672219030643,908.3277809693573
9,13,23,12806,14042.44997750102,1236.4499775010208
12,16,22,15973,15567.732497988845,405.26750201115465
12,12,6,12662,12773.10751693236,111.10751693235943
4,6,7,15713,13938.741944411355,1774.2580555886452
11,28,13,14083,13672.561789360414,410.43821063958603
9,25,12,20199,19877.209936212195,321.7900637878047
7,2,23,17762,17205.46625408374,556.5337459162583
6,17,23,13982,14689.793019447186,707.7930194471865
8,5,15,13677,13921.539345537458,244.53934553745785
12,18,1,14088,13540.297103589914,547.7028964100864
10,4,11,14942,15042.880494298313,100.88049429831335
10,26,9,16130,15546.047689388319,583.9523106116812
1,12,14,18410,16904.589100455043,1505.410899544957
3,27,22,15229,15698.622900615532,469.62290061553176
8,2,0,14003,13633.538433715012,369.4615662849883
8,22,20,18441,18050.897375896355,390.1026241036452
11,8,9,15278,15616.62194686501,338.6219468650106
9,26,11,12461,13213.575335810905,752.575335810905
7,17,3,12342,12200.08785693585,141.91214306414986
12,19,23,15708,15199.94859060182,508.0514093981801
12,3,13,14227,14737.316828032637,510.3168280326372
3,1,11,15043,14700.640630938924,342.359369061076
6,17,5,12939,13627.713670838442,688.7136708384423
9,17,3,11869,12131.750565655391,262.75056565539126
8,5,3,12726,14050.146821138289,1324.146821138289
10,22,19,15373,14830.680782097843,542.3192179021571
5,7,13,13547,14620.95147357765,1073.9514735776502
5,14,1,11601,13581.116959022263,1980.1169590222635
12,9,8,14832,14365.329112692489,466.6708873075113
3,4,18,20717,15093.513441608231,5623.486558391769
11,28,2,14848,14959.33337574894,111.33337574893994
9,13,15,15605,15838.420989181117,233.42098918111697
6,29,3,12226,12393.913072986341,167.91307298634092
6,12,20,17465,16499.56837663422,965.431623365781
11,24,20,17630,15462.657176067638,2167.342823932362
1,6,13,19153,15116.495312184314,4036.5046878156863
6,23,10,14270,14807.175489550005,537.1754895500053
12,2,0,14593,13190.480024022749,1402.5199759772513
7,7,16,19634,19697.38544268182,63.38544268182159
8,16,23,16141,16601.113664764387,460.11366476438707
4,4,15,14646,15098.433865249459,452.4338652494589
12,13,19,19250,15941.758534457123,3308.2414655428765
6,24,1,12779,13354.35920865011,575.3592086501103
6,24,9,15561,14670.624077695955,890.3759223040452
5,26,2,11072,12078.247979227464,1006.2479792274644
9,11,2,13496,14837.828968862652,1341.828968862652
1,9,15,19422,16341.168370131374,3080.831629868626
10,26,18,16350,14967.353367909735,1382.6466320902655
1,29,0,15385,14015.228564722405,1369.7714352775947
7,19,2,13011,12832.046759018549,178.95324098145102
2,5,7,15207,14662.113893086589,544.8861069134109
4,21,5,12908,13418.020513150355,510.0205131503553
1,4,12,18639,15520.937925611752,3118.062074388248
7,25,5,12234,12429.6855115806,195.68551158059927
9,18,5,11844,12887.35402624651,1043.3540262465103
12,1,14,17509,15961.266852739558,1547.733147260442
7,22,9,15189,14045.543041482077,1143.4569585179233
12,13,20,19141,15964.777184161743,3176.222815838257
9,12,15,15371,14908.756456922478,462.2435430775222
7,16,21,18080,18119.787688711815,39.78768871181455
6,8,10,17094,16298.141370791454,795.8586292085456
10,30,9,16928,16223.273575973639,704.7264240263612
10,4,5,12091,12764.141945178157,673.1419451781567
12,13,10,17357,15387.16168566539,1969.838314334609
12,22,19,18393,16334.991778833366,2058.008221166634
4,3,19,16452,15146.564311067767,1305.4356889322335
12,21,22,18450,15592.194813767228,2857.805186232772
12,28,16,16976,14834.383091078354,2141.6169089216455
12,19,17,19035,16515.34090966046,2519.659090339541
12,6,22,17888,15780.736590279339,2107.263409720661
8,13,22,16438,15490.814341836862,947.1856581631382
9,21,11,16868,15512.36735721847,1355.6326427815293
5,14,14,15859,15185.988495351705,673.0115046482952
3,27,5,14331,14474.77325006088,143.77325006087995
6,30,16,20376,19303.271215373505,1072.7287846264953
2,24,12,15758,14575.530958900637,1182.4690410993626
10,19,13,15257,15094.482897191394,162.51710280860607
8,13,5,13818,13782.24281703871,35.7571829612898
3,30,7,17114,13702.933259974825,3411.066740025175
1,24,12,16657,14993.508474242793,1663.4915257572065
6,5,13,17826,17362.29023443374,463.7097655662583
3,7,23,15537,15293.138279378518,243.86172062148216
7,17,4,12301,12666.557053158896,365.55705315889645
6,20,1,12625,12557.868715231547,67.13128476845304
8,30,17,21313,16143.595005839725,5169.404994160275
4,30,10,14240,15309.976250049374,1069.9762500493744
6,11,10,14723,14722.900237300755,0.0997626992448204
8,17,0,16929,15227.028949986607,1701.9710500133933
6,24,20,18514,17498.21822739756,1015.7817726024405
9,29,11,14563,15387.453836379733,824.4538363797328
10,30,16,14507,14538.485507662903,31.48550766290282
10,8,6,14060,13122.070151419915,937.9298485800846
3,14,9,16266,15914.863933998267,351.1360660017326
6,19,9,15662,15935.779300023496,273.77930002349603
4,24,23,14447,15935.577520663875,1488.5775206638755
8,19,4,13089,13069.69175393035,19.308246069649613
10,28,21,16094,14793.5247633231,1300.4752366769007
4,1,16,15180,15063.340009016483,116.65999098351676
5,27,8,12742,12967.184620944232,225.18462094423194
6,28,20,21479,17857.02679516533,3621.9732048346705
8,7,8,15121,15223.514414671281,102.51441467128097
6,23,1,13314,13640.54835479076,326.54835479076064
12,22,1,14166,13760.085243412903,405.91475658709714
5,17,13,13792,14179.467703033404,387.4677030334042
7,25,15,19625,20222.830773968635,597.8307739686352
9,9,18,13483,13157.099083078983,325.9009169210167
6,26,9,15714,15781.2233674552,67.22336745520079
5,17,22,14862,15904.869136547677,1042.869136547677
7,30,3,11559,12987.460072422127,1428.4600724221273
11,2,15,15208,14788.245016830033,419.7549831699671
8,26,12,16481,16302.935737986754,178.06426201324575
5,12,2,12122,12612.738796763555,490.738796763555
8,26,2,13011,13882.557012856665,871.5570128566651
12,8,5,13786,14402.37199263372,616.3719926337199
6,24,22,17174,17499.240379225383,325.24037922538264
11,11,20,17168,14799.429109631104,2368.5708903688956
12,30,19,17878,15697.977885457893,2180.0221145421074
7,7,23,14681,14714.367358575148,33.36735857514759
10,11,10,14318,12834.850942287438,1483.1490577125624
12,9,21,18902,15989.203913836856,2912.7960861631436
4,1,13,13631,14581.254645135947,950.2546451359467
12,20,19,17605,14467.023536749868,3137.976463250132
8,9,9,14834,14878.583580702008,44.583580702008476
12,2,20,17201,15447.640815312812,1753.3591846871877
9,29,8,14922,15145.57647775775,223.57647775774967
8,30,0,15532,14083.997415826561,1448.0025841734387
2,18,14,17170,15926.774501732583,1243.2254982674167
3,3,6,14853,14773.014117705536,79.98588229446432
3,29,12,16211,15424.796586941227,786.2034130587726
12,23,16,17434,16721.840450581978,712.1595494180219
4,27,15,13415,14516.63540106542,1101.6354010654195
3,4,17,15751,15278.493769216255,472.5062307837452
7,29,0,15548,14794.49901571362,753.5009842863801
12,27,3,13952,14281.013087932179,329.0130879321787
6,10,16,15385,15331.348171790101,53.65182820989867
8,4,1,13086,13295.581683969634,209.58168396963447
5,19,5,10996,12121.486355717338,1125.4863557173376
11,25,12,17412,15804.398997034798,1607.6010029652025
9,15,22,15081,15526.88544425967,445.8854442596694
8,13,13,19878,19433.209672608366,444.7903273916345
1,20,18,20002,15828.28484321658,4173.715156783421
11,4,4,12240,13652.793153008573,1412.7931530085734
5,17,6,9992,11884.208077159294,1892.2080771592937
3,12,22,15386,15612.931974319663,226.9319743196629
9,29,14,12787,13719.008583459206,932.0085834592064
9,5,5,13349,13581.583583094754,232.58358309475443
11,24,8,16635,16056.151765769891,578.8482342301086
4,19,9,16580,16326.43057464322,253.5694253567799
5,2,9,15811,15315.630290362877,495.3697096371234
11,2,9,16113,15614.665093242558,498.3349067574418
12,16,10,18416,16139.334618850688,2276.6653811493125
9,12,7,12747,13700.727613821198,953.7276138211982
12,19,1,13967,13612.15091324594,354.8490867540604
11,15,13,13324,12695.616576077826,628.3834239221742
3,19,20,16362,14947.665215798284,1414.3347842017156
5,3,13,15094,15927.860066712998,833.8600667129977
5,7,9,14609,15293.62026638105,684.6202663810509
9,25,18,14657,14193.570456959786,463.4295430402144
7,19,20,15576,15678.568732411468,102.56873241146786
4,19,15,14634,15401.675615455917,767.6756154559171
12,23,3,15900,15284.878120948466,615.121879051534
7,10,8,16160,16025.234338580216,134.765661419784
9,3,18,16602,17137.765810938374,535.7658109383738
3,14,0,12807,14106.080277901465,1299.0802779014648
4,13,7,14112,13336.84936984909,775.1506301509107
11,6,18,17253,15458.391835357554,1794.6081646424464
5,31,16,14541,15239.929685827166,698.9296858271664
5,30,7,14412,13357.538248313735,1054.4617516862654
10,27,9,15139,14803.389661671723,335.61033832827707
7,13,21,16795,16173.490540493785,621.5094595062146
12,23,3,13526,13753.158643838546,227.1586438385457
12,11,2,14636,14844.527530171174,208.52753017117357
10,3,22,15155,15085.45835950321,69.54164049678911
12,6,6,14446,14628.85620770122,182.85620770121932
10,26,22,14275,14344.199913200013,69.19991320001282
7,25,23,16348,16551.406450042556,203.40645004255566
10,15,19,16233,15548.086097983767,684.9139020162329
5,19,17,13654,14692.103444978839,1038.1034449788385
10,28,6,14913,14363.315689322442,549.6843106775577
5,2,20,15896,15238.30518803263,657.6948119673707
2,25,20,20932,15223.99459545961,5708.00540454039
1,18,21,17751,15692.576725301597,2058.4232746984035
5,15,1,11750,12722.251806353146,972.2518063531461
3,10,22,17930,15290.68782096098,2639.3121790390196
7,30,23,19267,17102.38246311871,2164.617536881291
12,11,3,13143,13364.579988595362,221.579988595362
12,7,12,16574,16061.409054910517,512.5909450894833
12,21,21,17663,15820.827669920895,1842.1723300791054
3,18,19,15980,14944.095678285983,1035.904321714017
2,23,18,16597,15172.637504574466,1424.3624954255338
7,24,0,16348,14851.726882555911,1496.2731174440887
6,7,4,10543,11626.385689678662,1083.385689678662
10,2,16,18972,17947.381283326904,1024.618716673096
8,24,5,12885,13528.821126868273,643.8211268682735
9,5,17,20263,19346.678325093788,916.3216749062121
10,14,13,13906,14958.78047912205,1052.7804791220497
4,13,1,10862,13509.392684016151,2647.392684016151
6,29,0,12911,13408.835760816255,497.83576081625506
11,12,23,14732,15480.846401617551,748.8464016175512
1,29,19,19340,15547.012058269805,3792.9879417301945
7,5,6,15340,14767.732374007785,572.2676259922155
4,26,19,15885,15620.294087924121,264.7059120758786
2,9,21,20483,15648.683069439421,4834.316930560579
11,27,12,16519,15735.173126816411,783.8268731835888
10,30,16,16263,16072.939391427759,190.0606085722411
8,11,19,20899,19597.15942523049,1301.8405747695106
12,28,1,13560,14548.200211395622,988.2002113956223
2,19,11,16779,15056.429425084736,1722.570574915264
3,23,20,17833,15608.592555792924,2224.407444207076
3,2,6,13788,14170.788849321245,382.7888493212449
10,26,22,14756,14755.899760978507,0.10023902149259811
9,29,0,12455,12375.608723812458,79.39127618754173
5,1,8,14553,14553.100007874284,0.10000787428361946
4,26,11,13132,12617.732102564169,514.2678974358314
9,9,11,16973,17493.395156222392,520.395156222392
7,9,4,10906,11741.176125263491,835.1761252634915
4,5,20,16876,15764.516369841154,1111.4836301588457
9,22,12,15472,15865.860578630592,393.8605786305925
1,13,11,17251,15570.898572300033,1680.1014276999667
2,24,18,20082,15443.19044566806,4638.80955433194
4,14,16,11410,14336.54276525736,2926.54276525736
8,9,12,16022,15802.697418939964,219.30258106003566
9,18,8,14433,14951.693069038243,518.6930690382433
8,2,1,13337,13369.248938795112,32.248938795111826
10,2,12,15927,15684.593813799229,242.40618620077112
3,10,2,13041,13887.480461942303,846.480461942303
12,13,20,16709,14745.105785080235,1963.8942149197646
11,20,14,15586,14818.441362511932,767.5586374880677
7,25,12,17701,16313.366327912288,1387.6336720877116
2,26,7,13215,14154.427310996738,939.427310996738
9,22,21,14815,15330.145954351909,515.1459543519086
2,25,9,17567,16182.65072050817,1384.3492794918293
3,27,20,15089,14868.880251664097,220.11974833590284
1,7,11,16747,15051.575416332313,1695.4245836676873
6,16,23,13382,15172.943906410042,1790.9439064100425
10,25,10,16359,15805.871091473025,553.1289085269746
7,24,14,16791,16404.22768724171,386.77231275829035
10,24,13,14171,13599.360692869763,571.6393071302373
3,29,7,12226,14161.124034877983,1935.124034877983
8,8,10,15500,16315.671685125155,815.6716851251549
10,6,22,13630,14910.485069023705,1280.4850690237054
7,25,12,18378,18326.724564027965,51.27543597203476
7,28,16,21246,21154.13939639039,91.86060360960983
5,7,8,14158,14199.711124736777,41.71112473677749
5,26,18,20633,18140.66980074002,2492.330199259981
6,22,3,13700,14280.360609072433,580.3606090724334
5,6,2,12068,13130.560516411948,1062.560516411948
6,26,3,11955,12343.726064390667,388.7260643906666
10,23,16,14985,16095.093214950788,1110.093214950788
11,21,10,18059,16296.602051834041,1762.397948165959
12,29,12,16508,14562.45947818682,1945.54052181318
2,29,20,19583,15365.80308416033,4217.19691583967
10,16,17,15215,14995.802154957164,219.19784504283598
12,3,13,16144,15185.267272378134,958.7327276218657
4,23,14,12421,13603.392669589757,1182.3926695897571
10,16,20,16455,15390.96087891248,1064.0391210875205
6,1,9,13002,12530.938371750133,471.06162824986677
1,20,20,19780,15364.43446945429,4415.565530545709
4,11,1,12055,13777.131686912557,1722.1316869125567
12,12,19,19391,15656.086108117082,3734.9138918829176
10,7,21,14694,15137.791252810366,443.79125281036613
4,17,22,13396,14587.969723742961,1191.969723742961
12,14,20,18138,16417.201138985904,1720.7988610140965
9,23,20,17344,16380.664370636548,963.3356293634515
8,31,22,15784,15053.649977123448,730.3500228765515
5,13,17,17700,17426.69897676446,273.3010232355409
6,19,9,15238,14909.426231625363,328.57376837463744
9,21,17,16472,15798.612918719547,673.3870812804525
6,29,1,15998,15801.323154156207,196.67684584379276
7,25,5,14494,15743.17235621026,1249.1723562102597
10,26,21,15701,15846.425293310638,145.42529331063815
1,12,5,14959,15120.090310494752,161.09031049475198
5,14,12,12318,12285.420654726866,32.579345273134095
10,1,17,16149,15654.128162004861,494.8718379951388
3,24,10,17823,16659.06510196723,1163.9348980327704
7,15,3,11996,12678.86537895131,682.86537895131
6,17,16,15223,15806.214948141935,583.2149481419347
3,29,9,16438,16505.14353490738,67.14353490737994
10,30,2,11890,13228.075604491725,1338.0756044917252
7,12,1,13948,13649.894518435942,298.1054815640582
11,3,22,15132,14977.214734094436,154.7852659055643
12,15,15,17661,16237.680512396224,1423.319487603776
11,19,11,16792,15971.55471545633,820.4452845436699
7,15,17,17749,17042.21061130967,706.7893886903294
6,30,14,20087,19456.658861704775,630.3411382952254
7,26,5,12858,12998.872963298476,140.87296329847595
6,27,18,15413,15661.519447589766,248.51944758976606
10,29,20,17008,15439.099102891945,1568.9008971080548
10,16,20,16437,15443.032468481582,993.9675315184177
1,26,22,16921,15193.409679950926,1727.5903200490739
6,23,4,13401,14202.165957761385,801.1659577613846
5,31,12,19496,19204.64479656625,291.35520343375174
7,26,3,12854,13909.338462544569,1055.3384625445688
7,2,0,14366,15365.923916365504,999.9239163655038
2,3,19,18137,15679.853128933162,2457.146871066838
10,14,3,10853,13790.755419479605,2937.755419479605
12,25,13,15773,14738.074167283621,1034.9258327163789
6,13,21,15914,15647.044189178685,266.955810821315
1,22,19,18873,15589.536011906408,3283.463988093592
12,12,7,16574,15467.841958625382,1106.1580413746178
12,2,13,16328,15389.362267103803,938.6377328961971
1,7,21,19498,15460.29807773904,4037.7019222609597
9,20,8,15569,15582.034637472976,13.034637472976101
10,19,0,13258,13798.715029280662,540.7150292806618
9,15,19,19660,17150.10287344155,2509.8971265584514
10,9,14,15740,14899.285148905445,840.7148510945553
10,13,13,14863,14507.565648535066,355.43435146493357
2,16,3,13642,14407.227275286607,765.2272752866065
1,23,23,16359,15738.549503859696,620.4504961403036
10,10,0,13538,13273.359076695844,264.6409233041559
3,9,3,12500,13559.917513156526,1059.9175131565262
6,17,16,19741,19529.46806523508,211.53193476492015
11,9,0,14700,14206.332263965922,493.6677360340782
3,9,8,16410,16176.12459814746,233.87540185253965
9,4,18,20444,21243.642175622874,799.6421756228738
7,2,4,11592,12953.618414470307,1361.6184144703075
7,28,1,14755,15497.021829465199,742.0218294651986
10,31,15,16021,15280.043557639827,740.9564423601732
2,12,3,13761,14149.586658700306,388.58665870030563
5,20,6,11453,12464.306155560807,1011.3061555608074
3,23,18,17882,15394.220066744123,2487.779933255877
5,20,19,12964,13198.356869059111,234.35686905911098
9,12,3,11413,11964.5242441339,551.5242441338996
11,22,1,14762,14441.24728011125,320.7527198887492
7,25,16,18748,17404.016388279706,1343.983611720294
11,20,20,15972,15226.12893230046,745.8710676995397
7,17,20,20442,18123.77430130164,2318.2256986983593
8,25,17,20750,18587.646678513418,2162.353321486582
10,29,13,15956,14767.895473112569,1188.1045268874313
4,2,21,15499,15371.734121256339,127.26587874366123
8,11,3,12895,13136.608067041996,241.60806704199604
7,15,2,14413,14315.353660180757,97.64633981924271
9,28,3,12046,13121.989897865438,1075.9898978654383
4,10,22,14389,14701.79635004943,312.79635004942975
8,27,15,17069,16806.210409543215,262.78959045678494
10,1,4,12968,14100.65314426826,1132.6531442682608
6,7,15,15191,15126.963703067864,64.03629693213588
9,27,17,16479,17187.702915177975,708.7029151779752
4,24,16,14105,14301.73051122484,196.73051122483957
4,12,11,15323,15206.527970828341,116.4720291716585
4,27,21,16131,15371.680369481142,759.3196305188576
9,12,10,15452,15272.957637055015,179.04236294498514
10,6,11,15139,15465.249772964828,326.24977296482757
6,26,10,16010,16005.904701208032,4.095298791968162
6,23,4,12440,12715.26564698426,275.26564698426046
1,7,17,19370,15225.625478056081,4144.374521943919
4,9,23,14682,15539.247833762929,857.2478337629291
5,10,3,11684,12369.4440792469,685.4440792468995
10,19,10,13401,12848.442722885447,552.5572771145526
1,10,18,18297,15589.521596996998,2707.4784030030023
3,9,13,16011,15580.201988903373,430.7980110966273
8,8,2,13518,13643.649217655966,125.64921765596591
12,15,20,17411,15932.022985036841,1478.9770149631586
11,2,5,12963,13015.86351052931,52.86351052931059
6,15,2,11112,11376.745393913263,264.7453939132629
7,24,1,13703,13097.450540558793,605.5494594412066
3,28,22,15263,15921.192072896783,658.1920728967834
8,13,11,19311,19467.97516600259,156.9751660025904
2,21,22,16413,15058.947355352471,1354.0526446475287
7,25,17,20810,19011.706089434003,1798.293910565997
9,13,22,15509,15750.16557438342,241.16557438341988
1,19,9,19669,15587.04881435637,4081.9511856436293
1,17,2,15573,15270.616219250576,302.38378074942375
1,7,6,14320,14645.998727965902,325.9987279659017
10,6,21,14316,14019.174759938547,296.82524006145286
8,5,18,18668,18674.611287172593,6.611287172592711
4,23,16,15144,15143.899777591192,0.10022240880789468
1,23,12,16893,15287.417696361354,1605.5823036386464
9,13,0,13673,12645.72542453557,1027.2745754644293
4,17,20,14924,14554.499063123805,369.5009368761948
10,19,21,14971,15108.502259042478,137.50225904247782
11,12,14,16329,15266.157617138078,1062.8423828619216
12,26,23,14005,14649.877109843557,644.8771098435573
11,8,1,13981,14497.781383564983,516.7813835649831
11,23,15,16903,15522.460574232107,1380.5394257678927
7,2,20,17261,16395.257350995827,865.7426490041726
2,9,5,15337,15290.19083852614,46.80916147386051
8,12,18,16297,16297.100110337606,0.10011033760565624
7,24,10,16180,15715.207990644118,464.7920093558823
7,12,18,19021,18083.036862485867,937.9631375141325
1,4,17,18466,15098.56894511901,3367.43105488099
8,18,15,16785,15716.631181280194,1068.3688187198059
8,31,8,14464,14685.207392671624,221.2073926716239
9,7,19,15597,15222.18295861072,374.81704138928035
3,4,0,16749,15153.87182597752,1595.1281740224804
12,2,9,16839,15951.74525247342,887.2547475265801
7,19,2,14541,16189.29116828962,1648.2911682896192
3,15,15,14508,13540.577037393063,967.4229626069373
3,5,1,14862,14584.53488246986,277.46511753014056
7,9,3,12002,13131.264197343138,1129.2641973431382
3,9,0,15388,14016.347073853021,1371.6529261469786
6,1,0,13312,13252.139305625988,59.86069437401238
3,13,19,19749,15553.959697882245,4195.040302117755
5,3,16,15641,15398.21305301076,242.78694698923937
10,13,10,15352,15645.491719448764,293.49171944876434
11,9,0,14015,13788.42383309512,226.57616690488067
11,5,17,17236,16307.887631775897,928.1123682241032
2,28,0,17143,15220.03978154052,1922.9602184594805
6,8,12,16854,16916.099887629112,62.099887629112345
11,12,8,17506,16248.703756059182,1257.2962439408184
8,22,1,14677,14472.038076308701,204.96192369129858
5,31,1,13811,14077.895854611876,266.8958546118756
10,16,19,16715,15632.059423245011,1082.9405767549888
6,19,21,18728,18124.122871658325,603.8771283416754
12,31,13,15718,14582.124598253202,1135.8754017467982
4,27,16,13842,13480.87351424324,361.1264857567603
9,24,5,11417,12887.705047878337,1470.7050478783367
8,8,8,16412,16107.103645466726,304.89635453327355
10,7,10,14965,14942.333491759122,22.666508240878102
6,5,5,12206,13508.37005381776,1302.37005381776
4,5,14,14043,14344.430135339508,301.4301353395076
11,9,5,12360,13774.685561802571,1414.685561802571
10,25,21,15131,15271.8622327488,140.86223274879922
2,16,21,20188,15088.205535408637,5099.794464591363
6,16,0,13426,12250.473376985636,1175.5266230143643
11,8,6,13514,13306.778996123874,207.2210038761259
2,5,21,18798,15525.297196294916,3272.702803705084
9,5,4,14480,14889.174092344685,409.17409234468505
10,12,2,11894,13847.571062785,1953.5710627850003
7,31,19,14766,15105.733775087383,339.73377508738304
11,13,20,19058,16163.616170442549,2894.3838295574515
4,22,14,13447,14246.579246792464,799.5792467924639
9,27,13,15904,16349.542356135073,445.5423561350726
12,19,10,17194,16403.31470007863,790.6852999213697
4,30,8,13235,13532.574110957572,297.574110957572
10,10,14,15285,14936.740746387726,348.2592536122738
11,3,18,16124,15448.571546741878,675.4284532581223
8,1,22,15472,15454.83471492979,17.165285070210302
3,15,12,15817,15708.705683908993,108.2943160910072
3,3,4,13983,14970.077505118772,987.077505118772
12,28,17,16930,15153.395295186967,1776.604704813033
4,19,1,11086,12053.149743571328,967.1497435713281
11,25,8,16268,16185.589217352936,82.41078264706448
7,28,19,21188,17944.378586290204,3243.621413709796
10,14,0,12818,11903.554443789188,914.4455562108124
12,24,20,15170,15208.983937267414,38.98393726741415
6,16,2,12242,11281.971625494642,960.0283745053584
2,20,5,13437,14932.95677999123,1495.9567799912293
5,23,16,14983,15444.289245388763,461.28924538876345
1,22,12,19701,15584.462768265237,4116.537231734763
2,13,0,14718,14605.640129321428,112.3598706785724
7,5,12,21781,20664.996143304917,1116.0038566950825
10,1,16,18329,17109.651381161297,1219.3486188387033
12,31,9,14900,15905.722669162526,1005.7226691625256
12,10,0,16163,14378.58638879773,1784.4136112022697
3,26,23,15352,15652.554759417215,300.5547594172149
10,9,2,11806,12134.062367951874,328.06236795187397
10,31,12,14958,14958.100239113544,0.10023911354437587
5,1,14,13166,14810.885606138785,1644.885606138785
10,6,16,14560,14562.051111911074,2.0511119110742584
10,22,11,15606,15091.97493614449,514.0250638555099
7,12,16,17402,17401.89965235374,0.10034764626107062
4,16,20,15103,14575.790927169712,527.2090728302883
3,1,21,19614,15483.386891946202,4130.613108053798
9,24,18,17441,16277.246541020952,1163.7534589790484
1,21,4,15040,15248.953958313843,208.95395831384303
12,27,3,12297,13470.591190122435,1173.5911901224354
5,18,10,13197,13540.753635743602,343.753635743602
3,10,18,17111,15202.927515250789,1908.072484749211
4,28,9,14180,14275.194795387737,95.19479538773703
4,21,12,13775,15278.271802743768,1503.2718027437677
9,8,6,14246,14989.289722608926,743.2897226089262
10,15,9,13725,12752.918570024567,972.0814299754329
5,27,0,12057,13155.647292601276,1098.6472926012757
7,1,10,13762,14614.524660820507,852.524660820507
4,14,13,14784,15180.82895577091,396.8289557709104
10,4,12,15011,15297.9384126311,286.9384126310997
12,14,21,20206,15176.748887152464,5029.251112847536
6,23,20,17788,17616.61234512684,171.3876548731605
7,15,6,13482,13413.975561599542,68.02443840045817
11,16,10,16607,14896.664508962685,1710.3354910373146
11,13,18,17307,15095.397491003363,2211.602508996637
11,8,15,15402,14752.60700232454,649.3929976754607
11,28,23,16393,15819.52249982027,573.4775001797298
11,15,14,17425,15876.42608385557,1548.5739161444308
12,7,1,13925,14729.617783287822,804.617783287822
12,1,22,17450,16072.176583278984,1377.8234167210157
6,14,17,15884,15260.829192773777,623.1708072262227
11,24,4,13453,13944.926867488924,491.9268674889245
8,9,19,18332,16787.043699895763,1544.956300104237
5,12,4,10871,11851.213791496537,980.2137914965369
9,10,7,11268,11660.645469163555,392.6454691635554
2,11,21,21331,15089.11601971801,6241.883980281989
9,5,10,14720,15194.902908144197,474.9029081441968
3,20,0,13282,13722.925610228085,440.92561022808513
3,28,9,15933,15560.76977512997,372.2302248700307
5,9,2,11477,12173.643500819555,696.6435008195549
7,3,16,17542,16403.589585936494,1138.4104140635063
7,11,19,15370,15613.150925415683,243.15092541568265
6,9,2,12186,12184.781367270449,1.2186327295512456
1,26,7,16617,15139.46793021545,1477.532069784549
4,28,9,13218,14824.780511275023,1606.780511275023
12,6,22,17381,16094.338620891613,1286.6613791083873
6,25,15,18529,18490.248040407958,38.75195959204211
7,23,14,20402,19040.618085087874,1361.3819149121264
6,25,7,15125,13949.947084269821,1175.052915730179
5,29,4,11733,13649.773426329712,1916.7734263297116
4,29,10,12892,12891.899838826848,0.10016117315171869
9,21,16,17678,18068.25806330082,390.2580633008183
2,12,10,18743,15720.344196405236,3022.6558035947637
8,24,2,13378,13634.476251535343,256.4762515353432
9,2,22,14959,16085.509491206207,1126.5094912062068
9,13,2,11249,11800.87890042627,551.8789004262708
1,26,6,14081,13050.72315095581,1030.2768490441904
10,20,12,14239,13364.354561563909,874.6454384360914
11,22,2,14428,14624.813638667718,196.8136386677179
9,14,9,13553,12502.963895352645,1050.0361046473554
1,19,15,18477,17091.702446525636,1385.2975534743637
4,8,17,14252,15085.903845064215,833.9038450642147
5,19,13,13985,14105.879405859303,120.879405859303
11,16,12,16131,15805.325486842401,325.674513157599
2,11,11,17934,16016.80641218578,1917.1935878142194
3,30,14,13233,14671.025418830677,1438.0254188306772
8,6,7,15397,16141.221429601606,744.2214296016064
10,6,18,15864,15606.270131231315,257.72986876868526
8,7,8,13891,13470.615413321584,420.38458667841587
5,9,0,11872,12624.036164715617,752.0361647156169
7,26,9,16127,16004.06204408071,122.93795591928938
5,11,16,13879,14958.22862163781,1079.2286216378106
12,6,10,18582,16154.64925035372,2427.3507496462807
2,4,9,16036,14950.578753557078,1085.421246442922
6,22,1,14807,14757.96909766379,49.03090233620969
7,2,17,17408,17529.946130658413,121.94613065841259
9,11,0,12558,12153.180464428598,404.8195355714015
4,22,12,14908,14908.100076542161,0.10007654216133233
3,11,18,16635,15371.21668233956,1263.78331766044
10,31,12,14068,14047.848231618593,20.151768381407237
3,28,15,15081,15342.033004417412,261.0330044174116
12,5,8,17407,16027.078992774945,1379.9210072250553
3,13,12,16506,15188.100177134107,1317.899822865893
6,28,3,13512,13181.577294886803,330.42270511319657
10,19,18,16635,15317.583127674521,1317.4168723254788
2,15,20,18840,15806.015981611998,3033.9840183880024
9,25,18,16841,16581.589949847625,259.41005015237533
3,1,19,17315,15403.331887777556,1911.6681122224436
11,22,15,16640,16013.317573798111,626.682426201889
7,23,5,13212,14312.388545544003,1100.3885455440031
3,11,5,12030,13677.496435479738,1647.4964354797376
8,17,9,13350,11975.043045690834,1374.9569543091657
1,27,0,14754,13365.272370949284,1388.7276290507161
2,29,18,18286,15554.735496646745,2731.2645033532553
3,24,19,17148,15923.012697223043,1224.9873027769572
12,15,3,12257,12116.349005167638,140.6509948323619
1,21,19,18128,15538.500696445639,2589.499303554361
8,29,7,16364,15833.535028184977,530.4649718150231
11,24,11,17609,16931.03482906347,677.9651709365316
10,12,20,15043,14684.843232736079,358.1567672639212
2,8,15,17629,15605.39458422458,2023.6054157754206
12,19,9,18456,16426.08659395367,2029.9134060463293
10,28,7,16507,14808.828172549842,1698.1718274501582
6,28,2,14394,14412.032621971775,18.03262197177537
12,2,20,17823,16224.854643593837,1598.145356406163
5,27,2,13332,13021.074989048775,310.925010951225
7,13,14,21924,21729.6669241564,194.33307584359864
11,27,2,13637,13625.503181055787,11.496818944213373
4,2,5,13765,14252.457668301762,487.45766830176217
2,17,7,15030,15123.543136605675,93.54313660567459
3,5,15,14993,14983.810119630263,9.189880369736784
10,20,18,15888,14557.72151311295,1330.2784868870494
11,7,7,13446,13477.96344281935,31.96344281934944
5,12,9,14362,14373.589176438943,11.589176438943468
9,6,21,19406,18411.78299101493,994.2170089850697
9,16,13,17981,19439.86401842894,1458.8640184289397
2,12,22,18637,15492.326469116444,3144.673530883556
6,6,15,15993,15476.496891929399,516.5031080706012
11,4,19,17482,15580.743599670735,1901.2564003292646
8,12,15,16681,16909.973018570323,228.9730185703229
2,16,20,18810,16040.454387645423,2769.5456123545773
1,24,19,18837,15078.894989542468,3758.1050104575315
6,27,2,12977,15024.362360352156,2047.3623603521555
9,5,12,19604,19161.20326833857,442.7967316614304
10,5,11,13296,12768.547693943996,527.4523060560041
10,28,12,14602,15095.765992532657,493.76599253265704
5,18,23,11279,15065.678835951758,3786.6788359517577
5,17,6,12571,12535.811737049664,35.18826295033614
12,8,0,15967,14761.368044390229,1205.6319556097715
4,25,23,14202,16119.307988776054,1917.3079887760541
5,28,22,14096,14355.99720487393,259.99720487392915
6,13,12,15024,15047.346612887779,23.346612887778974
4,2,8,15902,16212.69444238161,310.6944423816094
2,15,10,16610,14643.840476953264,1966.1595230467356
12,5,2,14685,14922.767986804503,237.76798680450338
10,26,16,16216,15524.602273359706,691.3977266402944
6,17,10,14490,14615.090248786388,125.09024878638775
11,18,2,14422,14735.113269321413,313.1132693214131
11,13,21,18054,15632.790344422452,2421.209655577548
9,21,5,11730,12279.75097001789,549.7509700178907
12,31,16,15790,15896.259889893146,106.25988989314646
5,14,14,14699,14830.8230666693,131.8230666692998
9,17,6,14619,13863.10581465966,755.8941853403394
10,3,23,12408,14616.560966654259,2208.5609666542587
7,12,13,17033,17053.47914737492,20.479147374921013
4,15,19,15637,15591.237087892825,45.762912107175
2,15,5,14744,14980.329456370682,236.32945637068224
9,20,6,11145,12907.660196953831,1762.6601969538315
1,7,13,19198,15161.450793924503,4036.549206075497
4,7,19,15587,15097.953110507646,489.04688949235424
2,7,11,18158,16133.035627582578,2024.964372417422
2,11,17,17877,15275.728562122002,2601.2714378779983
3,12,10,16384,16350.388872869686,33.611127130314344
11,1,18,17328,15547.500422123672,1780.4995778763277
6,10,13,16368,16215.395414096813,152.6045859031874
12,17,7,18818,15166.48530418156,3651.5146958184396
3,31,11,16207,15106.18395426797,1100.81604573203
11,28,16,16831,16168.364036180577,662.6359638194226
9,16,23,13349,16164.089737842127,2815.089737842127
7,29,2,11825,12773.16974272234,948.1697427223407
11,2,15,15500,15230.517518385492,269.4824816145083
11,20,14,16742,15499.709657652988,1242.2903423470125
2,23,15,14532,14616.902530836263,84.9025308362634
12,22,10,17633,15874.240340975715,1758.7596590242847
3,1,10,17107,15786.748421815111,1320.2515781848888
11,28,23,17534,15553.903174333793,1980.0968256662072
12,4,19,18071,15111.49350227956,2959.50649772044
12,20,11,18009,16121.73968793947,1887.2603120605309
1,27,23,18393,15414.118667865852,2978.8813321341477
9,30,22,14170,14992.578942912298,822.5789429122979
8,15,20,18119,16350.68134873993,1768.3186512600696
9,5,19,16871,16402.423789216205,468.5762107837945
7,2,3,12177,14458.731166160895,2281.7311661608946
12,30,19,16758,15034.825090729948,1723.174909270052
1,24,7,16110,14592.708379264317,1517.291620735683
12,21,23,15819,15479.366467234953,339.63353276504677
3,7,17,18412,16240.567482446651,2171.4325175533486
5,16,9,14496,14496.100136617762,0.10013661776247318
4,28,14,14672,14278.230658063558,393.7693419364423
2,25,0,15963,14666.319489645595,1296.6805103544048
2,24,18,17348,15602.104597056392,1745.8954029436081
5,4,8,15150,14972.908793220182,177.0912067798181
4,19,14,14854,15505.04463155008,651.0446315500794
7,13,13,19593,19860.766123179474,267.76612317947365
3,20,23,14476,15194.81723543011,718.8172354301096
6,6,3,11659,11819.084598023339,160.0845980233389
10,2,7,12675,13608.48480221779,933.4848022177903
2,11,14,17734,15539.119725673967,2194.880274326033
12,17,14,18017,15968.119736931621,2048.8802630683786
5,14,4,11312,12359.524494009118,1047.524494009118
4,15,20,15775,15550.077268029629,224.9227319703714
10,13,0,11652,11808.586687561794,156.58668756179395
10,31,17,16991,16459.35493584236,531.6450641576412
8,20,23,16253,16798.258494718186,545.2584947181858
11,19,10,17461,15319.445425201795,2141.554574798205
12,2,10,16747,15853.723630785533,893.2763692144672
4,4,22,15754,16158.399125379517,404.3991253795175
12,8,18,17845,15093.077461641622,2751.922538358378
10,1,13,16066,15667.731897048314,398.26810295168616
8,10,20,22804,19817.89717696117,2986.1028230388292
4,12,19,16210,15374.178794214173,835.8212057858273
5,17,22,14261,14831.843403268771,570.843403268771
5,18,4,12035,13451.613428819088,1416.6134288190879
4,3,12,14580,14660.881968132191,80.8819681321911
3,27,21,17998,15710.1804342426,2287.8195657573997
10,14,14,13118,14207.249779859874,1089.2497798598743
2,25,9,17303,15689.35693375937,1613.6430662406292
9,23,23,13662,14613.395819471185,951.395819471185
6,27,16,19592,15092.08559769732,4499.91440230268
4,4,13,15847,15576.559733582482,270.4402664175177
10,31,4,12338,13516.551206135213,1178.5512061352129
1,26,6,14694,15007.41194226843,313.4119422684307
8,1,7,14556,13721.84095383554,834.1590461644591
10,15,17,16630,16343.404174597219,286.595825402781
3,25,7,16143,14787.503857980588,1355.4961420194122
7,28,17,16941,15678.956044048802,1262.0439559511979
9,4,2,14231,14589.871052860017,358.8710528600168
3,5,19,17733,15479.900716662522,2253.0992833374785
4,13,3,13575,13730.332722840867,155.33272284086706
5,2,19,15749,15547.705902172638,201.29409782736184
11,28,12,17321,15955.129036187082,1365.8709638129185
4,30,0,12494,14118.566769414496,1624.5667694144959
5,4,7,14799,13400.2197964677,1398.7802035323002
9,11,5,13121,13402.35497416033,281.3549741603292
12,16,12,18120,15296.882177421174,2823.1178225788262
5,24,9,13705,12682.09632295538,1022.90367704462
5,1,1,12208,13536.716245715998,1328.7162457159975
2,20,17,18449,16458.06603849149,1990.9339615085082
10,12,19,16289,16179.55277932873,109.44722067127077
1,7,20,19944,15531.05335959035,4412.946640409649
9,11,4,12850,13762.133391597097,912.1333915970972
10,9,21,16483,14859.390987729957,1623.6090122700425
9,27,17,15438,15165.773509455672,272.22649054432804
5,27,13,14694,14780.129106357132,86.1291063571316
4,7,17,17049,15064.839439462312,1984.160560537688
4,19,2,10809,11709.09251492488,900.0925149248797
5,9,20,15927,15513.3129531417,413.68704685830016
10,13,18,13465,13416.398275649084,48.6017243509159
10,25,10,15922,15349.14705629877,572.8529437012294
11,18,16,15906,14689.495726226454,1216.5042737735457
12,29,2,13709,14754.665367707457,1045.6653677074573
2,17,0,16552,15291.420638453621,1260.579361546379
9,28,22,15591,16496.854848881077,905.8548488810775
1,15,13,18840,16386.883609295186,2453.116390704814
12,10,20,17485,15278.152379237967,2206.8476207620333
6,14,2,12106,12404.12213351718,298.12213351717946
9,10,4,13014,13229.764266856848,215.76426685684783
1,12,10,18556,16238.662446705595,2317.3375532944046
2,1,22,17991,15844.166177064853,2146.8338229351466
5,3,19,15819,15691.570626340372,127.42937365962825
12,24,12,16582,16198.958101175987,383.0418988240126
10,29,9,16180,15408.50181292723,771.4981870727697
6,25,16,20126,16838.71295070004,3287.287049299961
3,19,11,15535,15587.622867483917,52.62286748391671
12,24,6,13432,14717.673674863587,1285.6736748635867
5,21,7,14509,13309.674565891863,1199.3254341081374
4,14,10,14363,14458.696336539666,95.69633653966594
6,6,12,14836,15026.302303118408,190.3023031184075
10,25,0,12665,12459.978829783067,205.02117021693266
10,12,16,14371,13154.278989881805,1216.7210101181954
9,10,18,18709,18523.411610967174,185.58838903282594
10,19,9,14342,14327.122156281603,14.877843718397344
12,6,15,15597,14657.897756287595,939.1022437124047
8,21,16,18917,17183.908129275722,1733.0918707242781
11,13,12,12837,12636.758046763778,200.2419532362219
6,9,22,14961,15161.825365201787,200.82536520178655
10,31,14,15077,15108.035705964732,31.035705964732188
9,8,8,15437,15513.530776912668,76.53077691266844
3,29,9,14766,14808.145560671512,42.1455606715117
2,24,8,18267,15687.30814268375,2579.6918573162493
7,14,20,20408,19711.637933305297,696.3620666947027
9,20,21,16885,16278.252786804922,606.7472131950781
6,23,8,16727,16422.256827655452,304.74317234454793
12,29,13,16375,16134.180210518563,240.8197894814366
3,25,18,15282,14607.758276463503,674.2417235364974
2,5,20,17753,15017.245190344773,2735.7548096552273
10,6,18,15075,14706.272333768742,368.7276662312579
6,29,8,15226,15691.93273873597,465.9327387359699
9,18,3,11933,12671.771245375898,738.7712453758977
3,16,4,13847,14434.486682924724,587.4866829247239
5,12,8,14610,14836.073715210197,226.0737152101974
4,11,6,14983,14477.093852694381,505.906147305619
1,13,7,16306,15289.711703218954,1016.2882967810456
10,23,15,14547,14847.072087549772,300.0720875497718
2,27,13,19364,15600.068025348195,3763.931974651805
12,23,17,19948,16057.878851744836,3890.1211482551644
9,14,11,16356,16202.080569631582,153.91943036841803
9,5,6,13781,13081.951136121765,699.0488638782354
5,24,5,12458,12601.740421409633,143.7404214096332
10,17,15,13294,13985.631093385153,691.6310933851528
1,6,8,13748,13614.266988838172,133.73301116182847
3,27,12,16869,16013.313630161492,855.6863698385077
7,29,15,21785,19282.190543458357,2502.809456541643
4,1,8,13857,13870.28488025446,13.284880254459495
5,31,18,18400,16866.055561140303,1533.9444388596967
9,6,17,16023,15049.926622187495,973.073377812505
5,10,6,11338,13762.113035256087,2424.1130352560867
11,12,17,16020,15426.736763444153,593.2632365558475
8,6,0,13499,13303.432678975685,195.56732102431488
9,13,17,18695,19903.952503612978,1208.952503612978
10,12,1,12114,14187.605977799583,2073.6059777995833
9,4,20,18306,17265.217759326075,1040.7822406739251
3,2,0,16447,15172.837240521289,1274.1627594787115
1,12,11,18432,16803.010141657538,1628.989858342462
1,29,19,20239,15821.618663801075,4417.381336198925
2,7,19,19201,15383.471908029642,3817.528091970358
11,9,6,13571,13638.67399250256,67.67399250255949
10,12,23,13551,15202.983250492824,1651.9832504928236
12,23,22,17909,15528.542556629583,2380.4574433704165
12,11,15,15687,14341.64055940482,1345.3594405951808
11,24,8,15995,15077.315181189539,917.6848188104614
3,1,18,18183,16153.382417702865,2029.6175822971345
9,24,8,14616,14998.71464039507,382.7146403950701
2,8,3,14776,15117.96273497815,341.96273497814946
10,28,9,14967,15407.52525186285,440.5252518628495
8,10,5,12876,12542.063778206813,333.93622179318663
10,31,5,12566,13069.864005210979,503.8640052109786
5,23,21,14578,14215.077360696754,362.9226393032459
5,24,18,15093,15092.900005489144,0.0999945108560496
11,13,18,18696,15580.821157720375,3115.1788422796253
10,29,7,13039,12988.014775446834,50.98522455316561
10,11,9,16150,16075.241106005145,74.75889399485459
5,29,21,16673,15395.004906157015,1277.9950938429847
1,18,15,18150,15739.245238508494,2410.7547614915056
1,4,17,19035,16150.691496312296,2884.3085036877037
8,23,0,14358,13698.33211744985,659.6678825501494
11,17,9,16767,16045.438006604882,721.5619933951184
12,3,16,17677,15663.354397695843,2013.6456023041574
10,9,12,14067,14533.296684306377,466.29668430637685
6,4,22,15946,16384.19206269561,438.1920626956089
10,21,20,17282,15474.540481707976,1807.4595182920239
5,1,7,11751,14583.186177490012,2832.1861774900117
2,2,14,17550,15062.787310371354,2487.2126896286463
6,22,3,14266,16171.657133005629,1905.6571330056286
9,4,19,20260,20137.110466260114,122.88953373988625
12,1,3,13728,14261.093069899222,533.0930698992215
7,4,15,16145,16105.098015020834,39.90198497916572
7,18,2,14164,14044.346447420714,119.65355257928604
1,9,13,16432,14221.870817960656,2210.1291820393435
1,31,11,18893,15758.049729220482,3134.950270779518
12,12,15,17422,16650.480588644947,771.5194113550533
9,15,20,19466,19165.089870936234,300.91012906376636
6,8,14,15399,14778.313723870058,620.6862761299417
5,7,3,12005,12940.456689973636,935.4566899736365
8,20,14,19367,19367.099770740868,0.09977074086782522
7,26,13,18069,17979.28094228134,89.71905771865931
5,4,11,14937,15138.975045699328,201.9750456993279
12,12,17,18828,16037.02880082243,2790.9711991775694
3,7,2,15376,14351.138831854763,1024.8611681452367
11,28,23,16662,15720.523247157715,941.4767528422854
10,31,1,12303,14141.090557968562,1838.0905579685623
10,26,22,13089,14538.223101462323,1449.223101462323
12,4,22,16381,14958.891761517953,1422.1082384820475
2,21,2,14207,14866.1432195053,659.1432195053003
12,24,12,16489,16361.718750778833,127.28124922116695
11,8,23,14028,14454.578075581829,426.57807558182867
11,22,10,14782,14630.814712217916,151.18528778208383
5,3,21,12809,14226.746973393698,1417.7469733936978
11,27,19,19246,15494.726138265625,3751.273861734375
6,13,10,14074,13215.242830951873,858.7571690481273
2,12,5,13925,13907.748475542321,17.251524457678897
10,12,12,13642,13329.142651708253,312.85734829174726
3,31,20,16265,15234.038502838224,1030.9614971617757
10,29,11,14399,13201.026167020627,1197.9738329793727
1,24,22,18260,15692.045828912238,2567.954171087762
7,11,4,14347,15546.259298757048,1199.2592987570479
7,26,23,17669,17445.419753157457,223.5802468425427
6,30,6,13790,14664.259503581728,874.2595035817285
3,14,8,13738,13782.833047549482,44.83304754948222
3,23,4,14627,14998.510352590396,371.510352590396
5,18,10,11534,14939.966711366034,3405.9667113660344
4,26,10,16298,15945.954458880564,352.04554111943617
9,27,6,13313,13248.496336849637,64.50366315036263
9,17,0,12594,13083.623052788718,489.62305278871827
9,20,20,19393,19382.269376755547,10.730623244453454
11,22,1,14867,13991.21116115075,875.7888388492502
12,25,18,15750,14757.778048016347,992.2219519836526
6,8,16,16252,16657.630426149404,405.63042614940423
5,16,12,14285,14166.81070096407,118.18929903593016
11,6,10,15351,15121.812985265016,229.18701473498368
2,18,1,17109,15161.901636857925,1947.098363142075
9,29,18,14975,14866.260406666346,108.73959333365383
6,14,8,14209,14142.913218930724,66.08678106927619
3,3,11,16330,15666.843698194341,663.1563018056586
2,20,14,14765,13537.967358180827,1227.0326418191726
12,30,2,12804,12657.626950565013,146.37304943498748
12,10,20,17638,16048.545943614527,1589.4540563854735
8,4,9,16399,16409.286457318973,10.28645731897268
1,17,17,18570,16284.600322057913,2285.399677942087
12,12,1,15272,14652.711854172736,619.2881458272641
7,19,22,17451,17697.832658029038,246.8326580290377
2,3,19,18257,15629.273661301817,2627.726338698183
3,23,1,12408,13785.023686722921,1377.0236867229214
6,1,21,14527,15272.141458160217,745.1414581602166
11,27,20,16755,14832.129834068493,1922.8701659315066
8,8,4,12094,12261.631362027878,167.6313620278779
4,27,12,13806,14528.910257950545,722.9102579505452
9,30,14,13904,14841.370312118814,937.3703121188137
11,6,18,18071,15952.290892071705,2118.7091079282945
4,3,11,13450,14942.554105403504,1492.5541054035039
6,20,16,14641,15159.17843062698,518.1784306269801
2,13,10,17883,15918.197851625888,1964.8021483741122
4,18,19,15807,15516.556330953485,290.4436690465154
9,28,4,11839,12727.843827454955,888.8438274549553
3,27,5,13323,13667.81006186445,344.8100618644494
10,20,12,16112,15824.902681727242,287.09731827275755
12,12,4,12173,12061.46607298845,111.53392701154917
11,12,19,17463,14978.800518293621,2484.1994817063787
11,9,19,16233,14392.227153292093,1840.7728467079069
1,28,6,13718,13587.884499802753,130.11550019724746
3,5,9,15761,14611.963665434252,1149.036334565748
2,10,9,18272,15724.817426456724,2547.182573543276
2,12,14,19043,15434.463533356444,3608.536466643556
3,16,6,15655,14831.042379972618,823.9576200273823
8,5,7,13182,13169.063468965585,12.936531034414656
4,24,10,15615,14879.511353227064,735.4886467729357
1,14,1,14611,14231.111520717956,379.8884792820445
11,5,22,13390,14774.849018335672,1384.8490183356716
4,27,12,14238,13685.28595364965,552.7140463503492
1,19,11,18978,16052.722978693972,2925.2770213060285
1,11,7,16679,15489.124972994525,1189.8750270054752
4,9,4,12373,14502.335178330726,2129.335178330726
4,21,12,13163,13658.668311859974,495.668311859974
8,30,17,15715,15090.480612112238,624.5193878877617
11,16,18,18193,15131.092049081493,3061.9079509185067
12,27,22,16432,14946.114367679107,1485.885632320893
9,13,21,14838,14068.348922457055,769.6510775429451
2,21,17,17194,15429.173044600704,1764.826955399296
3,29,2,12935,13022.242085181872,87.24208518187152
5,9,15,14646,14800.505876595955,154.50587659595476
5,9,12,14337,14348.814469211711,11.814469211711184
9,17,13,18214,18480.53328758253,266.53328758252974
3,27,2,13834,14195.729243118065,361.7292431180649
3,23,1,14543,14764.542499438168,221.5424994381683
2,4,2,13402,13873.188463995839,471.1884639958389
12,16,0,14968,12674.069084500221,2293.930915499779
5,14,10,12527,12161.326238418176,365.6737615818238
6,24,14,17759,17983.590437371968,224.5904373719677
9,20,21,17590,17363.81846382356,226.18153617643839
5,13,7,13697,13294.169282590872,402.83071740912783
12,10,0,15620,14577.15307777932,1042.8469222206804
11,28,5,14674,15092.50026360236,418.50026360236006
3,27,17,14697,14708.578749343122,11.578749343121672
11,26,16,17491,16093.62846424106,1397.3715357589408
5,5,12,11933,13655.885642505702,1722.885642505702
12,18,8,17709,16172.931116982949,1536.0688830170511
12,5,0,16476,14698.16531289876,1777.83468710124
2,4,12,16802,15631.952744865064,1170.0472551349358
10,3,0,14068,13871.676263107081,196.32373689291853
2,5,14,16780,16307.895836074336,472.10416392566367
6,13,16,12088,13133.907326818658,1045.9073268186585
8,10,20,15702,15301.585461249197,400.41453875080333
4,2,3,13147,14324.182276193776,1177.1822761937765
8,18,5,13444,14217.293272065694,773.2932720656936
10,1,7,14751,13551.069907269864,1199.9300927301356
9,26,4,12240,13529.502576365958,1289.5025763659578
6,11,9,15669,15087.443002576487,581.5569974235132
11,7,19,18011,15997.021253853034,2013.978746146966
9,28,13,15551,15360.068455220104,190.93154477989629
8,28,1,14094,13265.990750514038,828.0092494859618
1,2,3,12724,14607.733885283911,1883.7338852839111
2,26,20,16761,14810.43253916489,1950.5674608351092
8,13,1,16642,16289.05401008091,352.9459899190897
10,19,10,15613,15435.285189035938,177.71481096406205
12,9,22,16954,15451.803591786249,1502.196408213751
7,28,13,17932,18754.735163331003,822.7351633310027
4,16,3,13700,14839.000669951236,1139.000669951236
1,3,22,17725,16125.731718371575,1599.268281628425
1,30,7,17314,15377.50522818843,1936.494771811571
11,5,10,13882,13228.078969928436,653.921030071564
1,2,23,15439,15064.57818326959,374.4218167304098
11,8,8,15480,14933.976943917076,546.0230560829241
6,7,13,14818,15098.848292118284,280.848292118284
6,1,23,13729,14900.623031809437,1171.6230318094367
10,13,23,13360,14458.361228041185,1098.3612280411853
2,3,0,15851,14318.543081239726,1532.4569187602738
11,8,13,14126,14908.343698648281,782.3436986482811
4,14,23,14621,15788.543533778662,1167.543533778662
3,27,4,13036,14344.662687764634,1308.662687764634
9,10,2,12694,12611.37980336518,82.62019663481988
9,1,4,12582,13370.990142744799,788.9901427447985
1,17,20,18382,16088.385934134732,2293.6140658652675
2,25,23,17123,15832.504695720223,1290.495304279777
12,21,23,17323,15813.984708935775,1509.0152910642246
1,29,17,18189,16123.684134006871,2065.3158659931287
9,26,12,20404,18661.136055718132,1742.8639442818676
7,30,3,15645,15067.706115164106,577.2938848358936
5,26,0,14407,15116.342425100027,709.342425100027
9,11,9,14244,14541.812329031873,297.81232903187265
7,6,8,12958,12756.268702874455,201.7312971255451
8,12,12,17207,17892.318341750786,685.3183417507862
12,31,15,15614,15849.206152798435,235.20615279843514
1,31,14,18395,15623.72175903727,2771.2782409627307
8,18,7,14496,13055.176467542566,1440.8235324574343
11,18,0,14493,14141.579079063362,351.42092093663814
3,3,14,15625,14957.007994122929,667.9920058770713
5,18,12,16308,16432.348128879847,124.34812887984663
7,2,18,17681,17219.091592149765,461.90840785023465
11,24,23,15895,15943.944494005938,48.944494005938395
3,29,5,13634,14181.622175562636,547.6221755626357
12,15,15,15602,14681.823317263228,920.1766827367719
9,25,5,11238,11968.628663197387,730.6286631973871
1,26,12,17310,15634.740494276859,1675.259505723141
9,21,4,12458,12273.518694900722,184.48130509927796
2,23,11,13423,13915.761816565244,492.76181656524386
12,18,18,19768,15985.84456697201,3782.1554330279905
6,7,0,12284,12151.3829315771,132.61706842290005
11,3,12,14955,13440.006072285787,1514.993927714213
5,13,16,12392,13642.655162594992,1250.6551625949924
7,11,4,13645,14149.942351738973,504.94235173897323
8,19,17,15607,15629.537574459317,22.537574459316602
7,8,8,15282,15157.948680695788,124.05131930421157
9,7,0,11668,13843.398839716529,2175.3988397165285
6,21,17,16947,16911.288980324724,35.711019675276475
6,12,7,13949,12705.579799483798,1243.4202005162024
8,25,3,14413,15674.068090563047,1261.068090563047
7,23,7,15872,14924.061469516608,947.9385304833922
1,15,6,16788,15104.29171482449,1683.7082851755094
11,30,6,14850,14443.45543711478,406.5445628852194
7,16,9,18083,18111.568628138433,28.56862813843327
12,12,5,15354,14999.008687349207,354.9913126507927
6,26,14,19009,19008.900192390603,0.099807609396521
8,8,22,16204,16107.243408129496,96.75659187050405
2,27,20,16866,15501.908847277104,1364.0911527228964
9,17,6,12384,12865.35877940484,481.3587794048399
4,8,16,13034,14953.997241493631,1919.997241493631
1,9,12,17618,15751.266596429328,1866.7334035706717
9,1,14,17342,18290.624263617992,948.6242636179923
4,19,19,14065,14586.148068339633,521.148068339633
6,9,5,11353,11666.173497215173,313.1734972151735
4,29,2,12252,12992.19584879661,740.1958487966094
4,5,15,15242,14415.200772951488,826.799227048512
2,3,6,13992,14512.95670226945,520.95670226945
3,18,8,17257,16203.362507815702,1053.637492184298
7,3,9,12928,13102.975244606412,174.97524460641216
4,18,22,15240,16276.00259975112,1036.0025997511202
9,25,0,11823,11571.279339076224,251.72066092377645
1,16,19,20483,15482.311751441432,5000.688248558568
1,22,10,17959,15158.139979752219,2800.860020247781
2,8,8,17108,15817.943018471928,1290.0569815280724
8,18,19,16045,15654.102687479764,390.8973125202356
3,22,19,16373,14869.151143680323,1503.848856319677
9,27,12,14681,14739.690786434116,58.69078643411558
5,13,12,12747,14655.738768718478,1908.7387687184782
4,15,10,15538,15611.863289261155,73.86328926115493
7,11,20,19811,18997.516248338605,813.4837516613952
9,25,0,13557,12728.415618864632,828.584381135368
4,24,21,14231,15248.443827478173,1017.4438274781733
11,21,23,16386,16046.836526773115,339.1634732268849
3,2,11,16518,15864.777662321554,653.2223376784459
6,27,20,17713,17479.1245062854,233.87549371460045
12,14,20,17635,15053.669141291328,2581.330858708672
1,15,7,16555,15013.171944785257,1541.8280552147426
1,26,6,15656,15136.641420698621,519.358579301379
3,17,4,12905,13244.873751644162,339.87375164416153
1,24,19,19251,15869.24263472709,3381.7573652729097
3,11,17,16803,15396.561903321523,1406.4380966784775
11,8,4,13772,14270.629592900497,498.6295929004973
5,22,23,13188,14405.554466679352,1217.5544666793521
6,19,18,19885,18268.161585443006,1616.8384145569944
12,1,18,19406,15330.938266575911,4075.0617334240887
2,3,11,19387,16160.987276164777,3226.0127238352234
8,12,0,18510,17122.766538418444,1387.2334615815562
11,4,17,15621,14464.4100259841,1156.5899740159002
2,5,2,14317,14573.69764328121,256.6976432812098
1,16,3,15126,14710.381892451482,415.6181075485183
8,1,3,12987,13097.804782418656,110.80478241865603
10,23,13,13649,14142.535081873642,493.5350818736424
2,7,19,19435,15624.504685734966,3810.495314265034
5,13,14,13710,13363.694623515503,346.3053764844972
12,17,10,18559,16052.11224037231,2506.8877596276907
10,4,2,11663,13839.336255703836,2176.3362557038363
12,5,4,15123,14742.25305099086,380.74694900914074
1,19,15,19682,15960.908620588696,3721.091379411304
4,21,21,15395,15325.084887873756,69.91511212624391
3,29,14,14267,14656.378624311474,389.3786243114737
2,16,17,18851,15088.447349224318,3762.552650775682
5,8,0,12316,12346.063358310568,30.06335831056822
2,15,16,16718,15206.30532903351,1511.6946709664899
6,7,9,14679,14678.89962223481,0.10037776518947794
5,13,2,12154,13443.520807647317,1289.5208076473173
11,11,18,17171,16077.551710145977,1093.4482898540227
6,1,7,14452,12240.791924786343,2211.208075213657
8,2,17,15985,17393.20464653426,1408.204646534261
8,15,2,13782,13690.855849722715,91.14415027728501
7,7,10,20345,19206.21893647003,1138.7810635299684
12,10,22,18537,15669.19847064445,2867.801529355551
8,22,13,17232,16886.502482502478,345.4975174975225
10,15,2,12126,11874.6172197274,251.38278027259912
1,1,18,17232,15089.933255470292,2142.0667445297076
2,28,14,15227,14987.100423127058,239.8995768729419
3,5,9,15715,14754.486378963482,960.5136210365181
8,23,8,14943,15302.632678286242,359.63267828624157
9,9,5,15393,15533.471193890102,140.47119389010186
10,1,17,13977,13444.468293580427,532.5317064195733
8,22,5,11890,11195.892972662645,694.1070273373552
11,17,20,17318,15165.798355238834,2152.201644761166
1,27,19,20296,15720.263476214248,4575.736523785752
10,20,17,15091,13910.086924704407,1180.9130752955934
2,9,5,15562,15237.36234134531,324.6376586546903
8,4,2,15033,15033.10011170185,0.10011170184952789
10,16,19,16838,16063.358244095754,774.6417559042457
11,11,3,12282,13162.536131141464,880.5361311414636
1,19,18,18944,15879.014415641992,3064.985584358008
3,14,17,16745,14988.670779244756,1756.329220755244
12,27,5,12505,13748.157435717989,1243.1574357179888
3,6,23,15321,15765.415944618902,444.41594461890236
10,6,20,15338,15240.623456319168,97.37654368083167
8,25,17,22360,18717.07608101443,3642.923918985569
8,23,13,19652,17877.022860952162,1774.9771390478381
4,1,0,13808,13714.859371287554,93.14062871244641
12,5,3,12642,13468.24557682613,826.2455768261298
6,26,22,17145,16966.53335558569,178.4666444143113
6,11,10,14389,14619.792204694966,230.79220469496613
12,10,22,17185,15154.065512356146,2030.9344876438536
10,30,17,16943,15472.885788853402,1470.1142111465979
2,2,4,13701,14647.136757382508,946.1367573825082
7,21,13,17965,18034.124293622135,69.12429362213516
11,19,14,16658,15592.001629712237,1065.9983702877635
4,27,11,12451,14394.346320064617,1943.3463200646165
9,25,6,13442,13071.595425495798,370.4045745042022
6,25,19,19822,17713.798341224003,2108.201658775997
2,15,7,16816,15194.777193553486,1621.2228064465144
6,18,10,13469,13475.153955279178,6.153955279178263
7,27,2,13872,13144.535836612104,727.4641633878964
3,25,6,14849,14164.972150572701,684.0278494272989
1,15,6,16518,15330.824108549654,1187.1758914503462
12,30,7,14160,13838.611753020072,321.3882469799282
7,29,9,15357,15308.282061023296,48.71793897670432
9,11,18,16109,15256.898358541857,852.1016414581427
8,14,18,21686,17698.21678670911,3987.7832132908916
9,16,7,14642,14353.153713636453,288.8462863635468
12,14,0,15431,14087.374526618076,1343.6254733819242
11,5,2,13097,14659.44942418329,1562.4494241832908
9,13,22,15186,15680.519378003015,494.51937800301494
5,27,1,11990,13186.536657147512,1196.5366571475115
12,17,14,17740,15803.445266117087,1936.5547338829128
8,15,0,14224,13422.00191948032,801.9980805196792
10,16,23,12437,13924.276965410558,1487.2769654105578
5,19,17,14206,14205.89990705044,0.10009294956034864
12,16,3,14638,15007.472884246921,369.47288424692124
10,22,13,13510,13411.407304239843,98.59269576015686
8,9,23,17090,17434.845267048742,344.84526704874224
1,27,9,19097,15817.241896704825,3279.758103295175
7,4,6,12952,12912.139458502717,39.86054149728261
7,12,0,14538,13919.291223748369,618.7087762516312
1,16,8,18238,15669.622714756266,2568.377285243734
1,4,8,14563,14779.02226484672,216.02226484672065
8,13,20,20793,20327.509629455017,465.4903705449833
8,21,1,13222,13405.516960126675,183.51696012667526
6,17,11,18029,17209.348651081822,819.651348918178
10,1,13,14220,15401.036138408863,1181.0361384088628
4,19,3,11408,12668.230124447942,1260.2301244479422
9,24,23,13392,14454.055856049894,1062.055856049894
4,3,17,16571,15277.750563689187,1293.2494363108126
8,17,17,20966,19283.566572828095,1682.4334271719054
9,30,15,15121,15769.926410315224,648.9264103152236
12,10,5,14069,14259.023273501974,190.02327350197447
12,28,15,18127,15346.976497758304,2780.0235022416964
10,14,2,12030,13184.34536097178,1154.3453609717799
3,20,14,15024,15307.27470078561,283.27470078561055
3,20,16,15207,15226.737757635208,19.737757635208254
3,16,13,14754,14739.04977085863,14.950229141370073
3,9,18,16490,14450.812336270781,2039.187663729219
7,31,10,17190,16466.446827276166,723.553172723834
5,14,0,12288,12117.986301464698,170.01369853530196
8,11,20,17911,18060.616300801696,149.61630080169562
6,12,19,16247,15880.437390800182,366.5626091998183
8,5,23,18233,18311.863305445124,78.86330544512384
7,22,22,16546,16469.345518323484,76.6544816765163
3,25,6,15463,14979.005476980277,483.9945230197227
7,10,23,16434,16935.94226340102,501.94226340101886
6,9,12,17438,16933.918343929716,504.0816560702842
11,28,6,14258,14639.693225887277,381.69322588727664
9,7,13,14096,13357.367803833835,738.6321961661652
9,22,23,13349,15293.729583090802,1944.7295830908024
7,18,20,16782,17177.127387827473,395.1273878274733
2,11,2,15769,15259.180197092908,509.8198029070918
4,3,16,16661,16118.441957860548,542.5580421394516
4,16,10,13318,15408.095199594316,2090.095199594316
12,31,5,12433,13889.279348850601,1456.2793488506013
12,4,4,13966,14396.795138344585,430.7951383445852
8,31,23,17026,16205.619941194618,820.3800588053819
12,27,6,13652,15087.34154912235,1435.3415491223495
3,23,5,12788,14328.319041460794,1540.3190414607943
9,3,15,16176,16078.068644095176,97.93135590482416
3,9,20,18124,15783.578198133275,2340.421801866725
12,14,17,18710,16537.825566579242,2172.174433420758
9,30,8,14326,14944.615155362182,618.6151553621821
11,16,13,16284,15081.764629527264,1202.2353704727357
7,14,22,17751,17761.585812078618,10.585812078617892
4,4,9,15908,16215.195718318591,307.1957183185914
5,24,14,15699,15961.929760032912,262.9297600329119
7,6,3,12372,12829.39402623769,457.3940262376891
10,21,9,15713,15676.903761614996,36.096238385003744
7,4,23,16205,15912.252509470876,292.74749052912375
7,7,10,14405,14243.457508186884,161.5424918131157
4,23,10,14064,14418.282509157263,354.2825091572631
6,18,13,15859,16339.307871147572,480.30787114757186
6,21,20,17235,16775.380557098782,459.61944290121755
4,6,6,14153,13368.228345433738,784.7716545662624
2,16,4,14852,15200.102316584218,348.102316584218
10,21,21,14521,15237.334833627181,716.3348336271811
7,5,6,13246,13650.970135971185,404.9701359711853
5,13,18,17595,17657.98974521983,62.98974521983109
1,2,6,13574,14853.640411227743,1279.6404112277432
8,12,1,13345,12992.311897587613,352.6881024123868
10,20,23,13204,15105.76089347666,1901.7608934766595
7,9,11,16299,15593.784506376536,705.2154936234638
8,6,23,18675,18500.672425409575,174.32757459042477
9,9,17,16782,16531.182907419086,250.8170925809136
3,31,5,14678,14101.119771756788,576.8802282432116
12,26,16,16234,15037.95210287655,1196.0478971234497
8,24,20,20576,18143.888412909746,2432.111587090254
11,8,23,15714,15512.960413913308,201.039586086692
4,10,22,15432,15316.028004106063,115.97199589393676
12,20,2,13874,14153.67301238836,279.6730123883608
7,23,5,12388,13859.170952259847,1471.1709522598467
8,29,20,21395,15088.222529190654,6306.777470809346
6,4,5,11221,12262.052341015036,1041.0523410150363
1,4,1,13670,13152.906781992358,517.0932180076416
2,15,8,16910,16098.04843962131,811.9515603786895
3,7,14,15680,14610.430346411576,1069.5696535884235
9,25,9,14792,15145.60403048076,353.6040304807593
3,22,10,16318,15723.443834992624,594.556165007376
6,19,17,18457,17561.530913414434,895.4690865855664
9,23,16,15948,15271.355754535021,676.6442454649787
11,10,2,12273,14687.786234680776,2414.786234680776
12,31,11,16394,15550.768212232078,843.2317877679216
7,23,22,17516,17656.64853776977,140.6485377697718
2,3,17,17908,15193.348428778929,2714.651571221071
2,15,12,17891,15737.485828321085,2153.514171678915
3,23,20,15850,15004.45644612526,845.5435538747406
5,12,23,13095,15903.507230002864,2808.507230002864
10,29,1,12189,12111.636426367644,77.36357363235584
12,10,20,18148,15074.918243757673,3073.081756242327
12,13,22,16892,15907.088863221865,984.9111367781352
1,26,10,20156,15104.896499301496,5051.103500698504
10,2,19,17430,15766.682496975038,1663.3175030249622
4,27,5,11873,12902.772198752007,1029.7721987520072
5,10,13,13785,14481.181833024488,696.1818330244878
8,10,6,14081,14704.689867691406,623.6898676914061
9,3,10,13517,12781.4397959241,735.5602040759004
4,13,8,15250,14660.52494472797,589.4750552720307
9,13,12,14481,14475.45053125336,5.549468746639832
10,17,6,13521,14443.336962327905,922.336962327905
4,7,12,15460,15491.100199260032,31.10019926003224
4,23,11,13596,15240.080328094806,1644.0803280948057
8,29,17,17754,17343.078727974498,410.9212720255018
8,17,0,14997,15078.253408725017,81.25340872501693
10,12,0,12363,13908.768632562556,1545.7686325625564
6,9,15,14274,14277.289341141073,3.289341141073237
11,19,22,16245,15257.03477869657,987.9652213034296
10,1,3,11443,12484.05121710646,1041.0512171064602
5,1,14,12132,13838.703567361288,1706.7035673612882
1,15,6,13879,14654.188609255405,775.188609255405
7,5,1,16542,16151.36565184902,390.63434815097935
11,10,21,15297,14984.680428832338,312.3195711676617
9,26,5,10572,11850.887833678531,1278.887833678531
2,16,0,14604,12797.86394243673,1806.1360575632698
10,10,0,13217,13309.867624948736,92.86762494873619
3,14,12,17037,15878.917016794088,1158.0829832059117
4,28,11,14368,14906.880187427905,538.8801874279052
7,24,18,21112,19352.7833253286,1759.2166746713992
3,6,16,16294,15963.266938035595,330.73306196440535
3,27,15,12960,15152.495573189555,2192.495573189555
10,23,12,15200,14333.349909930399,866.650090069601
4,2,2,13618,15046.108561737045,1428.1085617370445
9,17,13,15201,15204.46766061472,3.467660614720444
10,4,20,16688,15241.601746637367,1446.398253362633
2,5,13,18110,15933.008031562156,2176.9919684378438
2,8,11,17938,15121.63375660791,2816.366243392091
12,14,7,13546,13169.196904889071,376.80309511092855
4,16,2,11613,12794.741455595615,1181.7414555956148
4,1,5,12708,13272.537685141613,564.5376851416131
7,8,15,14811,15301.1551068354,490.15510683540015
5,27,10,17783,18389.795496764404,606.7954967644037
6,9,6,13589,13130.427121434477,458.57287856552284
1,2,22,17361,16331.791397707533,1029.2086022924668
4,23,11,15847,15594.86737480521,252.1326251947903
6,6,18,16399,15987.128434655446,411.87156534455426
11,30,8,16979,16247.693005647561,731.3069943524388
8,24,2,12980,13237.07530484509,257.0753048450897
7,20,15,18189,18293.860954944015,104.86095494401525
7,13,16,17921,17921.099990881696,0.09999088169570314
12,31,3,13108,13600.455700148623,492.4557001486228
9,3,8,15543,14542.345500308755,1000.6544996912453
3,24,6,13495,13858.37869640093,363.3786964009305
11,3,5,13472,13198.106304548459,273.89369545154113
2,20,4,14557,14955.168661524585,398.16866152458533
11,28,3,14767,14916.776929037873,149.77692903787283
10,22,5,12266,12608.139564859532,342.1395648595317
1,14,19,18766,15897.831561238996,2868.168438761004
11,19,15,17118,15661.646547047249,1456.3534529527515
5,27,1,11800,11330.290351112342,469.70964888765775
4,16,17,14429,15251.52584360246,822.5258436024596
11,9,22,16571,15563.991104471916,1007.0088955280844
1,16,9,18604,16232.856484347281,2371.1435156527186
9,1,23,17378,16620.799460467562,757.2005395324377
6,17,14,14460,15795.16653570931,1335.1665357093098
3,28,8,16743,15574.104166965368,1168.8958330346322
7,27,5,12892,13088.142780763574,196.14278076357368
10,25,0,13571,13150.401661149013,420.5983388509867
2,25,6,12412,14026.383413658798,1614.3834136587975
7,9,15,16844,16352.665419465728,491.3345805342724
11,16,3,12381,12534.536064018572,153.53606401857178
12,9,23,16866,15989.81056121553,876.1894387844695
6,19,7,11509,12740.56545497089,1231.5654549708906
12,14,1,14457,13226.84690041195,1230.1530995880494
2,16,1,15618,14732.754631581862,885.2453684181382
5,7,13,12504,13083.28234688259,579.28234688259
9,25,23,12016,13988.298442267267,1972.298442267267
8,5,20,19385,16637.629224874865,2747.370775125135
3,24,15,15913,15694.17223283138,218.82776716861918
2,3,15,18812,15800.827769508734,3011.1722304912655
11,26,20,17099,15582.611525442562,1516.3884745574378
2,4,7,16249,15222.245580152357,1026.7544198476426
10,1,21,16561,15043.708647564647,1517.2913524353535
3,1,12,16764,14909.548931796657,1854.4510682033433
12,23,5,13693,13820.092667040204,127.0926670402041
10,7,19,16968,16594.041138375935,373.9588616240653
10,14,16,17025,17133.00143596643,108.00143596643102
11,25,2,12137,12356.937137047425,219.9371370474255
3,7,8,16787,16340.950415929286,446.04958407071354
4,25,0,12546,13341.045719407164,795.0457194071641
3,2,16,17498,15223.524182907227,2274.4758170927726
11,24,17,17316,16236.210729411752,1079.7892705882477
9,28,1,12278,12780.293748436665,502.2937484366648
3,30,3,12210,12263.617843896245,53.617843896245176
12,2,11,16726,15592.821644340138,1133.178355659862
12,5,5,12545,13770.891843296631,1225.8918432966311
5,14,15,15690,15095.91961014559,594.0803898544109
7,17,23,17478,17368.173350355482,109.8266496445176
5,18,23,13468,14969.630345006115,1501.630345006115
4,8,7,15503,14300.92204050217,1202.0779594978303
2,10,22,17032,15801.73473124402,1230.2652687559803
11,16,9,16096,16274.452745607117,178.45274560711732
6,5,19,15062,15067.858697145655,5.858697145655242
8,4,21,18375,18358.62344365169,16.37655634831026
12,12,2,13118,13726.267563951302,608.2675639513018
11,16,0,12794,12825.328780052962,31.32878005296152
2,16,12,17519,16252.7245586647,1266.2754413352995
3,13,11,16767,15043.902034580078,1723.0979654199218
1,8,20,20765,15562.377039512743,5202.622960487257
3,28,1,12141,12963.69927168766,822.6992716876593
2,13,7,18523,15145.025136364757,3377.9748636352433
2,10,6,16675,15429.414419310922,1245.5855806890777
2,2,22,18345,15693.387466549986,2651.612533450014
6,10,10,12760,13617.395466058828,857.3954660588279
2,3,18,18578,15794.565519098982,2783.434480901018
6,2,14,15608,16213.459381331728,605.4593813317279
1,3,9,14155,13809.916933824104,345.0830661758955
8,13,8,15329,14983.877350722543,345.12264927745673
12,17,20,21718,15487.776074193784,6230.223925806216
12,31,12,15738,14511.157423338518,1226.8425766614819
11,13,21,15371,15692.752108237795,321.75210823779526
1,13,19,19738,15263.467038767481,4474.532961232519
11,22,18,20152,15381.697329312274,4770.302670687726
11,7,23,15953,15462.788481106805,490.2115188931948
2,1,23,18331,15180.35878880643,3150.6412111935697
11,4,15,16666,14996.75481364092,1669.2451863590795
1,18,0,14675,14483.981542548212,191.01845745178798
1,26,21,20286,15405.877453808256,4880.122546191744
4,11,14,14048,14573.859007883088,525.8590078830875
12,16,12,18922,15510.98457124827,3411.0154287517307
2,18,6,17342,15162.171842756616,2179.8281572433843
3,24,15,13708,14511.204184646405,803.2041846464053
4,21,15,14889,15495.583165772972,606.5831657729723
12,9,14,15392,14638.30923769889,753.6907623011102
10,19,4,11556,12184.274802310378,628.2748023103777
10,29,23,13356,14808.891753073358,1452.891753073358
3,27,19,16685,15566.626401965124,1118.3735980348756
5,21,16,16154,15955.030658733049,198.96934126695123
5,13,19,14351,14760.947104838926,409.94710483892595
3,24,7,13821,13953.936337704255,132.9363377042555
8,27,7,12095,12313.210110237724,218.2101102377237
5,3,13,15423,15443.99897085398,20.9989708539797
5,7,11,14530,14621.5772535393,91.57725353930073
6,17,12,17059,16750.707697585414,308.2923024145857
4,16,21,15144,15916.874076382457,772.8740763824571
1,9,8,20136,15125.202158887896,5010.797841112104
6,8,6,11129,13491.652117096732,2362.6521170967317
12,30,19,17798,15288.603226555033,2509.396773444967
11,19,0,13511,11314.649179076558,2196.3508209234424
4,1,3,13306,14191.722556279348,885.7225562793483
4,1,2,14133,14822.117287411216,689.1172874112162
4,3,2,13307,14940.649856464453,1633.6498564644535
12,16,16,17266,16939.377083997544,326.6229160024559
9,6,1,12680,13863.240799817626,1183.2407998176259
8,19,18,21662,19926.553267084593,1735.4467329154068
3,30,18,15608,14766.713006474309,841.2869935256913
3,13,23,16295,15782.13228806887,512.8677119311305
5,16,2,12680,13995.224628972086,1315.224628972086
2,18,22,18257,15603.060054145188,2653.9399458548123
7,28,12,19749,19120.38849855208,628.6115014479183
7,12,22,17140,17236.931030793385,96.9310307933847
9,1,3,11343,12307.530690489048,964.5306904890476
4,9,8,16753,16343.29199933113,409.7080006688702
9,17,14,16221,17046.46346535077,825.463465350771
9,10,4,12125,13331.734931829951,1206.7349318299512
11,2,8,17299,15740.087894305465,1558.912105694535
1,28,13,19592,15251.122464108154,4340.8775358918465
3,19,2,12642,12773.69518155873,131.69518155873084
2,22,3,13799,13228.040850468231,570.9591495317691
5,4,7,14926,14257.043334631973,668.9566653680267
3,22,20,18080,15094.423127011478,2985.576872988522
2,12,21,18763,15292.981881982774,3470.018118017226
1,24,4,14665,15139.440000790068,474.44000079006764
8,11,11,20834,20558.30932972897,275.6906702710294
11,5,4,13013,14401.457848251164,1388.4578482511643
1,15,15,17900,16485.287094765987,1414.7129052340133
12,19,19,20622,15421.217525598744,5200.782474401256
11,4,15,15421,14447.487708588273,973.5122914117273
2,6,2,13885,13320.245729240887,564.7542707591128
10,18,0,12818,11982.833408748045,835.1665912519547
8,21,9,15387,15216.391748379721,170.60825162027868
1,14,3,13516,13484.922220057479,31.077779942521374
8,1,20,19343,18436.05229210637,906.9477078936288
7,7,18,21262,19581.399192445235,1680.6008075547652
9,15,1,13626,15071.82060136249,1445.8206013624895
1,29,13,17808,16053.261842208694,1754.7381577913056
1,2,1,13251,13643.559044322998,392.5590443229976
12,23,19,17591,15329.159406949278,2261.8405930507215
1,10,6,15813,15320.712294682058,492.2877053179418
1,31,23,19388,15116.686016843663,4271.313983156337
3,28,6,14546,14655.282498283574,109.28249828357366
12,26,10,14917,14849.132462000265,67.86753799973485
9,29,15,14583,14930.475288769854,347.47528876985416
11,9,19,17594,16090.090857519395,1503.9091424806047
5,19,4,10327,14531.350284087066,4204.350284087066
8,4,3,12572,13576.334121989355,1004.3341219893555
4,17,17,13556,14336.453069379166,780.4530693791658
2,12,3,13299,14320.378491236908,1021.3784912369083
7,13,9,16166,16685.125609973533,519.1256099735328
3,12,1,13673,13959.78406311257,286.78406311256913
6,25,10,14835,15204.00607867157,369.0060786715694
10,2,18,16678,15923.798849698589,754.201150301411
12,18,10,16993,15283.522436211604,1709.4775637883959
4,28,19,14571,14584.429574216641,13.429574216641413
1,1,4,12605,15004.144466762824,2399.144466762824
11,28,16,14703,14062.585626401808,640.4143735981925
6,12,1,12330,11925.852797709616,404.1472022903836
7,17,21,20351,18390.409009143325,1960.5909908566755
1,8,2,16212,15095.439488516115,1116.5605114838854
12,6,10,17464,16496.490748678407,967.5092513215932
7,24,2,14676,14237.895293651776,438.1047063482238
5,2,19,16146,15601.022921876194,544.9770781238058
7,5,13,15268,15591.618311653177,323.61831165317744
1,20,23,17726,15571.115849859742,2154.8841501402585
3,9,6,16204,15810.165288139488,393.83471186051247
3,8,12,15206,14716.967818182573,489.03218181742704
9,25,2,14125,14562.291945355677,437.29194535567694
2,4,18,18307,15637.850352022977,2669.149647977023
6,29,13,17204,17306.349673845325,102.34967384532501
1,29,14,17441,15302.931131049341,2138.0688689506587
2,10,7,16574,15304.734456154858,1269.265543845142
12,13,22,19193,15484.029710999623,3708.9702890003773
11,26,18,17380,14625.226949253612,2754.7730507463875
7,17,22,17986,16489.361318265455,1496.6386817345447
9,21,22,15051,14945.465510739785,105.5344892602152
3,14,1,13640,13423.791171180073,216.20882881992657
4,29,15,14373,14588.04034196342,215.04034196342036
12,22,4,13329,14107.27584384573,778.2758438457295
12,10,7,14670,14797.78320218071,127.78320218070985
1,10,22,18825,15231.48789318368,3593.5121068163207
1,22,20,18753,15873.62600377187,2879.3739962281306
9,30,8,15421,14867.015317258654,553.9846827413458
7,21,15,17418,17314.107139098738,103.89286090126188
10,17,7,15354,13813.126142755711,1540.873857244289
1,31,11,18018,16646.109989249428,1371.8900107505724
10,19,18,17294,15557.57723495449,1736.4227650455105
7,12,5,12210,12058.365006683716,151.63499331628373
10,24,6,12802,13236.299508393542,434.29950839354206
5,6,3,11284,11618.523739773393,334.52373977339266
11,19,19,19530,15775.636899174579,3754.3631008254215
7,5,13,17392,17092.7713949467,299.22860505330027
4,19,22,13955,15205.148734381526,1250.148734381526
1,27,4,14555,14939.46167478118,384.4616747811797
6,11,21,16513,16286.883315672434,226.11668432756596
9,16,15,20342,19142.056862378136,1199.9431376218636
2,4,21,17382,15156.787745859732,2225.2122541402678
1,18,21,17872,15901.53086899105,1970.4691310089493
6,15,7,14827,13328.242545968431,1498.757454031569
8,25,2,13612,12834.982731699283,777.0172683007168
10,3,20,19454,19527.151506470316,73.15150647031624
2,24,22,18581,15483.79755485652,3097.202445143481
9,8,3,11305,11552.644950228976,247.64495022897609
9,25,2,12378,12735.663063391597,357.66306339159746
9,27,4,12286,12812.580722936527,526.5807229365273
1,20,19,20664,15608.984657385488,5055.015342614512
7,21,3,14667,15001.880225857454,334.8802258574542
8,19,3,14183,15184.485029133575,1001.4850291335752
1,13,13,17410,15324.307159793916,2085.692840206084
11,5,23,12581,14818.181690322614,2237.1816903226136
8,17,18,19523,16453.76147857166,3069.2385214283386
10,15,14,13645,13663.201546907861,18.201546907861484
5,5,14,14821,14830.8541077552,9.854107755199948
2,7,4,14469,15006.210846365662,537.2108463656623
8,7,12,21068,17467.84712726417,3600.152872735831
3,6,12,18272,15260.777272102345,3011.222727897655
5,22,9,15320,15216.789082077781,103.21091792221887
5,17,13,15113,17839.93836306531,2726.93836306531
5,9,14,14201,14749.923394725196,548.923394725196
8,23,7,13113,13040.92141685889,72.07858314111036
7,19,5,13608,15460.755806012945,1852.755806012945
12,25,14,13124,14530.295936075681,1406.2959360756813
4,10,8,16115,16448.558230910476,333.5582309104757
11,22,18,19092,15856.65232680221,3235.34767319779
10,11,21,14776,14910.24427853824,134.2442785382409
1,16,10,16582,15019.066848357435,1562.9331516425646
10,18,16,15605,15148.797851193696,456.20214880630374
3,9,21,16454,15425.375924635153,1028.6240753648472
7,2,20,14880,15787.689795068587,907.689795068587
9,27,22,14370,14041.515519489169,328.4844805108314
6,3,10,13971,14026.179642085746,55.17964208574631
1,8,1,15521,14600.357790577651,920.642209422349
9,10,3,11561,12048.162805473205,487.16280547320457
9,11,14,16789,17166.040049844683,377.0400498446834
1,6,21,18731,15576.505430342339,3154.4945696576615
2,21,9,17612,15468.53100744825,2143.4689925517505
8,11,2,11734,11369.360881662495,364.63911833750535
3,28,11,17022,15366.734115557805,1655.2658844421949
9,23,18,16022,15068.644811291497,953.3551887085032
12,21,14,18291,15404.480252129873,2886.5197478701266
7,1,7,11980,12316.296063701258,336.2960637012584
6,10,8,15120,15119.900245325029,0.0997546749713365
9,11,20,17088,16703.28010429515,384.7198957048495
12,4,7,16374,14881.52484694446,1492.4751530555404
10,25,18,17429,15659.391523576414,1769.6084764235857
4,6,17,14836,14300.473482522628,535.5265174773722
1,28,4,12453,13726.320107324696,1273.3201073246964
12,10,13,16379,14671.869589340364,1707.1304106596363
4,3,3,12443,14114.655026946864,1671.6550269468644
1,2,23,15145,15642.16965062155,497.1696506215503
10,10,8,13041,14582.69404883735,1541.6940488373493
8,13,20,17666,16038.272441943898,1627.7275580561018
7,9,5,13064,13108.502166470327,44.50216647032721
10,7,16,16388,16803.824535418516,415.82453541851646
11,9,14,14361,14881.010295154254,520.010295154254
3,23,0,15070,14726.255759257721,343.74424074227863
7,17,8,16054,16076.989312004738,22.989312004738167
11,9,5,13162,12983.011689891773,178.98831010822687
7,22,16,19444,20065.14528261975,621.1452826197492
11,4,1,12947,13514.846655766883,567.8466557668835
4,18,18,17124,15339.286569712265,1784.7134302877348
10,18,11,14534,12557.07568343886,1976.9243165611406
2,27,11,17339,15975.259851255218,1363.7401487447823
6,1,7,14011,12675.005534855314,1335.9944651446858
6,26,7,13722,13944.918618267388,222.9186182673875
10,9,15,14334,14675.916959990078,341.9169599900779
10,16,7,12540,13259.032049286003,719.0320492860028
3,22,15,15344,15390.796941786177,46.79694178617683
4,27,17,13173,14547.231662171765,1374.2316621717655
9,13,13,15545,15762.448132041633,217.44813204163256
7,6,16,19873,18297.618790393473,1575.3812096065267
3,28,1,12077,12797.172122096776,720.1721220967756
4,21,10,13622,15025.301858257457,1403.3018582574568
5,16,8,14674,14715.77548495736,41.77548495735937
7,31,16,17285,17102.115114259752,182.88488574024814
1,2,11,16037,15489.96680903729,547.0331909627093
5,6,18,13762,14012.406858827342,250.40685882734215
6,18,17,19562,18718.705656972706,843.2943430272935
12,20,3,14607,14750.20891998059,143.2089199805905
9,7,21,15324,14532.154493623859,791.8455063761412
4,28,4,10832,13319.422942174368,2487.4229421743676
8,13,10,18953,16237.48473595753,2715.5152640424694
12,26,16,16171,15088.860867432777,1082.139132567223
11,5,20,17702,15433.2680281983,2268.7319718017006
6,18,4,12070,12481.949622158605,411.94962215860505
9,14,19,15354,13675.16430572355,1678.8356942764494
3,9,6,14288,14578.039403652781,290.0394036527814
1,17,10,14981,13964.922660868375,1016.0773391316252
6,20,1,13327,13817.314147415444,490.3141474154436
2,25,5,13952,14396.729912064351,444.7299120643511
1,15,23,18159,15528.762730013337,2630.237269986663
8,4,23,18709,18783.11636828295,74.11636828295013
10,3,2,13009,13707.594066858002,698.5940668580024
1,4,13,17465,16035.229723460894,1429.770276539106
12,27,1,12669,13079.872217538745,410.87221753874474
5,30,19,13632,14238.319411942713,606.3194119427135
3,16,23,14529,15669.66763704094,1140.6676370409405
10,9,3,11385,14058.060936226148,2673.0609362261475
1,13,21,17884,15221.804125224493,2662.195874775507
10,30,14,15394,15151.836296111856,242.16370388814357
9,10,21,16644,15739.911699490065,904.0883005099349
6,11,13,16304,17040.920211594246,736.9202115942462
9,6,11,15975,14358.97624856641,1616.0237514335895
6,5,16,16845,15925.978999343415,919.0210006565849
3,26,3,13413,14315.0832542217,902.0832542216995
6,25,7,14065,13971.754173266745,93.24582673325494
1,11,8,17114,15572.486673104244,1541.513326895756
11,5,18,17345,15527.293459916556,1817.7065400834435
9,28,0,12661,12755.381879724697,94.38187972469677
2,24,13,16154,16160.742228728093,6.742228728093323
4,20,4,11101,11727.606073703775,626.6060737037751
11,24,12,14362,13630.718139592793,731.2818604072072
7,18,4,12795,13560.216888057788,765.2168880577883
8,16,21,19345,17210.0879662827,2134.912033717301
7,11,10,17411,17042.837241000114,368.16275899988614
5,4,13,15241,15323.04072137264,82.04072137263938
12,17,1,14721,12900.298223359228,1820.7017766407716
2,27,20,17771,15052.728789408675,2718.271210591325
12,19,0,16206,14661.435542577092,1544.5644574229082
7,7,2,14589,15310.004062265358,721.0040622653578
2,22,9,17116,15093.793488694475,2022.206511305525
8,22,10,17785,16764.421979608014,1020.5780203919858
1,2,2,12662,13933.678219778618,1271.6782197786179
10,27,12,15271,14622.509678445374,648.4903215546256
7,16,9,19801,19654.840643777705,146.15935622229517
8,2,15,19148,17897.519470783307,1250.480529216693
3,17,18,16105,15707.282208967845,397.7177910321552
4,21,14,15078,15478.858224729107,400.85822472910695
11,27,12,16274,15029.928819362129,1244.0711806378713
11,10,14,16141,14730.930477317277,1410.069522682723
4,24,1,13122,12928.092898272469,193.90710172753097
12,27,12,16622,16120.287308592091,501.712691407909
12,23,16,16772,15466.744148695178,1305.2558513048225
9,11,16,16267,15133.10364315313,1133.8963568468698
12,22,20,20197,15176.617953555668,5020.382046444332
3,15,23,14501,15853.74089589357,1352.7408958935703
5,12,10,15323,14687.276087062088,635.7239129379122
6,7,19,15753,15663.245187289545,89.75481271045464
1,7,13,16925,15244.672505344279,1680.3274946557212
11,24,12,15764,14404.142175715708,1359.8578242842923
5,2,7,12445,13282.874367893328,837.8743678933279
11,8,5,10808,12949.702038620097,2141.7020386200966
8,13,22,17741,17633.286005686918,107.71399431308237
5,29,10,15801,17513.616676007525,1712.6166760075248
4,2,4,13396,14182.290741041768,786.2907410417683
3,27,16,14069,14657.347263069112,588.3472630691122
5,26,4,11892,12879.065398333867,987.065398333867
11,29,11,15042,13946.764455737788,1095.235544262212
12,5,9,14970,14868.350269480537,101.64973051946254
3,8,23,16241,16003.659487516263,237.34051248373726
10,13,3,12252,14242.469725510373,1990.4697255103729
10,30,9,16484,15784.470840459091,699.529159540909
12,5,10,17797,16295.447955204492,1501.5520447955078
3,23,14,13944,14410.145326285821,466.1453262858213
8,22,13,19160,19388.195522578353,228.19552257835312
10,4,0,12606,12166.008790790827,439.99120920917267
8,31,18,17706,17626.042414675896,79.957585324104
3,15,2,14942,15241.582804181284,299.5828041812838
11,15,2,14214,14648.095248978902,434.0952489789015
12,4,15,16644,15614.533331955343,1029.4666680446571
12,28,5,11787,12809.495295049863,1022.4952950498628
7,31,9,14882,14871.199889817754,10.800110182246499
3,5,20,18299,15798.126322492979,2500.873677507021
11,24,13,16960,15382.691650748939,1577.3083492510614
11,12,15,16356,15095.219677024657,1260.7803229753426
9,3,16,14685,15669.88727990093,984.8872799009296
8,10,19,21279,19548.38089700684,1730.6191029931615
1,6,21,17644,15810.521448516163,1833.4785514838368
3,17,0,14313,12603.693297646962,1709.3067023530384
4,8,8,13941,15920.03704660279,1979.0370466027907
12,18,9,18179,15840.669852236384,2338.330147763616
8,24,9,18733,17651.966003601938,1081.0339963980623
7,6,6,14472,14015.324272600306,456.67572739969364
3,10,12,15530,15451.452218834742,78.54778116525813
6,6,5,12118,13107.351163643643,989.3511636436433
3,20,12,13643,13735.81523760598,92.81523760598066
7,10,14,16649,15763.863717235456,885.1362827645444
12,2,17,17569,15997.992135458426,1571.0078645415742
8,14,22,17683,16693.995589203194,989.004410796806
9,14,11,16175,17863.474465604697,1688.474465604697
3,1,4,12673,14199.465716330542,1526.465716330542
12,18,7,15120,14334.734378406909,785.265621593091
12,12,11,18534,15471.430629214587,3062.5693707854134
1,13,22,19998,15124.80618215736,4873.193817842641
10,10,18,15734,15574.973971148802,159.02602885119813
6,30,21,17632,18167.79522350797,535.7952235079683
2,24,22,15515,14905.250567079636,609.7494329203637
5,3,14,14802,15419.152511503655,617.1525115036548
11,21,10,16769,16245.738116082963,523.2618839170373
2,10,17,18427,16268.825959418926,2158.174040581074
1,3,11,15759,14830.666859499925,928.3331405000754
12,25,1,12083,14417.023142866741,2334.023142866741
12,18,21,19516,16086.639950702765,3429.3600492972346
7,6,20,19314,19701.995857198574,387.9958571985735
2,21,11,19196,15096.185733452348,4099.814266547652
3,6,9,16705,15923.930656470604,781.0693435293961
10,17,3,11740,12723.500019262043,983.5000192620428
9,27,11,15134,15672.142681993371,538.1426819933713
8,21,7,14475,14110.009906341544,364.9900936584563
10,15,7,12833,12951.990007844746,118.99000784474629
6,15,23,15940,16949.72016591143,1009.7201659114289
5,30,8,11536,12119.439368433148,583.439368433148
12,5,4,13451,14483.93075677293,1032.9307567729302
2,7,7,16277,15146.126971915242,1130.8730280847576
10,2,9,12407,13151.600809580228,744.6008095802281
12,31,16,16116,15932.347281662082,183.6527183379185
5,19,6,13135,12531.311988198377,603.6880118016234
5,14,1,12504,12385.339617113734,118.66038288626623
12,15,6,16019,15238.915285640205,780.0847143597948
12,18,17,18319,15612.806567632142,2706.193432367858
10,27,21,17177,15996.907749686683,1180.092250313317
9,15,18,17981,18476.67763082683,495.67763082683086
4,19,1,11941,12786.836115206464,845.8361152064645
5,3,10,14826,15263.081338315293,437.08133831529267
3,14,23,15960,15981.860393258476,21.860393258475597
10,6,23,13361,14368.612851014363,1007.6128510143626
2,26,9,14099,14222.005740705208,123.00574070520815
11,8,7,13365,13079.996737024449,285.0032629755515
12,3,19,19698,15927.337601922192,3770.6623980778077
2,24,22,17144,15360.552777437675,1783.447222562325
6,22,4,12319,13098.590833333335,779.5908333333355
10,31,22,15204,15215.619271112222,11.619271112222123
5,17,7,14243,13025.343005805735,1217.6569941942653
12,28,11,14761,13344.669905990333,1416.330094009667
11,28,4,13683,14581.845988674992,898.8459886749915
6,22,2,12072,12218.692433682147,146.69243368214666
2,6,14,19181,16295.256157634944,2885.7438423650565
1,9,15,16807,16242.992396447655,564.0076035523452
6,3,8,16833,16373.870357930575,459.12964206942524
10,30,22,15400,14836.357807289545,563.6421927104548
10,17,15,12766,13171.189615543659,405.1896155436589
2,7,4,12812,13367.306630272049,555.306630272049
6,20,12,16392,15199.710718629407,1192.289281370593
2,9,15,16684,15752.600512032237,931.399487967763
8,27,9,17730,16726.892720993725,1003.1072790062753
9,13,16,15884,16034.564402082531,150.56440208253116
3,14,1,14856,14924.049976091783,68.04997609178281
8,1,2,12920,13290.23959963108,370.23959963108064
10,20,15,15955,15546.0759463066,408.9240536933994
7,31,22,21495,16213.482528897146,5281.517471102854
10,16,19,17191,15862.922353116688,1328.077646883312
3,11,20,17529,15418.151690074576,2110.8483099254245
1,10,4,14083,14907.77179950431,824.7717995043095
4,18,14,15835,15308.173486220194,526.8265137798062
6,5,11,16973,16459.450776307138,513.5492236928621
10,3,4,11888,12148.596138065743,260.5961380657427
11,21,21,18512,15852.967753496483,2659.032246503517
8,6,8,14093,14939.215355184771,846.2153551847714
6,8,12,14519,14263.678628936377,255.3213710636228
9,14,20,17307,17145.39638603373,161.6036139662683
2,14,19,20016,15900.5097894188,4115.4902105812
9,27,8,14855,15146.791212578875,291.7912125788753
4,20,23,13554,14641.798518208783,1087.7985182087832
11,1,14,13574,12985.572449212234,588.4275507877664
9,22,9,14359,13711.250815142466,647.7491848575337
10,18,6,13380,12569.641271370938,810.3587286290622
7,4,11,14072,14209.99266579197,137.99266579196956
10,24,18,15954,15704.54954799348,249.4504520065202
10,16,23,12799,14760.047720132046,1961.0477201320464
8,14,8,14021,13299.980566419088,721.0194335809119
11,3,19,16597,14980.729627701134,1616.2703722988663
3,21,21,15969,15617.265621619566,351.73437838043355
12,6,21,17167,15254.940242314258,1912.0597576857417
2,8,17,17393,15243.9827094003,2149.0172905997006
12,1,3,14097,14735.264827156558,638.2648271565577
7,10,5,13231,13211.529795279846,19.47020472015356
11,12,22,14721,15437.021409463874,716.0214094638741
7,16,8,16045,17000.7468099947,955.7468099947
5,9,10,14528,14674.350244172403,146.3502441724031
12,25,2,12819,14554.583020782165,1735.5830207821655
4,4,2,12344,13553.13875680527,1209.1387568052705
1,9,21,17727,15061.783109475702,2665.216890524298
1,24,7,19621,15095.37975116665,4525.620248833349
7,4,7,11686,12090.354719403656,404.3547194036564
7,1,21,16475,15287.079027495125,1187.920972504875
4,24,9,15808,14966.272836757276,841.7271632427237
3,13,15,13436,14065.726559815275,629.7265598152753
12,28,2,13129,14399.209829598054,1270.209829598054
5,26,18,14256,14503.987033677777,247.9870336777767
1,26,5,14939,15061.77843018044,122.77843018044041
6,19,18,18770,18995.340063241267,225.34006324126676
4,13,22,13527,15829.766562043902,2302.766562043902
10,16,6,11143,11796.279631089532,653.2796310895319
9,25,16,16709,16140.103521343815,568.8964786561846
4,28,2,12257,12885.581087244356,628.5810872443562
7,22,23,14741,15969.040323724406,1228.0403237244063
9,25,0,13254,12863.159156849304,390.84084315069595
5,7,1,12411,13434.81724190651,1023.8172419065104
9,7,10,13472,14478.17307980836,1006.1730798083609
5,14,0,12068,13536.194777071067,1468.1947770710667
12,13,8,18752,15513.579883418284,3238.420116581716
1,2,19,18657,15408.26017388889,3248.7398261111102
8,2,15,17617,16563.921243131233,1053.0787568687665
4,29,6,11343,12614.530147012112,1271.5301470121121
3,5,22,16542,15946.275093582908,595.7249064170919
11,5,13,15179,15396.503704717037,217.50370471703718
10,14,3,11966,13984.255864793284,2018.2558647932838
4,24,1,11831,13295.109113624621,1464.1091136246214
4,25,1,12495,12494.90030473358,0.09969526642089477
1,17,22,18508,15460.231174489369,3047.7688255106314
2,2,9,19494,15239.083624773933,4254.9163752260665
5,16,14,14307,14448.550793737293,141.55079373729313
5,14,12,12177,13111.350523633326,934.3505236333258
8,30,23,13494,13903.830757714546,409.83075771454605
10,5,17,15342,14840.243420307783,501.7565796922172
12,5,8,16783,16162.53775120156,620.4622487984398
11,6,13,13564,13174.624581542148,389.375418457852
11,4,6,12502,14028.6722788208,1526.6722788208008
7,1,22,14274,14456.49765790405,182.49765790405036
11,18,22,15785,14713.177010557733,1071.8229894422675
4,21,9,16162,16311.072528662238,149.07252866223826
7,13,20,16836,16323.650795785576,512.3492042144244
7,21,2,13510,13715.023282549271,205.02328254927124
7,27,19,18861,18861.099985584544,0.0999855845439015
5,5,23,13194,14508.66287792802,1314.66287792802
8,28,12,16308,16839.062481014855,531.0624810148547
5,12,4,12020,14789.350592558094,2769.350592558094
2,24,20,17535,15055.080026364585,2479.919973635415
3,1,22,17636,15536.2895125308,2099.7104874691995
3,5,6,15420,15326.324794924054,93.675205075946
10,14,2,12116,12049.260833405975,66.73916659402494
7,29,7,15448,14115.60055704736,1332.3994429526392
4,6,6,13819,13392.359152882773,426.64084711722717
6,10,3,11543,12150.7092583886,607.7092583886006
1,23,6,16163,15046.59839947696,1116.4016005230405
7,31,12,15391,15560.125806130513,169.1258061305125
12,28,6,12802,14952.35933387097,2150.3593338709707
4,2,20,14893,14890.186577012346,2.8134229876541212
8,7,20,15639,16289.776793910518,650.7767939105179
9,11,22,16479,15822.816718701346,656.183281298654
1,12,12,18516,16800.366720014987,1715.6332799850134
5,24,7,14217,13008.193531676854,1208.806468323146
3,27,18,14596,15147.498425339443,551.4984253394432
9,21,4,11611,12401.600213272133,790.6002132721333
11,17,2,13586,13260.048781268759,325.95121873124117
9,5,6,13185,13396.343458127669,211.34345812766878
11,6,7,14847,13506.8924574273,1340.1075425726995
11,3,12,15114,15814.126449005635,700.1264490056346
2,28,4,13243,13972.49915042223,729.4991504222307
9,26,16,21345,17942.23054995077,3402.769450049229
2,22,17,19275,15647.546086548089,3627.453913451911
7,5,21,18051,17377.52419102274,673.4758089772586
1,14,13,17571,15107.689673142555,2463.310326857445
7,28,12,19020,18681.32806281642,338.67193718357885
9,8,9,15244,15257.479578976261,13.47957897626111
8,15,20,20874,18355.550903622843,2518.449096377157
4,20,23,13608,15449.36513968791,1841.3651396879104
4,14,18,15824,15226.656064594403,597.3439354055972
1,21,20,17776,15613.026343250947,2162.9736567490527
4,2,1,13195,14022.897140975194,827.8971409751939
4,14,13,14984,15114.856452463799,130.85645246379863
3,20,21,16828,15959.50650380791,868.4934961920899
10,21,20,15718,14969.9778123902,748.0221876098003
12,28,19,19697,15163.233886859887,4533.766113140113
10,7,8,15376,14516.540736996178,859.4592630038223
7,17,10,19048,18755.64067346861,292.35932653139025
7,26,9,17607,17058.03869645596,548.9613035440416
5,31,23,12721,14627.058184080179,1906.0581840801788
7,7,2,13784,13351.0994375851,432.90056241489947
9,1,1,13869,13546.47539425761,322.5246057423901
11,19,13,16478,15550.985652683932,927.0143473160679
8,14,3,12886,14146.36548056039,1260.3654805603892
10,15,0,12904,12548.620646884709,355.37935311529145
9,21,17,18543,18630.114676144443,87.11467614444337
3,16,17,16596,15413.310062785313,1182.6899372146872
7,17,14,18170,18775.479414727768,605.479414727768
1,22,7,16674,15093.305675310468,1580.6943246895316
6,17,5,11827,12033.67629756571,206.67629756570932
2,27,12,19132,15573.337863718096,3558.662136281904
7,5,8,12286,12253.317922658844,32.6820773411564
4,25,21,15575,14943.139323198706,631.8606768012942
12,23,18,18051,15331.070412173001,2719.9295878269986
8,4,5,12748,13788.485436831937,1040.4854368319375
10,21,1,12202,13616.196330470002,1414.196330470002
9,9,3,11956,12425.864336250566,469.86433625056634
6,24,6,13205,12815.531334879288,389.4686651207121
12,25,9,16150,15017.464386584033,1132.5356134159665
8,15,18,21649,21712.43364975541,63.43364975541044
8,14,22,18571,17975.042378141745,595.9576218582552
12,28,11,18676,15125.153397495902,3550.846602504098
9,15,23,14671,15206.222342728965,535.2223427289646
12,10,11,16865,15058.92431483024,1806.0756851697606
5,3,3,12068,13077.656887061541,1009.656887061541
5,16,2,11733,14354.511639824466,2621.5116398244663
8,19,14,20797,20777.618765110168,19.38123488983183
8,18,20,17510,16599.11554120738,910.8844587926214
8,31,19,18665,16468.842722635058,2196.1572773649423
8,22,14,20483,19476.24314352552,1006.7568564744797
3,20,16,13817,14399.523781966234,582.5237819662343
11,12,7,16304,15543.159967557358,760.840032442642
11,28,16,17360,15944.354826312234,1415.6451736877661
6,14,2,11609,12358.150292092207,749.1502920922067
5,25,13,16539,16639.019668384455,100.01966838445514
12,4,6,13632,14552.43652685638,920.4365268563797
2,8,16,18113,15236.992230513013,2876.007769486987
5,10,3,12079,12819.557752992663,740.5577529926632
9,28,2,12130,13836.878755267122,1706.878755267122
12,24,14,18279,15090.630558473345,3188.3694415266546
2,17,15,17820,15532.406402324945,2287.593597675055
4,7,4,11920,13955.531786549222,2035.5317865492216
4,7,8,16737,15787.620639052528,949.3793609474724
10,15,7,15096,14994.498231674977,101.50176832502257
2,4,4,14366,14681.79751660079,315.7975166007891
6,19,7,15459,13892.22899969178,1566.7710003082193
6,4,12,16349,16777.04033449674,428.0403344967417
9,5,6,16249,15159.24203951146,1089.7579604885395
10,7,0,13001,12696.034853403995,304.96514659600507
7,11,6,13811,13397.595493422083,413.40450657791735
3,15,0,15216,14423.70234423082,792.29765576918
9,16,3,11233,12205.7057211149,972.7057211149004
10,25,6,13571,13170.161189304172,400.8388106958282
9,5,11,14633,14826.254502194452,193.25450219445156
9,30,4,11578,12388.343081939925,810.3430819399255
7,5,22,16401,16092.321683748678,308.67831625132203
2,9,19,19008,15205.805314206662,3802.194685793338
10,14,5,12521,14402.65326275009,1881.6532627500892
9,6,12,14285,14609.310626877479,324.3106268774791
1,2,4,12473,13739.712627586901,1266.7126275869014
4,30,3,11848,12666.914505105036,818.9145051050364
12,17,21,18552,15883.223216049471,2668.7767839505286
9,19,8,12792,12716.628830578335,75.3711694216654
12,5,22,17283,15653.625698587914,1629.3743014120864
11,4,12,14286,14966.646942349229,680.646942349229
10,17,23,13385,15077.994498159951,1692.994498159951
1,11,17,17375,16164.817892805775,1210.182107194225
1,24,9,18714,16200.67955244328,2513.32044755672
11,2,21,15794,14841.941664325574,952.0583356744264
11,3,2,13005,13409.509458034698,404.5094580346977
3,9,16,16071,14883.624583132168,1187.3754168678315
2,26,9,18350,15767.595043282714,2582.404956717286
11,6,10,16182,15748.521393223613,433.4786067763871
5,7,23,13175,14894.050699889733,1719.0506998897326
6,25,20,17089,16714.763592599884,374.23640740011615
9,19,19,16489,16399.65548437364,89.34451562635877
9,14,5,13084,12711.539772864195,372.4602271358053
11,26,0,13453,13035.935437760432,417.06456223956775
7,25,2,14115,14057.152537343944,57.84746265605645
12,18,9,18215,16483.934198630104,1731.0658013698958
10,8,12,15063,15147.17968987306,84.17968987306085
6,9,7,14471,12436.127073166146,2034.8729268338539
3,28,10,15962,15698.691646369643,263.3083536303566
11,3,15,14612,14559.911722130571,52.088277869428566
3,14,20,16322,14767.323831317972,1554.6761686820282
11,9,10,15398,13604.524930595497,1793.4750694045033
12,20,15,17792,15930.786304628957,1861.2136953710433
10,4,17,17232,17831.49494399837,599.4949439983684
1,12,0,14589,14407.754449952727,181.24555004727335
3,16,14,14753,14976.494321862543,223.49432186254307
9,29,1,11124,11217.52025076155,93.52025076155041
5,28,10,16335,15457.779071062829,877.2209289371713
6,14,2,11407,11515.0482383299,108.04823832990041
5,7,17,12809,13880.92146129374,1071.9214612937394
6,2,8,12369,12685.085522814097,316.0855228140972
7,31,7,12455,13541.865107844074,1086.8651078440744
9,18,4,12072,12795.376289277048,723.3762892770483
1,18,8,17433,16645.43795990771,787.562040092289
6,1,7,16729,15367.585909810881,1361.4140901891187
9,4,23,13628,15053.538038450059,1425.5380384500586
8,29,12,16227,15840.837398187237,386.16260181276266
1,30,12,17957,15230.416401987226,2726.583598012774
11,24,22,17396,15688.18097620005,1707.8190237999497
4,6,18,14376,14966.201322017112,590.201322017112
8,7,11,20705,17294.275150668524,3410.7248493314764
8,13,5,13655,13559.731953289509,95.26804671049103
8,2,4,13342,14269.518852465626,927.518852465626
11,8,17,17553,15758.0060638277,1794.993936172301
10,5,20,16638,15548.00057903682,1089.9994209631805
7,6,4,12905,13756.809271633703,851.8092716337032
2,4,4,13509,14527.626471946964,1018.6264719469636
1,5,7,13641,13747.032057081182,106.03205708118185
5,8,20,14063,14080.118557350666,17.11855735066638
4,29,22,14686,15064.057321527709,378.05732152770906
10,5,16,14270,13532.700242513885,737.2997574861147
7,29,3,14297,14507.092667001576,210.09266700157605
4,5,14,15305,15371.960003580381,66.96000358038145
9,14,17,16356,17325.14722063798,969.1472206379804
2,17,5,14702,15202.472967834758,500.4729678347576
12,4,5,13483,14466.680377961304,983.6803779613037
2,14,17,16213,14943.062185682344,1269.9378143176564
10,27,17,16617,14754.49198950826,1862.5080104917397
12,26,5,12063,14729.800766189923,2666.800766189923
1,5,20,18193,16237.382498418414,1955.617501581586
10,13,12,13996,13650.391902674583,345.6080973254175
7,24,21,19497,17023.361928313916,2473.638071686084
6,28,20,20339,19721.48348494164,617.5165150583598
11,5,19,15108,13933.357802219907,1174.6421977800928
7,21,12,17239,16692.59355582515,546.4064441748487
6,26,6,13033,12767.589531349455,265.4104686505452
12,10,12,17144,15164.825466850636,1979.174533149364
11,16,22,16054,15277.246683234702,776.7533167652982
10,26,0,13200,12800.53315295617,399.46684704383006
11,15,4,13542,14118.513885623195,576.5138856231952
7,31,6,13768,13607.23151178693,160.76848821307067
10,5,13,14676,14708.174692580402,32.174692580401825
5,7,18,13712,14984.670209084406,1272.6702090844065
2,17,11,18421,16293.976877813622,2127.023122186378
4,4,1,13517,13995.058345499205,478.05834549920473
7,12,12,17048,17759.2321828236,711.2321828236018
10,10,7,15763,15089.124706137698,673.875293862302
12,6,21,19009,15745.119830722953,3263.8801692770467
4,23,11,14792,14233.208418632785,558.7915813672153
12,21,19,18427,15790.733922734224,2636.2660772657764
4,4,6,15764,14751.777066377914,1012.2229336220862
11,30,9,16495,15856.668348454203,638.3316515457973
3,25,0,12201,13389.395893216715,1188.3958932167152
6,10,10,14554,15571.655916272077,1017.6559162720769
2,9,13,15531,14820.829768449516,710.1702315504845
9,1,14,13924,14435.216979859564,511.21697985956416
7,17,15,19101,20327.094512460346,1226.0945124603459
7,17,3,12468,12978.179020849697,510.1790208496968
10,11,16,15780,15219.377639636146,560.6223603638537
11,22,9,17350,16329.305115956222,1020.6948840437781
11,20,19,18197,15311.55885482828,2885.4411451717206
1,15,18,19131,15974.510475620373,3156.4895243796273
6,18,3,15132,15586.570651016908,454.5706510169075
1,21,1,14297,14393.328005665346,96.3280056653457
1,30,17,19429,15132.825971631933,4296.1740283680665
5,20,9,12283,12063.154178496781,219.84582150321876
2,28,2,16439,15097.855274779855,1341.1447252201451
6,19,23,15229,15944.054115053674,715.0541150536737
2,17,11,16178,14576.56625241071,1601.4337475892899
7,25,19,20825,19475.427359205984,1349.5726407940165
3,11,10,14670,14351.758132400942,318.2418675990575
2,27,9,16149,15273.332360746648,875.6676392533518
12,17,23,16927,15587.194976278095,1339.805023721905
6,8,9,14461,14642.800235529343,181.8002355293429
3,18,0,14120,14120.099945401982,0.0999454019820405
4,16,21,16201,15456.361586334948,744.6384136650522
2,13,6,14530,14932.477508004866,402.47750800486574
11,16,0,15309,14430.59132836268,878.4086716373204
8,17,21,18529,18084.025550683866,444.97444931613427
11,17,6,13256,13415.422475131178,159.42247513117763
10,10,10,15581,15019.591591351531,561.408408648469
12,23,8,15254,15357.76765137422,103.7676513742208
6,9,12,16617,16086.91277826117,530.0872217388296
11,17,18,17115,13748.828634249565,3366.171365750435
7,25,5,12557,12324.21481843347,232.7851815665308
8,25,21,21528,20028.77295695116,1499.2270430488388
11,28,2,14417,13834.3439201152,582.6560798848004
7,20,20,19952,17417.022529706286,2534.977470293714
7,16,6,14038,13794.024528991165,243.97547100883457
1,14,10,16947,15047.30248720932,1899.6975127906808
4,3,5,12729,14226.55380456828,1497.5538045682806
12,17,9,18578,16033.212834634112,2544.7871653658876
5,3,15,15396,15060.082522290117,335.9174777098833
1,18,16,18071,16047.6208671887,2023.3791328113002
11,11,7,13901,12622.480462797941,1278.519537202059
1,21,20,20875,15224.092969745923,5650.907030254077
3,11,12,15447,15317.731642764053,129.2683572359474
3,16,18,16216,15658.882920907667,557.1170790923334
5,2,19,13759,14472.721862834629,713.7218628346291
3,30,18,15874,15302.019777453565,571.9802225464355
1,4,10,17157,16297.560648059638,859.439351940362
12,21,12,17470,16542.189223427868,927.8107765721325
12,5,11,18675,16380.85066249066,2294.1493375093396
7,27,6,14960,14038.627154174861,921.3728458251389
5,28,16,13583,14446.31592099062,863.3159209906207
7,30,7,12356,12297.966806856502,58.033193143497556
5,18,17,13169,14387.143041107436,1218.1430411074361
12,11,13,17815,16094.116429774253,1720.8835702257475
7,5,19,21171,19123.357879740022,2047.6421202599777
3,14,17,18276,16131.884454990955,2144.1155450090446
10,3,6,14446,14409.988731331176,36.011268668824414
10,19,11,14500,14453.72254829418,46.27745170582057
5,25,21,18378,18859.462321528503,481.4623215285028
7,1,1,14233,14022.655095396318,210.34490460368215
6,3,4,11426,13015.466471912776,1589.466471912776
9,26,12,16424,16829.471683270353,405.4716832703525
1,18,13,18689,16766.889316466568,1922.1106835334322
5,16,16,12619,14176.687022978977,1557.6870229789765
7,12,9,16932,16934.663136781135,2.6631367811351083
12,8,19,19971,15742.853562819659,4228.146437180341
8,10,12,17507,17693.566585658227,186.56658565822727
8,28,8,18566,17466.82225545727,1099.1777445427288
8,5,6,13457,13808.292839630018,351.2928396300176
12,4,13,15094,14340.98154378955,753.0184562104496
6,8,6,14062,13512.589824515144,549.4101754848562
1,15,4,16074,15220.349427327728,853.6505726722717
3,16,10,16688,15459.12250754889,1228.8774924511108
11,8,11,16481,15995.415521049019,485.58447895098107
1,1,0,14665,15000.788207069396,335.78820706939587
7,6,18,23173,17534.21172118566,5638.78827881434
2,1,2,14841,14963.724921797764,122.72492179776418
3,8,17,15951,15031.814876397528,919.1851236024722
3,4,12,17016,15611.741991301922,1404.258008698078
2,6,12,18307,16342.041734728467,1964.9582652715326
7,27,15,18199,18600.21108676578,401.2110867657793
5,21,10,13078,13077.900113598746,0.09988640125448
4,30,10,15180,15379.995745151766,199.99574515176573
1,22,15,17525,15812.375361369317,1712.624638630683
3,5,8,15465,14596.815174978046,868.1848250219537
9,19,8,16459,16648.552075651325,189.55207565132514
6,12,7,11754,12668.461413993207,914.4614139932073
12,15,7,17277,15423.166802604694,1853.8331973953063
4,13,21,16209,16208.899825553272,0.10017444672848796
3,1,5,13074,14745.823920788098,1671.823920788098
11,9,3,12790,13565.12557832073,775.1255783207307
5,20,17,18523,17770.44882603446,752.5511739655412
3,7,19,17290,15030.581877596103,2259.4181224038966
3,22,21,17106,15339.986722808208,1766.0132771917924
2,19,4,12957,14820.774591450849,1863.7745914508487
3,16,0,13985,13780.83687331364,204.16312668636056
12,11,21,21070,15446.978954440923,5623.021045559077
6,15,5,12135,11713.093005789346,421.9069942106544
5,31,16,14424,15648.433586012467,1224.4335860124665
8,9,6,13624,13116.134518944395,507.8654810556054
4,3,2,11671,13701.06134180472,2030.0613418047196
1,10,23,16995,16233.115342148485,761.8846578515149
12,29,23,17483,15144.587879577532,2338.4121204224684
6,6,14,16029,15410.71611754594,618.2838824540595
2,26,6,15134,15256.386247238916,122.38624723891553
1,14,7,16147,15075.740925467528,1071.2590745324724
10,3,9,15350,14776.759494239746,573.2405057602537
4,5,19,15376,15107.715320401325,268.2846795986752
2,15,21,18624,15647.825428433993,2976.174571566007
9,10,15,18668,18989.16856080384,321.1685608038388
5,10,20,15459,15246.416322729636,212.5836772703642
5,7,1,12101,13271.27156061151,1170.2715606115107
11,22,18,17926,15850.908605312728,2075.0913946872715
6,5,11,14797,14956.101285381474,159.10128538147364
8,28,15,19767,16750.766049226626,3016.233950773374
9,5,21,17926,15971.123867427521,1954.876132572479
8,15,1,14027,13790.917826597086,236.08217340291412
6,24,13,17431,17068.4050660821,362.59493391789874
1,4,23,15772,15510.407872578626,261.59212742137424
10,9,20,15097,15580.181941543031,483.1819415430309
12,28,0,14012,13267.825089125172,744.1749108748281
10,19,23,12915,14256.899375879546,1341.899375879546
6,3,13,17056,16779.22151241744,276.77848758256005
11,4,23,14757,14833.657284478886,76.65728447888614
7,14,22,17675,17705.114223026263,30.114223026263062
1,25,22,18495,15609.193284084226,2885.8067159157745
9,27,19,16330,15677.636003249845,652.3639967501549
1,13,8,20220,15093.868459672465,5126.131540327535
1,27,22,17537,15980.095833038824,1556.904166961176
1,11,20,18186,15980.64446377769,2205.3555362223105
11,29,16,18014,15841.23607017564,2172.7639298243594
4,26,0,12477,11860.211289163963,616.7887108360374
6,22,7,14383,13165.44865896796,1217.55134103204
12,11,17,16089,14559.1006451032,1529.8993548967992
1,23,14,17245,15236.130717080796,2008.8692829192041
11,11,5,11428,13006.677635712387,1578.6776357123872
8,9,4,13984,15410.991440513415,1426.991440513415
11,1,13,14628,14332.178091784444,295.8219082155556
3,31,19,15608,15482.863613042315,125.13638695768532
5,15,4,12044,13207.91093398814,1163.9109339881397
8,16,8,15636,15645.049087029958,9.049087029958173
3,7,2,13285,13104.40613087561,180.59386912439004
11,14,4,14478,14232.978405307595,245.02159469240542
12,5,17,17718,16120.296893023975,1597.703106976025
12,19,22,18006,15867.409112018477,2138.5908879815233
3,19,9,15530,14046.750622958025,1483.249377041975
7,16,1,13123,12219.540015041097,903.4599849589031
3,28,16,15901,15900.89974246494,0.10025753505942703
3,31,8,17012,15792.717262436276,1219.2827375637244
6,6,13,15003,15017.276743664659,14.27674366465908
9,26,6,13748,13849.186268228561,101.18626822856095
12,26,7,13339,14959.197978417287,1620.1979784172872
3,11,4,13725,13682.84134590595,42.15865409404978
7,6,16,21432,20137.98773972732,1294.0122602726806
1,12,16,17278,14944.405240565604,2333.594759434396
2,10,0,16186,15306.429235702612,879.5707642973885
1,10,12,17294,16307.181850135537,986.8181498644626
11,20,11,16832,15769.053632770281,1062.9463672297188
8,30,17,17611,17877.768429889544,266.76842988954377
9,29,9,12204,11930.740205278324,273.25979472167637
7,12,6,13063,13482.464099141944,419.46409914194373
9,12,23,15597,15315.98689454305,281.01310545695014
4,8,8,14086,13741.208843110586,344.7911568894142
7,19,11,15333,14668.116011767364,664.8839882326356
7,10,9,13015,13288.180691159083,273.1806911590829
8,27,14,16184,15998.8333670716,185.16663292839985
9,28,1,11861,12520.83600804922,659.8360080492203
9,21,3,12002,12737.229317321675,735.2293173216749
7,26,2,14316,14761.765169187931,445.76516918793095
10,5,15,18223,18172.85389571785,50.14610428215019
12,26,0,13696,15079.97963655044,1383.9796365504408
7,27,8,19461,18867.007788657742,593.9922113422581
9,28,21,15452,15488.09618432661,36.096184326610455
6,10,4,11218,11945.93654893085,727.9365489308493
7,18,0,13333,13870.759369031957,537.7593690319572
10,20,2,11293,13211.550569632589,1918.550569632589
5,21,3,12023,13790.243663206113,1767.2436632061126
1,29,6,14475,14989.316465151267,514.316465151267
11,24,8,14469,14082.929722778505,386.0702772214954
2,29,23,17083,15500.711274001305,1582.2887259986946
5,21,2,10420,13243.579099493983,2823.5790994939834
2,10,17,16334,14676.500836448598,1657.4991635514016
11,18,10,14982,13452.477437391757,1529.5225626082429
7,23,23,17508,17901.526321431516,393.5263214315164
4,14,16,13623,15106.954817215568,1483.9548172155683
12,16,23,16559,15750.531325441383,808.4686745586168
6,4,23,13367,15374.889771861472,2007.8897718614717
7,31,23,13068,14927.388017259314,1859.3880172593144
6,19,7,14564,13272.600488034237,1291.399511965763
8,23,3,12542,13237.66948211914,695.6694821191395
12,20,10,14967,13861.938989068705,1105.0610109312947
1,4,11,15940,14846.556842415466,1093.4431575845338
2,8,12,18584,15171.314424641861,3412.6855753581385
10,27,8,15956,15628.421563999258,327.57843600074193
8,1,2,13331,13756.2695371376,425.2695371375994
5,8,10,14462,14462.100179486866,0.10017948686618183
10,5,13,12635,13050.639644183133,415.639644183133
8,2,2,13209,13149.428663629977,59.571336370023346
4,27,7,15371,13856.3092719311,1514.6907280688993
3,28,16,14904,14488.906821618359,415.09317838164134
11,20,17,16609,14858.617399544444,1750.3826004555558
9,4,6,11353,11445.531240655122,92.53124065512202
10,3,7,15342,13973.990166292684,1368.009833707316
8,7,21,17500,18001.041644519835,501.04164451983524
5,22,2,10855,13436.748167480402,2581.748167480402
6,9,18,15658,15772.851140452898,114.85114045289811
6,3,12,14310,14309.899816598374,0.10018340162605455
11,14,12,14018,13483.488029039407,534.5119709605933
6,1,19,17163,16219.256516093188,943.7434839068119
12,16,8,15836,14855.809809043762,980.1901909562384
2,20,23,17509,15320.987190269567,2188.012809730433
3,13,8,16979,16203.398600575481,775.6013994245186
8,7,16,17681,18237.134802285793,556.1348022857928
1,29,17,19441,16037.708083827976,3403.291916172024
1,27,13,17328,15194.917334030968,2133.082665969032
8,14,22,14909,15186.276268876885,277.2762688768853
4,23,22,13701,14489.409046649826,788.4090466498255
12,5,18,19643,16019.454306085703,3623.545693914297
9,19,10,12775,12542.71008444921,232.28991555078937
2,2,10,17916,16350.276881314114,1565.7231186858862
3,14,18,17023,15314.479949592403,1708.5200504075965
10,4,13,15596,15797.696262351568,201.6962623515683
10,13,3,10708,12263.98548259324,1555.9854825932398
8,19,8,16408,15977.386782837,430.6132171629997
11,21,9,14197,13308.707009798909,888.292990201091
11,13,0,13917,14215.736701064649,298.7367010646485
8,11,10,16830,16553.266595067296,276.7334049327037
1,12,16,16373,14638.315829959707,1734.6841700402929
8,24,15,17559,16324.089700237411,1234.9102997625887
10,2,21,15783,15594.304444676281,188.6955553237185
8,18,10,15764,14956.825834047615,807.174165952385
1,8,11,16576,15252.905836949243,1323.0941630507568
4,3,15,14382,14877.83633172332,495.83633172331974
5,2,6,14494,14079.637871933915,414.36212806608455
2,27,4,14120,14346.28395505369,226.28395505369008
10,16,23,14383,15926.202098580157,1543.2020985801573
9,13,2,11435,12444.433664006658,1009.4336640066576
7,8,10,15642,14410.627967802935,1231.372032197065
5,10,2,11534,14293.157100120497,2759.1571001204975
9,10,9,15505,15104.549584788563,400.45041521143685
1,30,10,19031,15154.074479596318,3876.9255204036817
3,24,2,13495,12977.811178755517,517.1888212444828
3,10,14,14249,14532.67294861418,283.6729486141794
10,14,18,16129,15500.91688573639,628.0831142636107
3,10,7,15628,14949.030185920303,678.9698140796972
3,27,21,14770,15595.86033795502,825.8603379550204
12,5,0,14698,14241.399017287637,456.6009827123635
10,18,9,15710,14892.165107135485,817.8348928645155
4,2,5,11890,13620.84784480287,1730.847844802871
10,8,13,13978,13296.46291491888,681.5370850811196
6,4,19,16183,14731.038773117554,1451.9612268824458
10,8,23,13278,14540.577668962169,1262.577668962169
2,8,10,17200,16115.655199837207,1084.344800162793
12,30,14,17118,14641.293830134657,2476.7061698653433
5,4,1,10467,12268.890287060469,1801.8902870604688
10,6,0,12194,12254.627907939785,60.62790793978456
3,14,6,14291,14290.899975072021,0.1000249279786658
2,24,12,18111,16718.22546730217,1392.7745326978293
10,8,12,13956,14569.708434521712,613.7084345217118
12,11,14,19106,16217.834225255121,2888.165774744879
1,17,23,15383,15453.702534397054,70.70253439705448
4,16,22,13504,14099.245832223367,595.245832223367
4,18,2,13371,13419.055591134154,48.05559113415438
3,16,18,16104,16051.988105618559,52.01189438144138
1,19,13,17117,16012.3237947661,1104.6762052339
3,26,6,15969,14729.66497616498,1239.3350238350195
11,6,15,13307,12706.44571314825,600.5542868517496
1,18,11,17480,16880.243353511123,599.7566464888769
1,18,11,17554,15032.99273378102,2521.0072662189796
10,14,18,15544,15098.624674855399,445.37532514460145
3,30,16,15148,14616.729227235819,531.270772764181
4,15,13,15486,15544.889728304957,58.889728304957316
10,31,3,12657,12652.022261857413,4.9777381425865315
5,3,19,15406,15383.564674006637,22.43532599336322
1,26,19,18609,15802.50761945653,2806.49238054347
9,9,18,14270,13604.384437118126,665.6155628818742
4,30,6,14727,14333.753298579046,393.2467014209542
11,22,6,13949,13157.557448825748,791.442551174252
1,6,20,18547,15500.129509956207,3046.8704900437933
3,17,11,14590,14304.132948369426,285.86705163057377
5,27,3,11467,12604.056288289983,1137.056288289983
12,1,8,15791,14669.573463757626,1121.426536242374
8,7,21,17132,16750.29629014045,381.70370985955014
12,18,11,17505,15283.320978408632,2221.679021591368
5,2,2,11497,12594.991586577273,1097.9915865772728
12,27,2,12197,12424.413106171656,227.41310617165618
7,25,3,11912,12255.473693405816,343.47369340581645
9,5,12,18015,18297.03343220234,282.0334322023409
3,18,8,17373,15900.420470404428,1472.5795295955722
1,28,17,17557,15017.455268962032,2539.5447310379677
11,30,10,16215,15661.31093954843,553.6890604515702
9,27,6,13366,13404.548769322893,38.54876932289335
12,19,17,19961,16008.64986464477,3952.350135355229
2,13,6,17581,15090.887156368313,2490.1128436316867
9,3,6,13572,13379.955167572547,192.044832427453
6,4,13,16833,17304.25523339228,471.2552333922795
12,4,15,15111,15242.68304249991,131.6830424999098
1,22,10,19635,15385.387786993475,4249.612213006525
7,3,10,14313,14745.526937891704,432.5269378917037
3,23,20,16049,15210.751456701777,838.248543298223
2,12,8,15117,14051.017894131135,1065.982105868865
11,12,16,17771,15468.299056510237,2302.7009434897627
3,2,12,17662,15929.07456372653,1732.92543627347
2,23,17,15447,15339.974604237565,107.02539576243544
8,17,1,15960,16130.744839301255,170.74483930125461
2,22,4,13548,13675.97588818041,127.97588818041004
6,17,11,14628,14889.952374943736,261.9523749437358
2,10,22,17889,15546.989674107725,2342.0103258922754
11,12,21,15361,15594.879959333046,233.87995933304592
3,3,21,19406,15530.154136963798,3875.845863036202
5,31,15,13250,14346.291174704691,1096.291174704691
8,12,10,18301,17999.215258335582,301.7847416644181
7,31,16,20349,18559.267764860793,1789.7322351392068
1,1,3,12531,14759.089888364408,2228.0898883644077
3,2,21,19812,15576.832171268248,4235.167828731752
11,26,6,14812,14537.311916773064,274.6880832269362
12,9,15,15894,14896.842056534028,997.1579434659725
8,4,19,19783,19728.723172768667,54.2768272313333
9,8,11,13327,12182.97932125354,1144.0206787464595
2,19,14,16989,15228.765579070383,1760.234420929617
5,14,19,16499,15353.37924179273,1145.6207582072693
6,5,23,13356,14445.73700235517,1089.7370023551703
11,6,10,13180,13146.981043351368,33.0189566486315
9,14,17,17082,16404.56509709718,677.4349029028199
10,12,18,16255,15601.71028049873,653.2897195012702
9,17,23,12740,14638.630374597873,1898.630374597873
12,15,22,17616,15353.254266743535,2262.7457332564645
3,2,23,16293,15742.436027699236,550.5639723007644
9,4,17,15202,15284.651237360848,82.65123736084752
9,26,17,16035,15326.374337046387,708.6256629536128
3,11,11,14525,14163.766977813044,361.2330221869561
12,29,10,16432,15549.466151427414,882.5338485725861
11,16,7,15582,14791.252893653147,790.7471063468529
8,18,4,13901,14887.46976117454,986.4697611745396
10,15,16,14274,15124.453405347971,850.453405347971
5,19,10,13677,13676.899827966508,0.10017203349161719
5,11,1,11635,13166.667817437157,1531.6678174371573
12,18,6,15355,15240.107644009993,114.89235599000676
9,14,15,15083,16887.63553095391,1804.6355309539103
10,30,5,13268,13965.202671907326,697.2026719073256
11,20,7,16756,15028.842591615592,1727.157408384408
3,23,18,17399,15435.002215635359,1963.9977843646411
12,19,10,15985,13970.275584187106,2014.7244158128942
1,3,0,15879,14677.089794246569,1201.910205753431
4,6,20,17278,15949.285637315732,1328.714362684268
8,1,6,13515,13455.882730737467,59.11726926253323
4,5,11,15796,16119.352773422686,323.35277342268637
3,10,14,15475,15452.97986320821,22.02013679179072
1,2,17,18802,16158.776368551193,2643.2236314488073
8,16,14,21040,19720.607092523802,1319.3929074761982
11,3,7,14810,13927.095480597143,882.9045194028567
9,25,7,11926,12698.984303288213,772.9843032882127
7,11,10,19206,19688.033309884948,482.0333098849478
12,10,19,20969,15588.531473065968,5380.468526934032
5,8,5,12090,12724.764198651912,634.764198651912
9,26,16,13698,14260.417232415472,562.4172324154715
8,13,9,17584,17524.49028249599,59.50971750401004
5,5,10,14441,15303.185345254986,862.1853452549858
10,16,12,14225,14334.056783581687,109.05678358168734
6,7,8,15116,15316.356057451714,200.35605745171415
1,3,1,15340,15089.165322754934,250.8346772450659
10,25,13,16081,15419.407123983794,661.592876016206
1,15,8,18989,15427.966538161192,3561.033461838808
12,31,7,15897,15090.23424845328,806.7657515467199
4,22,11,13269,13028.816912619686,240.18308738031374
6,25,1,14127,14408.222502940613,281.2225029406127
11,6,10,15604,14594.245239041862,1009.7547609581379
10,1,11,14458,15391.874464293118,933.8744642931179
6,11,1,11477,12658.724099178211,1181.724099178211
8,12,18,18823,18398.261975183184,424.7380248168156
1,12,16,19105,16673.158003966793,2431.8419960332067
9,23,5,12522,12929.945735798985,407.94573579898497
7,13,21,18970,18959.694548688592,10.305451311407523
3,7,6,14342,13932.956683645678,409.0433163543221
10,27,18,18052,16508.504725591898,1543.495274408102
11,8,4,12683,13204.840420425962,521.8404204259623
9,23,16,17756,17970.77102075771,214.77102075771109
2,23,4,14536,14946.693370525054,410.693370525054
2,12,10,18675,15927.302500357891,2747.6974996421086
5,22,18,15473,15203.438423520884,269.5615764791164
12,9,14,17283,16277.791290969526,1005.208709030474
11,20,16,16014,14843.58129191226,1170.41870808774
1,11,22,16962,15225.078203376492,1736.9217966235083
7,5,8,16759,15952.326333103654,806.6736668963458
10,19,5,12891,13283.85875877523,392.85875877522994
3,2,22,19004,15548.602364803235,3455.397635196765
3,4,7,14944,14461.894128253773,482.1058717462274
11,27,17,17010,15706.034816968537,1303.9651830314633
2,23,0,14956,13271.505577875947,1684.494422124053
12,5,19,19271,16183.544129597902,3087.4558704020983
7,6,13,19675,18453.010955667865,1221.9890443321347
2,25,5,14315,13904.92587602432,410.0741239756808
8,29,5,13328,14240.878356855159,912.8783568551589
8,12,3,16262,16857.286825750874,595.2868257508744
7,16,7,14437,12829.49026206007,1607.5097379399303
8,19,17,16547,15231.446970452427,1315.5530295475728
12,26,17,14835,14463.343558887405,371.6564411125946
12,3,5,13290,13409.363696820647,119.36369682064651
6,5,16,15275,15189.387759447478,85.61224055252205
6,7,8,15005,14892.558483514298,112.44151648570187
11,9,23,14212,15121.082390207548,909.0823902075481
8,25,18,19514,16863.588709265343,2650.411290734657
6,2,19,14788,14898.85949975353,110.85949975352924
6,8,21,14403,14605.009185705198,202.00918570519752
9,3,3,11859,12463.278835898867,604.2788358988673
7,29,11,17292,15325.941411885293,1966.0585881147072
1,3,17,18928,16826.886935413968,2101.113064586032
11,13,5,13551,13734.843055338024,183.843055338024
3,31,1,12657,13360.197134850845,703.197134850845
9,21,6,14332,13360.285355757691,971.7146442423091
9,16,16,15703,15961.737167566964,258.73716756696376
3,30,22,14028,15015.620512876327,987.6205128763268
6,25,4,11740,12238.076239800233,498.07623980023345
1,2,10,15819,15174.77436904799,644.2256309520108
2,7,20,19620,15651.262914858022,3968.7370851419782
1,1,18,16324,15007.905999463483,1316.0940005365173
4,19,18,15127,14853.77653388865,273.2234661113507
2,9,1,14630,14075.276748242313,554.7232517576867
8,11,18,18360,18686.650519693718,326.6505196937178
12,1,9,17833,15702.87587548273,2130.1241245172696
4,24,6,12164,12883.62787885766,719.6278788576601
8,13,2,12741,13769.069251071567,1028.0692510715671
12,10,17,18910,16253.178614876902,2656.8213851230976
3,1,17,16035,15125.975544586465,909.0244554135352
11,9,12,14994,14755.031624235009,238.96837576499092
9,10,13,16174,15819.018610947038,354.9813890529622
10,25,22,14789,15306.413986323369,517.4139863233686
3,17,18,18685,15478.532703858386,3206.4672961416145
11,27,10,16679,16243.095617849893,435.90438215010727
8,2,6,14579,14085.04141630841,493.9585836915903
7,8,2,12586,12619.51042538293,33.51042538293041
8,19,17,21629,20398.87241220482,1230.1275877951812
4,9,10,14474,14255.092261391368,218.90773860863192
1,29,14,17708,15800.847350263786,1907.1526497362138
9,20,13,18296,18484.154592505234,188.15459250523418
6,24,12,16228,15801.108147199371,426.89185280062884
2,5,18,18626,15730.371486761262,2895.6285132387384
5,2,9,11085,13601.104051211305,2516.104051211305
3,16,16,16238,15432.981562491208,805.018437508792
5,12,8,13718,15893.310988630868,2175.3109886308685
7,7,18,18692,16609.957012813265,2082.0429871867345
7,12,14,17076,17109.343131229372,33.343131229372375
6,11,8,13256,13000.612240817818,255.38775918218198
6,3,12,13802,14190.671102104388,388.6711021043884
12,13,12,18669,16427.593771114247,2241.406228885753
1,30,6,15554,15323.210785929781,230.7892140702188
11,6,19,17985,15558.942032326939,2426.0579676730613
2,21,19,18657,15980.988531597864,2676.0114684021355
9,13,15,13735,14237.484265149957,502.4842651499566
10,19,16,14758,14758.099658523932,0.09965852393179375
2,14,23,15958,16088.164719633969,130.16471963396907
3,18,23,14538,15578.44216627878,1040.4421662787809
1,17,22,19286,15764.983464464032,3521.0165355359677
11,21,11,17873,16128.700507420379,1744.299492579621
8,25,21,20563,18305.304326154317,2257.695673845683
7,11,1,16127,15204.745177807816,922.2548221921843
10,18,10,15644,15649.767156560434,5.7671565604341595
10,30,22,16019,15514.026182382144,504.9738176178562
12,18,1,14042,13325.087625474083,716.9123745259167
5,28,13,12766,13778.230127384213,1012.2301273842131
10,30,3,12581,13551.312365196267,970.3123651962669
5,9,22,13659,15064.464805386677,1405.4648053866767
9,29,13,14003,15068.227721530413,1065.227721530413
12,30,0,15635,14853.86168495787,781.1383150421298
12,10,0,13975,13638.25904848391,336.7409515160907
8,22,12,15377,15585.386356639998,208.38635663999776
4,30,12,13671,14820.214755550935,1149.2147555509346
1,31,2,14782,14434.350374944435,347.6496250555647
5,10,17,13544,14739.907508391116,1195.9075083911157
12,3,5,14163,14582.155449353924,419.15544935392427
7,18,9,18110,17327.970813262033,782.0291867379674
3,1,23,16645,16102.79430324364,542.2056967563603
5,13,13,16186,16939.43783653705,753.4378365370503
5,6,22,13272,15183.079062014604,1911.0790620146036
3,4,16,17201,15620.075159732489,1580.9248402675112
4,28,7,14022,13178.277442020617,843.722557979383
1,21,21,20574,15183.263065127847,5390.736934872153
5,2,6,13103,12878.352993431014,224.6470065689864
9,25,8,16191,16113.274872373142,77.72512762685801
2,28,2,13011,13713.657111342838,702.6571113428381
6,22,21,18610,17774.19704806129,835.8029519387092
2,8,20,19337,15513.035534585975,3823.9644654140247
7,4,12,14248,14523.782722353471,275.7827223534714
3,1,2,12870,13794.5685854536,924.5685854536005
8,24,22,16385,15868.208298161899,516.7917018381013
1,7,15,19265,15160.227706602902,4104.772293397098
11,30,11,17529,16758.028806353577,770.9711936464228
12,4,7,14308,14702.297828451718,394.2978284517176
4,28,16,14937,15185.489654407558,248.4896544075582
4,29,9,12844,13320.638431728996,476.6384317289958
12,20,17,18724,15733.623248130965,2990.3767518690347
4,27,23,13869,15876.365920586153,2007.3659205861532
8,30,3,14715,16306.749622960298,1591.7496229602984
4,3,5,13891,14295.233604186971,404.2336041869712
8,25,18,20270,18656.24828758439,1613.751712415611
10,23,4,12675,13120.3798593977,445.3798593977008
9,10,10,15780,15592.949922509106,187.05007749089418
2,26,4,14951,15193.736265712116,242.7362657121157
11,30,19,18417,16030.561357019174,2386.4386429808255
12,23,4,13557,13660.236737405068,103.2367374050682
11,14,3,13608,14610.330219854968,1002.3302198549682
12,18,5,13304,14306.728013500457,1002.7280135004567
7,11,2,13738,13738.100076696355,0.10007669635524508
10,21,11,14227,14595.368811532862,368.3688115328623
9,28,7,14035,13621.63353921855,413.36646078144986
8,24,1,12357,12176.422859881064,180.57714011893586
7,24,2,14478,15279.55057357609,801.5505735760908
3,7,0,14149,13170.373382624184,978.6266173758158
3,3,16,16826,15770.055195181669,1055.9448048183312
12,11,9,17888,16037.197670179266,1850.8023298207336
6,20,19,18218,17347.253995228508,870.7460047714922
11,7,12,16893,15966.310644936453,926.6893550635468
12,9,3,13384,13960.128717610447,576.128717610447
11,21,23,16401,15540.359936600276,860.6400633997237
7,8,9,18253,17934.133756051975,318.86624394802493
1,1,11,14078,14954.464699614557,876.4646996145566
12,1,18,19273,16096.230354819936,3176.769645180064
4,20,23,14132,16196.071484924738,2064.071484924738
5,4,10,14696,14471.843418632503,224.15658136749698
12,1,2,13155,14222.092194608476,1067.0921946084763
8,22,5,12703,13172.915000378005,469.91500037800506
11,22,6,12213,13441.951310161458,1228.9513101614575
9,27,14,16321,16519.533734406465,198.53373440646465
3,29,11,14151,14240.362743931943,89.36274393194253
1,24,3,14429,15017.49898819114,588.4989881911406
1,6,0,17619,15222.588714969286,2396.4112850307138
9,8,4,11444,13075.680470809351,1631.6804708093514
4,10,0,13189,12402.670638350515,786.3293616494848
9,3,12,15910,15909.899933874494,0.10006612550569116
2,7,5,14405,14861.911046329204,456.9110463292036
3,21,4,15503,15060.173544824405,442.8264551755947
10,27,13,15464,16186.123350627546,722.1233506275457
5,9,4,11462,11731.386839874676,269.3868398746763
7,20,10,17660,18317.06073883217,657.0607388321696
6,22,18,15534,15809.658493358356,275.6584933583563
9,18,2,13137,13675.41208571372,538.4120857137204
6,21,14,15376,15940.054934373358,564.0549343733583
7,16,12,20147,20591.815459050908,444.8154590509075
10,30,1,12206,14066.567196929245,1860.5671969292453
11,23,7,15440,15228.527066435863,211.47293356413684
10,25,9,15902,15732.73222943723,169.26777056277024
10,5,23,13588,14513.844349890609,925.844349890609
5,23,4,11526,13037.780198623192,1511.7801986231916
12,9,12,15255,14019.456788177731,1235.5432118222689
5,26,22,14422,15134.69004657468,712.6900465746803
12,22,20,19098,15713.952499534895,3384.0475004651053
11,12,1,12686,11965.716183611357,720.2838163886427
7,28,15,20045,17902.162669930738,2142.837330069262
7,27,22,16876,16844.229824613274,31.770175386725896
10,2,14,14381,14268.798194082845,112.20180591715507
3,18,20,18557,15122.721417593893,3434.2785824061066
12,17,0,16473,14983.146818861544,1489.8531811384564
7,27,10,17118,17197.833314565978,79.83331456597807
9,19,19,19385,19299.623105420473,85.37689457952729
8,8,1,13957,13947.136216343466,9.863783656533997
12,6,12,16663,14290.755549379588,2372.244450620412
9,4,21,20938,15343.69656360173,5594.30343639827
8,20,16,18525,19708.495971553253,1183.4959715532532
3,13,9,15637,15381.15175967905,255.84824032094912
3,6,19,20193,15222.599463376931,4970.400536623069
10,14,17,15507,15003.52288207614,503.4771179238596
10,15,7,15137,13184.900949829605,1952.0990501703945
7,18,21,19331,19695.81713850867,364.81713850867163
3,12,7,14742,14327.58998534653,414.41001465346926
6,1,21,20577,19117.15800707447,1459.8419929255288
5,23,18,15888,15666.121349781757,221.8786502182429
9,26,7,15153,13762.786668309089,1390.2133316909112
11,7,6,13424,12757.381247370547,666.6187526294525
3,23,15,16069,15840.371678382271,228.62832161772894
7,3,11,16592,17102.11684424377,510.1168442437702
3,21,11,17151,16244.947611269197,906.0523887308027
7,15,15,18445,18287.27884572652,157.72115427348035
8,7,15,17411,17560.053824044226,149.05382404422562
2,22,13,17450,15102.979576581023,2347.020423418977
3,4,17,15481,14899.94417174661,581.0558282533893
9,29,20,15373,14955.484447742336,417.51555225766424
12,3,9,15189,14289.47183670251,899.5281632974893
6,28,5,13969,14095.376729184894,126.37672918489443
5,20,18,12760,13160.603133417308,400.6031334173076
11,24,12,16901,15642.430322369732,1258.5696776302684
12,22,13,18496,15251.603867244892,3244.396132755108
11,17,20,16940,15302.167075589792,1637.8329244102079
11,1,12,16307,14706.67931994064,1600.3206800593598
12,23,8,16114,15637.846225339843,476.15377466015707
1,27,18,19391,15755.517140871407,3635.482859128593
7,3,9,18509,17618.424351129517,890.5756488704828
11,3,1,13185,14293.822106222737,1108.8221062227367
3,3,14,16832,15666.69438176713,1165.3056182328692
7,18,9,16164,15518.0566590541,645.9433409458998
6,10,15,15034,16178.825022133295,1144.8250221332946
7,20,19,18508,16451.72732519714,2056.2726748028617
11,4,8,16903,16316.699769205083,586.3002307949173
4,13,0,12604,13029.332712376325,425.3327123763247
1,27,8,15661,14334.971494604042,1326.0285053959578
2,27,6,14581,14619.400184232085,38.40018423208494
12,24,17,16133,14567.756712416698,1565.243287583302
3,23,9,16970,16390.414704983003,579.5852950169974
9,20,14,13243,13282.150809755743,39.15080975574347
11,21,8,17091,16047.18389653006,1043.8161034699406
3,19,10,15880,14257.524748407615,1622.4752515923847
11,12,10,17753,16474.561293293213,1278.4387067067873
12,22,15,17125,16270.982551928108,854.0174480718924
11,8,10,12915,13072.84337936635,157.84337936634984
8,8,16,19879,18423.677695959894,1455.3223040401062
2,4,11,16726,15249.403701220926,1476.5962987790735
5,8,3,10881,12137.89660628291,1256.8966062829095
7,19,22,20650,17366.45555629346,3283.5444437065416
6,5,22,14459,14706.201096832945,247.20109683294504
4,30,16,13874,15169.044329589975,1295.044329589975
4,3,19,17592,15870.546785198161,1721.4532148018388
4,30,1,11071,13420.313078796464,2349.3130787964637
6,28,1,13415,13625.331155119105,210.33115511910546
7,28,21,15394,15848.191322461442,454.1913224614418
12,28,16,14891,13994.67025572546,896.3297442745406
4,15,18,15538,14975.099359083923,562.9006409160775
8,31,19,18510,17941.317659720244,568.6823402797563
6,21,15,19320,18419.716676923214,900.2833230767865
8,21,3,12299,13420.790719324235,1121.7907193242354
1,6,3,12462,12517.165877366951,55.16587736695146
9,2,23,13657,14324.13579047463,667.1357904746292
6,16,1,12018,11817.540834095435,200.45916590456545
10,3,6,13683,14464.977563054294,781.9775630542936
3,29,2,13800,14320.304431389146,520.304431389146
11,25,5,14385,14476.384450518486,91.38445051848612
7,20,4,15497,16255.414587380128,758.4145873801281
7,1,17,19049,15228.320541300136,3820.679458699864
3,16,17,16157,15464.295740812926,692.7042591870741
4,7,23,13995,15970.911524726042,1975.9115247260415
6,27,12,18676,18469.795593704977,206.20440629502264
3,29,13,14959,14696.10038882005,262.8996111799497
11,29,10,17567,16373.173729822942,1193.8262701770582
2,2,3,13701,14521.562437716373,820.5624377163731
11,30,14,17462,14698.497958199716,2763.502041800284
9,12,3,13123,13329.526363946103,206.52636394610272
4,2,8,16438,15379.335036342889,1058.664963657111
2,9,4,15627,15357.552196025868,269.4478039741316
12,3,9,17741,15847.824521631077,1893.175478368923
11,26,7,16011,15425.40210319736,585.5978968026393
10,27,19,17317,14848.434004147657,2468.565995852343
10,2,0,11943,12057.503842445833,114.50384244583256
3,8,16,15433,15543.94522381003,110.94522381002935
5,14,10,13212,14046.705857664358,834.7058576643576
6,9,13,16354,16117.441754683325,236.5582453166753
8,27,22,17150,16934.639289386396,215.36071061360417
3,26,10,18102,15709.397608461573,2392.6023915384267
4,6,10,14957,14999.665512587388,42.66551258738764
2,11,9,16538,14194.605590611738,2343.394409388262
3,14,5,13274,12963.239287429533,310.76071257046715
12,3,2,12958,13428.839652917288,470.8396529172878
3,4,13,15756,15826.83425998279,70.83425998279017
8,3,7,15319,15018.236781133211,300.7632188667885
6,16,8,16567,16423.73569332942,143.26430667057866
2,14,20,19811,15817.211088397074,3993.7889116029255
8,8,10,15265,15483.156903894844,218.1569038948437
8,14,15,16730,17075.697916457684,345.6979164576842
1,7,9,15797,15140.31644002271,656.6835599772894
6,23,20,19905,16775.37458302428,3129.6254169757194
1,23,11,17817,16026.164007652933,1790.835992347067
9,20,10,15362,16066.099542819014,704.0995428190145
4,15,16,17467,15921.765470274586,1545.2345297254142
4,15,11,13565,14497.047889787169,932.047889787169
8,1,23,15737,15844.47985650256,107.47985650255941
12,2,17,16086,15493.423471597247,592.576528402753
9,13,10,15919,16750.89828133884,831.8982813388393
1,4,11,18076,16125.224029449146,1950.7759705508543
3,18,14,15884,15300.616875578964,583.383124421036
1,26,11,16912,15627.668737573407,1284.3312624265927
5,24,20,14340,15322.32632362766,982.3263236276598
9,14,18,18616,19698.504335844227,1082.5043358442272
10,23,17,16954,15149.85419383148,1804.1458061685207
9,20,23,13968,15416.737092116331,1448.737092116331
3,3,3,13579,14128.337903096848,549.3379030968481
9,3,12,17033,17650.010947820883,617.0109478208833
9,17,2,12031,12044.181276717776,13.1812767177762
7,4,16,15146,15147.778292017036,1.7782920170357102
3,14,7,15953,14655.708899953268,1297.291100046732
1,5,18,19275,16219.517874925765,3055.4821250742352
12,20,1,14227,13828.6763005695,398.3236994305007
2,15,3,14001,13899.63987356383,101.3601264361696
5,17,14,15287,17853.761425619785,2566.761425619785
2,1,10,17800,16493.016488257384,1306.9835117426155
12,3,22,16049,15298.677151894179,750.3228481058213
3,5,5,13236,14279.6607210073,1043.6607210072998
4,24,22,15452,15326.306984300267,125.69301569973322
8,4,12,19973,18222.87730711575,1750.1226928842516
6,16,12,16490,16481.294470551067,8.705529448932793
8,11,10,18211,18030.247748329853,180.7522516701465
9,21,13,17496,16711.718860857854,784.2811391421455
9,27,15,15178,15220.579647178829,42.579647178828964
2,11,15,14718,14497.858949046726,220.14105095327432
12,30,14,16322,16158.383001174163,163.61699882583707
7,22,12,18322,18479.568762554973,157.56876255497264
9,10,5,13023,14793.8480165639,1770.8480165638994
8,3,11,18964,19153.412096722874,189.41209672287368
11,12,21,16773,14326.781808472213,2446.218191527787
5,18,11,14448,14877.082161878005,429.0821618780046
7,5,0,13594,13594.099870872278,0.09987087227818847
3,21,13,14215,14872.952321617357,657.9523216173566
12,27,15,16436,16099.807124549581,336.1928754504188
2,28,8,13603,13961.49970604034,358.49970604034024
6,30,17,20807,19768.722815627218,1038.2771843727824
6,14,22,15072,15566.47042473613,494.47042473612964
9,8,17,14738,14934.854365437908,196.8543654379082
2,17,3,14118,14777.733432454263,659.7334324542626
5,22,8,13772,13553.336467119309,218.6635328806915
12,15,9,18848,15374.379147028905,3473.620852971095
7,10,19,17818,17045.940628113953,772.0593718860473
9,29,0,12584,12056.170578488282,527.8294215117185
3,3,5,13916,14393.282625416152,477.28262541615186
3,17,2,14287,14287.09994688802,0.09994688801998564
8,17,13,18966,17580.091676645658,1385.9083233543424
10,20,16,13688,13687.900033585258,0.09996641474208445
6,20,12,15959,15959.099814987689,0.09981498768866004
1,17,19,20348,15713.660929650177,4634.339070349823
5,26,16,17062,16878.826778286748,183.17322171325213
6,24,1,13068,12050.34331401156,1017.6566859884406
3,19,11,18261,16216.203923554212,2044.7960764457875
2,11,8,14980,14774.820163547998,205.17983645200184
7,24,7,15334,14526.521027456021,807.4789725439787
4,27,12,14371,14614.326187341978,243.32618734197786
11,4,20,17336,15521.152690214396,1814.847309785604
3,28,8,16362,15243.690161803823,1118.3098381961772
8,23,10,16326,16000.588311584814,325.4116884151863
3,24,15,13984,14089.90133817764,105.90133817764035
3,24,9,18642,15419.68787131717,3222.31212868283
3,5,14,17440,15943.774970295539,1496.2250297044611
11,24,3,13809,13475.892113278805,333.1078867211945
7,2,22,14292,14845.085904625439,553.0859046254391
12,27,6,11906,13045.063500071337,1139.0635000713373
2,22,4,13818,14463.01793264861,645.0179326486104
9,25,12,15332,15291.129052779916,40.87094722008442
7,15,17,16907,16305.299588153346,601.7004118466539
6,1,2,11487,11675.420965760206,188.42096576020595
2,21,6,14648,15091.891980344602,443.8919803446024
12,29,1,13902,13595.032672667108,306.9673273328917
1,11,23,16907,15189.402528294677,1717.5974717053232
11,20,18,19909,15699.812474836812,4209.187525163188
5,9,11,12122,12956.625031021846,834.6250310218456
11,8,13,12940,13638.138741065733,698.1387410657335
12,25,14,16813,15082.575611622919,1730.4243883770814
1,11,21,19938,15628.697998693817,4309.302001306183
4,20,8,12926,12424.122974007038,501.87702599296244
3,2,14,16510,15714.374375013484,795.6256249865164
10,26,4,12779,13466.410844178135,687.4108441781354
10,10,10,12983,12976.577668720225,6.42233127977488
9,12,4,13117,14950.112815347384,1833.1128153473837
2,19,2,15301,14831.163320962649,469.83667903735113
2,15,15,19127,15957.75920437608,3169.2407956239203
12,23,15,19583,15719.502066548315,3863.4979334516847
3,4,7,17194,15189.681593026156,2004.3184069738436
4,21,21,15608,15007.247287254111,600.7527127458889
9,25,3,12606,13275.845820759982,669.8458207599815
1,14,19,20784,15304.39406658445,5479.605933415551
11,21,14,17312,15622.108530700882,1689.8914692991184
11,2,10,15562,15312.82563745704,249.1743625429608
12,23,16,15471,15652.188669316167,181.18866931616685
10,6,16,15870,16123.0632665851,253.0632665851008
4,10,7,13316,13241.992989995353,74.00701000464687
10,31,22,14808,15548.863437075308,740.863437075308
9,17,2,12173,12460.788183874416,287.78818387441606
1,20,11,18562,16129.900244082002,2432.0997559179978
11,13,20,18773,16267.274055409101,2505.7259445908985
12,28,1,13181,12464.285221901608,716.7147780983923
10,25,1,12461,12803.221029937893,342.22102993789304
5,2,10,12917,13461.169003981033,544.1690039810328
6,28,2,13068,13516.031355350755,448.0313553507549
2,23,5,12227,12975.954404496752,748.9544044967515
4,11,7,16058,14670.753498540691,1387.246501459309
12,22,21,17438,15462.145985960855,1975.854014039145
9,3,11,15682,15682.10024913388,0.10024913388042478
7,14,12,19306,20441.02575640963,1135.0257564096282
12,29,1,13547,14098.96007778416,551.9600777841606
2,15,4,14623,15087.325175243306,464.32517524330615
4,12,1,13413,13383.74487406049,29.255125939509526
3,21,6,15829,14818.855250896262,1010.1447491037379
8,26,9,15411,14891.595280034704,519.404719965296
7,16,17,19123,19027.989892049147,95.01010795085313
5,18,20,15592,14789.906619424144,802.0933805758559
12,22,6,13977,14196.435384632532,219.43538463253208
12,31,9,15360,16024.860114508598,664.8601145085977
5,29,17,12737,13632.489265277945,895.4892652779454
3,21,0,13797,13686.719637712951,110.28036228704877
6,6,9,14419,14865.656099854748,446.6560998547484
3,17,9,19004,15237.50380455545,3766.49619544455
7,23,23,16913,17819.934196873146,906.934196873146
4,18,5,12042,14011.17198081191,1969.1719808119105
7,14,5,15221,15144.753988888715,76.24601111128504
10,16,4,11445,12156.498202688243,711.4982026882426
7,20,13,21600,21061.6083932625,538.3916067374994
11,16,1,13228,12135.466824576222,1092.5331754237777
3,26,13,17271,16143.070737260326,1127.9292627396735
12,25,2,12981,14648.597378873545,1667.5973788735446
9,9,18,16113,16326.174095403718,213.17409540371773
10,2,11,12493,12835.175174238193,342.175174238193
3,4,9,18053,16122.633027539003,1930.3669724609972
4,3,0,13042,14307.076797872678,1265.076797872678
3,14,23,14280,15679.17861688823,1399.17861688823
5,22,8,14718,14901.411050628249,183.41105062824863
7,7,0,14978,13785.577980471211,1192.422019528789
1,2,1,13274,15005.617004585807,1731.617004585807
3,19,23,14822,15280.990670320234,458.99067032023413
8,5,15,19687,19015.924527894935,671.0754721050653
9,20,11,14439,13531.325284081855,907.674715918145
8,29,5,13794,13795.43412596853,1.43412596852977
8,31,2,14547,14751.798155644961,204.7981556449613
3,11,3,13956,13853.2787804881,102.72121951189911
5,8,17,12678,14166.524649077233,1488.5246490772333
8,15,14,21014,20648.634820792293,365.3651792077071
2,4,6,15126,15117.57604358694,8.423956413060296
4,1,7,16364,15311.167672718591,1052.8323272814087
2,16,14,17099,15219.714261003708,1879.285738996292
9,16,4,11807,11914.646290239185,107.64629023918496
8,13,17,19734,17294.085332286944,2439.9146677130557
8,10,13,18032,18453.199817139553,421.1998171395535
11,9,3,12897,13437.161636420977,540.1616364209767
12,2,19,19296,15549.894482146206,3746.1055178537936
9,16,13,14517,15756.78649161513,1239.7864916151302
3,18,1,14638,14145.824395742566,492.1756042574343
12,29,23,15039,15411.12540347893,372.1254034789308
5,12,19,16034,15395.432261551883,638.5677384481169
11,25,16,17531,16240.746320878421,1290.253679121579
5,4,7,13028,13075.592877561452,47.59287756145204
9,18,2,12008,12343.814117779222,335.8141177792222
8,14,14,20211,19525.940291193223,685.059708806777
12,31,5,13451,13944.724914366296,493.7249143662957
2,25,21,20887,15170.896760858137,5716.103239141863
8,16,10,16810,17206.46518173294,396.4651817329395
6,2,8,14293,14410.783269224004,117.78326922400447
11,11,18,16902,14666.453616292198,2235.5463837078023
5,22,22,13360,14176.737762200231,816.7377622002314
12,26,20,15841,14624.655255105698,1216.3447448943025
6,13,2,11704,11969.679307868635,265.6793078686351
2,3,4,14053,14500.672196671096,447.67219667109566
12,13,1,15003,13313.853149813825,1689.1468501861746
12,18,3,13351,13647.178153446654,296.1781534466536
10,12,12,14904,14904.09990037638,0.09990037638090143
11,7,9,16252,15077.73915726249,1174.2608427375108
9,1,12,13869,14305.70262075814,436.70262075814026
8,5,14,19586,19368.493276381083,217.50672361891702
4,3,16,17595,15336.253757047461,2258.7462429525385
3,25,21,15909,15165.1410726512,743.8589273487996
7,19,3,14617,15234.299348764169,617.2993487641688
9,25,8,14894,15191.624722237586,297.62472223758596
3,9,23,15441,15479.448294551488,38.44829455148829
6,7,7,14673,13374.530061909594,1298.4699380904058
4,2,13,14509,14793.042974592387,284.0429745923866
7,17,15,18786,18584.725325204217,201.27467479578263
4,27,20,15686,15402.557597898094,283.4424021019058
12,18,2,13225,13104.24499449305,120.7550055069496
10,15,11,14765,14983.680053174041,218.68005317404095
3,29,20,16171,15486.437237736165,684.5627622638349
11,29,22,16957,15516.101475542879,1440.8985244571213
7,9,16,17510,17442.80642466005,67.19357533994844
5,30,21,13180,14492.25597736681,1312.2559773668108
2,19,21,17919,15279.817546487966,2639.182453512034
3,17,18,17022,15575.512966437384,1446.4870335626165
10,27,23,13210,15042.500607387208,1832.5006073872082
9,20,17,17482,17356.30516676027,125.69483323972963
1,24,7,14769,15019.114820945544,250.11482094554412
5,19,10,15079,14655.825486622112,423.1745133778877
11,2,22,14823,14911.81858108929,88.81858108929009
8,2,0,15062,15061.900102675701,0.09989732429858122
1,8,4,14521,15053.822952359584,532.8229523595837
2,21,10,18893,15125.0333923455,3767.9666076545
3,5,17,18177,15356.813874942904,2820.1861250570964
10,7,2,12017,12017.099879932046,0.09987993204595114
4,11,5,13956,13958.425197709887,2.425197709886561
12,12,5,14506,14363.009206796065,142.99079320393503
11,4,3,13156,14418.728743695683,1262.728743695683
10,16,18,14898,13766.882064867097,1131.1179351329029
6,18,5,12448,12153.151411298544,294.8485887014558
1,4,15,17758,15576.609697418407,2181.3903025815926
12,30,16,17135,15231.2313131188,1903.7686868811998
9,23,22,17167,17158.127033070476,8.87296692952441
5,19,18,14031,14764.187157367305,733.1871573673052
5,4,14,15053,15814.660407645806,761.6604076458061
9,25,10,15546,15202.8979399028,343.1020600972006
8,25,0,12633,12090.0674341834,542.9325658165999
11,14,4,13070,13092.241147722501,22.24114772250141
11,28,2,13009,12852.194528644444,156.8054713555557
8,8,14,18083,17261.99331165052,821.0066883494801
10,9,15,15243,15785.711125325217,542.7111253252169
7,6,10,20845,19649.81494682627,1195.185053173729
6,23,11,13469,13581.227432586744,112.22743258674382
9,22,5,12509,12849.125223114721,340.12522311472094
12,13,8,15511,15258.710816984834,252.2891830151657
9,25,17,21786,16649.60321406194,5136.396785938061
3,15,14,17349,16584.36568100714,764.6343189928593
11,29,11,13565,12529.514623037338,1035.4853769626625
8,14,3,13138,13946.54227962314,808.5422796231396
11,12,11,16326,15098.877385869686,1227.122614130314
3,14,2,13084,12858.587575079637,225.41242492036326
10,13,5,12246,13000.494955097409,754.4949550974088
4,2,15,14270,14865.486001178791,595.4860011787914
3,28,23,13943,15331.56837394842,1388.5683739484193
3,12,7,15327,14831.069782305774,495.9302176942256
4,6,19,16679,15565.680231796645,1113.3197682033551
11,8,6,12825,12946.060019921559,121.0600199215587
5,8,14,13260,13870.525195732444,610.5251957324435
10,20,17,15096,15121.16713316927,25.167133169270528
3,22,23,13367,15132.803411747691,1765.803411747691
7,26,5,13140,13842.132589192794,702.1325891927936
4,14,22,13993,15352.356960264968,1359.3569602649677
9,4,0,13904,13260.56724048774,643.4327595122595
1,24,18,21261,15443.78073615014,5817.21926384986
7,11,21,18728,18119.198744641013,608.801255358987
4,23,5,13230,13818.953583617065,588.9535836170653
6,8,17,16412,16135.134340924702,276.865659075298
11,16,7,14072,14423.703521061361,351.70352106136124
6,16,23,15158,15905.30397229576,747.3039722957601
9,2,16,19699,17991.328303758604,1707.6716962413957
10,3,15,16242,16004.760410147806,237.2395898521936
9,22,8,14671,14708.954243164088,37.95424316408753
9,4,16,21629,18133.01207486128,3495.987925138721
2,13,22,18213,15849.207522406556,2363.7924775934443
5,26,21,15360,14798.03181117705,561.9681888229497
11,5,3,13000,14787.526161760194,1787.5261617601936
4,7,3,13310,13697.541070308176,387.54107030817613
7,4,15,16043,15879.415646114308,163.5843538856916
11,17,19,17307,15593.707489474265,1713.2925105257345
11,18,15,14470,14125.588763214191,344.4112367858088
7,23,9,17869,16955.287782576655,913.7122174233446
3,6,3,13599,14584.350458881803,985.3504588818032
4,7,14,13138,14727.816256175782,1589.8162561757817
3,18,2,13413,14186.227409005241,773.2274090052415
1,2,14,18873,16095.517842637502,2777.4821573624977
8,9,18,20715,21929.851771013582,1214.851771013582
8,19,3,13361,13770.865417978412,409.86541797841164
5,2,4,11447,12343.443965398685,896.4439653986847
1,12,2,13150,13776.65640837418,626.6564083741796
8,23,18,20909,15912.012118572387,4996.987881427613
7,20,6,14533,14453.584605854308,79.41539414569161
3,18,18,16707,15435.662433203577,1271.3375667964228
5,25,15,13648,14498.372073602703,850.3720736027026
9,30,3,11876,12264.899171234205,388.8991712342049
11,10,19,18011,15531.435499307765,2479.564500692235
12,8,10,16844,15986.456481170357,857.5435188296433
12,20,20,19211,15673.505295753348,3537.494704246652
1,2,8,17897,15256.242061690384,2640.7579383096163
8,19,15,19663,19285.905851590593,377.09414840940735
8,30,16,16715,16854.067032020164,139.06703202016433
12,9,18,18567,15168.103976660133,3398.8960233398666
8,6,9,16502,16186.762509734575,315.23749026542464
1,31,14,16686,14971.73710448058,1714.2628955194195
9,5,21,17693,15145.27078181409,2547.72921818591
7,24,21,19150,18270.313884573523,879.686115426477
10,12,3,11136,12508.999462171543,1372.9994621715432
5,25,19,15824,15617.252638792035,206.7473612079648
3,8,5,13825,14840.112518307295,1015.1125183072945
8,9,17,22428,20570.353068592867,1857.6469314071328
4,3,18,16717,15837.13850973723,879.8614902627705
12,30,14,16529,15528.257012367269,1000.7429876327315
8,26,16,18957,17723.76555028325,1233.2344497167505
1,11,16,17542,14980.995946798694,2561.0040532013063
8,24,15,19963,21176.304667980025,1213.3046679800245
9,19,12,15195,15367.994969174082,172.99496917408214
2,23,8,15214,14261.78611228881,952.2138877111902
3,21,8,18635,15875.334614525505,2759.6653854744945
8,15,22,19492,19944.250151930348,452.2501519303478
6,5,1,12367,13367.827015126295,1000.827015126295
12,22,3,16707,15107.553624576572,1599.4463754234275
4,5,23,15192,15617.99137715047,425.9913771504707
4,25,8,12267,13535.4051295819,1268.4051295819008
6,27,14,14928,15012.475759054905,84.47575905490521
3,25,5,12273,13300.915595916777,1027.9155959167765
7,20,12,15587,15502.526743658487,84.47325634151275
12,30,4,13682,14643.353240084563,961.3532400845634
9,25,3,11101,11444.351457792374,343.3514577923743
8,24,3,12034,12033.900310467612,0.09968953238785616
1,1,14,13441,15015.223450842028,1574.223450842028
3,17,10,15245,15947.766624654914,702.7666246549143
10,8,18,15645,15055.584778129616,589.4152218703839
8,30,2,14457,15335.235144039689,878.2351440396887
8,17,1,14315,13681.373556517621,633.6264434823788
8,30,13,15977,16826.8327305432,849.8327305431994
3,28,21,18372,15656.090698018887,2715.9093019811135
5,3,0,11871,13243.591521511204,1372.5915215112036
7,14,3,13614,15022.450644743936,1408.4506447439362
12,3,21,18418,16295.63073750077,2122.369262499231
5,15,7,11778,12179.780595564785,401.7805955647855
10,1,4,11598,12470.378324579453,872.378324579453
10,18,20,16283,14935.362657067295,1347.637342932705
12,21,15,17013,16564.56039172042,448.43960827957926
2,29,6,14960,15123.436144920368,163.43614492036795
4,19,13,16105,15963.551178024558,141.44882197544212
7,21,6,13165,12651.108512226234,513.8914877737661
4,12,20,15457,13568.917377734893,1888.0826222651067
3,9,14,16022,15853.15414162497,168.84585837503073
7,15,5,13139,13320.857332216758,181.85733221675764
6,12,17,16265,15781.043934490925,483.9560655090754
11,22,5,14037,13552.559592763711,484.4404072362886
3,20,8,14032,14338.935605377199,306.93560537719895
12,7,5,15013,15166.577391577537,153.57739157753713
3,8,14,12756,13626.06510213163,870.0651021316298
5,7,15,13355,13424.00263817869,69.00263817869018
7,2,21,14825,15159.363195294698,334.363195294698
1,15,8,19388,15484.96004040612,3903.0399595938798
2,12,12,18317,15846.865847943689,2470.134152056311
11,16,13,17577,16744.51089936431,832.4891006356884
10,11,13,13943,14737.048109165138,794.0481091651382
3,18,3,13437,14149.421009678232,712.4210096782317
12,17,1,14899,14467.809464677983,431.19053532201724
11,2,5,12278,12941.840208598665,663.8402085986654
7,29,23,15639,16416.758938563187,777.7589385631873
6,13,7,12345,11823.326129180987,521.6738708190132
9,15,4,12250,12643.838461197618,393.838461197618
8,13,5,12287,12769.023176692604,482.02317669260447
10,14,1,11683,12101.586641326518,418.58664132651757
3,8,18,17718,15638.586740905439,2079.413259094561
12,30,4,13693,15142.275923353698,1449.275923353698
2,5,19,19679,15253.912268976313,4425.0877310236865
7,17,14,19042,19718.729261834276,676.7292618342763
4,27,8,15679,15446.76907368108,232.23092631891996
12,4,20,17620,15108.853130817137,2511.146869182863
10,6,15,15456,16186.502075617684,730.5020756176837
5,23,15,14230,14582.529502532365,352.52950253236486
5,5,1,11966,11818.790376887511,147.20962311248877
10,3,16,14773,14674.386052255335,98.61394774466498
6,16,1,12544,12443.83058045982,100.16941954017966
1,7,11,20515,15119.120545715385,5395.879454284615
4,7,10,13934,13801.194636244121,132.80536375587872
9,9,1,12087,12874.466910419955,787.4669104199547
10,23,3,12496,12960.210349130237,464.21034913023686
2,11,7,17676,15392.462885245533,2283.5371147544665
4,13,12,14117,13747.199112091155,369.80088790884474
7,27,21,17788,18021.45331379785,233.45331379785057
7,2,9,18278,18685.409662618396,407.4096626183964
8,18,20,21161,21795.707421296822,634.7074212968218
4,20,10,14961,15143.679034686555,182.6790346865546
7,8,11,16194,15622.843090113904,571.1569098860964
1,3,7,15851,15025.621071812155,825.3789281878453
11,24,2,13748,14735.884141489241,987.8841414892413
3,14,19,18413,16113.146105347269,2299.8538946527315
3,30,6,14517,13635.974091728898,881.0259082711018
7,6,3,14031,14304.080735383355,273.0807353833552
6,25,7,13224,13371.07162660904,147.07162660904032
1,19,0,16040,14978.755932615055,1061.244067384945
10,15,4,11602,12041.051214001218,439.0512140012179
2,1,9,18236,15787.782257966559,2448.217742033441
7,24,9,16599,15977.877437230758,621.122562769242
9,1,17,20225,19142.112803946737,1082.8871960532633
5,22,16,16537,17508.398216167356,971.3982161673557
10,9,11,15541,15795.555636524576,254.55563652457568
11,23,8,17299,16279.621042505009,1019.3789574949915
6,10,18,15957,15672.170488267828,284.82951173217225
12,18,1,14905,14105.71807162093,799.2819283790705
2,26,16,15296,14874.280031182598,421.71996881740233
6,10,8,13057,11895.31017381306,1161.6898261869392
10,17,1,12029,11679.883080713673,349.1169192863272
4,17,17,14604,15071.437187925483,467.43718792548316
5,4,17,13244,14356.575253743762,1112.575253743762
9,29,10,14529,15453.826408012963,924.8264080129629
6,24,4,12416,12907.704097072736,491.70409707273575
12,26,4,12029,14299.51651356635,2270.51651356635
1,5,19,18649,16236.546768430984,2412.4532315690158
7,27,5,14121,14336.002921872943,215.00292187294326
5,5,0,12660,12239.20958687843,420.79041312156915
4,26,8,12920,12878.217938092683,41.78206190731726
12,21,4,14174,14289.31335504257,115.31335504257004
8,9,15,21212,19367.604582058488,1844.3954179415123
12,15,5,14831,14175.542087041747,655.4579129582526
3,27,5,12560,13073.188734231971,513.1887342319715
6,7,15,21068,19212.48669113837,1855.5133088616312
3,13,12,17770,16331.226728148813,1438.773271851187
4,30,22,13320,14386.060695639746,1066.060695639746
8,3,16,20606,20606.09969939704,0.09969939704024
6,21,3,12671,13429.559067837,758.5590678370008
11,12,4,12401,13354.36892861589,953.3689286158897
9,20,22,15236,15702.613916786866,466.61391678686596
5,27,21,18280,16709.976902399456,1570.0230976005441
7,23,16,21073,19144.99976569874,1928.0002343012602
7,4,4,11247,11604.102053850604,357.1020538506036
5,26,20,14777,14483.655942389723,293.34405761027665
7,18,19,18818,17574.100182646005,1243.8998173539949
11,17,23,15617,15782.695448873625,165.69544887362463
4,16,7,16112,14908.339081983295,1203.6609180167052
12,14,23,16096,15818.534152087244,277.46584791275563
2,19,17,18197,16274.186919312979,1922.8130806870213
10,19,19,15848,14755.305543015573,1092.6944569844272
7,14,10,16687,17511.760864574455,824.7608645744549
2,21,19,18487,15940.6943928685,2546.3056071315004
1,21,23,16841,15888.790029547832,952.2099704521679
4,12,10,12909,13895.754297383017,986.7542973830168
4,11,6,13145,13678.885301239423,533.8853012394229
6,15,0,13361,13361.100069565084,0.10006956508368603
7,27,11,20156,19382.575456092727,773.4245439072729
1,10,10,18649,15819.193798921198,2829.8062010788017
6,27,19,16269,16551.406242721816,282.40624272181594
2,16,2,14469,14087.286036035499,381.7139639645011
9,8,4,11010,11198.207957846396,188.2079578463963
9,18,12,15387,16465.82824822534,1078.8282482253417
12,13,16,15949,15004.99607547663,944.0039245233693
2,7,19,19922,15724.005171279903,4197.994828720097
1,29,0,14650,14507.528871231869,142.47112876813117
9,4,7,15278,13864.363812026135,1413.6361879738652
3,23,12,14467,14612.924418790724,145.9244187907243
8,31,10,13281,13100.648935352649,180.35106464735145
5,25,13,17534,17752.002793119696,218.00279311969643
10,28,17,16343,15300.668194405951,1042.331805594049
2,25,17,14634,13621.605087501799,1012.3949124982009
10,31,3,12497,13342.763795117782,845.7637951177821
9,22,21,17466,17232.587716219048,233.41228378095184
12,6,22,17215,15676.441132656646,1538.558867343354
10,9,15,17115,18230.97146454869,1115.9714645486893
9,27,12,14340,14678.364733429717,338.3647334297166
9,27,16,16654,16238.65734219229,415.34265780771057
2,17,17,16645,15255.80452031763,1389.1954796823702
12,5,4,14353,14927.768389554156,574.7683895541559
10,26,2,12223,12789.658521954165,566.6585219541648
6,27,6,12474,13860.56925862782,1386.56925862782
5,3,1,12318,13005.570141082724,687.5701410827241
1,28,9,16575,14445.46608734798,2129.5339126520194
1,19,13,19402,15885.816478247774,3516.1835217522257
3,26,3,12719,13634.85275282888,915.8527528288796
3,16,9,17338,16117.976263042086,1220.0237369579136
2,11,10,15966,15198.031323079735,767.9686769202654
9,15,2,12004,11391.203411270744,612.7965887292557
9,12,10,14515,15417.995737814206,902.9957378142062
10,12,21,14701,14275.27788049767,425.7221195023303
12,24,3,13450,14442.858478045491,992.8584780454912
12,30,21,17038,15422.393144329164,1615.606855670836
6,22,5,14495,15354.613186589802,859.6131865898024
7,11,4,12101,11614.502482981641,486.49751701835885
3,1,23,17182,15179.836647810573,2002.1633521894273
2,7,14,18476,15502.114551215607,2973.885448784393
4,2,5,14232,14488.514958988757,256.5149589887569
4,19,0,12296,13862.159438358496,1566.1594383584961
7,31,7,15101,13781.85021413858,1319.1497858614202
7,3,22,19105,18655.13974884198,449.86025115802113
12,11,11,17907,16019.225844690263,1887.7741553097367
7,5,0,16859,15955.220271995138,903.7797280048617
3,21,18,15652,14793.537944542744,858.4620554572557
10,24,21,17248,15663.546719126261,1584.4532808737385
12,25,9,12922,14154.43619360321,1232.4361936032092
8,6,14,13604,14686.98354605815,1082.9835460581508
6,15,8,15319,14518.203382796302,800.7966172036977
3,14,13,16694,16514.266512991493,179.73348700850693
6,18,12,17228,17354.804140724325,126.8041407243254
1,20,7,17922,15238.82863979288,2683.1713602071195
5,25,16,17580,17045.213610485815,534.7863895141854
2,11,0,14447,12562.984738113972,1884.0152618860284
8,2,14,17628,17390.10853739189,237.89146260810958
9,20,10,11911,12074.935668157665,163.93566815766462
7,4,13,20290,19421.19403971918,868.8059602808207
9,15,2,11969,11993.746315301543,24.74631530154329
12,5,13,16718,14964.825857689526,1753.174142310474
3,27,9,17521,16023.975382463055,1497.0246175369448
12,28,13,16310,16276.123972743168,33.87602725683246
5,27,10,13778,14398.639316205892,620.6393162058921
2,9,2,15747,15320.807198135024,426.192801864976
8,21,14,18527,16896.89240935583,1630.1075906441692
3,17,4,13298,14281.77306183577,983.7730618357691
8,4,16,18318,17523.644696932264,794.3553030677358
2,17,11,15719,14927.396803217693,791.6031967823074
1,8,20,18435,15433.785741139163,3001.2142588608367
6,17,15,19928,18126.743249274332,1801.256750725668
4,11,13,15824,15675.464672206432,148.53532779356829
1,10,4,13718,14529.843394189887,811.8433941898875
1,9,21,20846,15423.49641839519,5422.503581604809
6,6,10,15755,15276.251447375036,478.74855262496385
12,12,3,12896,13574.822426184135,678.8224261841351
1,15,21,19837,15343.591129553897,4493.408870446103
4,29,7,15011,14406.774391643135,604.2256083568645
1,29,13,18281,15738.853805040686,2542.146194959314
6,6,2,12686,13691.637968305185,1005.6379683051855
7,31,22,17724,18236.004162632675,512.0041626326747
3,13,18,18833,15628.978699217678,3204.021300782322
3,12,5,14295,14630.24348072643,335.2434807264308
11,9,3,14186,15163.510514991951,977.5105149919509
7,1,6,12882,14732.889626140222,1850.8896261402224
11,30,4,14367,14013.681009382284,353.3189906177158
2,8,13,16861,14910.36159388632,1950.6384061136796
5,31,22,18819,17449.527837334776,1369.4721626652245
12,12,12,18355,15571.058788532495,2783.941211467505
5,21,18,14048,14925.943079282633,877.9430792826333
3,1,16,15932,14758.017555993049,1173.9824440069515
5,22,21,14289,14470.803589700072,181.80358970007183
6,20,16,17436,17326.650697840287,109.34930215971326
11,19,9,16080,14788.406335363956,1291.5936646360442
2,28,2,14731,14987.155309108284,256.1553091082842
11,2,18,16735,14660.569005105881,2074.430994894119
4,17,7,12125,13092.839565109447,967.839565109447
7,13,6,14123,13586.479124935253,536.5208750647471
2,13,18,18767,15755.89729201878,3011.1027079812193
2,9,7,17010,15382.267507655326,1627.732492344674
8,18,4,13710,13682.239469818755,27.760530181245485
9,20,4,13253,13719.508213152243,466.5082131522431
12,9,23,14758,15196.149068129898,438.1490681298983
8,6,11,18581,19233.34893283403,652.3489328340293
9,21,2,12722,12971.46447624323,249.46447624323082
9,22,17,19711,18992.20581124054,718.7941887594607
4,30,13,14631,14076.73089765392,554.2691023460793
10,26,3,11760,12194.747439390114,434.74743939011387
9,13,13,15329,15539.370353315006,210.37035331500556
11,3,20,17040,14946.408403900738,2093.5915960992625
3,20,1,13912,14141.94376146059,229.9437614605904
9,22,1,12545,12771.705548094142,226.7055480941417
8,17,21,21675,22101.80176139761,426.8017613976117
11,22,21,19240,15242.998468936199,3997.001531063801
7,9,21,16095,15862.306911995058,232.69308800494218
3,27,16,12566,14038.879918625913,1472.879918625913
12,10,4,14393,14467.269632318388,74.26963231838818
2,1,11,17605,15865.36529424298,1739.6347057570201
11,16,15,16075,15941.77714644332,133.22285355667918
3,21,15,15126,15068.183666593632,57.81633340636836
12,10,0,15498,13455.755157327538,2042.2448426724623
2,6,20,16965,14861.667770858598,2103.3322291414024
12,25,3,12552,14562.373595337123,2010.3735953371233
7,9,5,15014,15358.25733943503,344.2573394350293
5,5,0,11477,12710.8287412938,1233.8287412938007
1,28,0,17185,15099.874932838176,2085.1250671618236
6,6,17,17178,15837.157311594035,1340.8426884059645
3,1,4,15169,15080.413145762757,88.58685423724273
12,8,1,14560,14707.376931535498,147.37693153549844
4,16,8,17543,15857.287613663919,1685.7123863360812
2,21,14,16185,15610.174320714354,574.8256792856464
10,24,18,17402,16596.4686882768,805.5313117231999
3,11,6,15547,14424.180954277115,1122.8190457228848
4,16,20,17540,16008.458325510286,1531.5416744897138
8,4,15,17459,19200.16954917153,1741.169549171529
3,27,8,16285,15404.178370856189,880.8216291438112
8,21,8,14871,14640.441002681402,230.5589973185979
8,10,2,15794,16148.364077373873,354.36407737387344
8,2,18,16785,16035.063262037611,749.9367379623891
3,12,16,16682,15317.02473866474,1364.9752613352593
11,20,11,16732,15716.65320803855,1015.3467919614504
8,20,14,15206,15580.152226609818,374.1522266098182
3,9,20,16339,15246.900705273287,1092.0992947267132
9,22,3,12491,12512.111070011602,21.11107001160235
1,20,3,15560,14998.888632771548,561.1113672284519
12,16,21,19095,15792.447687203947,3302.5523127960532
6,26,6,13688,13201.252539273843,486.74746072615744
10,8,3,11251,13008.1913040497,1757.1913040497002
1,9,16,15869,14719.428028794431,1149.5719712055688
6,19,11,17484,16800.42467994788,683.5753200521212
2,4,1,18035,15092.37896358402,2942.6210364159797
5,25,3,11042,13090.603363155484,2048.6033631554837
11,7,20,15267,14291.845016827294,975.1549831727061
10,16,13,14291,14233.683404255524,57.31659574447622
7,6,10,19862,19852.29355742004,9.706442579961731
2,17,12,15633,14962.640555231566,670.3594447684336
7,10,19,20678,20275.30529983103,402.6947001689696
4,4,23,14475,16037.377155233837,1562.3771552338367
2,17,23,17104,15490.44661810652,1613.55338189348
6,3,17,15718,15304.99813918407,413.00186081592983
11,6,4,11205,12514.285765331928,1309.285765331928
1,16,1,15957,14580.938540414309,1376.0614595856914
5,3,22,14286,14328.605366652146,42.605366652145676
3,2,1,15772,15201.83487312227,570.1651268777296
7,11,4,12609,12886.230496558685,277.23049655868454
4,12,19,15587,15205.285316355354,381.71468364464636
11,2,20,15227,15023.351890247648,203.64810975235196
5,10,21,14570,14875.642266981731,305.64226698173115
4,21,1,12529,12503.537568043374,25.46243195662646
2,18,2,13800,13682.920923137892,117.0790768621082
8,18,20,20482,21286.55067247686,804.5506724768602
6,4,8,13484,12589.963008123073,894.0369918769265
12,23,6,13989,14123.478691467686,134.47869146768608
11,8,13,16765,15165.679075677308,1599.320924322692
12,26,2,12526,14677.093710487288,2151.0937104872883
11,14,14,14624,14144.886904486968,479.113095513032
10,8,18,16302,16673.77363460074,371.7736346007405
7,4,2,11945,13217.270572845797,1272.2705728457968
11,4,18,16443,14719.38996767827,1723.6100323217306
7,21,15,18285,18375.3016559506,90.30165595059952
3,26,4,13796,13484.341296285917,311.65870371408346
8,19,3,14183,13688.314076597417,494.6859234025833
9,28,22,14834,15460.522796971374,626.5227969713742
7,6,10,16091,17165.435312315985,1074.4353123159854
11,30,20,18018,15949.198201698251,2068.801798301749
2,6,4,15112,14888.807174049107,223.19282595089317
3,9,5,13521,14415.467652084271,894.4676520842713
1,28,20,17399,15114.09058343512,2284.9094165648803
12,19,6,15085,15274.900625440092,189.90062544009197
11,29,8,15981,14834.54955301584,1146.4504469841595
10,11,19,15633,15291.68072361626,341.31927638373963
12,9,4,13543,14293.264115008915,750.2641150089148
1,15,18,20880,15304.694759061353,5575.305240938647
7,13,11,19776,19775.899587700515,0.1004122994854697
10,14,12,14641,14157.477247365141,483.522752634859
2,13,13,19189,15298.03115325423,3890.968846745771
6,8,11,14430,14075.905390682608,354.0946093173916
9,3,14,19062,17473.344319223375,1588.6556807766246
6,23,11,17417,17065.934210451684,351.0657895483164
12,8,6,14507,14698.116036699565,191.11603669956457
1,30,5,15331,15234.39694489555,96.6030551044496
11,6,16,15609,14931.05828927823,677.9417107217705
4,2,16,14733,15179.166423490435,446.1664234904347
7,14,17,19563,19527.421900996396,35.57809900360371
9,30,12,14394,14890.036789161848,496.036789161848
9,20,22,12894,13788.039300789364,894.0393007893636
1,3,12,16358,16194.86502470678,163.13497529322012
11,15,15,17625,16137.264066173517,1487.7359338264832
9,12,13,17814,17032.550607981713,781.4493920182867
6,18,20,14236,14435.853535978684,199.8535359786838
8,17,11,14342,13511.434284843679,830.565715156321
3,9,10,16567,15876.869935628858,690.130064371142
10,11,23,12852,14420.414460886466,1568.4144608864663
10,1,18,15443,15872.607925739487,429.60792573948675
8,13,5,13730,13559.19335807858,170.8066419214192
5,1,0,12051,12632.927847650993,581.9278476509935
3,3,19,18024,15668.998977128986,2355.0010228710144
6,27,16,17433,17432.899810040042,0.10018995995778823
6,21,11,15614,16545.523785383266,931.5237853832659
5,13,4,11182,11182.10017962276,0.10017962275924219
11,4,19,17322,15474.511297037536,1847.4887029624642
11,3,15,15756,14719.61832155419,1036.3816784458104
8,11,7,14754,13964.314146068677,789.6858539313234
12,27,5,13472,15041.211654541363,1569.2116545413628
10,21,15,15954,15106.856263641987,847.1437363580135
9,12,5,11734,12513.556441035484,779.5564410354837
3,6,17,17331,15628.353278035582,1702.6467219644182
2,16,22,19561,15088.129065580268,4472.870934419732
6,21,13,18925,18254.950210891842,670.0497891081577
12,2,1,13667,14265.612098242947,598.6120982429475
8,4,17,20324,19395.378669804133,928.6213301958669
5,23,11,15542,14986.927441827707,555.0725581722927
3,22,6,16075,15387.111810643284,687.8881893567159
6,11,20,17788,16364.714180820585,1423.2858191794148
1,17,7,16464,15237.605560125707,1226.3944398742933
12,10,3,13042,13138.274500462407,96.27450046240665
12,30,14,16383,15564.490817746468,818.5091822535323
12,31,2,13018,13767.987903329835,749.9879033298348
1,6,12,18228,16560.03947158695,1667.9605284130485
7,26,3,12845,14434.305036287536,1589.3050362875365
9,15,19,18574,19274.268040253035,700.268040253035
4,13,19,16488,16635.183295488445,147.18329548844486
7,17,0,15069,14321.088035203344,747.9119647966563
8,20,19,16282,15967.888842404576,314.1111575954237
9,24,18,14533,13897.601427250711,635.3985727492891
1,28,16,17357,15179.710636193831,2177.2893638061687
8,31,8,15116,15064.345567048254,51.65443295174555
7,3,22,17859,17247.928651254362,611.0713487456378
11,15,3,13944,14520.637604647496,576.6376046474961
9,22,19,19184,19786.145874663413,602.1458746634125
8,8,11,17010,16925.480898811766,84.51910118823434
2,1,2,14378,13095.614020329567,1282.3859796704328
9,3,18,17827,17428.34509733062,398.6549026693792
9,13,1,12815,12612.56094325834,202.43905674165944
1,13,16,17314,15340.639671556335,1973.360328443665
12,14,12,18951,15952.31180773936,2998.688192260641
9,14,13,16410,18281.96992739731,1871.9699273973092
7,6,23,16489,16003.187001114253,485.8129988857472
1,27,2,15187,14988.29565604337,198.7043439566296
6,25,6,12455,12557.901788381256,102.90178838125576
1,12,12,18685,16915.4992456468,1769.500754353201
9,30,22,14315,15016.40765336133,701.4076533613297
7,7,22,15578,15552.315837802696,25.68416219730352
6,28,18,14370,14380.029423433556,10.029423433556076
8,19,11,19601,18287.932752293702,1313.067247706298
1,12,10,17202,15057.705081665998,2144.2949183340024
12,7,6,14212,14349.298390610538,137.29839061053826
1,17,1,15618,15180.973393032014,437.0266069679856
7,15,4,12204,11588.705292976976,615.2947070230239
4,4,16,15295,15356.06244638734,61.06244638733915
9,8,5,11764,12131.262950990998,367.26295099099843
6,4,22,14705,15452.399938431872,747.3999384318722
7,4,12,16293,15806.157987891464,486.84201210853644
12,26,5,12680,14972.11462903164,2292.114629031639
12,2,23,17134,15741.289253263318,1392.7107467366823
10,14,16,14901,14421.363374177583,479.63662582241705
8,13,1,13823,13244.224133198592,578.7758668014085
11,25,17,18810,16283.513870437464,2526.486129562536
11,9,17,16204,15183.30564773401,1020.6943522659894
5,11,2,12009,12893.873381755404,884.8733817554039
5,19,20,16623,17727.976433984,1104.9764339840003
7,11,17,18025,17924.289726564013,100.71027343598689
8,11,6,16536,15767.493602739047,768.5063972609532
5,24,12,12584,14712.184319283404,2128.184319283404
4,22,17,14797,14755.478378818501,41.52162118149863
10,1,16,16997,16654.28978721357,342.71021278643093
12,18,3,14334,14469.97607414921,135.97607414921004
9,30,2,11146,12297.854617156863,1151.8546171568632
8,9,15,17775,16593.133307136042,1181.8666928639577
11,15,14,16076,15800.20148038123,275.7985196187692
8,21,10,17907,18067.567100331475,160.56710033147465
11,27,3,12330,12775.18312863544,445.1831286354409
9,12,22,15795,15393.307615848922,401.69238415107793
7,31,0,17925,15155.576267441968,2769.4237325580325
12,23,12,17006,16103.635626696196,902.3643733038043
7,5,2,12459,13433.778128874896,974.7781288748956
4,23,1,12194,12144.958691481243,49.04130851875743
5,30,22,17731,17148.587043034087,582.4129569659126
9,24,4,11717,12688.354802675674,971.3548026756744
3,27,7,14542,14647.155283147571,105.15528314757103
12,11,19,18673,15780.180630569776,2892.8193694302245
2,15,23,17260,16019.495668956448,1240.5043310435522
11,26,2,14440,13691.731604716366,748.2683952836342
7,20,16,16327,16622.27127758452,295.27127758452116
6,23,23,15100,15109.000059664993,9.000059664993387
5,3,23,14106,15803.285777645347,1697.2857776453475
4,22,23,13879,16018.521091075978,2139.521091075978
8,13,10,17070,16764.51759766289,305.4824023371111
8,10,18,21174,19925.604755830576,1248.3952441694237
8,17,9,16978,15189.56462690268,1788.4353730973198
4,15,7,15342,13776.54071052131,1565.4592894786892
7,12,3,14470,15808.427424507136,1338.4274245071356
12,30,19,17314,14662.340950748716,2651.659049251284
3,25,0,13826,14053.480606947169,227.48060694716878
12,9,10,16055,15469.347861535964,585.6521384640364
10,24,4,11517,12186.54900395728,669.5490039572796
2,3,1,15370,14858.44219215024,511.55780784976014
7,7,23,18177,18321.30039714525,144.300397145249
12,3,20,18356,15298.953394793007,3057.0466052069933
6,4,19,17997,17785.50133278142,211.49866721858052
8,16,21,20146,18960.80757396661,1185.1924260333908
12,19,16,17424,15664.455726044818,1759.5442739551818
10,16,14,15191,14979.1765573641,211.82344263589948
9,25,17,16914,16308.067217627606,605.9327823723943
12,31,18,17372,15638.644182811659,1733.3558171883415
11,7,14,13800,13505.935230134395,294.06476986560483
1,2,9,16839,16401.971468642147,437.02853135785335
10,23,17,15425,14723.836432120323,701.1635678796774
1,21,4,16722,15094.503305005957,1627.4966949940426
3,21,5,12451,14794.294403181724,2343.294403181724
8,15,19,19523,18119.44692662397,1403.5530733760315
11,29,7,16233,14514.79995626595,1718.2000437340503
5,2,21,15479,15246.859082989584,232.14091701041616
8,19,23,17460,17610.67647593171,150.6764759317084
6,6,9,14964,14884.769923775955,79.23007622404475
10,30,18,16686,15486.510821746046,1199.4891782539544
4,22,10,12580,13500.702060730608,920.7020607306076
5,12,18,13338,13513.799310877075,175.7993108770752
5,2,16,12724,13764.829874396837,1040.829874396837
11,4,22,13737,14862.702393500635,1125.7023935006346
12,27,16,16682,16584.33424585112,97.66575414887848
10,23,4,11492,12585.66123311387,1093.6612331138695
4,4,21,14091,13894.751476718428,196.2485232815725
11,2,8,13741,14087.09358134451,346.0935813445103
5,11,18,14447,15198.931900955886,751.9319009558858
3,9,14,15383,15569.671081175304,186.6710811753037
8,15,2,12967,14668.237399633113,1701.2373996331135
12,1,22,16582,15559.648057976437,1022.3519420235625
1,3,21,16669,15704.156567063608,964.8434329363918
1,1,6,15502,15088.01423644078,413.9857635592198
4,30,4,12944,13685.485439665741,741.4854396657411
1,12,20,18118,15289.710675737588,2828.2893242624123
2,28,23,15337,15528.004471834953,191.0044718349527
4,19,21,14873,15199.987563346553,326.98756334655263
2,17,19,20880,15306.099236394302,5573.900763605698
2,23,21,17210,15527.215163374382,1682.7848366256185
1,4,8,18198,15433.322158889789,2764.6778411102114
7,26,15,18595,18139.33345321494,455.66654678506166
2,19,21,19309,15737.67472495383,3571.3252750461706
6,9,20,15819,16303.473956445723,484.47395644572316
8,10,19,19522,17990.755169069,1531.2448309309984
6,21,17,15734,15396.249290414962,337.75070958503784
10,18,5,12146,13250.306853876657,1104.3068538766565
3,8,0,14202,11890.727649610451,2311.2723503895486
11,19,13,16309,15541.980401573584,767.0195984264155
5,11,7,14699,13563.932278841936,1135.0677211580642
3,26,18,15285,14081.43577943127,1203.564220568731
4,25,21,15135,15129.229392065336,5.77060793466444
6,23,5,13554,14109.976631463278,555.976631463278
5,3,19,15978,15888.701287594118,89.29871240588182
1,26,8,16902,15470.28871625203,1431.7112837479708
1,18,2,14071,13437.512625075538,633.4873749244616
1,3,17,18219,16557.070484022806,1661.9295159771937
7,6,16,19600,19143.188169301222,456.81183069877807
5,8,16,15546,14805.281894194226,740.718105805774
11,21,20,18645,16199.267228870707,2445.732771129293
2,18,7,14082,13897.218427173582,184.7815728264177
8,16,12,18632,16339.287345598708,2292.7126544012917
7,14,5,13749,14730.85262843285,981.8526284328509
8,18,19,21357,21356.899797009337,0.10020299066309235
7,14,18,17807,18035.35924330894,228.35924330893977
2,22,14,16190,15444.224633133237,745.7753668667629
9,23,21,16957,15720.143033154169,1236.8569668458313
8,31,8,14654,14821.764117839704,167.76411783970434
8,25,4,13669,14190.686413014553,521.6864130145532
10,19,2,12608,14124.195410582066,1516.195410582066
3,26,0,13390,13200.74324489562,189.2567551043794
8,12,6,13709,13482.186771167082,226.81322883291796
10,18,15,14764,14927.558759714058,163.5587597140584
8,13,14,16018,16722.11419259495,704.1141925949487
8,6,21,17313,16635.47582366432,677.5241763356789
7,14,15,18976,18579.81625705851,396.1837429414918
4,17,7,16400,15453.75595464007,946.2440453599302
2,20,7,14116,14804.717609871512,688.7176098715117
8,26,21,19011,17969.31762949533,1041.68237050467
8,5,17,21258,18070.63851851174,3187.3614814882603
6,9,14,13707,14759.534384611412,1052.534384611412
9,22,19,19492,19491.899537822337,0.10046217766284826
8,2,19,17113,16423.32944547156,689.6705545284385
3,14,13,16195,16192.778761458483,2.2212385415168683
1,31,10,15058,13928.168315741701,1129.831684258299
5,3,16,13794,13990.634645932241,196.63464593224126
9,8,17,18045,17045.807955967994,999.1920440320064
7,8,18,19650,18827.096345963007,822.9036540369925
4,21,9,15346,14577.854525835453,768.1454741645466
8,31,21,16474,16460.03723372233,13.962766277669289
8,4,2,14119,14128.093314138816,9.093314138815913
6,25,22,15570,16183.544770230183,613.5447702301826
7,17,13,20144,19518.14516575868,625.8548342413196
2,16,11,17447,15213.161877863748,2233.8381221362524
8,30,10,13218,13002.448672502122,215.55132749787845
8,15,19,17203,15719.772042058816,1483.2279579411843
10,4,8,13210,13111.29828278996,98.70171721004044
1,16,1,14449,15061.424737921228,612.4247379212284
10,27,14,14891,14133.240519708279,757.759480291721
3,19,13,16033,15911.569652929202,121.43034707079823
7,12,11,17202,17187.179355693115,14.820644306884788
4,16,11,17113,16885.392063897485,227.60793610251494
2,4,5,14360,14801.778727350516,441.7787273505164
8,12,22,20421,17980.176904195665,2440.823095804335
6,12,21,15988,15568.544705421587,419.4552945784126
12,13,11,14926,13847.985857322565,1078.0141426774353
6,18,0,13010,11973.987336832313,1036.0126631676867
1,3,20,18359,15787.959615152437,2571.0403848475635
1,8,14,17035,15516.669307934695,1518.330692065305
6,13,23,14373,15385.58580859273,1012.5858085927302
3,7,22,17423,15492.369952172377,1930.6300478276225
12,4,23,15287,15389.579811622327,102.57981162232682
11,5,9,16121,15749.419440427508,371.58055957249235
5,28,0,13787,13738.066482276685,48.93351772331516
10,13,22,14053,14624.581020091542,571.5810200915421
1,21,17,17689,16064.254313384507,1624.7456866154935
11,11,2,12185,12158.843158377716,26.156841622283537
11,15,4,11475,13180.983929239042,1705.9839292390425
5,13,12,15892,16211.252309570677,319.2523095706765
9,2,3,13581,15463.375907461741,1882.375907461741
10,4,21,18065,17648.536101843547,416.46389815645307
1,13,2,14359,14919.382822099251,560.3828220992509
6,4,23,14493,15585.645636968196,1092.6456369681964
2,17,8,16946,15884.087143322256,1061.9128566777435
9,21,11,17041,17746.778225218248,705.7782252182478
3,2,19,19904,15671.857052013833,4232.142947986167
4,11,5,13953,14039.284588830094,86.28458883009444
6,28,11,17393,16905.591423189446,487.4085768105542
8,28,16,18989,17616.86285130137,1372.1371486986318
6,15,9,15417,14958.873475208879,458.1265247911215
2,9,19,19902,15808.619058049273,4093.380941950727
10,14,18,15467,14534.624395610897,932.3756043891026
7,17,11,15249,15344.646748316294,95.64674831629418
5,1,19,15806,15313.34563264235,492.6543673576507
10,12,22,13872,14279.048808630985,407.04880863098515
12,14,19,18624,15267.429472146467,3356.5705278535333
5,1,20,13588,14793.017035188785,1205.0170351887846
7,17,15,18991,17865.44118374493,1125.5588162550703
10,13,19,15516,14175.531308936223,1340.4686910637774
2,23,14,15459,14957.166329816382,501.83367018361787
8,7,20,17286,17341.420972652828,55.42097265282791
6,29,14,18940,19326.185504875575,386.18550487557513
6,7,9,14285,12823.287168678755,1461.7128313212452
5,23,19,15098,14502.356536785393,595.6434632146065
5,12,14,15868,17116.33971198333,1248.3397119833317
2,9,0,15474,14841.585868488002,632.4141315119978
11,29,12,15058,14577.809859235878,480.1901407641217
11,2,6,15233,14380.93559208364,852.0644079163594
12,6,5,13408,13407.942722048592,0.05727795140774106
8,27,5,12843,12835.275835006554,7.724164993445811
9,13,13,13935,14049.638477415032,114.63847741503196
7,17,9,16678,16556.77298885018,121.22701114981828
4,21,0,12572,11741.934395838587,830.0656041614129
9,11,11,14216,13066.2092551546,1149.7907448454007
12,7,15,17632,16031.141511108453,1600.8584888915466
10,18,23,13932,15136.440799770107,1204.4407997701073
8,10,5,13099,13233.35191451799,134.35191451799074
1,3,11,17858,16190.265901938445,1667.7340980615554
3,19,4,13187,14040.791414634583,853.7914146345829
11,2,0,13196,12443.284045825756,752.715954174244
2,1,8,17206,16233.617295799102,972.3827042008979
6,17,3,12538,13128.461139343297,590.461139343297
6,11,14,15928,15771.684935876103,156.31506412389717
3,12,3,14033,14491.411554310896,458.41155431089646
5,5,23,12191,14258.743668804545,2067.7436688045455
4,13,5,14250,14340.753720138939,90.75372013893866
12,5,12,16198,14589.6323288436,1608.3676711564003
2,16,19,20663,15088.313072733152,5574.686927266848
3,9,18,17371,16259.523645424466,1111.476354575534
10,21,3,11600,12161.334148958216,561.3341489582162
2,14,8,18974,15735.671565856694,3238.3284341433064
11,30,23,16072,15722.10508734703,349.89491265296965
2,18,11,17579,16195.821140103086,1383.1788598969142
2,24,21,17347,15788.51515214222,1558.4848478577806
2,19,11,17735,15822.877687818782,1912.1223121812181
10,6,1,11986,11985.900390697976,0.09960930202396412
8,4,18,20636,19002.06075415997,1633.939245840029
8,18,6,16379,15318.888326371924,1060.1116736280765
3,31,20,15177,15125.948363030471,51.05163696952877
4,28,4,13426,14134.361469316274,708.3614693162745
7,25,15,20322,18787.26912231179,1534.7308776882091
10,5,12,12964,12843.46567598252,120.53432401748069
12,14,17,20865,15173.642170799627,5691.357829200373
11,3,20,17193,14646.736361341078,2546.263638658922
8,17,20,19024,18954.28888780251,69.71111219748855
10,26,6,14702,14567.552638675243,134.44736132475737
11,3,10,15897,16539.32091268272,642.3209126827205
11,24,14,16052,14579.948888266032,1472.0511117339684
7,20,7,15309,14301.465017119976,1007.5349828800245
4,14,21,13463,14480.077662327554,1017.0776623275542
1,25,14,17884,16053.754365249828,1830.245634750172
4,4,12,15059,15097.616379335837,38.61637933583734
6,24,11,15605,15218.916590305214,386.0834096947856
1,12,1,13692,13652.787399373894,39.212600626105996
12,15,6,12939,12342.79894291273,596.2010570872699
4,28,4,12420,12754.871180314665,334.87118031466525
10,5,15,14369,14591.900049258082,222.9000492580817
8,5,0,15403,14941.39381506253,461.60618493746915
5,30,5,11862,13392.739517587384,1530.7395175873844
10,2,2,12305,13212.597769017786,907.597769017786
10,28,12,15708,14961.902766967267,746.0972330327331
4,12,16,15895,15014.107593155513,880.8924068444867
2,13,16,18121,16193.30980864283,1927.6901913571692
6,27,20,19195,19012.65637860596,182.34362139404038
4,9,17,15248,15111.855627501656,136.14437249834373
1,22,0,14839,14086.129181415863,752.8708185841369
2,7,2,14792,14946.867857119227,154.86785711922676
11,15,12,17699,16070.895573195874,1628.104426804126
6,28,2,12938,12949.004386905286,11.004386905286083
7,15,4,13702,13867.972992317893,165.97299231789293
5,25,12,13584,14210.664009400036,626.6640094000359
7,31,15,19940,18501.417891848076,1438.5821081519243
12,17,17,18372,15130.307582671003,3241.692417328997
7,16,6,14793,14914.038592236211,121.03859223621112
12,12,7,18103,15124.207571484576,2978.792428515424
12,21,0,16135,14675.780675839365,1459.2193241606346
7,18,11,18843,17591.13314993799,1251.8668500620115
3,4,5,15285,15164.148416499158,120.85158350084203
7,14,16,17504,17297.84542534258,206.1545746574193
11,13,17,14573,13150.646454193067,1422.3535458069327
11,1,13,14862,15540.24023101785,678.2402310178495
5,24,20,17300,15193.419690555762,2106.580309444238
3,16,19,16739,15569.794850326884,1169.2051496731165
1,18,7,16859,15264.569101162231,1594.4308988377688
11,30,9,15908,14577.109125889312,1330.890874110688
9,11,22,15007,15101.865087219207,94.86508721920654
9,17,5,11189,11626.155700592093,437.1557005920931
6,29,14,17623,17398.06724858772,224.9327514122815
8,20,12,16248,16770.600345953426,522.6003459534259
4,3,17,16371,14820.863737299498,1550.136262700502
9,22,14,18350,19263.95001084299,913.9500108429893
10,18,2,12258,13234.2371725324,976.2371725323992
11,8,19,17008,15846.811158597837,1161.1888414021632
4,20,1,11988,11383.720391477218,604.2796085227819
11,15,16,16756,15576.531777524031,1179.468222475969
6,13,6,12798,13530.473877168119,732.4738771681186
2,19,9,18762,15573.928557132165,3188.071442867835
9,3,9,14670,14319.272710735604,350.72728926439595
12,10,13,17491,16236.401374527273,1254.5986254727268
5,12,3,11971,12554.682040093443,583.682040093443
3,31,6,15304,14306.203056609329,997.796943390671
1,31,9,19038,15758.009014312194,3279.9909856878057
12,31,22,15744,15548.640032883977,195.35996711602274
3,3,8,16926,16257.479203132261,668.5207968677387
4,29,12,15381,15321.125911977362,59.87408802263781
11,24,1,14045,13675.969297693702,369.0307023062978
4,10,18,16119,16020.645809067515,98.35419093248493
3,18,19,18241,16194.571863876108,2046.4281361238918
10,28,12,15695,15557.1445763167,137.85542368330061
10,10,22,13411,13565.335370845703,154.33537084570344
10,7,1,12181,13590.858266962681,1409.8582669626812
12,29,9,17937,15159.934046787916,2777.0659532120844
8,16,23,15391,16440.74762075775,1049.7476207577492
4,15,2,12675,13772.488667135585,1097.4886671355853
1,20,3,14078,15097.04022412777,1019.0402241277698
1,6,10,17782,16432.337429550742,1349.662570449258
4,1,11,13233,14581.833830233547,1348.833830233547
3,8,0,15700,14541.752208533679,1158.2477914663214
2,9,15,16621,15354.338482956873,1266.6615170431269
6,27,22,18670,18726.30575556711,56.30575556711119
3,18,15,16637,15537.369032504139,1099.6309674958611
2,10,7,17225,15208.074633164639,2016.9253668353613
12,27,7,15039,14824.57361062899,214.42638937101037
8,18,0,15466,14433.127699010145,1032.872300989855
11,20,13,15517,14691.567650896535,825.4323491034647
9,20,5,13451,14290.799438108083,839.7994381080825
11,12,4,12254,12798.12618053866,544.1261805386603
3,3,0,14927,13722.114061849228,1204.8859381507718
1,9,21,18712,15697.087683063823,3014.9123169361774
5,22,5,12327,13082.07469379278,755.0746937927797
12,29,20,17291,15808.774277754996,1482.2257222450044
4,18,8,14783,15579.711080356274,796.7110803562737
7,4,7,14022,14025.772169215388,3.772169215388203
5,13,9,15088,14936.665241343257,151.33475865674336
10,25,12,14439,14543.93763576494,104.93763576493984
12,20,5,14720,14864.503817669676,144.5038176696762
6,23,5,12645,12819.557788727796,174.55778872779592
11,22,8,15431,13600.891802273305,1830.108197726695
1,6,8,18207,15437.479767035536,2769.5202329644635
7,19,4,13747,15712.662685559566,1965.662685559566
4,13,2,13054,14109.701919259873,1055.7019192598727
11,29,19,17944,14441.225846504984,3502.7741534950164
9,29,7,12884,13795.534176255987,911.5341762559874
7,4,11,14760,14940.037046190546,180.03704619054588
10,29,18,17199,15370.762235237205,1828.2377647627945
4,17,6,14630,13904.305342863288,725.6946571367116
6,8,20,15210,14888.513444450406,321.4865555495944
3,20,22,15831,15392.02068906586,438.9793109341408
11,24,17,17882,16016.804451384935,1865.1955486150655
10,22,7,12933,13494.696634967167,561.6966349671675
11,30,18,18596,16029.325323456504,2566.6746765434964
6,14,17,12924,12778.939183953538,145.0608160464617
12,26,10,14269,14859.310734691322,590.3107346913221
11,24,15,17140,16031.914889226511,1108.0851107734889
8,5,22,18663,18223.814566678593,439.1854333214069
10,16,20,17224,14909.195857280443,2314.8041427195567
3,30,9,15702,15172.694297227665,529.3057027723353
4,9,19,15614,15149.55631091175,464.4436890882498
11,2,3,12380,12874.32110230593,494.32110230593025
8,4,21,17066,16181.320205922235,884.6797940777651
6,26,14,18574,18265.531794604092,308.4682053959077
7,26,6,15664,15323.74113577949,340.2588642205101
5,20,2,11755,12057.717232645122,302.71723264512184
5,27,0,12602,12924.459530397944,322.45953039794404
3,13,4,12870,14271.229289088558,1401.2292890885583
8,6,8,16424,15564.285959665112,859.7140403348876
3,22,8,16646,16014.210060831612,631.7899391683877
12,3,16,15687,14774.872564238907,912.1274357610928
12,2,22,16320,15828.729689603066,491.2703103969343
11,18,8,17042,16227.489371944228,814.510628055772
6,17,9,16858,16076.522218175905,781.4777818240946
3,2,16,16554,15606.07166580677,947.9283341932296
7,5,2,13418,14409.179599279723,991.1795992797233
6,16,14,17651,16121.811203251835,1529.1887967481653
1,10,11,17425,16207.703548689049,1217.296451310951
8,19,13,20416,20360.230518813547,55.76948118645305
6,9,23,13435,14624.236928336495,1189.236928336495
11,21,16,15720,15033.432522901241,686.5674770987589
6,2,12,14344,15069.875034616638,725.875034616638
5,21,13,12165,13278.05797135562,1113.0579713556199
7,19,15,17645,18094.697165368132,449.6971653681321
7,30,6,16633,15126.396305652503,1506.6036943474974
3,31,10,15778,15171.54716337531,606.4528366246905
12,24,17,16422,16124.632556812856,297.3674431871441
3,26,10,14947,15262.192713210674,315.1927132106739
5,11,7,13871,13920.110836684551,49.11083668455103
12,4,20,20112,15094.432318532463,5017.567681467537
12,12,0,15806,13543.763952920137,2262.236047079863
10,21,16,14164,14510.1534673531,346.1534673531005
1,27,20,17176,15482.739884462455,1693.260115537545
12,24,5,13067,14780.769294928949,1713.7692949289485
3,29,2,13733,14609.297382757544,876.2973827575443
7,11,22,17692,18259.320220968446,567.3202209684459
11,25,19,19553,15925.173288619815,3627.826711380185
9,28,7,15047,15046.899670462188,0.10032953781228571
12,17,9,20399,15323.767083413948,5075.232916586052
8,2,18,17790,16262.69169514754,1527.3083048524604
4,11,5,11846,13340.930466313162,1494.9304663131625
6,16,18,18152,18297.55652746376,145.55652746375927
10,25,21,14708,15118.204502501001,410.2045025010011
3,8,12,15489,14776.888212047046,712.1117879529538
7,22,12,20705,19831.480693919344,873.519306080656
1,1,12,15637,15062.617068591213,574.382931408787
9,16,4,12084,13552.014442267746,1468.0144422677458
11,3,21,15533,14885.021401632284,647.9785983677157
12,26,2,11337,14668.265180160863,3331.2651801608627
7,19,12,21162,19110.412714120685,2051.5872858793155
10,14,20,15344,14029.155305604709,1314.8446943952913
4,30,10,12939,13396.042889689617,457.04288968961737
6,25,12,13806,13828.409082837254,22.409082837253663
2,10,18,18259,15464.01751056522,2794.9824894347803
10,29,14,15347,15366.98784867874,19.987848678740193
8,5,2,14059,14134.209504154038,75.20950415403786
7,29,18,16444,16450.998148669732,6.998148669732473
8,18,13,17235,17183.428139757223,51.57186024277689
10,26,16,13771,13869.073852802443,98.07385280244307
10,8,8,15900,15785.919104016884,114.08089598311562
1,4,15,17163,16210.784206594011,952.2157934059887
1,9,14,18419,15338.983204936909,3080.016795063091
3,23,1,13178,14165.820152687795,987.8201526877947
11,15,12,15807,15468.698025998592,338.30197400140787
6,25,20,17753,18255.36118845227,502.36118845226883
5,24,0,12128,14619.344111393206,2491.344111393206
3,31,11,15028,16234.20651487099,1206.2065148709898
9,21,11,13938,14600.895433879725,662.8954338797248
11,12,6,13286,13788.614858058392,502.6148580583922
3,1,8,15660,15444.978242743007,215.02175725699271
1,3,2,13302,13780.463788007475,478.46378800747516
12,14,15,17488,14859.20640495818,2628.7935950418196
11,15,5,13794,14588.051153818682,794.051153818682
10,28,23,13479,14786.591470574924,1307.5914705749237
9,12,16,18334,15944.11328860775,2389.8867113922497
5,7,11,13874,14070.321975228595,196.32197522859497
2,15,23,19085,15092.506145646408,3992.493854353592
5,20,8,14963,14407.722915555914,555.2770844440856
9,10,11,17252,17430.77195798324,178.771957983241
9,9,7,11202,11613.513360285913,411.5133602859132
4,24,15,13671,14223.037631413548,552.0376314135483
5,2,22,15332,15449.426296459524,117.42629645952366
7,4,6,11229,11896.949158913541,667.9491589135414
12,13,7,16040,15037.832680951467,1002.1673190485326
10,3,14,15232,15362.121179031117,130.1211790311172
2,21,23,15831,15690.979329606032,140.02067039396752
1,26,8,19796,15119.82699166321,4676.173008336789
6,18,9,15291,15330.626820743335,39.626820743334974
9,19,9,12780,12588.992975182722,191.00702481727785
11,4,19,15378,14681.66956129764,696.33043870236
11,26,0,14126,12763.925726532574,1362.0742734674259
10,2,15,14231,14824.910080174624,593.9100801746245
11,9,13,14498,14263.838557813096,234.1614421869035
3,30,16,15364,14881.678850307077,482.3211496929234
7,31,3,13433,13055.494796935669,377.505203064331
1,19,5,15022,14690.501370365895,331.4986296341049
12,11,2,14824,14613.962609472625,210.03739052737546
12,16,23,16856,15208.568207640134,1647.4317923598664
10,9,17,15905,15118.128060163073,786.8719398369267
4,18,16,15986,16064.366864618842,78.36686461884165
10,9,13,15189,14367.459760705764,821.540239294236
8,8,13,17476,17221.961910946404,254.0380890535962
3,28,16,16276,15819.172812425304,456.8271875746959
6,5,15,18028,17003.276380782798,1024.7236192172022
4,2,15,14520,15172.449946576622,652.4499465766221
4,8,10,16114,15945.1388019783,168.86119802169924
9,25,8,15448,14947.174326319142,500.825673680858
11,1,20,16639,15932.676895704288,706.3231042957123
6,7,6,10545,11499.706705068396,954.7067050683963
9,7,9,15971,15849.545284998316,121.45471500168424
10,29,12,13240,14538.263749158223,1298.2637491582227
9,29,21,14803,14850.006423821103,47.00642382110345
2,28,15,17016,15510.026438229663,1505.9735617703373
11,1,6,13752,13900.358457807628,148.35845780762793
2,5,7,16454,15378.895221931632,1075.1047780683675
10,6,13,15700,15699.899644012523,0.10035598747708718
2,15,21,18892,15691.026206278682,3200.9737937213176
3,25,9,14701,14597.023423020903,103.97657697909744
11,4,21,14554,14565.964678407725,11.964678407724932
3,17,1,13654,14448.504100416898,794.5041004168979
8,14,19,21125,21274.23858327716,149.23858327716152
7,1,3,12995,14407.20955545069,1412.2095554506905
1,26,11,19931,15136.678040626593,4794.321959373407
9,9,3,11842,12566.617141280043,724.6171412800431
8,25,10,13309,12906.390924787578,402.6090752124219
10,18,11,14747,15200.680788305532,453.6807883055317
1,9,14,19517,15485.337147045502,4031.662852954498
12,30,21,16992,15872.848938588466,1119.151061411534
4,26,2,11760,12140.182626301292,380.18262630129175
8,12,6,13709,13526.689599638876,182.31040036112427
11,6,6,12031,13031.469301595524,1000.4693015955236
8,29,11,19555,16605.112420897567,2949.887579102433
5,6,18,15572,15747.98848171543,175.98848171543068
5,17,11,14587,14521.398310550196,65.60168944980433
9,26,12,14105,15148.944656751335,1043.944656751335
3,2,6,14608,14969.4316041945,361.4316041945003
3,8,13,15933,15131.011094958238,801.9889050417623
11,16,17,17157,16277.18284267157,879.8171573284308
8,7,11,16486,17243.401773627043,757.4017736270434
8,28,22,17519,16744.729851227108,774.2701487728918
10,1,10,13742,13855.486529913665,113.48652991366544
1,21,2,16245,15072.955661621778,1172.0443383782222
5,31,14,13686,15441.76932263291,1755.7693226329102
1,19,18,18939,15171.999365264259,3767.000634735741
12,25,16,14366,15069.13364795292,703.13364795292
7,3,0,15293,14608.554175044945,684.4458249550553
10,25,22,14499,14687.120184305688,188.12018430568787
7,10,16,20701,20236.355590032126,464.6444099678738
8,22,23,14718,15310.337293532191,592.3372935321913
2,27,15,18049,15361.284317417507,2687.715682582493
9,4,0,11521,12191.136700344792,670.1367003447922
12,10,19,17871,15211.98593944801,2659.01406055199
5,12,13,12766,13487.207041443677,721.2070414436766
12,4,15,17546,16267.530719668053,1278.4692803319467
8,6,15,18277,18432.29618839743,155.29618839743125
1,21,9,14955,14216.132101149964,738.867898850036
6,19,22,16495,16788.912448156967,293.912448156967
1,11,13,19838,15222.145442714402,4615.854557285598
10,26,8,16055,15406.520865958177,648.4791340418233
4,24,21,16379,16138.678441752194,240.32155824780602
9,22,3,12256,12922.861442097988,666.8614420979884
6,29,11,16372,16072.474603277364,299.5253967226363
4,9,17,16068,15742.594821321665,325.4051786783348
9,6,10,15822,15669.235899547042,152.7641004529578
3,29,23,14358,14997.796119616674,639.7961196166743
4,19,18,14947,14998.913016706763,51.9130167067633
11,24,5,14737,14294.043220462048,442.95677953795166
1,23,15,18079,16413.528027562486,1665.4719724375136
9,12,8,13628,12027.307795590143,1600.6922044098574
7,31,8,19157,17235.427187567704,1921.572812432296
10,20,16,15221,14909.22670426438,311.7732957356202
8,26,5,15590,15830.440460044218,240.44046004421762
3,25,19,16990,16254.899147236874,735.1008527631257
11,25,0,14957,12752.838447714765,2204.1615522852353
2,3,10,19090,15988.662170398315,3101.3378296016854
7,11,9,16963,16077.837501805452,885.1624981945479
8,15,0,16026,15360.792229195857,665.2077708041434
6,27,2,13624,14783.696964552419,1159.6969645524186
8,29,10,15677,16029.697226912942,352.6972269129419
7,16,2,13848,14354.822009018677,506.8220090186769
8,19,23,14168,14788.920372720746,620.920372720746
6,29,21,17691,16734.314452362763,956.6855476372366
4,16,18,16131,15556.714268187266,574.2857318127335
8,26,15,13494,14041.34498343182,547.3449834318199
7,4,16,16310,16105.07099885513,204.9290011448702
9,15,17,17291,17141.50854449962,149.49145550038156
1,6,8,16598,16000.581899263554,597.4181007364459
2,26,5,15091,15265.969735037243,174.96973503724257
10,30,3,12794,13539.025747188967,745.0257471889672
3,28,0,13513,12739.797834226374,773.2021657736259
4,28,21,13535,15244.79476422718,1709.7947642271793
1,14,14,17010,15197.5502980064,1812.4497019936007
5,7,3,10905,11343.654054417926,438.6540544179261
5,27,13,13361,14166.804010454365,805.8040104543652
4,14,6,13434,14067.072870925156,633.0728709251562
6,21,1,12162,12040.740619751621,121.25938024837887
7,5,1,12737,13427.615255404613,690.615255404613
7,23,7,15264,14488.80389909263,775.1961009073693
6,3,14,18390,16590.809091371524,1799.1909086284759
11,27,3,14011,13813.026619535241,197.97338046475852
7,1,16,16997,15793.200781503776,1203.799218496224
3,31,16,14006,14171.445678682929,165.4456786829287
2,4,21,17241,14949.612871903744,2291.3871280962558
5,7,2,11280,13019.52586683161,1739.5258668316092
9,13,9,13059,12435.14639293943,623.8536070605696
6,3,7,14090,13903.290861023788,186.70913897621176
7,1,5,11565,12207.218888853302,642.2188888533019
2,10,4,14689,14877.080300124719,188.08030012471863
9,6,9,12166,12379.711998934534,213.71199893453377
9,21,9,14105,13385.051961994603,719.9480380053974
4,16,13,15005,15003.14279613069,1.85720386930916
12,3,5,12865,13588.703322443638,723.7033224436382
6,8,6,15283,15194.972613254507,88.02738674549255
3,9,15,15340,15538.12072302022,198.12072302021988
9,26,5,14285,14545.173718407445,260.17371840744454
4,15,20,13598,14188.231976477931,590.2319764779313
12,24,1,14204,14673.034102068763,469.0341020687629
5,26,0,13926,13859.436736648127,66.56326335187259
6,18,14,16014,16652.513245650298,638.5132456502979
11,5,8,16442,15258.17157674389,1183.828423256111
4,27,23,14520,16033.996556404158,1513.9965564041577
1,16,15,18195,16277.195264864478,1917.8047351355217
1,22,20,18340,15616.528982365957,2723.471017634043
9,11,18,16546,16929.546431606257,383.5464316062571
6,24,9,17430,17358.94806784632,71.05193215368126
5,5,10,12926,14616.388109349218,1690.3881093492182
2,9,1,15379,15096.831198459658,282.1688015403415
12,21,1,14103,12970.667997803896,1132.3320021961044
11,3,19,16450,16086.793835461318,363.20616453868206
2,20,9,16131,14767.550721863066,1363.4492781369336
1,6,20,17860,16325.160654043644,1534.8393459563558
4,3,10,13489,14439.682560240455,950.6825602404551
11,9,1,13849,14201.193383125063,352.1933831250626
1,22,19,19126,15561.421463809962,3564.578536190038
1,6,16,17706,16687.653718774836,1018.3462812251637
9,28,6,13717,13161.106513262144,555.8934867378557
4,18,20,14254,14457.378176438322,203.37817643832204
7,3,8,13657,14428.582622345608,771.5826223456079
8,26,3,14200,14827.04067013536,627.0406701353604
2,13,20,18025,15854.385483111333,2170.614516888667
10,13,15,15179,15259.933870867697,80.9338708676969
10,16,7,15152,13596.795269115044,1555.204730884956
7,8,5,15523,15900.545458474855,377.54545847485497
9,13,12,17707,18195.944391049314,488.9443910493137
1,21,10,15349,14162.202385857028,1186.7976141429717
10,11,20,15408,14747.477371619178,660.5226283808224
9,23,22,13843,15561.056343397484,1718.056343397484
9,1,0,14366,14366.100002370282,0.10000237028179981
11,29,12,13564,12756.7588873949,807.2411126050993
10,31,8,17037,15711.131017066164,1325.8689829338364
1,2,12,20696,15104.932448397012,5591.067551602988
11,25,3,13361,13932.087801784784,571.0878017847845
12,10,18,18735,15081.708866860787,3653.2911331392133
5,20,18,13570,14981.621137759555,1411.6211377595555
8,13,11,19251,19175.034008241404,75.96599175859592
12,18,0,15789,15039.285149306017,749.714850693983
10,22,22,14039,15270.293560272215,1231.2935602722155
7,31,23,19927,16940.007277746285,2986.9927222537153
1,27,0,16633,15006.249441751803,1626.7505582481972
9,11,5,12955,13131.030112895936,176.03011289593633
10,14,21,14231,13826.811684432307,404.1883155676933
5,3,1,12022,11999.291425653963,22.708574346037494
11,5,21,13943,14572.774946890318,629.7749468903185
10,31,8,16278,15599.411307656103,678.5886923438975
3,15,13,15685,15298.857687254147,386.1423127458529
11,8,20,16801,15551.16198861325,1249.8380113867497
5,1,3,10554,13179.846391314302,2625.8463913143023
2,4,8,16741,15682.963409166754,1058.036590833246
7,28,22,18882,17590.573105473046,1291.4268945269541
3,28,5,13590,13647.705240061186,57.70524006118649
8,12,22,16843,16460.05167098425,382.94832901575137
3,21,8,16703,16057.601639989072,645.3983600109277
11,7,15,15064,14551.41616188385,512.5838381161502
4,21,5,13554,14498.716536720802,944.7165367208017
5,12,1,12260,13043.928658421155,783.928658421155
9,20,12,12200,13480.879786167921,1280.8797861679213
2,7,12,16601,15054.359499526314,1546.6405004736862
7,10,12,16983,17008.74533627863,25.74533627862911
11,30,3,13906,13835.575350812876,70.42464918712358
12,22,4,13735,13668.177842059282,66.82215794071817
7,3,15,21397,19147.956230625514,2249.043769374486
2,23,18,19487,15676.87780732756,3810.1221926724393
8,17,13,18379,18559.611337726397,180.61133772639732
4,10,11,15379,16151.68647091856,772.6864709185593
10,21,20,14094,13972.685934064673,121.31406593532665
5,19,1,11220,12507.401064532869,1287.401064532869
7,2,0,12737,12166.239047531453,570.7609524685467
10,4,14,16595,16595.09996270801,0.09996270800911589
10,7,3,12149,12153.18919579109,4.189195791090242
6,9,15,14253,14699.166575741443,446.166575741443
1,22,8,17213,15093.96877352023,2119.0312264797703
7,13,1,14677,15421.508238605253,744.5082386052527
4,22,8,15928,15777.531478730849,150.4685212691511
7,29,4,14231,14492.801653914892,261.8016539148921
8,5,20,19293,18824.764628338882,468.2353716611178
8,29,3,13745,14280.836641235515,535.8366412355153
12,24,0,14925,14443.062506165297,481.93749383470276
5,21,8,14754,14140.94028071473,613.0597192852692
11,4,5,13005,13364.751272167845,359.75127216784495
6,5,2,11506,12078.12568278164,572.1256827816396
4,5,16,14826,14969.765304936687,143.76530493668724
7,1,6,11581,12103.358501661347,522.358501661347
12,8,0,15338,14582.273405234915,755.7265947650849
3,20,20,19341,15228.008753289156,4112.991246710844
12,22,1,15311,15177.976365416116,133.0236345838839
2,24,20,16866,15643.920850918816,1222.0791490811844
8,18,13,20005,20030.69869705277,25.698697052768694
9,23,22,13807,14177.843427181502,370.8434271815022
12,8,11,15737,13801.02635527432,1935.97364472568
11,24,2,13555,13838.332887126244,283.3328871262438
10,28,4,11356,13334.260840980003,1978.2608409800032
2,25,6,14677,14935.179761842139,258.17976184213876
9,19,12,12840,13353.688821183263,513.6888211832629
3,3,7,16437,15203.708826066253,1233.291173933747
11,23,13,16569,16274.86135327305,294.13864672694945
3,2,21,17245,15482.75311438673,1762.2468856132691
1,25,22,18301,15292.432186534717,3008.5678134652826
4,6,10,13852,14805.10659553044,953.1065955304402
9,27,21,15283,14815.24271048668,467.75728951331985
1,7,17,18087,16358.480043498308,1728.519956501692
7,29,20,18704,18102.33014251492,601.6698574850816
1,7,19,21595,15125.376794004156,6469.623205995844
3,2,8,17482,16101.59570056367,1380.40429943633
6,5,1,12009,12869.07046901266,860.0704690126604
7,22,6,13118,13991.765438130336,873.7654381303364
6,23,5,13119,13539.754323373538,420.7543233735378
11,8,20,17645,15499.328606956376,2145.6713930436235
11,2,16,16604,16607.383690208993,3.3836902089933574
7,14,19,20594,20047.239065600992,546.760934399008
10,19,5,11662,13433.646315598704,1771.646315598704
6,6,22,15344,15254.329200688613,89.67079931138687
2,15,17,17285,16287.169492518748,997.8305074812524
1,23,15,17118,15250.554024170999,1867.4459758290013
12,28,4,15509,15089.813880270307,419.186119729693
1,23,21,18638,15840.838143675679,2797.161856324321
5,29,8,14544,14355.197394709663,188.80260529033694
7,28,11,19742,17996.27212838204,1745.7278716179608
6,5,5,11726,12651.767369923295,925.7673699232946
8,20,7,15376,14012.66009800173,1363.3399019982699
5,30,20,19942,18023.254482157357,1918.7455178426426
1,28,5,14072,13692.896278081536,379.10372191846363
4,6,1,11688,13550.419359267577,1862.4193592675765
10,1,6,11961,12981.495812876397,1020.4958128763974
12,28,17,17095,15863.801264732045,1231.1987352679553
4,12,0,12416,13949.760456815082,1533.7604568150819
2,13,23,17198,16029.81307491338,1168.1869250866202
4,30,1,11757,12252.101036737198,495.1010367371982
7,29,5,13971,14328.149283482458,357.1492834824585
11,8,15,16849,15179.49297323007,1669.5070267699302
10,18,2,12263,14723.734712979456,2460.734712979456
7,13,11,18903,18560.87824746818,342.1217525318207
7,18,19,18837,18625.38641500391,211.61358499608832
8,12,1,14001,13870.131757208903,130.86824279109715
8,20,20,19778,19149.62656140628,628.3734385937205
5,17,12,14581,14581.100206191559,0.10020619155875465
11,8,22,15706,15145.494495896119,560.5055041038813
5,11,22,14838,15573.150534079039,735.1505340790391
3,3,13,15279,14684.974355959575,594.0256440404246
12,13,4,14838,15268.14453368648,430.1445336864799
12,5,4,13495,14464.891163677745,969.8911636777448
6,8,14,14511,14589.267550559505,78.26755055950525
9,26,18,14980,15149.81878900013,169.81878900012998
8,6,0,14991,14702.307191403603,288.6928085963973
4,9,20,16217,15439.894379200243,777.1056207997572
7,11,13,14475,15213.88584225871,738.8858422587109
1,23,15,17317,15631.295987512407,1685.704012487593
6,5,13,15176,15856.089383807253,680.0893838072534
6,10,22,14653,15342.33743785997,689.3374378599692
11,20,10,16123,14904.57477092427,1218.4252290757304
9,26,22,14475,14475.100000372558,0.10000037255849747
12,7,7,15806,14638.406463905647,1167.593536094353
11,25,2,14050,14013.278858482981,36.72114151701862
3,27,10,15882,15010.894105263038,871.105894736962
6,28,4,12862,13777.942731611976,915.9427316119763
3,15,20,17741,15753.25292012014,1987.7470798798604
6,28,16,17652,16465.94514645111,1186.0548535488888
5,4,17,15503,15271.16931857257,231.83068142742923
11,2,4,11989,12842.070417388873,853.0704173888735
3,14,7,17505,15513.610698392617,1991.3893016073835
6,11,1,12507,13068.238965782952,561.2389657829517
1,9,18,19207,16195.952415025313,3011.047584974687
1,16,16,16986,15992.170383864495,993.8296161355047
12,25,9,16311,15088.090263386577,1222.9097366134229
9,12,14,17323,17367.119710197927,44.119710197926906
6,30,19,19686,19210.16585832012,475.8341416798794
7,22,11,16282,15653.768847005973,628.2311529940271
10,27,22,14945,14378.798744196722,566.2012558032784
1,31,17,18851,15726.181415577686,3124.8185844223135
11,12,10,15908,15050.892981560786,857.1070184392138
9,22,13,15292,14756.902373919302,535.0976260806983
12,17,8,15818,15104.618661145767,713.381338854233
10,5,9,14698,15541.556993617642,843.5569936176416
8,4,18,18278,17269.57982562388,1008.4201743761187
9,13,21,18221,18221.09969920717,0.09969920717048808
5,30,19,16406,16574.191215170238,168.19121517023814
9,6,18,15684,14914.455076953665,769.5449230463346
4,21,18,14772,15685.091128198688,913.0911281986882
6,1,12,14576,14812.436097816077,236.43609781607665
9,14,7,15951,14620.765012825428,1330.2349871745719
3,12,14,14942,16088.950546091386,1146.950546091386
6,3,10,14618,14221.2136935767,396.78630642330063
7,20,12,21547,20345.306512573585,1201.6934874264152
4,7,20,16512,15563.297628801398,948.7023711986021
8,6,6,13597,13078.035514204375,518.9644857956246
5,20,21,14079,14526.310582869144,447.3105828691441
1,5,9,19660,15094.480708971401,4565.519291028599
5,24,2,11082,14586.677944483274,3504.6779444832737
12,30,22,18047,15125.838790587188,2921.1612094128122
1,23,10,19081,16930.5601011526,2150.4398988473986
12,23,0,16365,14924.54289379359,1440.4571062064097
7,25,17,21298,18116.964644267602,3181.035355732398
8,29,1,14495,14312.979543679605,182.02045632039517
9,4,18,15722,15313.543556891053,408.4564431089475
6,16,19,16857,15271.417130068203,1585.5828699317972
5,10,0,12044,13860.687925527083,1816.6879255270833
10,13,14,14085,14754.952317811865,669.9523178118652
5,10,11,15340,14963.906397603929,376.0936023960712
3,23,13,15276,15275.900025369932,0.09997463006766338
4,10,17,16044,15848.428590517076,195.57140948292363
3,21,1,13324,13871.931999181805,547.9319991818047
12,18,22,19542,15290.65055118162,4251.349448818381
3,24,1,13772,14509.328116804412,737.3281168044123
7,1,18,20739,15739.43402004319,4999.565979956809
4,27,20,17060,16353.885559270137,706.1144407298634
11,8,21,16848,15191.286977532634,1656.7130224673656
7,30,6,12773,12773.099797988432,0.09979798843232857
9,5,23,19354,18175.39417770845,1178.605822291549
3,8,16,16062,15461.834603579755,600.1653964202451
7,31,19,19374,17091.975295512893,2282.0247044871066
6,1,5,11677,11881.261588070001,204.26158807000138
10,13,0,11856,13695.257722079288,1839.2577220792882
9,21,14,13984,14844.87032215718,860.8703221571795
8,17,4,14807,15530.517491786435,723.5174917864351
10,1,18,14645,13488.441071042105,1156.5589289578948
8,18,19,20662,20588.966308958596,73.03369104140438
7,9,14,16700,15906.901371265465,793.0986287345349
7,21,5,13476,14438.610963473762,962.6109634737622
1,15,16,18147,17065.828336380604,1081.171663619396
5,21,3,12075,13757.729391006806,1682.7293910068056
2,8,21,19022,15518.653655560202,3503.3463444397985
11,19,22,15942,14989.707142210616,952.2928577893836
2,3,1,15961,15066.894959784822,894.1050402151777
10,12,5,12260,13307.975477108215,1047.9754771082153
6,14,23,14464,15205.862543333127,741.8625433331272
10,12,15,14623,14669.12539738247,46.1253973824696
10,23,14,13014,13610.863446155485,596.8634461554848
3,30,4,13311,14532.913110766147,1221.913110766147
10,29,22,15360,15160.543905463806,199.45609453619363
1,18,3,13892,13532.337271523276,359.6627284767237
11,1,3,11530,12160.057834310373,630.0578343103734
1,8,21,19503,15774.207857714666,3728.792142285334
9,14,23,13673,14376.982334401999,703.9823344019987
3,16,3,13354,14318.185441705455,964.1854417054547
8,27,13,21591,19378.941490475598,2212.0585095244023
5,18,21,15750,15294.384382956814,455.6156170431859
6,3,11,15679,15721.432585900327,42.43258590032747
10,11,12,15121,14704.640144388988,416.3598556110119
10,3,10,15537,15289.290989528725,247.70901047127518
2,17,21,19523,15089.347682821399,4433.652317178601
3,9,14,15934,15676.94663870063,257.0533612993695
11,1,7,13982,13781.800202025075,200.19979797492488
3,17,23,14970,16372.750198896747,1402.750198896747
1,20,14,17571,15598.231059864194,1972.7689401358057
12,22,21,19690,15172.389417190787,4517.610582809213
7,28,10,17513,17215.537540495076,297.4624595049245
1,28,14,18593,15302.828827863652,3290.171172136348
8,14,21,18826,17769.308882381483,1056.6911176185167
5,21,9,15273,14943.698498760816,329.3015012391843
8,1,12,16269,15525.166815605395,743.8331843946053
9,24,14,19447,19349.12242778112,97.87757221888023
4,10,21,15437,15243.653411547955,193.34658845204467
9,26,1,10998,11701.989464046328,703.9894640463281
4,18,15,15615,15146.762761845983,468.2372381540172
4,20,4,11839,11951.220419750003,112.2204197500032
1,31,15,15141,13842.179065226297,1298.820934773703
10,17,23,13009,14979.382154426034,1970.3821544260336
12,3,19,19151,16127.822725029695,3023.177274970305
4,4,12,17472,16318.732693165277,1153.267306834723
10,8,22,14540,15744.267196129462,1204.2671961294618
4,29,1,12935,14532.263624642437,1597.2636246424372
3,8,17,17381,15814.730986560764,1566.269013439236
4,21,21,13998,13998.100237923012,0.10023792301217327
6,19,16,13641,15025.251885883918,1384.2518858839176
6,25,11,15010,15101.30631739146,91.30631739145974
11,24,22,16725,15550.08263918801,1174.9173608119909
1,20,9,18315,15181.035881481188,3133.964118518812
7,11,20,19606,19605.89997276827,0.10002723172874539
2,8,13,17500,15270.868561073943,2229.131438926057
7,30,21,16738,16737.899693836545,0.10030616345466115
5,18,9,14567,14529.829890872308,37.17010912769183
10,23,19,17452,14751.368641148105,2700.631358851895
2,12,11,18573,15870.743452072731,2702.256547927269
2,16,5,13723,14426.034250069602,703.0342500696024
1,30,20,18778,15997.760757371258,2780.2392426287424
4,23,1,11954,11362.683352668442,591.3166473315578
10,1,5,12237,12674.502011018765,437.5020110187652
4,15,3,12390,13155.663578619295,765.6635786192946
1,17,23,16022,15763.486242337889,258.51375766211095
12,24,11,16151,14350.145681004682,1800.854318995318
6,27,22,14982,15170.516915918774,188.51691591877352
5,16,23,13017,14553.341276170137,1536.3412761701366
9,15,18,15453,15749.638604954884,296.6386049548837
1,20,7,16414,15084.650200751414,1329.3497992485864
4,27,14,13522,13439.83718899224,82.16281100775996
5,14,20,13960,13866.251137916855,93.74886208314456
4,19,2,11076,12533.022613833104,1457.0226138331036
8,29,8,13670,12317.913535679918,1352.086464320082
3,31,0,12809,13217.03659899141,408.03659899140985
7,5,18,19299,18116.49725478351,1182.5027452164904
10,1,13,13174,13219.937170985186,45.93717098518573
1,3,11,20428,15088.927033210193,5339.072966789807
7,29,23,17823,16760.11543811651,1062.8845618834894
8,1,7,11590,12714.247257108518,1124.2472571085182
8,18,17,17813,17844.43964260188,31.439642601879314
12,5,12,16476,14924.477513887618,1551.5224861123825
1,5,8,16516,15344.134140588276,1171.8658594117242
7,25,5,14208,14216.688176468813,8.688176468813253
1,19,23,17218,15619.133752659509,1598.866247340491
8,26,18,16652,16270.48806026862,381.51193973137924
1,4,19,18775,16138.83444797645,2636.165552023551
2,22,7,16501,15193.318272511315,1307.6817274886853
7,30,5,12752,13851.777742898626,1099.7777428986265
8,17,2,13629,14122.47720032386,493.4772003238595
1,21,14,15652,14889.215346153165,762.7846538468348
11,8,19,17173,15460.471702551671,1712.5282974483289
1,4,21,19186,15680.086885152868,3505.9131148471315
4,7,3,12526,13350.917705552078,824.9177055520777
4,8,18,13506,13570.566702411958,64.56670241195752
11,21,19,18741,15844.43448922816,2896.5655107718394
12,28,18,16428,15019.440122654756,1408.5598773452439
5,24,21,14603,15130.71973937224,527.7197393722399
8,11,5,13104,13256.891019673692,152.89101967369243
1,20,0,16950,15341.487075496625,1608.512924503375
3,1,3,14972,15250.763263804105,278.763263804105
7,3,21,20020,19537.455831894877,482.5441681051234
10,24,12,15058,14842.49637861319,215.50362138680975
6,5,18,18447,17203.887897228182,1243.1121027718182
9,11,23,12751,14722.23505290454,1971.2350529045398
7,8,21,22330,21358.946498117522,971.0535018824776
5,4,19,14692,15528.198189269098,836.1981892690983
4,26,14,12150,14880.274327253841,2730.274327253841
1,27,2,14795,15086.374928873507,291.3749288735071
1,17,0,16645,15229.74596367072,1415.2540363292792
10,24,6,13391,13928.240263062831,537.2402630628312
8,30,23,14610,14762.841886741122,152.84188674112193
10,10,8,16200,15786.459813951238,413.5401860487618
2,4,10,19503,15099.735644245497,4403.264355754503
2,24,23,18693,15564.78359764623,3128.21640235377
2,11,7,15879,14369.374896209896,1509.6251037901038
5,10,16,14721,14973.940355540773,252.94035554077345
2,8,8,17665,16249.064485576611,1415.9355144233887
11,8,13,12811,13311.67149689486,500.67149689485996
5,4,14,13701,14334.700431966245,633.7004319662447
3,30,16,15268,15632.87233425817,364.87233425817067
5,31,0,14549,14260.245370374576,288.75462962542406
5,8,12,13139,14130.882425447278,991.8824254472784
1,17,18,18286,15389.11523249029,2896.8847675097095
9,17,20,19893,18508.448050356776,1384.5519496432244
8,6,21,17259,17342.087629040576,83.08762904057585
8,19,21,20377,19777.78451984869,599.2154801513097
9,5,0,16470,15238.101589454916,1231.8984105450836
12,28,11,16476,16323.74047865096,152.25952134904037
9,24,8,15056,15056.100001316578,0.10000131657761813
7,18,5,12808,13798.974120527459,990.9741205274586
12,24,11,18541,16069.387894803393,2471.6121051966074
8,8,17,15625,15784.872070563037,159.8720705630367
8,10,14,17928,16358.871966177172,1569.128033822828
6,23,11,18173,17056.503286377258,1116.4967136227424
1,27,4,14466,15198.265200631726,732.2652006317257
5,31,17,15277,14973.183056727194,303.8169432728064
4,26,17,16213,15987.048387071207,225.9516129287931
12,10,12,18074,15897.825822375882,2176.174177624118
8,3,1,14942,14632.643111443747,309.35688855625267
3,22,1,13645,14357.532512435724,712.5325124357241
4,9,14,13964,14472.027883398032,508.0278833980319
11,23,4,13482,13868.658238714812,386.6582387148119
10,19,20,16431,16413.469416413103,17.530583586896682
6,9,21,17013,16100.69328528486,912.3067147151396
5,13,1,12090,12540.625891489766,450.6258914897662
11,14,13,15067,13696.513313473373,1370.4866865266267
4,27,16,14421,14519.068053932913,98.06805393291324
3,26,4,13531,14252.558125548976,721.558125548976
3,28,22,15561,15407.294652180013,153.70534781998686
8,18,14,20131,18172.553469460363,1958.446530539637
12,18,0,15816,14305.26452855587,1510.7354714441299
2,3,22,16916,15211.36735681838,1704.6326431816196
8,7,0,13671,13220.639321261917,450.36067873808315
11,27,10,16180,14878.995223795846,1301.004776204154
10,4,11,14849,13120.572607210144,1728.4273927898557
11,24,7,15724,14331.657335205924,1392.342664794076
9,17,8,12620,11968.475159277728,651.5248407222716
4,7,15,13181,14736.532526041963,1555.5325260419631
8,3,18,17511,15935.35070485678,1575.6492951432192
10,20,22,14503,15457.097437602206,954.0974376022059
10,27,15,14739,13847.903312592847,891.0966874071528
11,13,9,12751,13248.411235025094,497.41123502509436
11,30,3,14330,14077.960814433618,252.039185566382
4,3,6,14589,14131.836454432403,457.1635455675969
4,17,14,15694,16253.452254890202,559.4522548902023
11,25,20,17154,15590.459927691305,1563.540072308695
4,26,2,12928,12783.52626882816,144.47373117183997
5,21,12,17527,17575.216099991914,48.216099991914234
1,10,7,15811,14854.86363799555,956.1363620044503
1,2,7,16874,15155.746560019235,1718.2534399807646
8,4,17,18189,16184.017501779552,2004.9824982204482
8,3,11,15659,16877.053819389756,1218.0538193897555
5,9,2,12459,13646.697220797654,1187.6972207976542
4,30,12,14463,14975.882387207726,512.8823872077264
9,17,7,12820,13319.27503005856,499.2750300585594
9,20,2,13184,13167.378934122076,16.621065877923684
12,12,9,19169,15351.989687072573,3817.0103129274266
3,26,9,16896,15091.240316537447,1804.7596834625529
6,9,12,14792,15054.234486033103,262.23448603310317
11,6,12,16693,15789.897169883234,903.1028301167662
11,28,10,14458,13393.553379050269,1064.4466209497314
11,16,15,14941,14614.249216225142,326.75078377485806
10,11,15,15060,15185.24083287524,125.24083287524081
9,26,2,12446,12680.57893255359,234.57893255358977
11,21,0,15432,14152.23048085186,1279.7695191481398
10,13,14,15401,15433.81458833331,32.814588333310894
12,22,6,15461,15165.880178383664,295.1198216163357
11,17,17,17186,15810.099530191177,1375.900469808823
11,17,20,17365,15151.415743693193,2213.584256306807
12,29,3,12401,13118.521061870473,717.5210618704732
2,15,20,19061,15286.346656599399,3774.6533434006014
6,27,18,21546,17106.685863047038,4439.314136952962
11,10,10,14389,13873.118070996095,515.8819290039046
6,22,17,19837,18090.895017853065,1746.104982146935
3,19,13,16002,15203.686312226457,798.3136877735433
5,14,17,15114,14918.245026678926,195.75497332107443
8,10,1,16520,16571.075721153717,51.075721153716586
12,27,12,15393,15877.706470406785,484.70647040678523
5,18,6,13232,13097.478723047725,134.521276952275
6,19,12,12340,14152.311434844081,1812.3114348440813
9,7,6,11207,13468.258804854127,2261.2588048541274
11,24,0,13958,12918.804254656068,1039.1957453439318
6,29,13,19815,18440.834633617746,1374.1653663822544
1,4,1,14809,15257.142754236458,448.14275423645813
1,30,18,20701,15662.409404634716,5038.590595365284
4,8,8,14024,14597.197424051674,573.1974240516738
1,18,14,16808,15077.30865255354,1730.69134744646
11,17,16,15752,14788.37544635507,963.6245536449296
7,24,0,14513,13983.490650542893,529.5093494571065
8,11,21,22473,19183.784059633894,3289.215940366106
9,3,2,14228,14615.188694666667,387.1886946666673
9,25,4,11082,11783.53241979663,701.5324197966293
3,7,2,14279,14731.54160818255,452.5416081825497
5,3,6,12577,14110.45604190488,1533.4560419048794
3,19,23,15240,15555.196304729434,315.1963047294339
2,1,14,18055,15806.465756273137,2248.5342437268628
8,25,21,18387,16763.897387284636,1623.1026127153636
9,10,21,17560,17069.124229875284,490.8757701247159
11,23,0,15284,14426.886348269212,857.1136517307878
12,30,2,13681,14432.684490989473,751.6844909894735
11,9,13,13952,13279.613804526454,672.3861954735457
5,7,13,14267,14575.640895554858,308.6408955548577
5,13,12,14691,14253.989021896668,437.0109781033316
8,22,3,12903,13307.984546046373,404.984546046373
11,28,14,18410,15892.70949231246,2517.2905076875395
10,4,20,15986,15843.565591186716,142.43440881328388
4,28,21,14857,14857.099907911028,0.09990791102791263
11,3,10,16109,14456.99926279043,1652.0007372095697
1,23,23,16610,15174.144008894515,1435.8559911054854
2,9,18,19202,15636.350785371265,3565.6492146287346
11,13,22,16862,15989.909061605025,872.0909383949747
12,13,21,19220,15683.232113426364,3536.767886573636
9,24,1,12027,11115.897628076575,911.1023719234254
12,20,13,17611,15962.888992087934,1648.1110079120663
7,2,13,18570,18396.49630837883,173.5036916211684
6,24,10,16262,15098.110473858489,1163.889526141511
7,15,14,18299,18340.963517682056,41.96351768205568
4,19,22,13921,14450.64958461952,529.6495846195194
6,10,11,12723,13821.275258848274,1098.2752588482745
11,28,19,16074,13916.628947843175,2157.3710521568246
9,25,18,21261,18769.03519662914,2491.964803370862
9,2,0,13185,13292.332183900002,107.33218390000184
10,6,14,15345,14682.021785557063,662.9782144429373
1,29,10,18393,16278.114189736487,2114.885810263513
10,16,23,13503,14660.092958844003,1157.092958844003
9,24,11,13489,13808.346940243713,319.3469402437131
12,26,1,12939,14689.936014526134,1750.9360145261344
6,5,21,15402,14935.562192107316,466.43780789268385
10,27,7,15273,13208.423382382567,2064.576617617433
10,31,15,16767,15884.160695734336,882.8393042656644
5,18,0,12190,14322.845016076571,2132.8450160765715
11,10,9,13932,13211.928338372974,720.0716616270256
9,27,1,11977,12157.264255386848,180.26425538684816
2,23,17,19106,15644.085707841876,3461.914292158124
5,3,5,13458,13953.106961546478,495.1069615464785
3,10,2,12136,13418.769766778849,1282.7697667788489
12,31,9,15081,15908.258568307112,827.258568307112
2,1,6,14957,15030.450623929866,73.4506239298662
11,15,22,17193,16242.696078809491,950.3039211905088
1,8,23,16513,15964.519380862472,548.4806191375283
10,16,19,16554,15181.916901612532,1372.0830983874675
4,8,11,16411,15981.187112245938,429.8128877540621
8,23,8,15600,15146.913813921217,453.0861860787827
5,10,13,14157,14990.220338984402,833.2203389844017
8,31,18,20014,17572.400624197504,2441.599375802496
12,11,8,14532,13786.89246957311,745.1075304268907
6,3,2,11218,11864.397735163677,646.3977351636768
1,18,20,20122,15788.417668779253,4333.582331220747
3,15,8,16530,16096.781288364653,433.21871163534706
7,17,7,15027,14114.436268856749,912.5637311432511
10,30,6,14745,14483.22028995706,261.77971004293977
12,29,19,19520,15222.618663158406,4297.381336841594
8,20,18,19467,17361.79093162945,2105.20906837055
8,27,16,22407,19725.339146261264,2681.6608537387365
4,7,15,14384,14927.09324095314,543.0932409531397
9,24,19,14939,13863.500295862932,1075.499704137068
12,1,6,14213,14468.434494830892,255.4344948308917
4,21,9,13801,14244.621609902713,443.6216099027133
10,3,10,16892,16978.409757346482,86.40975734648237
4,29,6,13265,13268.98575984802,3.98575984801937
11,22,18,18064,14950.624466427653,3113.375533572347
6,28,16,16146,16342.234346576484,196.2343465764843
3,16,6,15440,14725.328988335772,714.671011664228
10,26,10,16267,16036.20049022593,230.79950977406952
2,11,1,15708,15253.15300261353,454.8469973864703
12,17,21,18595,15732.612962772988,2862.387037227012
3,3,1,14072,13841.13915690942,230.8608430905806
8,4,4,13465,13921.170542179938,456.1705421799379
5,15,15,14811,14799.794407415387,11.205592584612532
3,28,7,15880,13986.445869395635,1893.5541306043651
10,2,7,14974,13915.804983991642,1058.195016008358
3,7,9,16445,15902.121692414039,542.878307585961
11,25,22,16081,15706.529736807905,374.47026319209544
11,22,8,16194,16115.589353205825,78.41064679417468
5,6,2,10712,12234.099769901844,1522.0997699018444
12,9,6,13768,14132.201386456894,364.2013864568944
3,20,0,13246,11932.573354223761,1313.4266457762387
1,18,20,19118,15357.560256269195,3760.4397437308053
10,3,16,14605,14268.387874276552,336.6121257234481
2,14,3,15735,15124.397625007161,610.602374992839
3,7,0,14847,13368.51179100325,1478.4882089967505
7,27,15,21617,20179.280757678633,1437.7192423213673
9,2,14,15868,16166.796407664844,298.7964076648441
12,23,23,16844,15562.042771979126,1281.957228020874
12,13,16,17964,16141.417409108013,1822.582590891987
10,14,23,12477,14355.582552950014,1878.5825529500144
4,23,14,13661,14704.262535483556,1043.2625354835563
9,5,2,14945,14921.347536632164,23.65246336783639
3,10,6,14850,14805.510689565552,44.48931043444827
11,19,21,16727,14849.146274176173,1877.8537258238266
6,3,6,12327,13121.743332574255,794.743332574255
12,29,11,15960,14414.480490947568,1545.519509052432
7,29,7,14930,14058.814215361994,871.1857846380062
5,18,11,13871,14863.266935838641,992.2669358386411
9,21,10,17046,17707.85629946366,661.8562994636595
2,18,19,19277,15672.317060756566,3604.682939243434
2,7,7,16440,15153.010451758406,1286.989548241594
6,5,12,15291,15291.100091749682,0.10009174968217849
9,12,20,14769,14369.724087473958,399.2759125260418
6,26,8,16437,17097.488057003608,660.4880570036075
9,6,4,12232,13360.372863347784,1128.372863347784
12,19,14,19286,15435.751251130148,3850.2487488698516
7,27,19,18181,18787.709956989074,606.7099569890743
12,4,23,15514,15412.586261488013,101.4137385119866
3,7,9,16851,14748.57452340053,2102.42547659947
11,18,11,16973,14793.734997409323,2179.265002590677
12,21,0,15952,15134.851510522862,817.1484894771384
1,31,13,17883,16458.019766766745,1424.9802332332547
7,8,22,21162,20387.77602177552,774.2239782244797
12,20,6,13217,13829.178589560104,612.1785895601042
9,17,23,13880,15316.292841214627,1436.2928412146266
8,23,8,14831,13722.881402851955,1108.1185971480445
9,25,13,16975,17029.651696911686,54.651696911685576
7,29,8,18470,16943.097398268914,1526.9026017310862
1,16,14,19051,15883.885359452524,3167.1146405474756
12,26,5,14618,15087.845901614432,469.84590161443157
3,26,23,13992,15276.11558801023,1284.1155880102306
1,28,21,18696,15755.768470198122,2940.2315298018784
8,1,3,11404,12406.225280304832,1002.2252803048323
1,25,5,14065,15000.735042962271,935.7350429622711
12,16,2,14715,14584.078001709231,130.9219982907689
2,28,22,15401,15361.226527543939,39.77347245606143
10,17,21,15493,14975.600482517311,517.3995174826887
5,23,16,15103,15043.545286895709,59.45471310429093
5,15,0,11468,14366.040424789158,2898.0404247891584
12,14,19,18470,16153.727733365322,2316.272266634678
7,28,11,18443,17980.70000095213,462.2999990478711
12,27,4,11753,12475.975345639175,722.9753456391754
2,8,23,17516,15581.474730046422,1934.5252699535777
7,6,22,15520,15851.830749392257,331.8307493922566
3,18,19,16287,14993.025507643692,1293.9744923563085
5,20,9,14558,14816.669212937899,258.6692129378989
9,9,20,14116,13701.69979569834,414.3002043016604
8,22,23,14011,14371.03369122525,360.03369122524964
7,3,5,11150,11631.862582317106,481.862582317106
5,16,0,12385,11572.94822982526,812.0517701747394
11,4,2,12431,13777.610214919443,1346.610214919443
10,21,22,15490,15328.27189317331,161.72810682668933
6,19,23,15198,15754.28115010154,556.2811501015403
7,26,12,19628,19553.810095111025,74.18990488897543
2,13,5,17058,15092.86432386063,1965.1356761393708
5,5,7,14972,13698.863386785571,1273.1366132144285
3,10,18,17896,15241.825998924947,2654.1740010750527
5,23,0,11275,14554.414307538425,3279.4143075384254
11,19,20,16596,14870.052609303892,1725.9473906961084
9,21,7,15602,14169.329078416305,1432.6709215836945
2,16,1,15207,14223.533230523219,983.4667694767813
10,3,19,16212,14987.603944479046,1224.3960555209542
11,11,12,14761,14361.795781936002,399.20421806399827
12,19,5,13942,14777.680889548441,835.680889548441
2,20,13,14704,14862.631463174754,158.63146317475366
3,12,20,18006,16108.958812480856,1897.041187519144
12,10,17,17059,15614.75588026226,1444.2441197377393
10,16,16,15327,14942.843808283995,384.1561917160052
11,21,7,15832,14495.851978111692,1336.148021888308
1,25,4,13151,13458.058333491652,307.05833349165187
7,14,15,16524,16948.354033262945,424.35403326294545
11,4,7,14141,14236.166869321261,95.1668693212614
1,22,1,17370,15113.712018014598,2256.2879819854024
11,15,0,15213,14505.458980394584,707.5410196054163
3,5,21,16328,15806.084843120596,521.9151568794041
7,3,2,14447,14620.170677739668,173.17067773966846
11,19,13,16874,16255.55800430123,618.4419956987695
11,17,9,16298,15986.322557132886,311.6774428671142
9,24,3,12911,13341.575417825718,430.5754178257175
9,23,3,10871,11157.235185896963,286.23518589696323
11,5,1,12127,12127.100396551807,0.10039655180662521
2,17,23,17795,15594.532164568747,2200.4678354312528
4,18,13,14589,14701.80474569176,112.80474569175931
8,11,17,18638,18375.400230520616,262.5997694793841
10,30,22,13885,15089.50644948883,1204.5064494888302
1,7,0,15256,14006.690611408896,1249.309388591104
5,13,10,14855,15041.900105580085,186.90010558008544
5,22,12,12242,14420.67715174169,2178.677151741689
3,14,22,15599,15634.42010543358,35.42010543358083
6,5,3,11312,12180.783713633355,868.7837136333546
10,1,18,16329,15424.482049138034,904.5179508619658
10,8,10,15328,15594.80373732652,266.8037373265197
7,9,15,15440,16019.34780142437,579.3478014243701
5,29,7,13680,14131.421194751778,451.4211947517779
2,20,15,16493,15729.270130742221,763.7298692577788
9,16,22,14798,14891.697771203622,93.69777120362232
4,3,4,12602,13532.05646339915,930.0564633991507
5,8,11,13981,14582.589333344225,601.5893333442255
10,9,1,11777,14350.588474388325,2573.5884743883253
8,10,11,17427,17212.702473253597,214.29752674640258
5,30,19,15606,15605.899850427151,0.10014957284874981
3,8,15,15294,14771.164735405517,522.8352645944833
6,24,20,18624,18210.209540060092,413.79045993990803
7,9,6,15652,15420.563167923068,231.43683207693175
6,12,7,15129,14693.426444945975,435.57355505402484
4,20,6,13818,13008.24237471083,809.7576252891704
8,25,23,17403,17643.814925515977,240.81492551597694
6,1,21,15668,15300.448393683624,367.5516063163759
9,22,14,15801,15835.219546056516,34.219546056516265
12,14,23,15619,15370.254540022366,248.7454599776338
2,2,10,17290,15743.243426769362,1546.7565732306375
11,11,8,14974,14837.149004821402,136.85099517859817
9,13,20,15353,14329.595165234732,1023.4048347652679
10,27,21,15494,15958.01278321859,464.0127832185899
12,26,22,15001,14693.924563135844,307.07543686415556
8,23,10,15509,15210.403237313569,298.59676268643125
3,18,8,17782,16126.135350008377,1655.864649991623
1,13,0,15152,13834.038055624063,1317.9619443759366
12,19,7,14504,14281.038870893706,222.9611291062938
2,14,1,16182,15167.602583649059,1014.3974163509411
12,2,1,13777,12987.46530511629,789.5346948837105
1,25,17,17664,15288.042577542183,2375.9574224578173
5,17,5,12061,12255.647331400565,194.64733140056524
8,15,16,17796,16457.489977844783,1338.5100221552166
12,23,5,14192,14536.267790119578,344.2677901195784
4,23,5,12388,13651.687000085309,1263.6870000853087
6,30,7,14824,13490.939529175092,1333.0604708249084
10,26,13,15813,15873.467914601535,60.467914601535085
1,20,22,17769,16179.70146399963,1589.2985360003695
3,9,8,17943,16189.291855324846,1753.7081446751545
3,23,5,13638,13863.378636304644,225.3786363046438
8,26,19,20770,20378.050133675195,391.94986632480504
5,2,20,16342,15777.620075880566,564.3799241194338
5,2,21,15982,15903.589624862474,78.41037513752599
6,24,22,14595,15810.171643696021,1215.1716436960214
4,18,3,13438,13229.773549592495,208.22645040750467
8,28,13,17347,16392.32431341342,954.6756865865791
10,19,1,11878,13942.612463936503,2064.6124639365025
5,29,0,12823,12060.903125346762,762.096874653238
5,3,13,12573,14236.718037354367,1663.718037354367
2,6,9,15834,13952.735137552834,1881.2648624471658
4,20,4,12040,12456.088019883598,416.08801988359846
4,23,5,13557,13675.546220230379,118.54622023037882
10,11,12,12762,13566.365760779043,804.3657607790428
12,23,3,13630,13839.126444410736,209.12644441073644
11,6,5,11976,12812.05594458454,836.0559445845392
10,15,14,15023,14344.078633908019,678.9213660919813
7,14,7,14865,13520.427541220437,1344.572458779563
10,15,10,13545,13068.331491962675,476.6685080373245
3,24,11,14789,14405.51536338075,383.4846366192505
11,6,12,15346,14454.550534509508,891.449465490492
1,30,20,18972,15551.403707075238,3420.5962929247617
11,17,18,17936,15604.329836640738,2331.670163359262
1,18,4,16032,15364.597349219473,667.4026507805265
9,11,20,17240,15349.717982364857,1890.2820176351433
7,11,14,14517,15273.45552079709,756.4555207970898
2,3,21,17606,15715.083260172658,1890.916739827342
12,19,19,19818,15897.82138657747,3920.1786134225295
2,4,21,17569,15433.16174176703,2135.8382582329705
2,15,6,15861,15088.371923835584,772.6280761644157
6,18,10,16134,15286.368132351254,847.6318676487463
10,24,9,16063,16432.29733157232,369.2973315723211
7,5,8,15318,15299.213044932887,18.786955067113013
3,26,13,15249,14570.341115013998,678.6588849860018
11,17,11,15060,14286.820164648234,773.1798353517661
5,7,19,13958,14989.418237892001,1031.4182378920013
2,4,22,16804,15513.30569982107,1290.6943001789296
9,11,8,14362,14832.378340754809,470.37834075480896
4,20,15,13055,13952.41219176227,897.4121917622706
4,22,18,16430,15633.282460565504,796.7175394344958
11,18,22,17226,15869.381896132718,1356.6181038672821
12,24,15,16669,15850.206514619518,818.7934853804818
1,11,6,15214,15170.926922358096,43.07307764190409
3,5,5,13724,14887.438489149998,1163.4384891499976
11,8,3,12870,12548.834551810965,321.1654481890346
6,23,9,14198,15111.51020570196,913.5102057019594
6,9,3,12107,12169.244909303385,62.2449093033847
9,29,18,17674,15906.097658202048,1767.9023417979515
6,4,1,13016,13016.099988178117,0.09998817811720073
9,11,19,16958,17103.902482043628,145.90248204362797
8,31,2,13500,13983.965402946465,483.9654029464655
11,12,18,18240,16180.142709084928,2059.8572909150716
2,15,16,18335,15114.993748480645,3220.006251519355
10,4,9,15386,15288.443331875991,97.55666812400887
2,25,13,16412,15715.096903940761,696.903096059239
2,17,21,18847,15633.810558565945,3213.189441434055
1,22,11,17879,16476.160894810746,1402.839105189254
1,15,15,17882,16987.58151110022,894.4184888997806
1,30,21,18655,15510.535623138925,3144.464376861075
5,26,19,14530,14529.89977070055,0.1002292994508025
9,21,7,13983,13671.0051343993,311.9948656007
11,7,10,15706,14840.264100150243,865.7358998497566
8,20,1,15136,14659.008044008016,476.99195599198356
11,10,8,14201,14392.035256115807,191.035256115807
9,13,14,16876,18921.1163815829,2045.1163815828986
5,14,8,13582,14332.759599587394,750.7595995873944
10,25,1,13201,13095.447697518182,105.5523024818176
12,6,15,19249,15825.858821825675,3423.1411781743245
2,6,23,17739,15327.779568679716,2411.2204313202838
9,29,8,14684,14736.66525230202,52.665252302020235
11,25,1,14089,13982.5262352008,106.47376479920058
9,5,20,16406,16263.549890258806,142.45010974119396
9,12,0,14277,13765.604013069782,511.395986930218
7,14,15,18800,18886.919540813822,86.9195408138221
1,4,0,14424,14275.471831282703,148.52816871729738
11,30,20,17684,15572.89837389197,2111.1016261080294
12,28,9,15751,14535.134393208224,1215.8656067917764
3,9,1,14385,14249.357671989626,135.6423280103736
11,10,17,16734,14738.548738595498,1995.4512614045016
7,31,5,13369,13115.487860886684,253.51213911331615
10,9,13,13533,14388.451110041298,855.4511100412983
10,8,18,14227,14226.899817283313,0.10018271668741363
8,22,3,12384,12690.30809385929,306.30809385929024
12,8,10,16625,14658.90562189009,1966.0943781099104
7,16,6,14873,13858.850116688438,1014.149883311562
3,10,6,13389,13080.767519532244,308.2324804677555
12,31,15,17158,15504.11449129541,1653.8855087045904
9,1,5,14462,13873.125547357095,588.8744526429055
8,16,10,16339,16709.45946592847,370.4594659284703
5,31,4,11101,13453.57299085294,2352.5729908529393
3,20,21,18079,15718.28254090285,2360.71745909715
12,18,21,18637,15733.37086115646,2903.62913884354
8,18,14,20320,19034.170584109084,1285.8294158909157
7,11,5,12060,11715.517006520131,344.48299347986904
9,26,9,13554,13178.383815509722,375.6161844902781
7,16,15,18481,18224.970670788334,256.02932921166575
3,2,19,19691,15515.027025175506,4175.972974824494
9,28,12,14538,14696.588863775434,158.58886377543422
9,23,11,14091,14142.192610331518,51.19261033151815
2,15,22,16413,15635.39687383967,777.6031261603293
3,5,20,17348,15500.068992794855,1847.9310072051449
12,29,16,16702,15314.964067471396,1387.0359325286045
12,27,20,16202,15571.33278326497,630.6672167350298
2,6,11,18296,16343.486548857096,1952.5134511429042
10,15,21,15887,14901.216417519796,985.7835824802041
9,4,1,13139,12940.112408577226,198.88759142277377
5,6,8,14367,14611.338177696052,244.3381776960523
11,7,5,12804,13653.249864678144,849.2498646781441
10,12,4,11937,13639.906422890595,1702.9064228905954
3,1,2,13445,13845.562218375657,400.5622183756568
4,11,10,16149,16228.024790528312,79.02479052831222
9,20,23,13774,15041.462939077894,1267.4629390778937
10,27,23,13261,14770.565209233626,1509.5652092336259
8,28,8,15089,13576.452187206534,1512.5478127934657
4,26,14,15203,15426.452550580047,223.4525505800466
1,11,21,17481,15425.922639644195,2055.0773603558046
9,25,3,11586,12372.684556473268,786.6845564732685
7,20,18,20104,19555.000225054395,548.9997749456052
3,25,23,13124,14988.899714985757,1864.8997149857569
4,13,12,14294,15031.122623936912,737.1226239369116
12,4,22,16380,15355.993623403283,1024.006376596717
7,31,16,16475,16163.899639906973,311.1003600930271
10,20,18,16271,16442.5070930966,171.50709309659942
10,28,21,15594,15185.261975544408,408.7380244555916
1,24,2,14728,15045.31029341694,317.3102934169401
1,19,9,17252,15873.39579764561,1378.6042023543905
2,13,3,15811,15113.048071196945,697.9519288030551
10,28,13,14381,15513.813443311825,1132.8134433118248
1,22,14,20233,15128.158308715174,5104.841691284826
6,8,21,16422,16329.63125886448,92.3687411355204
9,14,21,15750,15172.460881778934,577.539118221066
1,20,10,18693,16538.99100914566,2154.0089908543414
9,26,3,11283,12207.80795175403,924.80795175403
10,10,1,11632,12393.960584803412,761.9605848034116
7,14,21,20077,18561.741895671814,1515.2581043281862
1,7,14,18021,15225.33655549154,2795.66344450846
12,28,16,18338,15348.662400492107,2989.337599507893
11,3,16,15439,15104.546509715334,334.45349028466626
12,30,0,13971,12574.40929130423,1396.5907086957704
2,9,20,16815,14983.55185174949,1831.4481482505107
7,15,16,20898,18841.113087516052,2056.8869124839475
12,6,16,16293,14297.477205607376,1995.5227943926238
9,1,8,12221,12404.57319275021,183.57319275020927
7,10,11,16745,16807.238655386813,62.23865538681275
10,16,10,16377,15819.07116001758,557.92883998242
3,28,7,12745,13243.161178474225,498.1611784742254
3,18,10,17468,16193.294663290097,1274.7053367099033
4,10,18,15304,15184.604338306866,119.39566169313366
3,23,3,14726,15006.039452181816,280.03945218181616
7,16,6,12210,12058.782124588706,151.2178754112938
1,10,10,17599,16048.297519690179,1550.702480309821
9,21,23,15411,15893.137861234063,482.13786123406317
7,28,11,16474,15448.186486561923,1025.8135134380773
8,7,2,13829,14781.490274775166,952.4902747751657
1,10,20,17564,15225.641667509497,2338.358332490503
7,10,15,16781,15940.223127746947,840.7768722530527
1,24,18,19185,15666.941922640599,3518.058077359401
11,2,14,16348,16532.200462966477,184.20046296647706
2,14,22,17551,15941.461074605348,1609.5389253946523
5,12,11,13151,14916.87101969867,1765.8710196986704
12,21,15,17515,15710.228427292219,1804.7715727077812
9,28,19,18048,17379.45061360635,668.5493863936499
8,19,23,17602,16924.315979849292,677.6840201507075
8,20,13,21149,20945.15871456418,203.8412854358212
7,20,2,13386,13184.84180568973,201.15819431027012
9,23,9,14954,13419.427934019608,1534.572065980392
5,1,23,13854,15567.945227967726,1713.9452279677262
10,9,1,12093,12211.777180420604,118.77718042060405
8,15,17,20055,18221.83688039881,1833.1631196011913
11,26,15,18475,16389.23992340652,2085.7600765934803
10,14,14,14578,14289.021360081082,288.9786399189179
3,15,6,15635,15072.850427191952,562.1495728080481
10,25,2,12209,12587.483492340025,378.4834923400249
7,6,1,15133,15718.711718024335,585.7117180243349
12,19,17,18379,16548.5459552645,1830.4540447354993
7,16,0,13403,12292.082717443478,1110.917282556522
12,13,17,18889,16602.71776445126,2286.2822355487406
3,11,9,16242,14360.506662445026,1881.4933375549736
7,11,22,16351,16563.611007096086,212.6110070960858
1,22,10,16435,14452.244801132223,1982.755198867777
6,18,23,14476,14462.300555546712,13.699444453288379
10,25,13,15122,14697.278132570376,424.72186742962367
1,8,14,17011,15023.976796308385,1987.023203691615
9,1,11,16260,14550.839677220412,1709.1603227795877
12,13,2,16602,15269.249246050256,1332.7507539497437
10,6,11,13943,13011.997480682916,931.0025193170841
5,27,18,15294,15327.53801883832,33.53801883832057
5,11,2,11978,12144.40935017071,166.40935017071024
7,29,4,13826,14490.899919390735,664.8999193907348
6,4,12,13376,13528.182447202098,152.18244720209805
10,3,23,13093,14454.0820520773,1361.0820520772995
4,3,15,14959,14830.669293551946,128.33070644805412
6,1,4,12142,12141.899699010357,0.10030098964307399
5,11,8,14197,15488.75561158499,1291.7556115849893
9,15,22,14705,15386.001974257497,681.0019742574968
6,5,22,15284,15368.177870858051,84.17787085805139
3,30,12,15171,14455.780078894939,715.2199211050611
6,21,16,15349,15281.284224015071,67.71577598492877
3,11,17,17416,16412.608913489697,1003.3910865103026
3,22,4,13676,14146.701573034572,470.701573034572
2,24,18,17933,15452.328660658288,2480.671339341712
1,13,17,18389,16119.98049497385,2269.01950502615
3,17,21,16551,15351.741559779346,1199.258440220654
12,30,0,14110,13855.118055861269,254.88194413873134
1,4,1,16223,15178.52207813625,1044.4779218637505
2,7,19,19838,15707.945790081756,4130.054209918244
8,12,20,19040,18586.951518403122,453.04848159687754
3,10,22,17588,16042.185149504723,1545.814850495277
9,11,22,16824,16142.076345393567,681.923654606433
6,20,13,14283,14460.63986669979,177.63986669979022
5,30,7,16171,14123.200543581876,2047.7994564181245
6,19,23,15042,15572.37878765729,530.3787876572896
9,20,8,16311,15485.217124171972,825.7828758280284
12,8,14,15871,14328.616759630359,1542.3832403696415
8,18,17,16002,15529.783573998491,472.2164260015088
10,5,21,15448,14703.649238619699,744.3507613803013
11,4,13,14788,14865.161329893946,77.16132989394646
2,5,5,14338,14920.558175719752,582.5581757197524
6,20,23,13884,15269.905972614792,1385.9059726147916
11,11,8,15229,14249.36790874929,979.6320912507108
1,6,14,18895,15129.241777607975,3765.7582223920253
1,13,10,17595,15586.041916705393,2008.9580832946067
4,29,19,15540,15378.912078773192,161.08792122680825
5,17,21,14595,14651.622414180607,56.62241418060694
12,19,15,18337,16419.232292085853,1917.7677079141467
2,24,17,19217,15831.35698580023,3385.64301419977
6,7,3,11791,12871.97158235968,1080.9715823596798
4,20,8,15982,16238.341261433445,256.34126143344474
3,19,13,13912,14106.455065167203,194.45506516720343
1,12,7,15101,14759.12397246228,341.8760275377208
10,19,13,15014,15151.761625241956,137.7616252419557
8,20,3,14066,14287.515499945486,221.51549994548623
2,1,7,16691,15292.18698355464,1398.8130164453596
7,14,16,18208,17081.280771106864,1126.7192288931365
7,28,19,20576,17828.641680601042,2747.358319398958
2,12,21,17248,15359.381831659763,1888.6181683402374
10,18,15,14557,15026.99141015949,469.99141015948953
4,19,5,13746,13591.524644315352,154.4753556846481
8,28,21,19421,18089.08427156217,1331.9157284378307
3,1,3,15257,15192.932857852255,64.06714214774547
5,1,2,11877,12829.617174849987,952.6171748499874
3,27,6,13972,14598.076181508784,626.0761815087844
11,3,10,14236,13916.10532875919,319.89467124081057
6,19,11,21564,20400.84714907037,1163.1528509296295
2,12,9,18818,15750.001906543039,3067.998093456961
1,29,0,16389,15200.222147393559,1188.7778526064412
11,20,21,18306,16129.594889531641,2176.4051104683585
12,18,8,16677,15284.565320615586,1392.4346793844143
4,14,4,11958,14095.25425106949,2137.2542510694893
3,16,16,15554,15313.209613208504,240.79038679149562
6,26,19,19994,19100.86071075237,893.1392892476288
10,6,22,14955,14987.310976902229,32.310976902228504
1,7,21,21274,15102.565234013677,6171.434765986323
8,1,12,17413,17523.63744084312,110.63744084311838
5,6,23,12827,14800.788536655486,1973.7885366554856
5,24,5,11975,12153.737463913874,178.7374639138743
9,9,9,15462,15409.402655520014,52.59734447998562
12,12,13,18161,16300.120246034636,1860.8797539653642
5,13,3,11228,11598.25012146614,370.2501214661406
10,16,16,14991,14780.198119709254,210.80188029074634
9,8,10,16075,15952.36747224672,122.63252775327965
10,20,8,14994,14555.345665552566,438.65433444743394
11,24,15,17025,15202.016981980021,1822.9830180199788
4,9,18,13884,14843.523468205882,959.5234682058817
11,19,22,15427,14908.598618902348,518.4013810976521
6,21,12,15829,16631.17915618802,802.17915618802
3,31,5,12691,13588.626295443193,897.6262954431932
2,9,14,15707,14654.62003487925,1052.37996512075
10,25,7,15911,13556.236922229584,2354.763077770416
6,24,5,11489,12433.052277105053,944.0522771050528
7,29,17,16613,16133.394755837959,479.60524416204134
12,28,22,16473,15503.110162760404,969.8898372395961
8,30,14,16943,18217.186100633506,1274.1861006335057
9,27,6,12680,13116.056289880831,436.0562898808312
3,6,21,17573,15380.239677602034,2192.760322397966
6,9,2,12592,13121.365956007707,529.3659560077067
5,14,14,16169,16714.076231416737,545.0762314167368
2,26,16,18770,15413.184004733781,3356.815995266219
11,6,7,13880,13244.32573404314,635.6742659568608
9,3,16,21750,19595.84996519737,2154.150034802631
12,11,21,17921,15776.480610905475,2144.5193890945247
3,20,18,16177,15094.42694218864,1082.5730578113598
5,2,0,13095,12382.861728739048,712.138271260952
8,3,0,17555,15398.336534882541,2156.663465117459
3,19,16,15798,15406.674021129358,391.32597887064185
6,14,5,11172,12039.877816409658,867.8778164096584
3,14,12,15140,14387.707136748404,752.2928632515959
7,15,1,15088,15282.775829905046,194.7758299050456
1,18,16,18590,15639.475216556268,2950.5247834437323
10,20,19,16730,15799.946717033903,930.053282966097
5,10,0,11880,13663.146591448374,1783.1465914483742
10,19,6,13994,13124.506669820561,869.493330179439
4,1,5,13383,14294.82297625456,911.8229762545598
1,28,21,18847,15547.906183061414,3299.0938169385863
2,22,23,15832,15820.331485276056,11.6685147239441
5,14,17,13412,13390.836533526575,21.163466473424705
11,13,0,12853,11742.911646029192,1110.0883539708084
7,2,1,14425,15141.904489126237,716.9044891262365
1,8,19,19080,15806.943068951648,3273.0569310483515
10,10,18,14534,14188.126897701275,345.8731022987249
3,30,1,12631,12901.657768545432,270.6577685454322
5,7,9,15153,14175.264763104069,977.7352368959309
10,11,17,15939,15597.873898917123,341.12610108287663
10,12,17,15579,14979.1846046759,599.8153953240999
1,18,5,14915,15314.166882486783,399.1668824867829
11,15,23,15134,15640.880148339542,506.88014833954185
12,15,15,15986,14899.120002750882,1086.8799972491179
8,8,22,16747,16440.764945860567,306.2350541394335
2,28,9,17821,15735.261587622397,2085.738412377603
7,26,8,18085,17841.852018124868,243.14798187513225
1,10,12,17967,16494.72157245842,1472.2784275415797
12,20,12,17250,15560.132355905249,1689.867644094751
12,22,16,17813,16170.434182747353,1642.5658172526473
4,26,23,13333,15107.588940136091,1774.588940136091
6,19,10,16057,16049.062149387802,7.937850612197508
7,12,8,16687,16687.100220285647,0.10022028564708307
2,17,11,18307,15617.908687043919,2689.0913129560813
1,27,20,19013,15631.905325609516,3381.094674390484
9,21,2,11212,13411.560092577636,2199.560092577636
12,8,15,17853,15209.020438653048,2643.9795613469523
1,4,8,16075,16052.279878699133,22.720121300866595
12,31,21,15668,15375.870362849188,292.1296371508124
1,19,21,18050,15886.019397129643,2163.980602870357
9,30,6,11322,12225.803806250398,903.8038062503983
10,25,18,16854,15874.011343500717,979.988656499283
12,5,19,19063,15624.044281821818,3438.955718178182
8,10,9,19910,18660.20742017508,1249.7925798249198
9,30,10,16724,15827.25218709478,896.7478129052197
9,29,20,15989,15871.636111966078,117.3638880339222
11,21,21,19425,15577.666616877761,3847.333383122239
9,29,0,13380,13921.792304977535,541.7923049775345
1,10,17,18607,16357.73939750199,2249.2606024980105
10,8,0,12321,13694.030656971678,1373.0306569716777
8,9,16,16897,17692.39844873783,795.3984487378293
6,28,17,22248,15608.684096021263,6639.315903978737
2,21,16,15074,14509.618079373431,564.3819206265689
2,23,9,17392,16577.292990279948,814.7070097200522
11,2,4,12255,12880.306863052398,625.3068630523976
11,14,15,16872,15636.02267520253,1235.97732479747
12,25,20,14816,14644.165150922201,171.83484907779894
8,1,19,19196,18387.20100428697,808.7989957130303
12,21,11,17767,15887.611080150735,1879.3889198492652
2,7,4,14418,14848.053556816418,430.05355681641777
10,19,16,15363,14317.436620422963,1045.5633795770373
6,3,15,14862,14898.360584415203,36.36058441520254
1,30,2,14922,15300.06553822018,378.0655382201803
6,25,5,12071,12455.539422606525,384.5394226065255
9,21,16,18370,18137.838565092246,232.16143490775357
11,20,15,14735,14120.146152042373,614.8538479576273
5,31,5,13182,13046.663362251455,135.3366377485454
4,18,10,15918,15733.671925756329,184.32807424367093
8,14,8,16737,16292.179370948445,444.82062905155544
6,11,0,13595,12562.963208816127,1032.036791183873
9,26,1,12648,12928.396615914979,280.3966159149786
9,12,4,12480,12569.531762577935,89.5317625779353
1,28,6,12892,14008.393790743963,1116.393790743963
4,23,10,14594,13843.29014706295,750.7098529370505
10,22,0,12479,11951.694242011625,527.3057579883753
9,24,9,14623,15301.468540535498,678.4685405354976
3,18,12,15718,15458.097810382971,259.90218961702885
9,23,12,15528,15929.762096214634,401.76209621463386
7,1,1,13635,14923.340062846051,1288.3400628460513
3,13,14,17613,15744.636392096018,1868.3636079039825
5,28,17,19338,17701.780839538787,1636.2191604612126
10,26,13,16173,14605.624455905197,1567.3755440948025
1,7,14,18388,15850.672705098452,2537.327294901548
5,20,18,18622,17929.263366942723,692.7366330572768
3,19,2,13613,14902.904470453917,1289.9044704539174
12,4,15,16379,15294.719254646989,1084.2807453530113
10,24,17,15919,15257.410834852635,661.5891651473648
11,25,21,17061,15599.126793909045,1461.8732060909551
11,19,20,16933,14943.570105495863,1989.4298945041373
3,11,11,17083,16308.76139253445,774.2386074655496
12,4,16,16554,15376.762928577764,1177.237071422236
8,26,21,17080,16060.235200900317,1019.7647990996829
5,9,7,14461,13825.946708269928,635.0532917300716
5,18,1,11819,13364.517832675865,1545.517832675865
4,17,15,12927,14048.779557123498,1121.7795571234983
5,24,4,11504,11528.020458910521,24.020458910521484
3,13,6,16589,15455.025236601397,1133.9747633986026
5,8,16,14331,14782.833128301447,451.8331283014468
10,18,21,15192,15774.277467063284,582.2774670632843
7,22,13,17199,17174.228182557436,24.771817442564497
12,15,9,17543,16161.503935596473,1381.4960644035273
4,9,1,11465,13288.880817373281,1823.8808173732814
12,1,18,18946,15502.154345640563,3443.8456543594366
10,9,9,14741,15137.35213471497,396.3521347149708
7,2,16,22150,17628.42685572934,4521.57314427066
6,19,21,17559,17336.5182357187,222.48176428129955
6,17,12,17373,17596.84305164103,223.8430516410299
1,14,14,17147,15891.25798662528,1255.74201337472
9,17,17,20361,19221.697560341512,1139.3024396584879
11,27,3,12441,13071.636945002325,630.6369450023249
1,1,21,16961,15063.139511663625,1897.860488336375
8,25,13,19202,16653.014720633106,2548.9852793668942
6,15,14,17816,17631.15100925092,184.84899074908026
11,29,17,16973,15770.967468424082,1202.0325315759183
12,8,8,16169,15056.231028361224,1112.7689716387758
10,17,23,13630,15986.893917085108,2356.893917085108
4,16,5,12015,12960.080584162413,945.0805841624133
9,11,6,14231,13607.150417825755,623.8495821742454
7,18,4,12686,13029.261652994728,343.26165299472814
11,17,9,15881,14649.993490468005,1231.006509531995
7,27,8,16079,17139.573829016394,1060.5738290163936
4,3,7,16420,15196.448705794859,1223.551294205141
11,20,0,15014,14357.558588472599,656.4414115274012
4,9,22,13915,14879.155119465056,964.1551194650565
2,3,8,19131,15367.02972843934,3763.97027156066
11,4,6,14157,13975.144806238468,181.85519376153206
10,15,2,11500,12282.27608552825,782.2760855282504
5,15,2,10937,14314.143167650092,3377.1431676500924
6,27,21,17630,16966.52323238603,663.4767676139709
3,3,17,17933,15553.732728939029,2379.2672710609713
4,7,13,13360,14673.486173003985,1313.4861730039847
2,6,21,17971,15289.877696376361,2681.122303623639
12,5,11,17848,16089.781282075872,1758.2187179241282
9,13,12,13721,13789.313358400243,68.31335840024258
10,30,13,15028,15328.951743198339,300.9517431983386
3,10,18,17071,15519.66662350555,1551.333376494449
7,1,4,12665,13215.62644777786,550.6264477778604
5,11,5,12131,13184.610403317187,1053.6104033171869
9,5,9,15539,14557.15006470689,981.8499352931103
1,4,17,19437,15520.250862455987,3916.749137544013
2,26,7,18982,15113.569522478741,3868.4304775212586
8,14,20,19159,19526.01260908499,367.0126090849917
3,25,12,14025,14203.032185360926,178.03218536092572
1,8,17,20771,15499.055769221728,5271.944230778272
9,30,2,11675,12846.108751830754,1171.108751830754
9,16,0,12230,12096.115936615435,133.8840633845648
12,17,13,17631,16406.242191300393,1224.7578086996073
1,2,20,21981,15119.001227622173,6861.998772377827
11,10,2,12773,13375.039453905158,602.0394539051576
5,14,1,11714,13292.170520557962,1578.170520557962
12,18,1,15203,15053.372582035207,149.6274179647935
2,21,21,18503,15741.770514077069,2761.2294859229314
3,23,0,13803,14054.133859097044,251.13385909704448
4,24,11,15454,14815.121701796,638.8782982039993
4,5,16,12462,13874.096487507792,1412.0964875077916
7,18,5,14176,14327.748611810786,151.74861181078631
7,16,22,18945,17991.260548438535,953.7394515614651
8,19,15,16986,17384.09977044285,398.09977044284824
12,11,22,18832,15674.720125581047,3157.279874418953
1,1,9,15923,15088.129244016935,834.8707559830655
8,24,6,13730,13729.900134959807,0.09986504019252607
12,28,6,13255,14083.764846936821,828.7648469368214
10,31,2,12686,13291.716271033254,605.7162710332541
9,11,7,15055,13765.09821005724,1289.90178994276
2,6,3,14123,15184.250543766231,1061.2505437662312
12,10,1,15177,14267.998184739097,909.0018152609027
7,3,0,14450,14411.486326263177,38.513673736822966
4,6,15,13048,13401.771120001718,353.7711200017184
5,12,22,13769,14640.875655184984,871.8756551849838
8,9,11,20683,19316.56890756894,1366.4310924310594
7,30,4,15615,16932.598318766,1317.5983187659986
12,17,7,15405,14325.085081224586,1079.9149187754138
9,16,14,15298,15601.339008808476,303.33900880847614
5,18,10,14240,15029.50875179061,789.5087517906104
5,8,13,13983,14262.45537931532,279.4553793153209
12,31,8,14543,15780.949202923,1237.9492029230005
12,3,0,14174,13390.50903326257,783.4909667374304
10,19,20,15854,15095.025191566772,758.9748084332277
8,15,22,17324,17205.865512212684,118.13448778731617
3,23,8,17195,16175.30275705086,1019.6972429491398
12,17,20,17530,15852.76125201463,1677.2387479853696
5,3,18,16148,15596.075985648085,551.9240143519146
6,21,8,16325,15882.758279337246,442.24172066275423
11,3,19,16428,14619.391338702684,1808.6086612973158
7,18,12,16159,17221.22864386083,1062.2286438608317
2,26,5,15367,15115.098880523772,251.9011194762279
7,30,12,15547,15547.0998980313,0.09989803129974462
9,7,20,15576,14744.634486144527,831.3655138554732
12,11,19,17550,15170.705830783938,2379.294169216062
6,21,16,15459,16089.700304538434,630.7003045384336
1,13,4,13609,14196.927176335055,587.9271763350553
5,18,18,15139,14644.47184408678,494.52815591321996
12,12,0,15629,14477.873928485853,1151.126071514147
7,10,14,20378,17612.04610166938,2765.9538983306193
9,17,10,14676,14789.706168945368,113.70616894536761
3,17,3,13591,13672.609427786132,81.60942778613207
1,2,9,16090,15786.052819801453,303.94718019854736
10,23,13,15271,15293.664737819785,22.664737819784932
10,5,19,14690,14372.580761071633,317.4192389283671
10,13,14,15122,15079.035142402749,42.964857597251466
3,3,18,17893,15737.398064363071,2155.601935636929
11,21,16,17623,15759.885765923162,1863.1142340768383
1,6,9,18213,15973.777409707438,2239.222590292562
5,1,6,13119,13570.505346405294,451.5053464052944
4,27,18,14324,13590.393514924068,733.6064850759321
8,19,20,20807,21000.33454955557,193.33454955556954
10,25,19,16019,15475.329343775289,543.6706562247109
10,17,10,15610,15818.131366533567,208.13136653356742
6,1,13,14093,14092.90034124635,0.09965875365014654
10,5,4,12071,13729.914032699147,1658.9140326991474
4,16,0,12869,14314.056024765328,1445.0560247653284
8,20,23,16403,16860.478738501624,457.4787385016243
10,15,10,13814,13014.68570296348,799.3142970365207
2,19,9,15107,13259.320012304315,1847.6799876956848
8,30,17,16924,16462.168326208914,461.83167379108636
12,3,21,17193,15221.43819987835,1971.5618001216499
3,21,12,16213,14828.623057329212,1384.3769426707877
12,31,3,15425,15093.647144812121,331.35285518787896
6,25,22,17722,16170.21800413758,1551.7819958624204
3,29,8,17877,15948.927222838198,1928.0727771618022
7,23,9,18217,17421.880278126897,795.1197218731031
11,26,23,15841,15459.370447880709,381.6295521192915
2,13,21,19881,15100.043852528825,4780.956147471175
12,28,23,15528,15498.587137332896,29.41286266710449
10,12,23,13785,15951.37140180249,2166.3714018024893
9,11,16,17974,17669.982426146285,304.01757385371457
12,6,8,16062,15998.298451239461,63.70154876053857
2,19,14,18983,15141.237196184707,3841.7628038152925
11,4,13,15305,14342.455318375192,962.5446816248077
1,17,11,18540,16218.783491297214,2321.216508702786
10,2,10,16076,15102.538969113675,973.4610308863248
9,28,15,16993,17847.48098381426,854.480983814261
6,13,22,12880,13966.871610997128,1086.8716109971283
6,23,14,18625,17212.033414441394,1412.9665855586063
9,27,18,16063,15482.411987867708,580.5880121322916
2,15,21,18833,15201.585845607502,3631.414154392498
3,20,0,13414,13413.900021489559,0.09997851044136041
2,4,15,18776,16254.366644684396,2521.6333553156037
12,1,6,13550,13716.321211920977,166.32121192097657
9,5,0,12753,12789.125479914768,36.12547991476822
12,28,14,15728,15744.35589660593,16.355896605929956
12,21,3,12717,13455.635626049525,738.635626049525
2,15,4,16068,15272.283344927802,795.7166550721977
1,16,21,20113,15306.792710589432,4806.207289410568
10,9,23,13901,15330.120861595684,1429.120861595684
12,23,5,13645,13826.441811145394,181.44181114539424
3,31,17,15041,14671.753409555218,369.24659044478176
2,13,6,16019,15107.895775976425,911.1042240235747
6,1,11,17490,15884.6313882373,1605.3686117627003
4,9,20,16536,15398.815814652735,1137.1841853472652
10,11,5,12197,12514.01525797661,317.0152579766109
8,15,18,19234,18609.586580992145,624.4134190078548
3,28,1,14648,15179.955337230485,531.9553372304854
3,16,19,17155,15476.649828942338,1678.350171057662
5,28,19,15754,15506.078526219555,247.921473780445
1,8,16,17275,15340.431956998362,1934.5680430016382
2,2,20,19126,15614.816385014885,3511.183614985115
2,6,22,17995,15659.758322856782,2335.241677143218
2,21,23,15592,15947.136677177852,355.1366771778521
5,2,1,11620,12555.287658906273,935.2876589062726
1,10,1,14716,14730.83634063723,14.836340637230023
7,18,14,16888,16741.03017187294,146.9698281270612
3,18,16,13986,14444.140485180973,458.140485180973
4,2,15,14062,14969.71040945403,907.71040945403
11,28,6,12962,13019.854501307953,57.85450130795289
11,20,9,17397,16551.199032887336,845.8009671126638
2,8,22,17753,15644.513136513544,2108.486863486456
12,4,14,17748,16704.62010676545,1043.379893234549
10,4,18,15335,14934.287191169413,400.71280883058716
12,23,18,18780,15650.275417698067,3129.724582301933
4,13,10,15482,15583.182826984754,101.18282698475377
4,16,5,13849,13851.020527497123,2.020527497123112
2,8,21,19194,15740.669410867613,3453.330589132387
2,22,12,16331,15436.384600731006,894.6153992689942
12,13,7,16541,14674.99305555615,1866.0069444438504
3,31,16,15774,14652.720691949498,1121.2793080505016
5,8,20,14055,14642.898564562916,587.8985645629164
12,12,6,14715,14555.746298173173,159.25370182682673
11,21,1,14560,14079.252462210105,480.74753778989543
3,7,1,16049,15239.473318933657,809.5266810663434
9,6,13,22295,19188.728968980566,3106.2710310194343
8,25,22,15614,15096.32251808674,517.6774819132606
5,11,15,12782,14045.364597150927,1263.3645971509268
12,30,9,14694,14950.29038794273,256.2903879427304
12,28,2,13007,13527.257333004836,520.2573330048363
6,4,16,13322,14204.349042424059,882.349042424059
5,21,8,14773,15487.393614750468,714.3936147504683
12,27,11,16456,15960.851390206839,495.1486097931611
12,15,16,18724,15469.634411298846,3254.3655887011537
6,11,16,15265,14975.434822284451,289.565177715549
10,19,19,16165,16466.725996503777,301.7259965037774
3,26,11,14667,15011.037225008648,344.0372250086475
8,21,3,13917,14689.702360621985,772.7023606219846
2,23,12,16648,15268.152209213318,1379.8477907866818
6,7,13,15900,15946.09760035585,46.09760035584986
8,20,10,13759,13581.03345039607,177.96654960393062
8,10,12,17904,18460.58564582081,556.5856458208109
1,5,13,18431,15354.757512562186,3076.242487437814
9,25,2,12154,13851.621443799348,1697.6214437993476
2,21,20,17267,15039.213540991663,2227.7864590083373
12,23,0,15520,13469.683606188924,2050.3163938110756
12,8,20,19085,15185.464657085507,3899.5353429144925
8,14,17,18949,19289.429597835864,340.4295978358641
12,31,0,15819,15037.66179269344,781.3382073065604
7,26,0,16186,15986.317996981572,199.68200301842808
1,31,21,17672,15848.870223463493,1823.129776536507
10,30,10,15287,14138.86705539869,1148.1329446013096
1,31,14,17828,15717.483592194794,2110.5164078052057
7,9,7,12802,13185.91165300391,383.91165300391003
2,22,10,16626,15509.255922976658,1116.7440770233425
12,21,22,16738,15460.874086175969,1277.1259138240312
5,13,23,14317,15952.604130035668,1635.6041300356683
7,16,11,16263,16204.619445791675,58.38055420832461
7,31,10,13056,13849.276501764894,793.2765017648944
6,3,22,15321,16204.894184553326,883.8941845533263
3,23,4,12404,13772.605771760376,1368.6057717603762
11,17,0,14023,12765.101540204363,1257.8984597956369
2,8,2,15620,15209.479470477023,410.5205295229771
10,10,19,14966,14675.572797557537,290.42720244246266
1,5,11,17920,15990.212678179843,1929.7873218201566
11,28,19,20438,15356.391946709786,5081.608053290214
1,26,18,21138,15112.625001195414,6025.374998804586
1,3,17,16991,16063.973233459157,927.0267665408428
8,26,4,11798,12797.631410427024,999.6314104270241
7,8,13,23499,22434.156943065747,1064.8430569342527
1,17,3,13798,14560.296017685823,762.2960176858232
9,1,10,15345,15976.478137924987,631.4781379249871
1,18,10,17577,16419.412829367186,1157.5871706328144
4,4,13,15133,15403.325807256328,270.3258072563276
8,9,17,16613,16722.497469473907,109.49746947390668
9,9,9,12564,11088.244847455891,1475.7551525441086
2,21,6,14591,14887.365447519067,296.36544751906695
4,22,23,13087,14813.65376945415,1726.6537694541494
11,5,13,14966,13290.854394160611,1675.1456058393887
1,15,1,15659,15011.078756478477,647.9212435215231
10,1,4,11804,12749.491596998461,945.4915969984613
7,17,19,20634,19423.64550803205,1210.3544919679516
7,22,21,21269,15690.826115074025,5578.173884925975
9,27,0,13227,12403.426393529262,823.573606470738
7,24,22,15704,16361.626109159406,657.626109159406
8,26,11,19366,18405.809385232023,960.1906147679765
10,30,17,16612,16827.811806138798,215.8118061387977
9,21,18,18155,19108.333237174174,953.3332371741744
2,3,18,18549,15267.874393698117,3281.1256063018827
12,11,23,15393,16149.629949667242,756.6299496672418
8,28,4,12850,13981.65449685022,1131.6544968502203
12,10,10,17494,15793.812450923579,1700.1875490764214
2,14,9,17465,16376.308443314825,1088.6915566851749
8,20,0,16182,14708.733260155905,1473.2667398440954
8,17,0,14767,13706.69406881084,1060.3059311891593
7,16,10,14748,14941.40587421537,193.4058742153702
11,12,1,13185,13136.077049933803,48.92295006619679
1,29,17,18474,15958.555570900511,2515.444429099489
12,7,10,18248,15349.186109389117,2898.8138906108834
7,23,3,12237,13607.919678747532,1370.919678747532
2,23,17,15616,14951.51963749327,664.4803625067307
7,8,21,17768,16915.23708381522,852.7629161847799
7,19,9,16287,15607.505085945566,679.494914054434
10,2,10,15981,15555.565807185294,425.43419281470597
5,24,7,13890,13324.284885091332,565.7151149086676
8,18,20,17902,18458.88741867518,556.8874186751782
6,28,9,14128,14035.143400233233,92.85659976676652
8,11,8,12407,12080.286797304176,326.7132026958243
4,1,18,16151,15167.211514437826,983.7884855621742
1,8,2,15129,14682.364878167182,446.6351218328182
3,7,10,17078,16570.357186795103,507.6428132048968
5,17,18,13798,14070.055650951714,272.0556509517137
9,5,8,13021,13446.705257102554,425.70525710255424
6,25,23,13145,13639.574712898144,494.57471289814384
2,6,16,19129,15867.932274725392,3261.067725274608
11,14,1,12968,13713.348010630521,745.3480106305215
3,28,23,14181,15005.00262286297,824.0026228629704
12,17,13,16139,15381.69429727471,757.3057027252908
10,4,4,11561,13173.917876158534,1612.9178761585335
7,13,5,14006,14696.716070838704,690.7160708387037
12,3,10,17620,15627.486969959069,1992.513030040931
9,8,20,14974,13966.190825186326,1007.809174813674
7,15,15,18584,18655.784211518563,71.7842115185631
6,24,21,15271,15959.96711764079,688.9671176407901
8,28,8,15071,14863.330120082455,207.66987991754468
8,31,19,18157,17956.272610862925,200.72738913707508
1,22,17,18171,15646.277291097313,2524.7227089026874
4,15,2,11803,12914.415067112763,1111.4150671127627
10,4,10,13686,13574.321592239181,111.67840776081903
6,18,11,20865,19013.21877443651,1851.781225563489
12,2,19,17731,15795.959191005099,1935.0408089949015
5,4,0,12687,12948.173498392014,261.17349839201415
8,28,8,14868,15010.727229666933,142.72722966693254
10,13,0,12815,12395.495316468974,419.5046835310259
3,18,8,15879,16015.974211114015,136.9742111140149
10,7,2,12166,13574.736872339628,1408.7368723396285
9,23,9,15038,15351.182458236257,313.18245823625693
3,24,18,15628,14666.168807480683,961.8311925193175
5,13,6,12948,14272.953322349002,1324.9533223490016
4,1,14,14952,15353.152863028232,401.1528630282319
2,7,22,18792,15467.128718541404,3324.871281458596
8,2,21,16417,16559.518674982744,142.51867498274441
12,2,11,15237,14012.171875639877,1224.8281243601232
6,8,8,14606,15075.192416445281,469.1924164452812
4,4,21,17322,15897.849174305185,1424.1508256948146
12,3,12,17318,15706.882201208931,1611.1177987910687
3,14,16,16280,16235.661010608952,44.33898939104802
11,22,13,16792,15672.061952214992,1119.9380477850082
5,23,6,10844,13294.739217523558,2450.739217523558
4,24,8,14756,14756.100141040259,0.1001410402586771
7,23,22,15926,15586.947476606285,339.0525233937151
2,22,17,18913,16073.297053381699,2839.702946618301
9,20,1,13923,13767.174284782646,155.82571521735372
2,26,13,16554,15144.016881656806,1409.9831183431943
3,1,0,14377,13434.763926405123,942.2360735948769
3,16,2,13319,14358.016921240147,1039.016921240147
9,4,5,13647,14396.189916927344,749.1899169273438
11,16,15,15736,15110.671901261188,625.3280987388116
7,1,1,14011,14759.867892579969,748.8678925799686
4,5,4,14179,14624.375186515856,445.3751865158556
10,7,1,11313,12442.014253754285,1129.0142537542852
6,23,7,14765,12732.432827139635,2032.5671728603647
4,15,22,13453,14611.90576352686,1158.90576352686
7,18,16,20143,17197.110782047923,2945.889217952077
1,22,21,19386,16204.818699391511,3181.1813006084885
5,31,16,14952,14952.099808707291,0.09980870729123126
12,3,7,14903,14260.160874718438,642.8391252815618
11,1,0,12684,12667.950959397043,16.049040602956666
4,13,4,13113,12929.76161973191,183.23838026809062
12,20,18,19582,15671.135057142988,3910.8649428570116
7,12,6,12152,12174.960601900484,22.960601900484107
3,27,8,18547,15927.98871499316,2619.01128500684
4,14,6,13111,14082.850475664338,971.8504756643379
2,8,15,16925,15257.003889087098,1667.9961109129017
11,21,15,15576,14688.476970987156,887.5230290128438
12,22,13,17316,16567.21350510331,748.786494896689
5,26,21,18133,17586.806278086024,546.1937219139763
9,30,19,14696,13703.602376273428,992.3976237265724
10,24,20,16793,15723.197631215717,1069.8023687842833
7,9,6,13048,13386.574144906317,338.5741449063171
10,12,17,16035,15163.494888059267,871.5051119407326
1,18,0,16577,15023.045571507313,1553.954428492687
3,17,20,16254,15149.441482561073,1104.558517438927
1,26,23,17130,15190.264614504966,1939.7353854950343
10,29,17,16316,15492.472599484483,823.527400515517
12,18,4,14530,15008.44030494289,478.44030494288927
1,6,17,20263,15487.571794018708,4775.428205981292
6,8,20,16290,16455.09552772022,165.09552772021925
1,19,1,16312,15228.0846436872,1083.9153563128002
10,23,20,17822,15779.379412472173,2042.6205875278265
12,28,14,16719,16114.570303789817,604.4296962101835
7,23,2,12686,12785.261086237246,99.26108623724576
12,4,0,14772,13993.12212163112,778.8778783688795
11,18,22,14976,14937.65504933936,38.34495066063937
8,13,15,19090,16580.873854354224,2509.126145645776
6,25,22,17489,16358.958597321904,1130.0414026780963
10,5,21,15369,15741.615618372252,372.61561837225236
12,27,14,15319,15966.451427641157,647.4514276411574
1,19,3,14185,14771.368965787038,586.3689657870382
11,8,3,10979,11893.691644245271,914.6916442452712
12,23,13,17323,15439.40633907195,1883.5936609280507
2,16,19,19639,16204.504868143747,3434.4951318562526
9,7,0,14111,13289.213791767255,821.7862082327447
4,25,21,14655,14683.784659769246,28.78465976924599
2,28,21,20467,15092.950858171993,5374.049141828007
5,28,4,12608,13090.629340890782,482.62934089078226
9,30,1,11840,12611.115356725682,771.1153567256824
10,28,15,15377,14544.432208274664,832.5677917253361
1,29,13,18547,15149.1748344128,3397.825165587201
3,12,22,16505,16016.54807992748,488.4519200725208
8,8,16,18028,17794.44740756715,233.55259243285036
4,1,8,14606,14717.871807346903,111.87180734690264
8,8,23,17296,17008.95175358717,287.04824641282903
3,24,19,16136,14794.980069775656,1341.0199302243436
3,19,6,16684,15254.290726263902,1429.709273736098
2,10,6,15130,15204.698946459346,74.69894645934619
8,18,19,17307,17724.214725533566,417.2147255335658
6,26,16,16758,16660.088746310917,97.91125368908251
11,9,8,15992,15780.529293095658,211.47070690434157
8,27,11,13799,13876.541802865944,77.54180286594419
10,13,18,16031,15387.049430608016,643.9505693919837
3,30,3,11124,13285.942310502594,2161.9423105025944
11,22,3,14280,14673.271217130317,393.2712171303174
3,6,11,15863,14798.42155201002,1064.5784479899794
11,24,16,16577,16016.537107777242,560.4628922227585
11,21,11,17109,15571.105520028366,1537.8944799716337
7,24,21,17706,16739.28484182385,966.71515817615
9,1,19,18397,16130.5687406207,2266.4312593793
9,27,4,11033,12552.68359704406,1519.6835970440607
10,4,7,14705,14248.75347467755,456.2465253224509
2,20,17,16604,15200.704463683325,1403.2955363166748
8,6,19,18009,18793.205347695053,784.2053476950532
12,25,15,15329,14580.205303454743,748.7946965452575
8,5,4,12379,12625.440606887625,246.4406068876251
2,17,23,17347,15437.293025838893,1909.7069741611067
10,30,22,13685,14861.305377230345,1176.3053772303447
4,16,19,17322,16609.20818844095,712.791811559051
2,5,7,13944,14428.270583954276,484.27058395427593
2,12,10,15190,13677.546131188152,1512.4538688118482
10,10,21,13534,14070.013559156134,536.0135591561339
5,4,15,14387,15205.028157988847,818.0281579888469
5,11,11,14206,14591.255214807936,385.2552148079358
8,27,16,15307,14847.166965782217,459.8330342177833
6,10,2,13158,14254.10307215199,1096.1030721519892
12,22,1,15040,14851.929470085131,188.07052991486853
1,4,4,12814,13469.627229729518,655.6272297295181
8,15,12,17529,17431.19839621714,97.80160378286018
1,31,7,18501,15093.077741755762,3407.922258244238
1,27,19,19651,15680.170976692145,3970.829023307855
2,8,4,14273,14791.785527012657,518.7855270126565
4,18,11,16000,15567.91926627021,432.08073372979015
2,26,8,16816,15598.938694168364,1217.0613058316358
2,6,18,16775,14665.17246538496,2109.8275346150403
12,23,17,17007,15030.161515072856,1976.8384849271442
10,31,20,15792,15224.537286434923,567.4627135650771
6,29,16,16108,16589.140393458347,481.1403934583468
8,31,13,19806,19547.51157890286,258.4884210971395
4,27,20,15369,14044.5678569964,1324.4321430035998
9,27,14,15415,16477.159370167356,1062.1593701673555
2,20,0,15757,14965.203745325825,791.7962546741746
8,30,18,16972,17128.69819745353,156.69819745353016
8,17,3,13208,13465.45647674287,257.4564767428692
2,1,20,20301,15222.925765822052,5078.074234177948
4,5,9,16327,15735.112255644435,591.8877443555648
9,25,13,15928,16358.000593721841,430.00059372184114
1,24,1,15173,14792.043258533788,380.9567414662124
12,18,11,18433,16206.702951645086,2226.2970483549143
11,17,17,17183,15816.323367190049,1366.6766328099511
2,11,15,18003,15863.138683541154,2139.861316458846
5,17,23,12589,13978.517915421384,1389.5179154213838
11,28,23,15385,15234.224277703363,150.77572229663747
9,22,21,14018,13979.248034089516,38.751965910483705
9,3,8,13648,13708.727562037313,60.727562037312964
6,30,14,17377,17261.317329885453,115.68267011454736
2,9,11,18117,15137.970212726515,2979.0297872734845
12,19,22,19641,15344.68690847522,4296.31309152478
5,11,12,12929,13244.90262786034,315.90262786033963
2,15,9,17167,14966.413312952202,2200.5866870477985
5,30,1,13718,14479.626756325095,761.6267563250949
3,18,4,13202,14367.206972604341,1165.206972604341
10,4,16,14758,14630.544070481848,127.4559295181516
12,1,6,14604,14894.17881790381,290.17881790381034
7,4,22,20745,20051.306698289933,693.6933017100673
1,14,22,17509,15215.58294574137,2293.4170542586307
2,28,16,14244,14732.535863851836,488.53586385183553
4,7,18,14697,14245.886632264777,451.1133677352227
8,13,22,17824,17592.370252242235,231.62974775776456
9,29,1,12239,13704.842937715182,1465.8429377151824
9,17,13,14848,15071.357381100306,223.35738110030616
10,16,11,15670,15810.395213100821,140.3952131008209
5,16,8,14810,14454.79689303815,355.2031069618497
12,5,20,18744,15918.821296487256,2825.1787035127436
6,19,14,19664,20289.897638400267,625.8976384002672
12,1,15,15966,14794.821638788124,1171.178361211876
7,8,2,13059,13053.314290687866,5.68570931213435
1,21,11,17924,14746.302432630047,3177.6975673699526
10,9,6,14158,14065.51057101703,92.48942898296991
11,17,4,13354,13470.50558638852,116.5055863885209
2,13,2,15297,15172.605964558288,124.39403544171182
1,12,15,16244,14227.172530461306,2016.8274695386935
4,21,1,11881,14169.517949751114,2288.5179497511144
3,9,19,16985,14472.39235054633,2512.60764945367
4,30,10,13546,13546.099661180524,0.09966118052398087
5,11,1,11687,11861.684496098515,174.6844960985145
3,2,4,13427,14469.562715767164,1042.5627157671643
6,29,5,14762,15050.607007492194,288.6070074921936
9,21,10,14034,14603.536653766765,569.5366537667651
2,14,12,14811,14833.66923126485,22.66923126485017
5,11,19,16228,17378.654857620008,1150.6548576200075
6,21,7,14037,12784.690333535313,1252.3096664646873
8,9,2,12687,12570.33925631352,116.66074368647969
3,17,11,14900,15438.79356556441,538.7935655644105
9,24,18,16870,16066.41784248028,803.5821575197206
6,24,13,19480,19399.895410814654,80.10458918534641
11,29,16,19177,16088.802345305967,3088.197654694033
3,26,20,15552,14916.097343859741,635.9026561402588
7,31,18,17515,17768.418412520165,253.41841252016457
10,20,14,16258,15336.77121408253,921.2287859174703
9,24,20,17126,16203.126659197835,922.8733408021653
6,26,19,20478,17582.092920979918,2895.907079020082
12,28,21,17787,15596.598059087193,2190.401940912807
11,1,16,16600,16412.625683216902,187.37431678309804
9,1,9,14080,14646.894783449467,566.8947834494666
10,19,15,12950,13555.257638002779,605.2576380027785
5,31,4,11827,13022.178159929575,1195.1781599295755
7,13,10,16774,16746.36447503588,27.635524964120123
2,16,13,18397,16866.530041654594,1530.4699583454058
3,29,15,13579,14616.929589347197,1037.9295893471972
7,31,17,16969,16468.21711850719,500.7828814928107
7,4,15,21342,21961.58867765404,619.5886776540392
9,6,4,11458,11983.256806777928,525.2568067779284
8,29,18,17862,18268.968739977743,406.9687399777431
3,2,14,15837,15605.632924288777,231.36707571122315
9,24,6,14457,14203.801367363849,253.19863263615116
8,26,15,18550,19420.348735357577,870.3487353575765
10,2,16,15306,15305.89974428646,0.10025571353980922
8,18,6,13818,14214.926257301344,396.92625730134387
8,15,19,21208,20617.22747744697,590.7725225530303
5,3,19,15496,15202.395770684634,293.60422931536596
1,12,8,16170,15279.940963747098,890.0590362529019
4,7,20,15547,15010.268974230672,536.731025769328
4,14,11,16590,15779.252504837832,810.747495162168
10,19,4,12739,14881.612840412043,2142.6128404120427
1,18,6,14361,14462.562703060858,101.56270306085753
8,24,16,16782,17137.42703029561,355.42703029561017
5,24,11,12525,14675.222681400734,2150.2226814007336
12,4,10,17948,16697.897233547545,1250.1027664524554
1,31,12,18595,15917.715511591688,2677.2844884083115
7,16,6,15829,14659.926948181459,1169.073051818541
10,26,22,14790,15270.290946723906,480.290946723906
8,11,17,18685,17927.01317253066,757.9868274693399
4,9,6,12383,13383.048325842206,1000.0483258422064
6,8,5,12496,12575.828989831774,79.82898983177438
12,15,17,18930,16934.878909722538,1995.121090277462
4,28,4,11594,12810.773712318427,1216.773712318427
11,28,3,13994,14231.621559344412,237.62155934441216
3,9,3,14761,14967.879653152986,206.87965315298607
4,4,10,17388,16081.17894660503,1306.8210533949696
11,26,16,14526,13934.196027651089,591.803972348911
3,20,3,13726,14068.317632355247,342.31763235524704
9,12,13,14818,15722.551593033162,904.5515930331621
9,4,16,21292,15560.35845997969,5731.64154002031
11,1,20,16181,14941.610403767749,1239.3895962322513
9,11,4,12683,13502.370587696636,819.370587696636
11,7,14,16604,16023.215104842186,580.7848951578144
9,16,14,15599,15718.746705273996,119.74670527399576
12,17,4,13444,13212.335141104079,231.6648588959215
12,29,12,16562,16092.783670428751,469.21632957124893
3,27,4,12393,12851.943196802464,458.9431968024637
11,4,2,12309,12041.453052985233,267.5469470147673
8,23,22,15669,15686.684269161635,17.684269161634802
10,13,8,15925,16070.584016772342,145.58401677234178
10,3,11,14418,14779.269406734496,361.26940673449644
11,20,22,18866,15744.06042280492,3121.9395771950803
4,29,14,12395,14031.37035217633,1636.370352176329
8,16,1,12555,13830.293798702545,1275.2937987025452
12,26,13,15156,14884.930150108223,271.06984989177727
3,11,20,18269,16006.623386222976,2262.3766137770235
2,29,20,18853,15461.366632369783,3391.6333676302165
2,16,8,15663,14832.94865175269,830.0513482473107
7,21,0,15119,13848.21985594492,1270.7801440550793
3,11,18,16311,15484.238089236102,826.7619107638984
3,11,1,14996,14915.661741516084,80.33825848391643
2,18,16,16375,14746.765462775777,1628.2345372242235
12,3,2,14906,14697.701291934758,208.29870806524195
11,2,7,15990,13918.931441465013,2071.0685585349875
11,11,4,11335,12451.775984552845,1116.7759845528453
12,30,20,18900,15167.075594654121,3732.9244053458788
1,27,7,16675,15085.067722266853,1589.9322777331472
10,17,7,13921,13503.565153164007,417.4348468359931
1,20,7,17280,15347.37020406196,1932.6297959380408
11,23,7,15604,14450.376676165532,1153.6233238344685
4,2,19,16534,15670.893618094397,863.1063819056035
8,9,2,12823,12927.613825611848,104.61382561184837
8,30,7,16922,15672.99431597044,1249.0056840295601
9,21,15,14545,15494.980574605432,949.9805746054317
6,28,21,19805,19941.03371012374,136.03371012373827
10,18,18,16190,15200.477172924251,989.5228270757489
5,16,18,13949,14401.504726893656,452.50472689365597
9,26,12,14957,14988.960375388504,31.960375388503962
2,17,20,19863,15836.35711969218,4026.6428803078197
8,24,16,21079,17080.72917768725,3998.2708223127484
7,1,5,12821,14339.765429941714,1518.7654299417136
7,2,20,19147,18572.132970090337,574.867029909663
10,3,9,15698,14656.080421740013,1041.9195782599872
11,12,4,13477,13186.201156980364,290.7988430196365
3,26,20,17059,15281.814768637661,1777.1852313623385
11,3,3,11979,12550.740552985084,571.7405529850839
8,15,17,16841,15815.849873715064,1025.150126284936
9,4,1,14979,14624.73097366088,354.2690263391196
3,19,1,13287,14368.000551864863,1081.0005518648632
3,16,1,14320,14402.629720759074,82.62972075907419
11,10,12,14617,14718.239044020846,101.23904402084554
10,19,1,12402,12638.887575282843,236.8875752828426
10,23,12,14065,14001.023679509128,63.97632049087224
10,12,16,15256,15255.899598313543,0.1004016864571895
7,10,10,15816,15311.9489486747,504.05105132529934
5,4,5,13166,13336.319517514898,170.3195175148976
4,28,16,12568,13731.706599243937,1163.7065992439366
4,29,5,12797,13427.724233572504,630.7242335725041
2,4,23,16247,15658.45566557157,588.5443344284304
8,8,5,13479,13617.81547339542,138.81547339541976
8,28,19,16638,16637.900036309547,0.0999636904525687
8,30,0,13220,13049.824682858802,170.17531714119832
10,15,6,13672,14575.292930803473,903.2929308034727
4,15,15,13841,14877.884758991677,1036.8847589916768
9,3,0,13158,13713.483285499671,555.4832854996712
12,8,3,13290,13736.7492117509,446.7492117508991
12,19,23,15979,15730.876604459598,248.12339554040227
8,19,14,14848,15520.12366581584,672.1236658158396
3,26,19,16480,15703.372326623401,776.627673376599
2,18,21,16261,14889.200974449857,1371.7990255501427
7,22,13,17068,16905.450392983545,162.5496070164554
6,1,23,14470,14915.730768010439,445.7307680104386
12,17,10,16679,15456.83239761537,1222.1676023846303
6,4,8,15166,14654.270471030697,511.7295289693029
12,30,12,15979,14888.21242457934,1090.7875754206598
2,13,23,17435,15220.344098149015,2214.655901850985
3,17,0,14187,14019.636106488935,167.36389351106482
7,15,19,19902,19362.56819538331,539.4318046166918
3,11,16,14580,14433.10056505998,146.89943494002
5,29,7,14121,14172.004608908754,51.00460890875365
1,2,0,14173,14606.20463881577,433.2046388157705
4,13,7,15545,13468.482197640373,2076.5178023596272
10,17,20,14489,13743.131555176362,745.8684448236381
10,16,1,12559,11703.166299768249,855.8337002317512
9,11,18,15447,15869.534112623716,422.5341126237163
10,30,11,15311,15710.530205441875,399.5302054418753
5,14,17,17567,16734.039573174035,832.9604268259645
6,19,19,20038,18016.867562082844,2021.1324379171565
6,27,3,11723,13007.519419891893,1284.5194198918925
9,6,12,12730,13394.591102687735,664.5911026877347
5,25,1,11920,14072.835089279413,2152.8350892794133
7,1,7,13380,14213.0770990331,833.0770990331002
4,26,0,13410,13062.80987519849,347.1901248015092
2,10,16,15587,14576.960883093156,1010.0391169068444
4,23,11,16057,15445.835188871635,611.1648111283648
7,14,2,13701,15273.855905511778,1572.8559055117785
4,13,10,15904,16581.717686073964,677.7176860739637
9,14,15,16324,15909.075530142582,414.92446985741844
10,11,6,11316,12650.520421818983,1334.5204218189829
9,23,13,17387,18008.559087523212,621.5590875232119
2,10,5,13952,14278.007522139404,326.0075221394036
4,29,23,12796,15137.07560585151,2341.0756058515108
10,13,12,12454,12681.488503470557,227.48850347055668
3,14,3,14879,15248.719292676666,369.71929267666565
4,3,0,13880,13879.899658700942,0.10034129905761802
10,4,21,16288,15681.929633466283,606.0703665337169
7,15,8,15735,15756.13154348054,21.13154348054013
7,10,9,17027,16550.625518670553,476.374481329447
7,24,18,18023,17663.018925504613,359.98107449538657
3,5,11,14860,14298.539639181654,561.4603608183461
6,18,8,15638,15203.513163396605,434.4868366033952
10,13,14,14733,14523.291773566121,209.70822643387874
10,16,23,13680,15056.867562204545,1376.8675622045448
6,6,19,14554,13744.203261939621,809.7967380603786
7,31,6,12205,13458.85957041717,1253.8595704171694
2,27,2,14302,14658.56738327294,356.5673832729408
8,13,14,19845,19779.68239296188,65.3176070381196
7,21,1,13987,13923.097882018674,63.90211798132623
12,16,1,15349,14818.634302580296,530.3656974197038
11,17,2,12446,13036.584705163723,590.5847051637229
3,11,11,15599,15458.454651534506,140.5453484654936
1,24,4,13986,14316.067732138124,330.0677321381245
2,15,15,16128,15079.40768970935,1048.5923102906509
8,15,8,14791,13528.489348318944,1262.5106516810556
11,30,19,18063,15165.139218265,2897.8607817350003
7,29,4,14744,15277.97356161968,533.9735616196795
6,20,1,13307,12702.982769082188,604.0172309178124
4,24,10,13941,14460.958749078249,519.9587490782487
6,30,1,13307,13770.514524050757,463.51452405075725
2,25,10,16878,15798.18433703678,1079.8156629632194
7,8,7,12083,12576.905215050525,493.90521505052493
6,21,2,13673,14825.143819331939,1152.143819331939
5,11,3,11631,12713.67391913191,1082.6739191319102
12,6,22,17352,15953.597166569767,1398.402833430233
2,22,9,15726,14250.458502729547,1475.541497270453
9,17,21,15637,15727.307737238298,90.3077372382977
1,8,5,15929,15107.944408616037,821.0555913839635
5,6,18,14243,14248.220648289562,5.220648289561723
8,21,0,15205,13818.70587180002,1386.2941281999792
3,15,13,15681,15565.530392933522,115.46960706647769
3,16,2,13483,14638.40746125624,1155.40746125624
6,18,19,17520,17587.152176731863,67.15217673186271
10,3,9,16445,16053.070416928318,391.9295830716819
8,7,20,20978,21479.267718447772,501.2677184477725
5,15,10,13995,14235.237870562665,240.2378705626652
6,6,6,13314,13701.477045429705,387.47704542970496
5,5,2,12025,12421.113590564819,396.1135905648189
8,9,0,13904,13571.24045647368,332.75954352631925
10,1,21,15965,15291.969649124085,673.0303508759152
3,24,18,15570,15933.761530374033,363.7615303740331
3,1,18,16995,15103.107054073975,1891.8929459260253
8,27,10,18462,18179.605560429547,282.39443957045296
10,6,4,11536,12171.09823665046,635.0982366504595
2,15,11,16588,15132.838713775556,1455.1612862244438
7,23,5,13432,13948.417793489472,516.4177934894724
11,25,6,13963,14441.07528540393,478.07528540392923
3,20,17,16134,15165.57110946678,968.4288905332196
6,2,12,17258,16938.233067170855,319.76693282914493
8,22,12,18222,17087.632107265123,1134.3678927348774
2,10,4,14482,14801.22833935083,319.22833935082963
3,24,16,17895,16968.687580986007,926.3124190139933
10,1,5,12275,13100.548665074526,825.5486650745261
10,6,17,14875,15154.838752127878,279.83875212787825
8,15,18,20250,20249.899797888054,0.10020211194569129
10,9,6,11981,14020.899396102845,2039.8993961028445
6,5,20,14564,14258.81567579328,305.1843242067207
12,9,9,18131,16660.403683289114,1470.5963167108857
10,2,17,15915,15397.654042824543,517.3459571754574
8,25,16,19916,15724.038009965268,4191.961990034732
10,2,18,16240,15885.286087269751,354.7139127302489
4,8,19,14885,15405.007844577547,520.0078445775471
1,5,8,16427,16103.816351321695,323.18364867830496
3,20,23,15180,15911.286369960231,731.2863699602312
12,12,15,17427,15364.942654051674,2062.0573459483257
8,30,2,13961,13593.693004740548,367.3069952594524
11,30,21,17680,16043.977019559967,1636.0229804400333
1,30,14,18921,15927.773649984287,2993.2263500157133
3,19,16,16192,15960.797980776013,231.202019223987
7,11,2,13125,13281.110679296591,156.11067929659112
10,17,21,13799,13836.730092942085,37.73009294208532
11,7,13,14897,14598.641455986759,298.35854401324104
12,5,12,16909,14965.728574557144,1943.2714254428556
1,8,15,16901,15311.800398861767,1589.1996011382325
3,2,19,18979,15638.96989249289,3340.0301075071093
7,16,7,13275,13736.401316350242,461.40131635024227
7,25,6,13096,12691.349964877885,404.6500351221148
3,8,1,13584,12270.5559579399,1313.4440420601004
1,3,6,13552,14163.577175224043,611.5771752240435
9,4,21,15493,15360.584716712685,132.4152832873151
11,22,17,17272,14744.728420127014,2527.271579872986
12,27,18,17358,15405.136867156396,1952.863132843604
11,25,14,16326,15289.219108188143,1036.7808918118571
6,28,19,16249,16216.80190352174,32.198096478259686
1,19,15,18000,15383.615986095578,2616.3840139044223
4,16,14,13578,14594.335163913383,1016.3351639133834
2,2,5,14810,14528.818164376637,281.18183562336344
7,29,7,16435,14553.7977193667,1881.2022806333007
4,5,2,10847,12713.192706304946,1866.1927063049461
12,17,3,14557,14778.827712845668,221.82771284566843
4,11,21,16309,15177.815218862148,1131.184781137852
2,13,11,16144,15529.459615451493,614.5403845485071
2,4,7,15484,14816.219983368203,667.7800166317975
10,8,16,14810,14809.899598878497,0.10040112150272762
1,3,4,13721,14823.15515530881,1102.1551553088102
8,16,7,13451,13091.022450209257,359.97754979074307
9,12,19,16911,15327.925553553929,1583.0744464460713
8,22,20,16953,16739.7405626001,213.2594373999018
10,19,16,15233,14047.824381547978,1185.1756184520218
12,1,17,18248,16142.784115019751,2105.215884980249
8,19,13,16057,15453.273871560676,603.7261284393244
6,5,16,14841,14902.68935676147,61.68935676146975
4,7,7,15127,14915.762308095455,211.2376919045455
12,29,21,17427,15418.569230633242,2008.4307693667579
2,10,19,20501,15668.096736174808,4832.903263825192
9,28,1,12215,12995.827689540129,780.8276895401286
6,14,7,10609,11813.562537868509,1204.562537868509
8,4,4,12445,13878.269607331888,1433.2696073318875
11,10,4,12620,13827.096492002336,1207.0964920023362
11,27,9,17677,15782.284400001383,1894.715599998617
7,15,12,17473,17181.984613132365,291.01538686763524
4,16,14,14898,14933.666576489697,35.666576489697036
7,10,22,19091,19301.45745434668,210.4574543466806
6,21,14,16088,15904.46864360228,183.53135639771972
8,31,2,12425,12774.63185125916,349.6318512591606
9,5,20,23109,15437.350962574143,7671.649037425857
1,21,21,17149,15507.878833594943,1641.121166405057
9,6,15,14584,14904.585953589396,320.585953589396
12,30,11,15512,15277.332089571404,234.66791042859586
11,11,13,16647,15297.445538135555,1349.5544618644453
4,18,3,11337,12177.591498091631,840.5914980916314
12,17,2,15012,15171.84440531345,159.8444053134499
9,14,15,14359,14749.938527905992,390.9385279059916
2,22,18,19080,15808.184198411784,3271.8158015882163
11,12,9,16595,15466.159587335103,1128.8404126648966
4,1,4,13494,13910.260516828577,416.26051682857724
4,26,18,16209,15338.223467606022,870.7765323939784
4,3,17,16771,15988.024251465333,782.9757485346672
8,2,1,14429,14837.094477255658,408.0944772556577
8,9,18,21160,21233.099022678773,73.0990226787726
10,12,8,15112,14825.82306104423,286.1769389557703
3,11,19,17460,16120.665430138739,1339.3345698612611
9,26,8,13182,13249.048550374066,67.0485503740656
1,25,6,13732,13594.263989467963,137.73601053203674
2,14,10,16700,15144.181120185154,1555.8188798148458
6,10,12,14660,15044.628948810532,384.62894881053217
9,21,23,14790,16550.979168348164,1760.9791683481635
9,28,23,12326,13939.47896392611,1613.4789639261107
2,11,23,15632,15288.731928599864,343.26807140013625
6,15,10,15522,15295.11996858416,226.88003141583977
10,13,13,12241,12773.303963429405,532.3039634294055
10,9,7,12390,14062.630097548037,1672.6300975480372
6,8,9,14640,15106.811684904204,466.8116849042035
10,7,8,13625,13396.762315735261,228.23768426473907
10,31,6,13825,14331.66483755533,506.66483755533045
3,17,3,13202,14101.610660338469,899.6106603384687
11,5,19,16969,15963.150660610227,1005.8493393897734
12,3,1,13444,13932.813981561096,488.8139815610957
8,7,3,13817,14264.68052165804,447.68052165803965
4,6,4,12933,14542.613643932944,1609.613643932944
2,29,7,15652,15144.021669670516,507.9783303294844
5,15,4,10906,12704.693214719377,1798.6932147193766
1,28,7,16017,14229.541222176127,1787.4587778238729
9,24,10,17018,16155.482865715034,862.5171342849662
8,5,23,17453,17495.944109862387,42.94410986238654
10,21,13,15318,15344.045356276996,26.045356276996245
10,30,11,15884,15381.254366733581,502.74563326641874
12,13,6,15070,14366.10801026669,703.8919897333108
12,11,4,13650,14399.438309067427,749.4383090674273
9,22,13,17976,18029.020677953522,53.020677953521954
11,20,6,13050,13874.753511622806,824.7535116228064
1,4,1,13984,13709.994078917367,274.005921082633
5,4,6,12984,13747.52408124691,763.5240812469092
8,3,20,18486,16899.505185584978,1586.4948144150221
11,29,15,13998,13548.103596139816,449.89640386018436
2,28,0,15784,15226.473519098277,557.5264809017226
9,5,12,15381,15376.398371675632,4.601628324367994
11,5,17,14918,14988.473014087644,70.4730140876436
4,20,20,16330,15967.312264681826,362.6877353181735
8,24,23,15688,16264.620362624244,576.6203626242441
7,14,14,18533,19350.83993977261,817.8399397726098
11,30,7,15886,15074.78894884774,811.2110511522606
11,21,16,16129,14960.48528766137,1168.5147123386305
2,10,19,19274,15347.131832210676,3926.8681677893237
10,26,7,15415,14737.012882897838,677.9871171021623
3,11,20,18295,16240.006729033537,2054.9932709664627
9,18,4,11811,12723.467645789699,912.4676457896985
9,20,1,11946,12127.494867122095,181.49486712209546
3,10,15,16188,15061.92975485667,1126.0702451433299
9,29,14,16936,17182.00286813864,246.00286813863931
9,16,11,15311,15481.200405945963,170.2004059459632
9,13,4,12621,12928.7034192002,307.7034192001993
4,22,9,14557,14226.721815030138,330.2781849698622
9,6,14,15970,15969.89957796173,0.10042203826924379
11,6,5,12555,14155.241772096068,1600.2417720960675
9,29,12,14849,15107.49528061683,258.4952806168294
6,1,13,15069,14729.436173896092,339.56382610390756
9,25,14,15850,16325.044840620358,475.0448406203577
6,21,20,19091,16049.95664708479,3041.0433529152106
12,26,12,15582,14743.392400415192,838.6075995848078
9,17,16,16174,16656.836286226055,482.83628622605465
4,22,16,14638,14753.292773572934,115.29277357293358
11,25,19,17733,16227.63592285327,1505.3640771467308
12,18,14,16608,14556.920436090917,2051.079563909083
12,25,7,12436,14937.589858331237,2501.5898583312373
5,15,22,14689,14805.637847390348,116.63784739034782
2,29,22,18445,15301.453409152959,3143.5465908470414
6,13,1,12267,11267.156759455216,999.8432405447838
4,14,17,15043,14598.498058262754,444.50194173724594
2,21,6,13416,13729.34319902636,313.3431990263598
7,25,8,15746,15746.099831084884,0.09983108488449943
1,6,14,17758,16835.648583774768,922.3514162252322
12,3,20,19286,15812.676467740288,3473.323532259712
3,8,10,15753,14829.434933037639,923.565066962361
9,1,5,11798,12391.722289692854,593.7222896928542
8,11,22,19315,19597.62141638566,282.62141638566027
10,15,1,12573,13600.85637479558,1027.8563747955795
6,3,19,15288,15038.138609689087,249.8613903109126
2,6,10,19242,15889.166952497997,3352.833047502003
4,17,6,15136,14549.429415980863,586.5705840191367
9,14,20,18473,18473.100392365413,0.10039236541342689
2,3,20,17922,15608.22790880123,2313.772091198771
1,14,5,15228,15284.830457442358,56.83045744235824
2,17,13,17668,15088.928009575358,2579.0719904246416
5,1,7,14724,13328.472766612636,1395.5272333873636
1,19,23,18076,15660.514156829593,2415.485843170407
1,8,12,17321,14932.942815892044,2388.0571841079563
9,5,9,13691,14228.84086805378,537.8408680537796
4,30,23,13343,14708.640128599975,1365.6401285999746
4,20,13,15230,15254.701882368485,24.701882368484803
9,30,11,12798,13131.620604803431,333.620604803431
3,11,23,15655,15437.252459164269,217.74754083573134
9,25,6,15539,14572.06453748512,966.9354625148808
10,20,23,12547,14528.844949936873,1981.8449499368726
12,27,11,14701,13808.849722271565,892.150277728435
9,24,5,11653,12684.00906232545,1031.0090623254491
1,16,10,17572,15119.841934751765,2452.1580652482353
8,7,19,17942,18182.065779386598,240.06577938659757
3,19,18,18333,15714.308073515047,2618.691926484953
2,2,10,19796,15291.619229748032,4504.380770251968
10,22,2,12484,14104.04688776548,1620.0468877654803
12,10,18,17906,14730.151300934425,3175.8486990655747
6,11,23,13666,15080.07546904842,1414.075469048419
4,27,18,15055,15434.513331969089,379.51333196908854
2,16,19,18444,15956.259877898294,2487.740122101706
4,30,1,11055,11744.713910133032,689.7139101330322
6,3,3,13573,14205.326641635123,632.3266416351235
10,10,20,14456,15020.833326548773,564.8333265487727
1,10,16,18287,16346.931665877866,1940.0683341221338
9,28,10,16133,16752.18658791125,619.1865879112484
11,25,13,15634,14375.861911511085,1258.138088488915
6,14,23,14827,15252.51392179256,425.5139217925607
3,21,2,12953,13498.144636609895,545.1446366098953
8,29,5,12440,13016.839660820113,576.8396608201128
10,20,10,13499,13149.454550254497,349.545449745503
2,28,7,13533,14258.580235923864,725.5802359238642
6,3,1,14856,14505.44792554399,350.5520744560108
6,16,17,19452,16732.876442383244,2719.1235576167564
9,30,10,15235,14977.49684045386,257.5031595461405
3,21,0,13544,13325.747030005929,218.25296999407146
4,20,10,16442,16023.003200674433,418.9967993255668
2,24,0,14073,12877.423238109533,1195.5767618904665
5,6,8,15511,14919.915838599998,591.0841614000019
9,23,4,11506,12509.392121531531,1003.3921215315313
11,28,12,14044,13390.471958059556,653.5280419404444
7,13,23,14460,15696.109976490014,1236.1099764900137
4,12,4,12621,14506.286095985051,1885.2860959850514
12,8,13,16673,14911.528434913886,1761.4715650861144
6,13,5,12810,13260.37893231845,450.3789323184501
5,26,22,16932,16834.65224798761,97.34775201238881
10,19,0,12645,11484.804125759989,1160.195874240011
5,10,10,14443,14513.539678140633,70.53967814063253
1,30,1,15318,14669.506369906032,648.493630093968
9,8,3,12737,14373.7549155469,1636.7549155469005
3,13,14,15995,15162.564275378749,832.4357246212512
11,2,5,12739,14652.807779130479,1913.8077791304786
4,14,16,13767,14874.409056547433,1107.4090565474326
1,21,12,17109,15824.879937336027,1284.120062663973
8,14,9,16947,16554.611762820015,392.38823717998457
7,20,6,12555,13127.633720119728,572.6337201197275
5,7,13,11969,13524.491980035513,1555.4919800355128
6,4,15,14282,14252.189489744813,29.810510255187182
11,29,2,12563,13968.856248000773,1405.8562480007731
6,10,18,15797,15843.080721318522,46.08072131852168
1,6,12,17614,16497.315593638716,1116.6844063612843
12,8,12,16721,15411.753451822404,1309.2465481775962
2,17,12,14599,15069.723313150584,470.72331315058364
4,13,2,13664,13627.868714829732,36.1312851702678
11,18,20,16756,16172.301300150762,583.6986998492375
11,29,10,14895,13956.505688867548,938.4943111324519
8,7,11,17518,17609.51639148243,91.51639148242975
11,14,6,12583,12732.005946906851,149.00594690685102
1,13,19,19383,16197.076493584125,3185.9235064158747
10,7,18,15542,15197.967233594572,344.03276640542754
7,15,2,12588,12345.253851882202,242.74614811779793
12,19,3,13151,13410.801332884657,259.8013328846573
11,11,11,17348,15342.01076147533,2005.9892385246694
2,12,18,20591,15172.219955724657,5418.780044275343
5,18,8,12296,12713.679205901759,417.6792059017589
4,15,6,13338,12789.41846144218,548.5815385578207
8,24,18,21203,18776.995565010144,2426.0044349898562
9,29,5,12027,13190.0440929277,1163.0440929276992
5,8,10,15292,14922.289776370711,369.7102236292885
1,22,12,19490,16452.081074703805,3037.918925296195
7,5,3,11914,12429.730985946077,515.7309859460765
11,10,0,13980,13119.426467873032,860.5735321269676
10,12,15,13064,14944.59156431737,1880.5915643173703
4,4,10,12598,13680.091777481219,1082.0917774812187
9,24,23,12519,14366.207534261592,1847.2075342615917
2,21,23,15799,15062.200639481758,736.7993605182419
8,8,13,17425,16806.355597328708,618.6444026712925
6,16,20,18475,16595.75168906858,1879.2483109314198
1,8,13,17388,16021.24368458642,1366.7563154135805
4,22,6,12498,13532.365299753697,1034.3652997536974
1,27,1,13825,14235.814811092821,410.8148110928214
7,13,8,16374,17209.634966614867,835.6349666148672
2,25,0,16970,15100.96885479499,1869.03114520501
6,10,11,16246,15947.731675319239,298.268324680761
5,7,10,12146,13019.983634387392,873.9836343873922
4,26,16,14134,15122.591218870795,988.5912188707953
11,25,21,19491,15621.958383537567,3869.041616462433
1,23,1,14813,14890.657355992784,77.65735599278378
3,27,11,14944,15181.66323580741,237.66323580740936
7,24,14,19296,18422.886792409558,873.1132075904425
6,8,1,12057,13393.930990777826,1336.930990777826
7,6,9,19252,19331.327541112194,79.32754111219401
5,12,7,14123,13306.01079673907,816.9892032609296
2,27,11,16616,15329.66269347344,1286.3373065265605
4,4,5,12835,13684.449132807946,849.4491328079457
2,26,15,18670,15425.387433342888,3244.6125666571115
7,15,1,12819,13042.719304100327,223.71930410032655
11,18,7,13832,14708.221108903525,876.2211089035245
12,5,1,13765,14509.508182743111,744.5081827431113
7,11,6,14199,13804.76170550917,394.2382944908295
4,20,6,14534,14311.630008484077,222.36999151592318
1,7,10,17132,15155.60196523418,1976.3980347658198
1,14,21,19474,15216.23626100924,4257.7637389907595
4,24,17,14597,14384.918314847355,212.08168515264515
3,18,11,15392,15498.807777627107,106.8077776271075
5,4,22,14376,15372.520649306096,996.520649306096
2,27,12,17609,15813.397971289689,1795.602028710311
12,4,19,17918,15050.551044694226,2867.448955305774
7,7,16,23753,19129.87896105652,4623.121038943478
6,20,12,15458,15922.151254561082,464.15125456108217
12,15,12,17816,16720.998752948373,1095.0012470516267
6,9,23,13670,14974.069022040852,1304.0690220408524
2,19,2,15262,15223.895670220243,38.10432977975688
1,24,0,16125,15067.111826892564,1057.8881731074362
6,12,2,12020,12542.62216871613,522.6221687161305
9,9,6,14207,14958.39502076238,751.3950207623802
1,15,8,17223,16342.250774474689,880.749225525311
12,27,16,14684,14302.788100626514,381.2118993734857
1,30,1,15498,15078.516186279221,419.4838137207789
12,29,17,16864,14980.978947555534,1883.0210524444665
3,7,5,13998,14357.27352647854,359.2735264785406
10,11,7,15876,14481.449658179159,1394.550341820841
1,7,5,14356,14999.541665821065,643.5416658210652
8,31,5,13125,13767.51237542532,642.51237542532
5,29,13,15621,14726.12219812409,894.8778018759094
7,9,16,15595,16005.937605211759,410.93760521175864
7,8,6,16164,15739.685866847574,424.3141331524257
7,21,1,14112,13847.018801655551,264.9811983444488
7,15,6,12107,12531.745099487054,424.7450994870542
2,4,9,19764,15189.726957018529,4574.273042981471
5,23,3,11837,12978.63225742671,1141.6322574267106
7,21,0,17059,16541.5182879798,517.4817120201988
8,4,23,17712,17300.593659990842,411.40634000915816
12,26,16,15500,14724.29484171589,775.7051582841104
1,8,14,18499,16338.1623038817,2160.8376961183003
3,19,20,17519,15822.548218472903,1696.4517815270974
11,15,10,16327,15571.834779128023,755.165220871977
3,30,14,17643,15562.876308706207,2080.123691293793
5,20,6,12915,12816.922452686278,98.07754731372188
11,26,10,14821,13735.603875259274,1085.396124740726
7,4,5,14305,14009.240772323155,295.7592276768446
11,15,10,16449,16228.262272612646,220.73772738735352
1,3,21,19754,15550.729864649711,4203.270135350289
7,27,17,21509,17597.15124698928,3911.8487530107195
11,1,8,15850,15435.200418770828,414.79958122917196
8,10,2,14147,14872.686622532614,725.6866225326139
12,18,8,15197,14611.822185677951,585.177814322049
12,21,11,17274,16128.5410698182,1145.4589301817996
9,4,6,12229,12961.992340850358,732.9923408503582
7,28,12,20786,19942.016350863873,843.9836491361275
1,28,7,18227,15096.747539954364,3130.2524600456363
7,7,3,13390,13940.77195052404,550.7719505240402
3,27,17,17370,16089.688250812449,1280.311749187551
4,23,19,13804,14133.859776147063,329.8597761470628
3,1,10,18260,15996.23441835798,2263.7655816420192
8,10,11,20428,19737.697923787964,690.3020762120359
5,2,18,13325,14280.87754719766,955.8775471976605
3,6,12,15806,14931.84735609195,874.1526439080499
9,4,1,12624,12834.781102858677,210.7811028586766
9,18,19,19071,18894.15172254651,176.84827745348957
8,9,7,16884,15602.376060548546,1281.6239394514541
11,25,9,14187,13531.794416400568,655.2055835994324
9,8,13,13516,13358.698587804967,157.30141219503275
5,31,21,15183,15116.084298809246,66.91570119075368
12,26,2,12695,14712.369487060392,2017.3694870603922
12,13,12,16417,14339.842651615394,2077.157348384606
9,26,7,15680,16051.97921051191,371.9792105119104
6,10,14,13024,13894.334162700225,870.3341627002246
1,1,20,16327,14994.607646346023,1332.392353653977
8,26,13,20050,19726.725238036848,323.27476196315183
7,7,3,14340,14596.643089574145,256.64308957414505
12,21,2,13628,13125.824513204245,502.1754867957552
7,28,7,16203,14595.42511560348,1607.5748843965193
10,4,9,15097,14945.45112272919,151.5488772708104
9,22,3,12688,12760.676775589185,72.67677558918513
9,4,15,21192,16908.47709514367,4283.522904856331
3,5,0,16871,15102.679594634437,1768.3204053655627
5,15,6,12961,12625.114693468373,335.88530653162707
10,24,13,15019,13963.205338532895,1055.7946614671055
8,21,0,16569,15740.676838107922,828.3231618920781
12,5,3,14616,14674.70197589784,58.701975897840384
8,14,8,15533,15394.34167820576,138.6583217942407
5,10,4,11074,13961.483676567917,2887.4836765679174
6,20,0,13932,13205.86139691323,726.1386030867707
9,6,5,12467,13037.171708505108,570.1717085051077
9,27,3,10873,13254.62386819458,2381.6238681945797
1,31,22,17921,15616.701072036523,2304.2989279634767
12,28,14,15089,14158.322030691854,930.6779693081462
1,22,5,14933,15153.088808540306,220.08880854030576
3,10,17,17240,15221.160960941943,2018.839039058057
8,21,9,17348,17040.627877446208,307.372122553792
5,27,17,15591,15591.099985325753,0.09998532575264107
12,23,12,16339,15486.956444903562,852.0435550964376
12,11,16,17245,15666.977186651871,1578.0228133481287
8,20,12,20785,20284.409783751507,500.59021624849265
9,3,3,12059,12113.931883311057,54.93188331105739
5,17,15,13103,14695.750979693126,1592.7509796931263
3,23,11,14715,14576.550267432855,138.44973256714547
10,5,21,14459,14539.250690658888,80.25069065888783
3,25,3,12625,13996.221657669208,1371.221657669208
9,15,16,20035,19121.932927546466,913.0670724535339
1,22,0,17851,15093.505036645569,2757.494963354431
11,11,21,16624,15290.763448871068,1333.2365511289318
7,26,21,16567,17628.505545541833,1061.5055455418333
4,25,1,11752,12731.671274052775,979.6712740527746
5,22,12,16626,17172.29885715461,546.2988571546084
6,23,0,12550,12619.771238397829,69.77123839782871
6,20,14,18138,18553.277831845982,415.2778318459823
10,27,16,17229,15968.479155101077,1260.5208448989233
2,9,3,14212,14662.952308308832,450.95230830883156
12,3,16,14960,14669.981975594308,290.0180244056919
4,10,5,12570,13094.381345062118,524.3813450621183
6,24,15,17173,16582.913022677138,590.0869773228624
8,22,20,16228,16899.458248788855,671.4582487888547
7,7,7,15644,14350.8752559233,1293.1247440767002
9,11,4,12578,12791.20636719712,213.2063671971191
11,6,1,13068,13685.775131153021,617.775131153021
5,2,11,15804,15471.13159265715,332.86840734285033
10,2,1,12414,12413.899699724238,0.10030027576249267
1,8,12,20193,15845.071342493564,4347.928657506436
2,24,5,13297,13228.68685241904,68.3131475809605
2,9,5,14068,14683.180359021751,615.1803590217514
12,6,10,15207,14500.686507118946,706.3134928810541
7,12,5,13476,13136.721356521828,339.27864347817194
3,6,2,14000,14670.586461889874,670.586461889874
2,18,20,19517,15768.05773241342,3748.942267586581
2,28,10,17719,15717.091544846382,2001.908455153618
8,14,5,12537,13443.920225036036,906.9202250360358
9,24,20,17738,15960.279437128363,1777.7205628716365
7,19,5,12967,13406.573048722687,439.5730487226865
5,23,23,13364,14642.325970358093,1278.3259703580934
7,15,14,20177,19683.3349237641,493.6650762358986
9,4,12,14774,15269.41220384797,495.4122038479709
3,4,3,13283,13277.369024854403,5.630975145597404
1,8,21,21202,15360.231601019264,5841.768398980736
4,11,5,11473,13023.759098829689,1550.7590988296888
12,16,7,16387,15291.479656456437,1095.5203435435633
5,12,19,16499,17481.079813021985,982.0798130219846
5,6,10,13601,14744.35671279039,1143.3567127903898
9,2,19,16440,15492.676739559336,947.323260440664
4,28,12,15453,14922.04005645902,530.95994354098
7,17,20,21086,20393.36998360887,692.6300163911292
11,4,6,12839,13416.767745773997,577.7677457739974
9,6,2,12833,12972.210753147401,139.2107531474012
3,23,20,17365,15198.353478343248,2166.646521656752
10,25,3,11793,13816.724075433694,2023.7240754336945
3,2,10,17873,16231.539335535675,1641.4606644643245
10,6,7,14948,13719.902796613123,1228.0972033868766
12,22,19,17844,15390.691007430718,2453.308992569282
11,30,3,14395,13730.258286234272,664.7417137657285
10,6,5,12483,13215.904459335246,732.9044593352464
7,22,22,18944,17780.381057739956,1163.6189422600437
9,22,20,18925,18349.6403246242,575.3596753757993
11,9,12,14199,14787.693246454075,588.693246454075
8,21,10,16457,16066.031608218847,390.9683917811526
10,19,15,13673,14498.836881558429,825.836881558429
2,3,2,13249,14072.012208967892,823.0122089678916
10,24,10,14601,15304.796771076004,703.796771076004
10,19,22,14920,16271.470357933415,1351.4703579334146
11,27,8,16096,16200.585574732322,104.58557473232213
11,25,21,16626,15999.74981796494,626.2501820350608
9,16,19,15952,16266.705078501722,314.7050785017218
1,10,18,19651,15923.62519314088,3727.3748068591194
5,16,23,13223,15405.522376344405,2182.5223763444046
2,24,16,16764,15539.872713861083,1224.127286138917
12,18,15,18296,15662.340105065015,2633.6598949349845
6,24,23,15047,16207.245369575863,1160.2453695758632
3,10,10,15555,14523.345131886901,1031.654868113099
5,13,3,11973,12957.527761316316,984.5277613163162
1,18,15,16870,15096.624220003243,1773.375779996757
5,19,11,14431,14497.867023961808,66.86702396180772
6,4,6,12191,13808.816036045748,1617.8160360457478
8,21,4,13759,14511.247754463599,752.2477544635985
2,21,7,15081,15104.162401304795,23.162401304794912
9,20,21,16265,16202.724777212574,62.27522278742617
8,8,1,12814,12645.375783031202,168.62421696879755
3,2,17,17895,15805.605605543155,2089.3943944568455
4,1,8,17181,15466.204307622986,1714.7956923770143
5,20,10,12018,14129.568971692719,2111.568971692719
6,16,0,14595,14539.774920776677,55.22507922332261
10,20,3,11071,11528.721444515644,457.7214445156442
9,5,16,19334,17388.789815309265,1945.2101846907353
12,1,11,16009,14095.005151912039,1913.9948480879611
6,10,0,13263,12142.016484837332,1120.9835151626685
1,25,8,15586,15131.232509970727,454.7674900292732
8,19,20,17964,16562.804561717396,1401.1954382826043
5,16,19,15502,14771.401683738568,730.598316261432
1,10,2,15122,15134.302073446537,12.302073446537179
11,9,7,14014,12811.576807308005,1202.4231926919947
8,2,14,19810,20137.63684161103,327.63684161103083
7,12,10,18565,18394.54001584398,170.45998415601935
6,6,22,15581,15422.28356894324,158.71643105676048
8,4,2,13822,13885.625992457619,63.62599245761885
7,5,21,20756,19589.453819132756,1166.5461808672444
3,18,23,15505,16176.291476046796,671.2914760467957
2,10,17,18215,15471.12963443345,2743.8703655665504
1,21,3,13842,14282.491427883178,440.4914278831784
4,10,2,13547,14534.64556163189,987.6455616318908
10,1,20,15322,15822.885231028149,500.88523102814906
8,12,16,17786,16788.39176968212,997.608230317881
3,23,12,17111,16463.881377521604,647.118622478396
11,4,14,14555,14603.850648244941,48.85064824494111
4,14,16,14542,14493.103880145663,48.896119854336575
7,9,0,13408,12792.422293266773,615.5777067332274
3,15,8,14655,13471.06621877143,1183.9337812285703
11,13,13,17153,15199.132105972154,1953.867894027846
9,5,13,15406,15405.900142152725,0.09985784727541613
5,12,22,13907,15116.176255332995,1209.1762553329954
8,10,9,14756,13634.165684907728,1121.834315092272
4,29,10,14308,14489.469528108373,181.4695281083732
12,14,11,15942,15666.31572204734,275.6842779526596
6,5,3,10841,12527.181958146182,1686.1819581461823
2,4,23,15749,15352.761948424331,396.2380515756686
8,8,11,20642,15713.893064415715,4928.106935584285
10,18,6,13525,13238.831539796493,286.1684602035075
6,28,13,21764,18858.35307701265,2905.646922987351
4,18,7,14743,13675.150950064524,1067.8490499354757
5,21,22,13373,15036.145227346684,1663.145227346684
8,6,5,14311,15982.199955829838,1671.1999558298376
12,29,0,14968,14744.68038045136,223.31961954863982
3,24,14,17498,15601.446835919642,1896.5531640803583
10,1,19,17705,17014.122886099696,690.8771139003038
6,6,7,14629,12839.803915927394,1789.196084072606
1,5,16,15992,14883.223283786974,1108.7767162130258
11,24,8,14678,13919.832123590879,758.1678764091212
5,15,11,13884,14070.977172731848,186.97717273184753
3,8,4,13333,14197.752063860275,864.7520638602746
1,12,12,17015,15041.254775949876,1973.7452240501243
5,24,16,15127,15437.793210422136,310.7932104221363
9,28,0,12775,11910.418397886995,864.5816021130049
5,20,9,14310,14991.13160321917,681.1316032191698
8,21,4,14159,15286.893231398946,1127.8932313989462
5,24,9,14806,14707.186263125006,98.81373687499399
11,21,20,16227,14581.966887579461,1645.0331124205386
6,19,17,19643,17825.995799193435,1817.0042008065648
1,20,12,19555,15300.585284055936,4254.414715944064
6,29,21,17427,17285.269765536967,141.7302344630334
11,10,14,14482,14197.951827583705,284.0481724162946
5,3,4,11879,12704.172025180014,825.1720251800143
8,21,10,17771,18019.264372965008,248.26437296500808
12,31,7,14005,14106.591551880922,101.59155188092154
10,24,8,13515,12849.0708432667,665.9291567333003
1,2,18,18821,15278.031127088449,3542.9688729115514
1,8,19,19084,15511.070696200075,3572.929303799925
1,9,2,14427,14475.277422869589,48.27742286958892
8,30,15,14690,14533.688179613588,156.31182038641236
5,7,13,14206,14912.428491447807,706.4284914478067
8,10,15,17909,16604.020498334256,1304.9795016657445
4,21,19,16060,15736.355724676914,323.6442753230858
9,17,19,17739,17142.807367994566,596.1926320054336
10,9,5,11052,12317.937340043987,1265.9373400439872
6,20,2,12080,12566.736012576757,486.7360125767573
3,15,18,17295,15491.649593636128,1803.350406363872
11,8,9,16761,15741.346889457056,1019.653110542944
4,30,6,14031,14031.10009725476,0.10009725476083986
8,28,17,19371,16743.294131410734,2627.705868589266
7,9,7,12494,12328.87506059098,165.12493940901913
10,26,5,12932,12899.792746850108,32.207253149892495
5,17,0,12423,11838.62605909308,584.3739409069203
4,30,23,12534,14236.332784836046,1702.332784836046
10,18,11,14005,13187.676911883449,817.3230881165509
4,25,7,15110,14087.361837784018,1022.6381622159824
9,20,23,15123,15264.347968753558,141.34796875355823
5,11,12,14023,14708.873879130255,685.8738791302549
3,24,12,16144,16059.378950062637,84.62104993736284
5,17,21,17110,17228.379790572486,118.37979057248594
6,16,15,16239,16352.814974685265,113.81497468526504
12,24,17,16318,16787.948289708875,469.94828970887465
11,15,21,16817,15386.051502802951,1430.9484971970487
11,11,8,15780,15039.00055653416,740.9994434658402
5,3,17,14220,14220.100323011797,0.10032301179671776
7,28,20,18054,18303.808776875238,249.80877687523753
11,26,21,17617,15992.422011731729,1624.577988268271
2,23,9,15412,15141.913526864242,270.08647313575784
12,7,18,19528,16187.440116989243,3340.5598830107574
2,5,0,17494,15138.399823972348,2355.600176027652
5,20,21,16044,15114.372213548719,929.6277864512813
7,6,19,20722,20270.285831822643,451.71416817735735
11,5,9,16481,14680.62424817144,1800.3757518285602
6,3,23,13152,14301.143519509571,1149.143519509571
1,28,8,17611,15378.210856675343,2232.789143324657
3,14,0,13413,12657.216282849642,755.7837171503579
5,13,23,12563,15649.641092034864,3086.6410920348644
6,24,0,13479,13582.728263202393,103.72826320239255
10,15,14,14274,13284.262996297974,989.7370037020264
10,29,11,15296,15129.260595195667,166.7394048043334
1,9,23,16986,15619.946909057717,1366.0530909422832
2,4,4,13542,14579.569946321191,1037.5699463211913
6,10,22,14642,15132.769609067536,490.7696090675363
2,1,15,16532,15559.063875890279,972.9361241097213
12,8,4,14189,13089.445763159354,1099.554236840646
5,9,11,13757,14282.452883188385,525.4528831883854
1,7,5,14074,14547.046885482665,473.04688548266495
1,20,22,16040,15365.162017325269,674.8379826747314
9,9,23,13330,14194.807644426895,864.8076444268954
1,18,23,16494,16344.898786437763,149.1012135622368
2,6,3,15177,15392.761967197419,215.76196719741893
1,28,16,15426,14343.512074132634,1082.4879258673664
5,11,5,12178,12624.998600272478,446.99860027247814
4,18,6,11997,12772.252136089053,775.2521360890532
7,19,23,17285,18872.858511827304,1587.858511827304
10,10,4,11393,14547.874965405224,3154.8749654052244
9,1,21,16609,16205.937946601603,403.06205339839653
5,9,18,13958,14515.216498159356,557.216498159356
3,29,17,15430,15259.437122914815,170.5628770851854
8,8,6,14541,14199.455343352323,341.5446566476767
2,22,0,17046,15090.468495651176,1955.5315043488245
6,27,16,19627,17820.13401815629,1806.8659818437118
9,20,13,18625,18673.80474419635,48.80474419634993
8,21,11,16617,15170.563961472215,1446.436038527785
4,19,22,14361,15228.56267415629,867.5626741562901
12,17,11,17883,16187.983750435253,1695.0162495647473
3,5,9,17052,15866.781873023772,1185.2181269762277
5,4,16,15084,15875.330956002443,791.3309560024427
8,22,22,16130,15332.506994906162,797.4930050938383
8,4,7,15441,14422.705580025235,1018.2944199747653
1,8,14,17376,15032.620786020221,2343.379213979779
1,4,11,17685,16406.244307985686,1278.7556920143143
9,3,14,18266,18400.236066884572,134.2360668845722
8,8,23,15017,15531.754562719692,514.7545627196923
12,20,23,16141,15499.632266385182,641.3677336148176
5,17,12,14243,14100.032221977735,142.9677780222646
8,16,13,17782,18078.849804348734,296.8498043487343
5,23,1,10834,14530.59146593738,3696.5914659373793
5,19,9,14341,14480.278878227879,139.27887822787852
9,18,22,13665,15326.045837722071,1661.0458377220712
4,25,13,15759,15276.92571850384,482.07428149615953
11,15,15,16912,15298.822146581546,1613.177853418454
6,27,11,16920,16842.6858679362,77.31413206379875
8,16,6,15647,14775.540934064073,871.4590659359274
3,17,3,14138,14339.189039152681,201.1890391526813
4,4,9,17451,16328.901056350558,1122.098943649442
2,6,4,14150,15224.697893179653,1074.697893179653
5,16,5,12166,13257.995184328547,1091.995184328547
12,26,10,14791,15036.19081777097,245.19081777097017
12,6,20,18371,15566.284830100962,2804.7151698990383
8,7,5,14389,15255.871956294703,866.8719562947026
11,24,1,14908,13552.544804441015,1355.455195558985
12,20,13,19259,16410.349664949783,2848.650335050217
1,8,3,14659,15028.112536135373,369.1125361353734
5,30,20,16140,16575.914632686705,435.91463268670486
4,17,18,14761,14829.76848734141,68.76848734140913
12,9,10,17799,16427.896859208446,1371.1031407915543
12,27,11,17002,16445.858037358317,556.1419626416828
11,6,13,16555,15649.843275656143,905.1567243438567
11,15,20,16006,13715.901529192204,2290.098470807796
9,5,22,17997,16714.754670222774,1282.2453297772263
4,28,3,11589,12696.370898179353,1107.3708981793534
11,21,0,13718,14086.123384360715,368.12338436071514
11,2,6,14597,14680.322282646146,83.32228264614605
12,12,6,15253,15002.541395450786,250.45860454921421
6,16,18,15686,15720.95751446834,34.95751446834038
2,4,2,17628,15091.487686584325,2536.5123134156747
10,14,9,15286,14771.950548166229,514.049451833771
8,4,15,17660,16995.441114522742,664.5588854772577
8,9,10,17051,16424.162751620315,626.8372483796848
2,26,19,18148,15222.158836822942,2925.8411631770578
10,8,10,13697,13206.175197424991,490.824802575009
8,22,20,18595,18568.374153410932,26.625846589067805
7,11,23,15997,16358.857023930275,361.8570239302753
8,21,6,14296,15001.079264377493,705.079264377493
5,29,12,16863,15405.16282132029,1457.8371786797106
11,10,15,16113,15343.856580216128,769.1434197838716
1,16,13,17064,15140.26447816497,1923.7355218350294
1,15,11,19183,16229.751008504289,2953.2489914957114
6,5,3,12191,12336.847613217067,145.8476132170672
1,17,22,17695,15210.9124489886,2484.0875510114
5,21,13,12555,13435.234264959461,880.2342649594611
7,19,19,20229,20940.40397210347,711.4039721034715
9,1,11,15831,16145.919916488812,314.9199164888123
5,2,4,11934,14129.035387438638,2195.0353874386383
1,19,9,17414,15113.010236514565,2300.989763485435
10,4,1,11445,11947.372541654397,502.3725416543966
4,24,21,15940,15363.205454364452,576.7945456355483
9,15,7,14668,14199.876994112776,468.1230058872243
5,29,10,16417,16417.099908037377,0.09990803737673559
8,15,23,15599,16102.009545097004,503.00954509700387
11,6,7,13578,13009.329097789021,568.670902210979
3,17,17,14598,14633.082339694134,35.082339694134134
8,13,15,17448,19004.199016005565,1556.1990160055648
2,2,18,19700,15390.800627263094,4309.199372736906
3,1,2,12699,13571.795088689907,872.7950886899071
6,27,15,19402,19577.38875199825,175.38875199824906
2,13,16,17952,15126.842530990258,2825.1574690097423
6,29,21,17433,16800.53603209231,632.46396790769
11,16,12,15248,14715.028659874195,532.971340125805
4,26,1,11929,11928.89997199066,0.10002800933943945
2,19,1,15604,15181.962128773368,422.037871226632
9,7,13,22279,21676.50773799578,602.4922620042198
9,28,2,12338,13296.272806154499,958.2728061544985
3,7,17,16274,14897.468537900982,1376.5314620990175
2,10,8,17144,15963.838146228776,1180.1618537712238
9,1,18,21160,20900.588056339955,259.4119436600449
10,28,11,15448,14528.702720085928,919.2972799140716
6,4,18,14595,14594.900143079989,0.09985692001100688
9,7,8,18816,17683.54152464083,1132.4584753591698
4,10,3,12279,13836.535919842036,1557.5359198420356
12,1,15,17666,14958.96588513097,2707.0341148690295
10,4,1,12140,13709.057102760207,1569.0571027602073
9,29,5,12245,13301.302096632944,1056.302096632944
3,22,11,15774,15774.100084972326,0.10008497232593072
2,9,12,18142,16280.518525481511,1861.4814745184885
9,16,23,13567,14549.10070603555,982.1007060355496
7,15,18,17413,16915.592238264522,497.40776173547783
11,29,4,13910,15155.773144161089,1245.7731441610886
5,3,2,11958,12153.817953681033,195.81795368103303
1,9,12,18917,16129.170508403713,2787.829491596287
2,24,16,16144,16277.74880942179,133.7488094217897
1,5,14,17663,16833.370139222377,829.6298607776225
5,22,4,10750,13711.038987990949,2961.038987990949
5,26,15,13861,14452.179695199964,591.179695199964
1,19,19,20660,15832.209284661412,4827.790715338588
5,31,20,14676,15160.543455595258,484.5434555952579
3,10,13,15742,14752.196395272413,989.8036047275873
9,27,3,11863,12367.558797516227,504.55879751622706
5,9,20,15818,15221.024931339518,596.9750686604821
6,25,23,15596,15501.360169331308,94.6398306686915
7,12,8,16990,16790.333843081866,199.66615691813422
8,16,2,12203,13957.315336208405,1754.315336208405
8,21,6,15402,15088.298833043566,313.70116695643446
9,23,2,12181,12241.927642924824,60.927642924823886
9,9,6,10951,11641.403126600719,690.4031266007187
1,8,14,16740,15253.032895199372,1486.9671048006276
10,15,16,13883,13799.613221660717,83.38677833928341
7,31,8,15243,15218.786135277516,24.213864722483777
6,29,13,20191,18350.72802008609,1840.2719799139086
3,4,7,13772,14310.105174122838,538.1051741228384
2,10,16,18061,15816.610830965872,2244.389169034128
7,30,0,16333,15512.099697977166,820.9003020228338
8,28,11,15806,15649.150029290267,156.8499707097326
7,17,5,11273,11449.351213605378,176.35121360537778
6,23,7,15524,14974.048813521233,549.9511864787673
1,2,0,14476,13705.510907415448,770.489092584552
1,19,11,18853,15111.40595074238,3741.594049257619
3,26,17,15811,15332.026017783955,478.97398221604453
5,11,10,13931,13931.099959550842,0.09995955084195884
3,18,16,15854,14928.31783661963,925.6821633803702
5,22,8,12804,14342.919319455366,1538.9193194553663
8,17,17,20364,20961.025790145115,597.025790145115
1,1,7,12528,14922.873378637638,2394.873378637638
1,22,13,20354,15109.589706428987,5244.4102935710125
1,4,5,15412,15236.551475633336,175.44852436666406
4,18,18,16090,15266.303782105897,823.696217894103
12,10,7,13589,13460.613699920834,128.38630007916618
1,8,18,18801,15371.326464241782,3429.6735357582183
4,17,19,14167,14420.848543191936,253.8485431919362
11,9,2,12104,13066.685420812624,962.6854208126242
10,1,18,17844,16187.230980985227,1656.7690190147732
3,26,10,17438,16308.587741317071,1129.412258682929
1,2,23,16334,16131.926645672775,202.0733543272254
6,10,4,11553,13058.150986971868,1505.1509869718684
9,12,22,14975,15194.69926453262,219.69926453262087
12,22,16,19042,15285.854464082824,3756.145535917176
8,24,17,15878,15559.098540124065,318.90145987593496
9,30,13,16731,16185.043637857269,545.9563621427315
1,5,23,16046,15971.437715447359,74.56228455264136
10,7,12,14352,14170.237189826128,181.7628101738719
9,22,12,17522,17521.90010590787,0.0998940921308531
8,28,4,13026,13438.019194036562,412.0191940365621
4,18,13,11896,14147.370355133815,2251.370355133815
2,27,12,15531,13665.258835195555,1865.7411648044454
12,29,23,15383,15760.87788485589,377.87788485589044
1,4,7,15370,14785.156110617725,584.8438893822749
3,22,22,16634,15405.005650814868,1228.9943491851318
11,12,9,15786,15278.046237622326,507.95376237767414
12,13,4,15124,15276.143053394124,152.14305339412385
12,10,18,18658,16209.802469654775,2448.1975303452255
10,7,14,15829,16459.683792147862,630.6837921478618
8,11,5,13335,13463.988032727346,128.98803272734585
6,9,15,16407,16138.751771000982,268.24822899901847
6,9,18,17941,18395.67811908365,454.6781190836482
3,1,22,16593,15108.663733714326,1484.3362662856744
5,17,19,15150,15149.900196004437,0.09980399556297925
12,22,10,17935,16224.632301447486,1710.3676985525144
11,23,10,16465,14805.593071485479,1659.4069285145215
8,24,12,15813,15768.371253972498,44.62874602750162
10,24,15,14135,13505.252180986661,629.7478190133388
10,25,22,14242,15178.349985989269,936.349985989269
11,24,12,17617,17127.613206119615,489.3867938803851
6,1,13,13744,13744.100476206255,0.10047620625482523
3,16,9,16487,15161.368126329166,1325.6318736708345
12,19,10,18405,16477.50352512411,1927.4964748758903
5,1,17,14553,14974.751363644828,421.7513636448275
10,11,8,12378,12114.587945248019,263.4120547519815
2,8,18,19237,15634.503010094882,3602.4969899051175
10,1,20,15596,14852.836388712047,743.1636112879532
7,29,8,16116,15173.699061776255,942.3009382237451
10,29,7,15045,13784.684629777534,1260.3153702224663
7,5,13,21473,20060.737883322297,1412.2621166777026
2,24,19,16901,14951.582525284974,1949.4174747150264
7,10,9,15665,15275.691100047563,389.30889995243706
5,18,1,12015,11627.973641310717,387.02635868928337
3,21,11,17258,15686.250823740183,1571.7491762598165
4,2,0,14476,13803.843804031752,672.1561959682476
9,13,15,15502,16167.636500023416,665.6365000234164
2,15,7,15367,15085.41767276574,281.58232723426045
10,7,23,13777,16307.274152239133,2530.2741522391334
6,28,23,14742,16194.036524908468,1452.036524908468
5,25,21,17997,18988.73624032849,991.7362403284897
8,26,3,11783,12768.137966131153,985.137966131153
4,9,1,13622,13431.101229540358,190.89877045964204
8,2,11,15297,15086.870335222518,210.1296647774816
9,13,19,18938,19735.26467557778,797.2646755777787
5,10,21,16134,14922.460820295115,1211.539179704885
1,28,15,19597,15378.788901152764,4218.211098847236
3,7,4,13648,13528.897594602195,119.10240539780534
10,25,5,11588,13364.1699725133,1776.1699725133003
12,10,14,18111,16248.304429371243,1862.6955706287572
3,6,23,17955,15774.34766929028,2180.6523307097195
10,27,5,12787,13812.149545807297,1025.1495458072968
2,8,12,17276,16277.695178515258,998.3048214847422
12,11,0,13881,11185.96252929581,2695.03747070419
7,6,12,19730,18257.116302482515,1472.8836975174854
1,5,21,17962,16194.362538591167,1767.6374614088327
2,6,6,14614,14857.737129198373,243.7371291983727
9,9,23,13791,15779.171577902533,1988.1715779025326
8,13,12,14661,15227.943310974839,566.9433109748388
8,11,11,14323,14704.23399109935,381.23399109935053
6,13,15,18790,19805.92701898973,1015.9270189897288
3,18,9,14791,14735.030455087493,55.969544912506535
3,11,12,16136,16284.829587648392,148.82958764839168
11,20,4,13205,14150.620103757085,945.6201037570845
7,14,0,14268,13733.649084652341,534.3509153476589
9,26,7,15050,14050.71201387038,999.2879861296205
1,31,16,18340,15589.483901317386,2750.516098682614
11,17,11,15152,14882.990349731303,269.00965026869744
9,4,1,11028,12001.322340668023,973.3223406680227
9,24,7,14090,13825.376818598617,264.6231814013827
9,1,8,17024,15560.527403437305,1463.472596562695
6,7,15,12838,13842.933372005791,1004.9333720057912
5,3,3,11789,12402.787116386178,613.7871163861782
9,13,1,11554,12229.43258265961,675.4325826596105
8,11,11,17707,18459.2520066125,752.2520066124998
11,30,16,17785,16336.801419240423,1448.1985807595775
8,16,4,14225,14091.230848092386,133.7691519076143
3,4,18,17809,15610.581383621655,2198.418616378345
2,27,23,15070,15361.252300277152,291.25230027715224
6,28,9,16067,15428.273835304832,638.7261646951683
6,9,22,17173,17379.82764844494,206.8276484449416
4,17,23,13520,14860.466769478939,1340.4667694789387
5,21,2,10735,12603.237875426086,1868.2378754260862
3,19,20,17916,16421.49788625791,1494.5021137420918
3,27,17,16985,15923.352356002475,1061.647643997525
12,28,19,17879,15348.7588804698,2530.2411195301993
8,29,16,20510,19641.641778205212,868.3582217947878
8,5,22,16859,16550.335960999517,308.66403900048317
11,30,17,18380,15108.391678863823,3271.6083211361765
6,12,22,17213,16583.00486442294,629.9951355770609
1,31,6,15188,14765.273391472309,422.7266085276915
11,21,6,13309,13876.519296658875,567.5192966588747
4,7,13,16179,15058.467048587028,1120.5329514129717
10,14,19,15729,14948.168517213704,780.831482786296
10,20,2,12338,12576.947633817505,238.94763381750454
3,4,22,17119,15346.994465955466,1772.0055340445342
12,17,0,14266,13519.6598466928,746.3401533071992
2,1,1,15275,14888.672028001214,386.32797199878587
4,6,1,13396,12581.725027563427,814.2749724365731
3,21,18,16816,15744.787242695562,1071.2127573044381
9,7,21,21880,19810.36672673883,2069.63327326117
8,11,21,17049,16961.121168155823,87.8788318441766
1,28,18,17483,14876.02584034801,2606.9741596519907
3,7,11,14838,14248.811277913373,589.1887220866265
6,27,11,16410,16474.910054142474,64.91005414247411
4,2,2,13035,14165.761455302489,1130.7614553024887
9,23,8,13294,12945.529635048822,348.47036495117754
4,17,18,16635,15351.52558417077,1283.4744158292306
10,7,15,15336,14850.178617313164,485.82138268683593
9,18,1,12300,12662.226466714883,362.2264667148829
4,13,23,14177,16102.591380475107,1925.5913804751071
4,26,0,12588,13297.673857244055,709.6738572440554
10,31,2,13471,14515.131396915998,1044.1313969159983
12,11,18,16816,14819.472891628244,1996.5271083717562
12,5,4,12516,13578.265123577266,1062.2651235772664
11,10,11,16042,15464.34278732727,577.6572126727297
5,1,12,15279,15175.070369789746,103.92963021025389
10,28,2,11609,12414.659682466377,805.6596824663775
7,25,23,17170,16623.204371706674,546.7956282933264
10,27,5,11105,12192.857269027645,1087.857269027645
4,6,18,14688,14154.651860833736,533.3481391662644
3,5,10,16613,15684.162235469446,928.8377645305536
11,22,11,14308,14201.533193678028,106.4668063219724
4,18,21,15305,15050.422076028144,254.57792397185585
11,6,3,11387,12095.448092071349,708.4480920713486
3,14,21,17877,16320.052271327806,1556.947728672194
5,25,0,11982,13396.090371188453,1414.090371188453
8,7,5,13194,14368.698150908542,1174.6981509085417
11,21,14,19233,16642.667372088992,2590.332627911008
9,9,22,14871,14926.807397876211,55.807397876211326
9,30,20,15521,15268.766491849152,252.23350815084814
10,12,21,13665,13716.245551804164,51.24555180416428
3,30,10,17718,15764.183608542435,1953.8163914575653
1,31,19,19359,15255.546418701424,4103.453581298576
6,4,2,12018,13626.08623921408,1608.0862392140807
2,5,12,16509,15770.561913621928,738.4380863780716
12,26,19,16005,14395.410032333475,1609.589967666525
6,15,17,14732,14402.936677321022,329.0633226789778
12,31,3,12641,13658.413394614421,1017.4133946144211
11,17,1,13787,14154.679613271865,367.6796132718646
9,18,0,14396,14286.123137389217,109.87686261078306
12,11,23,17284,15994.223779898204,1289.7762201017958
12,8,12,18030,15311.139407488427,2718.8605925115735
11,21,17,18678,15726.082560781797,2951.917439218203
11,19,6,12302,13131.879407795008,829.8794077950079
6,10,5,12036,14195.147163432921,2159.147163432921
