month,day,hour,y_true,y_pred,error
10,3,17,17432.927288115025,18538.31798407869,1105.390695963666
2,12,21,18808.457563638687,16496.83128774821,2311.6262758904777
3,24,2,13031.002713501452,13781.980146170994,750.9774326695424
11,4,11,14763.279675751925,15593.33246684795,830.0527910960263
11,14,21,18411.674731969833,16382.402871113813,2029.2718608560208
6,12,16,13103.410872220991,15702.25398056287,2598.843108341878
6,25,7,16323.337606728075,14095.363148055261,2227.974458672814
3,26,3,13074.84119106829,13453.784977294743,378.9437862264531
11,11,12,15881.291781246662,15569.27717852697,312.01460271969154
11,13,21,18364.453053951263,16257.280338074097,2107.1727158771664
9,4,21,14432.964562952518,16205.478532096007,1772.5139691434888
4,18,20,18383.787268400192,15538.510064855474,2845.277203544718
2,20,5,13403.220790863035,13816.702401331542,413.4816104685069
2,12,4,15774.450807213783,13473.265825547986,2301.1849816657977
8,6,16,16960.52267765999,17709.39438182967,748.87170416968
11,17,21,19048.99267846346,16367.321506227687,2681.6711722357722
6,17,13,13213.36068327725,15270.776524385512,2057.4158411082626
10,27,20,18807.49134504795,15732.919547214107,3074.5717978338434
7,7,21,15814.050595372915,16246.87056209868,432.81996672576497
12,24,13,16375.8931722641,14900.608313119012,1475.2848591450875
10,13,21,15946.087072521448,16264.289326986485,318.2022544650372
2,12,10,17555.429533600807,15173.80216290251,2381.6273706982975
4,20,2,12716.063640817998,13556.64253307184,840.5788922538413
11,24,19,18900.821663200855,15534.31707528679,3366.5045879140653
4,28,3,12631.875694453714,13105.751978161066,473.87628370735183
3,9,2,13116.887078881264,13093.166732480555,23.720346400708877
8,25,8,13201.988749787211,13931.330687403837,729.3419376166257
11,2,14,15255.789507001638,16192.608858600448,936.8193515988096
9,9,21,18886.273429632187,16795.243660767825,2091.0297688643623
6,18,16,13277.943947806954,15714.260307859939,2436.3163600529842
2,24,3,14476.694976598024,12974.999751884245,1501.6952247137797
10,10,19,14605.79916897416,15404.034372748005,798.2352037738456
2,6,20,17792.059583306313,15977.699957509962,1814.3596257963509
9,11,20,14439.490229427814,15578.705146840073,1139.2149174122587
4,11,21,18044.41488158703,15877.34741935574,2167.067462231289
2,18,4,14123.572839915752,14038.562528869905,85.01031104584763
6,26,4,16517.119388878345,13795.78593774357,2721.333451134775
10,3,17,17022.388554930687,17995.617251093958,973.2286961632708
3,14,17,17710.016305923462,16697.720561419737,1012.2957445037246
9,23,5,13148.51843443513,14280.028575557135,1131.5101411220057
9,16,20,16448.15410158038,16982.389361495367,534.2352599149854
9,24,18,17434.98029756546,15124.940854031422,2310.0394435340386
3,21,15,12746.595287054775,14633.39598394348,1886.800696888704
6,26,6,15709.535763889551,14094.045278277701,1615.49048561185
5,28,2,12853.174406006932,13814.405394507861,961.230988500929
11,23,19,18288.453974187378,15853.647317970128,2434.80665621725
2,22,4,12595.797518789768,13389.76743623641,793.9699174466423
11,3,9,14193.544946670532,15337.730885165134,1144.185938494602
4,25,3,12975.206050544975,12866.847749199005,108.35830134597018
12,4,14,15631.039115697144,15075.813318155197,555.225797541947
11,18,12,13276.91129143536,13806.956183065087,530.0448916297264
9,1,15,15654.690145462751,16947.56895798314,1292.87881252039
5,4,22,19586.91314303875,17279.973947844963,2306.939195193787
8,27,1,12464.798824384809,13453.120957688237,988.3221333034289
10,21,4,14905.609087616203,13218.793595950909,1686.8154916652948
4,8,12,15166.848593592644,15474.891338506113,308.0427449134695
9,24,2,12281.538613140585,13134.768416928528,853.2298037879427
10,3,17,15279.413059413431,17280.90575765256,2001.492698239128
10,12,21,18955.702551066875,16592.664877463587,2363.0376736032886
3,21,6,13125.845721498132,14810.350326033478,1684.5046045353465
1,27,4,14847.183621108532,13206.18818253527,1640.9954385732617
1,23,3,13014.37850433588,13283.909834938484,269.5313306026037
1,8,4,15130.260241389276,12919.734387118708,2210.5258542705687
10,2,15,18036.357865273952,18274.447364797823,238.08949952387047
2,12,17,18708.14553695917,17017.27809195435,1690.8674450048202
9,24,4,14080.729493677616,14688.777736137912,608.048242460296
5,29,2,13394.889411121609,14058.42686250065,663.5374513790412
2,23,9,17679.031693458557,15438.422643063277,2240.60905039528
8,28,4,13164.24634872377,14341.961591385681,1177.7152426619123
9,21,6,14087.370811104774,14271.89330449219,184.52249338741603
10,2,14,14498.277002632618,16234.706980789271,1736.4299781566533
9,7,21,18945.35056054592,16737.70465777454,2207.6459027713827
3,16,2,13471.9486246109,12601.62222656899,870.3263980419106
10,9,6,12995.109292283654,13335.985226827834,340.8759345441795
5,11,11,14441.897573709488,15390.98531428079,949.0877405713018
2,12,13,17143.2962936759,15760.64782959487,1382.6484640810304
9,13,19,15301.712777525188,16246.733050603987,945.0202730787987
3,10,20,18393.929282724857,15744.664716055468,2649.2645666693898
8,20,5,14129.535425692797,14056.471674730465,73.06375096233205
12,21,13,17354.932614266872,15393.880072419495,1961.0525418473771
9,2,18,17396.167510032654,18268.807980203772,872.6404701711181
4,3,22,19541.987259447575,17539.209150507228,2002.778108940347
4,18,12,13115.607946544886,15120.228627548237,2004.620681003351
3,19,9,16266.8187404871,14168.37480875994,2098.443931727161
2,26,4,12666.62593472004,13421.807379364078,755.1814446440385
1,15,4,15428.94522896409,13104.745137206595,2324.200091757495
4,14,14,16201.123668402432,17258.728032760733,1057.6043643583016
2,13,15,18056.116133213043,16152.811074282095,1903.3050589309478
8,25,1,11986.45418418944,13067.148326160637,1080.6941419711966
3,7,4,15287.375750482082,12961.269639006903,2326.106111475179
10,2,16,17268.662745714188,17971.585918940502,702.9231732263142
10,13,21,19145.224113047123,16885.809041922894,2259.415071124229
4,24,7,12907.412651881576,15153.765877518377,2246.3532256368017
2,13,21,17787.815767526627,15960.636304020345,1827.1794635062815
9,8,19,14990.179871439934,16086.899702808318,1096.719831368384
9,5,14,15989.312641054392,17065.816169719223,1076.5035286648308
12,10,18,18293.910074412823,16088.683097716937,2205.2269766958852
8,25,4,12203.133214369416,12857.890556376446,654.7573420070294
7,19,4,15975.56412151456,13922.98196451249,2052.5821570020707
6,9,20,15013.9928945601,15908.457277520694,894.4643829605939
3,9,11,14618.83614808321,15146.055895098489,527.2197470152787
11,21,4,12451.048459351065,13159.759094526453,708.7106351753882
9,5,20,17069.555278241634,16989.018566045415,80.53671219621901
11,17,19,18748.821043014526,15575.958637312428,3172.862405702099
5,25,2,11807.527807816865,12974.621063658597,1167.0932558417317
11,2,15,14979.599859893322,16352.483157086366,1372.8832971930442
11,16,21,18187.68918633461,16373.246322175179,1814.4428641594313
7,27,2,12277.883920028806,13506.703746067069,1228.8198260382633
6,4,14,15374.444922953844,15435.339220139806,60.89429718596148
9,9,20,18292.70763260126,16002.731879830808,2289.9757527704533
7,23,1,11944.052116051316,13132.797595091928,1188.7454790406118
10,2,15,14683.15571203828,16346.218642759395,1663.0629307211148
10,14,21,18412.567130804066,16605.94247663832,1806.6246541657456
5,27,1,12089.42843836546,13308.871193809046,1219.442755443586
2,11,3,15056.950251311064,13197.940715140237,1859.0095361708263
9,2,16,17484.080278277397,18068.894778946145,584.8145006687482
10,8,22,19600.297485113144,17366.366002982188,2233.9314821309563
5,27,2,12207.757201895118,13486.796189108902,1279.038987213784
11,3,15,15063.322126626968,16258.317564766565,1194.9954381395964
3,19,15,17325.373543322086,16084.708060415142,1240.6654829069448
3,15,3,13513.523501366377,12728.949698034883,784.5738033314938
9,9,10,13091.040526524186,13765.86393904623,674.8234125220442
2,2,2,13615.53420266509,12325.100421571296,1290.433781093794
6,7,13,15043.065165221691,16186.915375548615,1143.8502103269238
12,19,21,18281.84546554089,15620.641766493469,2661.2036990474207
6,23,2,13133.330429643393,14061.90882957517,928.5783999317773
2,12,10,18184.26476985216,15875.485810897357,2308.7789589548047
7,24,19,14717.094345092772,16390.78957840912,1673.695233316348
3,23,4,15199.835772007704,13022.928693064254,2176.90707894345
8,8,21,13782.151954859495,15328.212405604656,1546.0604507451608
11,25,20,17902.202761113644,16076.703550508559,1825.499210605085
4,24,4,13000.933671072124,13740.879682095316,739.9460110231921
2,12,4,15760.124443024397,13470.738125494625,2289.386317529772
6,10,15,15901.640607237816,16957.474761229125,1055.834153991309
11,7,15,15825.656701534986,15987.744575424273,162.08787388928613
6,4,21,17176.000906467438,15911.084183498253,1264.9167229691848
8,28,4,13558.68724861741,14076.649919328423,517.9626707110128
11,26,14,17888.630588769913,15356.821895209283,2531.8086935606298
9,4,17,16974.896204471588,18457.12656825135,1482.2303637797631
9,8,22,19220.421018123627,17626.51292665625,1593.908091467376
4,26,2,12261.79346871376,13509.661968191676,1247.868499477916
11,2,14,14746.000931411982,16143.444438539345,1397.4435071273638
4,23,14,17193.382178246975,15834.627255470014,1358.7549227769614
9,18,1,12893.033793643115,14026.440034805802,1133.4062411626874
11,9,16,17585.961384892464,15283.109250753885,2302.8521341385785
10,10,21,14110.029785364866,15381.28331805296,1271.2535326880934
2,12,21,18494.20439952612,15974.734987800914,2519.4694117252056
5,21,15,14519.512075811625,15323.785940619435,804.2738648078102
9,22,18,18075.179675221443,15132.679077992574,2942.500597228869
4,21,14,14139.316953539848,14914.098633062538,774.78167952269
4,8,21,18560.35182267427,15408.013327096955,3152.3384955773163
7,22,6,14294.372891426086,14307.290956574521,12.918065148434835
5,7,11,16316.05938884616,15203.77349872955,1112.285890116611
10,19,21,15526.44636335969,15630.392292828938,103.94592946924786
9,10,6,12570.300790056586,13416.104395241573,845.8036051849867
9,1,14,15224.70728841424,16687.54353909221,1462.8362506779704
6,4,22,19335.300963640213,17353.718835705145,1981.5821279350675
6,28,1,12179.324497401714,13294.218859628112,1114.8943622263978
11,2,14,14989.827997267246,16164.672616512702,1174.8446192454558
11,19,21,18093.985668301582,16270.82391873652,1823.1617495650626
7,26,2,12124.577715426683,13408.846937797334,1284.2692223706508
12,24,13,17719.660447001457,15653.019345807581,2066.6411011938762
9,2,17,17655.867053866386,18780.818458092344,1124.951404225958
2,18,19,18295.700613617897,17338.97273845465,956.7278751632475
9,25,5,13860.515727490189,14871.2872260411,1010.7714985509119
8,28,3,12919.013426616788,13604.085851151334,685.0724245345464
1,10,2,14166.228355884552,12367.03291304851,1799.1954428360423
10,2,16,17140.84219688177,18388.15279584196,1247.31059896019
6,19,13,16470.49072957039,17653.36000758237,1182.8692780119818
2,16,21,17891.45378434658,16170.470481750814,1720.9833025957669
8,27,2,12720.56172464788,14103.281870928404,1382.7201462805242
9,27,5,13009.204969733952,13835.843740530701,826.6387707967497
2,5,3,14373.387098133564,12296.587567544168,2076.7995305893965
10,2,16,17050.731240332127,18104.282858121056,1053.5516177889294
8,10,20,19098.461757957935,16910.602115793525,2187.8596421644106
7,27,2,12355.524669155477,13519.306278679072,1163.7816095235958
2,4,3,14818.984884232284,13151.719988775703,1667.2648954565811
9,8,15,15456.520188897848,16517.796350281573,1061.2761613837247
11,19,21,18358.72053974867,15927.88814976536,2430.8323899833085
8,24,1,12194.290632814167,13379.863037380268,1185.5724045661009
2,4,5,15302.78849542141,12862.920675763027,2439.8678196583824
10,4,20,16148.503715634346,16107.098559180098,41.405156454247845
10,2,16,16822.980066895485,17459.865329217115,636.8852623216299
5,3,20,18231.438054919243,15979.36938929983,2252.068665619412
6,27,1,12528.436580866575,13431.464166744074,903.0275858774985
11,26,12,17690.694394767284,15168.172525847789,2522.5218689194953
10,2,17,17068.76294618845,18599.968679817597,1531.2057336291473
2,15,19,17913.331499516964,17642.490084582067,270.84141493489733
9,23,5,14150.778290957212,15034.453522983124,883.6752320259111
8,28,3,12822.094032913446,13497.125197477351,675.0311645639049
1,10,2,14137.966051995754,12446.938622818157,1691.0274291775968
7,14,16,15953.17951068282,16984.414414206803,1031.234903523984
11,9,14,17157.70508992672,14805.47073029631,2352.234359630409
8,26,2,12028.08093982935,12707.627558486216,679.5466186568665
8,1,13,15207.880485028028,16771.11619372209,1563.235708694061
3,22,15,18375.525197207928,16585.24435183755,1790.2808453703765
9,9,5,13289.082528844476,14294.46915131923,1005.3866224747544
8,26,4,12646.53629809618,13299.496244422118,652.9599463259383
10,29,3,15244.29125970602,13264.664027269984,1979.6272324360361
10,6,21,16493.932193249464,16317.577892893543,176.3543003559207
10,2,17,17282.66881418228,17716.648428617358,433.97961443507666
10,9,20,18590.7352142334,16076.689440004197,2514.045774229202
4,18,11,13272.9391733706,15007.70688056166,1734.7677071910603
2,13,22,18295.064943492413,16221.718409068138,2073.346534424274
7,8,10,14844.599519520998,15021.002843965542,176.4033244445436
12,14,9,15788.577037841082,14421.563005436623,1367.0140324044587
9,18,9,15537.25152516365,15270.122012836891,267.12951232675914
11,5,15,14544.392204523088,17238.726148505288,2694.3339439821993
7,3,21,18500.755492806435,16474.690103755744,2026.065389050691
8,29,2,13039.222543388603,13714.534488773757,675.3119453851541
12,25,13,17847.047919929028,15273.428842122226,2573.619077806801
10,4,21,16340.967815130947,16435.851023135558,94.88320800461042
11,2,16,15808.094981461763,16535.209774511404,727.1147930496409
10,10,21,18057.585966587067,16081.495590865152,1976.0903757219148
7,18,15,13666.143387287855,15217.937833560578,1551.7944462727228
2,16,22,18349.963055968285,16080.04643757822,2269.916618390065
8,15,14,17007.176763772964,18070.703662824777,1063.5268990518125
5,27,4,16222.13605198264,13674.712680728306,2547.4233712543337
9,12,19,13954.385750085115,15519.03823466168,1564.6524845765653
4,27,11,16668.96908867359,15352.134641325405,1316.8344473481866
6,29,1,13481.52345713973,14165.957825846457,684.4343687067267
3,10,2,13347.63697487116,12901.567025578957,446.0699492922031
7,25,14,16369.253085166216,16785.169973595017,415.91688842880103
11,23,20,18060.949686825275,15624.37247811661,2436.577208708666
2,22,3,12087.647946849464,13264.083327098215,1176.4353802487512
2,18,11,18700.728291869164,15627.582670118205,3073.1456217509585
4,22,11,14736.711125165224,15825.87746640035,1089.1663412351263
9,10,2,12049.826599657536,12852.739214356063,802.9126146985272
8,11,16,16244.513280838728,17356.24323595621,1111.7299551174838
3,17,11,17437.948671996593,15360.056071180223,2077.8926008163708
9,25,5,13541.067703068256,14513.256413421886,972.1887103536301
11,4,17,15399.121637225153,15333.766468240268,65.35516898488459
8,13,13,15457.288734585049,16493.186899314565,1035.8981647295168
11,20,21,18841.102300405502,15874.280667578267,2966.8216328272356
3,24,2,12624.93028064072,13657.39495737126,1032.4646767305403
1,16,5,16202.408952385187,13595.956927047588,2606.4520253375995
9,7,21,16800.603658258915,16870.30821228135,69.70455402243533
3,13,11,17172.33124434948,15252.008255344937,1920.3229890045423
4,26,3,13507.294754356146,13959.762617239636,452.46786288348994
6,9,9,16515.81647017598,14825.447169897212,1690.3693002787695
12,11,18,18453.846318423748,16292.499723042001,2161.3465953817467
10,17,21,13920.313011139631,15437.97250052708,1517.659489387448
2,7,22,18469.90211546421,15926.865581975428,2543.036533488783
10,20,20,16791.862578868866,16984.940103052555,193.0775241836891
11,19,18,18449.79771488905,15338.735113505883,3111.062601383166
3,23,3,12113.74487121403,13250.740064975475,1136.9951937614442
1,10,6,16364.600800067186,13773.599659343938,2591.0011407232487
9,9,15,16402.29275763035,17323.17738526359,920.8846276332406
2,14,16,18060.158995211124,16404.516612886127,1655.642382324997
9,16,4,13885.577944934368,14576.934775780843,691.3568308464746
8,26,4,12727.332021594048,13376.882414480624,649.5503928865764
1,8,2,14046.283554852009,12448.954699924669,1597.3288549273402
9,7,16,16335.2033123672,17706.755296352614,1371.5519839854132
2,17,16,18067.93057513237,16459.377645144697,1608.5529299876725
8,11,2,13524.660031855106,14145.17341132797,620.5133794728645
9,25,9,12626.734353467822,13444.012921374662,817.2785679068402
2,8,4,14888.516533106564,13106.52170503155,1781.994828075014
10,6,16,16632.451275348663,17701.368978060276,1068.917702711613
11,13,21,19050.67822957039,16551.180680342546,2499.4975492278427
6,24,13,13333.134878650308,15735.716143723987,2402.581265073679
2,22,6,15377.91814249754,13522.003709511737,1855.9144329858027
2,26,3,12559.606767997146,13172.000624491558,612.3938564944128
1,10,3,15046.338661313055,12755.203638882811,2291.135022430244
10,2,16,17592.663398563862,18235.67435655798,643.01095799412
10,3,17,17451.082847118378,18548.85238191447,1097.7695347960907
3,29,14,17338.095148026943,15782.74271157182,1555.352436455123
9,18,5,13557.05255112052,14388.561753349697,831.5092022291774
8,29,3,13138.63253365457,13446.523026776704,307.8904931221332
10,25,7,16233.887336999178,13808.217349558596,2425.669987440582
10,2,17,17375.39955186844,19113.44052150102,1738.0409696325805
6,4,22,18770.1254247427,18366.873308877308,403.2521158653908
2,18,6,13394.964051097631,14991.313305245734,1596.3492541481028
2,24,9,16494.631430387497,14211.859212974567,2282.7722174129303
6,29,3,12840.753001645207,13425.440927733012,584.687926087805
3,6,14,17131.625390172005,15731.866135684342,1399.7592544876625
11,5,15,15321.585466086864,17113.505776196416,1791.9203101095518
11,17,20,18814.87496113777,16000.186451940555,2814.6885091972163
8,17,3,13843.997326642277,14487.81692602578,643.8195993835034
11,16,3,12890.11442732811,12723.903185561687,166.21124176642297
10,14,11,15455.204556792974,15577.403443762982,122.19888697000715
3,15,14,16128.359534412622,15569.505302890284,558.8542315223385
9,14,4,13158.551564618943,14019.889701541053,861.3381369221097
6,9,15,15432.508672654629,16808.777091883592,1376.2684192289635
3,17,13,17745.003589630127,15580.089784938498,2164.9138046916287
9,9,2,13549.442554444076,14063.916264749096,514.4737103050193
9,24,3,12032.771570190787,12607.896339360455,575.1247691696681
10,2,14,15583.212935894728,16614.657134249228,1031.4441983545003
5,3,22,19253.16254079342,17327.067994268167,1926.0945465252516
11,9,16,17524.15538364649,15238.07780684285,2286.0775768036383
8,26,2,12042.11325532198,12694.103792992268,651.9905376702882
9,15,3,15198.772357404232,13525.191950792203,1673.580406612029
10,1,17,18229.499876201153,18386.396625149886,156.89674894873315
3,14,18,18594.624695181847,17084.216276704457,1510.4084184773892
9,10,5,14282.73274615407,14870.746520910474,588.013774756404
6,21,12,15523.902452528477,16399.012140413473,875.1096878849967
10,20,19,18673.506846547127,15906.862997223496,2766.643849323631
6,28,7,13554.841649413109,14674.634005060952,1119.7923556478436
11,28,17,18372.485463678837,15887.903279733053,2484.582183945784
10,15,21,14416.61430710554,15351.221050460186,934.6067433546468
10,2,16,15760.557518929245,16609.950706421678,849.3931874924328
11,20,21,18393.79476672411,16068.92538760745,2324.869379116659
9,8,5,13780.895378559828,14421.949589689326,641.0542111294981
8,27,4,12660.007993549109,13188.036083678364,528.0280901292554
10,2,13,15350.03272947669,16317.182457890318,967.1497284136276
4,2,21,18863.391765773296,16967.656575402238,1895.7351903710587
8,28,2,12279.538712903855,13419.262536784929,1139.7238238810733
12,22,15,18096.100194215775,15853.891805832232,2242.208388383542
6,9,13,15319.56731596589,15916.605183885886,597.0378679199948
11,4,15,15484.024199843408,16392.174562263182,908.150362419774
6,3,22,18169.205539524555,16294.86819631579,1874.3373432087647
7,29,3,13503.615249603989,13979.383966297517,475.7687166935284
1,15,3,15333.91582608223,13381.925689181466,1951.990136900764
9,7,16,17634.484751284122,18593.75255829889,959.2678070147667
5,26,5,16544.433929115534,13961.82979924108,2582.604129874453
2,26,3,13172.428653568028,13976.83841336106,804.4097597930322
1,18,3,15290.82846453786,13146.215446607026,2144.6130179308348
4,23,1,12769.613722518086,13701.548559310866,931.9348367927796
8,3,15,18784.282413601875,15835.57944867001,2948.7029649318647
9,22,20,16716.023852020502,16757.758227748378,41.734375727875886
11,26,20,18771.267990529537,15670.909309681696,3100.3586808478412
2,22,3,12281.24128356576,13282.53990477204,1001.2986212062806
11,2,11,14494.624565124512,15675.327722670107,1180.7031575455949
10,13,21,18242.263312101364,16428.094883216425,1814.1684288849392
4,16,11,12586.263287127018,15199.924690782673,2613.661403655655
1,26,4,14946.167712390425,13246.492475289586,1699.6752371008388
7,29,13,13184.057315766811,14264.158667359972,1080.1013515931609
2,17,20,17976.594210624695,15921.084298409736,2055.5099122149586
7,11,10,14594.684374302626,15006.292034913671,411.6076606110455
9,22,17,17716.45831000805,15107.571236496608,2608.8870735114415
6,5,20,13874.58782362938,15090.836719094144,1216.2488954647652
4,8,21,17791.774146914482,15997.09887747127,1794.6752694432125
9,8,18,14247.993168741465,15139.536916083389,891.5437473419242
2,13,21,17952.24025273323,15951.373907034882,2000.8663456983486
7,6,19,13678.10013729334,15143.429724704001,1465.3295874106607
3,6,21,17903.57088726759,16088.974002891484,1814.5968843761057
4,20,17,14588.609008342028,15516.12083109991,927.5118227578823
5,21,13,15906.495076447723,17340.127985820873,1433.6329093731492
2,10,21,17832.74493199587,16189.313856794171,1643.4310752016972
6,27,3,12376.158726483582,13814.917885887213,1438.7591594036312
8,29,3,13355.86172607541,13834.445145245134,478.58341916972313
10,2,12,14720.50932905078,16011.386803075933,1290.8774740251538
9,9,21,18829.675002098083,16788.539587895084,2041.1354142029995
9,7,12,13632.257658392193,14928.995653524888,1296.7379951326948
12,12,6,14849.854255855083,13632.241605257346,1217.6126505977372
8,1,17,17618.488010048866,17870.307962528124,251.81995247925806
4,3,22,19390.95613873005,17269.955151814556,2121.000986915493
6,27,1,12511.124207526444,13543.206952989327,1032.0827454628834
12,21,15,18370.400465667248,15957.903967983848,2412.4964976834
8,7,15,16721.57591792941,17238.067232879537,516.4913149501263
2,17,17,18367.186845600605,16581.927237109412,1785.259608491193
9,23,2,12581.66821233928,13598.870650675031,1017.2024383357511
2,3,2,14246.406043976544,12811.217105519125,1435.1889384574188
9,6,15,15388.960347741842,16459.19653645471,1070.2361887128682
11,11,15,15519.01968574524,15818.335154699424,299.3154689541843
5,3,21,16743.886298894882,15732.835822271203,1011.0504766236791
7,20,14,13882.261387318373,15025.539346010155,1143.2779586917823
2,16,7,16019.847363114355,13653.921214064225,2365.9261490501303
5,24,8,13153.32225508988,14271.567537759525,1118.2452826696444
6,13,20,17944.49984115362,16136.870472450537,1807.6293687030848
2,17,7,13741.313225120306,14321.856670716063,580.5434455957566
3,21,3,13258.836729109287,12772.279625250196,486.5571038590915
11,4,13,14843.191202610731,14790.2419337348,52.94926887593101
12,11,17,15683.448682159184,15030.977007024687,652.4716751344968
5,4,10,15419.929376035929,15059.506361001728,360.42301503420094
3,23,12,14587.67600864172,15650.659778020134,1062.9837693784139
9,9,3,12663.838008582592,13100.602904140735,436.7648955581426
7,29,4,12748.341534405949,13424.378357536241,676.0368231302928
10,2,11,15031.56281682849,15709.674343774172,678.1115269456823
5,2,21,18736.671951532364,16886.201970357975,1850.4699811743885
8,27,2,12388.533788442612,13498.032989203497,1109.4992007608853
12,24,15,18177.78749632835,15950.444047841202,2227.3434484871486
6,15,13,15310.579760611055,16134.437322346947,823.8575617358911
10,10,14,15953.949286699297,16100.907881541509,146.95859484221182
10,23,21,16427.34267178178,15702.478514593804,724.8641571879743
9,12,6,13222.47250188887,14210.692436089606,988.219934200737
8,29,4,12774.363818794489,13371.486906398479,597.1230876039899
2,13,20,18146.5018633008,15797.10281562197,2349.3990476788294
9,2,15,16944.59729552269,17509.270036814945,564.6727412922555
7,6,21,18516.827694237232,16270.92978395786,2245.897910279373
2,24,2,13216.252982348204,13977.890685703942,761.6377033557383
1,16,4,16116.090690881014,13437.238300203786,2678.852390677228
6,24,20,15838.420137435198,16341.160863272506,502.74072583730776
11,9,20,19146.29860061407,16066.532077209027,3079.7665234050437
2,21,4,12647.49144372344,13631.667993286348,984.1765495629079
9,6,16,17693.272344708443,18616.489470789988,923.2171260815448
6,27,4,16436.536922454834,13771.99858971005,2664.5383327447835
5,22,16,13049.92271709442,15169.074293781425,2119.151576687005
4,26,11,16331.397493809462,14536.967573105803,1794.4299207036584
2,23,4,13527.602569371462,13844.268369257315,316.66579988585363
2,12,4,15579.529330044985,13202.436618132486,2377.092711912499
5,11,13,15883.172954708338,16752.636021802096,869.4630670937586
2,16,15,17334.660068690777,16180.487163096514,1154.1729055942633
9,14,2,13093.69291138649,14027.096563644896,933.4036522584065
9,22,4,12166.19298799336,12701.237443137488,535.0444551441287
11,23,3,14792.732528269293,13074.046944567252,1718.6855837020412
8,19,14,15762.355850219728,16302.905051371854,540.5492011521255
11,14,21,17962.801399230957,15907.697186340318,2055.1042128906392
6,18,20,15623.953649401665,16603.988232956268,980.0345835546032
2,9,11,18218.901819825172,15537.41781302276,2681.484006802413
8,16,2,13332.019380107522,14017.636090842043,685.6167107345209
9,22,4,12122.654710769652,12870.909304680908,748.254593911257
10,1,13,15317.948612749577,16454.327599985183,1136.3789872356065
5,2,22,19031.233285486695,17188.414240266604,1842.8190452200906
3,18,10,12932.537821173668,14795.252092959885,1862.714271786217
2,12,21,18603.364134132866,16310.61332761239,2292.7508065204765
7,27,3,14083.139708727598,14635.391867383394,552.2521586557959
8,18,12,15138.909456193447,16580.334206852363,1441.4247506589163
9,12,19,17491.272783219814,15239.044695613957,2252.2280876058576
12,10,18,18429.43248450756,16333.421029868803,2096.0114546387576
7,10,13,17594.067614376545,17807.113202672015,213.04558829547022
2,24,17,18184.67405939102,16383.42701730099,1801.2470420900318
9,23,4,14123.923073649406,14732.192731281286,608.2696576318795
8,25,5,12966.349115148189,13702.156757575964,735.8076424277751
10,2,15,15279.192010253668,16551.190239887073,1271.9982296334056
4,2,21,18802.4806240201,16901.997353571463,1900.4832704486362
3,18,12,13143.306964680552,15111.150440560004,1967.843475879452
1,25,5,15071.647354722025,13400.384333805654,1671.2630209163708
4,25,2,12427.299003243446,13648.356818141026,1221.05781489758
11,9,18,18571.315696954727,16312.737059966375,2258.5786369883517
4,21,3,12338.235467016695,13259.217593495508,920.9821264788134
1,10,2,14454.39771914482,12930.381137883935,1524.0165812608848
7,10,15,16284.022844851015,17269.819078577733,985.7962337267181
7,13,19,18634.08545613289,16576.95578239796,2057.1296737349294
3,24,2,13122.804962694643,13985.327093203068,862.5221305084251
11,17,8,16160.06347939372,14796.99021623591,1363.0732631578103
11,24,21,16599.610916227102,15678.926273942867,920.6846422842355
8,25,2,12440.581638097765,13542.173689870851,1101.5920517730865
10,2,12,14530.550179958344,15933.486098239118,1402.9359182807748
11,15,21,18283.83613830805,16463.315647406293,1820.5204909017557
5,27,2,12389.57300657034,13610.598743500652,1221.0257369303126
11,4,10,14940.059127539396,15255.429124041666,315.3699965022697
11,21,21,17948.34338980913,16160.664907836313,1787.6784819728182
12,10,18,18148.72055709362,15934.643618986656,2214.076938106964
9,19,19,13565.327335715294,15036.368221770836,1471.0408860555417
2,13,13,17100.53496938944,15920.683300372606,1179.8516690168326
8,20,15,16760.715973049402,17951.139318298032,1190.4233452486296
11,26,20,18900.673203468323,15835.055603437564,3065.6176000307587
10,2,19,15135.738897651434,16333.938238964542,1198.1993413131077
11,19,7,13377.28052842617,12945.64544114682,431.63508727935005
8,1,15,16153.850316554308,17090.98210106545,937.1317845111407
9,16,22,19691.05969595909,17151.208304987216,2539.851390971875
7,20,3,13002.210752859712,13736.247647433529,734.0368945738173
12,19,9,16012.423146158457,14378.996815085391,1633.4263310730657
11,16,18,16331.644379884005,16007.803362704908,323.8410171790965
2,5,14,16841.35749527812,15984.766469946493,856.591025331627
10,5,16,14032.719584703444,15312.612168712807,1279.8925840093634
3,3,3,13666.60476076603,12693.790098821195,972.8146619448344
4,10,11,14615.196423977612,15476.741839231103,861.5454152534912
10,4,15,15191.878822475672,16867.560440411995,1675.6816179363232
11,19,21,18653.339289069176,16183.09942730044,2470.239861768736
8,19,2,13209.439828932283,14146.552488535119,937.1126596028353
10,17,3,12492.462162971497,12662.335019383276,169.87285641177914
9,1,15,15763.873256325722,17020.014604440963,1256.1413481152413
7,6,22,19623.74345999956,17324.230046781333,2299.5134132182284
8,26,2,12352.829222768543,13434.43623093637,1081.6070081678263
10,2,15,14948.62221929431,16509.654628107794,1561.032408813484
4,29,4,12666.95402252674,13657.254253635336,990.3002311085966
2,15,2,13685.613758176563,13152.883460070556,532.7302981060075
8,28,12,15949.931031286716,16419.853363693193,469.9223324064769
11,20,20,17971.175840497017,15611.177904693328,2359.997935803689
3,19,14,12739.249606117604,14628.768954122075,1889.5193480044709
6,28,7,16021.0243781209,14253.54982107549,1767.4745570454088
4,28,3,12836.364622175694,13509.614119407044,673.2494972313507
6,27,4,16292.791401594875,13873.24036350552,2419.5510380893556
8,17,15,15626.303988426924,16733.815024884447,1107.511036457523
5,23,14,16346.476819515228,15601.473945160595,745.0028743546336
10,14,19,15662.160704821348,16766.762025162963,1104.601320341615
6,20,19,15880.499859303236,15196.144576701205,684.3552826020314
9,10,15,15860.598052948711,17085.134774910304,1224.5367219615928
5,7,20,17545.273575544357,15797.49721510561,1747.7763604387474
8,14,9,13209.766481354833,14421.398090887682,1211.6316095328493
9,2,15,14464.292437285185,16525.093290034518,2060.800852749333
10,15,21,18738.71757900715,16470.06930861315,2268.6482703939982
6,27,2,11989.422148510814,13263.357511978245,1273.9353634674317
12,25,13,17679.368803679943,15624.055693875285,2055.313109804658
9,2,16,17504.210925877094,18465.403125759716,961.1921998826219
2,17,19,18233.7125236392,17305.014926174525,928.6975974646739
9,23,5,14188.664230436088,15046.845063469298,858.1808330332096
8,28,3,12701.095454856752,13445.569287516735,744.4738326599836
10,3,14,15150.95725056529,16244.225613209086,1093.2683626437956
9,6,16,17661.57988280058,18599.057253926636,937.4773711260568
2,11,21,18560.620034456253,16377.723957352497,2182.8960771037564
9,21,6,13824.408023923635,14419.640191591148,595.2321676675128
12,16,10,16099.549733996391,14679.352399918942,1420.1973340774493
9,1,17,17856.73553264141,18099.774333961097,243.03880131968617
2,18,18,18633.159428298473,16944.078719251127,1689.0807090473463
9,11,6,14006.366341739891,14859.119392740891,852.7530510010001
8,27,3,12516.81058438122,13128.69484378745,611.8842594062298
10,3,13,15324.225752711296,16158.137766948734,833.9120142374377
4,2,21,18540.64276790619,16828.48853846952,1712.15422943667
7,28,1,12164.608733996747,13303.144961889715,1138.5362278929679
10,2,13,14782.243971198795,16009.161914833046,1226.917943634251
3,17,15,17252.26245647669,16145.316138891192,1106.9463175854962
9,18,5,13294.718872308733,14342.402646845661,1047.6837745369285
8,27,4,13111.376229003072,13552.682830071979,441.3066010689072
3,15,3,15078.701242566109,13456.530493323418,1622.1707492426904
6,13,14,16225.367306768894,17057.678216834956,832.3109100660622
3,13,15,18100.736895143986,16048.091572154923,2052.645322989063
9,11,17,14370.437998861074,15434.138672129238,1063.7006732681639
2,10,21,18300.537448108196,15875.541207220067,2424.9962408881293
1,15,10,14589.573176383972,15009.95507456366,420.3818981796885
2,19,4,16438.267995744944,13600.366047097781,2837.9019486471625
9,8,21,17493.147805035114,17265.91824046716,227.2295645679551
2,13,14,17630.762595117092,16154.318335955026,1476.4442591620664
3,20,3,13236.592580869794,12757.858405680174,478.73417518962015
9,6,14,16431.382252901793,17309.116434324227,877.7341814224346
4,27,11,17291.798677623272,15213.979637518083,2077.819040105189
8,28,1,13783.486452013254,14295.115099755167,511.6286477419126
12,9,10,16258.768285930157,14615.917568716975,1642.8507172131813
9,2,18,17645.185335099697,17948.49539571291,303.31006061321386
5,3,22,19237.520954608917,17129.611328217445,2107.9096263914726
2,14,6,12862.66865196824,14529.66942409683,1667.0007721285892
2,28,7,16027.386000692844,13834.315236401466,2193.0707642913785
2,24,4,13518.029377281666,13422.556042588712,95.47333469295336
2,8,4,15275.008070498703,12948.050161762305,2326.957908736398
7,6,15,16982.78507578373,17754.487702844075,771.7026270603455
2,13,16,17403.269790828228,16293.137478033024,1110.1323127952037
10,21,6,12342.58078496158,13961.230209366184,1618.6494244046044
7,22,7,13995.960626840591,14195.222916227447,199.26228938685563
2,11,5,15424.190416425468,13467.237277612627,1956.9531388128416
9,8,15,16596.525250405073,17451.198575889328,854.6733254842547
10,18,19,18730.424339473248,16205.271648342346,2525.152691130901
8,25,2,12156.154321327806,13400.224699185992,1244.0703778581865
4,6,5,15315.798817396164,13327.354157607755,1988.444659788409
10,2,16,16650.2926902771,17469.179165820693,818.8864755435934
9,15,19,18297.37058055401,16438.461852442033,1858.9087281119755
8,26,3,12637.682438522575,13890.182805602817,1252.5003670802416
12,19,13,17548.145164072514,15476.941723329199,2071.203440743315
4,28,3,12549.771720826626,13204.224271947747,654.4525511211214
2,11,3,13379.408793017268,13163.519647412935,215.88914560433295
7,16,14,15988.685583233831,16819.24704921123,830.5614659773983
11,25,20,18201.489379704,15539.45215274281,2662.037226961189
3,21,14,12758.810201153156,14673.682359093522,1914.8721579403664
2,22,21,18179.287677824497,16142.101988869126,2037.185688955371
6,27,4,13929.779984802008,14027.45686324,97.67687843799285
5,8,20,18898.15184867382,15786.297081396322,3111.8547672774985
8,20,12,15170.02079257369,15903.135654921476,733.1148623477857
10,7,16,15271.329385966064,17987.12844027028,2715.799054304216
9,8,22,19025.02422374487,17041.481318425696,1983.5429053191729
5,21,14,13614.807488173246,15476.32712999593,1861.5196418226842
2,16,7,15761.934667497871,13678.979642067761,2082.9550254301103
4,28,1,12343.00832438469,13522.179183921346,1179.1708595366563
10,18,18,17990.39768487215,15936.305159268742,2054.092525603408
4,11,18,13547.57655504346,14963.077120915004,1415.5005658715436
2,7,22,17896.736818253994,16053.74881590396,1842.9880023500336
3,21,4,14310.635383784773,14266.492566526927,44.14281725784531
11,24,19,19056.561664164063,15585.1045908307,3471.457073333362
10,3,16,16044.355522274973,18282.580473388087,2238.224951113114
11,15,21,18273.630146861076,16336.576067359421,1937.054079501655
5,28,3,12320.416403070092,13600.440777882988,1280.024374812896
11,3,14,14735.203971803188,16138.028240289867,1402.8242684866782
11,15,21,18166.218300044537,16393.546272539337,1772.6720275051994
10,3,17,17425.138483583927,18533.583042501046,1108.4445589171191
4,28,15,17547.29459643364,15949.345378149645,1597.949218283995
9,16,6,13595.606149286032,14504.18283972028,908.576690434249
8,29,12,14070.618647694588,14711.23184067001,640.6131929754229
11,12,12,16034.676931977272,15672.337568665065,362.33936331220684
4,4,21,17248.98239862919,15878.841074544522,1370.1413240846668
8,25,3,12798.133780390024,13730.146654625072,932.012874235048
12,21,13,17268.208344101906,15474.7636717626,1793.4446723393066
10,5,21,16096.211440563202,16180.672813221434,84.461372658232
11,2,17,15869.039342105389,16757.315945141007,888.2766030356179
9,6,21,18495.459335386753,16364.169556595749,2131.289778791004
6,17,14,13592.678375720978,15162.024715838066,1569.3463401170884
8,23,21,19083.7486602664,16441.91752653473,2641.83113373167
8,23,4,13770.911256492138,14611.8833733426,840.972116850462
8,20,13,15747.36264756322,16729.309262095467,981.9466145322458
11,23,20,18203.312727689743,15616.627905251602,2586.684822438141
3,24,2,11976.402804121377,13140.767066605764,1164.364262484387
11,3,11,14570.119209885595,15576.907990491818,1006.7887806062226
3,23,14,17016.897185266018,15945.351957097942,1071.5452281680755
9,19,6,13204.544348746538,14450.900757488223,1246.3564087416853
9,13,20,16572.809013187885,16913.528208254447,340.71919506656195
10,27,19,17746.866308152676,15390.021747037348,2356.8445611153275
3,21,15,12737.17157997191,14581.793924540185,1844.6223445682754
6,26,6,15745.354750186203,14104.017636031329,1641.3371141548741
12,10,18,18244.582072675228,16023.273483362664,2221.3085893125644
9,6,15,17439.011676490307,17722.953241296116,283.9415648058093
2,14,17,18432.386094987392,16712.33580391272,1720.0502910746727
9,14,4,13879.274147838354,14599.776820636866,720.5026727985114
8,27,3,12424.180528640749,13139.863307176933,715.6827785361838
2,7,3,14481.275902599096,12454.681981311434,2026.593921287662
5,12,13,15083.503627836704,16112.424170562135,1028.920542725431
3,6,13,15068.6966150105,15694.669700578868,625.9730855683683
11,25,3,12754.684702038763,13106.866470373314,352.1817683345507
9,10,20,16826.886772453785,16913.984266399377,87.09749394559185
11,22,20,18609.096648335457,15592.146778757082,3016.949869578375
3,23,2,12037.97073665261,13068.928860172166,1030.9581235195546
11,4,13,15282.350675612688,15879.903903221579,597.5532276088907
3,22,15,17142.344839036465,16106.769332843374,1035.5755061930904
7,28,2,13593.97145178914,14253.176846033228,659.2053942440871
5,6,1,12801.325254529716,12645.864844955377,155.4604095743398
8,10,16,17137.04704117775,17735.980191660357,598.9331504826077
4,26,12,17403.859528660774,15252.59518764712,2151.2643410136534
6,26,12,14194.183897674084,15767.10036003131,1572.916462357227
2,27,3,14649.155152410269,13034.65118323284,1614.503969177429
3,27,7,12433.48427861929,13490.156447727577,1056.6721691082876
2,14,21,18595.602396845818,16135.920681649106,2459.6817151967116
7,7,12,14708.65018516779,15021.148784207913,312.49859904012374
12,15,19,18845.822663724422,15762.97122399628,3082.8514397281433
12,11,18,18443.7198882699,16290.177091441865,2153.5427968280364
7,24,3,12409.93290552497,12911.353434367633,501.42052884266377
7,1,12,14401.795401096344,16444.41182293386,2042.616421837516
3,26,14,18143.17669337988,16317.770566863863,1825.4061265160162
9,8,5,13478.693699806929,14393.0809900222,914.3872902152707
8,23,4,12328.464602023363,13085.480073758838,757.0154717354744
10,3,15,15482.604809969664,16532.00908684396,1049.4042768742947
2,9,16,17345.622302532196,16450.3132875218,895.3090150103963
8,28,22,14673.746563851832,16038.713522711763,1364.9669588599318
7,7,4,12906.564544901252,13243.402068839529,336.8375239382767
5,18,11,15373.620192229748,16388.489338467087,1014.869146237339
11,20,20,18574.204510092735,15675.95931747285,2898.2451926198846
6,26,2,11970.315544977782,13053.621192401335,1083.3056474235527
2,10,3,14983.894529283049,13441.142980723,1542.7515485600488
6,8,15,16263.306970626116,16963.156715037323,699.8497444112072
2,22,15,16925.726505100727,16004.113118374959,921.6133867257686
5,29,2,13490.291603773832,14423.212916610428,932.9213128365955
4,12,20,17724.909851908684,16059.795953411849,1665.1138984968347
6,29,3,12284.532619431617,13752.40072064918,1467.868101217564
8,29,6,14714.584063261747,14657.300688438841,57.2833748229059
10,2,14,14515.629566729069,16278.939902381624,1763.3103356525553
8,5,21,18802.25096255541,16675.632201887547,2126.6187606678614
7,27,2,12215.836364135146,13390.074344144445,1174.2379800092986
4,3,21,17586.50847131014,15756.617448435738,1829.8910228744007
3,15,3,13566.261155635118,12740.17354137553,826.087614259588
10,13,4,12610.3451371938,13013.922618134296,403.57748094049566
2,2,3,13541.313768923284,12797.133102957967,744.1806659653175
10,1,16,17145.481358468533,17729.95378553265,584.4724270641163
9,7,22,19551.064628839493,17431.346710702754,2119.717918136739
6,27,2,12378.167033970354,13662.956659572988,1284.7896256026343
4,12,3,15346.928608715534,13346.597600760779,2000.3310079547555
9,8,17,16686.970036298037,17413.223731148748,726.2536948507113
4,27,16,17095.9556838274,16079.726947225921,1016.2287366014789
9,12,3,13069.245243415236,14119.75046010878,1050.5052166935438
7,18,13,15675.235414028168,16674.20930606189,998.9738920337222
10,27,20,17741.29537719488,15396.004932968353,2345.290444226528
2,25,3,12215.61552003026,13391.272086977084,1175.6565669468237
1,9,7,16366.207610100508,13799.749299701709,2566.458310398799
10,6,21,17356.26465076208,17463.266482179184,107.00183141710295
11,12,20,18755.36393409967,15870.41699732854,2884.94693677113
8,10,17,13725.257838189602,15241.30897658147,1516.0511383918674
11,27,19,18704.33725774288,15629.598807520255,3074.738450222627
6,13,14,15862.84545442462,15531.33479852301,331.5106559016094
11,27,16,18222.709278821945,15495.528034031158,2727.181244790787
5,24,4,12366.65566316247,13365.2889676956,998.6333045331303
1,12,2,14804.0663215518,13240.73967533858,1563.3266462132196
10,3,17,17649.327443659306,18431.061228269173,781.7337846098671
11,13,22,19839.44888961315,17386.361969945843,2453.0869196673084
12,11,18,18381.679304242138,16179.793588071072,2201.8857161710657
7,24,3,12289.116006091235,12859.867248283586,570.7512421923511
2,4,3,14753.019549816849,12580.665422355101,2172.3541274617473
10,4,21,16126.249519705772,16533.531191265934,407.28167156016207
11,2,16,15853.524479836226,16692.95854793554,839.4340680993155
11,10,20,18393.19108515978,16021.596905635479,2371.5941795242998
8,28,3,12653.114868730308,13708.552007803411,1055.437139073103
1,8,4,15448.261808693407,13298.262139226848,2149.9996694665588
10,6,21,16223.88475999236,16450.703149665664,226.8183896733044
11,11,20,17557.00025397539,15704.089014722247,1852.9112392531442
6,28,19,15573.743091464044,16638.51918582733,1064.7760943632838
9,26,6,16656.89299672842,13824.145417076534,2832.7475796518866
2,23,5,12781.469175413253,13647.346003048415,865.876827635162
2,11,6,15770.447725862265,13448.770524917772,2321.677200944492
10,3,21,16786.44092786312,17071.85847728421,285.41754942109037
3,12,12,15398.628275185823,15525.153469919162,126.52519473333814
9,21,4,12487.45267227292,13488.0120801813,1000.5594079083785
7,9,17,16354.58550965786,16802.805137788127,448.21962813026767
11,24,20,18455.56303787231,15575.036938446427,2880.5260994258842
3,23,3,12048.699412986636,13248.050403784084,1199.3509907974476
2,8,20,18879.1949352026,15943.862780981659,2935.3321542209396
10,2,16,16686.885143578053,17348.91321495839,662.0280713803368
11,12,20,18499.32092887163,16141.684228843742,2357.6367000278897
5,25,11,13352.800461784003,15480.58875501312,2127.788293229116
4,27,3,12819.261814922094,12953.724826670707,134.4630117486122
11,4,17,15683.529883891344,17749.204804700188,2065.674920808844
11,19,18,18078.992055535316,15778.205485787828,2300.786569747488
9,11,11,13532.785126388071,14884.976504418155,1352.1913780300838
12,12,9,15691.3900475204,14341.137871475103,1350.2521760452964
9,1,17,17670.016660749912,17879.399804149423,209.38314339951103
5,3,22,19300.51299327612,17297.847277997662,2002.6657152784574
2,18,7,12728.570758119226,14663.27036699692,1934.6996088776941
1,28,4,14932.859650731089,13316.596941760987,1616.2627089701018
2,26,4,12564.86663070321,13263.2210172792,698.3543865759893
12,9,11,15512.455468952656,15557.523333562194,45.06786460953845
11,20,20,17906.823877871037,15928.30505318664,1978.5188246843973
8,25,2,12355.310591861606,13556.736282706055,1201.4256908444495
2,9,3,14858.852884173391,13297.384311235608,1561.4685729377834
10,4,21,16258.010403096676,16637.173236697436,379.16283360075977
6,12,13,17275.906104266644,15438.109714615055,1837.7963896515885
6,19,20,15085.908921569586,16529.561923847144,1443.6530022775587
11,20,20,19149.69020831585,15809.653433436573,3340.036774879276
2,14,19,12973.742573872209,15069.828399665208,2096.0858257929995
8,26,6,15896.519156575205,13898.475629405768,1998.0435271694369
2,23,3,12791.884527891874,13331.341547740774,539.4570198489
1,12,4,15269.090596795082,13029.100955481685,2239.9896413133974
9,3,16,17760.887960791588,18373.659713333687,612.7717525420994
3,14,17,18695.16228222847,16752.593451017365,1942.5688312111051
8,19,21,16132.276492714882,17329.053904233922,1196.7774115190405
6,28,8,15405.070689380167,13910.909645425889,1494.1610439542783
10,10,17,14273.512248456478,15765.575791571233,1492.0635431147548
5,10,12,14686.669122338297,15592.421461678376,905.7523393400788
11,22,21,18424.28232616186,15781.786378983697,2642.495947178164
4,24,2,11957.885118201377,13270.947656250275,1313.0625380488982
6,25,4,16318.20713365078,13788.068554140384,2530.138579510396
11,14,21,17219.150194585323,17062.148908681054,157.00128590426903
11,3,16,15340.952489316463,16558.32599871486,1217.373509398396
9,7,21,17984.728327572346,16134.232945860134,1850.4953817122114
7,28,2,12643.606063872576,13541.288395244173,897.6823313715977
1,12,3,15100.838967323303,13237.479462038555,1863.3595052847486
9,12,21,16057.782515764236,16686.208843721506,628.4263279572697
4,6,12,14338.79351979494,15359.241812675564,1020.4482928806246
10,22,21,16100.908427625896,16083.043756482068,17.864671143828673
4,19,3,12812.696572855117,13201.672513949323,388.97594109420606
6,28,2,12440.300097748635,13291.82141698066,851.5213192320243
11,2,11,14531.0915248394,15771.08459844831,1239.99307360891
4,23,14,17460.378394901752,15993.973021969934,1466.4053729318184
9,13,2,13298.71703234315,14084.932632221133,786.2155998779835
10,21,3,12091.953074038029,12444.492400550518,352.5393265124894
5,3,3,14168.125523626804,12795.357878323297,1372.7676453035074
10,1,17,17402.60459280014,18139.676735777688,737.0721429775476
3,17,17,18251.854959130287,16893.95413965677,1357.900819473518
4,13,3,13955.393799871206,12833.284837427014,1122.108962444192
9,7,19,14166.879610180857,15100.490854881387,933.6112447005307
11,22,20,18130.919332921505,15909.610145648583,2221.309187272922
9,16,15,17018.44575971365,18662.808020685086,1644.3622609714366
11,27,20,18371.467571258545,16142.507908661526,2228.959662597019
9,22,5,13110.30543242395,14178.68890864017,1068.3834762162205
8,19,21,16584.31587278843,17189.87576947369,605.5598966852594
2,12,12,18143.16931140423,15715.734067608682,2427.435243795546
9,17,2,13283.480224490166,14104.060813677132,820.5805891869659
10,14,17,13470.548509895802,14490.35080814148,1019.8022982456787
3,19,16,17239.35138106346,15382.628588434804,1856.7227926286578
11,28,20,17643.284886479378,17318.653089466912,324.63179701246554
4,19,12,16933.820431292057,15409.631572347615,1524.1888589444425
9,19,3,14178.860556662084,14642.081702699455,463.221146037371
9,13,8,12634.450363516808,13340.02349756928,705.5731340524726
11,9,5,15131.6738897264,13476.60456397456,1655.0693257518396
6,17,11,15054.678243249657,15538.004719747372,483.3264764977157
11,4,16,15183.100833207369,17147.05287834119,1963.9520451338212
11,11,21,18284.324168920517,16107.996006449534,2176.3281624709834
7,29,6,14009.079627901316,14838.692744402751,829.6131165014358
11,19,9,16391.472421765327,15121.089565763908,1270.382856001419
11,25,20,16804.37502759695,15702.701681911734,1101.6733456852162
9,11,3,12643.988286167383,13861.773765676126,1217.7854795087424
9,23,3,12545.093803867698,12999.621359487592,454.527555619894
4,13,3,13920.537751287222,12816.206709041333,1104.331042245889
8,9,15,13401.883833050728,14398.526909046026,996.6430759952982
10,2,16,15603.5014757514,16912.02837591918,1308.5269001677807
5,4,21,19427.37470549345,16882.195662977974,2545.179042515476
9,26,4,12931.110229104755,13881.263518158245,950.1532890534891
6,17,3,14673.507879972458,13045.366715289643,1628.1411646828146
10,2,18,17499.338001728058,18311.92650276006,812.5885010320017
10,12,22,19095.775539040565,17303.96205137516,1791.813487665404
3,22,7,12834.621040537952,14999.12060558106,2164.4995650431083
2,27,6,15596.229819625616,13710.691266639602,1885.538552986014
2,25,4,13308.38003847003,13376.096656557924,67.71661808789395
2,8,4,15412.545759946108,13190.779086531002,2221.766673415106
5,12,14,15809.146912992,16839.520197256963,1030.3732842649624
3,7,14,17909.756162643433,16019.247058333069,1890.509104310364
7,26,1,12234.925127893686,13267.160483435187,1032.2353555415011
2,9,4,15748.549095094204,13088.422542866765,2660.126552227439
10,4,21,16443.922999203205,16684.690101672426,240.76710246922084
12,8,20,18145.62012732029,15787.183926627005,2358.4362006932843
6,24,9,13344.842281922698,14605.971478791955,1261.1291968692567
11,5,13,16209.510002851486,15828.963539218035,380.5464636334509
5,5,21,17391.386450469494,16197.03171116937,1194.3547393001245
11,3,19,14969.887230485678,16231.584196412628,1261.6969659269507
10,4,16,15833.452888041737,17146.414199686955,1312.9613116452183
5,22,16,18263.259291291237,16231.410454611176,2031.8488366800611
12,10,17,18081.141030669212,15756.793167422948,2324.3478632462648
8,25,2,12150.357214838266,12710.494867278092,560.1376524398256
11,15,20,18475.53538310528,15767.174937524755,2708.360445580527
11,12,20,16747.829504221678,15964.168742975298,783.6607612463795
4,28,13,15474.624074071646,16370.539258504336,895.9151844326898
2,6,13,16620.179971158504,15883.542263297586,736.6377078609185
9,21,4,12405.326552718878,13312.418921135213,907.0923684163354
7,29,2,12701.310352370145,13360.920800862696,659.6104484925509
1,11,2,14541.768732398748,12512.715270517157,2029.053461881591
6,15,14,15862.967257022858,17232.786423172995,1369.8191661501369
3,3,15,16439.928120046854,16114.70837861412,325.21974143273474
11,27,21,15152.63541969657,15532.049683523404,379.41426382683494
8,14,15,13793.253215909004,15143.39855049824,1350.145334589235
2,6,3,13453.49409559369,12940.527114174578,512.9669814191129
10,2,17,16504.71561923623,17719.00810247419,1214.2924832379576
3,14,16,18282.9133913517,16749.850319757075,1533.0630715946245
6,30,1,13453.36778178811,14331.632363503875,878.2645817157645
2,14,2,13849.203670024872,13080.264363933078,768.9393060917937
3,28,4,13080.540486380458,13585.801165443261,505.2606790628033
6,5,13,16151.205108612776,15457.011870144655,694.1932384681204
3,14,12,16314.230709433556,15392.89053522622,921.3401742073347
8,24,1,12534.076820373535,13309.023513453378,774.9466930798426
9,2,14,14754.463546276093,16216.08534027686,1461.6217940007682
11,16,21,18512.344374358658,16609.017712092784,1903.326662265874
4,26,3,12997.709388151765,12928.227796532929,69.48159161883632
11,4,17,15625.110979139805,17719.832658798874,2094.721679659069
11,17,20,17965.543393075466,15908.775373950455,2056.768019125011
5,27,2,12011.252290949224,13280.98030704938,1269.7280161001563
2,10,3,15189.735588878391,13505.41737275322,1684.3182161251716
6,16,13,15671.091254919767,16459.175604978547,788.0843500587798
3,8,15,17723.330109119415,16097.151931443208,1626.1781776762073
4,24,3,13332.231201797724,14000.910580929527,668.6793791318032
2,17,5,16335.96898728609,13478.797855579649,2857.171131706442
9,6,20,14187.49828839302,15203.107508079986,1015.6092196869649
2,7,10,17699.609360694885,15414.65371986455,2284.955640830336
10,5,18,15122.775328189136,15514.92504364343,392.149715454294
2,10,20,18357.922466158867,15673.949178220793,2683.9732879380736
8,29,12,16454.030564308167,16608.73650140896,154.70593710079265
10,18,17,17574.089527606964,15185.166326225863,2388.9232013811015
7,26,2,11767.037261262534,12980.225208612168,1213.1879473496338
6,19,4,15426.613344877958,13705.989453929536,1720.6238909484218
7,8,16,16683.404952168465,17279.898165898805,596.4932137303404
2,14,15,17913.793283104897,16142.671894554665,1771.1213885502311
8,24,2,12965.063421055676,13712.625493720905,747.5620726652287
2,5,20,18227.54693353176,15763.930441285775,2463.6164922459866
11,26,20,16022.453610628843,16011.625390101555,10.828220527288067
8,16,3,12362.725786402822,13235.597260328235,872.8714739254137
9,2,17,16479.452037900686,17828.035732982782,1348.5836950820958
12,10,18,18436.30756449699,16315.676357091143,2120.631207405848
8,8,13,17518.25718510151,17701.348074214242,183.09088911273284
2,23,17,18221.83656525612,16427.894644762917,1793.941920493202
9,20,4,14066.26164162159,14710.593343045402,644.3317014238128
10,16,20,14313.967935681345,15520.138952325107,1206.1710166437624
2,21,6,15696.677592635157,13643.71166175725,2052.9659308779064
1,21,6,12853.186709299684,13775.731048132577,922.5443388328931
4,28,5,16569.812751293182,14074.436338018677,2495.3764132745055
9,23,3,14003.159693539144,14336.967926764753,333.808233225609
2,4,10,17862.167846500874,15331.70645415341,2530.4613923474644
3,21,4,13265.628146708012,13718.141364135585,452.5132174275732
10,1,11,14831.85330823064,15829.986606911065,998.1332986804246
10,11,21,18363.667283654213,16492.214215361175,1871.453068293038
6,27,3,13326.21038043499,14323.722967934053,997.5125874990626
11,27,16,18872.35922574997,16218.10410131108,2654.2551244388887
10,19,19,13544.70332607627,14729.343060605315,1184.639734529046
12,20,21,18472.341448307037,16063.614783912604,2408.726664394433
6,29,12,16174.552247047424,16614.692538462936,440.14029141551146
4,27,9,17646.846279621124,14985.984792241543,2660.8614873795814
6,28,2,14447.701036900282,14618.150600594734,170.44956369445208
2,19,2,13968.152724564075,12979.484245363177,988.6684792008982
9,15,21,14864.169547080994,15729.939459812145,865.7699127311516
11,28,19,18352.95111566782,15870.068744535347,2482.882371132473
4,23,17,15497.386806100609,15989.35988584678,491.9730797461707
5,12,4,14245.071546822786,13026.891842736839,1218.1797040859474
8,16,7,12495.134233102202,13294.471975697666,799.3377425954641
10,2,15,15373.825657218697,16690.08158945974,1316.2559322410434
3,21,15,17362.947799384594,16019.867459398549,1343.0803399860451
9,19,5,13108.022351399064,14029.613064994117,921.5907135950529
8,29,4,13430.090567067266,13721.889214701518,291.7986476342521
11,17,11,16319.877920806408,15454.195617078783,865.6823037276245
11,16,21,17884.985533237457,16143.553504506037,1741.4320287314204
8,9,5,12865.62041695416,13866.7488438249,1001.1284268707404
9,2,14,14479.092888355255,16410.562402955242,1931.4695145999867
10,17,21,18949.64522993565,16652.120517836578,2297.5247120990716
5,24,9,12989.908895492554,15025.821632877824,2035.9127373852698
1,27,4,14431.768682897093,13161.074318154215,1270.694364742878
2,24,4,12459.632056593897,13304.788016600647,845.1559600067503
11,5,11,15120.237569004295,15648.765689000335,528.5281199960391
4,28,13,16394.89847868681,15539.52055174733,855.37792693948
10,20,7,13228.97725276649,14488.636871154074,1259.6596183875845
7,23,5,13421.19221058488,13718.40655474622,297.2143441613389
10,2,14,14993.068684577942,16245.9299628921,1252.861278314158
5,2,21,18818.945710599422,16841.04980544086,1977.8959051585625
7,28,1,11950.688307106497,13159.893749219478,1209.2054421129815
10,2,14,14763.426905155182,16155.545423159767,1392.118518004585
11,18,21,18279.740782260895,16392.185277137374,1887.5555051235206
5,19,11,12820.48373694718,15301.9452752172,2481.4615382700194
3,19,3,13317.883511900902,12735.261263846614,582.6222480542874
11,6,19,14772.91848540306,15179.179701035244,406.26121563218476
2,3,1,13491.129047900438,12904.386437986675,586.7426099137629
10,2,18,18498.206250548363,18682.41029082121,184.20404027284894
11,18,21,19433.1588935256,16970.612112432616,2462.546781092984
5,20,9,12635.843301311135,14927.619125059347,2291.775823748212
1,23,5,14879.63806694746,13396.623652947479,1483.0144139999811
4,27,2,12751.591859295964,13788.553738480336,1036.9618791843714
2,8,10,17602.91122120619,15789.158875649418,1813.7523455567698
5,17,16,14310.181392282248,15576.409067677072,1266.2276753948245
7,27,4,15728.537789434196,13322.995597863663,2405.5421915705338
10,11,19,13831.11085781455,15060.15779361696,1229.0469358024093
11,27,19,17149.294559001923,15657.979640979502,1491.314918022421
7,8,20,13789.98915234208,15174.908646819373,1384.9194944772935
2,11,21,17932.912600040436,15915.35964972631,2017.552950314126
9,8,17,13983.927186310291,15061.142140461963,1077.214954151672
3,6,21,17879.403939425945,16045.78196568844,1833.621973737505
1,14,5,14517.808479875326,14351.415623629902,166.3928562454239
5,25,5,16902.544640898705,13979.967730761511,2922.5769101371934
7,26,13,16020.827525436878,16550.14429956468,529.3167741278012
10,8,18,18034.03664404154,15835.717938090127,2198.318705951411
7,26,1,11766.537337467074,13101.689529811556,1335.1521923444816
1,7,3,14773.337617576122,12529.262129333958,2244.0754882421643
10,4,21,16264.764500707388,16746.934892284014,482.17039157662657
4,13,4,14136.596695512531,13012.734673761872,1123.8620217506596
9,14,7,12557.05342464149,13274.138432836698,717.0850081952085
11,11,14,15456.490250885488,16004.07494482833,547.5846939428411
10,22,18,18196.58938831091,15634.277517676312,2562.3118706345977
7,27,10,14152.672587931156,15239.579616610725,1086.9070286795686
2,21,6,16349.821674704552,13748.891774360161,2600.9299003443903
8,22,21,16192.026613742111,16700.364276003565,508.33766226145417
11,23,20,18188.220688581467,15778.877100650197,2409.343587931269
2,21,8,13429.710600376127,14422.687066754417,992.9764663782898
2,23,11,17568.042869329453,15753.048120989175,1814.9947483402775
7,28,4,12445.88927859068,13765.360901214866,1319.4716226241871
9,5,20,17615.540141105652,17465.722006240612,149.8181348650396
2,16,12,18068.56214416027,15746.929707535826,2321.6324366244444
11,2,17,14449.92793288827,15586.257409463858,1136.329476575589
10,18,20,15915.764787316322,15942.568850717304,26.80406340098125
2,13,10,16942.768206000328,15411.520312963063,1531.2478930372654
9,24,3,12849.522583663464,13628.72490500595,779.2023213424873
2,3,4,14661.17587953806,13103.733429806209,1557.4424497318505
5,4,13,14572.648356765509,15739.17787374507,1166.5295169795609
10,6,16,15481.819039672611,16986.527488579773,1504.7084489071622
11,25,2,14706.861286401749,12909.338398243748,1797.5228881580006
5,29,2,12180.01512223482,13358.129957445226,1178.1148352104065
1,13,4,15327.648528754711,13159.650261543087,2167.998267211624
9,6,21,16760.73647853732,17294.80905392525,534.0725753879306
8,11,7,15396.85044938326,13695.585439944169,1701.265009439092
9,25,2,12008.45882833004,12686.737730822424,678.2789024923841
11,9,20,17910.432843744755,15993.445734122019,1916.9871096227362
8,23,13,15775.723377794027,15917.114729656181,141.3913518621539
9,19,4,12658.108160093429,13044.498910593016,386.39075049958774
7,27,2,12273.5644389987,13180.13483861336,906.5703996146603
2,6,3,14783.054758191109,12444.374596653175,2338.6801615379336
10,5,21,16166.43125361204,16826.23109252927,659.7998389172299
10,11,15,17542.102606892586,15452.805979658426,2089.29662723416
4,26,2,12821.821925088763,13583.277507811774,761.4555827230106
10,2,11,15021.358055710793,15652.801443538445,631.4433878276523
9,9,21,18270.459178209305,16485.515533651494,1784.9436445578103
3,18,7,12795.046474128962,14848.707242212113,2053.660768083151
2,26,6,15807.726292788982,13672.981729560306,2134.7445632286763
10,29,17,13644.242295861244,14876.727342468554,1232.4850466073094
2,9,21,17937.2532017231,16055.2918903199,1881.9613114031981
6,28,2,13496.103269159794,14295.44835816377,799.3450890039767
11,23,20,18344.90312176943,15874.894137318752,2470.0089844506765
2,23,4,12409.787931725385,13351.498887558977,941.7109558335924
5,3,13,17231.686429679394,15676.621631549133,1555.064798130261
11,5,15,14985.246661156416,16720.613206450562,1735.366545294146
6,3,21,17848.530056595802,15971.24616464864,1877.2838919471615
7,28,3,13127.55177809298,13769.273676328421,641.7218982354407
11,26,11,17417.652340054512,14762.846443952747,2654.805896101765
10,4,16,17703.370067179203,18593.157301067156,889.7872338879533
5,12,22,18986.195852041245,17003.61215094365,1982.5837010975956
8,19,4,13502.480886012316,14320.658137718436,818.1772517061199
8,29,3,12807.594192296268,13407.114192924439,599.5200006281702
2,12,2,14557.35208299756,13090.188248197943,1467.1638347996177
10,2,17,18258.859633803368,18645.538766485788,386.67913268242046
2,10,17,18625.067142546177,17069.18063308848,1555.8865094576977
9,13,4,13888.487263560295,14566.101900119027,677.614636558732
8,25,3,12423.488468423486,13100.320219346891,676.8317509234057
11,23,6,15898.380234658718,13635.844201137992,2262.536033520726
6,10,14,15844.528722286224,16662.088277687817,817.5595554015927
2,9,15,18067.157928347588,16149.334764024848,1917.823164322739
7,25,1,12580.982918933034,13448.071701123572,867.088782190538
1,9,2,14819.27114084363,12603.384452687455,2215.8866881561753
9,3,16,17450.82693862915,18333.344767886196,882.5178292570454
10,12,22,19892.888651788235,17361.68918978468,2531.199462003555
4,21,8,12848.749526768925,14932.553329479364,2083.8038027104394
1,26,4,14875.527126729488,13211.295376131797,1664.2317505976916
4,27,1,12450.711964294314,13496.400695970406,1045.6887316760913
2,8,8,17686.777846574783,15587.86603497217,2098.911811602613
7,23,3,12609.056572332978,13412.29955452687,803.2429821938913
2,7,1,14232.792450547218,12945.337651187765,1287.4547993594533
8,7,16,16626.09908530116,17178.03893892287,551.9398536217086
11,8,14,15559.858415484428,15723.673608819965,163.8151933355366
3,14,3,13717.134384095669,12768.098826462661,949.0355576330076
10,6,21,14938.328464359043,15574.02821853017,635.6997541711262
3,24,11,15920.749261319635,15293.427861983668,627.3213993359677
7,19,4,12213.441118091345,13317.094454812528,1103.6533367211832
6,13,15,16336.849492937326,17231.83864230212,894.989149364792
11,25,20,18131.151455044743,15471.319086835907,2659.8323682088358
2,25,3,12489.933631256225,13562.483945904816,1072.5503146485917
1,10,4,15879.653802871704,13486.071966397247,2393.5818364744573
9,7,21,17361.360674619675,17548.963336756988,187.60266213731302
2,22,15,17296.856151163578,16224.562955970301,1072.293195193277
9,26,3,13420.642868563533,14291.361923494103,870.7190549305706
8,17,9,13036.089099779723,14012.584710365307,976.4956105855836
4,6,2,14355.393122375011,13040.561290952573,1314.831831422438
11,6,20,16427.242605000734,16429.283451200252,2.0408461995175458
2,5,12,16905.428532719612,15602.595697100487,1302.832835619125
10,15,10,13675.074757605791,14511.95382104043,836.8790634346387
9,2,15,15383.111772477629,16850.601602967625,1467.4898304899962
5,3,22,19111.955189228054,16987.540518908456,2124.4146703195984
5,27,1,12157.39162246883,13225.651630751636,1068.2600082828067
6,5,13,15563.592464834452,15284.523814582248,279.06865025220395
11,4,13,15552.512939602137,15767.128914824196,214.6159752220592
4,2,21,16721.018988877535,15815.47748946241,905.5414994151251
9,12,15,14608.212254792452,15147.800071370068,539.5878165776157
2,17,21,18490.110683918,15896.070195886665,2594.0404880313345
4,29,4,12634.413658693433,13627.356916213746,992.9432575203136
2,15,2,13566.16436973214,13118.58453914735,447.5798305847893
10,12,20,16975.328460156918,17069.972947514543,94.64448735762562
11,21,19,18158.38930475712,15518.265703361863,2640.123601395255
3,23,3,12228.125918209553,13327.861307453237,1099.735389243684
4,6,14,17181.63007301092,15657.12796716643,1524.5021058444909
3,8,12,15002.21700295806,15577.749979597453,575.5329766393934
10,23,4,12506.384158939123,13370.69990445828,864.3157455191576
8,14,7,12808.178803756831,13604.403525128288,796.2247213714563
11,20,4,14536.19903177023,13144.817171731462,1391.3818600387676
10,2,16,17475.671387791634,17595.620844780085,119.94945698845186
11,14,21,18594.632897377018,16225.658213797997,2368.974683579021
6,28,2,12241.842449188232,13462.05267588707,1220.2102266988368
12,24,14,17954.534406721592,15848.621712813383,2105.912693908209
9,2,16,17391.239631175995,18251.861289262793,860.6216580867986
6,4,22,19289.10127913952,17668.708869160953,1620.3924099785654
2,20,7,13060.095899760723,14898.092199120723,1837.9962993600002
2,27,5,15845.615923255682,13591.60342777773,2254.0124954779512
3,29,9,13052.641539737582,13703.651437328615,651.0098975910332
2,18,21,18605.54345738888,16210.94078478177,2394.6026726071123
7,28,14,16532.30001169443,17169.17165384172,636.8716421472891
11,12,19,17959.885518848896,15491.808039702111,2468.0774791467848
6,26,2,11822.2753547281,12990.375457781287,1168.100103053186
2,5,4,15092.3644592762,13051.042023390442,2041.322435885757
4,25,3,13020.265629917383,12864.46448851057,155.80114140681326
11,3,17,15823.205065399408,17805.442930025998,1982.2378646265897
11,18,20,18260.04157012701,16023.578784482941,2236.4627856440693
5,19,12,13224.96966020763,15422.251487521247,2197.281827313618
2,10,21,18078.5458561182,16124.452113300562,1954.0937428176367
8,6,15,15277.491695195436,15761.136944253112,483.64524905767576
12,15,6,14374.975453227758,13562.366462115853,812.6089911119052
11,3,20,17182.112362086773,15777.687465916086,1404.4248961706871
10,2,17,17663.656678617,18454.858149648717,791.2014710317162
7,2,21,18589.418761909008,16230.74913369599,2358.669628213018
4,16,12,13324.608491718767,15158.225147864503,1833.6166561457358
1,25,4,15137.358421087263,13273.404641219313,1863.9537798679503
7,29,13,12967.177946969869,14244.675032722986,1277.497085753117
3,22,13,16701.611364781857,15604.11540984995,1097.4959549319065
9,26,4,12331.504335552454,13671.6282078747,1340.1238723222468
8,15,9,14172.583416700363,14511.589669613995,339.0062529136321
2,7,2,13932.016723424196,12876.505077052829,1055.5116463713675
10,3,17,17822.595535695553,18270.019341796866,447.42380610131295
9,9,21,19377.054238140583,17034.733902034015,2342.320336106568
6,27,2,12232.486205160618,13428.361673704407,1195.8754685437889
12,23,15,18174.60176372528,16064.770028128336,2109.831735596945
9,2,16,17556.491717875004,18275.483565746646,718.9918478716427
7,5,22,19368.747875094417,17619.223946522197,1749.52392857222
4,27,3,13241.63241969049,14319.177957374699,1077.5455376842092
4,28,3,12694.747570961714,13035.750030481924,341.0024595202103
3,7,2,12782.351936668158,12974.12490044136,191.77296377320272
8,18,12,13320.938009381294,14304.111902085517,983.1738927042225
2,6,21,17836.58519977331,15270.253402888477,2566.331796884835
7,17,13,17127.504607319832,17597.759352330788,470.25474501095596
11,21,20,18160.18558549881,15506.18709213462,2653.99849336419
3,25,2,12107.648589655755,13345.380267102126,1237.7316774463707
11,15,13,16260.414466500282,15524.654625278983,735.7598412212992
3,10,14,16900.73687708378,15785.198547139564,1115.5383299442146
7,24,1,12584.160859450698,13468.445236273392,884.284376822694
10,28,2,15751.35998737812,13156.056455205646,2595.3035321724747
10,6,21,16402.45147010684,16489.325685872584,86.87421576574343
4,26,12,14407.567285835745,15431.183375131744,1023.6160892959997
11,19,5,12983.591564774511,13591.931965243053,608.3404004685417
8,13,3,12306.965418159962,13057.769988997341,750.8045708373793
12,15,21,17545.455664277077,15794.973331761763,1750.4823325153138
10,2,16,16657.202219486237,17590.117438721118,932.9152192348811
4,23,11,17549.013776540756,15195.624779839289,2353.3889967014675
10,16,6,13971.160879641771,14663.82726186917,692.6663822273986
8,28,4,13114.94459401071,13430.59457832436,315.64998431364984
1,12,2,14389.741455078123,12672.95102081832,1716.790434259803
9,9,21,16258.710870563984,16846.278645097795,587.5677745338107
2,3,11,17343.3166654706,15506.248203507108,1837.0684619634922
8,28,21,15146.397240161896,16297.323214969438,1150.925974807542
9,8,15,17552.678517341614,18443.52491069317,890.8463933515559
2,10,21,18343.02809995413,16420.889238240696,1922.1388617134326
8,22,3,13307.934249162674,14331.955273507658,1024.0210243449837
9,28,4,12459.478675544262,13364.641681552412,905.1630060081498
3,4,20,17583.548299074173,15635.040867550118,1948.5074315240545
10,2,15,16435.24384638667,17122.206916862775,686.9630704761039
5,2,21,18094.463036060333,16152.882413561278,1941.5806224990556
5,28,1,12797.788057863712,13632.888953067895,835.100895204183
10,2,10,14300.802592217922,15502.30981955762,1201.5072273396981
11,15,21,18200.16226452589,16386.144414820676,1814.0178497052148
4,16,11,12665.485419481993,15239.1120464104,2573.626626928408
1,25,4,14784.703809529545,13198.297486743462,1586.4063227860825
3,28,11,13058.28198429942,14106.020815435315,1047.7388311358955
4,26,7,16319.768011391165,14275.639172223895,2044.1288391672697
2,22,3,13588.308246135712,13786.942678999738,198.63443286402617
10,2,8,14499.323602735996,15349.273526629855,849.9499238938588
4,23,14,16567.19830158353,15817.639791904112,749.5585096794166
9,20,5,13232.142479881644,14289.31700153726,1057.1745216556155
7,28,20,16704.87255758047,16855.01853435196,150.14597677148777
2,8,21,18610.345842659473,16108.423310506383,2501.9225321530903
1,16,6,13784.762303471563,14285.356813281764,500.5945098102002
2,16,5,16363.550508975984,13697.272042255185,2666.2784667207998
6,16,14,16337.06603088975,16928.833721073952,591.7676901842024
2,11,14,17643.603951871395,15999.602214421899,1644.0017374494964
12,11,18,18436.232104301453,16289.38378058402,2146.8483237174332
8,7,14,17479.49853205681,17730.072364845288,250.5738327884792
2,17,17,18407.779509484768,16418.251460726253,1989.528048758515
9,14,2,13469.566297024488,14344.268072632325,874.7017756078367
10,20,4,12610.704598397017,12697.464597351362,86.75999895434506
12,8,21,18031.895050883293,16024.54271136227,2007.3523395210232
8,27,12,15509.599874705076,15658.824758670355,149.22488396527842
10,8,16,14562.414887964724,17374.381724683928,2811.9668367192044
11,15,21,18873.891395807263,16671.422445740733,2202.46895006653
8,29,15,14867.012427926064,16607.803978716594,1740.791550790531
12,28,20,18491.158104240894,16067.127439916514,2424.0306643243803
2,24,7,13713.15385878086,13739.257571641981,26.103712861120584
11,4,10,14262.033276319504,15492.354730345109,1230.321454025605
3,24,14,16921.96579861641,15927.51481627331,994.4509823430999
9,11,4,13195.055434212089,14187.439897413758,992.3844632016699
6,13,17,16111.918234199286,16883.305206085195,771.3869718859096
10,25,19,17503.67368209362,15189.954753343929,2313.7189287496913
2,24,2,12111.416062951088,13161.824671982518,1050.4086090314304
1,8,4,15376.253096878529,12712.764684050828,2663.488412827701
5,16,13,15958.512577980757,16875.5429637704,917.0303857896433
2,7,15,17841.416292726994,16287.973899701237,1553.4423930257562
10,13,18,14452.063784509895,15660.549948572216,1208.4861640623203
2,19,20,18412.4662438035,15656.955517541397,2755.510726262104
1,14,8,14054.755602240562,14398.012010825087,343.25640858452425
10,4,16,17723.67050021887,18606.82478635609,883.1542861372218
3,8,22,18788.28098374605,16844.564502034733,1943.716481711319
8,23,4,13987.492680549622,14620.007810831385,632.515130281763
9,18,11,12841.057508140802,14035.163989857647,1194.1064817168444
12,11,11,16609.963316857815,14782.264679098578,1827.6986377592366
6,20,11,15228.636960119007,15434.795315315449,206.15835519644133
2,10,13,15963.70989894867,15864.857740645759,98.85215830291054
10,24,4,12649.950871944427,13766.93861499944,1116.9877430550132
9,8,8,12925.324605688453,13615.061355043528,689.7367493550755
7,9,12,14980.22691771388,15567.014147747672,586.7872300337913
11,13,19,17916.51149058342,15488.470893370944,2428.0405972124754
7,25,8,15027.382568061352,15249.615388751441,222.23282069008928
2,15,6,18682.206914961334,15042.20951149433,3639.997403467005
9,7,15,13877.598029255869,15224.27410988201,1346.676080626141
10,2,16,15320.78780260682,16939.093381754763,1618.3055791479437
5,4,22,19156.048550009727,16953.00435476619,2203.044195243536
5,27,1,11952.992098674178,13128.576032239944,1175.5839335657656
10,2,13,14743.025995224714,15998.273474830345,1255.2474796056304
3,19,14,17471.079798936844,16024.113118208074,1446.9666807287704
10,7,5,13366.532987043262,14336.4792603325,969.9462732892389
8,27,4,12428.721263885496,13040.290784003331,611.569520117835
2,9,20,17877.742174685,15800.201668135529,2077.5405065494724
11,13,21,16491.51213556528,16444.18613329601,47.32600226927025
10,3,17,16457.614513486624,17848.940548813265,1391.3260353266414
4,13,3,14033.652584403751,12821.677523399592,1211.9750610041592
7,15,12,17120.81653738022,17092.83863033384,27.977907046377368
3,4,21,17822.688220500946,15864.751258865637,1957.9369616353088
2,23,2,12778.418163865805,13547.43128567747,769.0131218116658
11,3,8,14375.382692217829,15113.349489348859,737.96679713103
11,15,20,18276.45990419388,16246.973469812121,2029.4864343817608
5,26,3,12985.49775493145,14073.582896516498,1088.0851415850484
11,5,10,15283.29802915454,15149.979505467476,133.31852368706313
7,8,21,17792.13340306282,16159.417475087941,1632.7159279748794
6,26,2,12614.587927699087,13621.118994847739,1006.5310671486513
9,10,18,18143.2119628191,15562.222978818249,2580.988984000851
6,16,13,15893.392889887094,15504.97443388623,388.41845600086526
8,17,9,13033.687086924909,14065.672275949022,1031.9851890241134
11,27,3,15370.144512027502,13263.061153212078,2107.0833588154237
8,20,3,13453.622049838305,14059.18052593603,605.5584760977254
3,14,10,16184.584351956844,15174.721675861045,1009.8626760957995
7,29,2,13014.915953174232,13723.5264295949,708.6104764206684
3,4,2,13607.902470171452,12983.049991682683,624.8524784887686
10,16,20,14281.00167286396,15568.329739832234,1287.3280669682736
11,12,15,15709.87246400118,15962.52205031381,252.64958631262925
5,3,20,17255.166853785515,15765.751303890438,1489.4155498950768
5,22,13,14220.302557855844,15345.25675060385,1124.9541927480059
1,22,4,15357.171099931002,13260.595213368028,2096.575886562974
1,21,3,12784.60528473556,13217.455374949397,432.85009021383667
10,3,17,17418.069011569023,18529.731315398592,1111.6623038295693
2,12,21,18821.454762101173,16515.02785209497,2306.4269100062047
3,23,2,13257.65581806004,13937.631565490241,679.9757474302005
11,3,8,14581.634271681309,15190.618393683255,608.9841220019462
11,17,21,18094.902673721313,16216.978755178312,1877.9239185430015
7,26,2,12509.810215860603,13588.03522762829,1078.2250117676867
2,8,8,16162.40848699212,13729.88521141993,2432.52327557219
9,9,15,15255.32157176733,16689.87314710562,1434.5515753382897
11,18,20,17844.943236649036,15646.539173827296,2198.404062821741
8,8,17,13715.063329815865,15376.755024591148,1661.6916947752834
3,28,11,17844.50770008564,15230.536808665112,2613.9708914205276
8,23,12,16767.18094328046,16041.745560386746,725.4353828937128
2,23,2,13848.3875516057,12898.586031681743,949.8015199239562
3,28,5,12992.494227409365,13707.472781137783,714.9785537284188
11,21,10,15945.733147799969,15224.22802407444,721.5051237255284
11,14,20,17847.83287000656,15976.670207036927,1871.1626629696348
8,22,2,12446.825149059296,13529.806946174669,1082.9817971153734
12,25,14,17995.33294570446,15835.958045219606,2159.374900484854
9,3,17,17371.064691722393,18513.126728515836,1142.0620367934425
6,5,22,19541.04318678379,17691.049130055377,1849.9940567284139
5,27,2,12538.415986672044,13729.786366519296,1191.3703798472525
10,2,13,14582.686613321304,16045.406252245351,1462.719638924047
11,16,21,18330.135889589787,16416.00054480955,1914.1353447802358
7,26,3,12653.16203135252,13798.163548417253,1145.001517064733
10,9,13,16793.00145366788,14513.75042080212,2279.251032865759
9,6,14,17563.9524345994,17622.028129656002,58.075695056602854
8,9,22,18843.479296565056,16457.55323399982,2385.926062565235
3,17,10,13294.754141747952,14916.735399246158,1621.981257498206
3,11,21,18801.26259803772,16429.42778120011,2371.8348168376106
6,29,2,12937.43699234724,14228.053720437812,1290.616728090572
8,18,13,15509.349297642708,16803.073509859554,1293.7242122168464
11,21,19,17929.073972702026,15385.025572404596,2544.04840029743
2,20,7,13065.322748631235,14134.885358652227,1069.562610020992
2,25,4,15190.429494589567,13317.048713821838,1873.3807807677294
2,26,4,12809.929767370224,13356.276633955778,546.3468665855544
11,4,11,15391.160586595535,15619.164887813386,228.0043012178503
11,16,20,17991.677227318287,16103.534228916567,1888.1429984017195
7,11,18,13577.247175842524,15978.59591101942,2401.3487351768963
2,13,7,15484.889121323824,13570.632007878843,1914.2571134449809
10,16,18,14469.760020583868,15563.206228193583,1093.4462076097152
3,24,11,16247.400453537704,15273.772180306594,973.6282732311101
9,23,4,13330.376480415463,14321.03710573337,990.660625317907
8,27,7,14154.719035625458,14252.925389328366,98.20635370290802
1,13,3,14855.213160067797,12784.326960040617,2070.88620002718
8,27,3,13930.806079417467,14492.24922089395,561.4431414764822
2,3,10,17167.9898224473,15458.902894014984,1709.0869284323162
9,18,21,15825.121918410065,16531.63580941335,706.5138910032856
12,22,21,18878.30991834402,15842.300534002374,3036.009384341647
9,10,9,15825.308108240366,13960.929718892112,1864.3783893482541
9,14,16,13358.202427521348,14551.357475531722,1193.1550480103742
10,27,3,15051.882525026798,13160.953343859797,1890.929181167001
6,24,2,13805.431015074251,14199.839148369687,394.4081332954356
11,18,16,18572.996326744556,15493.37651140413,3079.6198153404257
3,10,20,13757.369022160769,15544.687769956256,1787.318747795487
2,16,21,18724.52039939165,16003.287358741532,2721.2330406501187
2,21,4,14381.163189262152,14368.481068630434,12.682120631718135
10,2,9,14209.727057516577,15475.367677965742,1265.640620449165
8,20,17,17705.85779297352,16145.569842749499,1560.2879502240194
10,4,11,14633.144877552986,15378.328443757267,745.1835662042813
11,13,3,13233.140276923776,12688.66728490128,544.4729920224963
10,10,12,15604.915944308044,15766.387352872844,161.47140856479928
11,7,14,15322.333096176386,15687.086732547092,364.75363637070586
6,3,21,17573.535879433155,16011.708834010924,1561.827045422231
8,28,5,13819.55027383566,14269.30492324237,449.75464940670827
8,25,6,16038.122674167156,13775.741980437648,2262.3806937295085
9,4,17,17617.075592041016,18255.098336216295,638.0227441752795
2,15,17,18155.44471669197,16782.216139507607,1373.2285771843635
5,26,12,14558.601277321575,16248.081786808041,1689.480509486466
3,19,21,17751.99760144949,15869.079428724352,1882.918172725138
4,29,2,13616.20637255907,14280.978682919764,664.7723103606932
12,23,13,16688.18683195114,15271.053208887928,1417.1336230632132
9,24,10,13285.712451905012,13992.708476029262,706.9960241242497
12,10,18,18249.16545933485,16038.216505338067,2210.9489539967835
9,6,15,17430.400191783905,17717.304177131744,286.9039853478389
6,4,22,19261.69692486525,16830.683859907887,2431.013064957362
3,24,2,12494.463293537498,13489.928264441869,995.4649709043715
11,17,11,16307.74277305603,15234.190928900085,1073.5518441559452
4,17,15,16701.18074953556,15838.296816660542,862.8839328750182
8,22,7,13724.249378293753,14496.939768061919,772.6903897681659
2,11,20,17674.8871242404,15660.494061625846,2014.393062614552
10,2,15,15732.21565374732,16959.62978414034,1227.4141303930191
11,16,20,18095.351333796974,15783.091413459018,2312.259920337956
6,28,2,12139.431480765345,13316.36247529657,1176.9309945312252
11,3,15,14844.615103691816,16206.985413864313,1362.3703101724968
11,16,21,18203.502198398113,16387.785200140475,1815.716998257638
5,15,13,12921.899779096246,15374.215966630267,2452.316187534021
2,17,6,15469.22046789527,13545.57856325622,1923.6419046390492
4,27,2,12639.43073642254,13760.732341456107,1121.3016050335664
2,6,12,17068.055916965008,16027.813448117864,1040.2424688471438
9,15,2,13375.872416570784,14131.93702062963,756.0646040588454
9,22,3,12102.509914383292,12575.389052917477,472.8791385341847
9,1,12,15086.9916113317,16289.08845536449,1202.0968440327906
8,8,22,19437.623348355293,17337.843095863293,2099.7802524920007
4,27,5,13538.305203735828,14777.73252821271,1239.427324476881
2,24,8,16442.798478245735,13990.155608393674,2452.6428698520613
6,13,15,13596.42554858327,14637.388134877187,1040.9625862939174
9,9,15,17502.31949967146,18424.36014690752,922.0406472360592
2,19,5,15902.088036984203,13443.51065734983,2458.577379634373
10,15,21,13885.255598664284,15590.356257444833,1705.1006587805496
2,13,21,18025.784415483475,15969.721345457949,2056.063070025526
1,12,7,14537.796409279108,14666.61222849976,128.81581922065197
2,16,3,15670.408012062311,13419.370588596461,2251.03742346585
9,3,17,18250.727977514267,18476.946767500765,226.21878998649845
11,16,21,19145.952467978,16704.57805302657,2441.3744149514314
4,26,2,12139.578300058842,13420.797624652483,1281.2193245936414
1,8,3,14979.961986809967,13231.543188327836,1748.418798482131
10,5,21,16926.34495061636,17128.39498815705,202.05003754069185
3,7,13,17705.51658165455,15702.221301245454,2003.2952804090946
4,23,2,12639.48610123992,13584.070535354798,944.5844341148786
4,4,12,17626.629508972168,15295.088249609957,2331.5412593622113
5,19,14,15422.419152379036,15719.71165617234,297.2925037933037
6,23,13,16177.057197451591,16892.347702674404,715.2905052228125
12,16,20,18848.285782933235,15888.2697207406,2960.016062192635
3,12,14,13386.33985298872,14930.154512194567,1543.8146592058474
9,23,21,19126.96192550659,16431.058427436456,2695.9034980701363
10,3,20,15678.93706470728,16287.817053620534,608.8799889132551
9,23,8,12507.70389214158,13106.441314282903,598.7374221413229
4,2,21,17664.008552789688,15280.909538872682,2383.0990139170062
8,28,10,15247.024641245604,15555.522972484652,308.49833123904864
11,12,20,15720.17975255847,15402.564072222742,317.61568033572803
12,10,17,17978.215784609318,15658.008731347973,2320.207053261345
7,23,22,16363.483661085367,16888.93650834759,525.4528472622223
2,7,14,17272.368497490883,15926.554524503525,1345.8139729873583
6,30,21,15119.101154863834,16164.835491973767,1045.7343371099323
2,12,6,13656.44593194127,13801.492808074348,145.0468761330776
5,29,3,12741.471170678737,13570.064261199797,828.5930905210607
1,11,2,14465.50431162119,12239.600032322094,2225.904279299095
10,3,16,16852.451784461737,18191.683687192755,1339.2319027310186
8,8,21,19198.100384414196,17161.49994125004,2036.6004431641559
7,27,2,12189.517980501056,13384.904960574244,1195.3869800731882
11,10,15,15779.07110375166,15937.086664683711,158.0155609320518
11,11,21,18502.404954254627,16232.19834104285,2270.206613211778
7,24,1,11937.135820031166,13232.729958824057,1295.5941387928906
2,5,5,15458.067943125963,12906.12392741923,2551.944015706733
4,5,13,14797.014894366264,15943.357608752289,1146.3427143860245
11,17,21,17583.83209502697,15709.750224510684,1874.0818705162856
8,25,10,13720.35333558917,14935.49700039263,1215.1436648034596
2,8,21,19132.037443876263,16179.741731048784,2952.2957128274793
7,28,11,15728.508261531591,16371.045318524688,642.5370569930965
11,14,20,18312.7767637372,15727.614649987094,2585.162113750108
4,24,2,11853.465227127075,13041.359417390744,1187.8941902636689
11,5,14,15467.873257339,15928.441710826632,460.5684534876309
11,14,21,18426.32221210003,16464.69110748692,1961.6311046131086
8,24,1,12228.041640654206,13401.99978663687,1173.958145982664
7,25,20,15576.244350880384,16758.273313050755,1182.0289621703705
11,25,19,18329.6322748065,15511.137912317377,2818.494362489122
5,27,16,13159.384497538207,14647.684213587932,1488.2997160497252
5,26,6,16239.487385749817,14258.562644773958,1980.924740975859
2,25,3,13219.714718818665,13658.645752299499,438.93103348083423
2,10,20,18603.001597106457,15854.606475001634,2748.395122104823
9,6,14,16027.773144304752,16998.974581144434,971.2014368396813
11,17,20,18423.22916430235,15959.171234457815,2464.0579298445336
5,27,1,11941.419826567171,13127.785931967319,1186.3661054001477
11,2,14,14684.020223408936,16083.190671959208,1399.1704485502723
11,17,21,18208.33493179083,16362.561545039194,1845.7733867516345
7,26,2,12192.240289077165,13441.944341130942,1249.7040520537776
12,15,20,17971.56954586506,15678.170649243799,2293.39889662126
11,2,16,15960.435172528028,16729.058246766457,768.6230742384287
11,11,20,18218.91986465454,15691.962925712925,2526.9569389416156
8,25,4,12744.791419282556,13794.000685144592,1049.2092658620368
12,26,14,17743.268825352192,15769.22221246933,1974.0466128828612
8,6,16,16633.26288256049,17509.38003838005,876.1171558195601
2,17,17,18429.73842638731,16688.756619563716,1740.9818068235945
8,24,3,13100.986713439226,13975.568883066155,874.5821696269286
12,22,11,17392.67829620838,14835.068668245996,2557.6096279623853
10,2,17,17535.76148980856,18409.15201334419,873.3905235356324
8,8,22,19086.96802186966,17447.750786945056,1639.217234924603
3,21,10,12826.099164813755,15161.277927547337,2335.1787627335816
12,11,18,18381.236385703087,16199.941977011065,2181.2944086920215
7,9,13,17522.90126800537,17664.7197897142,141.81852170882848
10,14,22,19512.188684403896,16606.144262676695,2906.0444217272016
8,25,3,12205.728799030185,13379.953343941375,1174.2245449111906
11,4,16,15479.122568011284,16504.017197372927,1024.8946293616427
2,17,15,17258.902133464813,16146.235774607514,1112.6663588572992
8,28,21,14840.143676996233,16069.897673124146,1229.7539961279126
11,25,19,15145.894035488369,15603.860540746906,457.9665052585369
3,16,5,13971.261766642332,13435.098621341394,536.1631453009377
5,18,12,15898.43272870779,16398.90764783982,500.47491913202975
11,25,21,18723.15719455481,15915.843074744027,2807.3141198107824
4,25,3,12057.604126170278,13311.889506391994,1254.285380221716
11,4,11,15111.678988456726,15563.61791643014,451.93892797341323
5,26,14,17103.518107771873,15829.986029643087,1273.5320781287865
9,15,1,12887.521918490527,14038.234246861406,1150.7123283708788
10,18,4,12484.005289644005,12527.022675991615,43.01738634761023
11,19,3,14592.232738167048,13053.216892663553,1539.0158455034943
10,3,16,17272.15442019701,17708.717255094787,436.56283489777707
6,23,15,17696.589312434196,15938.189118416438,1758.4001940177586
11,2,19,15373.983959585428,16709.74275641306,1335.7587968276312
11,19,5,13316.208828702567,12716.185642245495,600.0231864570724
11,3,20,17421.00375699997,15915.934431537913,1505.0693254620564
4,11,12,15305.402535021303,15359.543260553262,54.140725531959106
10,21,3,12511.504174217582,13423.49203656829,911.9878623507084
10,3,17,17395.629446029663,18516.67272045225,1121.0432744225873
2,12,21,18828.413504481316,16523.58815282267,2304.8253516586446
3,24,2,13121.756722152231,13836.35411895288,714.5973968006492
3,18,3,15595.2230001688,13525.105502427637,2070.117497741163
9,4,17,18357.501693546772,18491.659828774613,134.15813522784083
10,15,21,19034.721679091457,16656.953130760896,2377.7685483305613
3,23,2,12344.247471019626,13519.94591165823,1175.6984406386036
1,6,3,15143.438298255203,12885.60320209444,2257.835096160763
9,3,16,17616.611347794533,18202.42786604894,585.8165182544071
10,11,22,19826.774857640263,17298.481128059797,2528.293729580466
3,25,2,12402.158454835417,13585.591370908467,1183.4329160730504
11,2,12,14425.305763214828,15819.729367347278,1394.4236041324493
11,17,21,18268.801514565945,16359.93558521261,1908.8659293533346
7,24,2,12432.53897562623,13513.79814640928,1081.2591707830506
12,22,9,16694.261377692223,14662.745222688325,2031.5161550038974
7,17,12,15344.066042602062,15843.2680323108,499.2019897087375
11,4,15,15662.44080978632,16304.257824885139,641.817015098819
7,4,22,17946.55203038454,16238.277069542612,1708.274960841929
9,28,6,13871.320889294147,14429.458093022304,558.1372037281562
10,2,14,14926.955300539732,16266.427007093283,1339.4717065535515
9,9,21,18309.467998206615,16447.49575508589,1861.9722431207265
6,27,2,12082.658756583927,13343.045354690219,1260.3865981062918
12,25,13,17851.24170231819,15706.995927575777,2144.245774742414
7,9,14,15418.32174578309,16434.75744654621,1016.4357007631188
12,10,18,18332.78109753132,16111.617295455559,2221.16380207576
8,25,4,12242.01469528675,12855.524422892015,613.5097276052638
11,18,21,18608.626662552357,15898.094448202528,2710.532214349829
10,2,17,17360.1967831254,18224.804539238663,864.6077561132624
11,19,20,19012.959614872932,15943.501444911935,3069.458169960997
5,27,2,12108.060339853168,13254.180973165505,1146.1206333123373
11,2,15,14739.894807219503,16295.864809768273,1555.9700025487691
11,17,21,18267.553140461445,16408.354942377537,1859.1981980839082
5,18,12,12863.07281513512,15411.450024902264,2548.3772097671444
2,24,21,17877.705264806747,15984.019837508564,1893.6854272981836
7,27,4,14035.626442670822,14023.160660763508,12.465781907314522
11,4,15,15297.83272910118,16318.613313537862,1020.7805844366831
11,18,21,18503.07179272175,16303.227469665697,2199.8443230560515
6,15,14,13206.325865536928,15495.142551330771,2288.816685793843
7,20,21,19211.055751681328,16245.983125240948,2965.07262644038
10,5,19,15349.958089500666,16106.41080723851,756.4527177378441
9,26,8,12598.366241261365,13419.500624563898,821.134383302533
11,5,13,15238.97459679842,15809.81387224986,570.8392754514407
3,17,14,17427.65491706133,16033.059465103926,1394.5954519574025
9,22,1,13074.89491544664,14043.330044337466,968.4351288908256
11,15,7,14339.63506501913,13292.80734726465,1046.8277177544805
10,8,4,14208.662822693586,13037.15998791006,1171.5028347835269
5,14,12,14926.987289100884,15383.025445081852,456.03815598096844
10,5,16,15981.544342011211,17075.786251298217,1094.241909287006
12,11,18,18387.56519949436,16204.696374207339,2182.8688252870197
7,24,3,12330.409342497587,12877.392655037916,546.9833125403293
8,1,12,14428.972144454718,16426.342670506554,1997.3705260518364
3,24,14,17990.015462577343,16315.081585421776,1674.9338771555667
9,17,5,13360.636633992195,14317.167661622518,956.5310276303226
8,27,4,12841.16659733653,13476.39697653991,635.2303792033799
1,10,2,14286.189971417189,12732.12840692762,1554.061564489568
6,18,13,15812.658682852983,16772.787860000222,960.1291771472388
3,12,14,17906.72709196806,15907.759338132264,1998.9677538357955
5,24,1,12588.089300826192,13485.472864802168,897.3835639759764
2,9,3,15457.682850062847,12669.693925105532,2787.9889249573152
10,3,16,17230.645571112633,18067.719636415703,837.0740653030698
2,9,17,18787.72323447466,16938.48029586299,1849.2429386116673
11,4,14,15255.66032242775,15972.944015130206,717.2836927024564
11,18,4,13150.277805298569,12684.63481253985,465.6429927587178
5,5,10,15143.850048452616,15024.77943252078,119.07061593183607
3,9,13,15984.791180968285,15524.305108773406,460.48607219487894
9,24,1,12453.261821717024,13522.24689985581,1068.9850781387868
12,10,8,14661.52201217413,13710.334337912085,951.1876742620443
11,8,21,17669.28666538,15857.347364330075,1811.9393010499261
3,14,12,15151.401809543371,15567.041021183537,415.63921164016574
8,28,5,12698.297070920467,13801.22613705198,1102.9290661315117
5,6,4,12857.426423981786,13149.1479021237,291.7214781419134
10,7,14,15185.72594577074,16671.760671435906,1486.0347256651658
9,15,20,16361.616431355476,17391.029407126207,1029.4129757707306
3,24,20,16974.27447807789,15638.781121443672,1335.493356634217
11,6,20,15162.957062095404,16351.772533249346,1188.8154711539428
11,21,10,13020.778472170234,13467.746449098202,446.96797692796827
12,10,21,17347.28652793169,15907.868623301127,1439.4179046305635
11,3,17,17263.36084675789,18773.564810754724,1510.2039639968352
10,9,20,18588.744541466236,15999.867599473728,2588.8769419925084
4,21,17,13523.075367748736,15791.531663040463,2268.4562952917277
2,25,4,15050.685004532335,13306.896949490381,1743.788055041954
10,18,16,14404.404929488896,15178.974857991163,774.5699285022674
11,20,19,17760.29904317856,15868.66221768799,1891.6368254905683
6,7,19,13757.46949905157,15253.599707117031,1496.1302080654605
7,26,8,16270.82387238741,13959.480186166227,2311.343686221182
1,18,7,13471.789912134407,14062.815543359648,591.0256312252404
1,21,6,15984.628367394209,13732.882831295436,2251.7455360987733
5,15,14,15935.784705281258,16913.969588798136,978.1848835168785
11,12,20,18492.977351129055,16061.645620816402,2431.3317303126532
6,25,14,13785.331535816193,15804.837649817162,2019.5061140009693
2,22,6,15562.684481829405,13506.86102015444,2055.823461674965
4,28,1,12590.173068508506,13637.021805348655,1046.8487368401493
8,15,18,18093.774871885777,16017.53588221321,2076.238989672567
2,15,15,14238.905546605589,15419.582800401477,1180.6772537958877
2,21,7,15960.488896906376,13820.606808453156,2139.8820884532197
6,28,5,12980.919289588928,13574.90428837423,593.9849987853013
7,16,19,16228.64326351881,17355.86505468646,1127.221791167649
2,21,5,15238.174472659826,13227.845680865134,2010.3287917946927
6,28,2,12499.450843364,13402.308415629683,902.8575722656824
11,24,20,18285.990034759045,15625.150089488903,2660.8399452701415
4,19,10,15314.211282521486,15208.523953470594,105.687329050892
11,5,21,14768.351503133774,15883.185188823656,1114.8336856898823
11,20,4,14963.64248919487,13074.465306801601,1889.1771823932686
10,2,16,16490.86785313487,17329.45701788308,838.5891647482094
11,16,20,18658.49846982956,16014.945065793183,2643.5534040363764
6,29,3,12483.920601978898,13808.492520079031,1324.5719181001332
1,13,5,16266.52797266841,13601.154112932809,2665.3738597356005
10,5,21,14871.143053412436,15611.20546977531,740.0624163628745
4,16,10,17050.964182674885,15204.77930187651,1846.1848807983752
6,27,12,16096.260243624449,16738.174922494774,641.9146788703256
4,23,11,16194.467997133732,15315.207190186877,879.2608069468552
7,20,21,13981.53706663847,15540.770357051617,1559.2332904131472
8,14,11,14343.962953299284,14835.057962588251,491.09500928896705
11,21,20,16695.215292990208,15796.72649341529,898.4887995749177
3,15,9,15745.486395418644,14973.82631034694,771.6600850717041
8,29,5,13848.462601691484,14538.759537435795,690.2969357443108
2,4,21,18800.40382820368,16254.251790678783,2546.1520375248983
2,17,5,13706.781983464956,14153.636205794595,446.854222329639
3,5,20,18902.223418354988,15794.290985785823,3107.932432569165
10,2,15,17149.955655932426,17497.0924786488,347.136822716373
10,3,17,17393.245888113976,18515.490477450105,1122.2445893361291
3,7,22,18964.351765871048,16784.859586128383,2179.492179742665
3,22,9,13713.89697766304,15283.1799701793,1569.2829925162605
2,28,5,15853.100836455822,13578.059308299082,2275.0415281567402
1,25,4,13530.693976730108,13470.368033996096,60.32594273401264
11,2,10,14483.112374097109,15679.203638308125,1196.091264211016
11,19,20,18287.351599156857,16261.9443231236,2025.4072760332565
7,25,2,12550.382579311728,13599.283757872894,1048.9011785611656
10,2,15,14809.830004096031,16322.871305608265,1513.041301512234
6,22,16,17555.328646600246,16243.020791270295,1312.307855329951
5,24,9,13429.180738568306,15377.420137091784,1948.2393985234776
1,27,3,14592.019481092691,13064.026660407671,1527.99282068502
3,25,18,14657.204786747694,15971.057393571538,1313.8526068238443
3,14,10,17455.5243358016,15336.504326223185,2119.0200095784166
6,24,3,12876.196122348309,13461.096887708449,584.9007653601402
2,12,1,14558.912550628183,13081.971425010492,1476.9411256176918
8,9,16,17343.391305446625,17663.483922475156,320.0926170285311
8,15,19,18571.91855829954,16307.019337350874,2264.899220948668
5,23,1,12295.120833173394,13396.70316882726,1101.5823356538658
1,8,2,14692.39917588234,12483.966200704159,2208.4329751781806
9,2,16,17349.93009543419,18319.498523147002,969.568427712813
10,10,22,19774.7507943511,17347.312899809134,2427.4378945419667
5,22,11,12838.369853839278,15102.336170395578,2263.9663165562997
2,22,6,15258.803403615952,13551.882691549326,1706.9207120666251
12,10,17,17947.15325129032,15646.600061479476,2300.5531898108457
9,6,14,17534.110387921333,17613.368064302078,79.25767638074467
3,2,22,18523.93407613039,16401.132963520093,2122.8011126102974
4,22,12,13455.076709151268,14946.665108420926,1491.588399269658
2,17,9,15991.537486493587,14075.667850871088,1915.8696356224991
2,26,3,12468.675591930749,13235.914036154885,767.2384442241364
2,15,12,18453.864363253117,15615.337982596659,2838.526380656458
10,4,15,15682.389368653296,17514.26956881003,1831.8802001567328
12,18,20,18925.303575336933,15914.877290401557,3010.4262849353763
7,28,2,12368.797461375594,13409.528840238858,1040.7313788632637
6,4,15,15517.184034466743,15628.76992529004,111.58589082329672
4,14,15,17169.164376795292,15773.872375230638,1395.2920015646541
8,27,5,14210.42055311799,14682.477209939223,472.05665682123254
2,12,20,18616.11362630129,15992.13448387112,2623.9791424301693
1,14,6,13774.11257326603,14208.517908255302,434.4053349892729
6,25,4,16659.52344071865,13791.724433748142,2867.7990069705083
9,3,16,16471.76371026039,17530.791152376838,1059.0274421164468
11,13,21,18761.01770722866,16496.1084502777,2264.9092569509594
6,27,2,12021.115225583317,13331.758551558843,1310.6433259755267
12,23,14,18147.000556766987,15855.448925845281,2291.5516309217055
9,3,17,17586.017159819603,18603.815434253163,1017.7982744335604
4,12,21,18974.889946222305,17644.546280639326,1330.3436655829792
4,23,14,13421.984952747822,15764.091684318211,2342.1067315703895
2,25,4,15267.590825408695,13260.52138211349,2007.069443295206
4,25,3,13027.79134903848,12874.297432224328,153.49391681415182
12,4,16,16053.623592704536,15571.686272794248,481.93731991028835
10,3,18,17659.372672080994,18045.56269810785,386.1900260268558
4,2,22,19166.61543804407,16907.51481239745,2259.1006256466208
4,26,1,12230.38828869164,13256.103792967033,1025.715504275393
11,14,19,19140.444693922997,15737.814447168825,3402.630246754172
3,20,10,15229.74630701542,15339.304154011335,109.55784699591459
11,9,20,14802.498061835766,15750.611725515271,948.1136636795054
11,27,3,13969.802186012268,12919.520346851798,1050.2818391604706
7,13,20,14642.43550401926,15551.423241528597,908.9877375093365
11,20,4,13408.937515839934,13074.53896936391,334.3985464760244
11,12,20,17372.795354902744,17109.39302265242,263.4023322503235
9,20,18,17100.3176112175,14857.708225508635,2242.6093857088636
2,22,3,12816.141289770603,13605.60482016882,789.4635303982177
4,27,6,17139.289521336555,14189.576882696121,2949.7126386404343
9,28,3,14173.600899010897,14343.245808716367,169.64490970547013
2,11,13,16271.53377237916,15729.300315654798,542.2334567243615
9,26,6,12198.340466678144,13776.640198546724,1578.2997318685793
8,17,9,14155.777528911827,14432.139780016885,276.362251105058
2,7,2,14272.38731738925,12759.2538509506,1513.1334664386504
9,27,3,13638.658241391182,14385.367192028192,746.7089506370103
3,12,8,17598.15722888708,14789.771532593697,2808.385696293384
5,29,1,13300.57688009739,13876.116677938138,575.5397978407491
2,5,20,18585.68594288826,16068.686411760005,2516.9995311282546
4,28,3,12635.582471504807,13087.417264587406,451.8347930825985
11,5,17,15269.44493162632,17493.531542267036,2224.0866106407157
9,13,20,17933.887841045856,15987.28796261014,1946.5998784357162
7,27,2,12330.324244722722,13420.179311223728,1089.8550665010061
11,3,14,14807.84138187766,16144.156363579279,1336.3149817016183
11,15,21,18413.27005892992,16474.200736735464,1939.0693221944566
8,12,6,12959.99036334455,14043.187307851002,1083.1969445064515
12,13,10,16150.508332133291,14573.775365007483,1576.7329671258085
11,4,20,16863.448877632618,15768.30456706668,1095.1443105659382
3,9,12,15634.082540214062,15523.353290225665,110.72924998839699
9,27,3,12659.94934785366,13562.52791928269,902.5785714290287
12,4,17,16659.709630548954,15564.92586703909,1094.783763509864
10,24,4,12590.956788256764,13212.816314921874,621.85952666511
12,12,21,17775.25082474947,15658.02051231264,2117.23031243683
8,27,3,14257.221868634224,14372.973468991211,115.75160035698718
3,5,20,18027.795593738556,15561.370350909767,2466.425242828789
8,29,12,15988.575673818588,16477.381386679263,488.80571286067425
11,16,20,18053.953214347363,15583.806104906784,2470.147109440579
3,16,14,12886.504641234877,14624.976333167553,1738.4716919326765
5,26,10,16539.407623916864,14647.735564233595,1891.6720596832693
6,29,3,13178.278459161518,14122.424356548177,944.1458973866593
6,21,9,17335.752601087093,15026.577974531503,2309.1746265555903
6,22,2,12589.16337828338,13219.993439233893,630.8300609505131
3,5,20,18110.26538527012,15770.171942709621,2340.0934425604974
3,15,3,13658.465722501278,12765.225824732368,893.2398977689099
9,5,20,17462.136125326157,17348.94438822374,113.19173710241739
3,5,21,17694.626527130604,15696.265639255194,1998.3608878754094
2,18,8,13762.217339724302,14714.706814776477,952.4894750521744
5,28,5,16608.646864533424,14006.204021978745,2602.4428425546794
3,27,2,13054.840138152242,13511.442557810517,456.6024196582748
10,1,11,14473.80247247219,15945.748537770934,1471.9460652987436
9,9,21,18573.52044701576,16640.805141949895,1932.7153050658635
4,15,13,12988.515342533588,15479.265460044233,2490.7501175106445
2,19,9,15743.578154712915,14022.460675209342,1721.1174795035731
5,28,3,13200.834905982018,14148.359097017372,947.5241910353543
11,22,19,18201.921635389328,15981.102811864357,2220.818823524971
3,23,4,12614.71916282177,13450.274795714487,835.5556328927178
11,4,8,14369.787974894049,15111.401892064541,741.6139171704926
10,15,21,18245.09224921465,16438.203758999785,1806.8884902148639
7,25,2,12534.342776551845,13607.306252180386,1072.9634756285413
12,24,12,17564.979349434376,15413.53570716113,2151.443642273245
10,6,21,16119.93259909749,16249.41669878327,129.48409968578017
2,4,13,17800.643180549145,15760.152720096277,2040.4904604528674
4,24,5,13581.156752169132,14078.92985084922,497.77309868008706
11,2,11,15878.692915707828,15643.321475783288,235.37143992454003
5,4,22,17911.823115825653,16452.071637753153,1459.7514780724996
8,28,2,12846.977852612734,13746.039711544203,899.061858931469
10,2,13,15022.838551938534,15970.443407197732,947.6048552591983
5,29,6,12935.63312457502,14142.059041277635,1206.425916702614
12,24,18,17891.46362698078,15958.080170632995,1933.3834563477867
3,24,6,13666.832781791689,13803.271242690333,136.43846089864383
8,23,5,16545.305822461843,13902.784404748101,2642.5214177137423
9,2,17,18210.42731177807,18439.96126368069,229.53395190262017
8,5,22,18942.499477505684,16929.430788038233,2013.068689467451
3,24,2,12947.442030012608,13976.901343077754,1029.4593130651465
1,14,3,15744.425441473722,13381.960841976555,2362.464599497167
7,26,3,13800.266092777252,14144.388523222595,344.1224304453426
6,5,14,18632.42205095291,15841.649623210931,2790.77242774198
1,17,8,13598.579855144024,14326.12489949545,727.5450443514255
3,10,10,17744.536064505577,15248.737900169079,2495.7981643364983
5,10,20,13833.014587312937,15273.167173418999,1440.1525861060618
7,7,13,16469.60079139471,16948.122707799885,478.5219164051741
2,9,15,18053.823619663715,16286.857609383916,1766.9660102797989
9,12,4,13634.102332085373,14384.153492569443,750.0511604840704
8,27,3,12574.52717617154,13211.948800468555,637.421624297016
2,7,4,14751.765024065971,12739.62968876708,2012.1353352988917
5,12,13,15031.099392801523,16035.497469310509,1004.3980765089855
10,3,15,15664.73783454299,16633.326176152394,968.5883416094039
8,5,21,18225.13384771347,16134.876625294413,2090.257222419057
8,28,2,12650.272808104752,13565.354457520922,915.08164941617
5,20,3,15425.796406239271,13485.249693757596,1940.546712481675
10,5,21,16236.675263136623,16438.47261476162,201.79735162499674
3,22,3,13203.419007569551,12803.374606442098,400.04440112745397
7,27,2,12500.013103842735,13235.78232857775,735.7692247350151
10,9,16,14557.848315805197,16567.27617633434,2009.4278605291438
3,2,21,18233.726467370987,16159.428886669155,2074.297580701832
5,27,1,12702.612450852988,13518.90227904625,816.2898281932612
1,10,2,14848.388523578644,12906.090345848126,1942.2981777305176
6,5,15,16359.293979793789,17503.544271557497,1144.2502917637084
11,16,21,19128.154524683952,16430.89468907269,2697.259835611261
3,26,1,12374.577138200402,13527.489233587392,1152.9120953869897
5,22,5,16930.661765933037,13966.870978034101,2963.7907878989354
7,25,13,16689.550036787987,16948.775018219494,259.22498143150733
11,13,20,18747.828577399257,16131.345657011241,2616.4829203880163
5,26,1,11776.29261828959,13055.666541115517,1279.3739228259274
10,2,14,14735.427481621504,16209.079647555658,1473.6521659341543
11,16,21,18246.200365781784,16398.230993542526,1847.9693722392585
7,27,2,12223.404939725997,13464.334489044099,1240.9295493181016
11,3,15,14868.507277995348,16312.463113862053,1443.9558358667055
11,18,21,18350.89154446125,16443.987816875975,1906.9037275852752
5,20,11,12895.366087839007,15343.444098164344,2448.0780103253364
2,22,5,15000.887017011642,13374.983014927495,1625.9040020841476
4,27,1,12629.544425532222,13661.208437179122,1031.6640116469007
11,22,18,18026.9606102705,15952.840323044824,2074.1202872256763
3,24,4,12711.85611975193,13536.159327578745,824.3032078268152
11,3,8,14107.917309999466,15127.476196183887,1019.5588861844208
6,29,8,13228.354501098393,14476.22302236204,1247.8685212636483
2,19,2,14059.685531646011,13127.537429523596,932.1481021224154
3,28,3,13190.329329356551,13645.640491278065,455.3111619215142
3,4,13,17090.794042408466,15632.669961254272,1458.1240811541938
6,17,15,15788.517982035875,15618.939954377369,169.57802765850647
8,20,15,14235.689465880394,15181.583551089278,945.8940852088836
2,11,21,18740.84276777506,16123.917650369298,2616.925117405761
8,23,4,14462.20661905408,14277.648567109465,184.55805194461573
9,1,14,14752.51593503356,16560.399338418483,1807.8834033849234
3,24,14,17422.96982318163,15856.735764208841,1566.2340589727883
10,15,5,13593.837345898151,14342.445681545725,748.6083356475738
8,29,6,13571.823064178228,13851.064145147366,279.24108096913733
1,16,2,14658.714810878038,12965.619193669268,1693.09561720877
7,25,2,13579.24933168292,14190.455537537175,611.2062058542542
1,3,8,17781.111293196678,15293.199606728022,2487.9116864686566
9,22,20,16226.753887861969,16677.188303364564,450.4344155025956
12,24,21,18906.66572725773,15855.953917926732,3050.7118093309964
2,16,18,13174.565735518932,15118.876444838195,1944.310709319263
3,15,9,15789.432116687298,13985.603390210168,1803.8287264771297
2,25,3,12597.20727108419,13243.032398646137,645.8251275619477
2,12,5,15676.509625047443,13188.955824732855,2487.5538003145884
9,3,16,17742.244371175766,18337.449062208434,595.204691032668
10,9,21,19816.710764169693,17203.427929536236,2613.2828346334572
5,26,2,12137.950369372964,13386.3769693834,1248.4266000104362
11,9,15,17335.67303979397,15013.505271165766,2322.167768628202
9,25,3,12081.120844990017,12754.839959728382,673.7191147383655
2,4,3,14720.608575612308,12558.159661942855,2162.4489136694538
10,17,3,12695.112978756428,13719.9888144729,1024.8758357164716
11,2,16,15418.22578009963,16780.152991082978,1361.9272109833473
3,18,14,17327.994964897633,15792.794188726053,1535.2007761715795
10,14,5,13614.893611222506,14484.741517672968,869.8479064504627
9,11,20,16729.107993751764,16937.752534639098,208.64454088733328
9,25,19,17323.91929411888,15179.627957321925,2144.291336796956
2,22,2,12065.045977845788,13058.671769105924,993.6257912601359
1,9,5,15715.217424482107,13037.099463678607,2678.1179608035
7,12,14,16385.01032230258,17269.73584763846,884.7255253358817
3,6,16,16698.82835996151,16165.44632559926,533.3820343622501
7,12,20,13413.486658334732,15289.143499062684,1875.656840727952
7,25,20,16508.99921566248,16892.855090762525,383.8558751000455
3,5,21,18577.26392889023,16193.574159123398,2383.68976976683
2,23,4,13217.238681152465,13806.701369697084,589.4626885446196
10,2,9,14255.62039002776,15409.523880745232,1153.9034907174719
11,16,20,18227.437844336033,16253.369236287777,1974.0686080482556
6,26,4,13317.69445130229,14481.794620051594,1164.1001687493044
12,26,17,18798.07112389803,16550.108864244983,2247.962259653046
6,28,17,14069.241909235716,15350.978625080268,1281.7367158445522
2,10,12,17838.969577908516,15897.31369572528,1941.6558821832368
5,26,16,14848.545595616102,15812.350247462931,963.8046518468291
9,7,16,17637.722977936268,18594.143825387484,956.4208474512161
2,18,20,18447.94565922022,16108.144454514497,2339.801204705722
8,16,15,13410.595794647932,15140.30479928014,1729.7090046322082
8,28,6,15620.342222869396,13714.259665634458,1906.0825572349386
7,9,21,13709.261507064104,15364.887800917033,1655.626293852929
4,26,10,16713.30277377367,15274.335410977284,1438.9673627963857
8,26,4,15279.289616376162,14835.795410196672,443.49420617949
2,15,1,13637.72647202015,12861.637236852457,776.0892351676921
3,28,3,13028.907257691026,13527.924999501865,499.01774181083965
11,21,20,18885.32033455372,15799.419647027073,3085.900687526646
4,20,11,15093.125212877989,15463.995134263718,370.86992138572896
8,28,3,12480.231254592538,13354.492135158493,874.2608805659547
2,2,3,13482.3395755589,13351.5836468461,130.7559287128006
6,27,2,12887.015843048692,13809.639848283288,922.6240052345966
8,10,17,18381.855651438236,15367.776696096773,3014.0789553414634
2,23,5,13707.90322354436,14105.847715252763,397.9444917084038
10,2,8,14298.0893060565,15221.569926371729,923.4806203152293
3,21,14,16750.998422324657,15896.967999874727,854.0304224499305
10,19,6,13266.327999010682,14459.621395643573,1193.293396632891
8,29,8,13774.004714399576,14134.838992327946,360.8342779283703
11,28,18,18908.855713367466,15622.703361471758,3286.1523518957074
10,8,16,15099.353139668705,18105.604152011325,3006.25101234262
11,21,20,18239.08496147394,16438.920834601755,1800.164126872187
4,22,16,13519.072696506975,15542.344470887052,2023.2717743800767
4,28,3,12552.97734375298,13310.518445963758,757.5411022107783
4,19,5,13420.828853338957,13319.850507731768,100.97834560718911
8,17,7,13121.812086969612,13992.324534485113,870.5124475155008
10,12,3,14687.74196946621,13112.657737811129,1575.0842316550807
10,2,17,17560.827398240566,18090.449188259267,529.6217900187003
5,3,22,18886.5629671216,17190.145402905997,1696.4175642156042
4,27,1,12905.537014901636,13851.92794232721,946.390927425573
11,4,10,14918.75556603074,15311.542841355322,392.78727532458106
3,18,15,16976.70478850603,16067.48458014247,909.2202083635602
10,9,4,13240.044064596295,14163.604902859834,923.5608382635382
9,7,20,16883.07016891241,16946.399653560384,63.329484647973004
5,27,11,17500.397725343704,15007.5394265321,2492.858298811605
9,6,10,13442.75742211938,14470.102514297621,1027.3450921782405
12,11,10,16253.621818572285,14648.384773462943,1605.2370451093411
9,18,11,15875.519076287746,15599.032237025885,276.48683926186095
2,13,14,16910.77636396885,15757.030328823006,1153.746035145843
10,4,13,13870.749606400728,15093.358221232564,1222.6086148318354
7,8,2,13695.428094804289,12557.322550923636,1138.1055438806525
6,7,13,14785.683151632547,15759.973263774933,974.2901121423856
6,24,13,16258.209716439247,15335.195808093187,923.0139083460599
11,4,16,14092.757602781056,15477.827499651103,1385.0698968700472
3,3,2,13401.3451538831,12530.782109220381,870.5630446627183
11,1,17,16276.896777689455,17506.063885802923,1229.1671081134682
4,15,15,18457.796495616436,16672.55156488436,1785.2449307320749
4,26,3,12904.50025743246,12958.42864570212,53.92838826965999
7,10,1,12582.69717772305,12855.201705619515,272.5045278964644
8,22,5,12567.148276343942,13193.333443501473,626.1851671575314
12,17,20,18093.623131275177,15773.965093005614,2319.658038269563
10,4,16,16630.409338861704,18607.26138414038,1976.852045278676
3,19,12,17784.37084555626,15653.788752711846,2130.5820928444136
9,5,18,14793.85991999507,16050.49477008522,1256.6348500901513
9,3,15,14896.603077322245,16773.6259092759,1877.0228319536545
5,4,22,19013.774913072582,16815.8544225231,2197.9204905494807
3,16,10,13116.214703932405,14723.86676524841,1607.6520613160046
1,23,5,14883.915921837091,13364.987088310167,1518.9288335269248
4,26,2,12465.585414901376,13687.30946070784,1221.7240458064643
11,21,19,17939.847556054592,16016.969460445176,1922.878095609416
2,23,4,12733.675804391503,13536.59259902556,802.9167946340567
3,3,20,19026.177452385426,15992.104377189884,3034.0730751955416
8,23,12,15181.595730394123,16221.458029499106,1039.8622991049833
10,5,20,16056.11911058426,15214.181004607204,841.9381059770567
8,5,20,16078.350750476122,16692.05069778545,613.6999473093274
2,11,10,17832.119924724102,15327.857059076136,2504.2628656479665
9,17,8,13093.40480928123,14069.896602517523,976.4917932362932
12,11,11,16317.845416843891,14846.805992510876,1471.0394243330156
9,1,18,17895.12590712309,18155.965404087063,260.83949696397394
2,23,17,18486.244989335537,16794.370847371225,1691.874141964312
9,19,5,13828.632974654436,14636.774807377746,808.1418327233096
12,10,18,18421.706016659737,16330.266944157389,2091.4390725023477
7,25,4,12366.219306379557,12924.886307412018,558.6670010324615
7,18,5,16578.226152986288,14077.167401406548,2501.0587515797397
9,4,16,16603.888771116734,17547.07995941733,943.191188300596
5,20,14,17574.45698595047,15821.702980073871,1752.754005876599
8,25,2,12582.020496621728,13549.15898700381,967.1384903820817
12,21,12,17480.046438694,15399.334726961271,2080.711711732729
9,1,17,17934.352905511856,18401.372477886085,467.019572374229
5,4,22,19459.80290430784,17619.59586535123,1840.207038956607
6,28,2,12962.63126513362,14044.81330853707,1082.1820434034507
11,2,14,14976.802501231432,16218.447813269064,1241.6453120376318
11,17,21,18074.370938777924,16260.145521998846,1814.225416779078
7,27,2,12228.050047904251,13468.130412400755,1240.0803644965035
11,4,15,15048.297755628824,16156.249051087221,1107.951295458397
11,17,21,18309.101360082623,16370.595614812151,1938.5057452704714
7,25,1,12121.991563290358,13331.718313018078,1209.7267497277207
2,6,2,14597.118375718594,12956.825589703843,1640.2927860147502
9,2,17,17236.19763702154,18138.33912647638,902.1414894548398
8,5,22,19811.54420143366,17596.989225171314,2214.554976262345
3,21,7,12726.469150662422,14762.574085470404,2036.1049348079814
1,26,5,14941.026576459408,13447.950289900375,1493.0762865590332
2,26,3,12707.309437915685,13265.330853836049,558.0214159203642
12,16,10,15686.36866363883,15182.897165194292,503.47149844453816
10,13,20,18213.779548943043,16140.999858275805,2072.7796906672374
3,16,3,13459.631798237562,12736.38923125371,723.2425669838522
10,10,5,12875.92770551145,13179.825244262222,303.89753875077076
3,2,4,13629.2228461802,13172.39915268922,456.8236934909801
10,10,13,14712.61225554347,15953.689258712775,1241.0770031693046
11,14,20,17328.067964434624,15499.917358277336,1828.1506061572873
7,26,2,12443.375510826709,13549.132265060447,1105.7567542337383
10,2,11,14319.446181833744,15638.345485707076,1318.8993038733315
10,12,21,18364.482581853867,16582.272366282014,1782.210215571853
4,15,13,12500.226360917091,15252.567945184304,2752.341584267213
1,23,5,14956.233036190271,13371.962799358977,1584.2702368312948
1,23,3,12615.309515818954,13196.149459159877,580.8399433409231
11,3,10,14589.077353686094,15601.050289984767,1011.9729362986727
5,28,12,16935.688891351223,15445.20094680537,1490.4879445458537
9,15,1,13055.806971907616,14150.46220397871,1094.6552320710944
10,17,4,12651.020643249154,12616.312766998499,34.70787625065532
9,1,13,15613.60165888071,16531.31485420517,917.7131953244607
4,3,22,19286.165713489056,17191.614255022057,2094.551458466998
2,16,7,13036.907473802568,14683.6856977343,1646.7782239317312
2,29,6,15607.846998751163,13644.839778063932,1963.007220687232
2,28,7,13104.092474639416,13622.06004160898,517.9675669695644
12,8,12,15453.43903428316,15755.968405985339,302.52937170217956
11,21,20,17539.361433267593,15718.764126874034,1820.5973063935598
8,25,2,12612.643802389504,13574.212291538117,961.5684891486126
11,3,15,15116.702012777328,16191.351202857188,1074.6491900798592
4,28,3,12571.963990181684,13159.267303650731,587.3033134690468
10,8,17,14952.112663447857,17231.004698375746,2278.8920349278887
8,16,18,16937.77717024088,15110.358680475547,1827.4184897653322
5,28,3,12176.791659533978,13419.349368043166,1242.5577085091882
1,10,3,14850.417746663094,12698.255011712134,2152.16273495096
9,2,16,17442.947089731693,18254.057354231943,811.1102645002502
10,9,22,19695.784160375595,17278.50961015394,2417.2745502216567
5,22,11,12827.199079185724,15255.467014577374,2428.26793539165
5,28,7,15883.045410573484,14150.606901703844,1732.43850886964
6,29,3,13126.006894633174,14101.004811907445,974.9979172742715
11,23,20,18341.08664035797,15950.187380293743,2390.8992600642287
3,16,12,13700.34244003892,14836.818217035421,1136.4757769965017
5,26,7,16316.887400448322,14266.389698942963,2050.497701505359
3,28,5,13213.862042456863,13822.198163206427,608.3361207495636
5,27,4,16124.16780257225,13932.965214298616,2191.2025882736343
8,19,21,16818.4475338459,17068.948192418145,250.500658572244
11,16,12,16346.29227012396,15545.155634851793,801.136635272167
11,26,20,15876.21544265747,15526.755381374389,349.4600612830818
7,17,10,13630.968273311852,14657.925884170187,1026.957610858335
10,2,15,14791.33569443226,16354.328954727685,1562.993260295425
7,4,21,18566.41734600067,16625.336487040247,1941.080858960424
4,18,11,13035.940845102072,14930.50380528903,1894.5629601869587
2,19,9,15816.206542372704,14024.682991872645,1791.5235505000583
2,26,4,12423.97034738958,13342.31582069809,918.3454733085091
11,10,17,17856.76834142208,15592.740455399717,2264.0278860223643
10,14,20,14382.019088327885,15472.130342217084,1090.1112538891994
2,6,21,18220.333923101425,15649.804216971212,2570.5297061302135
2,19,6,14644.18954345584,14722.0737170143,77.88417355846104
5,23,6,17190.23007464409,14179.861940076677,3010.368134567412
5,22,1,13292.283435508609,13795.588433396637,503.3049978880281
2,7,12,15895.768655717373,15560.254980786734,335.51367493063844
10,27,5,12439.13969218731,13768.170563738242,1329.0308715509327
4,10,13,15598.236076563597,16651.88469280613,1053.6486162425317
3,20,12,17702.958316981792,15445.347178388878,2257.6111385929144
9,10,8,12822.291500762103,13900.193811847168,1077.9023110850649
3,11,2,12650.797953650355,12596.39458074779,54.403372902565025
11,8,19,17558.53980600834,15842.47190471023,1716.067901298109
9,27,4,13003.66869305074,13891.063848207341,887.3951551566006
4,25,13,15039.89911788702,15447.53402829164,407.6349104046203
9,19,5,12630.457534909248,13413.960090060205,783.502555150957
7,25,2,12400.107495933771,13108.185707516888,708.0782115831171
9,25,4,15608.23209181428,13599.57909069533,2008.6530011189498
11,19,20,17083.7606600523,16971.988739040924,111.77192101137553
12,10,20,18276.442679584023,15777.806638716575,2498.636040867448
4,25,15,15236.860480993986,15850.221979809776,613.3614988157897
3,12,21,18662.6422188282,15987.43511525482,2675.2071035733807
8,27,18,13269.983102232218,15317.885663567236,2047.9025613350186
11,26,20,18127.533466756344,15773.752298754476,2353.7811680018676
4,28,3,12689.995629191397,13062.49822522082,372.5025960294224
3,8,2,12886.186806172132,12964.387115451551,78.20030927941843
8,14,14,13501.354314506054,14560.554928004265,1059.2006134982112
2,6,21,17949.763189792633,15329.249538782315,2620.5136510103184
10,3,20,15565.299341648815,16210.160480046408,644.8611383975931
5,14,7,17000.745422542095,14582.086271461907,2418.659151080188
6,28,1,13531.23655194044,13825.304314776564,294.06776283612453
3,4,17,18562.969143152237,15495.883078708994,3067.0860644432432
3,21,4,14385.644868701696,14386.916155622921,1.2712869212246005
10,2,8,14343.990840762854,15155.76756831384,811.7767275509868
10,9,21,18247.64641278982,16500.61932298074,1747.027089809082
7,26,2,12623.056899264457,13674.787859472479,1051.7309602080222
1,10,2,14941.65281406045,13130.220160068668,1811.432653991782
7,13,21,14765.122709006071,15909.512589373344,1144.3898803672728
2,5,12,16431.26414129138,15471.38700202116,959.8771392702201
10,16,13,13723.197856873274,14776.27925950037,1053.0814026270964
11,15,20,18066.59935885668,15733.62572167478,2332.9736371819017
11,11,20,16888.413899064064,16040.451131301535,847.9627677625285
7,28,21,15254.551385641098,16299.98308526799,1045.4316996268917
3,4,21,18203.539108276367,15137.47121455176,3066.0678937246066
2,23,5,14121.895080894232,14483.387796646053,361.4927157518214
2,8,21,18963.554512500763,15885.870937532516,3077.683574968247
8,24,3,12835.449462249877,13907.774901863202,1072.3254396133252
10,2,17,16760.799225330353,17554.003387338555,793.2041620082018
11,9,15,17469.5845387578,15107.814525094238,2361.770013663563
9,24,11,12764.223855018616,13838.589972867738,1074.366117849122
9,25,5,15744.15066793561,13790.074457139292,1954.0762107963183
8,10,16,16528.175537854433,17629.50782751993,1101.3322896654972
4,20,14,17379.69012016058,15873.678659624757,1506.011460535823
5,26,10,14853.369306594132,16247.732215954911,1394.3629093607797
7,29,5,15449.592204749584,13152.219415119383,2297.3727896302007
2,25,4,12916.485510066152,13270.015805935756,353.53029586960474
2,9,4,15495.528188675642,12969.822338655733,2525.705850019909
10,3,16,17564.930956482887,18088.619735536347,523.6887790534602
11,13,21,19275.694791138172,16752.67933416499,2523.015456973182
5,21,11,13044.805572584271,15326.26586000564,2281.460287421369
2,22,6,15304.857089042664,13510.328853728191,1794.528235314472
4,28,1,12544.626688852906,13583.742815100068,1039.1161262471614
11,21,18,18020.886884748936,15974.993395045583,2045.8934897033523
3,24,4,12841.315467178822,13596.11327610968,754.7978089308581
4,15,5,16583.800774931908,14020.889626778462,2562.9111481534455
8,10,15,16684.605753540993,17459.581099083018,774.975345542025
3,21,15,17739.41543406248,16062.631259725562,1676.784174336919
9,16,3,12779.446514084935,13719.113829137534,939.6673150525985
9,2,14,14816.0189704597,16437.791520828676,1621.7725503689762
8,7,22,18891.529396295547,16937.350118399732,1954.1792778958152
6,26,1,11955.120158210397,13139.904789485734,1184.7846312753372
12,25,14,17996.69779098034,15841.957153825479,2154.7406371548605
11,10,17,17802.672403633595,15539.418812775633,2263.253590857961
9,25,8,12559.73697784543,13413.259883577604,853.522905732174
9,1,13,15393.66594710946,16449.876057913643,1056.2101108041825
6,3,22,19436.27490746975,17292.522109115314,2143.752798354435
5,27,3,13456.592064708471,14171.208925626788,714.6168609183169
10,27,13,17989.58402711153,14926.192305776589,3063.3917213349414
8,24,16,13212.43814137578,14429.104696685039,1216.666555309259
6,23,11,17295.03854471445,15281.181369715958,2013.857174998493
9,13,21,16797.96460196376,17235.709975975395,437.74537401163616
11,26,20,18619.93174815178,15656.09084278777,2963.84090536401
7,7,19,13749.629430800676,15164.352726374678,1414.723295574002
4,27,8,17467.95476257801,14867.202502089689,2600.7522604883216
10,2,19,14946.448637574911,15971.923537490171,1025.4748999152598
9,8,16,15293.552413553,16580.142137260988,1286.589723707988
11,23,21,19055.07952749729,16177.81885195062,2877.2606755466713
5,25,6,13500.694447904823,14791.831657408038,1291.1372095032148
2,20,21,18318.40511006117,16023.174507933358,2295.230602127811
7,6,11,14953.571013748646,15110.865514534236,157.29450078559057
11,11,10,14785.43216446042,14199.153275182689,586.2788892777317
5,4,9,15372.297588258982,14833.571674180337,538.7259140786446
3,17,11,15715.874420315027,15208.41451032283,507.45990999219794
10,14,19,14960.978006094694,16035.524467329577,1074.5464612348824
11,29,3,15262.13185441494,12985.935266971543,2276.196587443397
9,26,4,14657.844147861004,14649.947372678911,7.896775182092824
6,12,5,14762.44428217411,13308.810570217363,1453.633711956747
7,13,12,17145.327157199383,17146.7882923248,1.4611351254170586
2,25,15,17936.28042137623,16322.014293329217,1614.266128047011
9,25,4,13573.47293573618,14418.063311358794,844.5903756226144
10,7,20,16962.063049912453,17082.669946263355,120.60689635090239
11,27,20,18156.85713469982,15569.94056100789,2586.9165736919313
2,23,3,12276.49528838694,13358.944647249564,1082.4493588626246
1,11,4,15845.610181719065,13382.655290683995,2462.9548910350695
9,22,21,16928.714564800262,17179.865349419466,251.15078461920348
2,4,14,17448.033270955086,16166.963562733652,1281.0697082214338
5,30,3,13641.828799933195,14293.553155100948,651.724355167753
11,26,17,18553.41850709915,15805.11750418371,2748.301002915441
7,9,15,13977.053746759892,15150.723957342232,1173.6702105823406
12,15,10,16086.522597521544,14623.529017279467,1462.9935802420769
9,20,10,15646.30094024539,15507.114376108562,139.18656413682766
11,7,15,14355.589154839516,16996.88938166158,2641.3002268220625
9,18,19,17456.00006312132,15962.95253875504,1493.0475243662786
10,15,7,13261.63572821021,14407.84567792851,1146.209949718299
9,14,20,16747.301692962646,16994.083597968212,246.78190500556593
10,26,19,17616.554752647877,15331.486551016447,2285.0682016314295
2,22,3,12082.17318663001,13190.727174193898,1108.5539875638879
1,9,3,15221.868918776512,12606.916652813885,2614.9522659626273
10,3,16,17510.742333889008,18205.09567374335,694.3533398543441
2,12,17,18678.593847990036,16990.79912032937,1687.7947276606646
7,11,6,15000.663917303084,13489.189263063403,1511.4746542396806
9,5,15,17483.565180420876,17759.996093123475,276.430912702599
4,3,22,18229.33911317587,16280.964561330546,1948.3745518453234
2,15,3,13328.276923507452,14004.862619712589,676.5856962051366
4,28,5,16961.086988687515,13951.25505278543,3009.831935902086
10,10,21,16696.32422977686,16997.25120978587,300.92698000901146
2,15,14,17614.766674101353,16102.189822850747,1512.5768512506056
9,22,3,13670.42042195797,14407.971163457345,737.5507414993754
9,30,4,14861.810595750809,14913.98280990392,52.17221415311178
10,21,19,19392.650712251663,16249.308422118163,3143.3422901335
8,8,13,13550.119645655155,14748.961723315628,1198.8420776604726
12,13,16,17612.730069041252,15857.252722832094,1755.477346209158
10,2,18,17125.21045333147,17831.205156949043,705.9947036175727
6,8,22,19596.147994577885,17544.48472484428,2051.6632697336063
5,21,14,13045.188410043716,15654.909077846733,2609.720667803016
2,19,22,17725.6939817667,16000.866982448793,1724.8269993179074
4,27,16,15406.108267068865,16106.859317005885,700.7510499370201
11,24,19,18603.56426769495,15809.022090700377,2794.5421769945733
7,20,3,12357.34576153755,13229.38214337408,872.0363818365295
11,12,16,15795.851564735174,16211.610122369184,415.7585576340098
9,13,20,18413.41687822342,16113.384010821748,2300.032867401671
8,11,19,13748.217012792826,15802.173222563633,2053.9562097708076
2,16,21,18463.273101329803,15932.073161092845,2531.1999402369584
6,24,16,13694.95236748457,15213.548904494748,1518.5965370101785
11,9,16,17648.293967068195,15329.018490335306,2319.2754767328897
9,24,10,12706.454974234104,13685.335656802836,978.8806825687316
9,1,13,15584.722960025072,16458.53745011239,873.8144900873194
7,4,22,19546.116244494915,17305.96843591858,2240.147808576334
7,28,3,13115.467073842883,13882.001601336728,766.5345274938445
12,26,13,17619.79626017809,15485.44550460631,2134.350755571779
8,7,15,16605.63624879718,17544.6808251001,939.0445763029202
2,17,18,18183.415022432804,16743.494187883,1439.9208345498046
9,12,3,13942.818194240332,14472.454883464557,529.6366892242258
8,27,3,12152.639065533876,12861.573019355234,708.9339538213571
3,5,13,16551.674006789923,15510.584817287301,1041.0891895026216
3,14,12,15622.025313317776,15386.411879944351,235.6134333734244
9,18,20,14989.949799865484,16040.280484487947,1050.3306846224623
7,22,3,15124.669625163078,13076.445857559447,2048.223767603631
7,21,13,15773.823339283466,16404.93442969848,631.1110904150119
11,20,21,18347.764867663383,15975.105523654729,2372.6593440086544
3,25,2,11998.673814550042,13222.221789078325,1223.5479745282828
1,11,7,16365.440294742584,13903.70131848344,2461.7389762591447
10,28,5,14010.979256302118,14664.82486021273,653.8456039106113
2,8,13,16377.931827872992,15767.507657699236,610.4241701737556
7,29,12,16337.6045050025,16675.016833031204,337.412328028704
3,10,20,17974.20491117239,15708.832358429412,2265.372552742978
2,22,4,12874.764634236692,13738.809404119238,864.0447698825465
1,13,3,15508.657852590084,13274.358563959493,2234.299288630591
4,27,3,12861.876524969935,12993.889073946102,132.01254897616673
4,8,1,12517.759373307228,12810.459155029886,292.6997817226584
10,8,17,17071.200638592243,17946.93039471814,875.7297561258965
11,23,20,18652.124543964863,16109.573737368124,2542.5508065967388
6,26,2,11941.138901382685,13233.227211045827,1292.0883096631424
1,8,3,14748.526387304068,13097.187475800976,1651.3389115030914
9,2,16,17704.210792183876,18246.68762774791,542.4768355640335
2,9,17,18703.77950847149,17020.780888768604,1682.9986197028848
9,10,3,14154.762917369604,14527.421357696136,372.6584403265315
8,26,4,12167.210060194137,12876.30971219589,709.0996520017543
10,2,13,15395.71321502328,16317.313195449264,921.5999804259845
4,2,21,18683.991712629795,16879.321796285436,1804.669916344359
6,28,2,12666.808228507638,13617.06128727549,950.253058767852
12,26,15,18509.314483463764,16121.132146009593,2388.182337454171
7,7,15,16473.014134913683,17434.923630833262,961.9094959195791
2,21,18,18019.024166226387,16685.96733454428,1333.0568316821082
9,18,3,14023.875567764044,14553.424760017511,529.5491922534675
8,25,3,12279.331402420998,12998.061415151682,718.7300127306844
10,2,14,15458.288992285728,16530.666734348713,1072.377742062985
4,2,21,18876.64979404211,17004.280554575627,1872.3692394664831
2,23,3,13342.244646713138,14257.642826302335,915.3981795891978
2,23,7,16864.172311246395,13878.821874368601,2985.350436877794
9,8,21,16574.143920451403,16788.40992271708,214.26600226567825
12,17,20,18185.01773136854,15803.055069641956,2381.962661726586
12,11,18,18379.915832281113,16194.612615339918,2185.3032169411945
7,24,3,12303.323028340936,12865.597799875752,562.274771534816
11,5,20,18924.429221332073,16171.774740902785,2752.654480429288
4,17,12,15518.470138669014,15624.022839955696,105.55270128668235
9,12,16,15676.517827242613,17559.23034466463,1882.7125174220164
2,17,15,18071.555125176907,16270.362086121,1801.1930390559064
10,11,5,13562.659571737053,14377.927671751857,815.2681000148041
8,29,5,13717.233220547438,13731.988274695768,14.7550541483306
1,17,2,14561.613123387098,12930.55555436799,1631.057569019109
9,12,21,17266.328400969505,17603.42820109222,337.09980012271626
2,19,14,17506.18765491247,16150.813814450408,1355.3738404620635
8,24,2,13455.440886616709,14226.695201061622,771.2543144449137
8,27,4,12785.027697786689,13521.250773881933,736.2230760952443
11,4,14,15424.654250562193,15968.0171908675,543.3629403053073
10,8,21,18723.281047701836,16758.48464606448,1964.7964016373553
7,14,17,13181.569795027375,15558.259503150179,2376.6897081228035
6,26,7,16470.541993290186,14077.167897141746,2393.37409614844
2,24,4,13182.641001716256,13599.862091243664,417.22108952740746
1,13,4,15230.707604289057,13218.93476579473,2011.7728384943275
10,2,16,17769.983375012875,18303.914504302986,533.9311292901111
11,12,21,19422.38120907545,16903.488401726107,2518.8928073493444
4,26,2,12134.47181840241,13419.470673472277,1284.9988550698672
7,14,5,16401.892490506172,13751.49509478734,2650.397395718832
7,25,12,15553.577994644642,15935.17124262046,381.5932479758176
3,16,3,13519.960174024103,12742.44574931587,777.5144247082335
10,3,16,16501.02176064253,17789.979521395813,1288.9577607532847
3,16,13,17730.445513427258,15916.117313451032,1814.3281999762257
8,18,1,12887.69580502808,13935.598062615687,1047.902257587608
9,5,18,14757.71653687954,16943.995289916675,2186.278753037135
2,14,14,17791.286116302013,16142.439680485115,1648.8464358168985
6,24,17,14653.67087095976,16398.91565405901,1745.2447830992478
11,27,19,17759.897955834866,15465.534457911013,2294.3634979238523
3,26,5,13392.521437376738,13578.521892563867,186.00045518712977
3,14,6,16137.34626954794,13575.245825546053,2562.100444001886
9,4,21,16933.411141753197,17140.284215790223,206.87307403702653
4,8,12,17417.545711517334,15360.055260745394,2057.4904507719402
6,25,1,12350.7585785985,13322.959743835037,972.2011652365381
9,1,12,14602.437499284744,15949.02725463435,1346.5897553496052
3,18,14,17645.481434345245,16103.31123528774,1542.1701990575057
9,7,5,13352.43033772707,14334.66825767961,982.2379199525403
9,12,20,16614.577871859074,16829.720323066467,215.1424512073936
7,20,19,17535.798399686813,15263.324826614135,2272.473573072679
2,22,2,11993.30670814216,13041.03280828626,1047.7261001441002
11,17,9,15731.184227705002,15077.188761542995,653.9954661620068
11,12,21,18257.02234208584,16304.338327059457,1952.6840150263815
6,25,2,12361.490740865467,13491.594675589246,1130.1039347237784
10,2,12,14801.222210377457,15691.268910892333,890.0467005148766
11,17,21,18185.270358979706,16383.03960689137,1802.230752088335
8,13,14,17158.1299636364,18147.67221621782,989.542252581421
2,12,21,18103.585517525673,16306.47621758058,1797.109299945092
8,27,4,13726.619812697172,14480.383579964016,753.7637672668443
6,29,20,16177.58295816183,16761.843133103263,584.2601749414316
6,24,6,15974.766458034515,13384.341123790904,2590.4253342436114
2,24,4,11984.304388836026,13151.6728502141,1167.3684613780733
1,16,4,15186.62531647086,13025.71419753498,2160.911118935879
9,6,16,16681.40771764517,17773.94406656028,1092.5363489151132
11,16,21,18822.770394206047,16301.735316893704,2521.0350773123428
5,27,2,11991.521295309069,13273.674514195482,1282.153218886413
3,13,3,15444.292356342075,13571.851422829324,1872.4409335127511
10,2,17,18335.2671828866,18451.55629704336,116.28911415675975
9,8,22,19464.719300091267,17411.032538086856,2053.6867620044104
5,27,3,12840.237903788686,14017.583940693352,1177.346036904666
11,7,12,15737.77264097333,15545.845945860006,191.92669511332315
11,20,21,17721.968544721603,16004.034661036241,1717.9338836853622
5,21,7,13022.510775789618,14713.514919765561,1691.0041439759425
1,23,4,15111.818425774574,13250.091064310436,1861.727361464138
1,23,3,12890.865338295698,13331.82587520629,440.96053691059205
3,14,4,15520.965656548738,13513.22096340921,2007.744693139528
10,8,20,16804.684250354767,17072.81149217329,268.1272418185217
9,12,15,17915.961943507195,15571.853863347746,2344.108080159449
4,24,1,12211.889467820523,13320.131942306822,1108.2424744862983
2,8,4,15536.17785781622,12820.596905367986,2715.580952448234
7,17,13,16732.716549515724,17803.8590419367,1071.142492420975
2,19,20,18100.52363806963,15998.696025398613,2101.827612671017
9,8,17,14313.00335752964,15629.36884848267,1316.3654909530305
11,25,20,17875.261830866337,15940.855300867317,1934.4065299990198
7,19,5,12869.43074671924,13662.546386236141,793.1156395169019
3,7,2,14325.932887881994,13138.537926047098,1187.394961834896
11,5,18,16500.21056354046,17660.20274343202,1159.9921798915602
9,10,21,18753.053375720978,16725.65318029599,2027.400195424987
8,13,15,13484.32122591138,15333.716023135281,1849.3947972239002
8,27,6,16286.78411385417,13765.482357979854,2521.301755874316
8,14,18,14230.57826796174,15278.723383771492,1048.1451158097516
11,28,19,17402.173157334328,15630.844404322861,1771.3287530114667
3,23,5,12974.76579771936,13726.451318323132,751.6855206037726
5,20,5,16447.758345663548,14110.777759082428,2336.9805865811195
7,23,14,16150.3397770226,16796.509039627937,646.1692626053373
4,14,13,17188.052391827106,15484.587627671128,1703.4647641559786
6,29,1,12881.710253104568,13919.656818172498,1037.9465650679304
3,4,19,18902.00606018305,16048.81692591245,2853.1891342705985
2,20,5,13228.37849251926,13851.964880588637,623.5863880693778
1,12,2,15051.620054781435,13171.803357410965,1879.8166973704701
8,6,16,17174.29484987259,17823.06144942069,648.7665995481002
11,13,21,19258.65637111664,16618.181414704595,2640.474956412043
4,25,1,12086.984184205532,13343.07397408297,1256.0897898774383
10,2,12,14490.90281906724,15803.363032939891,1312.4602138726514
9,8,15,17525.448049604893,18430.86360281185,905.4155532069562
2,19,6,16228.305743187666,13651.614890357401,2576.6908528302647
1,23,13,13329.251139238477,15363.339969516617,2034.0888302781404
2,25,9,16164.65506824851,14158.70198026506,2005.953087983451
5,23,17,14679.994586020708,15918.859773542763,1238.8651875220548
12,18,19,18607.481636106968,15694.163213793216,2913.3184223137523
3,24,3,12180.395499035716,13167.426852871207,987.0313538354912
2,6,4,15462.932254970074,12905.473871915221,2557.4583830548527
10,2,16,17661.980970144272,18090.340173035504,428.3592028912317
10,9,21,19376.767981529236,16927.123107729574,2449.6448737996616
4,25,6,13196.136278480291,15109.676632233035,1913.5403537527436
2,9,20,18344.39458566904,15935.694597709346,2408.699987959695
5,30,1,12430.063963234425,13755.396547298455,1325.33258406403
9,23,9,14362.53969502449,14842.180748402568,479.64105337807814
3,3,13,15593.112165242434,15748.403267243026,155.29110200059222
11,5,14,14747.399405688047,16537.037407173415,1789.6380014853676
4,2,21,17953.609199106693,16116.86919528087,1836.7400038258238
7,23,13,13781.479374855757,15004.74402799003,1223.2646531342725
2,15,7,16125.111465126276,13734.361430386918,2390.750034739358
1,23,7,12618.93673157692,13628.65478655701,1009.7180549800905
1,17,7,15806.125634402037,13777.729655596533,2028.3959788055035
9,10,9,14586.60972326994,14663.934263168008,77.3245398980689
11,2,17,14840.794931292534,16500.85200924221,1660.0570779496775
6,4,21,18446.180546820164,16306.064396973623,2140.116149846541
12,10,18,18195.625630378723,15961.043695187436,2234.581935191287
8,25,2,12169.598129317164,12708.716258199815,539.1181288826501
6,4,15,16073.808374792336,15767.80518227795,306.00319251438486
3,14,10,16047.32020571828,14954.059566138923,1093.2606395793573
7,17,19,15963.034038066864,16553.137754005536,590.1037159386724
11,27,20,18672.001743733883,15799.94135590846,2872.0603878254224
2,15,17,13149.016512736678,15143.501770157758,1994.48525742108
6,22,7,15897.350449055431,14012.059889659622,1885.2905593958094
4,28,1,12195.755134761332,13511.855655305291,1316.1005205439596
11,20,18,18249.95369029045,15864.27391974684,2385.679770543611
3,24,5,12709.532847970724,13609.663538807257,900.1306908365332
2,10,6,16322.129833489656,13829.92046604881,2492.209367440846
9,7,16,17241.821062028408,17843.372231793266,601.5511697648581
11,21,21,18662.6372975111,16124.740450589807,2537.896846921294
4,26,3,12748.32307946682,14113.514517656047,1365.1914381892275
9,18,7,16304.014055132866,14817.148180469421,1486.8658746634446
11,25,21,16028.5392293334,15885.861983885428,142.67724544797238
9,27,2,13902.57371354103,14496.455824846573,593.8821113055419
12,11,7,14811.557796508074,13887.592907555505,923.9648889525688
6,8,6,12562.201737493277,13147.603715404959,585.4019779116825
4,11,11,16177.62601968646,15273.730026697624,903.895992988837
9,8,15,16407.74065566063,17094.306252010287,686.5655963496574
12,19,20,19101.186527192593,15800.91967975702,3300.2668474355723
5,26,2,11961.050755426288,13175.16690572981,1214.1161503035219
9,10,15,17385.142119288445,18369.185407070487,984.0432877820422
3,9,21,18234.631989717484,16479.386741183203,1755.24524853428
8,27,5,13263.05347764492,14319.1499534595,1056.0964758145801
8,28,12,13593.09709778428,14790.964937505174,1197.8678397208932
10,3,15,15334.573642134666,16447.12475638844,1112.5511142537725
4,2,21,18191.779621064663,16271.06272057922,1920.7169004854422
4,19,14,13627.637771964071,15401.200117429265,1773.562345465194
3,12,21,18990.19688284397,16461.579861262166,2528.6170215818056
9,16,11,14663.762441784143,15352.927380712736,689.1649389285922
9,15,14,15571.781126379969,16825.14690851438,1253.3657821344113
11,23,20,18457.42657661438,15643.4447680589,2813.98180855548
3,16,12,13015.703774020076,14571.59679505902,1555.8930210389444
2,19,7,15418.424273222685,13675.223502163508,1743.200771059177
2,27,9,12802.61238400638,13925.322631288578,1122.710247282199
2,23,21,18735.020849645138,16132.74344562602,2602.277404019118
10,16,21,17275.4877923131,17372.55782980625,97.07003749315118
11,12,19,17925.70205026865,15464.126644560387,2461.575405708263
3,18,13,13438.970468610523,14957.41013664438,1518.439668033856
2,18,6,15586.280556887388,13541.194054226242,2045.0865026611464
2,25,4,12699.961091265082,13345.69073435225,645.7296430871684
2,12,5,15802.286596953869,13444.13075430898,2358.1558426448883
9,9,21,17068.544767796993,17477.365017128395,408.820249331402
2,5,13,18038.421537578102,15887.91080294354,2150.510734634563
7,26,1,12056.07236622274,13050.399101584577,994.3267353618376
5,28,19,14751.749850004911,16067.648119159936,1315.8982691550245
5,27,7,14118.066296190023,13462.180013628098,655.8862825619253
7,18,12,13596.220083594322,15093.581127399753,1497.361043805431
10,2,15,14936.99314698577,16756.35299789294,1819.3598509071708
3,24,14,17644.626765608788,15897.605120967366,1747.0216446414215
9,15,5,13453.60318478942,14293.99810544503,840.3949206556117
9,11,20,16804.52389743924,16923.787643394622,119.26374595538073
11,28,20,18002.498383402824,15605.035339087732,2397.4630443150927
2,23,3,12126.907343909144,13251.565600811777,1124.6582569026323
2,9,6,16209.633445888758,13452.985651933992,2756.647793954766
9,7,15,16708.79935851693,17474.371743329204,765.5723848122725
11,14,21,18871.099368572235,16387.69569259671,2483.4036759755254
6,27,2,11991.332849875093,13268.725848660988,1277.3929987858955
11,23,11,17401.605565428734,14894.758203852447,2506.847361576287
9,5,17,17194.332812666893,17989.566612249506,795.2337995826128
2,8,18,17478.898131370544,16801.048051750688,677.8500796198568
9,26,22,14556.289488613604,15955.398501639203,1399.1090130255998
6,30,4,13188.98745022714,14065.62152011281,876.6340698856711
3,23,4,13858.401201575994,13426.757012372573,431.6441892034218
7,29,3,13069.815911144018,13683.04374709341,613.2278359493921
9,19,5,15799.911651343107,13763.297014377107,2036.614636966
6,7,15,15867.72494032979,16549.918298915094,682.1933585853039
2,11,14,17424.22557926178,15753.113649622861,1671.1119296389188
7,29,4,13119.689974024892,14240.979003758079,1121.289029733187
3,17,3,13417.65173304081,12739.186349297706,678.4653837431033
7,18,11,16809.806521236897,16810.586104880404,0.7795836435070669
11,23,20,18903.416837751865,16178.822846936135,2724.5939908157306
5,25,12,14001.737022787333,15832.335570384195,1830.5985475968628
2,19,6,15624.213658988476,13461.186514687308,2163.027144301168
2,26,4,12651.861368253827,13335.346409533126,683.4850412792985
2,10,4,15608.85873952508,13179.148319595639,2429.710419929441
9,22,21,16650.34846520424,16976.625299784726,326.27683458048705
11,3,15,15554.32398429513,15997.122163432425,442.79817913729494
11,23,20,17067.713065207005,15479.977775659285,1587.7352895477197
8,28,6,13292.11857138574,14266.758042271804,974.6394708860644
10,3,14,14883.25154402852,16120.41492905783,1237.1633850293092
10,13,21,18224.03475356102,16429.91000479998,1794.1247487610417
7,27,2,12076.448874622583,13418.522939216744,1342.0740645941605
10,2,14,14712.2612015903,16176.244540119516,1463.9833385292168
11,18,21,18324.21390467882,16436.347240440027,1887.8666642387943
7,26,2,12137.957136183975,13396.482338093892,1258.525201909917
12,21,12,17414.967761576176,14979.313066879518,2435.6546946966573
10,3,18,17088.09469997883,18538.75185539695,1450.657155418121
4,3,22,19028.57167315483,17562.63388205132,1465.9377911035117
6,27,1,13024.399536281824,13950.333439005222,925.9339027233982
2,4,5,16216.042641192676,13515.95062273522,2700.092018457457
10,2,16,17108.22698801756,17631.131488207393,522.9045001898339
2,12,17,18581.52496927977,16971.514287331942,1610.0106819478278
12,10,18,18273.853246569633,16051.24908277771,2222.6041637919243
9,6,15,17435.684866130352,17724.52447911638,288.8396129860266
6,3,22,19211.07051563263,16814.378614208632,2396.6919014239975
3,19,11,13327.130461677909,14884.322110932273,1557.1916492543642
2,21,6,15424.521375000477,13563.715914831184,1860.805460169293
3,28,12,12675.524701312184,14108.038682266711,1432.5139809545271
3,16,12,16798.610524833202,15586.332893041725,1212.2776317914777
9,23,4,12162.171451702714,13427.525544454718,1265.3540927520044
8,21,10,14188.451383471487,14537.758732895414,349.307349423927
8,27,3,15358.008544057608,13557.855963746355,1800.1525803112527
8,27,13,15813.836518079042,16706.0078954717,892.1713773926567
2,16,14,17488.492239058018,16091.840015473446,1396.6522235845714
9,17,3,13892.376744508743,14542.06776805785,649.6910235491068
8,27,3,12549.946017473936,13214.8780696241,664.9320521501631
12,19,20,18684.501889169216,15782.307968842719,2902.1939203264974
9,22,14,15400.076782852411,16268.093314422746,868.0165315703343
11,23,4,13286.750644758344,13179.58633242479,107.16431233355434
7,24,2,12111.912500813603,13223.222554196007,1111.3100533824036
10,2,11,14484.056856870651,15769.4058114258,1285.3489545551492
3,21,14,17509.709677517414,16053.411671707332,1456.298005810082
9,9,2,13089.815323621036,13987.136455121705,897.3211315006683
9,23,3,11965.286984175444,12465.251057408794,499.96407323335006
4,3,20,17212.978862941265,15422.280575387053,1790.6982875542126
10,1,15,17249.274396777153,17335.086517120224,85.812120343071
4,28,3,12690.710655555127,13036.107522243869,345.3968666887413
4,9,2,12842.600546106696,13011.697823400687,169.09727729399128
6,25,3,12601.875140354035,13235.569086453337,633.6939460993017
12,19,20,18152.53621828556,15766.60167091792,2385.9345473676403
11,12,20,16162.351071625948,16072.110393978637,90.2406776473108
10,3,17,16637.262683033943,18703.735254805015,2066.4725717710717
11,14,21,18936.431493520737,16423.756554454067,2512.67493906667
4,27,3,12528.9358894974,13697.20673215625,1168.2708426588506
11,4,11,15236.681263029575,15527.421692742786,290.7404297132107
3,20,16,16642.189741671085,16170.994316897699,471.19542477338655
10,19,5,13083.947473198175,14237.804353583153,1153.8568803849776
7,22,20,16604.421913802624,16964.384648201518,359.9627343988941
3,5,21,18414.19526654482,16008.285311981346,2405.9099545634726
5,28,16,13360.652013108134,15140.671327488735,1780.019314380601
11,29,18,17950.66379082203,15400.810319129132,2549.853471692897
8,5,19,15743.325527101755,16183.635463406648,440.3099363048932
7,12,14,15244.64764508605,15924.551486732207,679.9038416461572
11,22,21,18390.967470049854,15989.94914767561,2401.0183223742442
7,25,1,11919.113956809044,13198.534030844467,1279.4200740354227
6,5,20,17926.31885534525,15647.74591106203,2278.57294428322
4,13,11,15375.278265982866,15412.289043780329,37.01077779746265
8,29,2,12656.091650411488,13543.344775268148,887.2531248566593
3,1,20,17714.66613036394,15989.13357696403,1725.5325533999112
10,10,17,14661.419894844294,15430.195521882939,768.7756270386453
10,4,17,17676.913886666298,18691.120052260387,1014.2061655940888
2,8,21,18827.822126209736,16554.191030039445,2273.631096170291
8,28,2,13211.98353470862,13780.779453016668,568.7959183080493
10,2,14,14646.348361223936,16352.700645274985,1706.3522840510486
4,22,13,17248.203190088272,15619.74471687566,1628.4584732126114
9,12,1,12800.08549273014,13882.678432407727,1082.5929396775864
10,20,4,12254.552570819857,12505.241540508296,250.6889696884391
9,1,12,15386.942197620869,16320.082910906976,933.1407132861077
5,3,22,19202.729703366756,17220.793333804577,1981.9363695621796
2,21,4,13476.874452918768,14544.948170830678,1068.0737179119096
4,30,6,16689.007871687412,14015.382487165398,2673.6253845220144
5,21,8,13618.36478021741,14063.489791443224,445.1250112258149
10,2,15,15061.194477200508,16569.300840470794,1508.1063632702862
6,4,21,18853.115235447884,16568.860081594994,2284.2551538528896
8,27,2,12429.44613288343,13461.967048918463,1032.5209160350332
10,2,15,14917.227907180786,16339.999692626456,1422.7717854456696
11,17,21,18381.89748263359,16438.312317360065,1943.5851652735255
7,27,3,12500.784930408,13743.067057441755,1242.2821270337554
12,26,14,17878.158846199512,15831.425879319977,2046.7329668795355
9,4,16,16481.97011181712,17684.143611313557,1202.1734994964354
9,8,22,19177.553885519505,17176.86744305203,2000.686442467475
3,26,3,12416.00027434528,13676.529347581509,1260.5290732362282
1,12,3,15394.293415039778,13438.5867776873,1955.7066373524776
9,9,21,17313.20804744959,17287.351128622573,25.85691882701576
4,28,3,12555.656385749578,13171.987322804087,616.3309370545085
11,6,17,15078.671304553747,17340.169082848377,2261.49777829463
7,13,19,17163.00452822447,15399.155342371821,1763.8491858526468
5,20,17,13594.778137683868,15523.956136026816,1929.1779983429478
7,27,6,16118.72974717617,13884.794873916439,2233.934873259732
4,28,1,11966.015749216078,13445.524739241551,1479.5089900254734
10,24,18,17715.12381285429,15641.721972607369,2073.401840246921
4,7,18,13613.190425395966,14896.51248104645,1283.322055650484
4,27,11,17213.282344162464,15393.030472448761,1820.2518717137027
8,28,2,13633.727081656456,14210.37598378459,576.6489021281341
11,16,16,14825.595443427565,14687.427570464979,138.16787296258553
12,17,16,17676.73671925068,15817.25608789264,1859.4806313580393
9,7,17,16796.393061369658,17554.643928589612,758.2508672199547
3,24,16,18619.556907832623,16417.00043158444,2202.556476248181
10,7,7,13693.715886563064,14484.182346185884,790.4664596228195
12,11,11,16587.183360219,14870.746805047944,1716.436555171058
6,13,10,15414.52617996931,15060.942657548316,353.583522420995
2,6,12,16448.36120700836,15641.539985893143,806.8212211152186
10,14,9,12922.74050410092,14046.40032207686,1123.6598179759403
9,2,15,15284.751458138227,16773.301148593848,1488.5496904556203
7,7,21,19435.503901124,17010.387437414385,2425.1164637096153
4,27,6,13923.953965574505,15029.723635928884,1105.7696703543788
5,18,20,18922.950365543365,15911.68531638336,3011.265049160005
5,29,1,11789.201643154023,13097.463066496008,1308.2614233419845
8,10,15,17350.233576655388,18350.53897749912,1000.3054008437321
2,14,21,18337.90500885248,16247.765241234187,2090.1397676182914
10,7,16,14625.262978106735,15846.779778482782,1221.5168003760464
12,13,7,14685.867357760668,13820.239771020624,865.6275867400436
11,8,21,16753.23434072733,15724.200218282169,1029.0341224451604
10,13,15,15329.941862523556,16082.238657445276,752.29679492172
5,18,12,15012.377062112091,15517.249729437219,504.8726673251276
9,21,18,15170.378408282995,15131.484218144367,38.89419013862789
7,15,6,12844.013784334064,13925.572477008616,1081.5586926745527
12,14,16,17679.83468836546,16025.699074162027,1654.1356142034329
11,5,20,16534.953011721373,15815.760663158268,719.192348563105
10,2,17,16446.435331583023,17458.83598737662,1012.4006557935973
6,3,21,18251.718802690502,16162.980523554403,2088.7382791360997
5,15,12,13412.15544205904,14905.498032746129,1493.342590687089
5,27,17,18350.05984187126,16190.77810444385,2159.281737427411
8,25,3,13961.23745381832,14613.333542943268,652.0960891249488
9,25,5,13356.984196484089,13834.270984091132,477.28678760704315
1,5,2,14043.192147493362,12239.99361195255,1803.1985355408124
10,2,16,17381.199324071407,18359.680299715375,978.4809756439681
10,10,22,19589.397587955,17275.714504031712,2313.68308392329
4,27,2,12553.814377769828,13795.85622634498,1242.0418485751525
2,14,10,17781.69200861454,15157.140289736131,2624.551718878409
11,22,20,16338.396016836166,15934.14380814016,404.2522086960071
11,5,17,14032.70810163021,15167.971752965901,1135.2636513356902
10,3,17,17399.037458121777,18518.79076850797,1119.7533103861933
3,7,22,19175.43525850773,16983.193750511065,2192.241507996663
10,10,14,14582.898229956629,15603.036130345996,1020.1379003893671
12,14,15,15373.17768380046,14745.346606434601,627.8310773658595
8,1,15,16411.198701143265,17203.357107236727,792.158406093462
5,4,22,19367.487197697163,17147.48105505069,2220.006142646471
3,20,10,12941.652920663357,14897.689374382242,1956.0364537188852
1,26,4,14790.80460229516,13279.777117860815,1511.0274844343458
2,24,3,12538.620836496351,13193.01172315154,654.3908866551883
1,10,3,14708.696117460728,12592.716801664836,2115.979315795892
9,3,16,17977.68920367956,18546.772395482432,569.0831918028707
2,13,17,18636.223768413067,16915.061819955095,1721.1619484579714
9,20,4,14493.34133169055,14851.215486873734,357.8741551831845
8,23,16,13384.078507781029,14716.851984135763,1332.7734763547342
3,22,11,16819.938282817602,15492.904952118897,1327.033330698705
9,22,14,14805.828153073788,17627.044625093386,2821.216472019598
11,28,20,17385.543206632137,16298.228881218836,1087.314325413301
9,15,5,13168.920369639993,14296.022747629993,1127.1023779900006
8,28,2,12842.269177421927,13272.153989600918,429.8848121789906
1,6,2,14003.206856161356,12234.475573692007,1768.731282469349
5,11,12,15035.862817645071,15966.840167191755,930.9773495466834
3,12,13,15540.202264875174,15732.790480998472,192.58821612329848
10,21,4,12495.378453463316,13479.963964064358,984.5855106010422
7,26,3,12596.11330330372,13314.914837459412,718.8015341556911
5,12,4,14485.794491916897,13107.537231496317,1378.2572604205798
8,15,9,12643.573870256543,13519.863218119013,876.2893478624701
9,1,14,15702.463831216097,16851.92976922051,1149.465938004414
5,3,22,19494.505571842194,17225.03363871998,2269.471933122215
6,27,1,12228.147243916988,13269.186291033566,1041.0390471165774
12,24,14,18133.65968632698,15777.213009657482,2356.4466766694986
8,7,15,16568.028363734484,17228.796776355397,660.7684126209133
2,3,18,16946.374711215496,16596.044293636012,350.33041757948376
9,25,21,14517.929052144287,15592.396974494053,1074.467922349766
8,15,7,13148.348033830523,13839.040601970624,690.6925681401008
6,30,5,12619.637814208863,13606.464811153506,986.8269969446428
10,3,11,15223.349825114012,15758.324172812252,534.9743476982403
5,3,21,18659.70583295822,16804.280342333306,1855.4254906249153
9,24,3,12742.557141318915,13710.512125356823,967.9549840379077
12,18,12,17034.331771314144,15134.283947855287,1900.0478234588572
11,6,21,16053.07117486,15816.613592190091,236.45758266990924
11,2,17,16255.915152341127,17118.010916879724,862.095764538597
6,27,12,17007.94612967968,15317.062167224805,1690.8839624548746
10,15,6,13740.03368267417,14618.671024015843,878.6373413416732
9,9,20,16721.767029076815,16923.92080942451,202.15378034769674
10,28,20,17681.79583323002,15481.961555373038,2199.8342778569804
2,22,3,12152.636604875326,13258.496098809985,1105.8594939346585
2,13,20,18909.54633820057,16013.949698661128,2895.5966395394407
8,26,13,15790.474615693092,16646.022968972407,855.548353279315
4,13,3,14011.100648790598,12843.235507017944,1167.8651417726542
9,19,3,12244.247127756476,12826.925522691055,582.678394934579
6,8,13,14735.358173072338,15595.174627989434,859.816454917096
11,11,20,18175.248916924,15599.93965862628,2575.3092582977206
3,23,4,12795.755758956073,13830.380002780197,1034.6242438241243
11,24,7,16614.39414268732,14735.722209788088,1878.671932899233
11,26,21,15885.331362366676,15823.810605555931,61.5207568107453
11,3,19,14850.46162840724,16003.273586429668,1152.8119580224284
9,4,16,15846.97584721446,17304.420084700265,1457.4442374858045
10,14,21,19100.108758747578,16574.63303295287,2525.4757257947094
4,22,8,12920.755367815496,14787.663478767514,1866.9081109520175
1,24,5,14806.497862309216,13376.080165973131,1430.4176963360842
2,26,3,12411.146420300009,13189.003535228821,777.8571149288127
11,3,11,14607.940352022648,15812.638000292252,1204.6976482696045
11,20,21,18372.819293022156,16435.073456772825,1937.7458362493308
7,26,3,12729.490019142628,13812.020233707006,1082.5302145643782
12,25,14,18032.77514642477,15839.531997836792,2193.243148587979
5,12,21,14167.577206879854,15518.569588784057,1350.9923819042033
2,4,13,17331.064226329327,15612.29184817752,1718.772378151807
8,21,3,12818.47194352746,13367.513979222163,549.0420356947034
4,3,21,18472.41936916113,15881.352229209911,2591.0671399512175
10,2,15,16344.772403359411,17061.186635139566,716.4142317801543
11,16,20,18415.4132925272,15807.912774113045,2607.5005184141537
6,27,2,12232.379781678315,13385.546469243809,1153.1666875654937
12,10,17,18058.188007712364,15733.923625153624,2324.26438255874
8,8,13,17555.84620511532,17553.66309870461,2.1831064107100246
2,22,17,18235.274221599106,16504.38862944628,1730.8855921528266
9,17,3,13975.35589236021,14563.714320801824,588.3584284416138
8,27,3,12394.96533472836,13167.203324782187,772.2379900538272
1,8,2,14007.475278526545,12317.811883017275,1689.6633955092693
6,10,14,15551.522114425898,16808.615639849897,1257.0935254239994
2,10,15,17887.985896229744,16102.975668177824,1785.0102280519204
9,25,1,12434.76300084591,13354.284117356954,919.521116511045
10,2,14,14856.425854623318,16320.895739660118,1464.4698850368004
10,12,21,18522.0106613636,16616.804899613096,1905.2057617505052
6,27,1,12201.758731514215,13344.430610488553,1142.6718789743372
2,5,5,15398.4925288558,13342.410144709016,2056.0823841467845
10,5,16,15552.712663054466,17041.27010457538,1488.557441520912
7,3,22,18857.883171498775,16788.298079005108,2069.5850924936676
9,15,15,13565.843253791332,15250.111250941009,1684.2679971496764
2,9,22,18683.52336728573,16072.50153826318,2611.0218290225494
3,24,4,13770.346535354853,13990.323832187416,219.9772968325633
2,12,2,15269.234545320272,13237.751015497459,2031.4835298228136
9,2,17,18193.449588000774,18437.96110494119,244.5115169404162
10,10,22,19593.692257344723,17230.15527987565,2363.5369774690735
5,27,2,12185.493368387222,13461.841927136393,1276.3485587491705
1,5,3,14919.977693110704,13169.16325707431,1750.814436036395
5,6,14,15361.824205249548,16480.98743985917,1119.163234609623
10,4,16,17727.668250143528,18609.374465772347,881.7062156288193
3,7,22,18856.986671566963,16780.875882802175,2076.1107887647886
7,23,1,13210.000654026866,14208.485484905039,998.4848308781729
10,19,5,12693.706302285194,12947.294565454085,253.588263168891
11,3,15,15415.857396245005,16689.202084764107,1273.3446885191024
10,14,21,19427.588782787323,16806.661788823043,2620.92699396428
4,25,2,12766.086573541164,13815.804588237657,1049.718014696493
2,18,3,15552.97472319007,13458.09908394225,2094.875639247819
5,18,14,16092.746423214674,16877.49840899633,784.7519857816551
2,11,15,17701.645965754986,16377.20293638589,1324.4430293690966
9,11,2,13554.81376194954,14204.58179020682,649.7680282572801
9,28,5,12479.105503305793,13138.408477168306,659.3029738625137
6,28,4,16077.952944010496,13875.692275167043,2202.2606688434535
8,21,12,14570.910311609508,15235.526344020203,664.616032410695
2,7,11,17308.513931155205,15336.933619856673,1971.5803112985323
8,20,6,12943.743250101805,13706.89352557973,763.1502754779249
11,26,3,15468.842346698046,13112.81845282749,2356.023893870555
8,23,14,15850.252214074137,16544.70354115452,694.4513270803818
11,14,21,18130.957883238792,15930.11602353065,2200.841859708142
8,25,1,11984.902944028378,13251.107069639043,1266.2041256106659
2,5,3,14707.996880322697,12396.547216486046,2311.449663836651
8,5,15,15685.681729793549,17080.81292776892,1395.13119797537
11,24,21,17776.801859855652,16158.690719849672,1618.11114000598
7,29,21,14965.787363231182,16499.086004183253,1533.2986409520709
12,10,18,18431.428078591824,16326.689305951506,2104.7387726403176
9,6,14,17477.184692800045,17716.01069288214,238.82600008209556
2,13,17,18467.651433110237,16598.019712992627,1869.6317201176098
9,11,4,13901.284738570452,14546.97860582654,645.6938672560882
8,28,6,12647.143875703216,13323.831909493749,676.6880337905332
3,9,13,16847.89013361931,15576.97760277195,1270.9125308473576
9,17,8,13147.370537221432,13743.940478807654,596.5699415862218
5,20,2,12228.19215093553,13127.501269074484,899.3091181389536
9,25,4,15364.276661604645,13482.971207803137,1881.3054538015076
8,22,14,15871.789538145063,16699.66245011779,827.8729119727268
11,14,21,18446.65873479843,15975.630845642163,2471.0278891562684
7,26,1,11930.30708244443,13245.088640606991,1314.7815581625619
1,7,2,14553.040599107742,12352.37597136289,2200.6646277448526
9,2,16,17305.915475726128,18290.270970275975,984.3554945498472
10,9,22,20111.815903663635,17597.81157996887,2514.004323694764
6,20,12,12946.154080316424,15228.757098789749,2282.6030184733245
3,22,17,17477.02146911621,15426.8814520882,2050.1400170280103
4,28,1,12811.691803947091,13834.536376461117,1022.8445725140264
11,23,19,18219.03141450882,15937.140336152443,2281.891078356377
3,23,4,12698.635616526008,13483.81451240508,785.178895879073
2,7,4,15930.42703139782,13437.093602341229,2493.333429056591
6,13,14,16525.7628621459,17211.93550714106,686.1726449951602
10,11,20,19012.665156066418,16333.0644157565,2679.6007403099175
8,21,15,13444.363001823423,15424.903690980598,1980.5406891571747
10,3,17,17397.33632284403,18517.71162733725,1120.37530449322
3,7,22,18977.368649601936,16800.636024213854,2176.732625388082
8,28,2,13143.724046304822,13747.496711830978,603.7726655261558
12,20,13,17276.17759692669,15402.53066358563,1873.6469333410587
7,15,12,15265.771578520536,15779.053768580194,513.2821900596573
11,4,15,15537.32247415185,16343.476443376248,806.1539692243987
5,3,21,18017.75774729252,16159.629503962908,1858.128243329611
4,25,12,14016.230711758137,15342.932346983423,1326.7016352252867
4,17,20,19307.619375169277,16456.460024747983,2851.159350421294
5,29,1,12312.12623935938,13710.563720074571,1398.4374807151908
9,25,8,14572.8119905591,14829.191305066663,256.3793145075633
5,13,3,15195.521827459335,13417.320200576109,1778.2016268832267
10,7,21,16505.765910327435,16600.97590864815,95.20999832071539
11,2,16,15662.548668652773,16566.236058334358,903.687389681585
11,17,20,18148.213661432263,15881.420745080908,2266.7929163513545
8,27,3,12636.967617213726,13714.746566536629,1077.778949322903
5,4,21,17725.442174375057,15717.504435834053,2007.9377385410044
5,17,10,15430.210417568684,15113.349627205771,316.86079036291267
6,15,14,16963.498434066772,17231.09363880594,267.5952047391693
11,16,19,19444.96759390831,15938.81180029068,3506.1557936176305
3,16,11,13589.379042714834,14964.15721719447,1374.7781744796357
2,20,5,15293.644278138876,13260.05548657819,2033.5887915606854
1,23,3,12886.05864687264,13236.052464927372,349.9938180547324
11,2,10,14584.875369101765,15652.365987691282,1067.490618589518
12,10,18,18433.20139318705,16319.714014079476,2113.4873791075734
7,23,3,12449.835559740664,12919.258756344194,469.4231966035295
7,1,12,14403.730298936369,16465.213121748628,2061.4828228122587
3,26,14,18324.56577885151,16308.273410414902,2016.292368436607
4,25,11,13519.760860681534,15416.864714191188,1897.103853509654
2,23,21,17361.852806329727,15849.679437828434,1512.1733685012932
11,13,20,15640.276017785072,16366.74603617523,726.4700183901568
8,15,13,15852.81581017375,16696.3504150856,843.5346049118489
10,18,20,18284.38896626234,15554.188734313428,2730.200231948913
2,17,6,13383.486104235051,14333.3410274392,949.8549232041496
2,25,5,15655.560398370028,13497.295859218215,2158.2645391518126
2,27,3,12719.203236073256,13196.182460710874,476.97922463761824
11,3,11,15273.101060122252,15733.584711202962,460.48365108071084
11,14,21,18118.97037500143,16325.7295220034,1793.2408529980312
8,26,2,12669.813307762144,13701.06725703243,1031.2539492702854
8,23,5,15917.43065315485,13747.944150206247,2169.4865029486027
10,7,21,16406.33767017722,16587.82419671714,181.4865265399203
2,4,13,17708.742505013943,15818.161015927413,1890.5814890865295
6,30,19,15066.668622255323,16007.676887105776,941.0082648504522
2,11,11,18350.36086243391,15700.486870318318,2649.873992115592
8,23,3,13681.740681618452,14325.403363116233,643.6626814977808
6,23,12,15928.09719786048,16651.67498291789,723.5777850574123
11,25,20,18271.452464044098,15582.19316557089,2689.2592984732073
2,24,4,12511.647917687891,13633.974095468271,1122.32617778038
5,27,20,14957.660628259182,16275.454092113498,1317.7934638543156
2,24,2,14209.43013805151,12992.398233414437,1217.0319046370732
3,28,3,13282.663695961235,13678.212359181294,395.5486632200591
2,10,5,15458.764309495687,12982.427946516478,2476.3363629792093
10,3,16,18077.751883625984,18517.457981479332,439.7060978533482
7,4,22,19851.35355567932,17552.844843108334,2298.508712570987
3,24,2,12885.440406411886,13897.300320105118,1011.8599136932316
1,10,3,15964.259856134651,13331.477378083391,2632.78247805126
6,10,14,16299.799767255785,17002.33063645625,702.5308692004637
2,20,15,17892.825191378593,16234.149905046006,1658.6752863325873
9,10,18,15446.994159430264,16455.273738836928,1008.2795794066642
3,21,19,16261.501257359982,15369.978733497963,891.5225238620187
11,12,20,16569.112693935633,16413.09541453423,156.01727940140336
8,28,7,12938.178470790386,13476.223962756681,538.0454919662952
10,27,4,15786.8742621243,13430.476335082214,2356.397927042086
9,9,16,15856.85908228159,17300.90119986527,1444.0421175836818
8,25,16,17462.773435890675,16014.906617280441,1447.8668186102332
10,4,13,14282.918935984371,15525.0208164949,1242.1018805105286
9,2,16,15074.113754808905,16944.00604538578,1869.892290576876
3,20,14,18083.24161285162,16072.257238788781,2010.9843740628385
10,13,6,13576.456484228373,14501.086996276723,924.6305120483503
7,22,4,12894.520851626992,13383.50061675736,488.979765130367
2,6,2,13958.397853851318,12446.903862409174,1511.4939914421448
5,15,11,15032.53067585826,15818.994302727726,786.4636268694667
11,9,14,17062.367694616318,14753.437978778637,2308.929715837681
9,26,2,12021.641806513073,12690.411143915415,668.769337402342
8,1,13,15236.899441421032,16763.072431918215,1526.1729904971835
9,13,22,19651.00263541937,17301.97875450403,2349.023880915338
6,27,2,12313.871461436152,13424.14277678787,1110.271315351718
12,24,12,17440.353555619717,15341.583402001752,2098.7701536179648
6,14,13,15318.530148386955,16149.631602581629,831.1014541946734
11,5,14,16021.45130237937,16089.31539981352,67.86409743415061
6,4,22,17289.235491633415,16020.728475723077,1268.507015910338
8,12,15,14122.258028030396,15035.490915663117,913.232887632721
2,13,8,16047.87590444088,13826.56320269032,2221.3127017505594
7,25,18,13233.650863572955,15023.537272408712,1789.8864088357568
2,14,21,17999.973747730255,15975.157564148441,2024.8161835818137
2,10,14,14219.59142753482,15294.575634013549,1074.984206478728
3,18,10,16930.023635149002,15307.425304830196,1622.598330318806
8,26,4,12547.041825219989,13645.772165107523,1098.7303398875338
9,7,20,17452.25248014927,17386.719119530582,65.53336061868686
11,25,20,18168.41648834944,15592.860371401715,2575.556116947726
3,20,15,13311.153405711057,15073.615572882223,1762.4621671711666
2,14,9,15974.383415520191,14095.603417768398,1878.7799977517934
2,26,3,12545.701791584492,13248.163614983956,702.4618233994643
1,12,4,15372.320144295692,12945.943281999593,2426.3768622960997
10,3,16,17297.173576116562,18095.899614749695,798.7260386331327
11,13,21,19339.724407494068,16806.574743792422,2533.149663701646
5,29,6,12990.942782193422,14162.714662452057,1171.771880258635
5,18,6,15289.473051786425,13930.064894322553,1359.4081574638712
3,26,3,13392.170793533323,13606.558163915364,214.3873703820409
2,10,4,15391.524353951216,12742.26216833616,2649.2621856150563
8,6,16,16595.958888828754,17826.386313817082,1230.4274249883274
3,5,17,17006.02025425434,16349.300821488045,656.7194327662964
9,20,21,14430.520308792591,15559.681130004197,1129.1608212116062
8,21,16,14412.77116855979,15416.770330122023,1003.999161562233
2,12,5,15401.293578505516,13475.583233815121,1925.7103446903948
8,17,11,13395.407174691558,14229.716158803027,834.3089841114688
10,1,16,16137.900737941263,17260.215603113294,1122.3148651720312
7,6,22,19570.357012093067,17088.221808275684,2482.1352038173827
8,21,4,12902.27684737742,13815.980878093615,913.7040307161951
12,17,9,16042.975502938032,14445.147904514888,1597.827598423144
9,1,17,17765.54188632965,18128.516809799505,362.9749234698538
6,4,22,19595.23919135332,17512.69924845234,2082.5399429009813
7,27,2,12657.241803228855,13791.53126566009,1134.2894624312357
11,2,15,14986.385946065187,16525.25265709264,1538.866711027451
11,17,21,18193.14528656006,16291.99826481091,1901.1470217491478
7,26,2,12090.008538618684,13356.991711881197,1266.9831732625134
12,24,13,17866.158214449883,15698.962511430502,2167.1957030193807
7,8,14,15513.477462470531,16324.246270161795,810.7688076912636
3,11,17,18091.543874800205,16355.619402154041,1735.9244726461638
6,29,1,12992.781099185346,13896.009990168168,903.2288909828221
5,27,20,15054.69464763999,16333.379289003993,1278.6846413640033
3,21,11,14758.00976535678,15328.703483343312,570.6937179865326
5,21,21,14805.18797174096,15763.861707572187,958.6737358312275
5,14,4,12542.355911120772,13663.085212629201,1120.7293015084288
7,29,3,12720.507180050015,13575.448425113413,854.9412450633972
1,8,2,14037.140157788992,12233.217495363233,1803.922662425759
10,2,16,17081.40006828308,18382.11788165486,1300.717813371779
10,8,22,19495.779372751713,17383.024052558172,2112.7553201935407
4,27,2,12475.596809267998,13712.351858176398,1236.7550489084006
3,5,12,16834.939687669277,15300.495079078491,1534.4446085907857
11,14,20,16864.890003323555,15749.023452425949,1115.8665508976064
7,14,3,12507.259743273256,13386.703289749745,879.4435464764883
12,17,14,17675.16763931513,15804.529345175451,1870.6382941396769
7,16,13,15369.951760441065,15961.80350738864,591.8517469475755
3,6,15,15510.188792318106,16098.492697701542,588.3039053834364
10,22,4,12579.4954508394,13225.271491043897,645.7760402044969
7,29,3,12889.868361473083,13480.159619117607,590.2912576445233
5,27,4,16363.89992249012,13910.40137330336,2453.498549186759
7,25,14,16433.863006830215,17203.86806517587,770.0050583456541
11,17,20,18603.26078647375,15929.082027535433,2674.1787589383184
3,25,2,12088.188061401248,13375.315649420569,1287.1275880193207
1,9,5,16205.073025375605,13600.924578344873,2604.1484470307314
9,7,21,17306.825099170208,17481.58146826409,174.7563690938805
3,14,13,17707.57287198305,15508.767159318933,2198.805712664118
10,3,17,17652.748579263687,18669.58325392688,1016.8346746631942
2,8,22,18857.79868888855,16709.131098193648,2148.667590694902
6,28,4,14040.542428344488,14523.182899099489,482.64047075500093
11,3,12,15251.26107504964,15764.014135980431,512.7530609307905
4,25,14,16877.049757659435,15728.630654838742,1148.4191028206933
9,9,4,13582.272660821676,14312.56315420235,730.2904933806731
6,17,13,15672.86456951499,16574.692664818696,901.8280953037065
11,28,20,17849.110772013664,15504.330029811365,2344.7807422022997
4,21,14,12853.598049387336,14589.317112939294,1735.7190635519582
5,25,7,15923.607726335526,14110.001119944816,1813.6066063907092
5,28,1,12488.350197479129,13605.230110546141,1116.8799130670122
11,17,18,18467.37747979164,15943.86521093318,2523.5122688584615
3,22,4,12470.124714761972,13396.09476082351,925.9700460615368
1,9,3,14933.349731892347,12799.920179926223,2133.4295519661246
7,7,15,16285.02023178339,17392.106609813025,1107.086378029635
10,12,20,19007.829141795635,16372.840113975466,2634.989027820169
8,20,14,13619.528671711683,15474.814055480461,1855.285383768778
2,8,21,18670.406416773796,15959.886061817051,2710.520354956745
5,26,2,13280.373027905822,13522.543165160645,242.1701372548232
2,9,2,14955.853684663773,13206.839267336665,1749.0144173271074
6,6,15,16343.447338730097,17087.47838202717,744.0310432970728
2,18,15,17278.49963837862,16032.514738421529,1245.9848999570913
6,29,1,13300.540585383773,14335.30296056906,1034.762375185288
2,9,20,17411.725433826447,15865.9380885438,1545.7873452826461
7,11,7,15288.26855942607,13679.400627496867,1608.8679319292023
9,25,2,11979.34308603406,12660.787903225628,681.4448171915683
8,1,14,15695.00065383315,17080.532544534835,1385.5318907016845
7,8,22,19796.016625761986,17464.2568409042,2331.759784857786
2,20,4,12952.485559821129,14425.04987163417,1472.564311813041
2,19,10,17754.15313833952,15390.589668017597,2363.563470321922
7,27,5,12395.052893161774,13592.457915989657,1197.405022827883
6,23,4,13235.991770073771,13817.797898708464,581.8061286346929
10,2,12,14417.493582427502,15839.213812028083,1421.7202296005817
6,3,21,18783.843596160412,16937.95982459155,1845.8837715688605
3,14,11,12705.251097038388,14766.087232407457,2060.836135369069
1,22,5,15194.00688201189,13378.85320276639,1815.1536792455008
1,22,3,12581.687692552803,13177.01007649004,595.3223839372367
5,6,12,16603.90722605586,15290.147645226773,1313.759580829088
3,14,12,16035.0845810771,15416.700529134463,618.3840519426376
9,17,3,12798.695630759,13429.602253198693,630.906622439692
3,12,2,14514.6863142848,13056.079519482815,1458.6067948019845
10,2,17,17617.148591578007,18381.161312435852,764.0127208578451
10,14,22,19349.15939259529,17192.63097816182,2156.528414433473
5,26,2,12144.49100485444,13468.33272260032,1323.8417177458796
2,4,20,18228.887172222137,15769.748848260604,2459.1383239615334
10,2,15,16552.130048841238,16982.033587639195,429.90353879795657
11,11,21,18418.00354576111,16120.819945588448,2297.1836001726606
5,24,11,13145.546779125929,15296.291001395854,2150.7442222699246
12,10,18,18443.286812365055,16322.753528175592,2120.5332841894633
9,6,15,17515.53323608637,17862.61919696565,347.08596087928163
2,16,17,18476.203862011433,16520.386091315766,1955.8177706956667
11,2,18,14845.73347300291,16171.245702375749,1325.5122293728382
11,22,4,12876.372879654167,12525.34358407321,351.0292955809564
8,1,15,15924.808117598295,16992.248168874456,1067.4400512761604
8,12,22,19599.15902042389,17204.3698370454,2394.789183378489
5,26,2,12862.354302838445,13718.194553595104,855.8402507566589
12,27,15,18241.75395578146,16078.68361797835,2163.0703378031103
9,5,16,16590.62295076251,17876.687739811077,1286.064789048567
9,7,22,19426.481486439705,17393.5879785601,2032.8935078796057
3,26,3,12931.582880601289,13993.265419582654,1061.6825389813657
1,16,2,15578.313764721155,13324.883272335632,2253.4304923855234
6,15,15,16676.88133624196,17304.9765376293,628.0952013873393
2,15,15,17825.755841493607,16305.769135228855,1519.9867062647518
9,22,11,15905.26351684332,15956.764372891928,51.5008560486076
2,20,2,13857.250843703749,12884.950797900994,972.3000458027545
9,19,20,16391.296894788742,16574.37471705243,183.07782226368727
11,20,19,18271.42047548294,15570.377344494578,2701.0431309883625
2,19,3,12242.329864636064,13301.82972049533,1059.499855859267
2,8,6,16255.76546227932,13744.32773320887,2511.4377290704506
7,10,15,16785.701910078526,17537.378163519832,751.6762534413065
9,16,19,18661.066577136517,16230.734540893895,2430.332036242622
4,26,3,13130.53614680469,14141.70403534096,1011.167888536269
3,15,3,13603.55120563507,12749.223142791881,854.3280628431894
10,12,4,12630.668741434813,13002.347502252658,371.6787608178456
9,1,16,16540.497285544872,17715.526695994104,1175.0294104492314
4,4,22,19633.267028808594,17301.53796024656,2331.7290685620355
2,20,3,13132.355393692853,14179.96654024245,1047.6111465495978
11,18,6,15827.262281239033,14577.314870910686,1249.9474103283465
10,22,20,16698.937449157238,15805.129884936314,893.8075642209242
8,25,11,14691.250868558884,15433.068934484303,741.8180659254194
8,29,3,14234.445602983236,13323.042814476386,911.4027885068499
8,20,14,13790.12571889162,15035.843535209424,1245.7178163178032
12,19,13,16694.475865095854,15247.14812775397,1447.3277373418841
9,1,18,17734.712295353413,18368.21165751086,633.4993621574467
4,3,22,19192.111961722378,17316.755145915544,1875.3568158068338
3,18,10,12812.025018125772,14819.677616778896,2007.6525986531233
2,25,5,15110.866150915625,13458.946057035533,1651.9200938800914
10,15,19,14129.604734241962,15200.42432311544,1070.8195888734772
6,17,19,17411.501513898373,15623.91142074085,1787.5900931575234
8,6,19,14048.751185268164,15209.59310545434,1160.8419201861761
5,28,11,16879.197092354298,15375.160616726112,1504.0364756281851
8,25,3,13093.503850787876,14121.597005109155,1028.0931543212791
8,18,6,13436.33633363247,13899.336044668746,462.9997110362765
2,4,2,14026.85337471962,12254.600455085936,1772.2529196336836
9,6,18,15795.907339662312,16026.956076220411,231.04873655809934
3,8,11,16738.02911132574,15217.322275366767,1520.706835958974
3,18,2,13334.088588893414,12616.079917722984,718.0086711704298
5,28,1,12822.127251803877,13564.311089661715,742.1838378578377
9,22,3,15385.187748074532,13435.89599992959,1949.2917481449422
8,26,21,17357.456429719925,17044.017050224713,313.43937949521205
2,18,11,18030.134039580826,15514.845744376333,2515.288295204493
8,17,2,13620.229139178991,14123.111385998855,502.8822468198632
10,12,7,12908.32863202691,13110.454145740376,202.1255137134649
10,8,2,14036.841597884892,12963.339133731954,1073.502464152938
10,7,15,15137.749665796757,16507.193826632945,1369.4441608361885
11,17,20,18613.83669692278,15953.981738881965,2659.8549580408144
7,7,18,13750.571863025429,15619.054362248036,1868.4824992226077
2,15,21,18711.063877999783,15936.281624878822,2774.7822531209604
2,22,5,13917.919610589744,14087.135675782012,169.2160651922677
10,3,11,14449.686788350344,15660.155957803641,1210.4691694532976
10,13,21,18326.18489217758,16414.752138946682,1911.4327532308998
7,26,1,12371.165435120463,13455.281087082134,1084.1156519616707
12,25,13,17874.98787754774,15734.540585697076,2140.4472918506654
9,2,16,17255.090573370457,18555.84309406389,1300.7525206934333
2,18,19,18020.28484362364,17446.84270162006,573.4421420035833
9,24,5,14169.982090502976,15055.113814178761,885.1317236757859
8,20,17,13758.44802093506,15192.154541688604,1433.7065207535434
4,28,5,15803.192529410124,13732.81565740547,2070.3768720046537
2,25,4,13375.411863312123,13817.621201145219,442.20933783309556
2,13,5,15798.427054017782,13467.634887514494,2330.792166503288
4,24,3,13096.915963977575,12842.041824603832,254.87413937374367
12,3,14,15702.965395450592,15249.331116323334,453.6342791272582
9,3,18,17815.469468533993,18124.368624599854,308.89915606586146
4,2,22,19272.72887736559,17045.850641356858,2226.8782360087316
5,27,1,12047.25049521029,13166.066255878659,1118.815760668369
11,2,12,14746.27447462082,15874.693198008626,1128.4187233878074
3,19,14,17243.69854450226,15987.951340735788,1255.7472037664702
10,17,7,12998.97949807346,14476.698626852725,1477.7191287792648
7,20,5,13166.382815510036,13602.997246379535,436.6144308694984
2,5,4,14659.393542528152,13076.57767620387,1582.815866324283
10,2,16,17020.693161189556,17952.070463087686,931.3773018981301
10,11,21,19135.46842211485,16840.55205773462,2294.9163643802276
6,27,2,12313.861003637314,13573.59782242104,1259.7368187837255
9,19,5,15894.013796061276,13680.556877176672,2213.4569188846035
10,2,17,17885.302137970924,18392.140562848577,506.83842487765287
2,18,18,18298.642741024498,17290.816694855355,1007.8260461691425
10,23,5,14179.343255847692,14953.327412989222,773.9841571415291
8,25,21,16098.921445846558,16938.723668944906,839.8022230983479
2,6,21,18333.246982216835,16051.544366349393,2281.7026158674416
2,22,5,13576.46468642354,14022.097681706657,445.63299528311654
1,13,4,16081.78049838543,13557.582828849509,2524.197669535921
9,5,21,17477.83020555973,17487.824980318965,9.994774759234133
9,9,18,18577.908621430397,15895.628564079352,2682.280057351045
8,11,16,13829.775540441276,15205.586207335993,1375.8106668947166
3,17,2,13373.812435254456,12610.10082563938,763.7116096150767
10,3,16,16208.499492406843,17726.41080226248,1517.9113098556354
3,10,14,17788.55068421364,16212.644643346752,1575.9060408668865
9,13,20,15796.01724907756,16857.406353291102,1061.389104213542
4,24,1,13644.512148082256,12577.540343531768,1066.9718045504887
3,27,3,13040.226492077112,13413.689632214919,373.4631401378065
2,11,3,14893.740101099014,12503.877180845524,2389.8629202534903
10,3,17,17959.99542826414,18715.09365730457,755.0982290404281
3,15,17,18774.00916415453,16836.967771367134,1937.041392787396
8,26,2,12651.729517966509,13635.501247954753,983.7717299882443
12,21,13,17783.608041405678,15666.608408132854,2116.999633272824
8,9,15,16358.40363150835,16859.343886851653,500.94025534330285
11,11,15,16287.202425807714,16067.722811894962,219.47961391275203
4,3,21,16766.140084713697,15872.380730066609,893.7593546470889
7,28,3,13533.24321898818,13981.400813503387,448.15759451520717
1,12,2,15033.418563485146,13191.898934584162,1841.5196289009837
6,17,19,14853.818376779556,15907.188069139378,1053.3696923598218
11,2,16,14804.09666967392,16320.719649782573,1516.6229801086538
11,18,20,18083.3876119256,15931.499506160373,2151.888105765225
8,27,4,13014.868380442262,14076.64329592658,1061.7749154843186
10,3,15,14810.35822546482,16297.445822049001,1487.0875965841806
2,15,15,17415.920856654644,16188.227608122159,1227.693248532485
11,24,8,13029.876962214708,14635.1973857268,1605.320423512092
7,19,16,14157.087419480084,14941.66729744987,784.579877969787
10,3,17,17435.00572437048,18539.675210613746,1104.6694862432669
2,13,21,18794.94280666113,16486.871338684443,2308.071467976686
6,22,13,13243.14839041233,15119.358371192313,1876.2099807799823
11,28,20,18331.07011961937,15930.427629750011,2400.6424898693585
10,3,21,15988.069188266993,16596.644239995963,608.5750517289707
9,4,15,16218.484024584292,17109.743632476522,891.2596078922306
4,3,22,18983.653991758823,16595.835549661802,2387.818442097021
2,22,3,13152.242436096072,13948.381942553851,796.1395064577791
11,9,6,15065.6392467618,14628.200010471603,437.4392362901981
4,27,14,16126.916768282652,15702.719459525428,424.19730875722416
10,20,6,13217.563693135977,14411.822988487733,1194.259295351756
6,30,1,13692.705376118422,14094.515311123781,401.8099350053599
2,21,10,18303.77895563841,15769.657849652282,2534.121105986127
8,26,4,13348.403059899809,14404.223398304224,1055.8203384044155
8,23,4,13730.997734367847,13892.726469957624,161.728735589777
2,4,4,14822.285037457945,12580.669504864405,2241.6155325935397
10,2,16,17342.329121172428,18215.554135398743,873.2250142263147
10,8,22,19494.707345843315,17199.927536376897,2294.7798094664176
3,22,6,12765.054532334208,14809.044660914755,2043.9901285805463
4,29,7,15951.407836526632,14181.293519951003,1770.1143165756293
6,29,3,13413.0248747468,13755.146309438995,342.1214346921952
2,10,3,14878.559478282928,12693.411967475531,2185.1475108073973
5,4,15,15267.213934540749,16673.900287436212,1406.6863528954636
11,5,15,15442.134358793495,16034.97657545427,592.8422166607743
12,10,18,18323.427314162254,16091.318213038154,2232.1091011241006
9,6,14,17465.333341002464,17630.475351052915,165.14201005045106
2,17,17,18367.62812370062,16607.81383854109,1759.8142851595294
9,16,5,14083.009293824434,14814.94577889246,731.9364850680249
8,27,8,12958.488131299617,13739.80855728341,781.320425983793
11,5,14,15679.617436796429,16155.023175658545,475.4057388621168
4,2,21,17968.74635028839,16287.3860778276,1681.3602724607917
8,28,1,12311.725562125444,13366.392509657211,1054.6669475317667
10,2,13,14628.192802220585,16022.94310900192,1394.750306781336
11,16,21,18165.78932523727,16348.849120908126,1816.9402043291448
5,17,11,12605.815885022284,15041.291220160276,2435.4753351379914
1,22,5,15085.047691076994,13402.68960372012,1682.3580873568735
11,14,19,14437.443781733513,15391.91655504004,954.4727733065265
11,28,20,17486.175118923187,15835.446198873653,1650.7289200495343
3,25,5,12946.37759013474,13846.969487878487,900.5918977437468
2,9,20,18583.805179536343,15840.816952533702,2742.988227002641
9,11,14,15730.994346886871,16784.286640153714,1053.2922932668425
4,6,14,14922.70779377222,15692.813655650605,770.1058618783845
8,15,20,15285.192326128485,15420.31189038756,135.11956425907556
7,29,3,14086.2069196105,14469.523636694348,383.31671708384783
8,25,8,16992.651496350765,14131.320086785661,2861.331409565104
2,24,4,12294.385096266866,13287.7251327421,993.3400364752342
2,10,12,18041.25621622801,15588.352878275116,2452.903337952892
10,9,19,16452.903172582388,15883.28552992681,569.6176426555776
3,20,3,13245.661543011664,12758.48499154635,487.17655146531433
11,5,19,15043.049170941114,15314.030828479543,270.9816575384284
12,9,13,16921.27353334427,15202.38337168587,1718.890161658399
9,1,18,18377.40185946226,18502.417392413507,125.0155329512454
5,18,20,19158.67571312189,17164.217740325887,1994.4579727960045
9,15,7,13518.815557688476,14541.779851714115,1022.9642940256381
12,14,8,15709.84703719616,14236.961878023356,1472.8851591728035
11,5,20,16658.19222444296,15790.908739374441,867.2834850685176
2,6,12,16219.086885929108,15483.928078906427,735.1588070226808
8,24,20,16052.652862906456,16668.97217775394,616.3193148474857
4,6,21,18983.910720467567,15949.38715728648,3034.5235631810883
8,19,19,13574.922263622284,15328.865908390218,1753.9436447679345
2,10,21,18351.335283219814,15992.844776748923,2358.490506470891
1,15,6,14282.840605020525,14314.745298841064,31.90469382053925
2,19,5,16615.966913610697,13789.616647191076,2826.3502664196203
10,4,16,16805.17392140627,17776.906961657012,971.7330402507432
11,16,21,18743.063102006912,16421.76536978912,2321.297732217794
5,21,11,12896.81808143854,15163.313268195821,2266.4951867572818
2,23,5,15079.084285080433,13342.159065128835,1736.9252199515977
2,25,3,12852.20962280035,13270.910498146955,418.70087534660524
11,3,10,14645.411260426044,15571.701945243927,926.2906848178827
11,19,20,18344.807156085968,16309.404797371419,2035.4023587145493
5,14,17,13197.710074678063,15997.166516919404,2799.4564422413405
5,17,21,18979.09111058712,16239.112312319909,2739.9787982672115
12,11,18,18415.68642562628,16315.249928280447,2100.436497345834
8,26,7,12535.643234595656,13290.280751625947,754.6375170302908
9,1,13,14796.371842265127,16286.327142217957,1489.9552999528296
6,4,22,19141.23948663473,17138.030839835334,2003.2086467993977
7,27,1,12575.954973295333,13467.938340748782,891.9833674534493
6,3,14,15291.941502422094,15536.126853311214,244.18535088911995
2,12,15,16958.587779819965,15932.109354056882,1026.4784257630836
9,11,3,13099.34586429596,13947.35430568493,848.0084413889708
9,22,5,12337.0974124372,12925.772114511814,588.6747020746134
10,1,13,15449.03199481964,16362.384134715452,913.3521398958128
4,2,22,19031.17176902294,17185.247561924563,1845.9242070983782
7,28,1,12250.491458937526,13290.876100429115,1040.3846414915897
11,3,15,15103.554304033518,16297.394661262935,1193.8403572294174
2,14,15,17159.028104007244,16157.78276885652,1001.2453351507247
10,27,12,13106.662632495165,14914.79988694332,1808.1372544481546
9,9,11,13224.45620279014,14109.325867151221,884.869664361082
12,11,12,15810.755773574114,15005.703390194396,805.0523833797179
9,1,17,17502.43761128187,17974.15317996961,471.7155686877377
2,21,17,18489.471732914448,16689.052684534836,1800.419048379612
9,13,5,14183.471010565758,14766.070977874115,582.599967308357
10,8,20,16828.76548525691,16883.27633502205,54.51084976513812
11,27,20,18488.964017033577,15712.916961537345,2776.047055496232
3,25,4,12538.079491615295,13639.751201587736,1101.671709972441
11,9,9,15137.520004332066,15185.939372198767,48.41936786670158
4,27,3,12824.376703828571,12919.719562238512,95.34285840994016
12,5,15,16267.974019676449,15522.395303596528,745.5787160799209
9,16,16,17296.344334185123,17740.086482760064,443.7421485749401
2,25,15,18243.3714286685,16130.340172493448,2113.0312561750507
9,23,5,13753.084195405245,14602.868848092136,849.7846526868907
9,8,20,16782.164303302765,17014.234362383595,232.0700590808301
11,27,20,17907.443143606186,15560.267881474934,2347.1752621312517
2,23,3,12366.628390863538,13374.385104867417,1007.7567140038791
2,20,21,18950.534347891808,16210.924907279288,2739.6094406125194
7,20,2,13996.783717125654,14228.903976578718,232.12025945306414
12,10,19,18969.96862912178,15815.233559915383,3154.7350692063974
6,29,12,16644.089370071888,16415.733991082485,228.3553789894031
11,17,20,18637.412266492844,15727.244594177915,2910.1676723149285
2,19,5,13111.981140896678,13918.227906763866,806.2467658671885
1,23,4,15796.814092338083,13356.184929583933,2440.6291627541505
3,27,3,12844.083913102746,13260.633505914844,416.5495928120981
2,8,12,17672.98093408346,15578.439539125557,2094.541394957905
4,20,11,14921.43973439932,15540.316555040321,618.8768206410004
8,12,15,15581.88048928976,16932.093511476814,1350.2130221870539
4,5,20,17621.053656697273,15684.568309363462,1936.4853473338117
2,21,3,12221.669560283422,13442.126279476905,1220.456719193482
10,2,11,14499.298996150494,15612.96644955199,1113.6674534014965
3,17,14,17207.035552322865,16048.010761691452,1159.0247906314125
9,18,6,13219.49879603088,14465.486573669668,1245.9877776387875
4,28,4,12691.778171256185,13657.31955851426,965.5413872580757
3,19,5,13771.975901424885,13380.724458260202,391.2514431646832
6,21,12,15581.255892127752,16337.582526785787,756.3266346580349
11,22,21,18485.35505115986,15783.339527620099,2702.0155235397597
3,19,15,12804.930734470488,14745.776499432563,1940.845764962074
2,20,9,15895.428674727678,14140.451952528518,1754.9767221991606
6,29,3,13269.469029650092,14081.793235258841,812.3242056087493
11,20,20,18481.901926994324,16068.56152639101,2413.3404006033143
3,22,4,12377.151602208614,13335.11014064564,957.9585384370257
2,7,6,16273.319800376892,13526.928614839946,2746.391185536946
7,9,15,16283.942463338375,17244.224739675286,960.2822763369113
3,7,15,16374.773982733488,15872.139052615625,502.6349301178634
10,19,5,12436.15757907927,13463.311927185006,1027.154348105736
7,26,3,13182.754602119328,13590.778185650635,408.02358353130694
1,8,4,15005.039788424969,13022.237129607973,1982.802658816996
10,10,21,15921.988202899694,16713.8869679063,791.8987650066047
2,5,12,16678.99914303422,15474.440458031831,1204.5586850023883
9,13,21,15873.663739740849,16624.6091296794,750.9453899385517
2,14,12,18009.020769000053,15600.384731668724,2408.636037331329
9,16,4,13798.9197024405,14407.022742192139,608.1030397516388
8,25,4,12913.891155734658,13459.641814753204,545.7506590185458
12,24,11,17149.107548952103,14845.571543642245,2303.5360053098575
9,2,18,17518.52703732252,19337.145648665497,1818.6186113429758
2,20,19,17869.04948824644,17741.38067092035,127.66881732609181
9,10,15,17370.26989901066,18360.864709996356,990.5948109856981
3,24,5,16261.9868273139,13652.023432278922,2609.963395034978
2,25,5,13216.907517522572,14227.480858942712,1010.5733414201404
2,26,21,18756.374444544315,16005.373238486154,2751.001206058161
7,26,12,15829.358762323856,16562.866091396707,733.5073290728506
11,12,20,17866.4772798419,15705.242594240575,2161.2346856013246
3,14,11,12787.613439813256,14367.949454675003,1580.3360148617467
2,17,8,15640.87559825182,13851.895294263068,1788.980303988752
5,28,2,13063.396463096142,13894.75795498743,831.3614918912881
11,19,19,18463.611851990223,16079.512278930328,2384.099573059895
3,11,17,13287.715017855167,14878.766267435856,1591.0512495806888
8,26,6,15756.281714588404,13759.041040751676,1997.240673836728
2,23,4,13027.51411484182,13564.142659949768,536.6285451079475
3,6,12,17539.742015123367,15549.550880745877,1990.19113437749
3,17,11,15264.746714234352,15284.548797924746,19.802083690394284
8,29,3,14079.50777670741,14428.789327150222,349.28155044281084
8,25,3,16537.20533451438,13540.282931568236,2996.922402946144
4,28,3,13390.065905198457,14131.857032862617,741.7911276641607
11,19,17,18418.51864361763,15770.657521671974,2647.861121945656
4,21,3,12277.993419334292,13187.991070220549,909.9976508862565
8,24,4,16046.91296672821,13707.94275688313,2338.97020984508
10,2,16,17390.33656948805,17673.22064905059,282.88407956254014
3,10,17,18237.69797027111,16760.233508388683,1477.4644618824277
9,15,4,14135.71044832468,14693.595920824806,557.8854725001256
10,5,16,17717.277709305286,18618.025922009707,900.7482127044204
2,11,21,18662.704555511475,16432.901971238738,2229.8025842727366
4,25,6,13995.649353533983,14864.811453419148,869.1620998851649
8,21,19,18595.98543936014,15872.41244605316,2723.5729933069815
5,29,1,11800.686766937377,12908.19078767045,1107.504020733073
10,8,20,14985.484114706516,15734.494912662647,749.0107979561308
2,19,12,16858.193321079016,15741.339019043842,1116.8543020351735
8,25,5,12605.35123066604,13882.636451237979,1277.2852205719391
8,18,7,13228.175078079104,13871.47742282713,643.3023447480264
10,1,13,14936.628559410572,16248.138562122247,1311.510002711675
3,22,14,17686.54654467106,16057.715983203729,1628.83056146733
10,8,5,13695.592958927156,14448.300495703517,752.7075367763609
8,25,3,12357.957235187292,12898.177339477506,540.2201042902143
10,2,14,15522.250530421734,16515.08892111988,992.8383906981471
4,2,21,18868.580474436283,17026.702638285304,1841.8778361509794
3,18,9,13126.704491332172,14875.53901056699,1748.8345192348188
2,16,21,18439.56629663706,16174.14319075193,2265.4231058851274
10,4,19,15329.375911056995,16170.602109802128,841.2261987451329
9,24,9,12571.796460345386,13354.493016165976,782.6965558205902
5,2,21,17700.091649770737,15401.68210275824,2298.4095470124976
8,26,11,15207.5388635993,15698.701298940707,491.1624353414063
9,6,20,15175.584751665592,15174.009307491178,1.5754441744138603
7,15,4,12129.448794081807,13203.64663326045,1074.1978391786433
12,9,20,18616.814093768597,15939.109979775525,2677.7041139930716
4,14,3,13901.596832096577,12827.515029179849,1074.0818029167276
10,4,16,16618.014591634274,17808.149940085383,1190.1353484511092
3,10,14,17949.608168303967,16255.942934467084,1693.6652338368822
5,26,14,14727.825687140226,16194.790043002135,1466.9643558619082
2,20,21,16998.07806867361,15740.920795562428,1257.1572731111828
11,14,20,16028.035614550114,16390.771953321797,362.7363387716832
8,26,8,13066.865991652012,13731.028347496496,664.1623558444844
2,5,5,15180.38918748498,12678.646422010333,2501.742765474646
5,4,14,15126.664809137585,16588.510024151576,1461.845215013991
12,18,21,18690.04493266344,15932.956535356414,2757.0883973070268
9,21,8,15228.671409338713,15446.921014676886,218.24960533817284
2,8,20,18673.58476740122,15859.594872920658,2813.989894480561
6,22,19,13794.420798391104,15465.500916562814,1671.0801181717106
4,28,9,16838.314480870962,14822.078036308318,2016.2364445626445
8,23,2,13420.72714611888,14206.277578003654,785.5504318847743
9,20,4,13041.263454601169,13442.133510610754,400.8700560095858
3,3,21,17616.340675354004,15468.944863802179,2147.3958115518253
8,27,11,15340.85488319397,15731.326163695809,390.4712805018389
9,17,21,14695.807187974451,15631.521379359587,935.7141913851356
8,12,20,15907.28986915946,16620.40867117679,713.1188020173286
11,28,20,16461.77015566826,15594.294283615462,867.4758720527971
7,23,2,11956.62054476142,13653.842810516602,1697.222265755183
8,12,20,16333.923769921064,16868.766121623343,534.8423517022784
2,20,11,18173.163098692898,15483.029014635506,2690.134084057392
12,10,18,18362.051451206207,16156.450528982132,2205.6009222240755
7,24,3,12292.414928987622,12863.599894807461,571.1849658198389
9,18,3,15689.598688095808,13588.832562447104,2100.7661256487045
10,8,21,15873.594021081924,16068.44659794803,194.85257686610566
11,2,16,17051.00847452879,17379.72249143634,328.7140169075501
10,10,20,18661.320024967194,16093.782356164122,2567.537668803072
4,21,10,13221.049010917544,15019.382666011667,1798.3336550941222
2,10,22,18414.302715301514,16283.765172781184,2130.537542520329
9,4,17,15280.440384358168,16055.229073982757,774.7886896245891
9,3,15,15909.50856295228,17185.54952436727,1276.0409614149903
4,3,22,18984.25685310364,16709.86135789896,2274.3954952046806
3,26,2,12293.413341194391,13353.605317135536,1060.1919759411448
5,24,5,16704.523144066334,13763.047391353606,2941.4757527127276
9,10,21,16490.450361400843,16608.045937471943,117.59557607110037
4,20,11,15809.598033726215,15024.6469905243,784.951043201916
11,2,20,15090.304477959871,16311.344755843582,1221.0402778837106
12,9,19,16965.73271203041,15373.147782307557,1592.5849297228542
11,10,21,17471.443156182766,15795.400805369898,1676.0423508128679
4,21,12,15179.285582125189,15857.4713695861,678.1857874609104
10,15,21,15735.25579738617,15599.409864516045,135.84593287012467
6,25,11,15749.037125706673,16535.58678373618,786.5496580295076
2,14,12,17708.060082376003,15671.7046534338,2036.3554289422027
4,30,1,13284.342275202274,14177.979582905944,893.6373077036696
2,16,2,14144.952271729708,13045.748584884204,1099.2036868455034
12,10,18,18435.19206595421,16332.77155006054,2102.4205158936675
7,25,4,12403.773262009025,12981.938244520397,578.1649825113727
3,6,14,17734.312028229237,15938.381313014026,1795.9307152152105
10,4,16,16619.74115371704,17788.041682496387,1168.3005287793458
11,20,20,19200.22147208452,15895.000778303422,3305.220693781097
7,19,8,13235.043186202643,14299.619820858541,1064.5766346558976
12,19,16,17803.017716050148,15776.245273475197,2026.7724425749511
9,2,16,17263.79802376032,17988.001752490654,724.2037287303356
2,19,18,18002.860100209713,16827.910993040943,1174.9491071687698
11,6,17,15112.394219875336,16541.359165429574,1428.9649455542385
11,18,6,13774.130618095398,13071.519197133712,702.6114209616862
12,6,20,17724.16509258747,15785.169458737151,1938.9956338503198
10,2,16,17336.666325628757,18531.856773925872,1195.190448297115
10,5,21,18552.87552177906,16147.250033014341,2405.625488764719
6,28,2,12609.78902836144,13507.262110463898,897.4730821024586
9,22,4,15557.52037975192,13303.773873173248,2253.746506578673
10,2,16,16040.11785814166,17045.649100129907,1005.5312419882466
11,11,21,18495.119764506817,16203.984606816235,2291.1351576905818
5,23,11,13136.02464570105,15274.103115961903,2138.0784702608526
2,8,21,18164.08244842291,16166.420747886394,1997.6617005365151
10,19,14,14756.153198480606,15812.488915779919,1056.3357172993128
9,28,9,13704.867181003094,14252.790696357386,547.9235153542922
1,7,3,14067.986153155563,12325.687313343195,1742.298839812369
10,2,17,17628.747315764427,18750.868204135455,1122.1208883710278
10,3,17,17576.088402569294,18622.599009919075,1046.510607349781
3,19,18,18211.07364475727,15915.697747338041,2295.3758974192297
2,20,3,13244.91227248311,14079.941181498089,835.0289090149781
1,17,6,16295.875837087631,13634.52142203093,2661.3544150567013
9,28,4,14032.229093432426,14583.211822030311,550.9827285978845
1,3,11,17682.094393134117,15774.724872237106,1907.3695208970112
9,17,9,12915.306649565697,14006.231547384241,1090.9248978185442
9,2,15,15092.456323862076,16721.625208439113,1629.1688845770368
6,5,22,19072.941447913647,17037.547121356205,2035.3943265574417
6,27,1,12015.558033302426,13160.862175562303,1145.3041422598762
10,2,14,14851.153073459864,16169.502317732888,1318.349244273024
11,18,21,18230.14210808277,16348.184368267343,1881.9577398154288
5,23,6,12732.452446982265,14823.612583798758,2091.160136816494
2,15,20,18024.030786156654,15892.583527525567,2131.4472586310876
10,9,20,15043.34362974763,16111.682536517188,1068.338906769559
9,30,3,13558.36408212781,14067.635414118204,509.2713319903942
2,15,21,18526.200342655186,15927.252171867272,2598.948170787913
1,13,11,14312.172475159168,15034.994210047491,722.8217348883227
5,29,4,16728.99521356821,13923.285141396545,2805.710072171665
7,27,2,13620.599878400564,14067.43673170804,446.8368533074754
11,13,17,18906.863400161263,15802.360011717503,3104.50338844376
2,16,8,13038.274779736996,14048.709282415772,1010.434502678776
5,27,5,16978.733191370964,14082.50470891142,2896.2284824595445
6,25,5,13129.624472811818,13619.228742968584,489.6042701567658
4,28,3,12724.364057272673,13002.032020243503,277.66796297083056
11,4,17,15617.158950924872,17706.18141869729,2089.02246777242
10,10,20,17949.826346695423,16025.871560668722,1923.9547860267012
5,26,2,12072.828015565872,13304.146429099677,1231.3184135338051
10,2,12,14503.58054202795,15814.27456530475,1310.6940232767993
11,16,21,18263.61690700054,16406.00993558292,1857.6069714176228
7,25,2,12233.23383525014,13424.24255616204,1191.008720911901
12,22,11,17113.466550290585,15093.156381749524,2020.3101685410602
9,1,16,17425.389470756054,18312.3470536244,886.9575828683446
5,4,22,19359.753347873688,17654.93851172317,1704.814836150519
4,23,12,12797.017461627722,15231.609234293057,2434.591772665335
3,26,9,16062.918730378153,14403.16011797988,1659.7586123982728
5,29,3,12765.118304401636,13360.728347088303,595.6100426866669
1,12,3,14700.63705059886,12741.882995428234,1958.754055170626
9,2,16,17676.916347324848,18400.09569781652,723.1793504916714
10,9,22,19580.39567875862,17222.481999616342,2357.913679142279
5,22,11,12823.398181945086,15245.441249919299,2422.043067974213
2,8,21,18112.768695235252,16093.865941795304,2018.9027534399484
6,29,3,15268.461488425732,14920.237193614159,348.2242948115727
12,24,12,16710.46768501401,14884.473622539666,1825.994062474343
9,16,15,16440.867681503296,17038.102448170503,597.2347666672067
11,17,21,18251.435826957226,15856.483157310193,2394.952669647033
3,17,12,12716.467393875122,14453.132176353109,1736.6647824779866
2,19,7,15367.676881611347,13699.041222561495,1668.6356590498526
4,21,13,15753.676697403193,17253.703206105507,1500.0265087023145
2,22,3,15088.50286579132,12975.622212288918,2112.880653502403
4,27,2,12627.7760322541,13701.759749810764,1073.9837175566645
11,19,18,18572.93234962225,16115.531766871043,2457.4005827512065
4,23,3,12266.123202487826,13219.359128487646,953.2359259998193
1,11,2,14438.592909276484,12789.562153612527,1649.0307556639564
10,3,17,17716.806083083153,18543.65521154775,826.849128464597
3,16,17,18928.162860572334,16934.305507168778,1993.8573534035568
8,26,2,12931.618150040507,13785.058403227618,853.440253187111
12,24,13,17997.020137250423,15785.061566080443,2211.95857116998
6,19,13,15329.348843812944,16092.441684467201,763.0928406542571
11,3,15,15863.929784625769,16360.913535978789,496.9837513530201
11,26,21,16986.407165169716,15898.916473594025,1087.490691575691
9,15,7,13248.60161986947,14283.54755036807,1034.9459304985994
7,29,3,13412.945108398795,13600.96880568103,188.02369728223493
10,2,11,14894.50700634718,15735.96167383622,841.4546674890407
4,22,14,17244.020890772343,15917.578433860523,1326.44245691182
10,9,5,13607.483748108149,14418.999323156102,811.5155750479535
8,26,3,12542.981738612056,12998.960775990325,455.9790373782689
12,15,20,18376.72271770239,15819.224995874225,2557.497721828164
10,14,15,14983.387633621693,16757.409124252303,1774.02149063061
9,19,18,15717.69038632512,15518.774395022754,198.915991302365
8,21,3,12921.662940710785,13007.240651581636,85.57771087085166
5,28,3,12447.676741972566,13308.06643423914,860.3896922665735
10,4,16,17713.873798310757,18601.36217690193,887.4883785911734
6,27,4,16495.554177343845,13793.029716441835,2702.52446090201
2,23,3,12796.753350943329,13781.430380243086,984.6770292997571
1,15,3,15121.551560670136,13111.275989192787,2010.2755714773484
7,7,15,16079.810741215944,17279.987908610616,1200.1771673946714
2,20,15,17907.074044823647,16192.919683558323,1714.154361265324
9,18,3,13826.920356303452,14438.866267823289,611.945911519837
8,28,5,12925.862054526806,13588.876653084733,663.0145985579275
10,2,14,15254.822058081629,16252.194211778111,997.3721536964822
8,6,21,19036.70907098055,17095.79766956152,1940.9114014190272
10,7,16,14092.666558414698,15566.923797001804,1474.2572385871063
4,11,20,15463.707772523165,15556.225878608258,92.51810608509368
2,10,9,16918.845683574677,15102.580992669895,1816.2646909047817
7,29,3,13294.459887996316,13984.554356028968,690.094468032652
2,3,20,18645.253565073013,16221.980168417564,2423.2733966554497
5,24,19,13838.975942760706,15534.638634775709,1695.662692015003
2,16,21,18239.169444084167,15887.333874261345,2351.8355698228224
2,18,6,14006.553351789713,14210.501651618084,203.9482998283711
2,13,4,15890.978573739529,13386.433783242017,2504.5447904975117
10,2,16,17568.407867014408,18134.41787354193,566.0100065275219
11,12,21,19356.711973905563,16828.368520169082,2528.343453736481
5,27,2,12255.371149897575,13522.017824739229,1266.6466748416533
11,19,20,18901.344143033028,15535.81707126279,3365.527071770237
4,24,11,15104.452034294603,15564.88874451155,460.4367102169472
10,3,17,17372.653456926346,18503.847272893294,1131.193815966948
2,11,21,18838.41198039055,16533.351433145323,2305.060547245226
6,22,13,13300.49362781644,15176.382352326946,1875.8887245105052
2,12,21,18165.32262033224,16109.54080505586,2055.781815276381
5,27,2,13615.864751130342,14406.155196150878,790.2904450205351
11,19,17,18443.08585858345,15739.393427416677,2703.6924311667735
6,24,3,12315.92590627074,13214.126301984757,898.2003957140168
11,9,16,15950.53922405839,16246.098209740578,295.558985682188
11,18,21,18353.366966962814,16276.826033721072,2076.540933241742
6,26,4,13096.444952920076,14414.55755330049,1318.1126003804147
3,5,10,16853.256009697914,15060.803601850186,1792.452407847728
3,6,21,14263.955460757015,15289.612011184126,1025.6565504271111
6,24,3,13769.422968178988,13827.419014083496,57.99604590450872
2,12,2,14642.0262144804,13096.318890678684,1545.7073238017165
9,5,16,17264.160560786724,17983.460618539688,719.3000577529638
11,21,21,18505.90975224972,16244.142984190974,2261.7667680587474
3,25,2,12259.31743104756,13493.433420626217,1234.1159895786568
2,12,10,18411.947865068913,15337.473748689468,3074.4741163794442
11,20,21,16006.1857868433,16008.307787574124,2.1220007308238564
10,8,14,13406.36366699636,14528.789857800424,1122.4261908040644
3,2,3,14144.90880009532,12491.453685122346,1653.4551149729741
10,2,16,17768.51354163885,18076.849402066568,308.3358604277164
4,16,15,18612.318470597267,16581.805646352106,2030.512824245161
5,24,9,13828.01001793146,15636.668683998338,1808.6586660668781
9,8,15,17502.35722976923,18418.006260872742,915.6490311035122
2,19,5,15929.449329733849,13451.424392264133,2478.024937469716
2,24,14,13189.721546694636,15308.703417856295,2118.981871161659
1,24,4,14991.701378643513,13208.187803823597,1783.5135748199154
1,20,3,12658.68333902955,13294.825286212177,636.1419471826266
11,3,9,14843.096467256546,15422.59585740821,579.4993901516646
11,15,20,18062.147207319736,16186.54682392689,1875.6003833928462
7,27,3,13236.417669057846,14105.023411272803,868.605742214957
11,6,13,15722.817168414593,15619.848567307476,102.96860110711714
11,21,21,17914.223898351192,16156.212626611203,1758.0112717399898
6,14,18,13272.320727854967,15880.449297468347,2608.12856961338
2,17,4,14621.184436559675,13086.954482005454,1534.229954554221
4,23,2,12395.004910320044,13612.11007137098,1217.1051610509367
12,16,19,18351.32133948803,16122.107238949442,2229.2141005385874
3,23,3,12350.269932821391,13288.732296059476,938.4623632380844
1,7,3,15205.31278783083,12751.88391022177,2453.42887760906
10,2,16,17673.156461060047,18184.87346395896,511.71700289891305
11,9,22,19546.457455813885,17163.729303263975,2382.7281525499093
5,27,2,12411.72672560811,13655.895295672122,1244.1685700640119
7,22,5,16305.834122240543,13783.270762790886,2522.5633594496576
7,23,22,15833.192058235409,16361.93216222432,528.7401039889119
2,4,11,18295.020651638508,15568.500331226709,2726.520320411799
2,19,5,13552.806274682283,14154.680559526476,601.8742848441925
2,13,5,16260.542010635138,13468.827050146761,2791.714960488376
3,15,3,13554.829346120358,12751.066240011967,803.7631061083903
10,12,4,12634.915222927928,13017.278009080568,382.3627861526402
8,1,16,16434.554861992598,17651.588761733452,1217.0338997408544
5,5,22,19771.33704072237,17404.907773729592,2366.429266992778
5,27,1,12411.094131305814,13403.939993930386,992.845862624572
12,25,15,18389.25649213791,16089.350065804047,2299.9064263338623
9,13,21,16254.97969198227,16435.70583634956,180.72614436729054
2,3,13,18095.67696094513,15833.254068765687,2262.422892179442
4,22,2,12704.495059698818,13475.883509817471,771.388450118653
9,28,3,16176.101231604816,13405.883706555973,2770.2175250488435
6,9,21,15357.278548687696,16067.370066520942,710.0915178332452
12,5,20,18779.927868187428,15825.575775970736,2954.3520922166917
6,26,5,12770.645148560405,13593.81985835686,823.1747097964544
10,1,14,15172.71972489357,16297.351145515522,1124.6314206219522
7,4,22,18509.80333429575,16837.670476694555,1672.1328576011947
4,19,10,13076.62578368187,15236.372439574541,2159.7466558926717
1,27,5,15281.82942610979,13436.28601202101,1845.543414088781
3,27,1,12309.91492754221,13511.601401920827,1201.6864743786173
2,15,13,16870.881706893444,16063.430275036804,807.4514318566398
9,26,4,13837.378155142069,14556.403983659613,719.0258285175441
8,28,15,14336.71918463707,15394.469711664668,1057.7505270275979
4,29,8,17338.066440343857,14731.145304336866,2606.921136006991
8,25,3,12636.259562715888,13586.934408277622,950.6748455617344
10,15,10,13446.936030447485,13878.979557510209,432.043527062724
9,14,20,16425.65917122364,17451.572413376256,1025.9132421526156
2,26,2,14386.670963317156,12699.307806824278,1687.3631564928783
2,26,6,12974.572636023164,13797.194433953993,822.6217979308294
6,11,9,16219.097138673067,14969.070849711656,1250.0262889614114
10,24,21,15712.60092422366,15626.280188847972,86.32073537568795
7,18,3,12861.07168456912,13626.240201269973,765.1685167008527
10,2,13,14509.990147441626,16115.93930372238,1605.9491562807543
11,13,21,18574.05523014069,16651.16357967016,1922.8916504705303
8,25,3,12322.690871790051,13546.418016931078,1223.727145141027
10,3,16,15023.33232408762,16610.607251904545,1587.274927816925
3,23,14,17593.844514667988,16010.742016464475,1583.1024982035124
10,5,20,15657.898844212294,16700.87570684705,1042.9768626347577
12,11,6,14493.056305408478,13416.472959846931,1076.5833455615466
9,4,16,16175.500010699034,17102.164384155236,926.6643734562022
5,4,22,19370.052024126053,16898.19985996251,2471.8521641635416
3,24,1,12357.019314169884,13412.805028831535,1055.7857146616516
10,2,10,14358.007982194424,15499.555223026406,1141.547240831982
11,17,21,18199.6488071084,16327.411616073518,1872.237191034881
6,27,4,13133.875670567157,14403.297004861437,1269.4213342942803
11,15,10,15968.00046724081,15064.52882430199,903.4716429388209
11,25,21,17155.0164103508,15755.223348913936,1399.7930614368634
8,9,8,13132.38369126618,14305.623232116988,1173.2395408508073
9,2,15,14545.171002954245,16544.776773108155,1999.6057701539103
2,18,15,17884.49750262499,16282.563374422498,1601.9341282024907
4,29,4,12664.347775012257,13658.827957771975,994.4801827597184
6,27,5,13353.296489536762,13198.718190977575,154.5782985591868
8,10,22,14385.87370994687,16153.601019801268,1767.7273098543974
6,16,2,14445.084536641836,12564.695198933718,1880.3893377081185
8,9,15,16327.369395762682,17239.676797903296,912.3074021406137
4,22,13,17396.152746081352,15485.258516019681,1910.894230061671
9,21,2,12207.307311490176,13231.146975796051,1023.839664305875
12,19,14,17822.198549449444,15715.224997363777,2106.9735520856666
9,1,17,17703.1838773489,18339.255360016858,636.0714826679578
2,15,18,18400.1096367836,17131.09552299779,1269.0141137858081
9,12,6,14244.04463198781,15048.829589182014,804.7849571942043
8,28,3,12482.49752111733,13112.675056536238,630.1775354189085
10,2,12,15235.656398743393,16075.167800030018,839.5114012866252
4,2,21,18587.056529700756,16862.47621623345,1724.5803134673079
3,20,12,13165.050779014826,15211.212274162868,2046.1614951480424
5,29,7,16217.70891714096,14232.551815334671,1985.1571018062896
6,29,3,13111.59133157134,14131.980105100967,1020.3887735296266
11,24,19,17818.903727650642,15629.559441018397,2189.3442866322457
2,19,3,12555.113605484366,13262.693592777787,707.5799872934203
2,7,5,16223.167888134718,13654.589157792892,2568.5787303418256
6,16,13,16553.58265760541,17034.474237254763,480.89157964935293
2,12,15,18033.80370169878,16228.257116008908,1805.5465856898718
8,24,16,14276.899755060673,15816.003490066387,1539.103735005714
8,30,4,15798.45043027401,13316.910620086197,2481.5398101878127
3,18,2,13329.02024744451,12612.99438285134,716.0258645931699
11,6,8,13663.369814991953,13774.655007347443,111.28519235548993
9,2,16,17314.624566555023,17909.998908730777,595.3743421757536
4,3,22,19764.891755759716,17379.86364729476,2385.0281084649578
5,27,2,12415.67895334959,13533.423012832141,1117.7440594825512
11,2,13,15087.084706246853,15996.438081603032,909.3533753561787
3,18,15,17141.804314374924,16057.200095847373,1084.604218527551
6,28,1,12976.385321155189,14022.361817039702,1045.9764958845135
4,18,4,13919.613774001598,13245.217256785607,674.3965172159915
6,27,17,12996.859435677528,15067.573151056135,2070.713715378606
4,28,9,16597.346700251102,14401.41613299308,2195.930567258023
2,24,4,14050.84971690178,14202.213564933962,151.36384803218243
2,14,20,18646.87267839909,15912.990999727124,2733.8816786719653
9,3,15,16566.98053330183,17411.83872982517,844.8581965233388
3,12,15,17832.228193700314,16310.15357094287,1522.0746227574436
8,13,1,13420.182110249996,14098.72451018361,678.5423999336144
10,3,18,14928.9902651608,17110.218944310807,2181.2286791500064
3,16,14,17739.963340699673,16089.763950939454,1650.1993897602188
11,2,18,14780.395606517792,16149.51104543996,1369.1154389221683
11,20,3,12772.112316221,12366.076962979863,406.0353532411373
5,4,10,15107.41999861598,15055.90210979785,51.517888818130814
11,4,15,15239.651277899742,17366.164405137715,2126.513127237973
9,5,21,18472.95251184702,16262.398984173667,2210.5535276733517
8,28,3,13091.638876661658,13847.965998645646,756.327121983988
4,28,3,12692.69394634664,13030.944694684249,338.25074833760846
3,8,2,12766.857374832034,12996.024389263503,229.1670144314685
10,12,17,17091.802912414074,17862.610310212647,770.8073977985732
5,27,12,17391.502101421356,15314.065796501243,2077.436304920113
5,26,13,14230.62420025468,15840.083158288815,1609.4589580341344
4,29,6,15867.447296023369,13961.80938152086,1905.6379145025094
4,28,3,12966.729081839325,13444.405075647777,477.6759938084524
1,13,3,14717.533162534237,12886.965809061108,1830.5673534731286
9,2,16,17639.927727997303,18348.07074509039,708.1430170930871
10,9,22,19561.81114494801,17228.85861109721,2332.952533850799
5,22,11,12927.721902281046,15321.593142436424,2393.8712401553785
2,9,21,18098.832345426083,16053.24042638979,2045.591919036293
9,8,20,15520.195880532265,16347.548169940339,827.3522894080743
12,22,8,13677.04615521431,13490.205474967519,186.84068024679073
5,9,2,12065.056845754383,12739.871448902184,674.8146031478009
5,3,11,14147.888657599688,15093.783544971573,945.8948873718855
9,16,14,15146.7400919199,16087.300232024334,940.5601401044332
4,6,21,16108.660322278738,15780.651458293856,328.0088639848818
11,5,20,15285.54953172803,16388.95705115866,1103.4075194306315
5,8,13,14817.533095687628,16014.087201015418,1196.5541053277902
4,2,22,18833.525932729244,16232.076094109387,2601.4498386198575
7,16,15,13244.153569430113,14680.237840540094,1436.0842711099813
2,15,21,18291.526516497135,15991.609995092547,2299.916521404588
2,18,5,14212.598235934973,14266.559364310428,53.96112837545479
4,28,3,12618.367089122534,13067.929557361267,449.56246823873335
3,9,3,12996.172911942003,13092.336821490255,96.16390954825147
8,10,17,13865.392342627048,14963.589105610166,1098.1967629831179
3,19,10,16986.207031607628,15362.616260892288,1623.59077071534
8,25,2,12184.001799196005,13176.125975976718,992.1241767807132
10,3,18,16895.700729250908,18056.08753283969,1160.3868035887826
6,3,21,18991.26316821575,16510.533625592005,2480.729542623747
1,12,4,13625.90259757638,14506.831604829142,880.929007252762
2,24,8,17760.016887664795,15112.642181071047,2647.3747065937478
8,30,5,12416.339230060576,13769.775154343719,1353.4359242831433
7,19,20,16886.58809041977,17272.47785919992,385.8897687801509
11,28,4,15559.654180824757,13339.83953505417,2219.814645770586
2,26,3,12069.19218750298,13074.241582217908,1005.049394714928
2,9,21,18453.85288017988,15924.474760176212,2529.3781200036665
8,17,13,15069.06571379304,16298.343092236106,1229.2773784430665
11,18,20,16530.711656600237,15538.518876445221,992.1927801550155
8,7,21,16141.00485870242,16825.079358963234,684.0745002608146
2,14,11,17822.062393009663,15473.329619236472,2348.7327737731903
7,15,18,14710.351730555296,15950.322913149621,1239.971182594325
2,24,1,13566.880421370268,12513.270587485516,1053.6098338847514
3,27,2,12821.548381879924,13266.095243103537,444.5468612236127
1,11,2,14441.38657695055,12331.07463593295,2110.3119410176005
10,2,16,17688.051647484303,18504.849421570183,816.7977740858805
2,8,17,18770.124604523186,17026.293887707172,1743.8307168160136
4,13,3,14042.278833061457,12862.742766172827,1179.5360668886296
8,11,12,13050.251009956002,13974.763807557987,924.5127976019849
11,21,20,17921.117023169994,15663.048087347399,2258.0689358225954
7,18,5,12713.42294408381,13383.88397060356,670.4610265197498
7,19,4,12764.621456429362,13491.045191376743,726.4237349473806
7,2,21,17285.402605831623,15639.630037884217,1645.772567947406
9,9,19,14399.234675765038,15646.172385863141,1246.9377100981037
3,5,21,18583.17114984989,15602.580120097777,2980.591029752115
3,19,7,14470.909968346356,14664.455049708988,193.54508136263212
3,6,21,19032.293009102345,15989.722093996064,3042.57091510628
7,26,11,16212.36682742834,16618.200416062227,405.8335886338882
11,14,19,18337.909930169582,15787.726357110781,2550.183573058801
4,25,2,11933.137659996746,13180.025192736735,1246.8875327399892
1,9,2,14637.5638101995,12641.520588345018,1996.043221854481
6,12,15,16115.744968354702,17425.16565717091,1309.420688816208
10,10,21,19246.49661678076,16621.949273796683,2624.5473429840786
3,25,1,12180.798431873322,13355.323592821487,1174.5251609481656
11,6,11,15413.865083038809,15383.653866439812,30.211216598996543
11,17,21,18126.9781781435,16263.988176432444,1862.9900017110576
7,25,2,12318.153827533126,13569.404684647658,1251.2508571145318
12,26,14,18234.697607278824,16013.897274295212,2220.800332983612
9,3,17,17152.069361627102,18695.485729018703,1543.416367391601
2,14,19,18075.22888839245,17440.529853349388,634.6990350430606
5,27,15,14139.576142907144,16361.160831498182,2221.584688591038
6,20,13,16308.76353624463,17561.754438420357,1252.9909021757267
2,24,2,14418.892056703568,12719.178695695853,1699.7133610077144
4,27,2,11896.131405949593,13437.037934740729,1540.9065287911362
11,16,17,18350.11315613985,15962.86896175375,2387.2441943861013
5,6,18,13513.220430254936,15130.608925177034,1617.3884949220974
4,29,9,17279.127106308937,14991.353057098882,2287.7740492100547
8,25,2,13452.902717322111,14214.536325336423,761.6336080143119
9,19,5,13012.566024258733,13462.341760386043,449.77573612731067
10,2,13,14776.87358391285,16236.451629972807,1459.578046059958
9,8,21,19080.949251055717,16916.734359527414,2164.2148915283033
4,22,12,13029.333771839738,15264.39589726878,2235.0621254290418
1,25,5,14888.489465862513,13349.343695416503,1539.14577044601
2,24,3,12533.252704814076,13187.590151237271,654.3374464231947
5,24,5,16312.179340422152,14071.930295858976,2240.2490445631756
9,12,16,15907.758624613283,17227.19866782016,1319.4400432068778
11,17,20,18573.214505136013,15937.320338969197,2635.894166166816
5,28,2,12401.9704195112,13593.725530637146,1191.7551111259454
11,3,9,14527.112229853868,15222.985363112122,695.8731332582538
11,16,21,18137.37199985981,16313.845270455742,1823.5267294040677
4,15,15,12821.41099511087,15598.349868054309,2776.9388729434395
1,23,4,14898.252948880196,13197.007993371812,1701.244955508384
1,22,3,12785.37608602643,13215.745252724315,430.3691666978848
1,9,3,14814.31332397461,12860.771434373459,1953.5418896011506
6,6,15,16441.249903798103,17511.818666672287,1070.5687628741834
9,7,16,17615.632825911045,18583.736707874472,968.1038819634268
3,9,22,18498.149655401707,16768.31964251535,1729.8300128863557
7,24,4,13177.441425144672,14200.3366788146,1022.8952536699271
8,30,9,13783.12104421854,14601.245349032595,818.124304814055
1,15,5,15487.340347349644,13276.183589724542,2211.156757625102
10,4,20,14837.084258198738,15683.84260861891,846.7583504201721
10,4,16,15445.082227736712,16426.993265581023,981.9110378443111
5,3,21,17970.048858880997,16109.982561227573,1860.066297653424
6,29,4,13867.829214811323,14288.520635202913,420.6914203915894
11,4,9,15360.162850618362,15177.867658057263,182.2951925610996
3,24,15,16379.27411711216,15911.631507413858,467.6426096983014
10,18,6,13206.78272780776,14381.657151326097,1174.8744235183367
8,28,3,13129.476218134165,13394.587308396403,265.1110902622386
1,11,2,14261.198292851448,12574.742335672407,1686.4559571790414
6,16,13,15763.155564248562,16874.284113817295,1111.1285495687334
11,8,21,19125.164004325867,16528.643082659433,2596.5209216664334
7,21,15,13576.876026511192,15554.265651607333,1977.3896250961407
2,11,21,18785.27405899763,15968.600313246545,2816.6737457510862
3,25,4,13929.303847372532,14106.652365422973,177.34851805044127
2,12,3,15944.790715575218,13443.422798028067,2501.3679175471516
8,5,16,17716.502601861954,18070.159484384447,353.6568825224931
2,16,15,18229.47034829855,16275.340166980255,1954.1301813182945
6,25,2,13291.344694271684,13977.921714254757,686.5770199830731
9,27,4,15690.589513272049,13468.393702871592,2222.195810400457
12,11,18,18396.507232666016,16218.308863260396,2178.19836940562
7,24,3,12329.97114022076,12877.673273398581,547.7021331778215
6,2,21,18697.98465758562,16125.761648883392,2572.223008702229
11,14,20,16377.19650107622,16093.384853736683,283.81164733953665
10,3,17,17091.471543729305,18659.927120032346,1568.4555763030403
11,15,20,19022.13541060686,16352.335021998288,2669.8003886085735
5,26,2,12198.00253623724,13372.67610545587,1174.6735692186303
4,6,14,16722.681573837996,15584.26340245766,1138.4181713803355
3,7,12,15617.572751671076,15565.974537741458,51.598213929617486
10,20,2,12294.99041827023,13433.349224253547,1138.3588059833164
10,11,7,12876.518263563514,13242.952122481596,366.4338589180825
11,14,3,14669.557292670012,13106.183242515557,1563.3740501544544
8,25,12,15540.565622121096,15920.630920563584,380.0652984424887
7,23,16,16224.17060649395,15757.792541337687,466.3780651562629
8,30,3,13952.124814987184,14425.327094063365,473.2022790761803
2,9,2,13944.703468799593,12932.636261912221,1012.0672068873719
7,21,15,16252.125738173723,16806.961059347046,554.8353211733229
2,11,13,17509.885204494,15927.679288663652,1582.2059158303473
9,30,3,13628.56585034728,14307.039567681453,678.4737173341728
6,12,5,13277.296179443598,13263.029039201898,14.267140241699963
8,25,12,12835.773859068751,14357.339147125549,1521.5652880567977
2,3,2,13802.609870046375,12428.272707762071,1374.3371622843042
10,4,17,16111.769364356996,17393.03737540632,1281.268011049322
11,14,21,18811.03961467743,16534.679746320977,2276.3598683564524
10,3,17,17535.163549780846,18598.36990006521,1063.206350284363
5,11,22,19261.97990059853,17081.447242885293,2180.5326577132364
7,27,2,14179.794376581907,14485.665329043946,305.870952462039
8,19,13,14973.237827211618,16244.911170690724,1271.6733434791058
3,21,12,17452.974273324013,15578.795237104949,1874.179036219064
9,22,4,13716.74724048376,14433.932538396866,717.1852979131054
8,25,6,13187.272781327369,13820.568645243513,633.2958639161443
1,7,2,14130.983933359385,12372.099042223925,1758.8848911354598
5,6,14,15260.250270843506,16575.761442117975,1315.5111712744692
3,18,14,17532.535566449165,15683.147811127294,1849.3877553218717
10,10,5,13183.424311354756,13940.228721242607,756.8044098878509
12,13,14,17681.177387714386,15746.503205666875,1934.6741820475108
9,1,18,18047.776961386204,18503.215023325432,455.43806193922865
2,22,18,18433.27849382162,17020.98891356507,1412.2895802565508
9,25,6,13631.938593000174,14751.21293237884,1119.274339378666
5,28,2,13553.980418920515,14213.156504848652,659.1760859281367
2,23,9,17833.536443829536,15576.473585835598,2257.0628579939385
8,28,3,13152.375926822424,14272.772161036735,1120.3962342143113
8,25,7,14300.192348897455,14338.773341576332,38.58099267887701
5,25,4,15645.764926791191,13776.514057637594,1869.2508691535968
9,12,21,16926.073457956314,17337.514308096943,411.44085014062875
5,5,12,15522.796386510134,15248.882348906978,273.9140376031555
11,25,21,15126.274794757366,15512.967991163401,386.693196406035
7,28,12,14289.22437351942,15080.635833783723,791.4114602643021
6,12,5,14641.812957406044,13268.581978891103,1373.230978514941
7,25,21,16568.91871201992,16815.57918599456,246.6604739746399
11,16,20,19378.71928375959,16117.7661892642,3260.9530944953895
5,28,7,12931.881440505384,13995.173556741523,1063.29211623614
5,27,5,16867.247724324465,14029.269000833141,2837.9787234913238
9,3,20,14618.088928103449,15441.224722519539,823.13579441609
11,21,20,17892.1058588624,15556.670104226827,2335.435754635573
9,10,15,16755.143811762333,17537.698654849075,782.554843086742
11,20,17,18072.41389501095,15026.528956204622,3045.8849388063263
4,21,14,13653.863060683012,15415.022517190615,1761.159456507603
2,22,5,15401.820979654787,13352.906026923274,2048.914952731513
3,28,11,12852.896556645632,14045.384754885605,1192.488198239973
11,28,11,16446.523915290833,15419.67046298423,1026.8534523066028
7,6,20,15019.345647126436,15317.854866209136,298.50921908269993
7,24,3,13042.678743377328,13657.656878349684,614.9781349723562
10,27,3,15354.555830001833,13151.629805994757,2202.926024007076
10,4,16,16456.31692621112,17687.328109513684,1231.0111833025658
4,25,16,17062.91806191206,16234.002672806362,828.9153891056976
10,25,6,13158.20399659872,14437.792068046258,1279.588071447537
8,27,4,13271.740832656622,13777.335401174221,505.5945685175993
10,2,13,15022.645390242338,16197.68394442824,1175.0385541859014
5,3,21,18813.78078830242,16890.041448785352,1923.7393395170693
7,28,1,11996.853132277727,13165.931370869876,1169.0782385921484
12,23,14,18005.588970541954,15751.784750509594,2253.80422003236
4,27,3,12834.469710037112,12974.422032883042,139.9523228459293
10,5,16,15499.742886662483,17523.78002478215,2024.0371381196674
7,10,19,17277.27669107914,15381.4307426516,1895.845948427539
4,19,15,13451.76097175479,15358.712176559684,1906.9512048048946
6,27,6,16129.10839483142,14012.740292240262,2116.368102591159
2,25,5,12995.8251388669,13737.529984887831,741.7048460209317
11,7,9,15405.397956967354,15264.262885274975,141.13507169237892
7,5,21,17969.993083953857,16318.629622366976,1651.3634615868814
7,12,18,13608.990491360426,15804.656902820136,2195.6664114597097
4,21,6,15864.848020374777,13719.960468186886,2144.887552187891
9,10,20,13479.766546934845,15146.13521444058,1666.3686675057343
11,23,20,18019.01596403122,16127.925701426017,1891.090262605203
5,24,3,12749.50829666853,13446.5902822892,697.0819856206708
2,11,5,15888.43835389614,13576.086904801166,2312.351449094973
5,14,13,15626.352381378412,16510.595571909278,884.2431905308658
3,13,15,17308.609896838665,16010.478772095052,1298.1311247436133
10,16,4,12634.862728878856,13606.891238613778,972.0285097349224
12,13,9,16742.83272692561,14452.418762490004,2290.4139644356073
9,1,18,17650.839108228683,18396.337562902067,745.4984546733831
7,8,22,19268.03312063217,17409.76165799004,1858.271462642133
4,27,3,13241.930159375072,14431.769463909817,1189.8393045347457
11,24,17,18914.61037349701,16466.04879163648,2448.5615818605293
6,12,13,15318.548193216324,16621.52562750829,1302.9774342919663
11,16,21,18587.72418838739,16146.815265300751,2440.9089230866393
11,9,14,17149.85394871235,14794.58777806327,2355.266170649078
9,26,2,12019.526255324485,12697.220615646876,677.6943603223917
8,1,14,15297.203210622072,16925.087930027687,1627.8847194056143
3,25,15,18208.409571766853,16451.734053314904,1756.6755184519498
9,15,5,13561.681049853563,14381.98954402105,820.3084941674861
6,30,2,13664.293382167816,14196.606760431376,532.3133782635596
2,13,18,19061.044984042645,15827.559626985414,3233.4853570572304
2,15,8,13864.11854171753,14420.292358269673,556.1738165521438
6,15,19,18885.99865609407,15734.80512429288,3151.193531801191
9,2,16,16063.457614600658,17445.50513697786,1382.047522377201
7,23,13,17652.79123067856,15541.012721133116,2111.778509545442
7,29,4,14221.894193828106,14695.338022691194,473.44382886308813
11,28,18,18906.461492598057,16322.791658182705,2583.669834415352
10,8,21,16088.566584557297,16655.7359581244,567.1693735671051
11,10,21,18416.58046489954,16017.64710163487,2398.9333632646703
3,24,2,12148.156770929694,13136.990778680123,988.834007750429
1,9,2,14919.26656278968,12796.46586365341,2122.800699136271
10,2,16,17494.443751871586,18175.654139426817,681.2103875552311
11,10,22,19554.393899858,17196.045159152465,2358.3487407055363
4,24,6,12909.926829755306,14903.335435795394,1993.4086060400878
1,25,5,15307.5564314723,13422.089974483551,1885.4664569887482
3,25,18,14536.112498611212,15808.277779154852,1272.1652805436406
11,14,19,18554.436399519444,15898.920574173482,2655.5158253459613
3,23,3,12326.88321879506,13259.935377693095,933.0521588980355
12,10,18,18263.196954607964,16048.779753785764,2214.4172008221994
7,24,2,12211.17054541409,12717.041468546302,505.87092313221183
4,4,15,16593.859536975622,15833.904807022584,759.9547299530386
3,12,11,15741.614549189806,15238.921830410054,502.6927187797519
10,11,21,15258.804223835468,16084.928166855558,826.1239430200894
11,28,3,15129.824704825878,13015.51554381589,2114.3091610099873
8,6,16,13973.801166266205,14824.70786087174,850.9066946055354
3,3,21,17763.05580097437,15752.666175997661,2010.3896249767076
10,2,15,16954.86972475052,17359.67498763719,404.8052628866717
4,18,13,17611.10357373953,15603.318681208044,2007.7848925314847
9,11,17,15287.187099993227,16192.04827379026,904.8611737970332
12,13,5,14210.517339020967,13299.150680114242,911.3666589067252
9,7,16,16216.214887291191,17052.736893820016,836.5220065288249
3,6,16,17017.89211153984,16018.229022354215,999.6630891856257
8,12,19,13467.08964419365,15139.128735961762,1672.0390917681125
7,25,5,13775.454862505198,13996.564607804,221.10974529880332
12,21,20,18736.60961484909,15792.340241638776,2944.2693732103144
10,3,16,16067.351606756449,18319.45558732058,2252.1039805641303
11,15,20,18318.83162420988,16185.716274788783,2133.1153494210976
7,28,4,12650.47273661196,13827.232284158037,1176.7595475460766
12,24,15,18175.631139218807,15941.772499027327,2233.85864019148
10,8,21,15974.241927653551,16092.808836068176,118.56690841462478
11,2,16,15763.014076381922,16679.16832495153,916.1542485696082
11,19,20,18773.067552149296,16095.551882812833,2677.5156693364625
12,11,18,18467.579253792763,16309.781250927683,2157.79800286508
9,6,15,17513.727112710476,17853.80716281491,340.0800501044323
10,10,22,19457.315998733044,16760.777998025434,2696.538000707609
5,26,2,12025.54605141282,13217.61460858872,1192.0685571758986
2,4,5,15457.898157685995,13431.72905041277,2026.1691072732247
10,2,16,17411.150459945202,17838.172513814287,427.02205386908463
11,10,21,19304.446766078472,16920.865437434313,2383.581328644159
6,27,2,12161.827369615436,13505.24753600183,1343.420166386395
12,23,14,17926.84707671404,15859.09386762313,2067.753209090908
9,2,16,17418.01159620285,18216.216968263387,798.2053720605363
2,15,19,18229.372742176056,17133.83700963612,1095.5357325399345
4,24,13,13357.561220914124,15637.237647916698,2279.676427002574
2,26,4,15179.50499084592,13296.943539445729,1882.5614514001918
4,26,2,12721.05959789455,13704.647884457132,983.5882865625827
11,20,19,18169.52296447754,16083.956365923932,2085.566598553607
4,11,17,13306.83597522974,14875.46689065982,1568.6309154300798
2,7,22,18009.354598343372,16062.325845158904,1947.0287531844679
4,26,3,13824.312878459692,13879.766794999327,55.45391653963452
10,3,11,14819.208804160357,15647.671252912813,828.4624487524561
11,16,21,18272.089774608612,16299.859819886866,1972.2299547217463
5,13,15,13012.486873075366,15584.59739599188,2572.110522916513
2,20,21,18241.459496974945,16016.948455211366,2224.5110417635788
5,26,14,14554.26436662674,15428.572754659226,874.3083880324866
11,29,17,18329.57896053791,15387.694364739376,2941.884595798534
4,26,3,12897.757642894983,12947.039799500086,49.2821566051025
11,9,5,14062.38774484396,13523.852064302886,538.5356805410738
8,24,4,12400.339002892377,13058.721468301846,658.3824654094697
3,4,20,17592.675701856613,15160.845193907271,2431.830507949342
10,2,15,17929.99753987789,17702.071974388695,227.92556548919674
6,21,14,17403.078679680824,15553.823855329449,1849.2548243513756
7,27,3,13337.19024899602,14072.833308903535,735.6430599075156
12,26,13,17910.96516621113,15682.510314008126,2228.454852203002
9,2,16,17202.6900293231,18203.96821514484,1001.2781858217386
2,12,19,18309.849400281902,17345.885316884836,963.9640833970661
9,19,5,14149.64966890216,14961.426648366014,811.7769794638534
8,25,16,13812.78797402978,15069.931017417166,1257.1430433873866
1,20,4,15018.63451680541,13092.936672168766,1925.6978446366447
1,23,4,13185.7127238065,13725.475932256462,539.7632084499619
11,3,9,14507.779655843971,15421.862432099386,914.0827762554145
11,15,20,18276.96187853813,16253.783585154773,2023.1782933833583
7,25,2,12607.57505083084,13656.316616542372,1048.7415657115325
12,25,13,17925.423175632954,15753.418483347763,2172.0046922851907
9,3,17,17261.09129935503,18524.921849397746,1263.830550042716
2,16,19,18104.67066794634,17228.772855752915,875.8978121934233
10,27,6,12905.904063135384,14417.871957362813,1511.9678942274295
8,18,7,13318.554656520486,14135.316151964786,816.7614954442997
12,16,11,16424.804092377424,14588.617739118929,1836.1863532584957
10,10,21,15549.314903706312,15893.828276629825,344.5133729235131
10,5,16,17712.569649279118,18614.12190726878,901.5522579896642
5,25,7,16817.721639573574,14294.14487249773,2523.5767670758432
7,17,17,13194.818800881503,15194.37352217865,1999.554721297147
2,9,21,17917.088925123215,15946.45407287478,1970.634852248435
7,19,9,15460.000790417194,15342.9658965419,117.03489387529407
7,17,18,17641.096540808678,15309.51271351873,2331.5838272899473
2,22,6,13073.950432673097,13845.209563532822,771.2591308597257
3,18,5,16497.88565132022,13918.420478310836,2579.465173009383
6,23,13,16051.219939410686,16651.59130984623,600.3713704355432
3,10,13,17360.98747473955,15597.983068204927,1763.0044065346246
7,29,2,13277.925287812948,14194.564815792277,916.6395279793287
4,8,17,18873.770003318787,15639.731402909,3234.0386004097873
2,21,5,12920.494743064046,13684.423340552465,763.9285974884187
10,2,11,14437.284249037504,15704.147189158293,1266.862940120789
3,20,14,17333.89152300358,16040.450991617075,1293.4405313865027
6,28,1,13117.56540042162,14074.174718824057,956.6093184024376
4,14,1,13341.241313189268,12838.584291461182,502.65702172808597
3,27,3,12740.75245332718,13352.044386700234,611.2919333730533
2,9,4,15035.477314472198,12629.641191434657,2405.8361230375413
5,14,13,15404.314036875963,16570.01548465518,1165.7014477792181
2,8,15,17458.775685966015,16157.699111340879,1301.0765746251363
7,29,2,12626.389656215906,13872.939198651811,1246.549542435905
2,16,11,18270.14913523197,15903.430561583185,2366.7185736487863
5,29,2,13726.017361462116,14406.801818151102,680.7844566889853
10,9,13,16689.80184417963,14506.255215172752,2183.546629006878
9,15,18,13502.42183020711,14840.762442906283,1338.340612699174
2,9,21,18340.1286239624,15985.672255171745,2354.456368790654
7,25,13,17033.38523799181,17307.228984147187,273.8437461553767
11,24,20,17780.068794190884,15502.792833197122,2277.275960993762
3,23,2,12097.356680214403,13212.136337938382,1114.7796577239787
1,7,3,14775.696568906307,12522.030707102764,2253.6658618035435
6,16,13,15906.940045535564,16945.983944851938,1039.0438993163734
3,9,15,17839.01633042097,16138.392433818215,1700.6238966027558
6,25,1,12431.665851950644,13421.320841348988,989.6549893983447
6,18,4,16469.686094224453,13187.880859794286,3281.805234430167
10,2,16,17275.6690608263,17487.885003868476,212.21594304217433
6,18,16,17858.476038455963,16171.24063431278,1687.2354041431827
6,29,3,13749.35055616498,14454.680515579199,705.329959414219
1,17,4,16014.488048791884,13474.674853034616,2539.8131957572677
8,9,19,14040.280778318644,15073.774180757044,1033.4934024384002
10,2,16,15744.973758220673,16784.029266071946,1039.0555078512734
6,3,21,18858.375303208828,16488.033160660572,2370.3421425482557
8,28,2,12644.821834251285,13627.118342275122,982.2965080238373
12,27,13,18030.784473657608,15795.247999225554,2235.536474432054
10,5,21,16346.220090806484,16617.885018852005,271.66492804552036
2,5,15,18092.633126318455,16194.227133868484,1898.4059924499707
3,23,3,13126.72028055787,13802.662502444018,675.9422218861473
6,28,4,16726.09450724721,13729.714689480814,2996.3798177663957
4,13,4,14140.854455024004,13003.224858515348,1137.6295965086556
10,6,20,14678.256130754948,15392.234762237935,713.9786314829871
11,2,17,15890.471678078176,16823.40990011329,932.9382220351126
5,3,21,18934.352237045765,16569.22155019955,2365.130686846216
8,28,3,12615.695839211345,13677.07340079563,1061.377561584286
10,2,14,14892.49295732379,16217.328042737516,1324.8350854137261
11,17,21,18263.041933119297,16359.456071130311,1903.585861988986
7,26,2,12140.74362693727,13379.588167180042,1238.8445402427715
10,3,16,14867.482823818922,16507.22984402693,1639.7470202080076
11,19,21,18265.65433228016,16386.21151781182,1879.4428144683407
5,19,10,12785.201994434,15041.112536718727,2255.910542284726
2,21,6,15155.728877604008,13555.311033707701,1600.4178438963063
2,25,3,12477.9260276407,13166.623428406745,688.6974007660447
1,10,4,15222.79166573286,12901.856680088677,2320.934985644184
5,14,13,15778.538781285286,16810.10885513322,1031.5700738479354
11,8,14,16389.838544487953,15957.146669043961,432.6918754439921
7,6,21,16276.236090868711,15654.24098522937,621.995105639342
7,29,9,14456.805883646011,14982.862375162935,526.0564915169234
11,15,10,16235.01390850544,15380.960379215207,854.0535292902332
3,3,21,17048.222188830376,15918.936626528774,1129.285562301602
7,27,1,12752.146737799048,13506.85453425917,754.7077964601212
10,2,11,14338.14923736453,15752.601777736449,1414.452540371918
11,13,21,18178.09671908617,16417.35135433269,1760.7453647534785
7,26,2,12131.35334379971,13391.457940128023,1260.1045963283123
6,26,20,15366.794735521078,16577.739304206814,1210.9445686857362
12,25,19,18382.889948248863,15658.19047319243,2724.6994750564336
2,24,6,13471.395796656609,13649.82292481672,178.42712816011226
10,2,10,13707.19578421116,15728.882840047238,2021.687055836077
10,16,21,18560.606910943985,16643.990958878636,1916.6159520653491
4,25,3,13130.345035657288,14260.104286531372,1129.7592508740836
1,20,3,15754.326311260462,13302.006601630595,2452.3197096298663
9,8,21,16925.112980902195,16887.565702598265,37.54727830392949
5,16,12,17150.20746332407,15286.666131374392,1863.5413319496784
3,22,10,14179.097189992666,15132.904274469958,953.8070844772919
2,25,3,15240.099937975408,13101.164300741404,2138.9356372340044
4,26,2,12739.974885225296,13703.54683728498,963.5719520596831
11,21,19,18065.142648994923,16081.72257410981,1983.4200748851126
2,24,5,12633.510186895726,13640.783004791958,1007.2728178962316
2,8,4,15852.05751723051,13388.804289408668,2463.2532278218423
10,5,16,17373.423643052578,17936.83024846128,563.4066054087016
11,17,21,18859.801664948463,16392.568627620323,2467.23303732814
5,23,10,13044.893131017683,15146.343959578882,2101.450828561199
2,22,6,15302.620350420477,13551.466682309776,1751.153668110701
2,27,3,12736.52463182807,13259.686235947407,523.1616041193374
2,9,20,18440.64242464304,15879.993902728427,2560.6485219146125
8,13,14,15157.538691967726,16492.987054030425,1335.4483620626997
11,23,20,16672.551397413015,15590.372144961937,1082.1792524510784
8,13,1,12047.983156293629,13501.652825776344,1453.669669482715
3,16,3,13527.4258120656,12742.810015188494,784.6157968771058
10,3,16,16546.42583221197,17810.239480922028,1263.8136487100564
3,12,14,17838.50123256445,16213.749886465852,1624.7513460985974
8,17,17,15080.77803838253,16382.730251500945,1301.9522131184149
6,28,2,13805.990814894438,12624.151586244041,1181.8392286503968
4,25,10,13081.081831261516,14098.295265869132,1017.2134346076164
11,22,11,15994.833948731422,15422.138282171709,572.6956665597136
4,3,21,16569.49737688899,15755.269511623084,814.2278652659061
6,26,2,12682.617959693074,13595.17828425964,912.5603245665661
7,9,21,18882.62263256311,15881.77044876089,3000.8521838022207
10,3,16,16502.611756175756,17363.008100427935,860.3963442521781
8,11,19,17372.63951319456,15157.758680616938,2214.8808325776226
4,25,2,12248.261282071471,13472.233351574356,1223.9720695028846
11,8,11,15070.430559068918,15366.402217694482,295.9716586255636
3,4,16,15967.710929751396,16179.825110618198,212.1141808668017
10,17,7,12308.978646963837,13732.643177468002,1423.6645305041657
7,21,4,13234.7253511399,13556.234342551867,321.50899141196714
2,9,2,14494.970697760582,13174.570899101163,1320.3997986594186
10,6,20,16404.022600591183,16734.910256187726,330.8876555965435
2,4,13,17392.718486964703,15897.71336475989,1495.0051222048132
6,30,19,14655.028744369743,15882.001290861916,1226.9725464921721
3,5,21,18718.204709112644,15860.748443696266,2857.4562654163783
1,13,11,14297.56108468771,15258.237495614798,960.676410927088
2,28,8,17579.55875134468,14995.137840169948,2584.420911174733
12,11,18,18389.728118360043,16217.94219588369,2171.7859224763524
8,25,4,12272.19938866794,12888.616790817265,616.4174021493254
8,1,13,14397.751308768988,16353.914628691417,1956.1633199224289
7,5,22,19278.08573102951,17203.249840495668,2074.8358905338428
3,15,11,12827.414181753991,15010.764470418026,2183.3502886640345
2,26,22,18358.319452404976,16181.344497497224,2176.9749549077515
6,27,5,14598.834685057402,14413.71634575167,185.11833930573084
11,7,14,15629.308042407036,15995.144598967758,365.8365565607219
11,19,20,18255.600901663303,15895.024932476075,2360.575969187228
6,27,2,12718.537217825651,13761.20982106417,1042.6726032385195
4,27,5,16941.41812467575,14128.154923007176,2813.2632016685748
7,7,16,13487.278527379036,14603.452274897283,1116.1737475182472
7,5,14,15444.988312602043,15680.091365733035,235.1030531309916
11,13,21,16237.09849640727,15669.024924018446,568.0735723888247
7,26,1,12083.624360010028,13214.789319663956,1131.1649596539282
10,2,12,14365.497406601906,15910.465076913586,1544.9676703116802
2,15,15,17448.641873836517,16297.588462213165,1151.053411623352
9,15,5,13361.98466476798,14394.974417905758,1032.9897531377774
8,28,4,12943.570388838649,13442.342254425132,498.7718655864828
1,11,2,14372.568108946083,12638.755204229812,1733.812904716271
10,3,16,17110.790174007416,18425.54500090787,1314.7548269004546
2,10,17,18635.354335725307,17067.986559523804,1567.3677762015031
9,19,4,13987.317973792551,14640.680860630971,653.3628868384203
9,14,20,16584.586545228958,16967.57531009536,382.98876486640074
4,25,3,13032.401392832398,12875.410123378646,156.99126945375247
6,20,11,15817.301125317812,16350.43933878054,533.1382134627274
11,26,20,18100.939489364624,15694.297490336305,2406.6419990283193
8,24,2,12279.06790690124,13391.816381986768,1112.7484750855274
10,2,15,14773.109596550465,16387.989480299955,1614.8798837494905
11,17,21,18623.665387392044,16536.235588920994,2087.42979847105
5,24,6,12763.344374641776,14859.94606174042,2096.601687098644
1,26,4,14943.064411848783,13280.782789898934,1662.281621949849
4,28,1,12778.789928361772,13680.76168510002,901.9717567382486
6,9,19,18246.199545562267,16227.225125184144,2018.9744203781229
1,18,6,13770.483922123907,14262.321506918292,491.8375847943844
10,2,7,13892.706882864237,15042.762253169698,1150.055370305461
10,14,21,18342.85093253851,16553.342731268975,1789.5082012695348
7,24,2,12573.710647642612,13570.066193039336,996.3555453967238
12,22,10,16931.14077413082,14878.545021607955,2052.595752522866
7,8,14,15886.46285519004,16546.420406269484,659.9575510794439
2,14,16,18277.57376229763,16259.14660852659,2018.427153771041
7,23,1,12536.765294894576,13510.729751225266,973.9644563306902
1,9,2,14657.728086799383,12334.393281522873,2323.3348052765105
9,2,16,17035.30537188053,18157.93582812307,1122.6304562425394
10,9,22,19725.74513888359,17396.423215426672,2329.3219234569187
5,27,2,12215.464394584298,13485.00415654995,1269.5397619656524
8,18,5,16069.03141632676,13764.560069283487,2304.4713470432725
10,2,17,17939.21680724621,18369.138010859013,429.9212036128047
12,10,18,18439.590083003044,16329.449122285267,2110.1409607177775
7,25,4,12354.242460995913,12897.324318979247,543.081857983334
7,18,4,16038.540165901184,13972.964884562023,2065.575281339161
7,16,1,12553.015073850753,13364.341037689279,811.3259638385261
11,2,16,14953.559120565653,16630.32056874325,1676.7614481775963
7,6,22,18764.324832320213,16924.03235869078,1840.2924736294335
9,13,5,13388.857926905155,14282.887080778146,894.0291538729907
9,14,20,16494.172107458115,16950.074061869047,455.9019544109324
7,20,19,17498.676084578037,15245.294243575117,2253.38184100292
4,21,15,12636.847249999642,14593.147675921848,1956.3004259222052
2,13,21,17885.25538545847,16056.201874737586,1829.0535107208834
2,22,10,14503.038376927376,14977.94327335594,474.9048964285648
5,28,4,16559.69042223692,13862.876757478634,2696.813664758285
4,25,1,12715.773283109069,13687.660398749573,971.8871156405039
2,3,9,17227.8486225605,15389.15711799011,1838.6915045703918
7,29,19,15713.33420047164,16238.771636287363,525.4374358157238
2,6,21,18265.18926781416,16110.285831417237,2154.903436396922
6,21,18,13378.343327865005,15140.16224444781,1761.8189165828062
2,10,21,18228.23181682825,15980.92272015954,2247.3090966687105
1,9,9,14389.854645371435,14734.76481283926,344.91016746782407
2,22,6,16653.894274175167,13871.247127537683,2782.647146637484
6,27,2,13767.253487557173,14184.70404879644,417.4505612392677
11,11,11,15711.08269789815,15385.819879248815,325.2628186493348
8,7,21,15215.485970497131,15547.980852570769,332.4948820736372
4,25,3,12935.030878394842,12862.546450428756,72.48442796608651
12,4,16,16095.410086095331,15559.059080674147,536.3510054211838
11,20,13,13295.460965916514,13902.327515129258,606.8665492127438
8,1,14,15809.492225408554,16968.123426542126,1158.6312011335722
3,27,15,18579.25214099884,16366.820637538962,2212.4315034598785
8,8,2,13779.27995622158,14107.908742489031,328.6287862674508
8,11,15,15467.940925449131,16789.37217868081,1321.431253231678
11,25,21,18207.641026079655,15786.023922604976,2421.6171034746785
4,27,2,12023.482584163548,13280.567882289943,1257.0852981263943
11,3,12,14668.346238553524,15730.44568412498,1062.0994455714554
11,19,21,18232.22710609436,16323.104452164816,1909.122653929544
8,23,2,12415.070760577915,13499.587390202878,1084.5166296249627
2,4,3,14395.07493248582,13142.334534982976,1252.7403975028446
10,1,17,16816.530680835247,17695.483598274157,878.9529174389099
10,8,22,19389.90707796812,17305.518921338866,2084.388156629255
6,27,2,12200.750476673244,13551.136452484334,1350.3859758110902
5,4,14,15466.389070123434,15427.165203478527,39.22386664490659
2,12,13,16755.170879006386,15461.265099376076,1293.9057796303096
8,24,1,12169.375029608607,13206.078530824656,1036.7035012160486
12,15,20,18934.34813594818,15762.842646784606,3171.5054891635755
3,12,12,15215.482279509306,15488.008026398335,272.5257468890286
10,23,3,12634.372647717595,13606.203178618665,971.8305309010702
3,13,2,12282.039972320195,12864.016300826717,581.9763285065219
8,4,8,14778.064952760937,14002.152798112464,775.912154648473
10,5,16,17670.432512044907,18591.6664693279,921.2339572829951
4,10,22,18706.095808386803,16878.349994886157,1827.7458135006455
8,23,5,13409.230129152536,14384.510546738386,975.2804175858491
8,28,5,13067.001737982037,13786.377004188897,719.37526620686
12,24,12,17186.66950172186,15030.242439757098,2156.4270619647614
10,7,21,16262.34567335248,16463.37421150047,201.02853814799164
11,2,16,15853.73322570324,16442.928882750333,589.1956570470938
11,22,20,18242.40110898018,15894.78948490156,2347.6116240786196
9,12,15,14307.8634519279,15612.684254356242,1304.8208024283413
12,15,13,16513.28978395462,15047.411329366527,1465.8784545880935
11,8,21,16638.906813055277,15732.197019464333,906.7097935909442
3,9,13,14886.059565544128,15547.36956307059,661.3099975264613
8,12,21,14314.551931977272,15381.567669081782,1067.0157371045098
11,5,16,14526.797265559437,15270.741984300297,743.9447187408605
10,11,20,15900.956134051085,15915.811223367355,14.855089316270096
11,10,19,18082.870873630047,15636.623265061988,2446.247608568059
4,26,2,13180.714921236038,14126.685858344365,945.9709371083263
2,4,20,18829.95633739233,16148.553349684818,2681.402987707512
3,25,17,14387.005202770231,15973.017000874364,1586.011798104133
7,27,5,16048.738365262749,13840.810012299922,2207.9283529628265
2,25,3,13146.25401340425,13589.860102543898,443.60608913964825
3,20,4,16059.555010139942,13647.559241219202,2411.9957689207404
7,9,15,16358.950307816269,17393.486304930855,1034.5359971145863
3,18,15,17880.612122774124,16007.981495624344,1872.6306271497797
5,29,6,12973.14565911889,14157.787325409241,1184.6416662903503
12,24,18,17861.058909714222,15905.968562551025,1955.0903471631973
10,16,20,16292.099136322737,16469.36620010521,177.267063782474
11,20,20,18129.080400764946,15713.624169251738,2415.456231513208
2,18,2,12063.366168275476,13124.724424452876,1061.3582561774
11,3,11,14494.305499732494,15619.262075571707,1124.9565758392127
10,15,21,18280.488002240658,16463.364840383336,1817.123161857322
7,26,2,12299.069985091686,13493.008200391667,1193.9382152999806
11,4,16,15117.719084978104,16409.299094917165,1291.5800099390617
11,16,21,18439.038895487785,16462.944838841562,1976.0940566462232
5,23,5,12743.733131051064,14619.287446211296,1875.5543151602324
2,20,21,17828.359218239784,15944.013990980557,1884.3452272592276
7,8,11,15258.0738183558,15233.09287298594,24.98094536985991
9,2,14,14911.76606541872,16711.381795237685,1799.6157298189646
5,3,21,18847.57711327076,16563.377595179496,2284.1995180912636
4,26,2,12248.912126258016,13357.721686457378,1108.8095601993627
11,2,11,14822.69268655777,15590.980588785367,768.2879022275974
11,19,21,18161.12063574791,16287.1675769783,1873.95305876961
8,24,2,12282.332380577922,13474.97100828994,1192.6386277120182
10,3,16,14848.272462517025,16514.891145892925,1666.6186833759002
11,18,21,18304.495007276535,16410.771081442654,1893.7239258338814
6,27,1,11969.234495654702,13206.356107923782,1237.1216122690803
12,23,12,17520.338082015514,15158.972049409893,2361.3660326056215
9,2,17,17394.05872565508,18668.865265146007,1274.8065394909281
5,27,20,15009.7117587924,16302.409799722807,1292.698040930407
2,21,6,14500.097889959812,13465.540130940599,1034.5577590192133
8,23,20,16018.141716629269,16659.410498971614,641.2687823423457
11,24,20,18276.404949486256,15778.51196401265,2497.892985473605
2,19,18,13176.277328595515,15145.381790820635,1969.1044622251193
7,17,21,18447.719278633595,16362.287099707399,2085.432178926196
7,28,4,14487.530896633863,14656.56844206794,169.0375454340774
11,29,4,15350.169706135988,13258.33997413193,2091.8297320040583
2,27,9,12636.788194194436,14051.781920336445,1414.993726142009
2,21,21,18934.038913190365,16432.9966107006,2501.0423024897646
7,5,10,14419.740983903408,14826.662396763475,406.921412860067
12,12,13,17017.062049388885,15223.350458105797,1793.7115912830886
7,16,11,15395.30638614297,15413.491400491848,18.185014348879122
11,5,15,14561.991244584322,17332.5085321119,2770.5172875275784
11,14,21,18626.682974994183,16437.070290700023,2189.6126842941594
6,27,15,14288.634225577116,16264.677484226866,1976.04325864975
2,27,3,14842.66585201025,13024.620963826408,1818.044888183842
4,23,3,12753.456013202667,13132.08967917778,378.6336659751123
11,12,17,18245.654099583626,15817.230095191295,2428.424004392331
4,20,2,12288.02039787173,13132.681256564341,844.6608586926104
11,2,15,14994.561073988676,16322.103150303103,1327.5420763144266
11,14,21,18206.38116890192,16460.099227546132,1746.2819413557881
7,27,2,12566.814652055502,13694.70463151285,1127.889979457348
12,26,13,17966.030603468418,15760.457372370038,2205.5732310983803
3,14,3,13689.495447039604,12757.709905540167,931.7855414994374
8,24,21,16836.426745653152,16971.05058018962,134.62383453646908
4,12,18,17986.67798936367,15636.97399828427,2349.703991079401
1,22,6,13735.26492640376,14189.90591919678,454.6409927930217
10,3,7,14453.709965080025,15053.789206281215,600.0792412011906
10,10,21,18339.708671569824,16527.605108257278,1812.1035633125466
7,25,2,12475.05792504549,13595.783802852433,1120.7258778069427
11,3,15,15020.03217086196,16230.96552985846,1210.9333589965008
10,14,20,18336.047211647034,16391.03757623701,1945.0096354100242
5,19,12,13032.306862533092,15463.881711791573,2431.5748492584808
2,23,4,14906.415773510931,13164.33288611453,1742.082887396402
2,24,5,12667.41396062076,13443.772503455335,776.3585428345759
4,24,4,16078.359362781048,13915.553568538946,2162.805794242102
7,24,13,16014.530700206757,16837.77993689034,823.2492366835831
2,18,14,17499.728426218033,16019.432960194814,1480.295466023219
9,15,2,13885.639051288366,14415.52811890902,529.8890676206538
7,19,13,16009.35429483652,16734.278633104805,724.9243382682853
11,26,20,18440.990197718143,15584.07699644834,2856.913201269803
4,25,2,11960.872767791152,13128.586630446658,1167.713862655506
1,9,3,14954.59833869338,12612.925119810232,2341.6732188831484
10,2,16,17542.178067088127,18265.231622779072,723.0535556909454
10,9,22,19651.74493408203,17269.773275256517,2381.971658825514
5,22,10,12882.24011491239,15185.090080540667,2302.8499656282765
2,24,5,15042.74692004919,13394.399436756466,1648.347483292724
4,12,4,14191.492757439612,13006.40611326242,1185.0866441771923
8,12,12,12984.614173457026,13945.455180716315,960.8410072592887
8,13,3,14959.956832796335,13441.242751543368,1518.714081252967
10,3,17,18097.075435221195,18572.64907195742,475.57363673622604
3,16,16,18305.765527307987,16589.05319466941,1716.7123326385772
10,5,15,14838.287110120058,16058.885299782549,1220.5981896624908
12,13,13,15484.355978637934,14479.988583585795,1004.3673950521388
9,7,15,16677.75569024682,15111.816030372056,1565.9396598747644
10,3,16,17058.813683450222,19027.657841942033,1968.844158491811
9,19,17,17909.21891885996,16196.075522434074,1713.143396425885
5,25,13,13858.953619420528,15866.69904787911,2007.745428458582
2,14,21,17544.152335464954,15892.882994376765,1651.2693410881893
10,8,19,15185.919927686453,16093.064729633728,907.1448019472755
9,24,12,12785.915175303817,13815.819938434288,1029.904763130471
8,1,13,14611.615755677223,16408.08066956597,1796.464913888747
5,27,14,18048.711191415787,16096.086179253221,1952.6250121625653
11,2,19,15189.989856928589,16280.672382404995,1090.6825254764062
5,4,15,14738.21335721016,16194.627737472038,1456.4143802618783
3,26,15,17806.45607626438,15806.697375857637,1999.7587004067445
6,21,15,14230.403561204672,15690.94827953806,1460.544718333389
2,22,4,15075.998619258404,13019.628390420945,2056.370228837459
1,21,6,12208.83558550477,13427.532834882184,1218.6972493774138
2,23,20,18587.88167053461,15982.327769229601,2605.5539013050093
8,26,1,13805.89443910122,14276.891499388938,470.99706028771834
12,10,18,18237.23782712221,16018.62780891952,2218.610018202691
8,25,3,12168.695272684095,12768.323818171402,599.6285454873068
5,10,4,15726.2321523726,13706.44861905407,2019.7835333185303
10,2,17,18645.374957561493,18929.022500862284,283.64754330079086
10,9,22,19486.818474531177,17251.31914408432,2235.499330446859
4,26,2,12436.868914455175,13664.06336880548,1227.194454350305
11,2,12,14576.756016105412,15842.859859183975,1266.103843078563
3,21,14,17236.1123341918,15893.67462102441,1342.43771316739
9,7,2,13040.595180749891,13949.65546881227,909.0602880623792
9,26,8,12596.492449775338,13258.052942106813,661.560492331475
7,26,4,15364.935707986357,13639.11668291131,1725.8190250750467
9,27,3,14391.193653732538,14489.136621456082,97.94296772354392
11,12,16,18833.793324291702,15422.830466522986,3410.9628577687163
2,22,5,12442.452968925238,13456.150759437971,1013.6977905127333
5,24,5,16933.872105121613,14076.5441079874,2857.3279971342126
7,19,3,13777.745735615492,13623.398756612976,154.34697900251558
2,2,8,17631.896958708763,15262.85691095658,2369.0400477521835
5,22,5,13316.475605100391,13739.623568747678,423.1479636472868
8,27,3,16469.374820917845,13635.437014073394,2833.937806844451
11,13,21,18170.434228360653,17941.415270167956,229.01895819269703
11,21,20,17974.2934948802,15653.42810918539,2320.8653856948094
7,10,16,13464.369386166334,14906.501840518904,1442.1324543525698
2,16,21,18353.47441571951,15948.270156590199,2405.2042591293102
8,16,16,14510.118921905756,15434.98431784267,924.8653959369149
12,10,18,18342.49659770727,16123.52667139851,2218.9699263087623
9,6,15,17438.85911566019,17738.561003466057,299.70188780586614
9,9,22,19340.175528228283,16736.415647375823,2603.75988085246
4,25,2,12031.599886611102,13232.148016005267,1200.5481293941648
11,3,14,15193.207988202572,16022.90730083948,829.6993126369089
5,23,15,17243.810914576054,16004.0369434293,1239.773971146753
5,18,14,13134.269991099834,15573.892964144175,2439.622973044341
2,23,4,14887.745936870577,13151.141550956594,1736.6043859139827
2,26,8,12814.210903137922,13819.585737620502,1005.3748344825799
2,21,21,18556.02434450388,16061.965356168306,2494.0589883355733
5,21,18,16201.102752804756,16450.363157022726,249.26040421797006
12,23,20,18882.383128464226,15849.703367907863,3032.6797605563625
2,23,4,12711.167545467615,13591.666015962675,880.4984704950602
11,2,9,14164.14417809248,15421.267157179404,1257.1229790869238
4,25,12,16993.41840159893,15555.957869914895,1437.4605316840352
4,20,13,13013.324112147093,15466.009647095712,2452.6855349486195
2,28,3,14682.527013778688,13093.08622551459,1589.440788264099
3,22,19,14790.82510778308,15990.231641252336,1199.4065334692568
11,15,17,18386.986124515533,15441.355094281857,2945.631030233677
3,22,3,12410.757226139309,13290.304795133481,879.5475689941723
7,20,4,16456.61753666401,13734.243411253974,2722.374125410035
8,20,14,15587.359965771437,16405.253374129483,817.8934083580461
11,14,21,17355.783181905746,15880.80193273667,1474.9812491690773
8,10,21,16183.448758035898,16873.606279757012,690.1575217211139
12,11,18,18435.493086516857,16285.193799060113,2150.2992874567444
9,6,14,17461.93025022745,17681.867600429236,219.93735020178428
6,3,22,19335.574096739292,16807.654994100798,2527.919102638494
3,18,11,13305.765383705497,14892.97351509116,1587.2081313856634
2,18,9,15980.620774835348,14097.256429509265,1883.364345326083
3,28,3,12423.711158022285,13196.934216122936,773.2230581006515
1,12,3,15021.389634162188,12587.649467943305,2433.740166218882
7,7,15,16221.081659793854,17525.24996425504,1304.1683044611855
11,13,21,19220.770431637764,16497.737006363433,2723.0334252743305
4,25,1,12104.71404927969,13329.989146713893,1225.2750974342034
10,13,20,19146.193612515926,15718.260677044762,3427.9329354711645
10,2,16,17326.94918501377,17739.946661214264,412.9974762004931
5,25,12,17817.187828421593,15416.79141717519,2400.396411246402
5,25,13,13907.975679278374,15621.643925051378,1713.668245773004
5,29,6,15471.250511199236,13979.718159897098,1491.5323513021376
6,28,3,13111.745327785611,13604.834504186987,493.0891764013759
10,2,15,14841.570858955383,16555.772376875062,1714.2015179196787
10,19,20,18616.12346893549,16407.60602409171,2208.5174448437792
11,2,18,14816.23878929019,16069.709023157846,1253.4702338676561
11,12,4,13492.691155970097,12819.018946739316,673.6722092307809
9,1,16,16541.036989986897,17333.105142597873,792.0681526109765
2,23,16,18502.25731474161,16594.979300805015,1907.2780139365968
9,18,5,13814.881174236536,14454.926489014992,640.0453147784556
8,27,5,13045.015138670802,13655.167198751868,610.1520600810654
10,9,12,16557.06736022234,14346.698031889746,2210.369328332594
9,25,3,12049.91108226776,12763.96241446443,714.05133219667
9,20,4,15577.71582469344,13577.682409332614,2000.0334153608255
10,6,21,16596.494902282953,16526.303870718522,70.19103156443089
4,27,13,14668.595585286615,15567.33897219761,898.7433869109936
8,12,5,12730.438397958877,13503.249392820759,772.8109948618821
8,28,4,12747.91850619018,13412.701736444054,664.7832302538736
6,22,3,15262.25570756197,13555.370258142784,1706.8854494191855
9,6,16,16537.722482919693,17677.529984265413,1139.80750134572
11,18,21,18626.22611272335,16313.419166826909,2312.806945896442
4,27,2,11942.879817306995,13287.60717331485,1344.7273560078538
1,7,3,14859.603795140982,12831.316787024743,2028.2870081162382
9,3,16,17611.33077454567,18271.13992615558,659.8091516099121
3,13,17,18811.773711144924,16845.19535540081,1966.5783557441137
4,25,9,13858.614868760107,15591.571832198988,1732.9569634388808
1,27,4,15002.620140850544,13223.983159756985,1778.6369810935594
2,26,3,12655.424401834607,13195.100345955541,539.6759441209342
11,3,11,14801.555629611015,15799.4775129735,997.9218833624855
11,23,20,18253.05247962475,16225.067858512784,2027.9846211119639
6,24,10,13266.550073444843,15563.53872510535,2296.9886516605075
2,27,3,14810.507915526628,13093.837270565646,1716.6706449609828
3,28,6,12812.69042120874,13549.488322714169,736.7979015054298
11,26,11,16522.588202506304,15397.300302161517,1125.287900344787
11,18,20,16801.543629825115,15584.659003665205,1216.88462615991
3,23,3,13107.306299760938,12825.30981334337,281.9964864175672
11,9,12,14557.588716328144,14399.68847072564,157.90024560250458
10,3,17,16701.569533586502,17675.107849935208,973.5383163487058
5,3,22,19267.91418880224,16961.83767347574,2306.0765153264983
5,27,1,12009.609391257163,13156.516060732736,1146.906669475573
11,3,13,15113.679093748333,15904.583214307868,790.9041205595349
11,15,21,18436.112352252007,16446.72181186046,1989.390540391545
6,15,15,13096.05534864962,15719.05985242292,2623.0045037733016
3,19,7,15795.542752087116,13777.702288647624,2017.840463439492
4,28,2,12657.99332936108,13840.867477360285,1182.874147999206
11,15,17,18437.58710694313,15938.410889006656,2499.176217936474
4,23,4,12519.16604977846,13445.149019696983,925.9829699185229
1,13,3,15340.125708043575,13430.987260359529,1909.1384476840467
8,9,16,17134.791437506676,17796.041721236463,661.250283729787
4,19,15,17713.904146432877,15968.04570407145,1745.8584423614266
8,24,2,12412.708323314784,13387.370144638067,974.6618213232832
6,5,13,15336.5261746943,15374.57255866126,38.046383966961
3,18,13,17000.854511737823,15358.98558684207,1641.8689248957544
8,22,1,12386.905857756734,13320.478324932024,933.5724671752905
10,2,14,14621.129891961811,16190.153114889541,1569.0232229277299
11,18,21,18391.62692654133,16523.036329187486,1868.590597353843
5,19,9,12612.465814754363,14864.355346571341,2251.889531816978
1,22,5,14974.92050755024,13395.290039289885,1579.630468260355
2,25,3,12480.61183644831,13194.905415829984,714.2935793816741
4,27,3,12862.248904630542,12994.532745015018,132.2838403844762
9,11,2,13080.955107346175,13119.957333931148,39.00222658497296
8,24,6,12602.151349276304,13353.657694883559,751.5063456072548
10,1,14,15193.561092704536,16525.460179456495,1331.8990867519587
3,24,15,17701.167777776718,16139.434171449191,1561.733606327527
10,15,6,13583.749466061592,14488.508768216812,904.7593021552202
8,26,4,12832.69372972846,13345.085764373525,512.392034645065
2,8,4,14910.65917918086,12964.054839706649,1946.6043394742119
10,2,16,16817.973446965218,18013.93878808805,1195.965341122832
4,17,17,18141.431266248223,16565.136005891072,1576.2952603571503
9,26,3,12875.067500293257,13909.119050885121,1034.0515505918647
12,17,15,18042.616140186787,15773.42210075043,2269.1940394363573
7,7,14,15946.43525570631,16223.265771930972,276.83051622466155
10,12,21,18633.52196532488,16255.913448793352,2377.608516531527
8,8,5,12921.037523329258,13884.988050182865,963.9505268536068
12,12,7,16054.69356906414,13797.598995158207,2257.0945739059334
10,1,18,17594.38749998808,18410.929711156932,816.5422111688531
2,22,17,18307.307539999485,16908.798849764862,1398.508690234623
9,14,5,14299.096535623074,14927.962274012274,628.8657383892005
8,27,3,12387.71541441977,13050.707168399615,662.9917539798444
1,8,2,13986.07041990757,12312.650615326911,1673.4198045806588
10,5,17,16472.73649060726,18046.712516419797,1573.9760258125352
11,12,21,19657.200214087963,17069.82787916959,2587.3723349183747
6,21,12,13228.322102427484,15447.190879447066,2218.868777019581
6,29,7,13119.725038409231,14342.345545701302,1222.6205072920711
12,25,18,17925.079503655434,15868.967190427487,2056.1123132279463
10,13,20,16211.121734201908,16394.065037044507,182.94330284259922
11,15,19,18495.132888019085,15757.152993619546,2737.9798943995393
3,20,3,12132.27096438408,13263.519899808529,1131.248935424448
11,4,12,15336.149283826351,15707.906608906518,371.757325080167
3,24,15,17070.55676627159,16049.76072303659,1020.796043235001
10,14,6,13467.135576486588,14544.032576768548,1076.8970002819606
8,18,7,12559.043277189136,13284.669411014114,725.6261338249788
10,3,15,15425.977674752474,16373.912535427413,947.934860674939
5,2,21,18874.038215100765,16713.92369444049,2160.114520660274
7,27,1,11980.425365686417,13220.033561788194,1239.6081961017771
11,11,19,18778.24641817808,15602.72058008018,3175.525838097901
3,7,10,15680.618104606869,15242.14725075219,438.47085385467835
8,29,3,13812.392218112946,14350.806016305662,538.4137981927161
2,13,17,18624.342068493366,15574.798732158453,3049.543336334913
1,15,7,13845.082066953182,14319.936280789552,474.85421383637004
2,16,4,16019.805121809244,13565.147946927329,2454.657174881915
9,12,21,17365.102516055107,17400.84100599649,35.738489941384614
11,10,13,16269.923271358011,15637.589196921988,632.334074436023
9,14,20,15314.39952290058,15336.562693819966,22.163170919386175
7,26,4,13456.467391341925,14022.159620192559,565.6922288506339
2,7,4,15417.193943947554,13251.570780108314,2165.62316383924
9,6,16,16600.39709663391,17606.41560402735,1006.0185073934372
5,28,19,14634.987090587616,16035.794904875556,1400.8078142879403
3,25,20,15264.70939424634,15518.439620781055,253.73022653471526
11,11,20,16031.773354887962,16502.398472089568,470.62511720160546
9,23,8,12582.312494769692,13426.836808379985,844.5243136102927
10,2,13,14747.96986836195,16163.713753154827,1415.743884792877
11,18,21,19021.001867234707,16718.777172329384,2302.2246949053224
5,18,14,13004.14934168756,15482.448653280948,2478.2993115933878
5,27,8,16305.16810399294,14276.1378085468,2029.0302954461404
3,27,3,13354.314381957054,13616.829380111307,262.5149981542527
2,11,20,18463.71601986885,15801.618887465696,2662.0971324031543
9,2,16,16390.40244540572,17378.21894388196,987.816498476237
4,20,14,17303.04962873459,15751.545837046175,1551.503791688414
9,9,3,13964.079514443874,14384.628814230575,420.54929978670043
9,25,3,12047.080504715444,12668.024741559495,620.9442368440505
11,27,2,14548.14634925127,12893.000526131327,1655.145823119943
8,23,12,15561.043632686138,15733.86598933138,172.8223566452416
10,4,16,15684.71838197112,17437.91252311416,1753.194141143038
8,22,16,18229.587639689445,16196.052612166653,2033.535027522792
9,10,5,14120.084856420755,14626.979946724005,506.89509030324916
8,23,3,12116.802239462731,12742.808856268566,626.0066168058347
10,1,14,15686.955940812826,16712.756679340746,1025.8007385279197
5,2,22,19225.92797195911,17330.76085634325,1895.167115615859
3,18,11,13030.354740083218,15023.670877766996,1993.316137683778
1,25,5,14979.684752613306,13400.873062266697,1578.8116903466089
3,19,3,13289.769667744637,12737.965865908787,551.8038018358493
11,6,19,14954.20422321558,15233.051572068021,278.8473488524414
11,21,4,13735.648379027843,13064.76267484299,670.8857041848532
10,2,16,16182.429225176573,17216.287782132473,1033.8585569559
11,15,20,18566.148313999176,15899.659954316394,2666.488359682782
7,27,3,12368.008000090718,13511.144696727835,1143.136696637117
12,22,15,18133.74334871769,15840.02250889185,2293.720839825839
9,2,16,17345.10064291954,18328.29870004498,983.1980571254389
2,17,19,17933.28333926201,17222.78246305087,710.5008762111393
4,27,12,13874.792878508568,16037.897136572345,2163.104258063777
8,29,16,17577.576280772686,14769.409473236208,2808.166807536478
3,25,6,12501.055192738771,13211.922480992154,710.8672882533829
2,8,10,17707.2620087862,16028.286945551563,1678.9750632346386
9,18,6,12819.296674251556,13809.91865704458,990.6219827930236
10,2,16,14833.59381404519,16664.321602182998,1830.7277881378068
5,4,22,18826.45892137289,16915.624057917663,1910.8348634552276
6,27,1,12068.102730929852,13215.439639169337,1147.3369082394856
10,8,15,15507.23600205779,15766.34336665812,259.1073646003297
9,10,20,18321.875458836555,15996.211204983814,2325.6642538527412
7,23,1,11926.170715421438,13184.768569134318,1258.5978537128794
1,7,2,14320.073239654304,12256.095596148458,2063.9776435058466
9,1,16,16623.07206517458,18082.067403615285,1458.9953384407054
10,8,22,19591.4391143322,17401.12842901791,2190.310685314289
4,24,7,12809.504893660544,14989.591823455052,2180.0869297945083
8,15,14,16995.251592218876,18062.959631399994,1067.7080391811178
2,13,21,18034.952829241753,16265.86782820493,1769.085001036823
7,26,3,13073.05003669858,14225.489661287913,1152.439624589333
8,23,18,13793.79251024127,15487.768735853115,1693.9762256118447
2,14,22,18849.18884462118,16009.44334217071,2839.7455024504707
4,22,7,14889.859232455492,14828.33205993873,61.52717251676222
2,13,20,18859.189781188965,15877.562365306638,2981.627415882327
8,25,2,13510.536261886358,14210.124248021499,699.5879861351405
11,8,17,18890.12107938528,15584.940548300256,3305.180531085025
4,25,5,12446.789059400558,13432.697108075501,985.9080486749426
2,16,18,18540.214613318443,15727.999137635208,2812.215475683235
9,8,8,14876.494985759258,14529.134530367288,347.3604553919704
10,2,17,14764.9943446517,16756.40381720608,1991.4094725543782
5,2,22,18855.95647585392,16761.26525936905,2094.691216484869
8,28,2,12862.609186053276,13765.698868329751,903.0896822764753
10,2,14,14819.225208550692,16122.197874059631,1302.9726655089398
3,21,14,17220.46746712923,15857.151263416357,1363.3162037128732
9,11,1,12792.118495509028,13852.440500875948,1060.3220053669193
10,18,14,13228.670900776982,13988.294323484128,759.6234227071454
2,11,21,17725.67183583975,15913.41828428912,1812.253551550628
10,3,21,15831.58155721426,16228.229749644115,396.64819242985504
10,15,15,18482.77464056015,15125.71920565268,3357.05543490747
5,25,1,13630.656589895489,13978.970533180507,348.31394328501847
2,20,10,17168.137461960316,15325.903330073645,1842.234131886671
12,11,18,18429.968087852,16285.537485392666,2144.430602459335
7,10,13,17524.441640257835,17721.988244580516,197.54660432268065
10,15,22,19244.354203402996,16289.284260772118,2955.0699426308784
3,23,4,13031.64535549283,14042.569353052711,1010.9239975598812
12,11,8,15490.786909759045,14959.616044886161,531.1708648728836
4,28,14,15896.283343464136,15709.084274302724,187.1990691614119
10,22,6,13103.844153180718,14325.661367454704,1221.8172142739859
9,13,20,16578.68096470833,16917.35529275838,338.6743280500523
11,27,20,18129.926867306232,15618.817568057517,2511.1092992487156
2,23,5,12882.90756854415,13848.476910778782,965.5693422346321
2,15,8,16805.81287240982,14141.254586238509,2664.558286171312
10,7,21,16847.037105321884,16947.764327502282,100.7272221803978
3,11,12,17275.965980291367,15432.900279935735,1843.0657003556316
9,25,2,12482.89901857078,13209.663733077683,726.7647145069022
12,24,13,17727.345903873444,15690.301815918589,2037.044087954855
9,2,17,17677.49460208416,18522.359303375713,844.8647012915535
2,13,19,18311.72360187769,17361.802351114984,949.9212507627053
9,18,6,14154.518081843851,15077.525849248668,923.0077674048171
8,21,21,16125.705714166164,16993.35586528114,867.6501511149763
3,9,21,18615.71664005518,16060.892871753222,2554.823768301958
5,27,17,12970.842072606089,14936.650449980858,1965.8083773747694
2,11,21,18033.63719713688,15997.612117091785,2036.025080045094
4,25,1,13146.569387808442,14087.903377639654,941.3339898312115
2,12,11,17063.349497377872,15499.508875316202,1563.8406220616707
12,11,18,18433.438436627388,16277.639024795313,2155.799411832075
7,24,3,12392.372005671265,12903.190244246733,510.81823857546806
11,22,3,15622.880392163992,13358.684366176207,2264.196025987785
9,5,16,16427.277054220438,17581.93127318545,1154.6542189650136
6,3,21,18153.63039112091,16169.175059142846,1984.4553319780644
5,28,1,12983.528202816844,13723.48382978833,739.9556269714867
1,8,2,15060.309050232172,12908.837064879077,2151.471985353095
9,5,20,16795.83859297633,17080.623675714713,284.7850827383809
3,8,14,17738.41230559349,15792.15163041083,1946.2606751826606
3,24,2,13148.597790673375,13850.288738106254,701.6909474328786
2,14,4,16167.744835168123,13337.06379742031,2830.681037747814
4,13,14,15607.682134628296,16513.84306296484,906.1609283365433
12,19,21,18237.499477148056,15976.9801204303,2260.5193567177557
3,24,2,11931.306724980472,13167.744174901403,1236.4374499209316
1,7,3,15195.94793149829,12716.171397593185,2479.776533905104
10,3,16,17342.49808639288,18075.72329837546,733.2252119825789
11,10,22,19567.46573829651,17147.698455614714,2419.7672826817943
5,22,11,12921.045520469544,15256.262846941754,2335.2173264722096
2,19,9,15762.63800573349,14042.696808023933,1719.941197709557
3,29,7,12690.822410464289,13762.496049471574,1071.6736390072856
11,5,13,15659.528620392084,15901.677451733285,242.148831341201
6,4,21,18040.738657712936,16268.507627894327,1772.2310298186094
3,18,12,13889.152051478624,15539.296700635894,1650.1446491572697
1,27,4,15147.682114034891,13249.545547925902,1898.1365661089894
11,9,16,17765.627189159393,15389.320442190514,2376.3067469688795
9,6,14,17581.51005357504,17626.450357602745,44.94030402770659
11,16,21,19151.30522054434,16360.095435981113,2791.209784563225
4,18,14,13163.427154481413,15329.24328199755,2165.8161275161365
3,10,21,18844.67845749855,16336.91326192797,2507.7651955705805
9,5,19,15599.495523631573,16186.74483127287,587.2493076412975
9,4,15,16066.015879273416,17157.64221978395,1091.6263405105328
4,3,21,18766.820760309696,16381.289161280689,2385.5315990290073
3,25,2,12465.123016148806,13420.349321142088,955.2263049932826
1,12,3,15292.507043778896,13232.667443792165,2059.8395999867316
9,4,21,17105.741722881794,17321.121404058424,215.37968117662967
3,5,14,15796.584430873394,15853.559235999362,56.97480512596849
8,27,21,14199.544852435589,15792.809948257001,1593.2650958214126
5,14,4,12758.226614966989,13346.430859100426,588.2042441334379
6,29,2,12409.529767632484,13292.143111830806,882.613344198322
1,9,3,14677.981767326592,12385.608864908183,2292.3729024184086
10,5,21,16570.795374274254,17226.91317189764,656.1177976233848
11,4,15,15813.09175875783,16050.203234411405,237.11147565357533
7,5,21,17069.620895802975,15859.989829178849,1209.631066624126
7,28,3,13303.335278332232,13923.970872883012,620.6355945507803
9,26,7,16553.702409654856,13902.82751261858,2650.874897036276
9,4,17,17024.908269286156,18021.017751199826,996.1094819136706
2,18,17,18085.582519352436,16843.196933190142,1242.3855861622942
8,30,2,13828.61451971531,14412.197640367387,583.5831206520779
5,29,5,12918.32813321054,14009.904315688787,1091.5761824782476
2,18,2,13650.8590067029,13044.512040037189,606.3469666657111
5,28,2,13162.389576792715,13650.555643533993,488.166066741278
3,3,14,16412.057881087065,15667.334898858317,744.7229822287482
10,18,15,15520.80325308442,16198.768574682203,677.9653215977833
11,26,3,13254.47931292653,12992.371269929268,262.1080429972626
7,29,2,12403.837034076452,13401.382442296497,997.5454082200449
1,9,4,15111.050700306892,12652.852599579204,2458.198100727688
7,14,21,15031.502940803766,16206.850098522524,1175.3471577187574
2,9,13,15780.047575086355,15543.031861269359,237.01571381699614
9,22,3,12750.176160410045,13620.164407061406,869.9882466513609
10,10,16,13886.346490621569,14572.60455171071,686.2580610891418
11,24,3,14917.200019717216,13239.96767547139,1677.2323442458273
9,14,21,17078.86805063486,17192.014212647686,113.14616201282479
12,18,20,18996.823436319828,15720.683519751772,3276.139916568056
2,18,8,13367.887169465424,14464.660985655773,1096.773816190349
2,16,21,19117.47608679533,16159.404888748597,2958.071198046733
5,29,12,14716.49886572361,15312.866343347196,596.3674776235857
5,20,10,17781.169528782368,15111.743637617921,2669.4258911644465
5,22,3,12872.585516035557,13466.972367535185,594.3868514996284
2,9,2,14485.217467486858,12856.932800251503,1628.2846672353553
7,7,15,16272.602108299732,17095.626287264735,823.0241789650026
3,16,15,17771.150547385216,16005.809246172159,1765.3413012130568
9,20,14,14539.484421044588,15664.20398389058,1124.7195628459922
5,28,19,14775.43819975853,16090.583958604477,1315.145758845947
7,18,13,16891.239555299282,14650.479645877203,2240.7599094220786
8,24,20,15344.16774982214,16239.488395198357,895.3206453762177
2,8,12,17526.31338119507,15840.40459405371,1685.9087871413576
9,21,4,13822.722062706947,14477.415540779804,654.693478072857
8,26,4,12888.091560944917,13471.763687338324,583.6721263934069
1,8,2,14400.665548712015,12440.498222670634,1960.1673260413809
5,16,13,15413.87943688035,16518.8753660861,1104.9959292057501
2,12,14,16198.495685070751,16012.090447687646,186.4052373831055
10,22,4,12194.385983332992,13595.10423178097,1400.718248447978
4,13,14,15518.378274083138,16629.712890154868,1111.3346160717301
12,21,21,18591.073964893814,15801.005670841978,2790.0682940518363
4,25,2,11892.616150155663,13062.064125008037,1169.4479748523736
11,2,13,14657.934782117603,15917.947770154791,1260.0129880371878
3,20,14,17179.063606142998,16004.155336000378,1174.9082701426196
10,20,6,12999.430413752794,14376.064732771007,1376.6343190182124
7,19,5,13074.484600633385,13616.593836767373,542.1092361339888
10,2,14,15071.384884476662,16336.088743733171,1264.7038592565095
4,2,21,18776.58055233955,16769.385515245212,2007.1950370943377
2,15,6,13145.4327686131,14534.592088155156,1389.1593195420555
1,28,4,15187.671096354725,13297.52523620207,1890.1458601526556
2,25,5,12762.03202341497,13344.114285449441,582.0822620344716
5,26,5,16239.088348954916,14152.042522553345,2087.0458264015706
10,4,17,14243.44095042348,15064.82866297328,821.3877125497984
10,5,16,17730.385637402534,18621.940328191708,891.554690789173
2,11,21,18699.198582470417,16453.715862586003,2245.482719884414
7,18,13,13608.594325333834,15260.224541626483,1651.6302162926495
2,14,21,18259.706920564175,15982.113048010666,2277.593872553509
4,25,3,13694.3786239326,13756.337609847413,61.95898591481273
2,12,2,14912.300848543644,13180.516044500959,1731.7848040426852
8,7,16,16759.39788028598,17484.75765993252,725.3597796465401
11,14,15,16109.45839586854,15786.217188368608,323.241207499932
5,3,21,16560.47824308276,15864.89265076563,695.5855923171312
8,26,4,13534.64046293497,14038.676292138129,504.03582920315785
2,10,2,14781.870361208916,13172.733172951506,1609.1371882574094
5,13,13,15831.92768985033,16471.890650738194,639.962960887864
11,9,21,18809.079290032387,16139.592361322886,2669.4869287095007
6,20,14,13778.020509153605,15514.64702992976,1736.6265207761553
5,24,8,17012.26212477684,14261.63423391525,2750.6278908615895
2,24,9,13653.015363812448,14409.74269002666,756.7273262142116
5,28,6,16681.59472769499,14209.602088845168,2471.9926388498207
9,4,17,13671.380899012089,14820.496762156841,1149.1158631447524
5,9,13,15636.06419056654,15784.76112084169,148.6969302751495
10,23,4,12389.438285514712,13496.81324959618,1107.3749640814676
7,12,13,16244.45463514328,16885.338112731923,640.8834775886426
2,19,14,18049.055683612823,16023.640613816366,2025.4150697964578
9,17,3,13850.974113851786,14402.696184106897,551.7220702551112
9,9,20,17065.46812438965,17088.36803549642,22.89991110677147
6,29,8,13238.639233618977,14476.94804010657,1238.3088064875938
2,20,2,13714.46333923936,13019.174607014424,695.2887322249371
10,10,20,16536.618057340384,16749.696773768017,213.07871642763348
3,17,9,17041.39058047533,14882.31751632751,2159.0730641478203
8,25,2,12108.393554031849,12920.955157928598,812.5616038967491
12,24,8,16586.866755485535,14248.61115565902,2338.2555998265143
8,9,16,16712.14011260867,17272.161284154077,560.0211715454061
10,13,21,19023.1311571002,16483.561462919602,2539.569694180598
5,25,1,12100.942064777017,13366.373634303838,1265.4315695268215
11,13,14,16150.108065009115,15662.774996455219,487.33306855389674
11,12,21,18055.504249453545,16097.85465004233,1957.6495994112138
7,25,1,11992.904800578952,13274.61249350349,1281.7076929245377
6,18,4,16154.434312850237,13034.470505755915,3119.963807094322
10,2,16,18167.17303556204,17875.72076807055,291.4522674914879
2,12,17,18277.264539539818,16847.277843418768,1429.98669612105
9,22,5,13847.60711273551,14648.72862846021,801.1215157247007
8,29,6,13232.002837508917,13908.246758018304,676.243920509387
1,14,2,14397.240722119808,12911.07768947951,1486.1630326402974
6,22,20,15538.920671880243,16385.38871667794,846.4680447976953
2,3,11,17179.466333925724,15570.491476723048,1608.9748572026765
8,28,20,15472.832304537296,16351.202264158115,878.3699596208189
2,13,13,18015.13468527794,15686.01674072706,2329.1179445508787
9,14,2,13423.039755046368,14055.910335874663,632.8705808282957
9,6,18,14757.144023656843,17010.21781769196,2253.0737940351155
4,27,3,12737.738761767743,12993.385418663132,255.64665689538924
5,10,1,12638.926711529492,12847.487379452377,208.56066792288584
8,21,8,12959.576562598346,13699.744935181081,740.1683725827352
3,3,21,17958.673234403133,15259.945611985744,2698.7276224173893
5,23,17,14366.995537549255,15589.77017267303,1222.7746351237747
9,24,13,14633.124782174826,15623.58692666447,990.4621444896438
4,3,21,16056.529630452394,15781.149503223582,275.38012722881285
7,23,13,13949.428343325852,15116.176540312716,1166.748196986864
5,27,9,17267.286417365074,14485.496236826175,2781.790180538899
2,25,3,13498.847723662851,13703.618011924178,204.77028826132664
7,5,11,15744.07479763031,15125.992688102324,618.0821095279862
3,13,13,16540.015816688538,15524.286746335893,1015.7290703526451
9,23,1,12610.617245018482,13353.999813015094,743.3825679966121
2,11,2,14511.337357997894,12542.539161941613,1968.798196056281
9,2,16,17003.701493680477,18224.03271405448,1220.3312203740024
4,14,19,18780.4355840683,17249.105538663745,1531.330045404553
8,27,3,12729.303624257444,13820.951173739775,1091.6475494823317
12,20,14,17897.5594984293,15740.39654993061,2157.162948498688
7,9,14,15764.253428071735,16302.253013980458,537.999585908723
3,14,16,18030.92555141449,16151.641954237863,1879.2835971766272
7,24,1,12446.021744042637,13476.576950705003,1030.555206662366
3,5,20,18458.957106232643,15592.542862678429,2866.4142435542144
10,4,15,15556.506588429213,16765.283643721516,1208.777055292303
4,22,13,15347.17713522911,15327.454160945957,19.722974283153235
12,10,18,18320.1005038023,16118.70075398793,2201.399749814369
7,25,3,12261.13667793572,12848.131375456764,586.9946975210441
8,4,15,15465.171454250813,15745.816459159374,280.64500490856153
3,17,11,16611.292892694473,15148.61266694609,1462.6802257483832
9,23,2,12393.877518594263,13379.15165669426,985.274138099996
5,10,10,16659.893359720707,13788.033823355025,2871.8595363656823
11,17,21,16240.277257144451,16184.697001623135,55.58025552131585
10,2,17,18534.227010846134,18595.52901125831,61.3020004121754
4,23,13,18236.90727865696,15968.62946084559,2268.2778178113695
9,15,6,14333.770905584097,14873.80943304077,540.0385274566725
8,28,4,13097.260046064854,13502.581176195807,405.32113013095295
10,2,13,15332.641204953194,16173.180200523748,840.5389955705541
4,2,21,18537.442271351814,16805.659414689206,1731.7828566626085
7,28,1,12052.54952339828,13221.357018942314,1168.8074955440334
10,2,14,14812.919360905886,16192.4583009991,1379.5389400932145
11,18,21,18236.043587505817,16362.179719437821,1873.863868067996
7,26,2,12163.253321245313,13407.422855323788,1244.1695340784754
12,24,12,17383.072705447674,15365.036834659672,2018.0358707880023
7,16,13,15280.507232248783,15981.35768978344,700.850457534656
2,5,15,18015.946702599525,16271.016489193084,1744.930213406442
3,22,2,12874.010647445915,13615.279190471738,741.2685430258225
10,2,10,15121.036052703856,15503.073073469934,382.03702076607806
10,13,21,18099.646003186703,16336.081509237527,1763.5644939491758
7,27,2,12459.06959106028,13629.568506229563,1170.4989151692826
5,29,6,12978.547829911113,14159.118208828382,1180.5703789172694
10,19,14,14614.446333229542,16073.149759593754,1458.7034263642126
11,29,3,14008.038359224796,12952.06262455702,1055.9757346677761
6,30,2,12327.078431040049,13397.043373352257,1069.9649423122082
11,3,12,14613.386199504135,15770.490604139395,1157.10440463526
11,15,21,18266.582000553608,16373.955354900756,1892.626645652852
6,27,3,12795.422134667637,13958.417671252415,1162.9955365847782
9,27,8,16808.409687399864,14071.490902813648,2736.918784586216
4,15,13,15396.751202821732,16407.96560189134,1011.2143990696095
11,19,21,18095.201233625412,16013.885479087836,2081.315754537576
3,24,3,12117.915892511606,13310.748313533437,1192.8324210218307
1,7,4,15635.03317463398,12945.181685457444,2689.8514891765353
10,4,16,17429.858846902847,18107.08826875705,677.2294218542011
10,9,22,19846.24686896801,17342.938600565707,2503.308268402303
5,26,2,12266.934809699656,13517.962353340963,1251.0275436413067
1,6,4,15742.256781071424,13358.023934069563,2384.232847001862
10,6,21,16601.945260971785,16846.372799659614,244.42753868782893
3,5,12,17158.79188078642,15513.287315800977,1645.504564985442
9,25,1,12228.292217716576,13101.072971033556,872.7807533169798
11,27,3,15147.266262739897,13018.264907813262,2129.001354926635
8,16,14,15503.467503488064,16276.328259414055,772.8607559259908
9,5,20,16367.2205812037,15204.947068973062,1162.2735122306367
7,14,19,15959.97256872058,16480.59813459842,520.6255658778391
3,18,12,18294.14547741413,15499.583553942917,2794.561923471214
10,4,17,17680.402280271053,18693.129505679106,1012.7272254080526
2,8,22,18860.872051417828,16712.712887691516,2148.159163726312
4,22,11,13698.04008385539,15479.91768557093,1781.8776017155396
2,23,10,16152.726615816357,14342.93904178768,1809.7875740286763
5,28,18,14955.622792869806,16032.664053188812,1077.0412603190052
2,7,13,17475.157930374146,15957.02491190958,1518.1330184645649
10,21,4,13686.66117849946,14330.917748807426,644.2565703079654
8,21,4,12809.209614634514,13347.770317464749,538.5607028302347
8,15,5,15411.326913744211,13615.182042673498,1796.1448710707136
10,2,16,16898.87415856123,17336.79029225641,437.9161336951802
11,12,21,18613.17477977276,16271.660702960995,2341.5140768117635
7,28,2,12291.83687928319,13505.298700065028,1213.4618207818385
12,24,14,17951.486470997334,15837.108740222233,2114.3777307751006
8,6,15,16838.126240491867,17502.3504720932,664.2242316013326
9,10,22,19581.88437718153,17095.841436022765,2486.0429411587647
3,25,2,12267.002887919543,13525.679352406321,1258.676464486778
2,5,5,15912.11111947894,13151.164118272638,2760.947001206301
10,2,16,17968.416622042656,18134.158516981777,165.74189493912127
2,12,17,18685.842127859592,17050.648320583794,1635.1938072757985
9,21,4,13825.915997505188,14562.08358140566,736.1675839004729
9,11,20,16669.650280982256,16964.65056786931,295.00028688705424
10,27,20,17807.592900514603,15500.223898322974,2307.369002191628
2,23,3,12207.025155976413,13269.9670693545,1062.9419133780866
1,12,6,16085.085162818432,13737.579771855737,2347.505390962695
4,25,3,12977.41121071577,12870.018282584493,107.39292813127759
12,4,15,15956.973846167326,15456.11755899149,500.85628717583677
10,15,20,16305.48142784834,16524.23984822566,218.75842037732036
9,12,21,18531.720420002937,15796.354687300089,2735.3657327028486
2,19,3,13229.174105450513,13940.060987224797,710.8868817742841
2,10,6,16567.160981595516,13729.557918757691,2837.603062837825
9,16,21,17181.39056891203,17217.621678755226,36.231109843196464
2,3,12,18318.537985622883,15771.714612101023,2546.82337352186
3,24,16,14929.693603396416,16022.378038920973,1092.6844355245576
2,23,20,18710.092738091946,15801.254409271456,2908.8383288204896
3,25,4,14075.985754102468,14065.835037539931,10.150716562537127
10,2,11,14286.973281055689,15864.516999828273,1577.5437187725838
11,16,21,18503.84443950653,16540.213533976344,1963.6309055301863
8,18,4,12924.426055207849,13870.71568337094,946.289628163091
6,5,15,14879.239440262318,15822.128986403362,942.8895461410448
11,17,20,18346.45907819271,15743.445348001267,2603.0137301914438
4,25,2,12084.532548069954,13317.589191167226,1233.0566430972722
1,13,6,16139.06421932578,13701.197299829659,2437.866919496122
10,29,4,14058.237023979424,14551.447105095462,493.21008111603805
4,5,13,15467.446743190289,15480.072230266618,12.625487076329591
10,27,21,15469.76386332512,15820.240596225234,350.47673290011335
8,28,5,12703.76998564601,13911.757562931576,1207.9875772855667
10,9,4,13122.908925518394,13546.577749097305,423.66882357891154
8,26,3,12326.361354127526,12890.925967818219,564.5646136906926
12,10,18,18197.30461972952,15978.439863037946,2218.8647566915733
8,25,2,12199.909751668572,12727.593262259914,527.6835105913415
8,1,13,14695.726806461813,16626.29916061617,1930.5723541543575
3,25,14,18305.52110189199,16377.950718214859,1927.5703836771318
9,7,4,13501.166894346476,14248.026259814527,746.8593654680517
8,26,4,12231.480410978198,12948.034742553165,716.5543315749674
10,3,14,15608.254237741232,16383.409982973235,775.155745232003
7,4,22,19196.59036028385,17349.614213488945,1846.9761467949065
8,25,2,12325.532317250969,13450.60545388436,1125.0731366333912
12,20,12,17162.92086583376,15237.229876649935,1925.690989183824
7,8,13,15650.416391670704,15970.780845598238,320.36445392753376
3,12,16,17682.929376602173,16028.98289011077,1653.9464864914025
7,24,1,12392.556555062532,13456.068733085322,1063.5121780227892
9,25,3,15813.903365969658,13412.348699780801,2401.5546661888566
10,2,17,17672.8751257658,18409.083894389143,736.2087686233426
9,8,22,19066.725004196167,17108.88953790385,1957.8354662923157
4,26,2,12465.10456120968,13745.763804565098,1280.6592433554179
1,6,5,15914.52707606554,13466.585945686656,2447.941130378884
8,7,15,16271.92542719841,17146.050127708513,874.1247005101031
12,20,21,18756.24977117777,16049.39224478296,2706.8575263948096
6,23,9,13620.44444680214,15214.404741028304,1593.9602942261645
2,17,7,15968.259656608105,13700.25745782538,2268.002198782724
7,28,15,13198.353536888955,14598.790016584027,1400.4364796950722
2,15,21,18402.84834975004,15978.596489309264,2424.251860440774
9,10,9,15736.76418107748,13951.508597247528,1785.2555838299522
9,26,2,11969.5330555588,12673.788439372875,704.2553838140739
5,2,21,17489.121347427368,15991.535905971434,1497.5854414559344
5,20,10,15263.442155092956,15115.630908024777,147.811247068179
11,13,14,14199.62564405799,14934.447998625266,734.8223545672772
2,2,2,13296.89696523547,13002.819862610226,294.07710262524415
9,9,21,14959.860867112877,15701.92936990715,742.0685027942727
12,9,21,17179.92729729414,15562.063690330908,1617.863606963232
8,18,14,17099.02330482006,17282.20955652141,183.18625170135056
12,19,19,18893.569282233715,15341.698342870575,3551.8709393631398
4,24,2,11982.93626268208,13110.204487962994,1127.2682252809136
1,8,3,15086.220604985952,12792.817563687544,2293.4030412984084
10,2,16,17290.9677952528,18095.236196737565,804.2684014847655
3,14,16,18516.169878184795,16596.718618696224,1919.451259488571
9,26,3,13109.087611496449,13953.494561954314,844.4069504578656
10,2,16,15085.745697885752,16594.15150039739,1508.4058025116392
11,17,21,18251.01013302803,16318.680211964382,1932.3299210636487
5,20,9,12891.294928267598,14921.639763557278,2030.3448352896794
1,23,4,14740.085098147392,13201.581018274259,1538.5040798731334
1,23,3,12559.19624812901,13200.550216152737,641.3539680237263
2,9,5,15460.071739405394,13243.231310959573,2216.840428445821
9,5,20,16753.252385556698,17123.190981120075,369.938595563377
3,7,13,17746.552984297276,15722.141587215601,2024.4113970816743
8,26,1,12140.107751756908,13199.33720383468,1059.2294520777723
10,3,17,17365.446188032627,18499.873773263662,1134.4275852310348
8,17,22,19321.25388419628,17071.52168040825,2249.732203788033
8,18,3,13748.202248841524,14306.578756610556,558.3765077690314
9,23,5,12246.552969872952,13079.63146028718,833.0784904142292
11,6,14,15611.985826432703,16126.65293271247,514.6671062797668
11,15,20,18821.47854846716,16198.094471332262,2623.384077134897
5,25,1,12101.344587504862,13337.920655430686,1236.5760679258237
1,7,3,15010.589393675327,12455.316591343068,2555.2728023322597
9,2,16,17375.5201241374,18379.34703759845,1003.8269134610491
2,17,18,18564.24458450079,17021.713975030892,1542.5306094698972
9,21,4,13851.592969477177,14625.513372926342,773.920403449165
8,28,3,12716.78133289516,13343.126360768161,626.3450278730015
8,28,3,15671.036300212145,13494.338236195548,2176.6980640165966
9,10,17,15674.573496878147,17303.382808723363,1628.8093118452161
4,16,15,15915.122555434704,15856.867305307262,58.255250127442196
11,24,5,12600.15862596035,13564.368117244518,964.2094912841676
7,26,4,13061.816105142236,13702.286816994387,640.470711852151
1,10,2,14281.049245595932,12611.653932510639,1669.3953130852933
9,12,21,16069.312751621008,16842.064055243754,772.7513036227465
11,3,15,15563.625273615122,16117.654085779253,554.0288121641315
9,16,21,16850.85112607479,15908.7270370572,942.1240890175904
9,20,7,13224.89091913402,14351.896618419034,1127.0056992850132
8,21,21,16705.70713093877,17109.744853469332,404.03772253056377
3,5,21,18384.70263338089,16035.968418825127,2348.734214555763
12,10,17,17883.41071176529,15614.091735674949,2269.3189760903406
9,29,4,13631.44933205843,14338.730584339068,707.281252280638
3,13,20,18527.83339971304,15806.98661376537,2720.8467859476696
1,19,7,14273.129616051912,14591.814539235193,318.68492318328026
2,10,5,16179.4149184525,13519.041609226339,2660.373309226161
6,8,14,16546.311001479626,17181.02623848471,634.7152370050826
3,17,15,17979.477282226086,16016.528228173916,1962.9490540521692
9,24,1,12146.619474500418,13246.37523622495,1099.755761724533
12,24,12,17846.381081461906,15690.124520705316,2156.2565607565903
6,19,13,15246.116248130798,15938.79583082263,692.6795826918315
11,3,15,15644.12489786744,16532.253082785708,888.1281849182687
9,6,21,18421.90286934376,16174.090270665703,2247.812598678058
8,28,3,13141.25559566915,13863.996871054847,722.741275385697
12,26,15,18133.2102060318,15974.136220186894,2159.073985844905
10,5,21,16372.073409974577,16498.424889823316,126.35147984873947
11,3,16,15865.113361388445,16421.452830435002,556.3394690465575
11,25,20,17694.89309847355,15838.21836762809,1856.6747308454596
9,8,6,13483.286929100752,14400.27003754901,916.9831084482576
8,24,3,12293.568362683058,12908.683022859472,615.114660176414
10,1,13,15458.194256931543,16487.886335329065,1029.692078397522
4,2,22,18989.302023351192,17150.60136420036,1838.7006591508325
2,20,4,13488.826281607153,14568.696930678163,1079.8706490710101
1,26,4,15681.375167220833,13315.279324328105,2366.095842892728
3,27,3,12484.71621491015,13139.7452832053,655.0290682951509
9,6,16,17667.923460543156,18604.574726308845,936.6512657656895
2,15,20,18550.177819788456,16192.112551127257,2358.0652686611993
8,28,2,13080.966385364532,13754.376669897923,673.410284533391
12,24,14,17725.51517391205,15736.603722926768,1988.9114509852807
9,2,16,17663.512319982052,18515.339426565228,851.8271065831759
2,15,18,18343.680994689465,17110.50902899498,1233.1719656944842
11,5,17,15143.172547131777,16577.62944444718,1434.4568973154019
11,16,5,13618.472228974104,12960.977591891477,657.4946370826274
9,2,17,16403.721990138292,17391.315744835993,987.5937546977002
3,25,16,18141.541995882988,16407.550446234814,1733.9915496481735
9,18,5,13376.59318447113,14223.816187455714,847.2230029845832
8,29,11,14030.07273632288,14676.611047032762,646.5383107098824
1,18,4,15153.110736906528,13187.789643431859,1965.3210934746694
10,6,21,16718.059636861086,17121.583239679177,403.5236028180916
6,20,11,17017.483642220497,15054.332741804825,1963.1509004156724
6,24,1,12104.702771261334,13022.041194427347,917.338423166013
2,8,2,14671.789520084858,12667.177444823188,2004.6120752616698
10,2,17,17735.15275323391,18548.16787696834,813.0151237344289
2,12,18,18881.250405311584,17275.210498815493,1606.0399064960911
9,19,5,13891.203420490026,14673.774713168585,782.5712926785582
8,26,4,12696.961548492312,13437.786006954473,740.8244584621607
11,5,14,15441.3854983747,16114.551687307667,673.1661889329662
10,8,21,18875.177500009537,16790.17309569231,2085.0044043172275
6,15,16,13189.037073507903,15517.350724095657,2328.3136505877537
4,24,3,13060.83717314899,12850.567980109789,210.26919303920113
11,3,17,15734.040642172098,17754.736623138626,2020.6959809665277
11,16,20,18006.83078289032,15903.462909578291,2103.3678733120287
4,18,11,13083.178517401218,15094.873303136734,2011.6947857355153
2,19,6,15397.604231119156,13548.045928861575,1849.558302257581
2,25,4,12731.893672436474,13378.267023953844,646.3733515173699
2,12,5,15662.360838383436,13461.140672781148,2201.220165602288
7,7,15,16430.32704049349,17421.231686665957,990.9046461724683
2,18,15,17946.61764794588,16229.572872488214,1717.0447754576671
9,16,3,13918.982204973698,14486.764282233004,567.7820772593059
9,7,20,16983.19190466404,17023.026913049336,39.83500838529653
11,27,20,18512.720034897327,15676.15710298024,2836.5629319170876
4,25,2,12101.85578931868,13151.547947876299,1049.6921585576183
2,8,6,16030.283426135778,13374.058869018163,2656.2245571176154
5,15,13,15614.629804044962,16539.326247658337,924.6964436133749
3,12,14,17476.421068429947,15866.739746357269,1609.681322072678
8,26,1,12392.63529613614,13325.816061037467,933.1807649013263
10,1,14,14975.470464736223,16262.298930151052,1286.8284654148283
3,18,15,17515.789964795113,16191.122649824296,1324.6673149708167
10,15,5,13456.050719827414,14370.918769401114,914.8680495737008
8,27,4,12869.159869223831,13412.784479309652,543.6246100858207
12,25,14,17695.62555450201,15678.390273035588,2017.2352814664227
9,2,16,17123.547048151493,18772.369852125288,1648.822803973795
7,5,22,18784.037988185883,18501.134101699052,282.90388648683074
11,9,13,16970.38253647089,14598.720365729496,2371.662170741394
10,5,16,17226.452608942986,17791.015240203356,564.5626312603708
3,18,16,18139.414346456528,16353.408360907582,1786.0059855489453
9,12,9,13450.810337334871,14620.222468358772,1169.4121310239007
12,12,9,15711.880361378193,14374.874750210907,1337.0056111672857
9,22,9,15463.766828328373,15214.394056048746,249.3727722796266
11,11,16,14560.431187063456,16969.799797935593,2409.3686108721377
5,6,21,16266.830223560331,15962.379051263662,304.45117229666903
7,25,7,12792.965987324716,13954.497817543346,1161.5318302186297
6,29,2,12742.775524765251,13369.54964910457,626.7741243393193
1,9,3,14558.17845416069,12379.76597550594,2178.412478654751
10,2,16,16725.509690731764,18195.319001520602,1469.809310788838
8,8,21,19225.856612861156,17153.133895965988,2072.7227168951686
5,25,12,13338.264326453207,15684.76498569168,2346.5006592384725
2,26,4,14938.929275155067,13276.237222630367,1662.6920525247006
2,26,3,12731.705021947622,13212.040343480774,480.3353215331517
5,24,5,16333.200336307287,14073.58318916106,2259.6171471462276
8,17,15,15748.64095968008,16876.66026043742,1128.0193007573398
6,22,14,17014.898310303688,15625.251001270635,1389.6473090330528
10,3,14,14150.63967385888,15457.338998714928,1306.6993248560484
9,2,15,15206.10635021329,16920.493783093418,1714.3874328801285
7,6,22,19249.01305025816,16901.373311309937,2347.6397389482227
3,24,3,13136.408303380013,14134.244304504049,997.8360011240366
1,21,3,15600.86323967576,13238.678791075097,2362.184448600663
10,3,17,17519.888601720333,18589.099109874787,1069.2105081544541
2,12,21,18807.693119049072,16498.995955636965,2308.6971634121073
5,22,13,13352.221386805177,15302.996902169212,1950.7755153640355
4,15,21,18533.7012501359,16307.247730444025,2226.453519691873
8,5,15,14720.677063941956,15382.903911369453,662.226847427497
9,3,15,14967.831350266932,16624.018562059067,1656.1872117921357
4,3,21,18907.85012423992,16567.38256473265,2340.467559507273
3,17,12,13423.664762318134,15016.006273989562,1592.3415116714277
2,23,21,18143.00444728136,16083.52836078556,2059.4760864958007
6,27,4,14275.150636941196,14148.577452700756,126.57318424044024
10,2,13,14935.827204942703,16098.462704724121,1162.6354997814178
10,12,21,18375.32506364584,16373.04704414149,2002.2780195043506
8,24,2,12475.245550259948,13557.531992543343,1082.2864422833954
12,23,10,16854.90465092659,14881.476886973862,1973.4277639527281
9,5,17,16591.683084487915,17476.31096350646,884.6278790185461
8,9,22,19731.838549673557,17284.338838001982,2447.499711671575
6,17,15,13098.378210321069,15243.02183128209,2144.643620961022
11,27,19,18950.097170889378,15582.852001459236,3367.2451694301417
9,3,20,15893.490496009588,16295.82195130553,402.33145529594185
11,21,5,13250.950318455696,12850.827405700431,400.12291275526513
5,3,11,15158.016059726477,15243.124451604923,85.10839187844613
11,5,15,15083.424886763096,17314.280808479976,2230.8559217168804
7,3,21,18378.97668093443,16255.88182317009,2123.0948577643394
4,25,10,13873.704447209837,15249.283170811086,1375.5787236012493
12,10,18,18416.970889389515,16320.218520523389,2096.752368866126
6,24,3,12471.47992245853,12937.49101846645,466.01109600792006
3,2,21,18504.968140244484,16123.508445186486,2381.459695057998
10,2,16,17994.091133356094,18040.465434952694,46.37430159659925
3,22,15,17044.35731446743,15955.542529296059,1088.814785171371
8,23,5,13483.652336895466,14455.663402668142,972.0110657726764
8,29,3,12957.180086225271,13531.607840775934,574.4277545506629
1,10,2,14280.357800543308,12392.447615485195,1887.9101850581137
6,14,14,15996.039671421053,17313.063664964862,1317.0239935438094
5,3,15,16193.6879683733,15945.87448996993,247.81347840337003
9,23,21,14927.499926298857,15551.075284636578,623.5753583377209
8,17,7,13162.23927156627,13910.697619285751,748.458347719481
6,29,3,12557.908093377948,13384.242463527644,826.334370149696
10,3,12,14831.993565768003,15923.222616525563,1091.22905075756
5,3,21,18504.187291264538,16751.806677214103,1752.3806140504348
7,27,1,12210.467207178472,13312.163390034571,1101.6961828560998
10,22,5,15793.138278573751,13628.143116281344,2164.9951622924073
5,10,13,15451.85478028655,16133.290634726347,681.4358544397965
11,3,15,15731.468843877316,16373.49893952033,642.0300956430146
7,4,22,18054.437143862247,16265.925530491944,1788.5116133703032
8,28,2,13122.588219687344,13742.35434862148,619.7661289341358
11,25,10,17058.575819790363,14381.260851633835,2677.3149681565283
9,11,21,16081.808795958756,16404.647344599045,322.83854864028945
10,6,15,15228.883846193552,16086.608826274669,857.7249800811169
3,16,3,13498.912110894918,12742.74445890123,756.1676519936882
10,11,5,12783.8521181643,13156.775278709629,372.92316054532967
10,15,21,15901.77635356784,15711.651945942343,190.12440762549704
7,22,12,15553.109649300575,15546.104754395143,7.004894905432593
8,16,16,17226.877482652664,17687.362346182224,460.48486352956024
4,7,22,19220.010088145733,16627.84269483178,2592.1673933139537
9,28,3,12764.033564090729,13635.021581867992,870.9880177772629
12,24,14,17678.253305137157,15712.251489553559,1966.0018155835987
9,3,17,17493.66208267212,18337.555335716384,843.8932530442653
2,15,19,18191.869845211502,17220.36553577022,971.5043094412831
10,26,7,12766.513292744754,14336.833479757179,1570.3201870124249
8,18,21,15810.134047180414,16786.936356498234,976.8023093178199
11,25,20,18620.906168937683,15855.623796904143,2765.28237203354
7,27,3,12140.38744661212,13149.79756286797,1009.4101162558509
12,26,13,17645.246851563454,15480.726093490839,2164.5207580726146
9,2,17,17597.756961762905,18879.42723008339,1281.6702683204858
5,4,22,18939.97320139408,17904.671116617985,1035.3020847760963
5,27,2,12970.466207012534,14103.044979180428,1132.5787721678935
12,20,16,18614.193492412567,16264.94830437748,2349.2451880350873
5,15,13,15474.756129413843,16297.989269611217,823.2331401973734
2,10,17,18351.502608001232,16436.178520335365,1915.3240876658674
5,24,2,12490.938195109367,13551.892684469469,1060.9544893601014
3,6,20,18577.98408162594,15532.561715813661,3045.4223658122773
8,28,12,15355.08692213893,16155.993722713356,800.9068005744266
10,4,16,17689.80609703064,18584.471245395136,894.6651483644964
3,8,22,18938.66495126486,16899.294579407026,2039.3703718578327
8,21,3,14049.554590284824,14510.062986886263,460.508396601439
9,24,6,12368.91987913847,13321.123839930397,952.2039607919269
4,4,4,14211.583624392748,12816.516345552056,1395.0672788406919
5,13,11,14875.96922504902,15379.154733383155,503.1855083341343
11,11,20,17177.644626379013,15934.972585046695,1242.6720413323183
7,16,14,16139.252869814634,17031.629841878937,892.3769720643031
12,19,20,18580.420953810215,15528.80498118187,3051.615972628346
3,24,2,12105.058541476725,13259.38474447843,1154.326203001705
1,12,3,15140.07867911458,13175.550743810316,1964.5279353042642
6,21,21,15713.035230457785,16503.750917914673,790.7156874568882
2,3,12,18137.541785299774,15712.309113484474,2425.2326718153
3,22,4,13416.12530452013,13892.327465241548,476.2021607214174
8,27,3,16461.69633591175,13464.962830385612,2996.733505526139
9,8,16,16059.696087896824,17334.568460372993,1274.8723724761694
4,14,15,17504.812146782875,16199.746498525368,1305.0656482575068
9,9,4,14194.445547699928,14658.016813838876,463.571266138948
9,25,3,12052.89360548556,12837.940314721312,785.0467092357521
10,2,14,15627.175471663477,16594.3898296874,967.2143580239226
6,3,22,19299.44096636772,17453.04493030302,1846.3960360647034
8,28,2,12442.575796797872,13482.63214702186,1040.0563502239893
2,5,6,14756.416899055244,13271.628873066073,1484.7880259891717
10,8,14,14767.53128361702,16063.32362498977,1295.7923413727513
4,28,3,12551.09658040106,13132.20195204417,581.1053716431106
11,5,18,15276.797379374504,17584.568683319256,2307.7713039447517
11,21,20,18337.89762687683,16174.319702769202,2163.577924107629
8,27,14,14236.435455530882,16052.020322329627,1815.5848667987448
12,23,16,17567.67705142498,15799.178709293086,1768.4983421318939
6,27,4,12594.98857729137,13793.61440098345,1198.6258236920803
11,20,19,18954.016999959946,15979.550081473479,2974.466918486467
4,21,15,15418.62030568719,15719.031784802104,300.411479114915
6,9,20,18212.17848044634,15534.251897192758,2677.9265832535802
1,18,14,14212.122508615255,15449.675107439492,1237.552598824237
2,24,9,17697.99352824688,15412.92621982643,2285.06730842045
6,28,4,12359.3198248595,13711.894326952477,1352.5745020929771
5,13,12,16259.950632363558,16739.491148649988,479.5405162864299
2,12,14,17959.38436472416,16255.132846786757,1704.2515179374022
9,9,2,13343.809010386469,14010.388579910556,666.5795695240868
6,16,13,15675.235824137926,16593.42901090259,918.1931867646636
11,25,21,18619.30756109953,15778.408563594583,2840.8989975049462
6,27,2,12189.397408232093,13287.2638298533,1097.8664216212073
1,11,3,15162.334515482187,13233.669773862975,1928.6647416192118
10,3,16,17352.999356865883,18143.42023518523,790.4208783193462
11,13,22,19632.696156024933,17173.165513626936,2459.5306423979964
5,20,12,12892.9019433558,15284.57749467174,2391.6755513159387
2,18,8,15609.871300518513,13840.324697443128,1769.546603075385
2,27,3,12523.288678124549,13213.293804980049,690.0051268554998
9,6,16,17649.32334256172,18593.001095206,943.6777526442784
2,20,6,16313.637280613184,13702.66392425408,2610.9733563591035
2,24,3,12594.540532380342,13624.479950536255,1029.9394181559128
1,13,4,15359.47591677308,13070.70654174943,2288.7693750236504
9,6,15,16852.005174934864,17711.16291061163,859.1577356767666
10,11,21,19171.086454629894,16593.73512548187,2577.351329148023
6,26,1,11945.155721411107,13101.852589000016,1156.6968675889093
12,22,11,17349.456008553505,14963.308547818697,2386.147460734808
7,7,15,16447.04803556204,17061.168131673323,614.1200961112845
3,17,16,18173.637185573574,16263.595243870346,1910.041941703228
7,24,1,12517.863541185856,13527.23600151815,1009.3724603322935
1,8,2,14570.836491853,12340.000869013775,2230.835622839226
8,6,16,16141.657343328,17552.604572971337,1410.9472296433378
6,3,16,16055.94973525405,15928.240562036008,127.70917321804154
6,7,21,15341.174358695744,15554.558159585875,213.38380089013117
7,26,4,13432.946366369724,13956.000865808484,523.0544994387601
10,2,13,14923.428766727448,16070.186659751325,1146.7578930238778
3,16,15,17206.960092127323,16151.24130425117,1055.7187878761524
10,16,6,13327.85512562096,14451.734345055364,1123.8792194344041
8,29,5,13516.99467036128,13711.27927718555,194.28460682426885
5,28,4,16041.267395794392,13845.71617206937,2195.5512237250223
9,22,4,13588.650687783957,14263.442423290478,674.791735506522
10,9,14,14648.484212845564,15826.246926270402,1177.7627134248378
11,21,19,17013.340713441372,15447.976733709223,1565.3639797321484
4,13,3,13894.716010570526,12808.28831506014,1086.427695510387
10,4,16,16848.032851815224,17863.58585281614,1015.553001000917
11,18,20,18518.932377517223,16103.614969985349,2415.317407531875
5,26,2,11913.185615196824,13218.619140236287,1305.4335250394633
2,5,4,15316.548908144236,13029.128685107427,2287.4202230368082
4,6,14,15030.87547287345,16279.082381850567,1248.2069089771176
3,14,14,15108.980466246603,15787.358611278012,678.3781450314091
8,16,21,14623.747622549534,15579.04234797486,955.2947254253268
8,13,20,16017.85792067647,16771.167270287282,753.3093496108122
3,18,11,17784.88102209568,15351.413931557707,2433.4670905379735
9,11,10,13510.036748200657,14451.919396617997,941.8826484173405
12,11,12,16151.344135820866,14815.418377807076,1335.9257580137892
9,1,18,17525.637520313263,17965.412999234468,439.7754789212049
4,3,22,19317.968084812164,17254.46888768661,2063.499197125555
3,26,2,13089.742529138925,14043.577542025692,953.8350128867678
5,25,5,17007.571289360523,13817.971895534327,3189.5993938261963
7,20,3,13497.665377229452,13908.882092384949,411.2167151554968
10,2,17,15923.64955753088,17143.11122092146,1219.461663390579
9,6,21,19033.875212550163,16713.94904566065,2319.9261668895124
7,28,2,12681.618112102153,13672.076304298094,990.4581921959416
10,2,14,14739.402675509453,16124.930649016584,1385.5279735071308
11,17,21,18174.340933918953,16325.851133738104,1848.4898001808488
7,26,2,12066.605420202017,13356.65464863603,1290.0492284340125
12,24,12,17553.848150372505,15457.112312298896,2096.7358380736096
7,25,20,15525.191427499056,16714.91964866906,1189.728221170004
2,21,7,14854.243660598991,13527.906812934703,1326.3368476642881
7,28,4,13001.293952494858,13939.186007879422,937.8920553845637
10,2,14,14900.666854918005,16460.155589468992,1559.488734550987
11,17,21,18673.37479120493,16516.241742039867,2157.1330491650624
5,27,3,12878.18720522523,14203.35110620773,1325.1639009825012
4,26,5,16232.400279015304,13652.005744832117,2580.3945341831877
10,16,21,15079.002263128756,15678.176702086033,599.1744389572777
10,24,13,15767.025770038366,15729.883760853747,37.14200918461938
10,14,21,15005.217365950346,15505.076898791996,499.85953284165043
8,15,7,13386.830959424376,14288.162887567274,901.3319281428976
12,18,15,17685.104598760605,15924.32631138015,1760.7782873804554
6,17,13,15120.541460335256,15981.34463867682,860.8031783415627
11,3,15,15816.319322556255,16381.856844141814,565.5375215855584
9,8,21,17876.697215020657,15993.720724387666,1882.976490632991
8,27,4,13305.661215826867,14023.6889949575,718.0277791306326
12,26,14,17875.079742133617,15762.055901183041,2113.0238409505764
9,2,16,17135.69203853607,18361.94105769653,1226.2490191604593
2,13,18,18184.6289473176,17274.848608249245,909.7803390683548
11,3,19,15597.784545719624,16985.5710574263,1387.7865117066758
11,21,4,12847.55733770132,12534.770418765647,312.7869189356734
12,8,21,17248.492727577686,15931.6887426161,1316.803984961587
9,26,12,15392.12967595458,15444.283244839904,52.15356888532369
11,18,6,12981.701573953032,13592.661707940533,610.9601339875007
11,9,15,17374.68185979128,15044.159759973507,2330.522099817772
8,26,2,12042.105873346329,12708.13715465288,666.031281306552
8,12,3,15194.802084833384,13563.332188727762,1631.469896105622
10,1,17,17979.200048029423,18272.289747268325,293.08969923890254
5,18,18,18411.82729279995,16820.59187058647,1591.2354222134782
9,25,3,13171.704194679856,14149.582567462443,977.8783727825867
10,2,16,15068.75977191329,16671.891829311073,1603.1320573977828
11,18,21,18369.890289127827,16325.04347430504,2044.8468148227876
6,20,9,12904.389732852578,14937.45975181602,2033.0700189634426
2,24,8,15668.361154258251,14044.360626912325,1624.0005273459265
3,27,3,12483.107149273155,13258.529856000574,775.4227067274187
11,2,12,14700.879015356302,15932.723818449738,1231.844803093436
10,16,21,18469.529735803604,16528.309540401824,1941.22019540178
8,24,2,12438.763416483996,13539.330353458608,1100.566936974612
8,13,5,14660.68538826704,13102.868015211388,1557.8173730556518
11,7,20,16899.22767317295,15819.921909493922,1079.305763679029
9,2,16,18152.325421869755,18075.86532139181,76.46010047794334
11,19,20,19441.054326593876,16208.295423064414,3232.7589035294623
5,22,11,13495.774771243334,15372.769648350843,1876.9948771075087
2,23,5,15267.017491966486,13363.952460117918,1903.0650318485677
11,15,19,14720.879658162594,15535.858675626829,814.9790174642349
4,22,8,16823.1375490427,14755.33801955084,2067.799529491862
7,13,5,12941.39168074727,13578.416811703346,637.0251309560754
12,19,11,17363.57034599781,15138.336140416168,2225.2342055816425
12,10,17,17953.22369593382,15664.633557917225,2288.590138016594
8,25,2,12133.739977538586,12708.270865216338,574.5308876777526
3,5,4,15344.982227802277,13047.029316945682,2297.952910856595
10,2,16,17938.673821926117,18203.67358912286,264.99976719674305
2,10,17,18855.28143519163,17133.497362077716,1721.784073113915
9,12,6,14037.591278523209,14877.855837672982,840.264559149773
8,23,3,12355.371903270485,13099.399663019594,744.0277597491095
12,22,13,17378.56313854456,15466.55807371724,1912.005064827319
9,2,17,17479.593677520752,18914.01188493078,1434.4182074100281
2,15,19,17970.34085702896,17675.5459676186,294.79488941036107
9,18,5,14090.071383863688,14971.402181100786,881.3307972370985
8,28,12,13573.118190795183,14629.624691997744,1056.5065012025607
1,20,4,14928.79054170847,13033.1179478801,1895.672593828369
8,13,21,15556.51232996583,16715.572137451487,1159.059807485657
6,20,9,17070.11712861061,14681.632265745655,2388.484862864956
4,23,3,12592.803717553616,13375.180625715178,782.3769081615628
1,9,2,14888.304916471245,12863.226641312252,2025.0782751589923
6,8,15,16278.40967258811,17202.11307429377,923.7034017056612
11,10,14,16078.331475317478,15797.247760938968,281.0837143785102
11,25,21,16860.84263011813,15759.95015492789,1100.8924751902414
9,14,6,13542.033511549234,14439.025034275342,896.9915227261081
9,13,20,16786.399096667767,17034.750476349673,248.3513796819061
11,29,20,18533.869395136833,15687.935603902455,2845.933791234378
6,25,2,12236.481699481606,13199.253243849456,962.7715443678499
11,9,14,17121.379207968712,14791.67151877013,2329.7076891985816
9,25,5,12307.804092615845,13038.838628497386,731.0345358815412
3,8,4,15237.347691386938,12999.544348011425,2237.8033433755136
9,3,16,17500.157401025295,18163.05479745581,662.8973964305151
11,11,21,19475.009774148464,16938.147996365155,2536.8617777833097
6,27,2,12064.87065592408,13334.807729475386,1269.9370735513057
2,4,4,14956.297833532097,13290.107269380322,1666.190564151775
10,2,16,17209.332166969776,17739.514676986437,530.1825100166607
10,10,22,19362.07538932562,17100.854032237752,2261.2213570878666
6,27,2,12200.917391344905,13540.528635126595,1339.61124378169
12,22,13,17812.686463713646,15665.551678981485,2147.1347847321613
9,2,16,17479.71507000923,18223.728244329723,744.0131743204911
2,15,19,18277.263719320297,17097.127508073856,1180.1362112464412
10,25,5,13454.468106269836,14501.621409576652,1047.1533033068154
12,16,14,17564.716058969498,15517.318860625961,2047.3971983435367
9,1,16,17613.831623852253,17756.9669209609,143.13529710864532
2,20,18,18478.244568169117,16919.43314113716,1558.8114270319566
10,15,6,14057.49513542652,14912.458445291437,854.9633098649174
8,18,20,16003.374894559383,16719.64186447439,716.2669699150065
2,17,13,18233.244998514652,15946.405888393236,2286.8391101214165
8,26,2,13586.689953029156,14213.224923566551,626.5349705373956
7,22,12,15801.703010767698,16526.856963914244,725.153953146546
11,22,20,18478.37498307228,15740.841597007842,2737.5333860644387
6,26,2,11850.683452636003,13035.109396390486,1184.4259437544824
10,3,17,17503.358717799187,18579.68943471832,1076.330716919132
3,28,15,17461.156783223152,15935.089284773356,1526.0674984497964
9,17,5,13585.02121642232,14400.034038462982,815.0128220406623
7,28,20,16576.172733426094,16825.1288446701,248.95611124400602
4,19,18,18185.51642483473,15581.295348437176,2604.2210763975527
1,20,6,12994.268157169225,13812.971862733542,818.7037055643177
1,15,5,15841.092412620785,13476.096077242117,2364.996335378668
4,14,13,15952.39415049553,16797.326099900372,844.9319494048432
11,12,13,16512.722192049026,15858.706430686361,654.0157613626652
7,7,21,15577.45581510663,15583.510718275666,6.054903169035242
7,28,3,13894.34609156847,14409.617884817735,515.2717932492651
4,18,17,18039.409902095795,15563.070491672323,2476.339410423472
2,21,7,12950.60028526187,13925.047783627473,974.4474983656037
11,4,9,14405.643871068954,15317.815407012698,912.171535943744
3,24,14,17014.565301179886,15924.076548002879,1090.4887531770073
9,14,6,13192.842071846128,14421.52117469476,1228.6791028486332
9,12,20,16579.13536632061,16899.460161634277,320.324795313667
10,27,19,17713.13970184326,15378.753091652812,2334.3866101904496
3,21,14,12725.540867224336,14484.83044380671,1759.2895765823741
4,30,12,17208.558699965477,15356.783856031087,1851.7748439343904
8,28,2,13334.939771696923,14319.240417926125,984.3006462292014
9,22,10,14514.766695797443,14596.003687565351,81.23699176790797
5,24,4,15617.749508976936,13767.733661386088,1850.0158475908484
10,5,20,14639.328102380035,15587.529453029303,948.2013506492676
4,12,4,14169.110607266426,12994.807668690477,1174.3029385759492
8,11,13,13149.812330722809,14100.584635362926,950.772304640117
9,1,15,15808.891414612532,16948.49599554357,1139.604580931038
5,3,22,19442.497092723846,17092.262864367385,2350.2342283564612
7,28,2,12313.29074601829,13433.123870260086,1119.8331242417953
9,22,4,15589.18864518404,13479.359356848548,2109.8292883354916
9,7,17,16767.749765515327,17603.318743578882,835.5689780635548
6,28,18,17039.195673048496,16326.415114566147,712.7805584823491
8,21,4,12993.943145185707,14222.848762576386,1228.9056173906793
8,29,3,13150.59317970276,13520.034969013233,369.4417893104728
5,26,5,16348.28786420822,14041.716899774134,2306.570964434086
9,5,16,17043.85944122076,17874.940431702955,831.0809904821945
11,19,21,18989.223282277584,16405.041463823585,2584.181818453999
5,25,7,13119.836588263512,14991.951603630949,1872.115015367437
2,25,4,15113.820581614971,13188.2359182685,1925.5846633464716
10,18,19,14257.64264124632,15290.741515493066,1033.0988742467453
3,25,12,16725.54331973195,15466.86686042763,1258.6764593043208
9,23,5,13277.77313709259,14371.9130527017,1094.1399156091102
7,23,13,15906.970393657684,16699.649440500798,792.6790468431136
2,15,12,17560.281132042408,15527.133510976499,2033.1476210659093
9,14,14,13845.956420958042,14980.002686389395,1134.0462654313524
12,16,18,17885.10856616497,15623.178538814784,2261.9300273501867
11,14,21,17245.783542513847,15717.686091168143,1528.097451345704
10,3,17,16873.26608502865,17958.622998449602,1085.3569134209538
10,3,17,17519.95503950119,18589.086639560344,1069.1316000591542
4,8,22,19149.291581630707,16995.879372499097,2153.4122091316094
7,22,1,13140.622386202216,14034.244431557658,893.6220453554415
10,6,16,14771.841127067804,16782.532126695292,2010.690999627488
11,18,20,18191.79274457693,15936.743478641956,2255.0492659349748
4,27,3,12807.778946742414,13971.788327292285,1164.009380549871
1,18,3,15530.686898261309,13288.912062360872,2241.7748359004363
9,7,21,16733.244360774755,16889.88372033952,156.63935956476416
2,10,12,17283.072362184525,15466.92993534567,1816.1424268388546
8,26,1,12075.254019841552,12881.68160418847,806.4275843469186
2,12,2,14325.523598343134,13090.43695068689,1235.0866476562442
10,1,17,18151.39201205969,18531.78185313069,380.3898410710026
2,14,17,18849.910637795925,17241.466279443335,1608.44435835259
8,16,14,14485.402837097645,15826.539700633008,1341.1368635353629
7,27,3,14319.180020600556,12934.03178967998,1385.1482309205749
3,27,4,13049.977671802044,13466.949776478454,416.9721046764098
2,12,4,15283.910323023796,12643.053168508995,2640.8571545148006
5,16,13,16049.645938158035,17027.263247503077,977.6173093450416
6,4,14,15781.271342605352,15762.225837905467,19.045504699884987
8,13,21,14923.994718194008,15463.482102071252,539.4873838772437
7,25,4,13450.417452186346,13979.254171995386,528.83671980904
10,2,13,14755.917795479298,16025.705322116295,1269.7875266369974
10,11,21,18457.637373030186,16632.391618697267,1825.2457543329183
5,17,12,12764.731570899485,15329.758953855335,2565.02738295585
10,9,12,16537.44319817424,14345.89935084749,2191.5438473267477
9,26,2,11996.193265676498,12689.160035523075,692.9667698465764
2,3,3,14278.339240312576,12473.52303869106,1804.8162016215156
9,1,16,17859.014102458954,18221.474551117066,362.460448658112
10,8,22,19844.633497178555,17398.549418744675,2446.0840784338798
4,21,10,12651.243537902832,15108.905603205254,2457.662065302422
2,22,7,15281.14741358161,13744.734698254199,1536.4127153274112
2,28,5,12642.944146722555,13469.180574117368,826.2364273948133
11,4,12,15483.033784776926,15814.666272744804,331.63248796787775
9,12,21,18019.905902206898,16224.28438351812,1795.6215186887785
8,25,2,12439.548366561532,13534.169833402733,1094.6214668412013
12,24,14,17868.98633134365,15817.202224987948,2051.7841063557025
8,4,16,17151.17778301239,17878.1758117167,726.9980287043109
8,7,22,19809.78729122877,17500.28748971596,2309.4998015128112
4,19,13,13041.663721725345,15268.681629426035,2227.0179077006906
5,15,21,19124.879388153553,16349.212581700602,2775.6668064529513
10,5,21,15735.641710668802,16393.12988502433,657.488174355527
9,23,9,12542.264456644654,13421.167702631674,878.9032459870195
9,1,12,14441.637154012918,16151.017297890914,1709.3801438779956
10,14,21,19046.113707959652,16826.804752514567,2219.3089554450853
4,19,10,12918.440708339214,14934.491806751108,2016.0510984118937
2,15,21,18197.86893075705,16094.418043943457,2103.4508868135927
9,4,16,15356.002287119629,15927.383718790972,571.3814316713433
9,2,14,15693.061244785786,16964.651565530603,1271.5903207448173
4,28,3,12712.01278167963,13019.004418196102,306.9916365164718
3,8,2,12685.951536864042,12927.968319221522,242.01678235747931
8,24,3,12577.816871598365,13177.331507795609,599.5146361972438
9,1,13,15055.573512852192,16609.63268018506,1554.0591673328672
3,22,15,17912.307045340538,16276.744361354033,1635.5626839865054
9,16,5,13539.41414052248,14401.280285648041,861.8661451255612
8,28,4,12872.638010084627,13480.160388488663,607.5223784040354
2,13,2,14749.95315915346,13219.96740490678,1529.9857542466798
10,4,18,18205.105727553368,18820.7310660355,615.6253384821321
9,9,22,19748.041986227036,17427.913289957793,2320.128696269243
3,25,1,12468.408200368283,13527.91227172083,1059.5040713525468
1,6,4,15951.753148943186,13355.43847255333,2596.3146763898567
4,14,13,15779.140002191069,16602.751744835936,823.6117426448673
3,5,14,15591.360996574163,15893.051337343197,301.69034076903336
7,14,20,14031.113184779882,15207.38624693382,1176.2730621539376
7,27,6,13640.678442060947,14185.76895600362,545.0905139426723
7,26,4,16547.35883191228,13800.073958151454,2747.2848737608256
8,13,15,16166.47226458788,17303.30693870069,1136.8346741128116
11,20,20,18213.57039296627,15805.265338954667,2408.3050540116037
4,26,2,12219.483675271273,13465.53301698357,1246.049341712298
1,10,4,15973.65834146738,13484.337089502256,2489.3212519651242
6,26,20,15876.098561376331,16395.483742149125,519.3851807727933
3,5,12,15250.878032535316,15321.670146664655,70.7921141293391
9,21,21,13993.927302658558,15411.8799219363,1417.952619277743
6,20,13,16376.546477109194,17604.735932108342,1228.1894549991484
2,19,6,15897.44477429986,13563.194320838415,2334.2504534614454
6,29,2,12380.882165625691,13371.119625985255,990.2374603595636
11,3,12,14640.853300571442,15897.260625592642,1256.4073250212004
11,20,20,18427.65096771717,16259.320276709606,2168.3306910075644
5,19,10,12731.161421462892,15134.755675601353,2403.594254138461
1,25,4,14841.946929603817,13204.800918873798,1637.146010730019
1,24,4,12768.816059038045,13342.53683113286,573.7207720948154
11,3,10,14813.17855027318,15576.081133960028,762.9025836868477
11,20,20,18249.42792958021,16221.292909269858,2028.1350203103539
8,21,3,12638.794451132417,13708.00181032024,1069.2073591878234
10,3,15,14767.507907360792,16366.606087752163,1599.098180391371
11,17,21,18354.688340604305,16451.78945358629,1902.8988870180146
6,26,1,11960.140926927328,13191.935605845047,1231.7946789177186
11,3,15,14889.585689246656,16274.243241121188,1384.6575518745321
11,18,21,18235.306210160255,16358.73331913089,1876.5728910293656
6,27,1,12145.922698020937,13337.725324848561,1191.8026268276244
10,2,13,14594.065108567476,15867.439500315266,1273.3743917477896
8,21,18,17804.20949500799,16242.601998433795,1561.6074965741973
5,26,7,13711.414173185824,15247.876270694245,1536.4620975084217
12,27,19,18680.52382451296,16301.66365874891,2378.8601657640484
8,23,21,15063.179818540812,16185.749120499084,1122.5693019582723
2,13,11,17917.718853712082,15332.175602487652,2585.5432512244297
5,22,4,13155.993710055944,13672.321976940364,516.3282668844204
4,26,3,12981.05524097383,12922.559320803166,58.49592017066425
9,18,21,15760.362306684256,16631.125135672937,870.7628289886816
11,26,3,14179.249750822784,13152.188452202477,1027.0612986203068
7,20,21,15534.158067256212,16334.742597103297,800.5845298470849
2,10,9,17628.823596179485,15033.988341815722,2594.835254363763
10,7,20,14802.663336068392,15812.464752829615,1009.8014167612237
10,5,15,14808.153475403786,16402.65521553002,1594.501740126234
11,21,21,19093.527317345142,16384.01024942526,2709.517067919882
8,9,2,13150.718468233945,14112.316400602358,961.5979323684132
10,18,3,12302.18722936511,12547.894447959385,245.7072185942743
12,7,20,17642.463846743107,15875.412848119497,1767.0509986236102
11,7,16,15468.01966652274,17747.682248698427,2279.662582175688
8,7,17,16751.60907575488,15012.752772451417,1738.8563033034643
6,24,9,15455.760665625334,15018.202738617354,437.55792700797974
2,8,19,19070.784270584583,16031.644542525817,3039.139728058766
2,20,5,13591.795409411192,14064.03593693717,472.2405275259789
10,2,10,14547.287989526989,15500.522067286656,953.2340777596673
10,14,21,18153.2284835577,16351.675648501801,1801.5528350558998
7,25,2,12382.980902314186,13548.803047568064,1165.8221452538783
10,2,15,14833.6922403872,16299.380526119676,1465.6882857324763
11,18,21,18274.926913917065,16401.42372945644,1873.5031844606237
6,28,2,12408.049271404743,13628.770240887825,1220.7209694830817
8,26,5,16113.92859223485,13799.18792152114,2314.7406707137106
7,23,6,13311.116085723042,14056.31516099128,745.1990752682377
10,5,16,17725.579971253872,18621.164894881906,895.5849236280337
3,8,22,18656.589819014072,16761.32566581769,1895.2641531963818
7,15,14,13886.774645209312,15615.433509154784,1728.6588639454712
2,26,4,14876.076673805714,13374.50294598109,1501.5737278246233
4,24,3,12953.349866136909,13875.534572696652,922.1847065597431
3,3,20,17889.344999969006,16103.038981914277,1786.306018054729
1,13,6,14176.805086553097,14438.22006036231,261.4149738092128
2,11,5,16381.763893455269,13614.182777305585,2767.581116149684
9,5,16,16996.701740324497,17577.550071982438,580.8483316579404
11,14,21,18824.105711579323,16398.40922923004,2425.6964823492817
5,27,2,12153.537000849845,13421.239019084818,1267.7020182349734
1,10,2,15010.867448091509,13123.459436380905,1887.4080117106041
9,6,16,16536.10090893507,17605.87915939622,1069.7782504611496
2,7,17,18305.75978577137,16744.517593203036,1561.2421925683338
9,8,3,13712.145398885012,14330.346530679273,618.2011317942615
8,27,3,12112.606406524776,12769.53650218201,656.9300956572351
10,2,13,15434.78273126483,16280.138182378761,845.3554511139318
3,18,15,17732.58300548792,16298.616679100687,1433.9663263872317
10,10,4,13743.38715016842,14399.424759536501,656.0376093680807
8,25,3,12263.105614885688,12844.064783680278,580.9591687945904
10,2,14,15626.433173000813,16580.09241351576,953.6592405149459
3,19,15,17931.7798768878,16337.656407184295,1594.1234697035034
9,10,2,13353.081181913614,14053.248321335148,700.1671394215336
8,11,16,15589.904696822166,16981.857673083563,1391.9529762613965
12,11,18,18425.13453423977,16306.378982582908,2118.755551656861
9,6,14,17473.927601099014,17698.61802915087,224.69042805185745
2,14,17,18472.963994920257,16585.606987744766,1887.3570071754912
9,11,2,13487.523773014544,14157.348940767284,669.8251677527405
9,26,3,11940.347799658775,12623.131443784114,682.7836441253385
10,1,12,15261.722974985838,16256.451659469294,994.7286844834562
4,2,22,18927.62889766693,17183.329312584974,1744.299585081957
7,28,1,12430.634630963206,13395.055644413895,964.4210134506884
10,2,13,14926.296664267778,16037.916724394838,1111.6200601270593
3,19,14,17384.61471813917,15948.660407176627,1435.9543109625447
5,22,13,13643.370402514936,15802.704289461817,2159.3338869468807
2,28,3,14295.015943527222,13002.733288049205,1292.2826554780167
4,21,19,14744.55857539177,16076.115936250673,1331.5573608589038
11,24,18,17916.889611780643,15340.941715972134,2575.947895808509
2,23,6,13061.738594397902,13934.678058817233,872.9394644193308
2,12,7,16696.106051385403,14056.483577875026,2639.622473510377
5,18,14,16062.782163828611,16800.700159370645,737.9179955420332
2,17,15,17849.03859269619,16392.4949009404,1456.543691755789
9,25,3,13622.50360789895,14413.382441921876,790.8788340229257
8,21,8,13147.886660352347,13922.719370642713,774.8327102903659
11,6,15,15408.329831629992,16175.474323829,767.1444921990078
8,5,21,18716.182868003845,16514.311820777817,2201.871047226028
4,16,13,13347.230761155486,15219.422246383596,1872.1914852281097
2,17,6,15731.30603030324,13576.113626503755,2155.192403799485
9,14,20,16407.17224353552,17446.28137249109,1039.1091289555698
2,17,21,17270.40079087019,15929.183591846762,1341.2171990234274
7,29,3,12586.261031523349,13851.918164037259,1265.6571325139103
7,28,11,15922.279380828142,16447.828073529945,525.5486927018028
6,11,19,17406.024908185005,15314.69721759368,2091.3276905913244
2,19,12,13363.837950766088,14763.15538644077,1399.3174356746822
5,28,7,16166.56535950303,14304.179690969791,1862.3856685332394
5,28,18,14940.390086114408,15848.665860204806,908.275774090398
12,23,19,18707.11698168516,15666.331223564348,3040.7857581208136
3,21,3,12477.74168330431,13266.321073256502,788.5793899521923
11,2,12,14718.769233345984,15837.776385820565,1119.0071524745817
10,14,21,18208.598222255707,16439.44987550124,1769.1483467544676
4,19,7,12618.843226552008,14896.103772910665,2277.260546358657
1,26,4,15042.837554305792,13268.20050413142,1774.6370501743713
2,26,3,12749.53864479065,13246.411737945815,496.8730931551654
11,2,11,14655.372826457024,15852.794789260639,1197.4219628036153
11,21,20,18372.803708851337,16300.368180895384,2072.435527955953
8,11,6,13245.433316931129,14152.173058861003,906.7397419298741
12,13,10,16190.765936344862,14589.619293764254,1601.1466425806084
8,1,17,17793.365372776985,18057.87413313837,264.5087603613865
2,22,18,18487.498284757137,16858.39435136423,1629.1039333929075
9,15,6,14156.571501404049,14940.471639795163,783.9001383911145
9,16,20,16364.743108153343,16810.42885639276,445.68574823941526
4,14,20,18231.31502199173,15757.495498378097,2473.8195236136326
4,25,3,13044.486507192254,12866.673615194162,177.8128919980918
6,17,1,11995.888964235784,12690.831053545837,694.9420893100523
11,7,11,14862.799370378256,14455.481654358577,407.3177160196792
9,2,17,16566.954286277294,17639.771580493274,1072.81729421598
5,4,22,19823.90572977066,17362.617677798196,2461.288051972464
8,24,2,12441.263650625944,13521.122150893672,1079.8585002677282
11,17,5,15574.1326957345,13515.86910382255,2058.263591911951
10,1,17,17327.16654318571,18069.789492834916,742.6229496492051
8,10,22,19236.247973918915,17444.763209546032,1791.4847643728826
3,22,10,12955.3885217458,15414.211838923242,2458.8233171774427
1,27,3,14843.253949403765,13182.731346616461,1660.5226027873032
4,24,3,12705.883896395564,13309.726155933182,603.8422595376178
11,18,19,18094.735348939896,15995.071161535176,2099.66418740472
3,21,6,13471.6353007555,14184.633092250322,712.9977914948213
2,20,6,16391.85546427965,13776.536436846229,2615.319027433423
6,29,4,12996.168605789542,13348.66189165945,352.4932858699085
11,27,19,18817.48818051815,15691.424189579591,3126.063990938559
7,27,12,16805.11281505227,16766.68832828382,38.42448676845015
7,24,11,17442.044028043747,15120.105310365403,2321.938717678344
5,26,6,13968.320459455252,14679.141196983976,710.8207375287238
1,19,3,15775.185313791037,13209.806195585905,2565.379118205132
2,26,3,12766.545691415668,13166.627972791344,400.08228137567676
2,12,20,18133.44478881359,15680.262104599606,2453.1826842139853
11,17,19,17617.292950212955,17365.46681929829,251.82613091466555
12,11,18,18358.066824793816,16159.574081450548,2198.4927433432676
8,7,14,17469.568134367466,17665.34166516226,195.77353079479508
3,20,17,18331.278455376625,16311.783023593429,2019.4954317831962
9,13,10,13462.570644766092,14667.542176170213,1204.9715314041205
11,23,4,13528.591754108667,12972.65450927465,555.9372448340182
4,5,12,14751.893388420343,15280.135912248432,528.2425238280885
9,8,15,16688.79379439354,16948.622926659427,259.8291322658879
4,5,21,18794.423607707024,16285.403511057559,2509.020096649465
3,19,12,13574.724590718746,15013.562789370342,1438.838198651596
2,15,8,15819.210596352816,13887.473101628211,1931.7374947246044
4,28,2,12616.646678686142,13719.333327867882,1102.68664918174
2,6,9,17412.01251065731,15687.288193168619,1724.7243174886917
10,8,11,13396.12671226263,14618.703224133078,1222.5765118704476
9,14,19,16116.043118149042,15351.870793296415,764.1723248526268
3,12,9,16236.021138072014,15013.198271438354,1222.82286663366
8,18,20,16087.903847187756,16640.399890158205,552.4960429704497
11,26,20,18695.909502208233,15781.713598591887,2914.195903616346
2,21,4,12433.389133155346,13522.257367770168,1088.8682346148216
1,9,3,14903.638100117443,12640.578068179728,2263.0600319377154
6,16,14,16315.962602943182,17275.654963132278,959.6923601890958
3,13,15,17941.09921103716,16052.785733843422,1888.3134771937366
5,24,1,12520.952282831073,13480.846031392004,959.8937485609313
6,4,12,16710.592768490314,15130.258742140186,1580.3340263501286
3,11,13,15978.763387739658,15589.104751929262,389.65863581039594
7,16,14,16889.727890729904,18007.969537310386,1118.2416465804818
2,18,20,18071.36483424902,16006.475834868525,2064.888999380495
9,8,17,14157.21250295639,15633.58790515439,1476.3754021980003
3,8,21,17854.965498924255,16087.2922908488,1767.6732080754555
6,25,3,13410.365928128362,13654.698697702725,244.33276957436283
12,25,12,17437.020183503628,15106.414649160715,2330.6055343429125
9,6,17,16463.860485106707,17454.27680175427,990.4163166475628
10,12,22,19286.845675468445,16991.288950902315,2295.5567245661296
6,26,1,12117.267303928733,13419.39806107586,1302.130757147128
2,5,5,15617.650672525167,12874.465502933488,2743.1851695916794
4,10,13,15115.326094537972,16146.448065973402,1031.1219714354302
10,3,15,15683.676703184845,16570.326083566648,886.649380381803
11,22,20,18558.32424002886,15998.418396791265,2559.905843237593
9,29,15,14556.226741820574,16185.92861673389,1629.7018749133167
12,28,19,18220.58573049307,16071.289425020406,2149.2963054726624
10,10,20,16106.272253155708,16439.452576089527,333.1803229338184
2,9,14,17647.72719538212,16095.466319120065,1552.260876262053
9,17,4,13784.950133740902,14513.307230021319,728.357096280417
7,30,2,13951.156545847654,14317.446088550027,366.2895427023723
2,25,10,18271.51890182495,15711.044077627352,2560.4748241975994
7,29,3,14485.976990759373,14630.504659693273,144.5276689339007
2,17,1,13369.610655725002,12872.35152160777,497.25913411723195
8,29,13,16616.95896911621,16723.7140178349,106.75504871868907
11,23,20,17730.385637402534,15646.678568485491,2083.707068917043
8,12,15,17278.80311959982,18324.279121021562,1045.4760014217427
2,19,6,16031.044999957085,13594.060548497344,2436.9844514597407
2,26,3,12541.965486630796,13594.263685558566,1052.2981989277705
11,15,9,15565.990376591682,15076.829734992682,489.1606415990009
11,17,20,17964.38524311781,15954.93416939929,2009.4510737185192
8,4,20,14451.220188736916,16088.074727837715,1636.8545391007992
10,26,5,15960.86168667674,13446.966447175122,2513.8952395016186
2,24,5,12979.534964099526,13590.901184045935,611.3662199464088
2,22,21,18785.64315778017,16158.830024080897,2626.8131336992737
8,20,2,14139.857068091633,14381.581309646594,241.72424155496083
11,19,19,18545.54275929928,15646.925356949065,2898.6174023502135
7,19,20,16986.677837610245,17049.133172978152,62.45533536790754
8,21,20,17840.289311110973,15316.522527934267,2523.7667831767067
4,19,16,12761.353906929491,14846.512659411248,2085.158752481757
2,12,21,18028.06954705715,16107.668428564424,1920.4011184927276
5,28,2,13414.977407306433,14197.258936168226,782.281528861793
11,22,20,18376.292102456093,16038.610096495991,2337.6820059601014
3,11,17,13157.708173900844,14814.297545731597,1656.5893718307525
3,6,22,18173.15899759531,16183.013128640832,1990.145868954478
6,26,2,14048.615028828382,14557.13674707848,508.5217182500983
5,11,19,17928.647458553314,15687.721660893221,2240.925797660093
1,14,7,13810.041468977928,14308.273419317848,498.2319503399194
2,22,20,18953.515025615692,15991.379398488456,2962.135627127236
8,19,14,15727.523588001728,16800.74279814632,1073.2192101445908
4,13,3,14034.811964690683,12853.125102458034,1181.6868622326492
9,18,3,12317.729363933206,12835.625673363225,517.8963094300198
3,2,5,14494.5162961483,13027.529364486762,1466.9869316615386
11,6,20,16343.531001120806,15924.859279022514,418.67172209829187
9,8,21,15832.417771011593,15660.953616269,171.46415474259265
11,9,19,14950.9643561244,15846.222430350286,895.258074225887
11,24,2,14274.225839436054,12950.330587019083,1323.8952524169708
10,3,16,17224.079713881016,17847.762875716468,623.6831618354518
11,20,20,18881.674458801743,16243.641843450676,2638.032615351067
5,25,5,12875.557376399636,14748.767424558995,1873.2100481593588
1,26,3,15105.457623422146,13124.225351331621,1981.232272090525
1,24,4,12987.896897017956,13388.20049029106,400.3035932731036
3,16,4,15731.245744168758,13609.107016970167,2122.1387271985914
9,12,21,16623.989890813828,17169.576852316262,545.5869615024349
3,4,12,17993.12409454584,15537.898782149188,2455.225312396653
3,24,2,12747.827256768942,13501.097191705685,753.2699349367431
10,1,11,14897.092338263988,15710.294631058063,813.2022927940743
5,22,15,17188.323064267635,15976.194525390285,1212.1285388773504
9,11,1,12691.730803579092,13844.354759154554,1152.6239555754619
10,21,2,12247.027466863394,12332.880068062535,85.85260119914165
9,1,14,15789.727805823088,16806.046040860816,1016.3182350377283
8,10,21,19615.07620036602,17207.86888183572,2407.2073185303016
8,13,8,13558.74589431286,14458.17405511458,899.4281608017191
6,11,5,13299.430623322723,12968.702140683985,330.72848263873857
8,10,8,15486.045220732689,13819.223941254237,1666.8212794784522
10,4,16,17048.641321003437,17807.696544983315,759.0552239798781
11,15,21,18522.401906073093,16250.863680442291,2271.538225630802
4,18,12,12930.605589047074,15026.99324914654,2096.3876600994663
3,22,8,15863.437652915716,14017.533096125702,1845.9045567900139
5,28,13,12851.283800020814,14420.15031819932,1568.8665181785054
5,15,12,16352.214255034924,15341.127627570406,1011.0866274645177
6,10,20,13960.15886515379,15197.83277789584,1237.6739127420497
7,20,4,13549.04187721014,13860.359243585937,311.31736637579706
2,6,2,14192.792805373669,12735.243847890562,1457.5489574831063
10,2,16,17716.436164081097,18213.980689572985,497.54452549188863
2,12,17,18605.737029194832,17018.514951289195,1587.222077905637
9,21,4,13956.730347573755,14615.455041253821,658.7246936800657
8,26,5,12872.0234606117,13601.726430896702,729.7029702850032
1,7,2,14339.566166579723,12448.01690640374,1891.5492601759834
7,10,16,15560.218491852283,16444.602629238532,884.3841373862488
11,3,15,15648.84321063757,16424.247053921492,775.4038432839225
11,15,20,18073.804987311363,15844.183199644365,2229.621787666998
7,29,6,13890.731794267893,14740.787471640935,850.0556773730423
2,4,11,17039.325267732143,15472.174272364271,1567.1509953678724
3,5,21,15419.83587101102,15579.834408698265,159.9985376872446
6,24,2,13183.705646649005,13656.898620303973,473.1929736549682
4,7,16,17471.617862939835,15189.554584542662,2282.0632783971723
6,24,11,15067.696767419577,15659.169543523107,591.4727761035301
10,3,17,17626.458903312683,18653.161405859544,1026.702502546861
5,25,8,16996.83461588621,14505.54893509623,2491.2856807899807
5,22,15,13051.047032997012,15128.849277700876,2077.802244703864
7,28,5,15449.020101636648,13678.031893214697,1770.9882084219516
2,23,4,12647.75698979199,13479.47854215221,831.7215523602208
11,3,8,14680.95219230652,15228.491630996625,547.5394386901044
10,15,21,18275.43709045649,16429.127477802656,1846.309612653833
7,26,2,12882.42240869999,13780.509823705353,898.0874150053642
12,26,13,17970.37940734625,15771.63423719949,2198.745170146758
9,24,4,12878.57393872738,13725.348544725648,846.7746059982674
11,2,17,15286.61089578271,16528.53673045757,1241.925834674861
8,6,21,18436.15172278881,16490.6579509413,1945.493771847512
7,29,3,13646.751757472754,14212.931799911816,566.1800424390622
11,3,10,15072.452810287476,15354.008811184707,281.55600089723157
11,17,21,18083.76245224476,16257.827474387632,1825.9349778571268
8,25,2,12264.327741965652,13495.68412524195,1231.3563832762993
2,5,3,14495.44888573885,13222.454829745877,1272.9940559929728
9,1,17,17035.9451431036,17844.797095981485,808.8519528778852
2,13,17,18676.2078294158,16893.468613371417,1782.7392160443815
11,3,18,15254.006349772217,16478.57878780833,1224.5724380361116
11,19,4,12794.378815442324,12507.556546814843,286.8222686274803
8,7,12,15258.656584322453,15640.044881070218,381.3882967477657
3,17,12,17007.131651699543,15202.240278756368,1804.8913729431752
8,23,1,12327.129694759846,13316.61804625454,989.4883514946941
10,3,17,17614.793741345406,18646.00490545767,1031.2111641122647
2,10,21,18827.548993110657,16534.50690864996,2293.042084460696
6,20,13,13466.643854886292,15232.574320651218,1765.9304657649263
2,19,21,18357.495952010155,16038.420149547166,2319.0758024629886
4,27,1,12711.667264208198,13969.217783534597,1257.5505193263998
2,9,10,16893.578001141548,15331.93080254206,1561.6471985994885
10,9,7,14613.232408344746,14788.799137081483,175.5667287367378
11,19,3,13187.03225195408,12656.054838675946,530.9774132781349
12,6,21,17762.49723148346,15947.458722035362,1815.038509448097
10,2,17,18050.54028093815,19224.78856979364,1174.2482888554914
6,2,21,18666.98856204748,16386.56101482744,2280.4275472200425
6,28,2,12811.456400945784,13614.421557954165,802.9651570083806
1,8,3,15474.78196632862,13244.790362685395,2229.991603643224
10,2,16,16884.542462944984,17711.04150744997,826.4990445049843
6,14,19,18647.459135353565,16953.392558214637,1694.0665771389286
6,28,3,13240.127726987004,14181.639800826892,941.5120738398873
12,26,16,18535.88713514805,16301.069881370162,2234.8172537778864
8,9,14,15748.276372104883,16998.27297716057,1249.9966050556868
2,10,17,18082.48865133524,16574.933860994995,1507.554790340244
11,2,18,14437.24733915925,15915.559607167901,1478.3122680086508
11,16,4,13273.653379514812,12684.100722289022,589.5526572257895
8,1,15,16280.326525598764,17084.888506056377,804.5619804576127
6,7,22,19524.63797622919,17215.782026713514,2308.855949515677
6,27,1,12534.566901534796,13455.078615596809,920.5117140620132
4,29,4,12661.298403903842,13649.755608994834,988.4572050909919
11,20,21,15942.171344548464,16350.629636791364,408.4582922428999
2,10,3,12997.711643755436,13449.464448162113,451.75280440667666
8,19,16,14017.954403072596,15079.60638045824,1061.6519773856453
3,11,11,16539.307147026062,15391.01368240141,1148.2934646246522
9,24,5,12159.525013431909,13616.68664566551,1457.1616322336013
7,19,4,13448.92547288537,13730.297325818068,281.37185293269795
10,2,12,14688.735255301,15969.501914814193,1280.7666595131923
8,6,21,18813.285375714306,16837.36732636362,1975.9180493506865
8,27,2,12129.20047262311,13332.024143062525,1202.8236704394149
12,22,13,17703.863019108772,15535.697427827856,2168.1655912809165
7,7,14,15758.278128892183,16299.05209513125,540.7739662390668
11,6,15,15599.742819815874,16079.380310453671,479.6374906377969
4,3,22,17501.028474152088,16122.209747436724,1378.8187267153644
7,28,2,13280.798516780138,13777.235554181429,496.4370374012906
2,6,6,16111.268210232258,13614.908775721015,2496.3594345112433
10,5,16,16183.371247291563,17351.67544644878,1168.3041991572154
11,18,21,18918.074160516266,16418.767538583128,2499.3066219331376
7,27,1,12125.817067116495,13352.460278569331,1226.643211452836
10,2,14,14626.884141981602,16167.44300240242,1540.5588604208187
11,16,21,18479.021316051483,16532.66625397443,1946.3550620770548
5,26,5,13006.913071349263,14816.893876557795,1809.9808052085318
1,22,6,15892.110066562893,13649.395983755088,2242.7140828078045
5,29,2,12709.737697795032,13161.551254117729,451.81355632269697
5,13,4,14194.628866761925,13021.333537843475,1173.2953289184497
6,28,1,13110.443434357643,13882.674909981488,772.2314756238447
2,3,19,18434.6334964633,15887.560704025895,2547.072792437404
3,19,8,14411.202908843756,14719.462009254785,308.25910041102907
5,24,7,17170.008382678032,14285.597501077786,2884.4108816002463
6,26,2,13635.620558410885,14113.660424657208,478.0398662463231
11,17,18,18846.304132580757,15816.604846823866,3029.699285756891
2,22,5,12833.527277812362,13675.798198996503,842.2709211841411
4,4,11,17376.717644631863,15452.084399759358,1924.6332448725043
10,11,16,15803.36559572816,17067.472062184133,1264.1064664559726
10,25,3,14272.49066504836,12816.482359432663,1456.0083056156982
5,28,2,12047.908516317606,13282.976511013725,1235.067994696119
11,24,20,19089.127659857273,15738.869029771626,3350.2586300856474
10,3,16,15798.057545125484,18166.07167941861,2368.014134293124
11,17,20,18347.358038783073,16336.124725155285,2011.2333136277884
6,28,3,12235.193339675665,13522.704087418428,1287.5107477427628
11,3,16,14985.398401767015,16381.119751944325,1395.7213501773094
7,18,18,17728.490930318832,16479.343555001742,1249.1473753170903
9,11,6,13049.446374610066,14099.861482974517,1050.4151083644501
12,12,9,16090.547004580498,14380.971959349525,1709.575045230973
11,4,20,17081.813458919525,15746.029147235316,1335.7843116842087
3,9,11,15954.43567687273,15357.865327736807,596.5703491359236
6,19,13,15715.002526968718,16702.838949297362,987.8364223286444
11,21,20,18799.467137515545,15677.006120235286,3122.4610172802586
4,24,3,13139.834155246615,12850.70489107699,289.12926416962546
12,3,17,15918.710195600986,15561.930397478427,356.77979812255944
11,12,22,15658.257280141115,15538.04249950975,120.21478063136601
9,6,21,17780.65361070633,15566.495399680207,2214.1582110261224
9,7,14,16932.877999067307,17124.99057441381,192.11257534650213
4,21,11,17611.274179399014,15350.201286317562,2261.072893081451
9,12,5,14393.97542822361,14787.765111036017,393.7896828124067
8,25,4,12499.766012713311,13217.739572814156,717.9735601008451
5,15,3,15024.231284677982,13432.11202279001,1592.1192618879722
8,8,17,17292.69845843315,17876.467285374303,583.7688269411519
10,12,21,19324.50113326311,16689.242389184277,2635.258744078834
6,21,14,13544.060273975134,15705.40482088467,2161.344546909537
6,26,6,16287.772888481615,13880.293721837985,2407.4791666436304
2,25,3,12920.510122179983,13440.735658865246,520.2255366852623
3,7,20,18993.318638324738,15950.471398590282,3042.847239734456
9,3,15,15814.417233496904,17040.75890224186,1226.3416687449571
6,26,14,16112.57153904438,15450.115476391551,662.4560626528291
8,22,6,12935.36983411014,14058.807449850457,1123.4376157403167
7,27,20,16450.106224030256,16856.145460207394,406.03923617713735
6,15,20,18552.238211214542,15823.188765617926,2729.0494455966164
2,21,5,12999.018253445623,13749.361985011199,750.3437315655756
10,2,10,14424.964962005615,15563.145441297982,1138.1804792923667
10,14,21,18200.871754407883,16397.190679913332,1803.6810744945506
7,25,2,12465.75376495719,13543.414393111181,1077.6606281539916
10,3,17,17542.04109042883,18602.535432307093,1060.494341878264
3,7,22,19004.508893191814,16837.07070734964,2167.438185842173
8,27,5,14117.924808323383,14546.40619857405,428.48139025066666
10,4,14,14744.600406587124,16228.667232685126,1484.066826098002
4,2,21,18073.79842555523,16142.038241132126,1931.760184423103
5,26,1,12197.90410989523,13231.57562818863,1033.6715182934004
2,14,3,15065.812313079834,13365.188261409192,1700.624051670642
9,4,17,17558.642333447933,18222.711419440948,664.0690859930146
10,9,22,19788.817559063435,17402.318933818817,2386.498625244618
5,21,11,13171.47822420299,15347.641928622752,2176.1637044197614
2,19,21,18386.856529831886,15995.082795859098,2391.7737339727882
4,27,4,14168.370769262314,14085.318932942979,83.05183631933505
2,11,20,18691.86746042967,15857.659797689736,2834.207662739933
8,25,11,15269.798036128284,16061.832140054143,792.0341039258583
11,13,20,15748.323944836857,15515.35401361748,232.96993121937703
6,14,12,15526.83555752039,16484.781063439,957.9455059186112
11,17,19,18430.196929097176,15373.595584584562,3056.6013445126137
3,17,12,13280.36092966795,14862.447412740608,1582.0864830726587
6,27,7,16177.195404440165,14199.86147649806,1977.3339279421052
4,27,3,12770.99476712942,13413.937790424614,642.9430232951945
11,3,12,14846.045566529036,15872.074522954172,1026.0289564251361
11,18,21,18537.487383425236,16526.730238800683,2010.757144624553
8,20,2,12567.97751827538,13584.614794011723,1016.6372757363424
12,20,10,16743.729226857424,14847.34819982492,1896.381027032503
12,11,18,18383.97591888905,16203.109230729144,2180.8666881599056
7,25,3,12322.421634733675,12874.988763576841,552.5671288431658
12,14,21,18945.78773754835,16052.056637214899,2893.7311003334526
10,2,17,18443.01285904646,19006.822701430054,563.8098423835945
4,27,12,17857.217821717262,15356.288118373548,2500.929703343714
10,19,6,14020.251837939024,14678.031826980816,657.7799890417919
8,26,4,13025.5880343616,13442.449461572223,416.8614272106224
2,7,2,14359.122660517693,12534.604884513106,1824.5177760045863
5,10,13,15242.928875088692,16254.530946089448,1011.602071000756
11,11,21,18551.76822543144,15981.753138584001,2570.0150868474375
6,26,19,15233.075988143682,16409.076932136813,1176.000943993131
9,13,20,18800.84264564514,15645.244204184133,3155.5984414610084
2,21,7,13441.535705149174,14282.47025492647,840.9345497772956
2,14,5,16472.904225498438,13724.785343886559,2748.1188816118793
5,17,13,15940.4841530025,16610.18644140972,669.7022884072212
12,15,21,18282.435203373432,16008.38105500989,2274.0541483635425
4,25,2,11874.330996468663,13148.08383473031,1273.7528382616474
11,3,12,14969.404531300068,15729.035428195351,759.6308968952835
11,17,21,18220.914638519287,16354.933025696162,1865.981612823125
7,26,2,12379.688951283691,13582.959754541373,1203.270803257681
12,26,14,18149.81883102655,15987.309335127191,2162.5094958993595
9,2,16,16814.66714209318,18243.302250417684,1428.6351083245027
6,4,22,19189.07550907135,17844.520724348473,1344.5547847228772
5,27,2,12538.37907679379,13710.772113125753,1172.3930363319632
12,11,18,18443.842100977898,16324.17003965461,2119.6720613232883
9,26,12,12956.872503906488,14027.65703605758,1070.7845321510922
10,1,13,15304.307952076197,16325.636457092183,1021.3285050159866
3,24,15,17306.1393956542,16091.787405202518,1214.3519904516834
10,29,9,13646.77062252164,14748.77327033704,1102.0026478153995
5,6,2,12307.794249981642,12906.587362597475,598.7931126158328
7,28,2,12124.748731195928,12989.463824412403,864.715093216475
2,5,3,14531.796503514051,12315.584987146462,2216.21151636759
9,7,16,15911.457814633846,17418.822547366053,1507.364732732207
11,15,21,19051.157237768173,16492.013058985525,2559.144178782648
5,27,1,12202.461249530315,13429.208451468248,1226.747201937933
11,7,13,15746.69539898634,15605.81896449753,140.87643448880954
11,14,21,18180.122661292553,16237.627798655347,1942.494862637206
5,23,5,12959.822218343616,14435.152161875807,1475.3299435321915
2,24,20,18685.950396835804,16035.6341144316,2650.3162824042047
6,26,3,14273.937942385674,14070.862445405304,203.07549698036928
9,1,13,14563.20229870081,16277.409566849119,1714.2072681483096
8,6,22,18689.44863307476,16800.77881942708,1888.6698136476807
7,27,1,12454.96316204965,13438.847447114815,983.8842850651654
12,25,13,18002.965908527374,15738.30078347406,2264.665125053314
9,2,16,17012.697661340237,18357.16163592152,1344.463974581282
6,4,22,19050.437085032463,17909.665346269947,1140.7717387625162
4,23,13,12986.933549195528,15402.225219469887,2415.2916702743587
2,25,5,15422.73903799057,13567.954445475285,1854.784592515285
6,12,5,14635.838068336248,13273.519464200015,1362.3186041362333
9,9,18,13726.76704210043,14841.300566024605,1114.5335239241758
6,18,6,16033.284609347582,13866.423002415668,2166.861606931914
9,4,20,14974.506706804035,15726.819698083125,752.31299127909
3,8,12,16776.451064258814,15633.73821441358,1142.712849845233
9,21,3,12434.882957950234,13343.57653885082,908.6935809005863
11,4,14,15301.362543791533,14803.341502259627,498.0210415319052
9,2,16,16889.512993216515,17517.58679430552,628.0738010890054
4,3,22,19316.24808448553,17041.26176478561,2274.9863196999213
7,28,1,12217.797508999703,13357.327191232333,1139.529682232629
12,24,14,18058.388141274452,15888.830001321252,2169.5581399532
7,7,15,15986.815892845392,16866.011008923586,879.1951160781937
10,8,22,19530.387715041637,16907.79279207139,2622.594922970249
3,24,2,12257.87692052126,13532.472731958384,1274.5958114371242
10,2,11,14490.504602491856,15608.375871458573,1117.8712689667173
11,14,21,18106.624430835247,16358.161478788907,1748.4629520463404
7,26,2,12270.329083114862,13501.04032162626,1230.7112385113978
12,25,12,17711.3007696867,15511.842640388031,2199.4581292986677
9,2,16,17160.390488624573,18371.01532962878,1210.6248410042062
2,14,19,18061.770726561543,17341.398921612636,720.3718049489071
10,9,15,14645.267311900854,16156.406963935047,1511.1396520341932
9,3,16,14973.7680991292,16903.227819082374,1929.4597199531745
6,5,22,18960.433577239513,16755.23281584362,2205.200761395892
3,25,2,12312.193087249994,13451.533025200779,1139.3399379507846
12,11,18,18451.421749532223,16281.567700600051,2169.8540489321713
9,6,14,17452.82335293293,17677.457800709995,224.63444777706536
10,12,22,19395.341852486137,16701.094191262568,2694.2476612235696
5,26,2,12015.623855918646,13219.320057513909,1203.6962015952631
2,8,3,14892.164049297571,13269.298903510797,1622.8651457867745
9,2,17,18073.739369750023,18373.53972242758,299.8003526775574
10,9,22,19613.4743116498,17312.733262592337,2300.741049057462
4,21,10,12679.131411582232,14980.70381424491,2301.5724026626776
2,19,10,15677.69115126133,14172.584915748983,1505.1062355123468
10,14,20,14291.464803129436,15515.56354306513,1224.0987399356927
11,24,20,18530.861650168896,16157.601599768546,2373.2600504003494
4,21,3,12811.366997018456,13495.558895954644,684.1918989361875
10,3,10,14486.18983772397,15506.70735420526,1020.5175164812899
11,20,21,18383.09582334757,16474.324356387635,1908.7714669599336
5,21,10,12787.08931954205,15277.631719331246,2490.5423997891958
2,26,7,15636.18804371357,13775.534079753295,1860.6539639602743
2,24,4,13195.043541029096,13334.594161992778,139.55062096368238
3,16,5,16085.824590712786,13864.927495370504,2220.8970953422813
10,6,21,17357.0537019372,17499.048451344523,141.99474940732398
5,18,12,17510.6734354496,15185.830527474023,2324.842907975577
4,23,2,12417.123975083232,13467.119637392545,1049.995662309313
1,10,3,15420.19184628129,12813.91601558722,2606.2758306940705
9,13,21,16899.337582588196,17195.91282566539,296.5752430771936
2,3,13,17713.512901723385,15929.37871562966,1784.1341860937246
11,9,14,17141.260508835316,14795.885640988492,2345.3748678468237
9,6,14,17526.607019782066,17598.610383541203,72.00336375913685
4,3,22,18678.059064865112,16485.756891349913,2192.3021735151997
2,12,6,13512.28948110342,14547.114118357453,1034.8246372540325
1,26,4,15418.71627137065,13271.003976115126,2147.7122952555237
2,25,3,13036.982728943229,13348.971860478232,311.98913153500325
2,12,4,15468.603252708912,13041.754362720098,2426.8488899888143
10,3,16,17922.388363420963,18353.367721867486,430.9793584465224
2,15,17,18588.61248612404,16928.809358845832,1659.8031272782064
7,29,2,14104.804576933384,14532.08688642983,427.28230949644603
10,26,5,13733.58224606514,13288.220457132262,445.36178893287797
8,16,12,13535.139156401156,14573.17771240344,1038.0385560022842
9,2,15,15494.124382972715,17179.248349490466,1685.123966517751
6,4,22,19770.843268573284,17223.822945371834,2547.02032320145
6,27,1,11920.690213665366,13114.28287517442,1193.5926615090539
12,25,14,17952.15659034252,15850.809488802897,2101.3471015396244
9,2,17,17544.03996539116,18755.05507647108,1211.0151110799197
2,15,19,18061.44591963291,17443.196710731085,618.2492089018269
9,14,4,14271.93004500866,14886.562071751334,614.6320267426745
5,29,1,12549.862560138106,13765.096985184386,1215.2344250462793
2,7,12,17262.19531482458,15931.962738403567,1330.2325764210145
8,28,5,12836.781088635324,13961.348840762885,1124.567752127561
7,23,6,14248.176897913218,14477.232753145594,229.05585523237642
5,12,12,16748.12437313795,14707.858093066585,2040.266280071366
8,11,15,17335.059515595436,18348.769637792248,1013.7101221968114
6,27,4,16318.076718747616,13745.974215698701,2572.1025030489145
4,28,3,12983.0290992409,13850.23730176002,867.2082025191194
6,26,6,15973.361832112074,13887.722344970478,2085.639487141596
8,18,21,16397.082313150167,16819.094975836102,422.01266268593463
2,4,13,17696.38589799404,15986.549190655873,1709.8367073381687
7,28,16,14953.792062908413,15822.213168903492,868.4211059950794
2,19,3,15000.977241158484,12950.288802599636,2050.6884385588473
5,26,6,12608.906062051654,13503.18972018021,894.2836581285555
3,9,21,18174.993008434772,15166.434883722124,3008.5581247126484
10,9,20,17674.832169532776,17687.92100135892,13.088831826145906
4,14,12,16252.219243198631,15474.521163237734,777.6980799608973
7,13,21,13678.79486322403,15679.602284680841,2000.8074214568114
7,21,6,13962.054392457008,14215.082921055298,253.02852859829
2,10,2,14565.806905776262,13120.747600627601,1445.0593051486612
9,5,17,17891.205257833004,18329.3366642675,438.13140643449515
11,18,21,19035.08913743496,16544.063289348505,2491.025848086454
3,24,2,12422.01658450067,13625.863298726394,1203.8467142257232
11,4,9,14834.712593466043,15138.955266167792,304.24267270174823
3,17,15,16404.0135781765,16033.323889487008,370.68968868949014
9,20,6,12913.08241929114,14173.86780379439,1260.7853845032496
8,30,8,13950.990041285751,14304.245318122337,353.25527683658584
7,27,18,18747.411085665222,15474.811268412392,3272.5998172528307
6,22,2,13457.765388727188,13950.905039241143,493.1396505139546
5,29,5,12827.25300861895,13933.308394590948,1106.0553859719967
2,15,4,13828.189235895872,13291.088776426235,537.1004594696369
5,21,11,15365.58122074604,16106.542720075215,740.9614993291743
2,11,12,17416.10622626543,15597.497097035859,1818.6091292295714
10,11,5,13720.43207666278,14155.885230265334,435.45315360255336
10,3,19,14650.305920392277,17080.505382248037,2430.19946185576
11,16,21,18553.97379571199,16448.530624500512,2105.4431712114783
6,26,1,11890.897175103426,13151.299239307526,1260.4020642040996
10,24,3,14963.241401851175,12999.200929083536,1964.0404727676396
7,14,12,15110.017223715782,15533.904084096841,423.8868603810588
6,5,20,14519.2955378592,15284.29936416067,765.0038263014703
8,29,4,13756.606218010187,14511.742199785514,755.1359817753273
11,27,4,15878.514107853174,13208.722738614768,2669.7913692384063
3,27,3,12352.26942294836,13312.24687458033,959.9774516319703
1,14,4,15577.229434520006,13255.209824543874,2322.0196099761324
6,11,15,16814.673703849316,17635.2788656644,820.605161815085
12,22,21,18688.736682534214,16047.084835180929,2641.651847353285
5,21,12,13084.149657309054,14972.306429869219,1888.1567725601653
3,19,8,15886.98820579052,13935.025251514551,1951.9629542759685
4,29,2,12811.72768855095,13837.23653060922,1025.5088420582706
2,10,7,17535.152886927128,15227.424922824184,2307.7279641029436
3,18,11,14910.964710950851,15504.988368514816,594.0236575639647
9,17,8,16380.933011084797,14798.876630992323,1582.0563800924738
5,8,21,15590.920128583908,15550.988852196917,39.93127638699116
4,28,4,12623.804939463736,13543.979027151301,920.1740876875647
7,28,5,13216.78181888163,13174.749365432446,42.032453449184686
9,12,18,14011.702689915895,15658.07914961347,1646.3764596975743
9,2,15,16238.17257386446,17471.279725654826,1233.1071517903656
5,3,22,19311.039690554146,16994.02523457878,2317.0144559753644
2,16,7,12954.365297898648,14575.433812835543,1621.0685149368946
2,17,21,18277.284224808216,16180.15769876016,2097.126526048056
9,11,18,14836.13895520568,15948.67336161906,1112.5344064133787
10,19,10,13038.25324897468,13739.56047224616,701.3072232714785
5,7,11,14561.725083351135,15377.88921344681,816.1641300956744
3,11,12,16346.657267808914,15406.044140773323,940.6131270355909
9,22,2,12830.416595295072,13747.117495250468,916.7008999553964
10,12,8,13207.594335019588,13342.4484328253,134.85409780571172
5,12,10,15586.57337525487,15103.594150611025,482.97922464384465
3,15,10,15347.951422452928,15132.97137825646,214.98004419646895
9,30,5,14136.923963099718,14696.989990354808,560.0660272550904
8,26,3,16374.85190358758,13466.885069885739,2907.966833701841
2,23,4,12553.45225085318,13435.332919708946,881.8806688557652
4,24,4,16113.84287929535,13824.673999830911,2289.168879464438
9,4,16,17560.017021358013,18175.698101260085,615.6810799020714
11,17,21,18848.007728517056,16463.136432000116,2384.8712965169398
4,27,2,12126.03422023356,13435.195612558942,1309.1613923253826
11,3,12,14603.401667326689,15769.153412041944,1165.751744715255
11,17,21,18333.55620497465,16422.454258366295,1911.1019466083562
4,27,3,12814.066134393215,12967.410739260024,153.34460486680837
12,7,14,16263.833551555872,15349.181700445568,914.651851110304
10,7,18,17344.286164939404,17930.14959995866,585.8634350192551
3,2,22,18746.03803819418,16557.434882077087,2188.603156117093
1,13,4,13389.14459362626,14191.249883021492,802.105289395231
2,24,20,18745.05213433504,15906.856009812629,2838.196124522412
8,3,15,15026.82481878996,15427.348295131565,400.5234763416047
9,2,14,15354.793283551931,16772.034044557706,1417.2407610057744
9,17,20,19018.048256754875,16417.902494010632,2600.1457627442433
8,21,16,14821.04732620716,16234.69120423749,1413.6438780303306
3,18,19,15415.94639006257,15299.084175115691,116.86221494687925
2,8,6,14527.999297261238,13753.312986073059,774.6863111881794
4,27,9,12515.367408141494,14084.30259261492,1568.9351844734265
4,28,8,16531.826745033264,14296.69217669106,2235.134568342204
8,25,16,16204.2552665174,17152.679291206037,948.4240246886366
3,14,11,17017.527113854885,15262.256424679073,1755.2706891758116
7,26,2,12484.948952198029,13337.5585449442,852.609592746172
12,27,14,18039.683035194874,15906.581655201126,2133.101379993748
7,19,14,15824.95090264082,16779.69981427163,954.7489116308097
4,3,15,16196.38895124197,16006.073754043951,190.31519719801872
11,29,21,16292.39892655611,15521.603319843338,770.7956067127725
9,21,2,13041.621480420232,14070.465916886038,1028.8444364658062
10,6,17,15101.099797129633,17219.203442901835,2118.103645772202
10,13,21,18357.765804231167,16239.252380658243,2118.513423572924
3,20,3,13232.336051687598,12759.55457604385,472.7814756437474
11,4,11,14570.011351019144,14452.744520865219,117.26683015392518
12,10,16,15840.36774867773,15024.583708943117,815.7840397346135
12,9,20,18204.734988331795,15684.517250497633,2520.217737834162
5,5,21,15336.658640146255,15798.262341379103,461.603701232847
5,17,20,13935.318106979132,15505.700609872469,1570.382502893337
10,3,16,15199.474465310574,16550.868309429607,1351.393844119033
9,14,19,17687.420078456402,15725.018705802144,1962.401372654258
9,9,5,13486.125708848238,14344.492292222023,858.366583373785
8,27,3,12488.148628532888,13063.809803345326,575.6611748124378
10,28,2,14900.1771838665,13059.221965527558,1840.9552183389424
9,23,15,16100.746024161575,16408.766869192335,308.02084503076003
11,12,20,17254.57957661152,15923.918120211629,1330.66145639989
7,18,14,16085.03020811081,16971.03911122673,886.0089031159223
12,21,19,18686.107058763504,15458.31704551791,3227.7900132455943
3,24,4,13271.05369375646,14095.419702523084,824.3660087666249
1,21,4,15684.72330328822,13352.019605884214,2332.7036974040057
6,16,20,15347.855866879225,16262.7665412149,914.9106743356751
12,17,19,18207.375274956223,15570.815721168643,2636.5595537875797
2,22,5,12493.519220873712,13587.144790230333,1093.6255693566218
1,9,4,15843.23113501072,13466.229495327098,2377.0016396836218
7,9,15,16653.700702369213,17546.056960736263,892.35625836705
12,22,21,18341.24166184664,15986.539638749811,2354.70202309683
3,25,2,12116.73211069405,13358.235704012139,1241.503593318088
12,10,17,18068.59249228239,15738.340894821778,2330.251597460612
10,10,21,14420.261413186789,15510.8018366264,1090.540423439612
2,9,14,16384.448471933603,15946.751432856468,437.69703907713483
8,25,21,14758.45965576172,16292.587617108504,1534.1279613467832
2,4,3,13242.388662084935,13287.540209858867,45.15154777393218
10,11,20,15944.679985940456,16534.535063964555,589.8550780240985
11,21,20,18127.972284197807,15583.618122123586,2544.3541620742217
2,20,3,12182.816581994295,13255.074329716797,1072.2577477225022
1,8,3,15126.174317866564,12678.408992604662,2447.765325261902
10,2,16,17663.35893893242,18306.58830766194,643.2293687295205
2,12,17,18720.534952759743,17040.097365400572,1680.4375873591707
9,22,4,14147.351003706455,14736.787712725172,589.436709018717
9,15,20,16513.882802665234,16985.74880217299,471.8659995077578
5,17,20,18047.49972718954,15562.664828972594,2484.8348982169464
2,19,4,12441.35592532158,13448.300238126041,1006.9443128044604
1,14,5,15875.66220459342,13589.448319903404,2286.213884690016
8,23,22,16699.93729674816,16987.95005011746,288.01275336929757
11,10,14,15488.53909817338,15885.050226112258,396.5111279388784
6,5,20,15823.331379204988,15429.690635828854,393.6407433761342
6,27,2,13608.37532672286,14257.821426619195,649.446099896335
10,18,19,19449.370532274246,16651.441647376192,2797.928884898054
6,26,2,12132.492218598722,13050.846173468231,918.3539548695098
2,8,2,14174.85829553008,12813.060412431529,1361.7978830985521
8,6,15,15917.777606010435,16826.605686956922,908.8280809464868
12,10,18,18437.444388747215,16332.765672938294,2104.678715808921
10,17,21,13957.68221232295,15468.709948891916,1511.0277365689653
2,8,14,16639.76230201125,16017.728855233494,622.0334467777575
9,23,3,12264.543664753435,13518.934297904389,1254.3906331509534
8,13,16,16258.135076463224,17351.116027033466,1092.9809505702415
11,25,20,18129.274792790413,15442.801740405263,2686.4730523851504
3,22,6,13128.902474582195,14260.961626479606,1132.0591518974106
5,29,7,16341.602665036917,14296.095763906147,2045.5069011307696
5,28,2,13088.485747784376,13545.628733219177,457.1429854348007
1,10,3,14772.80242434144,12495.547617350892,2277.254806990548
9,2,16,17675.099561095238,18377.181404858984,702.0818437637463
3,13,17,18569.084699869156,16747.617877846813,1821.466822022343
9,26,4,13215.88736949861,14137.677296316326,921.7899268177152
12,20,9,16512.940370440483,14600.894956446791,1912.045413993692
9,2,18,17863.15128970146,18451.478405565904,588.327115864442
2,19,18,18697.950208365917,16965.489839864676,1732.4603685012407
3,22,9,13458.392036437988,15383.48261952593,1925.090583087942
1,28,3,14748.63711693883,13042.816579550556,1705.8205373882738
3,25,1,12401.94745336473,13492.039189621213,1090.0917362564833
11,20,19,17874.264443933964,16129.060211608117,1745.2042323258465
2,24,4,12689.45982079208,13563.329562275008,873.8697414829276
11,9,9,14951.522105395794,15058.990837383219,107.46873198742469
11,12,21,18369.23247307539,16521.32444791567,1847.9080251597188
4,21,7,12904.103271186352,14671.42418596726,1767.3209147809084
5,28,18,14534.689007639883,15897.935482096666,1363.2464744567824
2,23,3,13999.002000808716,13088.287982908168,910.7140179005473
4,28,3,12975.4225884974,13652.312529351479,676.8899408540783
11,2,13,14949.636010617018,16187.295497291556,1237.6594866745381
11,15,21,18562.221102952957,16515.49093301782,2046.7301699351374
8,22,3,12637.738418504596,13670.8248822096,1033.0864637050036
12,21,12,17210.40009278059,15220.238375875459,1990.1617169051315
9,1,16,17441.215606331825,18184.92296270058,743.7073563687554
2,15,18,18381.10433036089,17054.445250683762,1326.659079677127
9,14,2,13559.343014121056,14359.343191292137,800.0001771710813
9,25,2,11828.609294891356,12395.745745265378,567.1364503740224
10,1,12,15189.452613145111,16257.757552533341,1068.3049393882302
5,2,22,19085.75983852148,17240.057004766008,1845.702833755473
6,28,2,12850.57205453515,13741.760426948118,891.1883724129675
11,25,12,17876.99413448572,14912.373192908113,2964.6209415776084
9,5,21,17026.363338708878,17019.50062884599,6.862709862885822
2,8,15,18165.74257272482,16145.377422319627,2020.3651504051923
3,22,11,14481.258677989244,15491.666632467188,1010.4079544779433
2,24,3,15460.845616519451,13018.42365098941,2442.4219655300403
2,23,3,12687.01618179679,13172.32340753877,485.3072257419808
12,14,10,15555.88076093793,15232.20672249388,323.6740384440491
11,14,20,18152.012098014355,16126.159091623731,2025.8530063906237
6,26,8,13421.053798541428,14865.74010108461,1444.6863025431812
2,19,20,18558.686777055264,15991.350653077398,2567.336123977866
6,18,17,15971.028717696669,17443.14894854228,1472.1202308456104
3,11,21,17681.667878985405,16097.738099016555,1583.9297799688502
6,28,2,12214.906235203149,13615.778115690435,1400.871880487286
9,8,20,16714.309183120728,17007.188895102267,292.879711981539
11,27,20,17644.581653535366,15508.362950564764,2136.218702970602
2,22,3,12345.730838015676,13369.143725764714,1023.4128877490384
1,8,4,15896.043839365244,13385.128455705057,2510.915383660187
10,5,21,17378.778856277466,17518.137560371713,139.3587040942475
2,6,14,17908.664450466633,15976.833716946538,1931.8307335200952
6,25,1,12354.994192183016,13213.18201365618,858.1878214731641
11,2,14,15425.510559737682,16074.389925420639,648.8793656829566
11,14,21,17983.39301019907,16284.060025718209,1699.3329844808613
5,27,2,12896.509678900242,14010.472800255466,1113.9631213552238
1,19,3,15824.61461263895,13405.51055864106,2419.1040539978912
10,10,20,14837.44515478611,15344.117745481513,506.6725906954034
8,23,10,17594.627824306488,15003.450401403445,2591.1774229030434
3,21,5,13082.553305074573,13743.859162781626,661.3058577070533
2,18,20,18598.23202061653,16026.551782070632,2571.6802385458996
9,24,3,13705.76040005684,14228.79067014843,523.030270091589
11,7,20,18741.586706876755,15830.091227111407,2911.495479765348
5,19,16,13438.275332570076,14977.660961264064,1539.385628693988
9,27,4,16252.12409773469,13546.776034863424,2705.348062871266
6,13,13,13455.538082629442,14381.737671643292,926.1995890138496
11,25,20,18168.34512925148,15372.393553171396,2795.951576080084
4,12,4,14232.9335283041,13017.313289251853,1215.6202390522467
8,13,11,12864.931637614964,13795.50502825571,930.5733906407459
2,3,3,14450.73420867324,12485.807448594438,1964.9267600788025
10,23,3,13267.929272562264,14013.203867776521,745.2745952142577
2,6,11,16314.941019535065,15296.735043596524,1018.2059759385411
11,7,21,15024.615557521582,15927.116086967178,902.5005294455968
4,5,2,13821.999859422443,12655.79669326045,1166.203166161993
11,2,17,16647.681521445513,17753.295643968213,1105.6141225227002
11,17,20,18803.972603321075,16441.38075015135,2362.5918531697243
5,21,8,12577.035612508656,14828.959449777982,2251.9238372693253
1,24,4,14755.03811004758,13275.482856844475,1479.5552532031052
2,25,3,12627.164968714118,13233.968269793117,606.8033010789986
2,9,12,17990.512515604496,15571.006605783574,2419.505909820922
3,13,11,15140.7209109962,15448.739757305659,308.01884630945824
11,5,21,15109.806017190218,15947.127479704282,837.3214625140645
9,3,18,16216.391234487295,17527.725797774663,1311.334563287368
4,3,22,19099.998029112816,16862.02293212587,2237.9750969869456
4,26,1,11996.514176562428,13165.363835695165,1168.8496591327366
11,3,12,14725.352315187454,15775.534672956423,1050.1823577689684
3,19,15,17077.736967921257,16106.028228744122,971.7087391771347
10,21,7,12845.634743154047,14398.623483704121,1552.988740550074
7,17,5,13124.880118072031,13600.564279742357,475.6841616703259
12,19,15,17508.49247175455,15862.078685025037,1646.413786729514
9,3,18,17608.026930332184,18823.0428206009,1215.0158902687144
3,15,3,13599.078958719969,12733.402221865663,865.676736854306
10,3,16,16367.962469756603,17718.862108900124,1350.8996391435212
11,15,20,18620.029354274273,16238.054331252137,2381.975023022136
6,27,2,11937.044160500169,13202.489322080157,1265.445161579988
12,23,14,17947.17621743679,15905.076569529145,2042.0996479076457
9,2,16,17679.76414948702,18416.24982933249,736.4856798454712
2,15,19,18251.67533105612,17361.937536954287,889.7377941018349
9,23,5,14209.900533944368,15060.643334554643,850.7428006102746
8,28,3,12707.23951420188,13424.021133282435,716.7816190805552
2,11,2,14365.26405414939,12760.080562521765,1605.1834916276239
10,2,17,17960.141427338123,18690.459761894937,730.3183345568141
2,10,17,18627.385082900524,17061.069302064687,1566.3157808358374
9,14,4,14025.942110836506,14630.698218953596,604.7561081170898
8,26,3,12346.9021114856,13048.910831569598,702.0087200839971
2,8,2,14052.70956465602,12447.389467743444,1605.3200969125755
10,5,17,16873.062670588493,18202.242233018933,1329.1795624304395
2,14,17,18673.173017203808,16921.395079043625,1751.777938160183
6,25,13,14194.32907652855,15999.374504317302,1805.045427788753
5,29,5,15548.983945131302,13659.623343603715,1889.3606015275873
4,27,3,12627.709799528122,13312.105454120816,684.395654592694
1,12,2,14313.022222578526,12579.649279478283,1733.372943100243
9,3,17,17725.341287374496,18639.200732356527,913.8594449820303
10,11,22,19938.416576504707,17461.754469691725,2476.6621068129825
3,25,2,12382.633334293962,13574.366631292532,1191.733296998571
6,29,9,13402.908082172276,14639.57169908006,1236.6636169077829
10,27,21,15667.87640452385,15817.230539737026,149.35413521317605
7,28,5,12115.346554875374,13459.072223638237,1343.7256687628633
10,13,21,14375.746869683266,15943.5472563971,1567.800386713834
11,17,12,16180.393850445747,14453.687954126024,1726.7058963197233
9,20,19,13858.636194467545,15265.670738405384,1407.0345439378398
11,20,20,18750.631267488003,15807.1174763416,2943.5137911464026
8,20,14,16300.159843623638,17023.522909254112,723.363065630474
11,15,19,18771.377899944782,15548.190337129174,3223.1875628156085
5,24,2,11941.331652969122,13024.727668674097,1083.396015704975
11,25,11,17205.949581682682,14884.060048984544,2321.8895326981383
6,10,14,15879.5434833467,16718.545233021203,839.0017496745022
4,3,16,15752.746158361437,16102.187510753534,349.44135239209754
8,11,21,14798.212414860724,15405.33022254596,607.1178076852357
7,28,10,14449.45261567831,14958.446385963207,508.9937702848965
11,5,11,15783.862826168535,15580.327375983506,203.53545018502882
4,3,21,17555.947912335396,16115.382710777403,1440.5652015579926
8,28,1,12508.8210311234,13416.366547268899,907.5455161454993
12,24,14,17907.072404384613,15640.346305713287,2266.7260986713263
9,2,16,17464.673064291477,18506.400136727385,1041.7270724359078
2,16,19,17995.344428777695,17294.869958267926,700.4744705097692
9,27,4,13319.236874103546,14424.112213870487,1104.8753397669407
10,11,15,15238.420128405094,16124.305551590229,885.8854231851346
3,20,13,17346.701711416245,15479.189124193248,1867.5125872229964
4,28,3,12584.807807594538,13233.781098091717,648.9732904971788
6,15,13,14681.015349209309,16051.622169316628,1370.6068201073194
6,17,4,14217.149634033442,13072.064740062619,1145.084893970823
7,29,3,13860.265970647337,14401.111128795093,540.8451581477566
11,24,18,18596.01660770178,15798.713006381033,2797.3036013207457
4,26,4,12336.370903000236,13333.666261706061,997.2953587058255
1,11,3,15199.683621287346,12899.926962820808,2299.7566584665383
6,14,14,16211.042172908785,17155.034250926063,943.9920780172779
2,21,16,17211.48934429884,16325.610861107734,885.8784831911053
10,21,4,13053.468115955591,14188.52302248051,1135.054906524918
5,12,14,15381.611180871723,16638.360044954046,1256.748864082323
11,21,20,18739.08913844824,15683.613147993248,3055.47599045499
4,26,2,11887.927980452776,13097.945713797984,1210.0177333452084
1,9,4,15486.821558505297,13258.77084588084,2228.0507126244574
10,5,21,16992.71137237549,17238.74791828984,246.03654591435043
3,11,13,15604.329897463322,15720.529152275934,116.19925481261271
10,23,4,12432.306238338351,13527.188273385393,1094.8820350470414
7,28,3,12993.014246582983,13548.51456462821,555.5003180452277
1,9,2,14520.86789867282,12382.763299385388,2138.1045992874315
10,4,16,16500.16955256462,17976.980642834893,1476.811090270272
10,9,22,19418.9272646904,17141.3916866645,2277.535578025898
5,27,2,12164.773393064736,13415.193935652991,1250.4205425882556
3,14,4,15701.49269130826,13735.033406613424,1966.4592846948362
6,15,14,16675.358598709106,17171.38295750527,496.02435879616314
4,28,3,12574.124653443694,13146.411635257138,572.2869818134441
2,9,2,13172.269941091536,13073.680530447258,98.58941064427745
7,27,2,12784.530849814417,13315.661112212025,531.130262397608
6,17,3,15359.47345611453,13333.483827733038,2025.9896283814924
9,4,17,16930.08187073469,18082.20715012619,1152.1252793914973
4,20,20,18181.458798885345,17137.946924358555,1043.51187452679
7,30,4,14029.719631820915,14778.890479517537,749.1708476966214
3,15,4,13919.740497916937,13340.992957418675,578.7475404982615
5,29,3,12984.234821930528,13529.445890438532,545.2110685080042
2,7,20,18110.996200859547,15730.399419455318,2380.5967814042288
10,2,15,16258.863021284342,17022.398946500172,763.5359252158305
2,9,15,17907.034674286842,16240.998401209086,1666.036273077756
9,15,5,14092.888837903738,14680.353602163172,587.4647642594337
8,27,4,12688.430240243672,13364.686846303837,676.2566060601657
2,7,3,14633.554167091846,12620.52724284842,2013.026924243426
6,5,15,15473.46346345544,16957.649527914054,1484.186064458614
11,16,15,16101.800006240606,15765.698254045668,336.10175219493794
8,9,21,16304.054655998943,15690.358195064573,613.6964609343704
8,21,7,13434.74141678214,14312.4004829925,877.659066210359
12,22,15,17460.193025290966,15803.87249827618,1656.3205270147864
9,2,16,17571.627228617668,18227.613645681675,655.9864170640067
2,16,18,18277.724682688713,16966.088407030144,1311.6362756585695
3,26,9,13980.936255842447,15704.301264578198,1723.365008735751
11,28,19,18805.097124278545,15665.312350829367,3139.784773449179
4,27,3,12790.956039398909,12975.560768857453,184.60472945854417
7,25,4,12810.475828513505,13261.206468919747,450.73064040624195
10,5,17,15434.257790774109,17407.50129320715,1973.2435024330425
11,18,20,18727.499436676502,16136.83963471258,2590.6598019639223
7,26,3,12287.942271962762,13472.022358282406,1184.0800863196437
10,3,17,15039.8638484478,16711.14749272998,1671.283644282179
11,18,21,18336.80099338293,16404.77453132958,1932.026462053349
5,19,10,12804.908998653293,14998.596121136387,2193.687122483094
1,22,5,14900.861657053232,13360.989578813349,1539.8720782398832
2,24,3,12549.008506566286,13193.363420908898,644.3549143426117
5,24,4,15996.890239059923,13925.06866715664,2071.8215719032833
10,3,16,17327.514316260815,18022.875997525945,695.3616812651308
11,15,21,18944.93881034851,16587.553788973135,2357.385021375376
5,27,2,12094.171972885728,13424.886146956982,1330.714174071254
2,9,3,15352.932205468416,13482.916409194611,1870.0157962738049
10,3,17,18055.57888942957,18303.277324088693,247.69843465912345
2,12,17,18514.491709053516,17040.32812487815,1474.1635841753669
9,24,5,13764.470482736826,14698.76753062814,934.2970478913139
9,13,20,16378.01590037346,16803.806053890345,425.79015351688395
8,22,19,17640.445286512375,15217.715345977247,2422.7299405351278
2,24,3,12013.781232774258,13128.087061229513,1114.3058284552553
1,12,4,15525.13237169385,13112.609996879813,2412.522374814036
10,4,15,17043.10155838728,17866.217166824255,823.1156084369759
2,11,17,18628.50058144331,16925.4463190019,1703.0542624414084
7,11,7,15245.058985173702,13658.780058674722,1586.2789264989806
9,23,3,12091.133469685912,12774.658318115567,683.5248484296553
3,3,4,14858.548582732676,12820.91099305222,2037.6375896804548
5,9,13,15092.853720217943,16249.474202976033,1156.6204827580896
7,22,16,17154.14697766304,15832.938736123335,1321.2082415397053
11,1,18,14744.868618369102,16127.98351742035,1383.1148990512484
9,2,17,16341.599794268608,17482.217848619086,1140.618054350478
2,17,15,18621.522153794765,16383.066924252573,2238.4552295421927
10,18,6,13820.360240608454,14666.775580694977,846.4153400865234
9,9,7,12621.701896622775,13219.150614294473,597.4487176716975
12,8,15,16886.04182422161,15685.915901171615,1200.1259230499963
5,12,9,15220.953143686056,14804.085117096158,416.86802658989836
8,20,14,15317.59919923544,16234.927447385217,917.3282481497772
7,8,20,15046.428475350142,15336.727506264886,290.29903091474443
7,23,3,12722.311457931995,13608.139452785274,885.8279948532781
2,8,2,14509.431167840958,12822.74473426956,1686.686433571398
10,2,17,17899.01456785202,18399.862504592907,500.84793674088723
9,7,22,19587.108355283737,17398.63058620283,2188.477769080906
3,25,2,12266.987713858483,13469.124188345995,1202.1364744875118
11,2,13,14675.100336164236,15951.050326755018,1275.9499905907815
3,18,15,17106.47828000784,16100.656752797675,1005.8215272101643
9,20,5,13228.06537371874,14327.366147710562,1099.3007739918212
8,28,4,13312.37758333981,13656.356539535553,343.9789561957423
1,10,4,15017.309452176094,12958.588525868763,2058.720926307331
10,3,17,17569.19855862856,18618.7514667816,1049.5529081530403
3,20,17,18079.148717463017,15778.289929453127,2300.8587880098894
2,23,2,12909.349395215511,13727.18471295123,817.8353177357185
11,3,9,14458.269975483418,15334.202418808152,875.9324433247348
11,15,20,18148.298144042492,16134.172234439733,2014.1259096027588
4,15,8,12611.894531860948,14750.474591594835,2138.5800597338875
2,18,8,16059.942973971369,13941.261610829955,2118.6813631414134
3,28,3,12549.44711895287,13202.556578264754,653.1094593118833
2,15,4,15546.497039556503,13364.471612593261,2182.0254269632424
6,10,14,15573.277616888285,16750.86707137946,1177.5894544911753
4,18,14,17427.714793086052,15687.310573416451,1740.404219669601
7,29,2,13538.537735968828,14373.165194522076,834.6274585532483
2,5,19,18575.774410247803,15872.743268998596,2703.0311412492065
10,14,19,14467.302642911673,15462.212823532773,994.9101806211002
2,9,21,17843.622683227062,15864.652822694328,1978.969860532734
8,9,18,14067.625256568192,15124.076645976365,1056.4513894081738
5,27,10,16820.642851382494,15282.223700570486,1538.4191508120075
9,24,2,12881.223862931132,14005.58378863478,1124.3599257036476
8,24,4,13599.852425724268,13708.980696776882,109.12827105261385
1,10,2,14221.442252874374,12502.920290240283,1718.5219626340913
10,4,16,17251.890076816082,18550.952587231815,1299.0625104157334
11,13,22,19381.53263670206,17173.722517343107,2207.8101193589537
5,23,13,13092.910011857748,15451.429750247013,2358.5197383892646
2,22,21,18071.58957439661,15988.919095030522,2082.6704793660883
11,9,14,16946.86602270603,14712.62269737205,2234.2433253339823
6,28,1,12680.62011000514,13691.86374975404,1011.2436397489
2,8,12,16119.127143532038,15634.597092072097,484.5300514599403
8,27,4,12353.285879984498,13570.037627971418,1216.7517479869202
7,24,6,14050.246855556965,14296.648132863626,246.40127730666063
2,7,4,15030.805754214523,12691.679482146104,2339.126272068419
8,25,3,13779.075721561909,14358.117705745315,579.0419841834064
11,4,14,14495.172061651943,15854.46315113165,1359.291089479706
3,2,21,17176.38476920128,16024.413319072455,1151.9714501288236
6,23,9,15674.113353729248,15129.959162391891,544.1541913373567
6,26,7,16742.42138683796,14100.7719950871,2641.6493917508596
7,18,20,13880.01808694005,15530.171838388509,1650.153751448459
2,12,21,17969.769164025784,15924.926392273035,2044.8427717527484
1,14,5,14394.600845605137,14301.453485596467,93.14736000867015
10,2,8,14049.974542677402,15216.96539368567,1166.9908510082678
10,12,21,18316.62031239271,16526.11152710441,1790.5087852883007
7,25,2,12581.287835538387,13621.20823884402,1039.9204033056321
10,2,15,14869.296329170464,16301.13573968593,1431.8394105154657
6,21,17,17613.03355026245,16345.984956802693,1267.0485934597582
5,25,8,13575.430389612911,15370.964336453037,1795.5339468401253
3,28,6,15522.396529495716,13526.408505608235,1995.9880238874812
3,24,19,14547.826053529978,15788.171053749767,1240.3450002197897
12,25,18,18059.839929819107,15412.015236696874,2647.824693122233
2,22,5,12868.190984919667,13694.847073927376,826.6560890077089
12,10,18,18287.00956761837,16073.166935234874,2213.8426323834956
7,25,3,12232.798093631864,12840.410095789297,607.6120021574334
8,1,13,14550.886702656746,16568.2799751423,2017.393272485555
3,24,14,18240.35384106636,16370.34187661475,1870.0119644516108
9,7,5,13363.562151953578,14309.732895532698,946.1707435791195
8,26,3,12292.01384164393,12940.261895904963,648.2480542610338
11,20,21,18339.12877637148,15809.147356483707,2529.981419887772
5,22,11,15358.663489341736,15305.480009970015,53.18347937172075
10,21,6,12938.270335376264,13921.249996466955,982.9796610906906
10,2,18,15418.02646675706,17420.50370360475,2002.4772368476915
3,13,15,18300.05187815428,16439.24936295763,1860.8025151966503
9,11,3,14028.48848232627,14384.302955344392,355.81447301812295
7,13,14,15240.78154039383,16606.917264494594,1366.1357241007645
11,27,20,17996.9405759573,15506.24091974974,2490.6996562075583
3,27,3,12239.955944299698,13466.347553361971,1226.3916090622733
12,18,9,15736.956932663918,15068.427493422156,668.5294392417618
11,16,21,18024.720590770245,16236.818231808482,1787.9023589617627
7,24,2,12366.899063304068,13529.020712444077,1162.1216491400082
10,2,14,14759.719512939451,16164.210227964819,1404.4907150253675
11,16,21,18181.72783088684,16372.576987573557,1809.150843313284
7,26,2,12027.476232990624,13345.588679789724,1318.1124467990994
11,23,7,16393.92323768139,13942.716224677675,2451.2070130037137
10,2,17,17641.896254837513,18620.270624448392,978.3743696108795
8,7,22,19179.638063311577,17699.05615272203,1480.5819105895462
11,9,16,17569.03697538376,15260.864964457696,2308.1720109260623
9,25,4,12144.030041486025,12852.006650344023,707.9766088579981
11,7,15,15686.740633189678,16169.330466235513,482.5898330458349
8,26,17,17362.57706016302,16041.143556151826,1321.4335040111946
9,23,1,13340.450826629996,14008.246512147041,667.7956855170451
12,10,9,15887.38478192687,14178.111181664059,1709.2736002628117
9,2,17,17336.48341667652,17714.050090025474,377.56667334895246
4,3,22,19153.659250557423,17091.474603006518,2062.1846475509046
2,16,7,12764.660416856408,14558.994214614373,1794.333797757965
1,26,4,14874.746687859297,13300.216061763218,1574.5306260960788
2,26,3,12541.942930594088,13209.542815608442,667.5998850143533
2,10,4,15297.141694158316,12830.982190749251,2466.159503409064
9,5,16,16751.55330082774,17843.533932465205,1091.9806316374634
10,10,21,19638.356490910053,16990.39848124245,2647.9580096676036
6,19,14,13248.582754820583,15585.220324518352,2336.6375696977684
4,29,12,17467.82844877243,15029.506426191127,2438.322022581304
6,29,3,15258.348181784151,14704.36507719931,553.9831045848405
10,27,17,15676.457130998371,15308.302549922913,368.1545810754578
3,21,5,13826.390904605389,13655.736322746374,170.6545818590148
6,24,15,13616.230158925056,15004.530574719896,1388.3004157948399
4,16,12,16727.808355927467,15391.740488247984,1336.0678676794832
5,12,20,13964.080334663391,15258.39677108108,1294.3164364176882
8,14,6,13523.786498069763,14080.405799165977,556.6193010962143
4,2,21,16916.948515832424,15850.986431728657,1065.9620841037668
10,3,17,17449.173376083374,18547.82026437509,1098.6468882917143
2,15,20,18716.35101300478,16322.667520870187,2393.6834921345926
6,22,14,13219.922644466162,15253.290602336785,2033.3679578706233
11,28,20,18227.67078667879,15920.736438380729,2306.934348298062
9,3,19,15624.301832586529,16221.732549747268,597.4307171607397
11,20,6,13709.047429770231,13084.57129140098,624.4761383692512
12,5,20,17783.045370817184,15802.119966798316,1980.925404018868
10,2,17,18086.07137018442,19151.769989439752,1065.6986192553304
3,19,12,17653.46052980423,15508.833211158706,2144.6273186455237
9,19,5,14110.029785364866,14686.15967852084,576.1298931559741
8,17,20,16413.99441936612,17023.72265831389,609.7282389477696
11,28,20,18293.79442346096,15627.523799083727,2666.2706243772336
3,24,4,12327.828111678362,13370.574359612378,1042.7462479340156
2,8,6,15840.738487899303,13124.972249881543,2715.7662380177608
9,7,16,16396.408912926912,17501.86060924089,1105.4516963139795
4,27,15,17127.905694663525,15954.374471237728,1173.5312234257963
9,22,4,13510.806524217129,14384.823061238292,874.0165370211635
5,20,12,15462.948659360409,16386.935925565176,923.9872662047674
11,22,21,18621.618119478226,15774.431700849009,2847.186418629217
3,19,15,13169.073955744503,14946.552489781665,1777.4785340371618
2,15,9,15904.240292996168,14008.22719558562,1896.0130974105487
2,25,3,12530.25500753522,13232.425701156722,702.1706936215032
11,2,10,14672.906659066675,15602.604928883873,929.6982698171978
10,15,21,18368.2441085577,16480.159967019732,1888.0841415379691
5,21,13,16032.659191966057,17412.05486985855,1379.3956778924949
2,24,2,14470.475252002478,12724.396347465577,1746.0789045369002
2,26,2,12367.11314059794,13237.097205374765,869.9840647768251
11,3,10,14199.492768496277,15592.911022772783,1393.4182542765066
4,25,12,17051.138069212437,15593.311060797361,1457.8270084150754
9,8,6,13543.839224815369,14528.604695134021,984.7654703186527
8,23,4,12198.764725223184,12908.2682987894,709.5035735662168
10,2,15,15666.950376689434,16703.830034344366,1036.879657654932
5,3,22,19308.66843593121,17359.539378335827,1949.1290575953826
7,28,1,12046.612364426255,13209.443853753646,1162.831489327391
10,2,15,14856.130165487528,16383.461085172596,1527.3309196850678
3,19,14,17563.165023863316,16058.915099463018,1504.2499244002975
10,8,4,13519.72354069352,14286.084850542253,766.3613098487331
9,29,9,13236.612676247954,13862.288407167136,625.6757309191817
1,16,3,14863.326771527529,13051.853212138087,1811.473559389442
6,12,15,15997.120310634376,17288.26639618824,1291.1460855538626
2,13,15,17771.75586938858,16071.903603327819,1699.8522660607614
11,2,17,14399.665701121092,15638.742582325533,1239.0768812044407
11,19,5,13334.931364446878,12757.525675398094,577.4056890487846
11,4,14,15739.094834834335,16224.186955769082,485.0921209347471
4,24,14,17703.480796813965,15774.719035786888,1928.7617610270772
7,22,3,13652.265273064377,14168.229353472172,515.9640804077953
2,13,2,14795.084097623823,12992.274243995758,1802.809853628065
10,3,16,16693.25332790613,17843.372183324733,1150.118855418601
4,14,3,13739.56615754962,12782.821086018264,956.7450715313553
9,13,7,12616.06124700606,13336.036422559784,719.9751755537236
9,1,15,15953.89474210143,17248.497692037698,1294.6029499362667
5,4,22,19638.849442839622,17319.709199478893,2319.140243360729
4,26,2,12773.452554911377,13741.233782354533,967.7812274431562
11,3,10,15104.516831636429,15397.072953681985,292.55612204555655
11,21,21,18023.00387132168,16167.74220559669,1855.261665724991
8,24,2,12359.698151111605,13524.838554604195,1165.1404034925908
10,3,16,14841.047969013453,16484.067265253056,1643.0192962396031
11,17,21,18491.651056170464,16500.05908529379,1991.5919708766742
6,20,11,12931.949108615518,15284.021413865115,2352.072305249598
2,22,5,15000.85707899928,13358.20465423862,1642.6524247606594
2,25,3,12531.11131671071,13180.01587527928,648.904558568569
5,25,5,16336.70185342431,14076.733380933034,2259.9684724912768
9,3,16,17235.53079855442,17893.353043843366,657.8222452889459
11,14,21,19001.93012303114,16587.16568086462,2414.764442166521
4,28,3,12633.753792092204,14072.719629786143,1438.9658376939387
1,15,3,15835.085534989834,13405.069012741907,2430.0165222479263
6,28,4,13800.366569668056,14297.307916220536,496.94134655247944
11,15,18,18951.247118651867,15911.523725831363,3039.723392820504
2,23,5,12783.2658662647,13719.560141958988,936.2942756942866
2,8,20,18841.31473726034,15948.440138609096,2892.874598651246
10,8,21,16773.542975962162,16924.57621265364,151.0332366914772
12,10,20,17936.819305598736,15542.622670478348,2394.1966351203882
3,17,2,13354.2627081275,12606.62025930854,747.6424488189605
11,7,8,13495.931023061275,13723.676159896107,227.745136834832
10,5,16,15895.875284254553,17140.419214731817,1244.5439304772644
4,3,22,19386.33666241169,16811.784809307486,2574.5518531042035
5,18,14,13253.030805259945,14897.704959316092,1644.674154056147
2,14,21,18625.116355717186,16043.460171732733,2581.6561839844526
4,27,1,12941.430846229194,14120.992158632474,1179.5613124032807
11,23,19,18044.033479511734,15810.562836830011,2233.470642681723
3,10,18,13250.98435756564,14959.829587832626,1708.8452302669866
4,28,11,17247.625755548477,15284.217325717798,1963.4084298306789
9,24,3,14391.56193229556,14753.789937750389,362.22800545482824
7,19,20,16368.249956697226,16811.000436673774,442.7504799765484
2,4,22,18412.82796061039,15832.921941154316,2579.9060194560734
10,23,20,14094.191756606102,15691.55083315591,1597.3590765498084
2,8,21,18354.079737722874,15993.306400282701,2360.7733374401723
3,16,17,14173.151828825474,15439.828995018937,1266.6771661934636
6,27,6,16152.0679795444,14002.731403954913,2149.3365755894865
5,27,3,13066.006811708212,13975.608040209234,909.601228501022
11,22,19,18317.571767032143,15845.3890758896,2472.1826911425433
2,21,4,12540.101947888732,13385.27822051976,845.176272631028
11,2,10,14196.35542884469,15480.644306682192,1284.2888778375018
3,21,14,17168.522144913673,15985.975073288051,1182.5470716256223
9,8,6,13150.074390858412,14405.893595353566,1255.8192044951538
9,7,20,16738.0442853868,16861.93890878045,123.89462339364763
3,18,3,13329.737734466791,12728.581697454094,601.1560370126972
10,6,20,15024.301003336906,15368.26208894972,343.9610856128129
10,23,2,14601.541819572449,13111.474808068802,1490.0670115036464
10,4,19,14629.186908274887,15292.57466156019,663.3877532853021
11,6,16,15389.251115560532,16355.458203709857,966.2070881493255
4,2,21,18548.47340363264,16363.410207634211,2185.0631959984294
7,28,2,13084.07522238791,13785.531510073113,701.4562876852033
2,21,3,15582.68430441618,13538.815032594062,2043.8692718221173
9,26,6,13929.288673311472,14514.938482263808,585.6498089523357
2,7,11,17729.137263298035,15383.717465234138,2345.4197980638965
2,18,6,13864.349433511496,14323.858479622251,459.50904611075566
4,24,5,17055.705051481724,13975.597799569006,3080.1072519127174
8,11,14,16781.856310874224,17327.7993319782,545.9430211039762
11,21,20,18260.46644383669,15817.948083595098,2442.518360241591
3,26,2,12168.624528750775,13394.018438025349,1225.3939092745732
1,7,2,14835.079231590033,12636.160921959725,2198.9183096303077
10,3,16,17406.83774572611,18098.593100428167,691.755354702058
11,11,22,19555.415073156357,17127.990065183065,2427.425007973292
4,26,2,12210.418199062347,13459.971192145209,1249.5529930828616
2,13,4,15727.86192855239,13728.387923047037,1999.4740055053517
10,3,17,17930.574974417686,18169.882422416013,239.3074479983261
2,13,16,18226.161582767963,16649.051662598937,1577.1099201690267
9,26,3,12903.55782520771,13824.76985616509,921.2120309573802
12,16,15,17994.009931623936,15739.869607415996,2254.1403242079396
6,26,20,15355.89278781414,16567.937191177058,1212.0444033629174
2,22,8,14763.26327136159,13661.17291817908,1102.0903531825097
6,26,16,13253.417743816972,15219.186111753608,1965.7683679366364
5,26,5,15779.355719923971,13641.951891086837,2137.403828837134
9,16,21,16354.140130460262,16840.139002687098,485.9988722268354
11,21,20,18073.65652757883,15688.981618726557,2384.674908852274
3,19,12,13433.820720374584,14840.559872104364,1406.7391517297801
2,19,7,15742.711592793465,13833.247888617947,1909.4637041755177
5,28,3,13080.895026266577,13980.233557486179,899.3385312196024
11,20,19,18433.012742698193,16035.398947699345,2397.613794998848
2,23,4,12551.509560927749,13436.625023300678,885.115462372929
2,7,5,15857.625987529756,13255.111152195008,2602.5148353347486
9,7,16,17081.825762212276,17840.019250158115,758.1934879458386
3,18,15,18159.24561393261,16141.102014766917,2018.1435991656926
7,25,13,14266.375108331442,15971.699113900995,1705.3240055695533
2,22,5,15547.474331110716,13286.074204057131,2261.4001270535846
4,27,2,12590.5130494982,13700.228675071061,1109.7156255728605
11,17,18,18353.536752402782,16131.093217712481,2222.443534690301
4,11,17,13423.693264946342,15072.992640512643,1649.299375566301
5,30,10,17311.400283634663,14971.310671598918,2340.0896120357447
8,26,3,13676.61430963874,14518.225466865608,841.6111572268674
11,13,20,17433.578542411327,17354.16852669875,79.41001571257584
3,6,21,17194.640394985676,15343.299841476808,1851.3405535088677
1,16,5,13854.987447947264,14282.161904915532,427.1744569682687
5,12,4,14305.643527805803,13042.327702796714,1263.3158250090892
6,19,11,16962.269745230675,16899.014438250815,63.2553069798596
11,26,20,18429.9533239007,15775.440602108203,2654.5127217924964
5,26,2,12055.99383020401,13262.979003995377,1206.9851737913668
6,5,14,16210.080875635147,15460.593492364327,749.4873832708199
2,8,13,16621.1515211761,15676.332906939862,944.8186142362374
9,23,1,12463.973068386316,13233.34170604529,769.368637658974
11,28,3,15315.328831613064,13074.856191820763,2240.4726397923005
10,8,20,16452.961408168077,16182.962734021741,269.99867414633627
10,2,16,17325.3399143219,17740.608865421178,415.26895109927864
10,10,21,19036.804216444492,16514.165083210788,2522.6391332337043
4,17,11,13382.497329607606,15106.606949969602,1724.1096203619963
2,23,5,15287.529951751232,13375.665363851644,1911.8645878995885
1,24,5,12836.04699216783,13496.60516228633,660.5581701185001
2,11,6,15857.669049054384,13721.0228616272,2136.6461874271845
10,27,3,14062.373391002417,14505.24747900766,442.8740880052428
2,5,12,16839.948358148336,15745.57667979505,1094.3716783532873
6,29,5,14271.86442744732,14768.871731079706,497.0073036323847
5,22,5,15237.733604669573,13368.718418728606,1869.015185940967
4,28,4,12646.023045733573,13650.330465611956,1004.3074198783834
2,15,4,15501.473139733076,13236.111408301678,2265.361731431398
10,2,16,17173.518101990223,18086.712224350693,913.1941223604699
2,9,17,18543.578333556652,16948.14859970392,1595.4297338527322
10,26,5,13839.214216530325,14724.26824626783,885.0540297375046
3,15,3,13541.925242573025,12740.980360730988,800.9448818420369
10,3,16,16426.635232448578,17764.30427291345,1337.6690404648725
3,12,13,17785.235356926918,16031.32516411147,1753.9101928154487
9,9,4,14099.7922154665,14538.043349928941,438.25113446244177
9,25,4,12214.17275390029,12924.933182542694,710.7604286424048
2,7,2,13994.768847882748,12656.33626873008,1338.432579152668
10,2,17,18141.6650288105,18702.20467623022,560.5396474197187
9,7,22,19958.256866395473,17583.66889147306,2374.587974922415
3,24,2,13001.398120373487,14132.308549734367,1130.9104293608798
11,10,7,15416.533667236568,14719.014528056869,697.5191391796998
11,23,21,17372.512379169464,15886.612486525368,1485.8998926440963
8,25,2,12410.029076263309,13538.646050677933,1128.6169744146246
11,6,15,15255.89490520954,16165.647772995719,909.7528677861792
11,15,21,18390.20630633831,16335.969926856462,2054.2363794818484
6,12,16,13192.875905901194,15423.49769400167,2230.621788100476
3,28,13,18011.046711206436,15404.828461745481,2606.218249460955
8,24,1,13130.158230662346,14020.69742295796,890.5391922956132
8,18,13,16048.85647687316,16772.789663076044,723.9331862028848
11,24,19,17861.99149930477,15406.214211831975,2455.777287472796
3,16,12,12978.712078869345,14467.632182177096,1488.9201033077516
8,22,21,18944.226859807968,16563.406891060233,2380.8199687477354
10,9,17,15135.241434514524,15946.923596951696,811.6821624371714
9,26,9,13202.646770894526,13892.469864586223,689.8230936916971
10,1,12,14596.843192070724,16101.067390518503,1504.2241984477787
3,22,3,13139.78719767928,12794.43197701743,345.35522066184967
10,18,14,14554.93612641096,14759.5064915594,204.57036514844003
2,4,1,13367.735633909702,13042.143276308456,325.5923576012465
9,26,3,13162.14597159624,13917.451146627049,755.3051750308096
12,11,20,18559.408570230007,15785.230961520281,2774.177608709726
5,29,18,15713.72052386403,16268.188328221222,554.4678043571912
11,26,19,18807.960510611538,15638.918715644315,3169.041794967223
2,27,11,12975.395726308228,14494.921584492902,1519.5258581846738
11,8,9,15171.295823812485,15258.441965239042,87.14614142655773
11,21,21,17957.356782078743,16205.710970353479,1751.6458117252641
6,15,19,13196.052616089582,16040.482036652142,2844.4294205625592
2,18,5,14922.685647845268,13279.1548741854,1643.530773659868
1,22,3,12658.470081955194,13178.178100896932,519.7080189417375
11,6,10,15126.16488534212,15402.008821077881,275.843935735762
5,26,13,17064.245177090168,15694.000163811592,1370.2450132785762
11,1,18,14817.37069222331,16295.507531861398,1478.1368396380876
9,3,16,15493.468207359314,17015.445497537243,1521.9772901779288
4,3,22,19004.86158758402,16880.88923338073,2123.972354203288
3,17,10,13032.565846845508,14746.251123502994,1713.6852766574866
1,23,5,15007.7608666718,13409.916568510886,1597.844298160915
2,24,3,12394.96800044179,13170.157261352722,775.1892609109327
1,10,4,15260.949918091295,12802.926036877383,2458.0238812139123
10,3,15,17433.867259681225,18016.581883619743,582.7146239385183
11,13,21,19359.85095399618,16793.258902172183,2566.592051823998
3,18,3,13334.513052493334,12729.18709379629,605.3259586970435
5,28,1,12907.866848438978,13613.292108096231,705.4252596572533
11,20,17,18257.138813257217,15544.427587180744,2712.7112260764734
7,27,12,16605.701046139002,16385.900582264956,219.80046387404582
3,12,12,18195.69452881813,15688.596468769752,2507.098060048378
10,12,5,13874.665744483473,14549.329415108803,674.6636706253303
9,7,20,16871.35538366437,16921.765863767458,50.41048010308805
11,28,20,17851.624744832516,15497.227510232464,2354.397234600052
2,23,3,12115.920503482224,13264.61346964817,1148.692966165945
1,10,4,15538.183704644442,12867.666831363771,2670.5168732806706
9,6,16,17432.769805967808,18181.068752190262,748.2989462224541
11,18,21,19019.531213641167,16427.941367471525,2591.5898461696415
3,25,2,12194.99294577539,13433.142212055498,1238.1492662801083
1,7,2,14953.616946041584,12696.903989847167,2256.7129561944166
10,2,16,17419.39120543003,18067.086651959722,647.6954465296913
2,9,17,18716.49701207876,16994.14261440476,1722.3543976740002
6,30,1,13627.098067522047,14393.055155350714,765.9570878286668
4,12,1,13528.10331338644,12799.57851614325,728.5247972431898
8,25,14,17133.644770622253,17219.700136090323,86.0553654680698
11,19,20,18194.948129057884,15656.957441846702,2537.9906872111824
3,24,3,12210.251694500445,13454.929536709617,1244.677842209172
1,11,4,15866.0143725276,13513.322675293417,2352.6916972341824
6,16,14,15956.493197530508,16902.787218748304,946.2940212177964
11,11,21,18621.47047996521,16265.776443306651,2355.6940366585586
9,6,16,17669.7615724802,18602.898810407387,933.1372379271852
2,15,21,18564.64403140545,16321.819302691249,2242.8247287142003
5,20,14,13550.412874132397,15510.159263121051,1959.7463889886549
10,29,18,18100.90011882782,15618.796812992847,2482.103305834973
7,26,2,13140.014193430545,14270.776797814884,1130.7626043843393
9,26,5,13792.398137062788,13978.875971819522,186.4778347567335
10,2,14,14626.766850590706,16296.975936288218,1670.209085697512
3,20,14,17437.51477587223,16022.873493833844,1414.6412820383866
10,14,6,13488.564631581306,14495.791321654091,1007.2266900727845
8,26,4,12875.734953925012,13369.901900307892,494.16694638288027
2,10,2,14197.142839580774,12815.697941963013,1381.444897617761
10,2,17,17735.94098418951,18567.51195076446,831.5709665749491
10,9,22,19579.825626194477,17338.29979703603,2241.525829158447
5,23,11,12926.855955526233,15303.366839512884,2376.5108839866516
1,25,4,14782.166460454464,13230.156808685791,1552.0096517686725
2,24,3,12728.89556504786,13226.397323362628,497.50175831476736
2,10,20,18429.170834481716,15933.76083932777,2495.4099951539465
8,13,13,15290.125126302242,16485.186323551297,1195.061197249055
11,15,20,17734.97804647684,15639.045193207134,2095.9328532697073
8,18,3,12424.308072775602,13594.685397185342,1170.3773244097392
9,1,14,14381.766050606966,16343.756398486845,1961.9903478798788
3,17,14,17919.63980782032,16261.928053559832,1657.7117542604883
9,8,5,13291.723020523788,14283.27587503111,991.5528545073212
9,8,20,16806.784832537174,16874.160614555127,67.37578201795259
8,10,7,15423.219686627388,13696.544538258098,1726.6751483692897
9,25,2,11970.856889858842,12670.670830010808,699.8139401519657
11,20,3,14634.595435768366,13162.623028289438,1471.9724074789283
10,1,16,18155.88271391392,18007.059149770026,148.82356414389506
11,11,22,19289.677893459797,16962.1630066028,2327.514886856996
7,27,2,12354.767196431756,13625.066157825595,1270.298961393839
12,21,13,17634.542166650295,15573.390989993693,2061.151176656602
11,5,21,16452.373310774565,16416.03877919177,36.334531582793716
2,7,14,16113.819503039122,15949.217218955682,164.60228408343937
10,22,6,12332.649361997845,13819.171881790066,1486.522519792221
7,11,5,12748.0503564775,13375.922102510833,627.8717460333319
2,3,2,13682.24675706029,12211.019409630288,1471.2273474300018
10,2,16,17400.943648278713,17913.07764079141,512.1339925126958
10,10,21,19419.64003545046,16935.785882048676,2483.8541534017822
6,27,2,12345.530704453588,13548.376618617494,1202.8459141639069
12,23,13,17715.17138558626,15610.642880502453,2104.5285050838083
6,16,13,15408.965501755476,16288.315525976208,879.3500242207319
6,3,15,15851.15035444498,15977.325724386645,126.17536994166403
5,7,21,15271.178875684738,15510.538826241576,239.35995055683816
8,23,7,15603.07209083438,15054.881006416987,548.1910844173926
6,26,4,16408.415696322918,13756.064452313552,2652.3512440093655
2,23,6,12729.180386275051,13717.898777399128,988.7183911240772
1,13,4,15108.36530160904,13215.515679362412,1892.8496222466274
5,13,13,16192.21936532855,16926.94522161316,734.7258562846109
10,3,17,17398.203294873238,18518.34194006695,1120.1386451937142
3,29,14,17394.50574529171,15774.570505587737,1619.935239703973
9,16,6,13566.282071232796,14493.302619898732,927.0205486659361
9,16,20,16380.03979203105,16893.84722178941,513.8074297583589
2,18,12,18052.105259776115,15691.851781276333,2360.2534784997824
11,7,8,14820.525666594503,14887.926353494659,67.40068690015505
11,17,5,13071.272415950894,12827.25015884896,244.02225710193488
12,9,21,17650.656199276447,15912.89539805077,1737.760801225677
10,2,16,17816.707179784775,18626.36983526269,809.6626554779141
10,6,21,18721.828438937664,16200.091943662712,2521.736495274952
6,27,3,12491.537365466356,13592.07217166318,1100.5348061968234
11,18,20,18247.835063278675,15583.217412146247,2664.6176511324284
3,10,10,15647.927025437357,15241.15731629926,406.769709138096
10,10,12,13050.075277924538,14257.40094678935,1207.3256688648125
9,1,15,15344.272327810526,16859.97310658246,1515.700778771934
3,22,15,18139.541480481625,16311.24909792919,1828.292382552434
10,11,5,13774.854871928692,14427.060072482189,652.205200553497
8,26,4,12794.724537968636,13276.377495026863,481.6529570582279
11,25,10,16690.65323203802,14444.3258228988,2246.3274091392213
6,14,14,15811.822058945894,16788.80089083706,976.9788318911669
11,8,14,16436.04520085454,15956.634379390607,479.41082146393273
11,28,21,16397.391125798225,15723.05497845509,674.336147343136
10,13,7,13227.505573898554,14224.84850782818,997.3429339296254
7,27,20,16680.223730772734,16809.019230742462,128.79549996972855
10,3,17,17445.716971039772,18545.974222826462,1100.2572517866902
2,8,22,18909.610315322876,16728.77870334647,2180.831611976406
6,20,13,13549.215353637934,15318.582458240533,1769.3671046025993
6,28,6,16131.143359452486,14023.434666534724,2107.708692917762
2,26,3,12679.467291474342,13344.388201501735,664.9209100273929
1,12,5,15473.287526369097,13149.426269514535,2323.8612568545614
10,2,16,17845.875826239586,18362.069324772245,516.1934985326589
2,12,17,18648.63533014059,16962.801277208535,1685.8340529320558
9,17,4,14113.711340665815,14672.89630449692,559.184963831105
8,27,3,12521.680022597311,13197.419423871039,675.7394012737277
1,8,2,14022.475863158705,12363.44680031573,1659.0290628429739
6,15,13,15574.768775969744,16574.903272176147,1000.1344962064031
3,9,14,17716.71585893631,15884.580212400702,1832.1356465356075
3,23,3,13675.887185037136,14223.629110590951,547.7419255538152
6,29,4,16832.736578047276,13709.854300142575,3122.8822779047005
5,11,13,12917.111337557437,14089.108260690096,1171.9969231326595
11,26,20,17908.05912846327,14972.99757988335,2935.061548579919
5,19,17,15886.818420350552,16585.05636756475,698.2379472141984
2,8,11,16883.82887196541,15587.247348746467,1296.5815232189416
8,29,22,14698.880140393972,16043.021574042406,1344.141433648434
5,27,5,12635.05855628848,13892.77230702804,1257.71375073956
6,28,19,14052.202668994663,15675.543452929254,1623.340783934591
10,25,21,15140.894387423992,15941.860370427032,800.9659830030396
2,14,3,12906.126137569549,13599.622505977122,693.4963684075738
12,10,18,18437.555938601497,16324.049366697418,2113.5065719040795
6,28,2,12878.314134195449,13908.471016635178,1030.156882439729
3,12,20,18233.875747323036,15810.581222513563,2423.294524809473
5,27,17,15319.46888962388,15935.552819018481,616.083929394601
11,27,20,18515.331613838673,15722.335902615194,2792.995711223479
3,12,18,13273.746884539723,14957.298761320306,1683.5518767805825
5,21,13,16774.08965227008,14873.05840587842,1901.031246391658
2,24,5,13602.264691323042,13924.370488019093,322.1057966960507
1,17,5,15824.892256945372,13567.625173350276,2257.2670835950958
8,22,21,16867.63814881444,16997.73854257442,130.10039375998167
2,3,11,18311.87288182974,15719.731547400881,2592.1413344288576
3,23,4,13118.044613674285,13785.521236194321,667.4766225200365
6,25,4,16426.805838108063,13651.29626224855,2775.5095758595126
9,7,16,16234.03333607316,17443.791433100665,1209.7580970275048
11,15,20,18443.914280295372,16108.020129507648,2335.8941507877244
6,27,2,11934.909334152935,13241.939992351927,1307.0306581989917
12,23,14,17937.668232798576,15808.2513942048,2129.4168385937755
6,12,13,15499.120340049269,16325.826608673027,826.7062686237587
2,7,16,18183.164035260677,16383.9882214859,1799.1758137747765
5,24,2,12533.325499296188,13578.430210578013,1045.104711281825
2,9,5,15967.624806702135,13288.89373283039,2678.731073871746
10,3,16,17196.017543554306,17920.975791771663,724.9582482173573
3,12,16,18598.50023239851,16665.606841547615,1932.8933908508952
7,28,6,14551.649916917086,15233.556122189233,681.9062052721474
5,29,4,12733.108417540789,13772.952343220179,1039.84392567939
2,17,2,13955.407743602991,13187.838019905223,767.5697236977685
4,27,3,13321.617971360683,13680.859156284334,359.2411849236505
2,9,12,18135.218103408813,15658.612140217383,2476.6059631914304
3,16,11,14951.994141727686,15528.126432425262,576.1322906975765
9,12,15,15804.423678904772,17268.874389571083,1464.4507106663114
11,22,21,18986.016223967075,16023.234571769433,2962.781652197642
5,27,2,12058.03781723976,13243.70882831481,1185.67101107505
12,26,14,17990.17294472456,15816.69427394683,2173.4786707777293
8,6,16,16994.623304069042,17820.146261981514,825.5229579124716
9,11,22,19456.246432483196,17075.85469699671,2380.391735486486
3,25,2,12289.018605023624,13554.324923406433,1265.306318382809
10,2,12,14471.165056616068,15851.06274683308,1379.8976902170125
11,16,21,18190.18593454361,16356.401012819526,1833.7849217240837
6,26,2,12351.909346580504,13515.83732699578,1163.9279804152757
12,25,12,17736.09272480011,15513.72684891935,2222.3658758807596
9,2,16,17073.876194655895,18319.090848627904,1245.2146539720088
6,4,22,19286.539733588696,17782.6818970404,1503.8578365482972
2,23,4,13563.923940122128,14688.671307457704,1124.7473673355762
1,22,3,15989.239231407642,13323.574710837604,2665.664520570039
8,21,21,16305.803364008663,16691.757490683565,385.954126674902
12,22,20,17904.231984198093,15651.704681191988,2252.5273030061053
2,19,4,12646.640671029683,13574.953876084448,928.3132050547647
3,4,21,19229.064491391186,16179.89877494331,3049.1657164478747
12,11,18,18434.32345348597,16291.336759510581,2142.9866939753883
7,24,3,12400.960114121435,12895.0732696705,494.1131555490647
2,4,4,15111.957863092422,12834.990094358467,2276.9677687339554
7,6,18,16085.53546333313,16888.5558440817,803.0203807485705
12,13,21,18526.330757558346,15992.979615754593,2533.3511418037524
6,21,4,14485.777267307045,14671.866634825825,186.0893675187799
2,5,21,18478.822002708912,16030.586940776846,2448.235061932066
9,20,20,14612.141106277704,15958.290219922983,1346.1491136452787
2,7,21,18189.9456102252,15890.827322668221,2299.1182875569793
2,14,5,14374.797465592625,14306.398199176385,68.3992664162397
2,14,3,15764.319045633078,13414.135455197516,2350.183590435561
9,2,17,17927.576251864433,18337.080316924526,409.5040650600931
5,14,18,18631.55097782612,16904.860263629005,1726.6907141971133
8,26,2,12533.856796488166,13552.985766816095,1019.128970327929
10,2,15,15051.859968990088,16403.93539975977,1352.0754307696807
3,19,15,17581.72495108843,16131.1106386083,1450.6143124801292
9,8,4,13678.309293270113,14354.28049782947,675.9712045593569
10,7,20,16857.607274234295,16864.74943609476,7.142161860465421
8,22,19,17103.985632896423,15065.153271550353,2038.8323613460707
3,23,13,12706.889075413346,14464.003278649823,1757.114203236477
10,27,20,18305.21926110983,16009.187349327356,2296.031911782473
8,5,15,14998.57317775488,15518.90134039085,520.3281626359694
9,3,16,15222.964321941135,16859.243961522076,1636.27963958094
10,14,21,19066.722543537617,16554.872220441022,2511.8503230965944
12,10,18,18439.13568139076,16332.745648372264,2106.390033018495
7,24,3,12468.348324343562,12923.80775063874,455.45942629517776
3,3,15,17346.585240244865,16007.88380169441,1338.7014385504554
10,11,20,16690.243122279644,15828.088117663976,862.1550046156681
7,11,15,16837.102606534958,17166.34547403192,329.2428674969633
11,21,20,18683.92937594652,15720.107864774463,2963.8215111720583
3,22,2,12006.353324830532,13261.259958329698,1254.9066334991658
4,12,15,18813.84968674183,16106.76751580491,2707.0821709369193
10,14,20,16553.937402546406,16051.285282326306,502.6521202201002
11,6,19,14393.872900784016,15434.167339473417,1040.2944386894014
9,3,16,15834.04016521573,17246.30585342823,1412.2656882125011
8,9,21,19461.85509353876,16892.5546426506,2569.3004508881604
4,21,12,13221.56779976189,15317.90667130065,2096.338871538761
1,25,4,14550.912129461763,13135.244133839178,1415.6679956225853
1,23,4,12498.514357730744,13290.349419365004,791.8350616342595
2,11,6,15673.285342127085,13699.48824629424,1973.7970958328442
6,24,1,13220.4385625422,13853.33134751778,632.8927849755801
2,2,10,17359.184632241726,15529.891001211428,1829.2936310302975
6,23,3,12630.23484531045,13329.437962412487,699.2031171020371
2,9,3,15312.096756607294,13089.477805340483,2222.6189512668116
10,2,16,17350.181082606316,17981.000737731316,630.8196551250003
4,18,16,18318.14510047436,16487.811807400485,1830.3332930738761
8,26,3,13003.148263767362,13971.30108497738,968.1528212100184
12,21,12,17268.945721447468,15272.990500492993,1995.9552209544745
12,10,18,18446.331467211246,16330.71868253044,2115.6127846808067
8,16,21,17012.64598751068,17424.32252949257,411.67654198188757
2,18,15,18073.36863052845,16272.002033116943,1801.3665974115065
11,4,20,15105.193512737753,16382.888070878202,1277.6945581404489
8,16,1,13320.988657936454,12382.34915184639,938.6395060900632
4,12,2,12042.660956904292,12756.596505087862,713.9355481835701
11,13,19,17135.865925073624,15658.373103622576,1477.4928214510473
10,3,16,18174.057958185673,18282.892679633773,108.83472144810003
11,18,19,18953.910371422768,15630.376894090778,3323.53347733199
4,17,14,13189.515261486173,15193.103984334779,2003.5887228486063
2,18,9,15731.132143765688,14025.6084219943,1705.5237217713875
2,27,3,12471.529955849051,13192.725261144173,721.1953052951212
6,6,13,16341.54155868292,15371.052702839517,970.4888558434031
2,13,13,16369.682470083237,15539.944305486291,829.7381645969454
9,9,9,13495.4598069489,14310.815480077257,815.355673128357
11,16,4,15036.468549758196,13183.78489385529,1852.6836559029052
10,2,19,17701.13907009363,18856.50070656596,1155.3616364723275
7,21,20,18925.70138180256,16966.353010162184,1959.3483716403753
7,25,2,12808.903057590129,13918.664801958892,1109.7617443687632
12,20,14,17928.46619004011,15577.213823324917,2351.2523667151945
9,2,17,17817.187828421593,18583.57164407575,766.3838156541569
2,21,19,18201.780557632446,17213.821597480815,987.9589601516309
9,23,5,13976.69777148962,14909.906115767753,933.2083442781332
8,29,4,13170.14680287242,13704.298862273341,534.1520594009216
11,10,17,17818.665863990784,15559.568583255847,2259.097280734937
9,6,15,17473.166437387466,17704.69875459387,231.53231720640179
4,2,22,18676.317738831043,16535.478535996583,2140.8392028344606
2,11,6,13469.35591071844,14497.217133051132,1027.8612223326927
2,25,5,15698.365194290876,13464.21683842576,2234.148355865116
7,28,11,12672.98612190783,13837.070314755494,1164.0841928476639
11,28,20,18603.921883404255,15838.984461849603,2764.9374215546522
9,15,20,17145.086832880974,17146.330692975804,1.24386009482987
4,24,10,17115.793513059616,15251.924401497075,1863.8691115625406
9,18,4,14561.407658398151,14827.058268523944,265.6506101257928
8,28,6,13037.40944814682,13774.930932193676,737.5214840468561
1,12,2,14358.75930327177,12798.627566875792,1560.1317363959788
10,3,17,17846.724753439426,18781.789326581504,935.0645731420773
10,10,22,19700.9982958436,17349.173261790973,2351.8250340526283
3,23,4,13105.540572196243,14695.738796971324,1590.1982247750802
1,26,3,15258.297738283873,13102.55267171516,2155.745066568712
2,25,3,13082.608464837074,13339.311935753658,256.7034709165837
6,24,4,16120.387000709772,13948.492415842944,2171.894584866828
10,3,16,17253.850401461124,17950.87284650871,697.0224450475871
2,12,17,18407.00030094385,16874.576637610215,1532.4236633336368
9,17,4,14277.157303988934,14782.768428360543,505.61112437160955
8,27,3,12652.64672844112,13286.688324791692,634.041596350573
10,2,14,15292.012861520052,16350.105404667614,1058.0925431475625
4,2,21,18629.651349425316,16872.856874737827,1756.7944746874891
3,21,3,13211.974717348814,12779.12279399603,432.85192335278407
12,4,14,15106.051052242516,15000.76703074504,105.2840214974749
12,10,20,16035.420050859451,15400.321861958537,635.0981889009145
8,1,16,16709.5908703506,17392.90699874996,683.3161283993613
5,4,22,19565.012461721897,17313.059725767835,2251.9527359540625
4,27,3,13538.00377306342,14361.049769297844,823.0459962344248
2,16,6,16489.73554009199,13616.087108561145,2873.648431530846
8,7,19,14094.13639178872,15153.284816422285,1059.1484246335658
10,2,16,15993.138554990292,17017.01218983594,1023.8736348456478
6,4,22,19235.689404428005,16903.105614142278,2332.5837902857274
4,18,13,13690.116353213789,15374.258124326867,1684.141771113078
2,20,21,18077.678063869476,16043.969984078482,2033.7080797909948
7,8,9,14903.221018493176,14902.478735610852,0.7422828823237069
9,2,14,14750.580627083778,16588.748110931603,1838.1674838478248
5,3,21,18839.496310591698,16592.49015620887,2247.006154382827
3,15,10,13131.16792088747,14788.078994368041,1656.9110734805708
2,23,9,15678.165238142014,14072.226173005973,1605.9390651360409
3,28,3,12355.1855083853,13188.789516299545,833.604007914244
11,3,12,14893.427597463133,15907.872724008284,1014.4451265451517
3,22,15,16944.33728593588,16046.413810711849,897.92347522403
10,21,6,12980.002899333836,14253.821815797433,1273.818916463597
8,16,20,16432.940669983625,16899.401707256828,466.46103727320224
2,12,13,18037.79160898924,15996.410015220588,2041.3815937686504
9,20,2,13605.073122948408,14208.698082806799,603.6249598583909
12,10,18,18313.321389496326,16086.171475205307,2227.1499142910197
9,6,15,17408.006558537483,17714.00487560407,305.99831706658733
10,12,22,19498.298266887665,16885.907346879423,2612.3909200082417
4,26,4,12929.750920310616,14135.513345437648,1205.7624251270317
1,14,4,15904.539673119783,13480.109285560118,2424.430387559665
9,9,20,14379.039640933275,15317.580390752897,938.5407498196219
2,11,10,17427.193133473396,15363.085646665751,2064.107486807645
10,6,20,15092.699108839037,15745.269909903289,652.570801064252
6,11,1,13767.22149899602,12618.049098864492,1149.172400131527
7,12,14,13587.860406279564,14773.13497890788,1185.2745726283156
5,14,11,14217.755776256325,15168.075793042955,950.3200167866307
8,7,16,14247.792625069618,14746.52743966221,498.73481459259165
9,5,20,16289.64175865054,16824.409450678533,534.7676920279937
11,23,20,17881.757149219513,15580.918331097942,2300.8388181215705
2,22,3,12297.359417289495,13373.474329098064,1076.1149118085686
1,8,3,15183.609779417517,12684.124860620472,2499.484918797045
10,3,16,17958.181922912598,18486.623477911886,528.4415549992882
10,12,22,19714.22761642933,17204.02074070226,2510.206875727068
3,25,2,12483.99831777811,13642.908036631501,1158.9097188533906
1,8,3,15641.323848217726,13291.143868362247,2350.1799798554785
8,7,15,17040.845954716206,17654.654440696508,613.8084859803021
11,15,21,19139.679429113865,16476.621758678994,2663.0576704348714
5,21,13,13159.067482694983,15401.969891396839,2242.902408701855
2,18,21,18107.830153524876,15974.790000883668,2133.040152641208
3,19,2,13289.157783985138,12621.294984961492,667.8627990236455
11,5,9,13961.884196907282,13989.567524691241,27.683327783959612
9,2,17,17412.677708685398,18006.823959048645,594.1462503632465
4,3,22,19511.526767253876,17230.617115176876,2280.909652077
3,18,10,12885.424002021551,14771.784673457145,1886.3606714355938
3,11,21,18622.49903523922,16298.467255608915,2324.0317796303043
10,5,20,15658.333560556172,16397.77227315288,739.4387125967096
9,27,19,13614.791083782911,14697.974356940276,1083.183273157365
7,26,6,15753.294885218143,13961.535860772396,1791.7590244457479
8,11,15,16397.612995177507,17339.078574007486,941.4655788299788
11,19,20,18298.96918839216,15812.64078785727,2486.3284005348887
5,27,2,11935.764823108912,13241.736195739884,1305.9713726309728
3,6,13,17527.460868299007,15504.815656607272,2022.6452116917353
10,4,15,15247.62463182211,16963.98876630636,1716.3641344842508
11,22,21,18154.687654078007,16007.805411268373,2146.8822428096337
9,13,6,13325.39405696094,14257.572701930105,932.1786449691645
8,28,3,13140.532572165132,13410.268937510817,269.73636534568504
1,11,2,14320.136806666853,12627.267474505348,1692.8693321615046
9,7,19,16587.859631210566,16893.187577945202,305.3279467346365
3,7,13,17685.873144447803,15751.111435461611,1934.7617089861924
6,25,1,12486.19917179644,13362.433265112108,876.2340933156684
10,1,12,14690.848140776156,15911.235571678202,1220.3874309020466
11,15,21,18344.49875354767,16456.802662818267,1887.6960907294015
7,27,2,12331.665303632615,13520.483608660375,1188.8183050277603
12,10,18,18180.35068231821,15967.453556491175,2212.897125827036
8,25,2,12176.73075823486,12712.576847614195,535.8460893793344
9,5,21,18516.131327867508,16011.923185177002,2504.208142690506
9,17,14,15512.024033486843,16289.101875670369,777.0778421835257
10,14,15,14786.96597495675,16141.180596619923,1354.2146216631718
11,24,20,17025.161717116833,15620.498967267118,1404.6627498497146
7,25,22,14462.448583811522,16171.054052064032,1708.60546825251
8,13,2,12008.204560279844,13132.324774210101,1124.1202139302568
9,24,3,12428.193862736223,13095.895384341798,667.7015216055752
11,17,3,14569.1230532825,12621.48235374857,1947.6406995339294
9,19,13,15489.377362519504,15901.519515297963,412.1421527784587
10,7,16,15011.958750158548,17061.815711907024,2049.8569617484754
9,9,21,18592.1796208024,16432.459461494553,2159.720159307846
9,16,13,13846.15655452013,15205.07850140442,1358.9219468842894
12,14,8,15509.75325575471,14230.789256609982,1278.9639991447275
11,6,21,16134.69778072834,15850.5551025972,284.1426781311402
3,8,12,15262.489880234005,15425.823706084682,163.33382585067739
9,14,4,12620.233293578029,13406.933049351153,786.6997557731247
9,7,20,17501.37378656864,17340.025431971382,161.34835459725946
5,13,20,17834.96362578869,15462.980539869895,2371.983085918793
2,21,3,12920.65550608933,13707.361702132817,786.7061960434876
11,21,18,19500.304523825645,15709.381997836324,3790.922525989321
10,3,16,16093.975112050772,18196.479827861483,2102.504715810712
2,13,14,18304.355569958687,16173.08956496128,2131.2660049974074
10,5,16,17727.240095555782,18623.793377245656,896.553281689874
2,10,21,18652.09009474516,16425.47529060333,2226.6148041418273
6,18,13,13651.865826159716,15407.174437408334,1755.308611248618
2,12,22,18411.441789627075,16307.191961858902,2104.2498277681734
6,29,3,13793.190469115973,14437.13875568857,643.9482865725968
3,5,21,18254.340224266052,16202.086802696775,2052.2534215692776
1,14,4,13549.892444849014,13835.201301170964,285.30885632194986
3,21,5,16571.18292799592,13835.90019982065,2735.2827281752707
9,4,16,17146.832260012627,18032.819486864257,885.9872268516301
11,18,21,18833.073991775513,16448.332149823877,2384.741841951636
4,28,2,12225.954181984069,13543.77334186128,1317.8191598772119
11,18,11,16451.092127889395,15241.580320238474,1209.5118076509207
2,15,15,16323.9433388412,16016.677285386724,307.2660534544757
10,14,2,12435.577683880923,13682.45271662047,1246.8750327395464
9,17,7,12590.24032650888,13088.488210781128,498.2478842722485
10,20,4,14980.634566813707,13383.561381823834,1597.073184989873
10,3,16,17485.999591946602,17857.942539199372,371.94294725276995
11,16,21,18810.68774050474,16344.418798129025,2466.2689423757165
5,25,5,12742.458920031786,14666.332190024132,1923.8732699923457
1,26,4,15356.467761695383,13383.000049797203,1973.46771189818
4,25,4,12710.67069749534,13260.501357063795,549.8306595684553
12,14,19,18386.201174438,16075.02206466249,2311.1791097755104
2,19,3,12419.439864888787,13323.420095638592,903.9802307498048
11,2,12,14540.680301100016,15831.027081622742,1290.3467805227265
3,22,3,13202.002693518996,12800.239660310846,401.76303320814986
12,3,14,15306.09110930562,15077.516852689014,228.57425661660636
10,28,4,12236.490106731651,13334.954031710795,1098.4639249791435
2,6,13,17178.493553578854,15852.177976796049,1326.3155767828048
9,9,21,16096.165918380022,16820.441960793574,724.2760424135522
12,14,20,19239.628918766975,15864.724491146111,3374.904427620864
5,26,2,11925.005183488129,12972.753174868327,1047.747991380198
11,24,8,16522.3921700418,14166.231099668754,2356.1610703730457
6,8,15,16062.351958692074,16880.334030365164,817.9820716730901
11,5,14,15923.06597134471,15974.470757490128,51.40478614541826
5,3,22,17333.958781003952,16092.250387624474,1241.7083933794784
9,9,16,14299.190040647984,15137.552494070569,838.3624534225855
2,12,8,16103.230469077826,13846.462369349498,2256.768099728328
1,22,5,12408.486858516932,13301.309849546677,892.822991029745
1,15,3,14623.050025850534,12558.563373855286,2064.4866519952484
5,9,14,16270.046714395285,17273.641130194275,1003.5944157989907
5,17,15,18132.14884197712,16002.468975148488,2129.679866828632
5,25,7,14045.94972550869,15151.659931189288,1105.710205680598
2,23,4,15834.339955449104,13230.69295386738,2603.647001581725
1,24,3,12696.50714688003,13187.905479203406,491.39833232337514
3,17,5,15874.011512815952,13798.928695721963,2075.0828170939894
10,8,20,17246.742379128933,17376.1956292074,129.45325007846623
11,10,20,18726.061591863632,15894.512891188184,2831.5487006754483
3,25,2,12259.594050079582,13459.129583586084,1199.5355335065015
4,26,3,12925.951458454132,12899.623635946538,26.327822507593737
8,10,14,15825.707965254784,16909.954309557765,1084.246344302981
11,26,3,14826.90492388606,12841.123137884704,1985.7817860013565
4,28,1,11809.108165770767,12979.786134852382,1170.6779690816147
3,5,20,18467.915543794632,15441.560620856551,3026.3549229380806
8,17,13,15028.624380409718,16134.163369762598,1105.538989352881
11,19,5,13439.1943885386,13121.098037382199,318.0963511564023
7,26,1,11896.696332141755,13011.161703444335,1114.46537130258
2,6,4,14971.071217358112,12538.547463711417,2432.5237536466957
10,2,16,18061.901961684227,18545.130400200185,483.22843851595826
6,3,22,19835.763643324375,17635.839286053553,2199.924357270822
2,15,4,13130.188168674707,14521.984436823215,1391.7962681485078
1,26,6,15748.058603823183,13605.007012111295,2143.0515917118882
4,29,7,12473.682211861014,13489.268861252845,1015.5866493918311
11,3,15,15833.230608552694,16352.879413135011,519.6488045823171
9,9,20,18045.032506883144,16044.966049170267,2000.0664577128773
8,23,3,12698.6376670748,13693.547676244072,994.9100091692726
12,20,15,17921.76499658823,15705.847955749436,2215.9170408387945
10,7,21,15939.237009227276,15937.596547291636,1.6404619356399053
3,10,11,16334.14235842228,15244.42118737821,1089.7211710440697
10,13,19,14834.73637983203,15904.41035778037,1069.6739779483414
10,2,16,15599.472147375343,16630.81127724047,1031.3391298651277
3,2,21,18315.828800559044,16355.866363203773,1959.9624373552706
6,28,2,12368.431848526,13436.472905115419,1068.04105658942
12,11,18,18358.389991283417,16182.880095584129,2175.509895699288
9,26,10,12752.12889802456,13697.008934721038,944.880036696477
7,23,6,16321.978502988815,14154.09425428878,2167.8842487000347
8,16,15,16333.479621052742,17423.005227817433,1089.5256067646915
11,21,20,18061.697727024555,15710.42693700035,2351.270790024206
4,20,11,13140.465929329395,14788.872420274789,1648.4064909453937
2,18,7,15730.71957334876,13737.922126543857,1992.7974468049033
5,28,3,13113.66341112554,13977.542091139881,863.8786800143407
2,6,13,17471.858187258244,16307.950931684243,1163.9072555740004
9,14,2,13453.742211997507,14083.42788169376,629.6856696962532
9,26,14,13086.988232001662,14423.662415552959,1336.6741835512967
11,3,14,15846.436142772436,16063.830875157118,217.39473238468236
5,4,21,18104.569780945774,16424.447737525177,1680.122043420597
8,11,2,13397.356836482882,14018.111774923162,620.7549384402791
9,22,5,12212.96969692409,12907.264177881105,694.2944809570145
11,4,13,15568.042155712845,16132.816156493358,564.7740007805132
4,22,14,17753.94562280178,15959.858451951679,1794.0871708501018
10,14,4,13123.92066629231,13945.021061092448,821.100394800138
12,14,14,17848.532517254353,15652.514869768313,2196.01764748604
9,1,17,17257.55861389637,18141.299117986142,883.740504089772
4,3,22,19000.43650329113,17411.26087481536,1589.1756284757685
4,23,13,12859.627688109877,15392.223804422272,2532.5961163123957
3,9,21,18336.60906201601,16277.379062601118,2059.2299994148925
7,27,5,15477.07160910964,15054.231359146965,422.84024996267544
10,3,17,17642.148062229156,18663.033254444766,1020.88519221561
5,25,7,16891.777619302273,14358.691951646524,2533.0856676557487
2,23,3,12902.672398239374,13832.399811718806,929.7274134794316
2,9,20,18673.41498196125,15792.05508173404,2881.3599002272094
4,19,17,13465.922881931068,15115.777157235792,1649.854275304724
6,8,2,12417.70838148892,12698.744309774684,281.0359282857644
8,18,4,12658.954626634715,13252.835650515903,593.8810238811875
11,16,4,13358.902689933777,13145.010287044208,213.89240288956898
10,3,15,18319.626416921616,18120.085231401627,199.54118551998909
10,12,21,18599.701853990555,16015.178693777438,2584.523160213117
4,27,2,12340.94834306836,13432.98117296956,1092.0328299011999
11,3,11,14573.430025964975,15605.907972769957,1032.477946804982
10,15,20,18360.796515345573,16340.828586334397,2019.9679290111762
8,20,3,12552.142770394685,13659.341609572748,1107.1988391780633
12,19,9,16521.788898587227,14616.295789392938,1905.493109194289
8,1,17,17530.888565659523,18365.037234637148,834.1486689776248
4,3,22,19188.32500821352,17457.564283968168,1730.7607242453523
3,24,3,13430.031921371816,14463.163442329154,1033.1315209573386
2,21,4,16306.366444706917,13600.223990664159,2706.142454042758
7,28,9,13093.467145964503,13648.574661782359,555.1075158178555
11,7,14,15783.261195152998,16005.711166212704,222.4499710597065
8,4,20,17005.87671583891,15552.421229185467,1453.4554866534418
7,29,4,14316.09886598587,14566.372147385166,250.27328139929523
4,16,19,18382.518388807777,15723.360717116739,2659.1576716910386
4,28,3,12576.5947445184,13099.023633289009,522.4288887706098
2,8,2,13057.91575628519,13063.667057177494,5.751300892303334
7,27,4,12822.61610263586,13442.458576432338,619.8424737964779
2,5,20,17689.79297351837,15176.195038286844,2513.597935231528
10,23,20,15253.403078317642,16165.99093811911,912.5878598014679
11,2,16,15545.192070305347,16656.426221917238,1111.2341516118904
8,20,15,17842.34724187851,15560.627125100551,2281.7201167779585
10,5,20,15006.93449550867,16445.41110585002,1438.4766103413494
11,14,21,15999.03470298648,15309.424482205715,689.6102207807653
10,4,14,15612.905292510986,16352.974888905444,740.0695963944581
3,4,20,17492.323484420776,15839.306435347982,1653.0170490727942
7,27,2,12413.466411203146,13531.86140976774,1118.394998564594
2,10,2,14562.022823035715,12600.578157721278,1961.4446653144369
9,4,17,16932.09879052639,18132.249069111695,1200.1502785853045
10,9,22,19834.454572975636,17375.995248652907,2458.459324322728
6,19,13,13113.361980453132,15319.564838846298,2206.202858393166
6,26,7,16247.761350125074,13990.613635795922,2257.147714329152
7,12,19,13468.351141810415,15024.622066828219,1556.2709250178032
3,9,21,17996.25815331936,16107.515213853087,1888.7429394662722
7,13,9,15450.812281280756,15177.289863259793,273.5224180209625
4,7,19,17767.690861463547,15598.67352061987,2169.0173408436767
1,13,12,14398.967694312334,15149.185659815823,750.2179655034888
2,22,7,16592.759622603655,13933.499909155254,2659.2597134484004
9,15,21,16657.88628256321,16817.33062257806,159.44434001485206
3,20,3,13290.88578145206,12758.426680156736,532.4591012953242
11,4,15,14872.066620588304,14950.897667762092,78.83104717378774
9,2,16,17279.154993772507,17703.506953497894,424.35195972538713
7,5,22,19869.4369353652,17444.859883572175,2424.577051793025
6,28,3,12830.738531455396,13901.242269183638,1070.5037377282424
5,23,10,15979.639382183552,14944.232422904304,1035.4069592792475
2,18,11,15727.03268662095,15373.858357710122,353.174328910829
11,8,21,15082.652239978312,16144.866534928715,1062.2142949504032
12,14,13,16210.941285908222,14896.734395871312,1314.2068900369104
11,9,22,15476.153373360634,15717.901786242608,241.74841288197422
4,5,12,15549.388313353062,15359.541719311097,189.84659404196464
9,9,21,15253.799654453993,15600.11440108523,346.31474663123663
10,25,11,15035.333365947008,15302.265571917622,266.9322059706137
5,16,16,18680.373724341393,15660.792370915744,3019.5813534256486
9,7,20,14805.166235923769,16002.51610046624,1197.3498645424716
4,16,2,12556.528689205648,12452.843513887441,103.68517531820726
11,11,20,17025.752275168896,16012.321543593465,1013.4307315754304
8,25,21,14610.788974404337,16006.606115597355,1395.817141193018
12,23,5,14051.985310822723,13152.228202946648,899.7571078760757
6,28,3,12334.326710909603,13226.912790125843,892.5860792162403
11,25,20,18895.988109588623,15728.556549653153,3167.4315599354704
8,18,9,12924.08976520598,14237.711195946295,1313.6214307403152
8,8,5,13274.067385315897,13045.435682088571,228.6317032273255
7,9,16,15612.639951497316,16349.87131338406,737.2313618867429
11,10,17,17836.194775283337,15576.440998016873,2259.7537772664637
8,25,3,12108.049266889691,12787.882424711908,679.8331578222169
2,4,4,15196.871908783913,12844.818027837078,2352.0538809468344
10,2,16,17904.231984198093,18214.350984981487,310.11900078339386
10,9,21,19680.096641898155,17120.55111372058,2559.5455281775758
5,27,3,12921.430203422904,14150.093648979087,1228.6634455561834
3,19,4,15980.202462881804,13664.854708411618,2315.3477544701855
7,28,5,13864.2419847548,14353.264116544173,489.022131789372
10,6,18,19258.601416409016,16209.174785595333,3049.426630813683
5,28,16,15525.24064067006,15832.952233027494,307.7115923574347
11,27,19,18471.55731844902,15530.118117412409,2941.439201036612
2,15,20,13018.796821817754,15152.932639596962,2134.135817779208
11,28,20,18499.668701946735,16062.996455778879,2436.6722461678564
8,5,17,15208.487857580183,15744.026273202693,535.53841562251
12,15,8,15288.43506398797,13989.490223800014,1298.9448401879563
11,4,20,16844.432088136673,15727.36737217693,1117.064715959743
10,2,17,17335.499973475933,17771.79333314301,436.2933596670773
9,21,15,18110.905156493187,15624.41896983006,2486.4861866631272
8,24,1,13682.162274450064,14260.903141443858,578.740866993794
11,13,16,14204.87873995304,14474.192463072548,269.3137231195087
2,5,21,17442.551743924618,15823.172212243528,1619.3795316810902
9,16,13,16411.544833779335,16869.601371943543,458.0565381642082
8,26,11,17088.19312632084,14898.872610706683,2189.3205156141557
6,27,9,13936.512756705284,15157.17783382725,1220.6650771219665
4,27,3,12816.800541207194,12944.668943401826,127.86840219463193
11,4,17,15709.771577000618,17761.77974406481,2052.008167064192
6,24,11,17051.764716923237,15280.40680905705,1771.357907866186
5,26,12,13991.914073854685,15883.945825677818,1892.0317518231332
2,27,3,14651.509182423351,13087.365878289032,1564.143304134319
2,25,3,12969.010317370296,13275.093922605107,306.08360523481133
2,9,5,15521.383558392525,13400.49163301492,2120.891925377604
9,8,21,16692.606174707413,17172.238514013217,479.63233930580463
2,4,13,17492.229979395866,15889.765785076292,1602.4641943195747
10,6,12,13719.63851428032,14732.104039376034,1012.4655250957148
12,10,13,17132.722023665905,14994.563144723048,2138.158878942857
9,1,18,17828.763586461544,18209.302649711073,380.53906324952914
5,4,22,19245.46806150675,17326.689347016934,1918.7787144898139
6,27,1,12468.528567582369,13590.88277829349,1122.3542107111207
11,3,15,15004.33480975032,16327.849197644515,1323.5143878941944
2,18,15,17280.34677273035,16127.674877051784,1152.6718956785662
6,27,1,13222.554523840548,14323.262806271005,1100.7082824304562
7,27,4,13929.132011383772,13019.959596068085,909.1724153156865
6,24,13,13296.10135230422,14795.937547480904,1499.8361951766838
2,6,3,14254.194438397884,12555.204469953926,1698.9899684439588
10,2,16,17041.04444783926,17893.219345589794,852.174897750534
3,13,16,18447.65694195032,16614.126073573378,1833.5308683769435
11,4,19,15435.881005197763,16583.178604431356,1147.2975992335923
10,4,17,15026.460231214762,16836.77158226679,1810.311351052027
5,13,4,14156.481277257204,13021.349029383104,1135.1322478741004
8,27,2,13790.311498612164,14248.789007652776,458.47750904061286
2,22,8,17417.0839279294,15032.383464422526,2384.700463506875
7,16,20,15164.502355664968,16127.487730182213,962.985374517244
10,2,16,15364.291425555944,16565.909852753804,1201.61842719786
4,3,21,18193.303588926792,16139.392130758844,2053.911458167948
6,27,2,12208.502371326089,13357.435130628444,1148.9327593023554
10,2,13,14687.939232259989,15988.33177765937,1300.3925453993816
11,17,21,18184.05233299732,16352.983695006511,1831.0686379908075
5,17,11,12699.825960099695,15119.19652510641,2419.370565006715
3,10,21,18362.12116986513,16143.974593066281,2218.14657679885
5,29,2,14929.021023392675,14829.393044210829,99.62797918184697
9,26,3,14263.470711022615,13051.965755128189,1211.5049558944265
6,28,6,13058.271731555462,13692.912830248097,634.6410986926348
3,15,4,15316.452532351015,12784.429426849023,2532.023105501992
9,5,16,17259.735476493835,18117.10761954424,857.3721430504047
2,16,16,18208.65563762188,16538.184751847915,1670.4708857739643
8,18,2,14227.324457138777,14447.159070616384,219.8346134776075
10,12,8,13002.753738179805,13276.716693255941,273.9629550761365
4,2,2,13179.037162214518,12770.038803357947,408.9983588565701
10,1,17,17636.016101121902,18169.171183449325,533.1550823274229
4,16,16,18548.41516804695,16815.350762304297,1733.0644057426543
9,10,4,14664.636795789003,14834.471908162903,169.8351123738994
9,24,3,12026.174339562654,12666.317303216896,640.1429636542416
10,5,16,17730.197807133198,18621.844820430797,891.6470132975992
2,8,22,18810.646729528904,16704.049420232528,2106.597309296376
10,7,16,14747.11848050356,15905.017997318784,1157.899516815225
12,15,7,14363.97753983736,13626.213978723723,737.7635611136375
8,1,16,16840.9477956295,17468.150873491304,627.2030778618027
5,4,22,19455.728053748608,17239.11501075475,2216.6130429938567
3,19,9,12655.098364576696,14710.047489932467,2054.9491253557717
2,26,21,17872.496050655842,16025.08549014331,1847.4105605125314
6,23,9,15270.728165060282,15058.724513046604,212.00365201367822
2,19,1,14256.723585277796,12920.805841240934,1335.9177440368621
9,2,18,18757.84099704027,18938.140302397158,180.29930535688618
2,15,17,18690.979162693024,17084.621323785042,1606.3578389079812
9,18,4,14077.373565524817,14627.845440624042,550.4718750992251
8,18,21,16076.164865463972,16899.986009135562,823.8211436715901
11,26,20,18827.60886913538,15714.927442542,3112.681426593379
5,27,4,12251.317214936018,13281.007408494424,1029.6901935584065
1,12,2,14543.715933531525,12667.696206954664,1876.0197265768602
9,2,17,18111.959958791733,18701.435465594237,589.4755068025042
10,10,22,19731.919751405716,17356.34043830484,2375.579313100876
5,26,2,12257.084383413196,13505.72285595538,1248.638472542185
12,22,15,18281.5231192708,16105.217324297515,2176.3057949732865
6,12,13,15482.471114188433,16373.91692809076,891.4458139023282
2,9,17,18341.087460577488,16508.833448300826,1832.2540122766623
3,21,3,13125.65173958242,13951.30951273566,825.6577731532398
3,21,3,13186.33978162706,12773.996442905374,412.34333872168645
8,22,21,16350.812909990547,16826.22352311677,475.4106131262215
10,22,13,15473.511446297169,15827.273868772882,353.7624224757128
10,23,10,13669.374642074108,13991.619352332173,322.2447102580645
7,26,3,13204.512360185385,13797.315189076966,592.8028288915812
2,7,5,15459.267104059458,13337.926930370428,2121.34017368903
10,3,16,17096.225536048412,17932.638821879445,836.4132858310331
2,10,17,18455.582723140717,16842.96772063695,1612.6150025037678
7,28,1,14089.084659785032,14315.484020955126,226.39936117009347
7,7,1,12847.768749281764,12634.357178708442,213.41157057332202
10,5,18,17529.736157238483,18420.157092207435,890.4209349689518
11,25,20,18433.502413749695,16054.450499989513,2379.0519137601823
5,24,6,12876.518263563514,14776.200039403962,1899.6817758404486
2,15,21,17893.850465774536,16011.473198587806,1882.37726718673
8,7,16,15193.331021130083,15799.229056555072,605.8980354249888
9,2,14,15653.45735552907,17054.241758783417,1400.7844032543471
4,3,21,18938.157235383987,16534.28015384931,2403.877081534676
3,25,2,12335.637831807137,13380.627814472124,1044.989982664987
11,14,10,16132.34785181284,15139.35803494806,992.9898168647796
3,19,14,16849.205765724182,15740.447757666174,1108.7580080580083
10,4,10,13462.208107739689,14616.495598909929,1154.2874911702402
12,11,9,16039.270981490612,14325.021046665408,1714.249934825204
8,1,17,17678.638808310032,17869.30751283952,190.66870452948933
4,3,22,19262.052900135517,17272.502060796178,1989.5508393393393
10,4,16,17740.667089045048,18618.320675138704,877.6535860936565
4,11,22,18904.049226999283,16973.73600800438,1930.3132189949029
8,20,4,13473.233088374138,14312.910350782106,839.6772624079676
8,29,3,12850.25339925289,13456.622102580144,606.3687033272545
10,2,13,15129.44781395793,16262.04446967497,1132.5966557170395
3,21,14,17492.187327980995,15976.716193585447,1515.4711343955478
10,9,4,13700.73901617527,14358.065995349301,657.3269791740313
8,26,3,12322.350890800357,12845.137796018278,522.7869052179212
10,2,14,15582.357446938751,16403.965323426684,821.607876487933
4,2,21,18864.370287656784,16965.21416685205,1899.156120804735
3,24,3,13480.679861366749,14299.204208641846,818.5243472750972
1,24,3,15768.931960195305,13287.73173186159,2481.200228333715
6,27,6,12595.29144334793,13198.088364928964,602.7969215810335
11,13,13,15881.424656808376,15737.632184210279,143.79247259809745
11,13,20,16806.526873499155,15472.081117668858,1334.4457558302965
8,27,2,12356.385079428554,13509.477214061313,1153.0921346327596
11,15,20,19281.726685464386,15834.795069567614,3446.931615896772
3,16,11,15071.507097184658,15531.297163968336,459.7900667836784
9,16,2,11903.60668157041,12857.621859337876,954.0151777674655
9,11,7,12946.096254840491,13446.01244860081,499.9161937603185
3,4,12,16206.806969434025,15517.329648373632,689.4773210603926
8,22,14,14820.453077167273,16539.78098994523,1719.327912777957
11,26,3,13484.443438619375,12963.634322995047,520.8091156243281
7,28,2,12253.300710782409,13345.499369309977,1092.198658527568
4,29,3,12536.859825193882,13339.113189731359,802.253364537477
12,20,17,17452.415703833103,15919.983179053377,1532.432524779726
8,25,13,15869.002842336891,16555.963970800498,686.9611284636067
4,17,16,17852.234167933464,16026.343912297945,1825.8902556355188
8,24,2,12002.44436366856,13103.248959705517,1100.8045960369582
2,8,2,14342.584984511135,12927.914159307198,1414.670825203937
5,6,14,15218.417024940252,16226.206129908618,1007.7891049683658
3,22,14,16087.15047556162,15765.077450719851,322.07302484176944
10,19,4,12836.397430956364,13863.34113698355,1026.9437060271866
8,22,3,12295.142774045467,12947.948760010617,652.8059859651494
11,5,15,15661.17972227931,16132.965054311328,471.7853320320173
4,6,16,16112.127390176058,16173.66158676174,61.534196585682366
10,18,5,12382.988899454474,13455.028816239686,1072.039916785212
7,28,3,13035.861898973584,13461.993107456403,426.1312084828187
10,2,11,14741.903524816036,15760.559288243241,1018.6557634272049
7,5,21,18928.49586969614,17066.158225374893,1862.3376443212474
8,25,2,12279.091898322104,13395.664520997387,1116.5726226752831
10,2,15,14921.549233704804,16474.178319192353,1552.6290854875497
11,18,21,18476.852655649185,16451.715187179238,2025.1374684699476
5,21,9,12839.973793104293,14914.929169939516,2074.9553768352234
2,11,21,18100.28823506832,16078.907145779904,2021.3810892884176
9,24,8,14571.60954874754,15149.680675122754,578.0711263752146
9,28,11,14031.37893590331,14660.497141189713,629.1182052864024
1,10,5,14718.805323004724,12563.541565740232,2155.2637572644926
4,28,3,12597.822845831512,13382.320501080245,784.4976552487333
12,21,14,16956.762791395187,15226.410454003173,1730.3523373920143
9,18,19,13236.591555595398,14990.391566825514,1753.800011230116
11,3,15,15589.302655696869,16205.525794649091,616.2231389522221
5,3,21,17937.617379188538,16100.45372445853,1837.1636547300077
8,27,2,12743.356035128236,13597.779533270776,854.4234981425398
12,25,15,18090.717093527317,16010.85851531328,2079.8585782140362
6,16,13,15294.793405681849,16248.182435461933,953.3890297800845
2,5,15,16359.69014582038,16261.26321660254,98.42692921783964
7,14,20,13374.831558004022,15209.035400796321,1834.2038427922998
7,25,14,14812.487515330316,15286.596814527233,474.10929919691625
2,13,3,15499.926205724478,13188.73131497576,2311.1948907487185
10,9,20,16235.914099425076,16592.2212799026,356.3071804775227
2,6,12,17427.367840230465,15573.925542337358,1853.442297893107
10,5,13,13517.874765902758,14663.789099158139,1145.9143332553813
10,2,16,15130.352926194668,16874.496956649087,1744.1440304544194
8,10,22,19123.48255431652,16849.103267889535,2274.3792864269853
4,20,10,13052.140180557964,14887.328430961747,1835.1882504037821
1,25,4,14467.461355388165,13170.979988950152,1296.4813664380126
1,23,3,12385.495900407434,13161.88939123309,776.393490825656
7,14,19,18923.88459557295,15886.947447180359,3036.9371483925897
10,2,16,17190.349826693535,17821.967849209846,631.6180225163116
8,5,21,18835.935737669468,16244.01890760737,2591.9168300620986
3,22,3,13191.619534656404,14099.745406321734,908.1258716653301
12,10,18,18428.06025725603,16335.32019030452,2092.740066951512
7,25,4,12362.439734846354,12911.26426450749,548.8245296611367
8,20,4,16181.914127320051,13935.210803318922,2246.7033240011297
9,5,17,16547.07298541069,17838.687595680392,1291.614610269702
11,18,21,18410.55595254898,16175.298946069992,2235.257006478989
5,27,2,11984.677793771029,13297.627637335814,1312.9498435647856
3,10,13,17634.410111308098,15523.310398675681,2111.0997126324164
10,3,15,15537.785488069056,16953.24570046283,1415.4602123937748
11,15,20,18375.98452013731,15661.797304881184,2714.1872152561264
5,20,16,13623.518219441175,15343.410590636566,1719.8923711953903
4,24,6,16028.936625689268,13763.236122909231,2265.700502780037
2,25,3,12519.90199173987,13188.62045171739,668.718459977521
11,3,11,14698.627512782812,15732.651309174702,1034.0237963918898
5,27,13,17112.821857750416,15665.040147981617,1447.7817097687985
5,22,12,13323.623408079147,15529.075593837828,2205.4521857586806
2,28,3,14792.785022318363,13083.466928827876,1709.3180934904867
